feature_0,feature_1,feature_2,feature_3,feature_4,feature_5,feature_6,feature_7,feature_8,feature_9,feature_10,feature_11,feature_12,feature_13,feature_14,feature_15,feature_16,feature_17,feature_18,feature_19,feature_20,feature_21,feature_22,feature_23,feature_24,feature_25,feature_26,feature_27,feature_28,feature_29,feature_30,feature_31,feature_32,feature_33,feature_34,feature_35,feature_36,feature_37,feature_38,feature_39,feature_40,feature_41,feature_42,feature_43,feature_44,feature_45,feature_46,feature_47,feature_48,feature_49,feature_50,feature_51,feature_52,feature_53,feature_54,feature_55,feature_56,feature_57,feature_58,feature_59,feature_60,feature_61,feature_62,feature_63,feature_64,feature_65,feature_66,feature_67,feature_68,feature_69,feature_70,feature_71,feature_72,feature_73,feature_74,feature_75,feature_76,feature_77,feature_78,feature_79,feature_80,feature_81,feature_82,feature_83,feature_84,feature_85,feature_86,feature_87,feature_88,feature_89,feature_90,feature_91,feature_92,feature_93,feature_94,feature_95,feature_96,feature_97,feature_98,feature_99,target
0.0,0.0,0.031395196275534325,0.06433104624598394,0.0,0.0,0.0,0.0,0.0,0.0,0.0,0.05018822331147818,0.0,0.0,0.015497569395325591,0.0422240737629849,0.0,0.0,0.0,0.03576465360097467,0.061983516108957325,0.0,0.13842131042024963,0.0,0.0,0.0,0.0,0.0,0.0,0.0,2.6443408538894513,0.0,0.08038478741460452,0.0,0.0,0.0,0.0,0.0,0.007195501404203766,0.0,0.3816156248464539,0.02786177535450958,0.5218548027102057,0.028710585954140094,0.0,0.29760229865200793,0.0,0.0,0.0,0.0,0.6360793382774198,0.0,0.012926174444270048,0.0,0.0,0.0,0.0,0.0,0.0,0.0,0.05686094304675096,0.0,0.4557546221861902,0.0,0.0,0.0,0.0,0.013497991748977312,0.0,0.0,0.31579806304335706,0.0,0.0,0.0,4.190915061238698,0.7538612207466255,1.1184261774415603,1.8881490040158464,3.945607703181372,4.801639819171042,6.068234411097027,0.0,1.7687136570304849,0.07244885006969244,0.18459768415576083,0.513490745588118,0.0966666685801791,3.8189323440104967,2.878058271834312,0.0,3.1416126261103563,0.4915965944104484,0.0,2.59741198755465,0.0,0.0,0.0,0.02687086472474519,0.4915965944104484,8.126694149407035,5.0
0.0,0.0,0.1826922975161903,0.011209361420303354,0.0,0.0,0.1676148407551113,0.0,0.0,0.0,0.0,0.05130248870063107,0.0,0.0,0.0,0.043204498565167566,0.0,0.0,0.0,0.10688428869154283,0.029134804053022843,0.0,0.12008647067252551,0.0,0.0,0.0,0.0,0.0,0.0,0.0,1.4776255242998608,0.0,0.16001660784590455,0.0,0.0,0.0,0.0,0.0,0.0,0.0,0.1191569418736321,0.02856915219677092,0.0,0.043764442310170244,0.0,0.3038099670212855,0.0,0.0,0.0,0.0,0.4077334309879327,0.0,0.01321211142685117,0.0,0.0,0.0,0.0,0.0,0.0,0.0,0.05172011644732764,0.0,1.0135694529789439,0.0,0.0,0.0,0.0,0.0,0.0,0.0,0.14834844991564902,0.0,0.0,0.0,4.2727249507262615,0.7605190371529964,1.0071955014042038,1.8274532245740027,3.355960643954401,4.447737871053567,6.312060657017974,0.0,1.161823202945348,6.275081564947312,0.18852752677440168,2.0068365773966583,0.011352507229905218,3.7480747450682808,2.777766867447077,0.0,2.5214025708353707,0.34073316058773173,0.0,2.1666190478679828,0.0,0.0,0.0,0.0,5.684016393992845,0.4031586297428644,4.0
0.0,0.0,0.25302109571151316,0.04236417524800773,0.0,0.0,0.0184917490398792,0.0,0.005471851210059492,0.0,0.0,0.0,0.0,0.0,0.0,0.08161232285788984,0.0,0.0,0.0,0.02800327847275247,0.013497991748977312,0.0,0.14795788138710142,0.06887714085030783,0.0,0.0,0.0,0.0,0.0,0.0,1.6990629523093366,0.0,0.13211615953372519,0.0,0.0,0.0,0.0,0.0,0.0,0.0,0.16169423543613154,0.0,0.2791741084890467,0.016924144257821412,0.0,0.1534162422552479,0.0,0.0,0.0,0.0,0.11769504266975457,0.0,0.0,0.0,0.0,0.0,0.0,0.0,0.0,0.0,0.022474346574899225,0.0,0.7927720775181191,0.0,0.0,0.0,0.03435659664664159,0.0,0.0,0.0,0.19874558184482394,0.0,0.0,0.0,4.42201765699418,1.012139555403256,0.9072752629993827,1.5222566676267006,3.140206044129758,4.710734813647549,6.100025205117726,0.0,2.0596321598820997,1.360195694732358,0.4761224198801521,0.14182512970002847,0.06805164299778978,4.231463129906232,3.058558944972267,0.0,3.533874777258547,1.4679576225197832,0.0,2.0980489318553173,0.0,0.0,0.0,0.021053252054075176,1.9378716516797507,3.5840003832857725,2.0
0.0,0.007482576331206196,1.4935448661999702,0.03491998434915955,0.0,0.0,0.29783703588664373,0.0,0.0,0.0,0.0,0.05380644369579382,0.0,0.0,0.0,0.0675010485665715,0.0,0.0,0.0,0.1649149695524513,0.01535483429346404,0.0,0.10688428869154283,0.0,0.0,0.0,0.0,0.0,0.0,0.0,1.3365119155127623,0.0,0.5170236720645808,0.0,0.0,0.0,0.0,0.0,0.0038900274333718426,0.0,0.171847313573341,0.04474382122439775,0.4651908879259823,0.015497569395325591,0.10567807789453719,0.20651820166511536,0.0,0.0,0.0,0.0,0.14208662961752688,0.0,0.0,0.0,0.0,0.0,0.0,0.0,0.0,0.0,0.04432416881220142,0.0,1.0496307677246008,0.0,0.0,0.0,0.04684025420297235,0.0,0.0,0.0,1.0615688492680029,0.0,0.0,0.0,3.948030758203442,1.1453513855726198,0.8090851181964865,1.8561092527171001,3.398323004854241,3.9128318667351567,5.820268330136448,0.0,1.6180976687353115,0.5205479681065772,1.1556844783054887,0.11450029316519267,0.049909522443058005,4.554785290394064,2.919111216431133,0.0,3.2375178303410532,1.1208827332486524,0.0,1.5493734556993093,0.0,0.0,0.005471851210059492,0.007195501404203766,0.7376002403722687,5.285631552152996,4.0
0.0,0.0,0.2877086862454172,0.030547964162966627,0.0,0.0,0.13776580809587857,0.0,0.0,0.0,0.0,0.026729250487489024,0.0,0.0,0.0,0.08787013294105718,0.0,0.0,0.0,0.0,0.0,0.0,0.14352403252161328,0.0,0.0,0.0,0.0,0.0,0.0,0.0,2.2991567216516553,0.0,0.6961719126152048,0.0,0.0,0.0,0.0,0.0,0.0,0.0,0.016924144257821412,0.0,0.7576206887786192,0.010206942869257081,0.0,0.7535189646413754,0.0,0.0,0.0,0.0,0.2826177214813483,0.0,0.0,0.0,0.0,0.0,0.0,0.0,0.0,0.0,0.009060468156383597,0.0,0.8853400782246658,0.0,0.0,0.0,0.11982095212187471,0.018918982163051733,0.0,0.0,0.2856981259581251,0.0,0.0,0.0,4.950011083864304,1.5608616617648334,1.001369909684724,1.7278333458177983,3.433547052225068,4.734904675664536,5.976141348248349,0.0,2.1373395718160246,6.910982042416276,0.5366497540200345,0.39835037034596477,0.08732705179747538,3.9301222872795267,3.3233268307997266,0.0,3.215740713464018,2.4954137584889122,0.0,3.4511319675335366,0.0,0.0,0.0,0.018918982163051733,5.09100158694682,1.552967210879845,0.0
0.0,0.0,0.22502808325404902,0.012926174444270048,0.0,0.0,0.0,0.0,0.0,0.0,0.0,0.07340895518534003,0.0,0.0,0.0,0.0978804340519131,0.0,0.0,0.0,0.0,0.03365205248999707,0.0,0.07052672087668244,0.05227676545235779,0.0,0.0,0.0,0.0,0.0,0.0,2.99886343007213,0.0,0.02644598030380087,0.0,0.0,0.0,0.0,0.0,0.0,0.0,0.30847737659496083,0.0,0.0,0.033792988849303096,0.0,0.0,0.0,0.0,0.0,0.0,0.3371972813408009,0.0,0.015212085068503288,0.0,0.0,0.0,0.0,0.0,0.0,0.0,0.015069321717648201,0.0,1.0162110331559169,0.0,0.0,0.0,0.0,0.0,0.0,0.0,0.2479275134435855,0.0,0.0,0.0,3.6759401014580524,0.15289728719897241,1.0202710529837382,1.633803170792354,3.645459575342947,4.6265559493803385,6.62234325835581,0.0,3.2305412014629242,2.551934307784101,0.3006509076426647,0.20000206602186751,0.05158092063064492,3.866927754498927,2.8316340698495424,0.0,2.4824869188425684,1.4152719181769686,0.0,2.472305798450038,0.0,0.0,0.0,0.01592568999025421,1.1210154009613658,5.686755427476615,5.0
0.0,0.0,0.13697881196350373,0.05769286716834593,0.0,0.0,0.0,0.0,0.0,0.0,0.0,0.025454096427749127,0.0,0.0,0.0,0.05644480101966811,0.0,0.0,0.0,0.07107616201095888,0.01535483429346404,0.0,0.11356715704707816,0.02998286621571431,0.0,0.0,0.0,0.0,0.0,0.0,2.2057365666156614,0.0,0.14847861593196765,0.0,0.0,0.0,0.0,0.0,0.004753055399819502,0.0,0.10969486482592981,0.0,0.10178452416693216,0.00963381939726868,0.0,0.10688428869154283,0.0,0.0,0.0,0.0,0.31799861786143496,0.0,0.0,0.0,0.0,0.0,0.0,0.0,0.0,0.0,0.0172092900322231,0.0,1.0830431287018032,0.0,0.0,0.0,0.0,0.009060468156383597,0.0,0.0,0.40021000708183085,0.0,0.0,0.0,4.24919500950361,0.509543837960336,0.8514392346735887,1.5791318643526215,2.9400539620969552,4.490435352816994,5.900492503811434,0.0,0.9635481064389871,2.672538490086599,0.1712068274181424,0.19345636574958547,0.03674947642786828,4.245526086266341,2.490878146326293,0.0,2.9476661567960103,2.3105146296187806,0.0,2.11696353718266,0.0,0.0,0.006908369342177494,0.062259894470126094,2.9775180630258493,3.3520805137298626,5.0
0.0,0.0,0.09963185001446039,0.10447085776291738,0.0,0.0,0.008200013832136126,0.0,0.0,0.0,0.0,0.05213762333517526,0.0,0.0,0.0,0.022190239634065988,0.0,0.0,0.0,0.07340895518534003,0.017921907997262315,0.0,0.08882003329858511,0.02318436924826338,0.0,0.0,0.0,0.0,0.0,0.0,1.5420103555366091,0.0,0.3885753065984274,0.0,0.0,0.0,0.0,0.0,0.0,0.0,0.04963076772460043,0.028993411879548688,0.040261223064434574,0.007482576331206196,0.0,0.04236417524800773,0.0,0.0,0.0,0.0,0.3227357779800957,0.0,0.01335505866906758,0.0,0.0,0.0,0.0,0.0,0.0,0.0,0.04614178164472063,0.0,0.7886021947351414,0.0,0.0,0.0,0.08949815083910263,0.007051942516490025,0.0,0.0,0.25845862271790077,0.0,0.0,0.0,4.242404340861532,1.053389419544635,0.9357614563944351,2.0837920324938866,2.703189314514104,4.191783712250461,5.430850596946136,0.0,1.3219858015348724,1.6728326336622135,0.2573727556068014,0.28238049463860565,0.022900402110078828,3.925781099499164,2.4957463211156217,0.0,3.552487740693924,2.507667804290145,0.0,1.6398341254659463,0.0,0.0,0.010636636108736996,0.02786177535450958,3.9295827196213944,2.274023056300495,3.0
0.0,0.03717133764464353,0.1426094872986651,0.0675010485665715,0.0,0.0,1.8122517652724515,0.0,0.0,0.0,0.0,0.04530316795657215,0.0,0.0,0.0,0.0,0.0,0.0,0.0,0.0,0.015497569395325591,0.0,0.13776580809587857,0.0,0.0,0.0,0.0,0.0,0.0,0.0,2.8741871090518396,0.0,0.11689701828826238,0.0,0.0,0.0,0.0,0.0,0.0,0.0,0.14535138557262012,0.07409435357387338,0.37206058233216077,0.06377902977057126,0.11769504266975457,0.14156358237500305,0.0,0.0,0.0,0.006621180122379962,0.15561972102644722,0.0,0.045862297908687955,0.0,0.0,0.0,0.0,0.03520159571856608,0.0,0.0,0.028710585954140094,0.0,0.7916057247045515,0.0,0.0,0.0,0.0,0.0,0.0,0.0,0.6021717907533792,0.0,0.0,0.0,3.5742710844417087,1.1188248221086143,1.1635631368738988,1.677305269716603,3.5094424930801784,4.28286973226795,6.271244506087374,0.0,1.3315905758662372,0.7385516865202323,0.2251515118412731,0.08311122693130706,0.07792657868506905,3.6604494943128776,2.8412687025433447,0.0,3.0314834210143413,0.21884315120187353,0.0,2.1166974432010157,0.0,0.0,0.009203827329839744,0.024177814301165258,3.8811164085119016,5.855194900174803,3.0
0.030547964162966627,0.0,0.14339341869318775,0.01378381543309969,0.0,0.0,0.029700234215419886,0.0,0.008917094736053047,0.0,0.0,0.008056554871058458,0.0,0.0,0.0,0.05338941954463493,0.0,0.0,0.0,0.045163351603224475,0.0,0.0,0.16040392586001362,0.0,0.0,0.0,0.0,0.0,0.0,0.0,1.1375035237499351,0.0,0.26879367512247887,0.0,0.0,0.0,0.0,0.0,0.0,0.0,0.07491640205246167,0.0,0.04893364519792244,0.009203827329839744,0.0,0.14912926990993294,0.0,0.0,0.0,0.0,0.10097764772482092,0.0,0.0,0.0,0.0,0.0,0.0,0.0,0.0,0.0,0.016211033155917154,0.0,0.9503190977516363,0.0,0.0,0.0,0.0,0.0,0.0,0.0,0.0475383887633606,0.0,0.0,0.0,4.467318612706135,1.04271436944855,0.8359240742543751,1.6123053125340479,2.810031728010939,4.659707681296674,5.49045781662959,0.0,2.102422981460753,1.99891757275836,0.13395801010054917,0.16066208011334426,0.034779158048019,3.5914161273938277,2.9700621632005126,0.0,3.1703897949649966,0.23572705983805847,0.0,0.9477035560530767,0.0,0.0,0.0,0.0506061736907874,4.633901956665556,0.7477740717427049,3.0
0.03773362744651491,0.0,0.04893364519792244,0.12366619645381971,0.0,0.0,2.833477096888442,0.0,0.01106620140620535,0.11396714643300218,0.0,0.10621429609096804,0.0,0.0,0.0,0.03322916078511099,0.0,0.0,0.0,0.02814476771337868,0.031395196275534325,0.0,0.07601173856964127,0.0,0.0,0.0,0.0,0.0,0.0,0.0,0.6890307271848729,0.0,0.3025237777356443,0.0,0.0,0.0,0.0,0.0,0.016924144257821412,0.0,0.11009592910342043,0.0,0.11849262586940461,0.022616379067348553,0.10312831621722547,0.12432813500220177,0.0,0.0,0.07272323102162045,0.0,0.07970237169737819,0.04208395867125249,0.0,0.0,0.0,0.0,0.0,0.06087747289933462,0.0,0.0,0.0,0.0,0.7916057247045515,0.0,0.0,0.0,0.06805164299778978,0.0,0.0,0.0,0.36255404935075364,0.0,0.0,0.0,4.00221644017327,1.0807940819582422,1.625925048499654,1.9155209007519585,3.4008794362821844,4.290704540257034,5.398080113366369,0.0,2.2725607392284384,0.40424918466733795,0.019203733973092663,0.07286040193124495,0.05561215668669251,3.319921353772125,2.509037042352887,0.0,3.7680148974294068,0.35038409009431953,0.0,0.6469920835672736,0.0,0.0,0.008056554871058458,0.08270258933024935,0.16504364948304445,3.9299424538145726,3.0
0.04236417524800773,0.02446153014099581,0.34766565630097057,0.038295698181544525,0.0,0.0,0.0,0.0,0.0,0.0,0.0,0.08773438181972541,0.0,0.0,0.0,0.0,0.0,0.0,0.0,0.0,0.030265442857669595,0.0,0.14182512970002847,0.0,0.0,0.0,0.0,0.0,0.0,0.0,0.9412565838532794,0.0,0.02644598030380087,0.0,0.0,0.0,0.0,0.0,0.0,0.0,0.7528342087503173,0.0,0.25447310795273254,0.0,0.0,0.26651671275450495,0.0,0.0,0.0,0.0,0.10393399105623309,0.0,0.0,0.0,0.0,0.0,0.0,0.0,0.0,0.0,0.011352507229905218,0.0,1.1199537175055683,0.0,0.0,0.0,0.0,0.0,0.0,0.0,0.0,0.0,0.0,0.0,3.8621240325220487,0.5607149544744789,1.0515113176857087,1.4887206528952837,4.21098882350615,4.779564408925597,5.757911318992144,0.0,0.8066952535317583,0.22564512061895256,0.04292444517384094,0.025312343046069,0.019488429591360157,3.8109366000584943,3.18570799868324,0.0,2.1643679517654535,0.2490205102859652,0.0,1.4710833848537639,0.0,0.0,0.01820685665331186,0.0,4.166120893558077,2.217571958558108,3.0
0.0,0.02019992294349774,0.08936255282773453,0.08501667348871386,0.0,0.0,0.0,0.0,0.0,0.0,0.040822310107341116,0.08990486842133553,0.0,0.0,0.0,0.11955538469528244,0.0,0.0,0.0,0.0,0.028993411879548688,0.0,0.04921253463256027,0.03238300531165298,0.0,0.0,0.0,0.0,0.0,0.0,1.4324784287616033,0.0,0.1502997081016821,0.0,0.0,0.0,0.0,0.0,0.010350188169567268,0.0,0.501413666875781,0.0,1.5361026474873618,0.020911065581689963,0.0,0.0,0.0,0.0,0.0,0.0,0.07983888066667044,0.0,0.0093471722592526,0.0,0.0,0.0,0.0,0.0,0.0,0.0,0.09504672450704019,0.0,0.45143533043700385,0.0,0.0,0.0,0.1234013359719139,0.029134804053022843,0.0,0.0,0.17606740578593494,0.0,0.0,0.0,4.294422249804223,1.604308589525968,1.0515113176857087,1.739977680266969,4.073297547184883,4.170758317864368,5.897363872385599,0.0,0.9366662037713911,0.0,0.1685136761974936,0.0675010485665715,0.05547333589843156,3.430298655986588,2.843260305799732,0.0,3.056618208118797,0.11835972595305722,0.0,1.021266505491071,0.0,0.0,0.0,0.12247394117564454,0.14169436196453092,6.428443926153613,5.0
0.0,0.0,0.09207209450292904,0.02446153014099581,0.0,0.0,0.0,0.0,0.0,0.0,0.0,0.046979908144409395,0.0,0.0,0.0,0.06281249240502118,0.0,0.0,0.0,0.02687086472474519,0.0,0.0,0.24220614857087489,0.03337013846059218,0.0,0.0,0.0,0.0,0.0,0.0,1.5178803643962009,0.0,0.13946949503879597,0.0,0.0,0.0,0.0,0.0,0.005328120695281701,0.0,0.10514166032342377,0.0,0.05769286716834593,0.010779838753242763,0.0,0.471239495338241,0.0,0.0,0.0,0.0,0.05116325258211458,0.0,0.0,0.0,0.0,0.0,0.0,0.0,0.0,0.0,0.014355292977070054,0.0,0.79002130757603,0.0,0.0,0.0,0.0,0.0,0.0,0.0,0.0765590951316044,0.0,0.0,0.0,4.659878902773618,0.7981749690721556,0.7478599848015892,1.3252136954176865,2.107721342128864,4.992442156305144,5.785001197779116,0.0,0.7159812031883971,2.864275304167786,0.3062622397278507,0.2199583975849177,0.028852005847493426,3.8620148964120617,2.499246366582615,0.0,3.5007383283706086,2.802007050732019,0.0,1.254594043033141,0.0,0.0,0.007769594145917668,0.02019992294349774,3.165300974916865,4.313129734837852,2.0
0.0,0.0,0.23707417130215755,0.008917094736053047,0.0,0.0,0.0,0.0,0.0,0.0,0.0,0.15704371014558002,0.0,0.0,0.0,0.06805164299778978,0.0,0.0,0.0,0.029134804053022843,0.05963215988209959,0.0,0.10768786931437331,0.0,0.0,0.0,0.0,0.0,0.0,0.0,0.8712128242575143,0.0,0.04208395867125249,0.0,0.0,0.0,0.0,0.0,0.011638756246893662,0.0,0.39429462049465747,0.04502352169849773,0.3893465361624979,0.09112433366116472,0.05422334733715443,0.1284253890288373,0.0,0.0,0.0,0.0,0.1474369588174809,0.0,0.0,0.0,0.0,0.0,0.0,0.0,0.0,0.0,0.08133962745193878,0.0,0.561790461653818,0.0,0.0,0.0,0.0,0.0,0.0,0.0,0.9116532373085322,0.0,0.0,0.0,3.86650250309653,1.0980826290545875,1.2273714225832588,2.234623941363856,3.445024781180262,3.854733766989128,5.4828966731907585,0.0,0.7651952487638368,0.03407482027057225,0.019915367707685924,0.025595835882683472,0.02687086472474519,2.9639734319984052,2.8718239394260463,0.0,3.067862399862359,0.49508111918390363,0.0,0.7341351371311566,0.0,0.0,0.0,0.010923027184791876,0.17874650598181624,4.395590685429081,4.0
0.0,0.0,0.12101540096136584,0.08474462086846798,0.0,0.0,0.0,0.0,0.0,0.0,0.0,0.07423139418579203,0.0,0.0,0.0,0.0,0.0,0.0,0.0,0.07025192182044421,0.061707084791597165,0.0,0.06695024392462703,0.0,0.0,0.0,0.0,0.0,0.0,0.0,1.9075829230828407,0.0,0.259423152281415,0.0,0.0,0.0,0.0,0.0,0.0,0.0,0.3231971082393275,0.0550567933689351,0.0,0.04264433740849372,0.0,0.07997537672059589,0.0,0.0,0.0,0.007339046008161997,0.4932374192002152,0.0,0.025454096427749127,0.0,0.0,0.0,0.0,0.0,0.0,0.0,0.09301923313354474,0.0,0.9514385942312519,0.0,0.0,0.0,0.0,0.0,0.0,0.0,0.3520805137298626,0.0,0.0,0.0,4.248701805069007,0.6607461127520179,1.2096405139276003,2.1239972036919106,3.804807347821073,4.345495731132561,5.354825903898866,0.0,0.8607642026288278,0.27762774765900544,0.16195215892674233,0.15224833075742006,0.0753272507070651,3.6323961908349633,2.476277986083515,0.0,3.0846255817132464,0.09342495941910291,0.0,2.021266505491071,0.0,0.0,0.010206942869257081,0.026729250487489024,1.6933642883581494,2.6846841096506515,5.0
0.0,0.0,0.2814311969956103,0.06101577468162803,0.0,0.0,0.00992040959306388,0.0,0.0,0.0,0.0,0.0708014676002111,0.0,0.0,0.0,0.05325038470225017,0.0,0.0,0.0,0.0,0.014498126999352837,0.0,0.08909131856468917,0.0,0.0,0.0,0.0,0.0,0.0,0.0,1.5184847822554997,0.0,0.1315894843281353,0.0,0.0,0.0,0.0,0.0,0.004609253252589672,0.0,0.22663183180789062,0.0,0.0,0.04502352169849773,0.0,0.05130248870063107,0.0,0.0,0.0,0.0,0.36232961017156884,0.0,0.02431967919541289,0.0,0.0,0.0,0.0,0.0,0.0,0.0,0.0675010485665715,0.0,0.7402799826728833,0.0,0.0,0.0,0.0,0.0,0.0,0.0,0.05325038470225017,0.0,0.0,0.0,4.324537012552497,0.8699503476589989,0.9925509226587216,1.8659583941201463,3.1917837122504613,4.35454384243137,6.298819583435379,0.0,0.5934015811256471,2.1087920623419474,0.28166857997284495,0.4108837771955805,0.03125402547050081,3.7321280711878266,2.666938337292059,0.0,2.9630671525928958,0.6026469085053726,0.0,1.7883098510821493,0.0,0.0,0.0,0.017066724189833377,3.5653168953705228,0.8813513815096612,1.0
0.0172092900322231,0.0,0.39791246017690557,0.09085343045111348,0.0,0.0,0.0,0.0,0.0,0.0,0.0,0.04488367823976479,0.0,0.0,0.0,0.17274351676018718,0.0,0.0,0.0,0.025595835882683472,0.012211083950874365,0.0,0.03773362744651491,0.03181862582635714,0.0,0.0,0.0,0.0,0.0,0.0,1.3043358050495024,0.005040616700530137,0.07313470463021537,0.0,0.0,0.0,0.0,0.0,0.0,0.0,0.2821432287814984,0.0,1.062328980788391,0.010350188169567268,0.09396575036944746,0.7610299065070913,0.0,0.0,0.0,0.0,0.4309275174048685,0.007769594145917668,0.0,0.0,0.0,0.0,0.0,0.0,0.0,0.0,0.004609253252589672,0.0,0.9601409803107686,0.0,0.0,0.0,0.12128069979272926,0.0,0.0,0.0,1.1641426488483064,0.0,0.0,0.0,5.185513755315637,0.18281940161220564,1.0668125098999017,1.366811773127127,4.762338184101339,4.158603629639906,6.995630363903706,0.0,0.5348584514007184,0.10218779322361488,0.0174943794592725,0.030547964162966627,0.0506061736907874,4.371586740507653,3.217060064779258,0.0,2.5308198699135156,0.3490255134820596,0.0,0.7773671094504128,0.0,0.0,0.0,0.13802804476676123,0.08515268056313831,5.207037754627461,5.0
0.0,0.0,0.2401311183307479,0.0553345017510994,0.0,0.0,0.0,0.0,0.0,0.0,0.0,0.08922694207039553,0.0,0.0,0.0,0.0,0.0,0.0,0.0,0.107553970289646,0.0,0.0,0.023468280503905366,0.045582760019634974,0.0,0.0,0.0,0.0,0.0,0.0,2.8843634762074313,0.0,0.13303737874734972,0.0,0.0,0.0,0.0,0.0,0.007339046008161997,0.0,0.4104496554618034,0.0,0.0,0.029558897449116415,0.0,0.0,0.0,0.0,0.0,0.0,0.44995748362800353,0.0,0.0,0.0,0.0,0.0,0.0,0.0,0.0,0.0,0.019773069040027156,0.0,0.8736557332813398,0.0,0.0,0.0,0.0,0.0,0.0,0.0,0.2184712107432615,0.0,0.0,0.0,4.142985174246396,0.22724818378073325,1.0702519218204443,1.5155610806129673,4.180943479686777,4.818017131109675,6.472149803311207,0.0,1.8475961022626406,3.7823771104774857,0.12141333091586493,0.4082770851530459,0.06708796480114695,3.8425866871628114,3.1494544868903884,0.0,1.9799887295587262,1.2217533720184015,0.0,2.7542675444417415,0.0,0.0,0.0,0.027578727474282683,3.1548424068692325,4.911504642496953,5.0
0.0,0.0,0.15003969277415322,0.045582760019634974,0.0,0.0,0.0,0.0,0.0,0.0,0.0,0.045582760019634974,0.0,0.0,0.0,0.05088474002509346,0.0,0.0,0.0,0.04306447866493742,0.003458319772411079,0.0,0.1740228420554138,0.02701246506258167,0.0,0.0,0.0,0.0,0.0,0.0,3.238083680070977,0.0,0.26110952890930156,0.0,0.0,0.0,0.0,0.0,0.0,0.0,0.028993411879548688,0.05018822331147818,0.04670058674162228,0.0,0.0,0.0,0.0,0.0,0.0,0.0,0.29783703588664373,0.0,0.015497569395325591,0.0,0.0,0.0,0.0,0.0,0.0,0.0,0.0,0.0,0.7668071513029214,0.0,0.0,0.0,0.0,0.0,0.0,0.0,0.18383583144967966,0.0,0.0,0.0,3.6407597310158626,1.1353378565318204,0.9528553771737426,1.6512698733329478,2.704141581194236,4.6808756715916955,5.763902835779787,0.0,1.329984649758421,4.245495662819921,0.5700742739544855,0.5207490966501748,0.10982856530708651,4.49832746877069,2.7423080885573534,0.0,3.362006917668238,2.7698140464015713,0.0,3.8299205768399704,0.0,0.0,0.0,0.016211033155917154,4.789384966362913,4.612953987797473,0.0
0.0,0.0,0.13960046458551462,0.02772025835592744,0.0,0.0,0.020057652341253476,0.0,0.0,0.0,0.0,0.09450633868149234,0.0,0.0,0.0,0.07970237169737819,0.0,0.0,0.0,0.04530316795657215,0.0036022366801955253,0.0,0.18294649451110198,0.0,0.0,0.0,0.0,0.0,0.0,0.0,1.4349884394605097,0.0,0.09734110879670181,0.0,0.0,0.0,0.0,0.0,0.0,0.0,0.0753272507070651,0.0,0.09693648250295737,0.009203827329839744,0.0,0.1016500760944348,0.0,0.0,0.0,0.0,0.04362447674703463,0.0,0.0,0.0,0.0,0.0,0.0,0.0,0.0,0.0,0.016353683577834812,0.0,0.908121170406138,0.0,0.0,0.0,0.0,0.0,0.0,0.0,0.171847313573341,0.0,0.0,0.0,4.593556953156661,0.8637799037958775,0.8602079905058245,1.6723800802406132,3.4657263779641,4.86090818689524,6.116127670741411,0.0,1.0375227944518794,1.974455891020679,0.11316705673273479,0.092478087200385,0.021053252054075176,4.279203829959591,3.245693403754599,0.0,3.387638258952628,0.5053828490623046,0.0,2.4151096322275794,0.0,0.0,0.0,0.0,2.100876756432015,5.909801900162456,5.0
0.04306447866493742,0.0,0.08311122693130706,0.009777121611529915,0.0,0.0,0.0,0.032241931137493844,0.0,0.0,0.0,0.06722567253197158,0.0,0.0,0.0,0.07519031415521925,0.0,0.0,0.0,0.12459282540582266,0.005184375859723257,0.0,0.15016970629570192,0.07874644707664834,0.0,0.0,0.0,0.0,0.0,0.0,2.2087669474214127,0.0,0.1897929378202589,0.0,0.0,0.0,0.0,0.0,0.0,0.0,0.1649149695524513,0.0,0.19786539135373798,0.012926174444270048,0.0,0.07244885006969244,0.0,0.0,0.0,0.0,0.2037649660186562,0.0,0.011638756246893662,0.0,0.0,0.0,0.0,0.0,0.0,0.0,0.039980597690881255,0.0,0.5912006729323761,0.0,0.0,0.0,0.0,0.0,0.0,0.0,0.10742005883636484,0.0,0.0,0.0,4.2321618664044784,0.9798058622520169,0.8179506405141158,1.7712940156516621,3.1707743384639175,4.734687945771331,5.7423646835927995,0.0,0.9254678013951411,4.259280020673491,0.1866273266829219,0.31961793420016127,0.039419183133397186,3.684785081755349,2.5160403687244703,0.0,2.9487316558801924,1.8767624907815552,0.0,1.833497336859835,0.0,0.0,0.0,0.01206802330909034,4.218316207246912,5.0019733386414575,2.0
0.033792988849303096,0.0,0.12802938874064107,0.16027483140859297,0.0,0.0,0.0,0.0,0.0,0.0,0.0,0.10393399105623309,0.0,0.0,0.0,0.08773438181972541,0.0,0.0,0.0,0.025170575734906053,0.03604610015685955,0.0,0.08868437153339145,0.0,0.0,0.0,0.0,0.0,0.0,0.0,1.836610908373936,0.0,0.16001660784590455,0.0,0.13224779829843977,0.0,0.0,0.0,0.0,0.0,0.4998841458919099,0.019630756335508422,0.15704371014558002,0.06956469509335926,0.0,0.1118325870779828,0.0,0.0,0.0,0.0,0.1779815563133707,0.0,0.009060468156383597,0.0,0.0,0.0,0.0,0.0,0.0,0.0,0.09207209450292904,0.0,0.8394759214937555,0.0,0.0,0.0,0.06101577468162803,0.0,0.0,0.0,0.38117260471679765,0.0,0.0,0.0,4.153205439277094,1.3367975241769874,1.19194159262148,2.234164059609017,3.134943749342822,4.062777961234448,6.220349304200455,0.0,1.0081282861347596,4.373021724370707,0.14795788138710142,0.08460857531780949,0.05741561242724302,4.149738991622401,2.8821147795559887,0.0,3.388740604787264,2.389704466935855,0.0,1.6377957004841006,0.0,0.0,0.0,0.009490502947452436,0.7530910302981052,4.641025732739675,5.0
0.0,0.0,0.16902704513481687,0.07107616201095888,0.0,0.0,0.4931349223055049,0.0,0.0,0.0,0.0,0.058247216854662685,0.0,0.0,0.0,0.0,0.0,0.0,0.0,0.13750352374993502,0.019061365093430198,0.0,0.20801775489589241,0.0,0.0,0.0,0.0,0.0,0.0,0.0,0.8595720568172471,0.0,0.12895322038600612,0.0,0.0,0.0,0.0,0.0,0.0,0.0,0.30439421966803015,0.018634174139050975,0.40708077545050075,0.038014690186715924,0.0,0.5803384741957087,0.0,0.0,0.0,0.0,0.1271049651394007,0.0,0.025595835882683472,0.0,0.0,0.0,0.0,0.0,0.0,0.0,0.09125976619267828,0.0,0.7130798989198626,0.0,0.0,0.0,0.0578314745605733,0.017921907997262315,0.0,0.0,0.14482952083880904,0.0,0.0,0.0,4.093179846765504,0.8160671729021761,1.0295588974491168,1.4383993196092228,3.671078197834897,4.086894137599965,6.5985215324911906,0.0,4.0408573708031374,0.0822938359514309,0.05616730630042659,0.02842770457266734,0.09639680418715713,3.3823629129679094,2.6144978406963224,0.0,2.952687672854219,0.8199133799462238,0.0,1.4178120176146103,0.0,0.0,0.0,0.0,0.5503096787550961,5.7187123241848274,3.0
0.02998286621571431,0.0,0.1094274266861541,0.033792988849303096,0.0,0.0,0.10447085776291738,0.0,0.008773707066016134,0.0,0.0,0.07751646970209519,0.0,0.0,0.0,0.02644598030380087,0.0,0.0,0.0,0.20951575109266346,0.017921907997262315,0.0,0.03773362744651491,0.0,0.0,0.0,0.0,0.0,0.0,0.0,2.230326000028692,0.0,0.12565110166152013,0.0,0.0,0.0,0.0,0.0,0.0,0.0,0.40621010853156503,0.05172011644732764,0.3468718139442494,0.02687086472474519,0.0,0.0506061736907874,0.0,0.0,0.0,0.0,0.09437121059251717,0.0,0.0,0.0,0.0,0.0,0.0,0.0,0.0,0.0,0.05519565424212462,0.0,0.9462817022783724,0.0,0.0,0.0,0.05422334733715443,0.0,0.0,0.0,0.15769051358205344,0.0,0.0,0.0,3.586428495591542,0.7002621447467036,1.1231364268560595,2.1019189597110715,3.421963816049206,4.284040263954096,6.349802252318808,0.0,1.0394893719018505,0.24293780020056457,0.3642362311739968,0.15328652099086262,0.024035935455509406,3.6399151396633855,2.8961168161617232,0.0,2.8784703218579715,1.7822827430128885,0.0,1.9074291012423188,0.0,0.0,0.00647756407120479,0.008486888965491164,0.42416964880263797,5.809265227688598,3.0
0.0,0.014640946881753174,0.3787335592653803,0.04530316795657215,0.0,0.0,0.0,0.0,0.0,0.0,0.0,0.09085343045111348,0.0,0.0,0.0,0.0,0.0,0.0,0.0,0.037452509939606575,0.00604663011841478,0.0,0.10084312443311183,0.0,0.0,0.0,0.0,0.0,0.0,0.0,0.9817065501916474,0.0,0.05422334733715443,0.0,0.0,0.0,0.0,0.0,0.0,0.0,0.07450543636362976,0.0,0.0,0.0,0.0,0.08433644572332372,0.0,0.0,0.0,0.0,0.3034593018283363,0.0,0.0,0.0,0.0,0.0,0.0,0.0,0.0,0.0,0.0,0.0,0.6776209924535866,0.0,0.0,0.0,0.0,0.0,0.0,0.0,0.03955955725570582,0.0,0.0,0.0,4.14603604668215,0.21088754922081027,1.1418905091231875,1.3951176537994758,4.202637126189837,3.9969129388768923,6.214286089021013,0.0,0.6867918381280594,4.7023361699940365,0.025595835882683472,0.24196218221519267,0.040261223064434574,3.1971419757932615,3.094692119140413,0.0,2.529346215516248,0.17938365435629777,0.0,2.2835958700903802,0.0,0.0,0.0,0.0,3.556883060366885,0.7247375728761294,2.0
0.0,0.0,0.28238049463860565,0.06653700239579126,0.0,0.0,0.36401205355861466,0.0,0.0,0.0,0.0,0.034779158048019,0.0,0.0,0.0,0.05797006863732994,0.0,0.0,0.0,0.024745190197137796,0.019773069040027156,0.0,0.1263121303287039,0.030689204071140407,0.0,0.0,0.0,0.0,0.0,0.0,1.5211512696379041,0.0,0.07573798239407814,0.0,0.0,0.0,0.0,0.0,0.0,0.0,0.11276684542842838,0.0,0.05325038470225017,0.0,0.0,0.7071713624213855,0.0,0.0,0.0,0.0,0.31649333777531463,0.0,0.0,0.0,0.0,0.0,0.0,0.02701246506258167,0.0,0.0,0.004465436770300531,0.0,0.867738351762688,0.0,0.0,0.0,0.0,0.0,0.0,0.0,0.528871328238121,0.0,0.0,0.0,3.788038336064713,0.27130614379733703,0.8912636318250762,1.36429227013537,3.446216522140164,4.335133058580292,6.497486228067745,0.0,3.273187628048397,1.8775872133709772,0.40468517591903597,0.1740228420554138,0.03407482027057225,3.7491909834010495,2.8115737829276495,0.0,2.7741017814206304,0.15081959821213325,0.0,1.5171748900345206,0.0,0.0,0.007051942516490025,0.0093471722592526,3.6451597969499825,5.1083028083404844,3.0
0.0,0.0,0.1086248146816487,0.021053252054075176,0.0,0.0,0.020342179517185827,0.0,0.009060468156383597,0.06364099264269589,0.0,0.008200013832136126,0.0,0.0,0.0,0.08093048767298393,0.0,0.0,0.0,0.09058247636244234,0.014783752627070351,0.0,0.4618428378840728,0.0,0.0,0.0,0.0,0.0,0.0,0.0,1.4608997971875317,0.0,0.17810907609432516,0.0,0.0,0.0,0.0,0.0,0.0,0.0,0.061430600497748115,0.0,0.0,0.018634174139050975,0.0,0.15211850443194314,0.0,0.0,0.0,0.0,0.33456827566613295,0.0,0.0,0.0,0.0,0.0,0.0,0.025312343046069,0.0,0.0,0.0,0.0,0.7129918894617973,0.0,0.0,0.0,0.0,0.0,0.0,0.0,0.14104034543359303,0.0,0.0,0.0,4.249126729714638,2.2604472588736853,0.7427823402000189,1.5536554023328908,3.0095979916195086,4.400879436282184,5.886015987912545,0.0,0.787933893604076,5.52938682362017,0.3515152607974705,0.9710008606097698,0.017921907997262315,4.189856179246719,2.748654438152313,0.0,2.9737214708048145,0.816149113949021,0.0,2.227248183780733,0.0,0.0,0.0,0.0,5.849176128248321,1.1296786733257869,0.0
0.02233230009805639,0.012783184698289592,0.13290581201150653,0.0,0.0,0.0,0.0,0.0,0.0,0.0,0.0,0.09139518601170002,0.0,0.0,0.0,0.11423374442708778,0.0,0.0,0.0,0.0,0.005328120695281701,0.0,0.021053252054075176,0.0,0.0,0.0,0.0,0.0,0.0,0.0,1.8574635220432223,0.0,0.09410091643886649,0.0,0.0,0.0,0.0,0.0,0.0,0.0,0.4573316254850136,0.025737561413608275,0.2028878334701434,0.02658762234808418,0.0,0.6128714453238722,0.0,0.0,0.0,0.0,0.2567691427613412,0.0,0.0,0.0,0.0,0.0,0.0,0.0,0.0,0.0,0.04110277181912811,0.0,1.008773707066016,0.0,0.0,0.0,0.0,0.01249716268290215,0.0,0.0,0.0604624879861069,0.0,0.0,0.0,3.5372960670908418,0.8897071584397872,1.0231843692482634,1.440261239387971,3.9233013354059683,4.524746988198411,6.035227993966379,0.0,1.4759668369002334,0.23462394136385586,0.23069489712191563,0.12008647067252551,0.030406710426045758,3.2838328971857136,2.7241263539057994,0.0,2.8076846432431073,0.594261892919768,0.0,1.1558139841440758,0.0,0.0,0.0,0.024745190197137796,5.428889412783364,2.3718933618114417,2.0
0.0526941113038451,0.0,0.09315448790708296,0.01206802330909034,0.0,0.0,0.0,0.0,0.0,0.0,0.0,0.0553345017510994,0.0,0.0,0.0,0.0,0.0,0.0,0.0,0.0,0.012640180778770332,0.0,0.09004041547277068,0.0,0.0,0.0,0.0,0.0,0.0,0.0,2.7029234534535727,0.0,0.18650055764449475,0.0,0.0,0.0,0.0,0.0,0.0,0.0,0.49415956371284375,0.0,0.0,0.03167749645076024,0.0,0.08841300972672499,0.0,0.0,0.0,0.0,0.28617145110701936,0.011924948479708557,0.014212444812104711,0.0,0.0,0.0,0.0,0.08488065359129648,0.0,0.0,0.0211954245144897,0.0,0.8507194267273984,0.0,0.0,0.0,0.0,0.0,0.0,0.0,0.09180136921767433,0.0,0.0,0.0,2.7783137252659516,0.784755228692409,1.2581570749374225,1.4471559791967548,3.244065036666551,3.944446188327697,6.2686963785381575,0.0,1.3387952032266608,0.5803384741957087,1.1347466553684875,0.10433665981473553,0.05422334733715443,4.368426139789934,2.7059115693511515,0.0,3.6854916886845515,0.1319845087565303,0.0,1.6006979305758422,0.0,0.0,0.0,1.2048293391035023,6.457535196092248,0.6657565826793985,0.0
0.0,0.0,0.23780842954562034,0.03125402547050081,0.0,0.0,0.0,0.0,0.0,0.0,0.0,0.18370881687541188,0.0,0.0,0.0,0.0,0.0,0.0,0.0,0.03421571533791298,0.021906076733622215,0.0,0.09234276899544701,0.0,0.0,0.0,0.0,0.0,0.0,0.0,1.6653018037956753,0.0,0.15055967657538138,0.0,0.0,0.0,0.0,0.0,0.0,0.0,0.45533379667722257,0.0,0.0,0.0,0.0,0.730574747887632,0.0,0.0,0.0,0.007051942516490025,0.25180996817153983,0.0,0.0,0.0,0.0,0.0,0.0,0.0,0.0,0.0,0.02446153014099581,0.0,0.920521978790339,0.0,0.0,0.0,0.0,0.0,0.0,0.0,0.0,0.0,0.0,0.0,4.288196120649188,0.4942619878398889,1.123864809909961,1.90977310414164,3.3450414775909274,4.706839944570375,6.191041442986281,0.0,0.5313689830998399,1.1414981881343063,0.17747136444495093,0.19861987321921495,0.005328120695281701,3.397994578459131,2.8766839211790476,0.0,2.832991252369821,0.04572253573460056,0.0,1.2337040312128837,0.0,0.0,0.0,0.0,3.431649700800788,0.9825099341924508,4.0
0.010923027184791876,0.0,0.09356017616233782,0.019630756335508422,0.0,0.0,0.02814476771337868,0.0,0.0,0.0,0.0,0.04530316795657215,0.0,0.0,0.0,0.1469158480872752,0.0,0.0,0.0,0.10982856530708651,0.015497569395325591,0.0,0.14443799836839158,0.0,0.0,0.0,0.0,0.0,0.0,0.0,1.5112150014709744,0.0,0.15419432499278973,0.0,0.0862402758207441,0.0,0.0,0.0,0.0,0.0,0.0953168415347697,0.025170575734906053,0.03506079690511427,0.019488429591360157,0.0,0.10768786931437331,0.0,0.0,0.0,0.0,0.5718224068332035,0.0,0.0,0.0,0.0,0.0,0.0,0.0,0.0,0.0,0.05699963038556373,0.0,1.0361164532176534,0.00963381939726868,0.0,0.0,0.0,0.00604663011841478,0.0,0.0,0.13553486976118947,0.0,0.0,0.003026482889898585,4.367783405008901,0.9662827939307775,0.937419726738949,2.160242555990726,2.1957255475120565,4.350914436794472,5.786222571821982,0.0,1.3033423944873308,2.2108252230499015,0.3041605470013563,0.1920678844796504,0.041943829970167254,4.341252831362864,2.8642554914187404,0.0,3.2467728955020934,2.0794975840217798,0.0,0.9978343327818855,0.0,0.0,0.0,0.01820685665331186,4.115183099606266,0.37462220619120756,0.0
0.0,0.0,0.17466207953358823,0.015069321717648201,0.0,0.0,0.0,0.0,0.0,0.0,0.0,0.0174943794592725,0.0,0.0,0.0,0.0578314745605733,0.0,0.0,0.0,0.07286040193124495,0.03534238079219708,0.0,0.026162654489675658,0.0,0.0,0.0,0.0,0.0,0.0,0.0,0.882760416387591,0.0,0.030689204071140407,0.0,0.0,0.0,0.0,0.0,0.0,0.0,0.5030433705688641,0.0,0.15393501070416332,0.00992040959306388,0.04614178164472063,0.1614362658259871,0.0,0.0,0.0,0.0,0.03548315212868861,0.0,0.02644598030380087,0.0,0.0,0.0,0.0,0.0,0.0,0.0,0.047957107396655034,0.0,0.6748221839618221,0.0,0.0,0.0,0.0,0.0,0.0,0.0,0.10768786931437331,0.0,0.0,0.0,3.852158683663038,0.8815863162433962,0.9162473236900132,1.6182386555954547,3.237731961745675,4.227286697037406,6.2335410693070195,0.0,0.7382057786984256,0.427069755210786,0.058108649401173953,0.03337013846059218,0.05630606033187654,3.717550310244509,2.9640289000020603,0.0,2.5170488761602985,0.6067264750128128,0.0,1.0147123515213723,0.0,0.0,0.0,0.0184917490398792,1.4832095568030246,1.4327456588438479,2.0
0.02019992294349774,0.0,0.4032677223393011,0.04963076772460043,0.0,0.0,0.0,0.0,0.005902956858236406,0.0,0.0,0.10326262660608464,0.0,0.0,0.0,0.0,0.0,0.0,0.0,0.04474382122439775,0.004753055399819502,0.0,0.1080894918402974,0.0,0.0,0.0,0.0,0.0,0.0,0.0,1.0574849311078995,0.0,0.07368315361643984,0.0,0.0,0.0,0.0,0.0,0.00604663011841478,0.0,0.19029879162659463,0.01178185945991471,0.12604775520593936,0.01206802330909034,0.0,0.25350526218669706,0.0,0.0,0.0,0.0,0.16182320294534797,0.0,0.0,0.0,0.0,0.0,0.0,0.0,0.0,0.0,0.04250426312896344,0.0,0.6447792192629533,0.0,0.0,0.0,0.07244885006969244,0.005615567406909804,0.0,0.0,0.15172895534333664,0.0,0.0,0.0,3.9484887165782983,0.8976276742795506,0.8383467365212307,0.9813412277008018,3.667812666981669,4.506760602502854,5.919366304354156,0.0,1.3780676487800338,2.095283079671953,0.03562390973072122,0.1544535926798724,0.03899797879750991,4.279753566749399,2.710966188696129,0.0,2.811409375578187,0.9394522750729533,0.0,1.2606279081266987,0.0,0.0,0.0,0.011352507229905218,4.652492231268752,1.8525582225730355,3.0
0.0,0.0,0.11676397129772323,0.03899797879750991,0.0,0.0,0.04208395867125249,0.0,0.025170575734906053,0.0,0.0,0.10003572116184384,0.0,0.0,0.0,0.0,0.0,0.0,0.0,0.12485746725576015,0.015497569395325591,0.0,0.06087747289933462,0.0,0.0,0.0,0.0,0.0,0.0,0.0,1.589475877911847,0.0,0.09193673821058518,0.0,0.0,0.0,0.0,0.0,0.0,0.0,0.3991163934447991,0.025170575734906053,0.7128158544373718,0.05130248870063107,0.0,1.6880908169383817,0.0,0.0,0.0,0.0,0.21785109681113138,0.0,0.0,0.0,0.0,0.0,0.0,0.0,0.0,0.0,0.05699963038556373,0.0,1.321812674667221,0.0,0.0,0.0,0.0,0.0,0.0,0.0,0.19307782154636707,0.0,0.0,0.0,3.8689533943385856,0.5273706571404089,1.2290341168705514,1.7530054281951999,4.069856806452616,4.312715992235034,6.423472284305368,0.0,1.2963105607080923,0.17133494739876848,0.06515867512854683,0.2123825701223572,0.07327183642451936,3.7264715881014263,2.813237352996341,0.0,2.8425967434848274,0.452911664939964,0.0,2.0654689135950193,0.0,0.0,0.0,0.012211083950874365,1.5725986753700323,1.285579770402795,2.0
0.0,0.0,0.13277423327632581,0.07833657112117902,0.0,0.0,1.6051150016894375,0.0,0.0,0.0,0.0,0.014355292977070054,0.0,0.0,0.0,0.0938305716351355,0.0,0.0,0.0,0.07956584981027477,0.009777121611529915,0.0,0.08814159686901755,0.025170575734906053,0.0,0.0,0.0,0.0,0.0,0.0,2.5194160972933437,0.0,0.06239806379847849,0.0,0.0,0.0,0.0,0.0,0.0,0.0,0.41456854718171066,0.0,0.1676148407551113,0.02431967919541289,0.0,0.04600204654452046,0.0,0.0,0.0,0.0,0.47684825202154274,0.006190289072069835,0.03618680284784627,0.0,0.0,0.0,0.0,0.0,0.0,0.0,0.07792657868506905,0.0,0.8211387374907037,0.0,0.0,0.0,0.0,0.015212085068503288,0.0,0.0,0.08379203249388646,0.0,0.0,0.0,3.6464967890385687,0.9403547115332932,1.263515224048839,1.7423943277253444,3.517603254894493,4.351932156271197,5.976047381383984,0.0,2.3280034579409388,1.0311834348874465,0.11370049916472831,0.13671638448831194,0.09125976619267828,3.9493481642885633,2.949198731895153,0.0,3.0732718364245195,2.180911663368569,0.0,1.615745857049779,0.0,0.0,0.005759269288684953,0.045163351603224475,3.210435623466411,1.66170400190173,5.0
0.0,0.0,0.10111215847415045,0.07066410077878965,0.0,0.0,0.023042392665863817,0.0,0.0,0.0,0.0,0.06405506441044337,0.0,0.0,0.0,0.0615688492680028,0.0,0.0,0.0,0.0,0.012640180778770332,0.0,0.11849262586940461,0.0326651122818301,0.0,0.0,0.0,0.0,0.0,0.0,2.0374173663993957,0.0,0.09085343045111348,0.0,0.0,0.0,0.0,0.0,0.005328120695281701,0.0,0.18370881687541188,0.0,0.056583528366367514,0.05213762333517526,0.0,0.05935527761642124,0.0,0.0,0.0,0.0,0.3692710400250943,0.0,0.009490502947452436,0.0,0.0,0.0,0.0,0.0,0.0,0.0,0.041943829970167254,0.0,1.1704378685081076,0.0,0.0,0.0,0.0,0.0,0.0,0.0,0.2907782513201796,0.0,0.0,0.0,4.009024626137056,0.46079497682632115,1.1408440826457302,1.8034750429176554,3.1835023943394236,4.532254611613881,5.784038015602639,0.0,1.2555007331483865,3.987793803170299,0.15406467367471652,0.13711000780235091,0.13606010688026618,3.7100955849593666,2.720322248940433,0.0,3.0624671435007054,2.479722070114288,0.0,2.350751817865176,0.0,0.0,0.0,0.048794180260804905,3.672063208358251,4.791709901694227,3.0
0.0,0.0,0.24829193773910016,0.06736336711961023,0.0,0.0,0.0,0.0,0.0,0.0,0.0,0.022758397578157615,0.0,0.0,0.0,0.0,0.0,0.0,0.0,0.03210084316702408,0.015497569395325591,0.0,0.13145778547908782,0.0,0.0,0.0,0.0,0.0,0.0,0.0,0.6173925276921485,0.006333933722050485,0.09166598752181289,0.0,0.0,0.0,0.0,0.0,0.0,0.0,0.1647862781433397,0.025170575734906053,0.0,0.012926174444270048,0.0,0.2703495287331028,0.0,0.0,0.0,0.0,0.08351974882017292,0.0,0.0,0.0,0.0,0.0,0.0,0.0,0.0,0.0,0.0172092900322231,0.0,0.5373457714901125,0.0,0.0,0.0,0.0,0.0,0.0,0.0,0.1544535926798724,0.0,0.0,0.0,4.847250319101287,0.7248248687367972,1.0294175468350917,1.7061547729906652,2.966448925415457,4.686612576815591,5.54064417721652,0.0,0.4721758036723856,0.09234276899544701,0.03280614508324148,0.03590538374212795,0.024745190197137796,3.193472136269433,2.5126820033395476,0.0,3.242968277634277,0.22181522787370223,0.0,1.4478965281083895,0.0,0.0,0.009203827329839744,0.01206802330909034,2.857423708732307,1.406971970816723,1.0
0.015497569395325591,0.0,0.16748638996564932,0.0,0.0,0.0,0.4480551677171875,0.0,0.0,0.0,0.0,0.008200013832136126,0.0,0.0,0.0,0.0,0.0,0.0,0.0,0.0897693086335084,0.007339046008161997,0.0,0.04809665327294402,0.02856915219677092,0.0,0.0,0.0,0.0,0.0,0.0,1.032383005311653,0.0,0.14626419486652553,0.0,0.0,0.0,0.0,0.0,0.01378381543309969,0.0,0.21598915414672054,0.0,0.049491370165103715,0.009203827329839744,0.0,0.10205338272918787,0.0,0.0,0.0,0.0,0.11236652307256315,0.0,0.0,0.0,0.0,0.0,0.0,0.0,0.0,0.0,0.00417776078910997,0.0,0.5661819336981648,0.0,0.0,0.0,0.05561215668669251,0.0,0.0,0.0,0.25156762060824717,0.0,0.0,0.0,4.6057076643718045,0.8663936977167666,0.7039866038634307,1.5975073376780045,3.320990038209326,4.73348992588162,6.173845003777896,0.0,3.2690930080780705,4.777624860844383,0.08420036167465528,0.025595835882683472,0.03506079690511427,4.230518145701772,3.095873798231801,0.0,2.950207100310219,0.3021727997407522,0.0,1.256346463453673,0.0,0.0,0.0,0.0,6.419437764485397,2.178587174911504,3.0
0.0,0.0,0.6167340849562708,0.04124298223188134,0.0,0.0,0.008630305143440056,0.0,0.0,0.02715405150372665,0.0,0.13290581201150653,0.0,0.0,0.0,0.06846445096690573,0.0,0.0,0.0,0.0,0.046421211248710355,0.0,0.1046050432293108,0.0,0.0,0.0,0.0,0.0,0.0,0.0,1.5421589771778879,0.0038900274333718426,0.13671638448831194,0.0,0.0,0.0,0.0,0.0,0.007769594145917668,0.0,0.5354557994352918,0.030406710426045758,0.825541427101827,0.05422334733715443,0.0,0.20926619305002617,0.0,0.0,0.0,0.0,0.3022898018932747,0.0,0.014069582501655862,0.0,0.0,0.0,0.0,0.0,0.0,0.0,0.03815520102596883,0.0,0.8156573978430718,0.0,0.0,0.0,0.0475383887633606,0.007339046008161997,0.0,0.0,0.2911320120087531,0.0,0.0,0.0,3.8137914503452954,1.3712800540226537,1.0909888884147727,1.8049621871757844,3.3873073908888993,5.008477924980982,6.0330529193159155,0.0,1.7614554928227204,0.3062622397278507,0.1526377396511124,0.10742005883636484,0.05352844098929936,4.613696657620228,3.1186919527918056,0.0,3.6632307478603714,0.24829193773910016,0.0,1.9051968395625634,0.0,0.0,0.005615567406909804,0.13382652729882785,0.40403113962182524,6.391961857688329,5.0
0.0,0.0,0.06860202737867155,0.13881446890228188,0.0,0.0,0.0,0.0,0.0,0.0,0.0,0.2582173895360179,0.0,0.0,0.0,0.0,0.0,0.0,0.0,0.05241589415113853,0.008486888965491164,0.0,0.04446406651324603,0.0,0.0,0.0,0.0,0.0,0.0,0.0,2.172775513722627,0.0,0.0862402758207441,0.0,0.0,0.0,0.0,0.0,0.010636636108736996,0.0,0.2911320120087531,0.0,0.48779502425059196,0.0,0.0,0.11716307546575941,0.0,0.0,0.0,0.0,0.3208889803317762,0.0,0.0,0.0,0.0,0.0,0.0,0.0,0.0,0.0,0.02828624307910998,0.0,0.9887028623432288,0.0,0.0,0.0,0.0,0.0,0.0,0.0,0.1215459498469588,0.0,0.03576465360097467,0.0,3.9928952953577013,0.09747595901326854,1.4834675540928066,1.3046278544929761,4.18503398106342,3.5364508301947084,6.263325545376479,0.0,1.9891026669850804,0.20426594528956027,0.21884315120187353,0.23523688908981516,0.048375704538976265,2.991553590686086,2.7507565544659283,0.0,2.6637772491371896,1.6095185904113036,0.0,2.1471764269809466,0.0,0.0,0.015212085068503288,0.0,2.485298009362139,5.31443188646631,5.0
0.0,0.0,0.21648590720005356,0.058247216854662685,0.0,0.0,0.327227467761286,0.0,0.0,0.0,0.0,0.03899797879750991,0.0,0.0,0.0,0.09639680418715713,0.0,0.0,0.0,0.0,0.0,0.0,0.11396714643300218,0.0,0.0,0.0,0.0,0.0,0.0,0.0,2.8045698951959377,0.0,0.18052981281072059,0.0,0.0,0.0,0.0,0.0,0.005615567406909804,0.0,0.2260152164029879,0.0,0.8835426193133283,0.03337013846059218,0.0,0.3905576359741311,0.0,0.0,0.0,0.0,0.2862897581340969,0.0,0.019915367707685924,0.0,0.0,0.0,0.0,0.0,0.0,0.0,0.044184257544003826,0.0,0.642747774297277,0.0,0.0,0.0,0.0,0.0,0.0,0.0,0.014783752627070351,0.0,0.0,0.0,3.8566471294844793,1.2561048768091785,1.036186802847846,1.537594267803125,3.3434220359720412,5.151282467662777,6.6311610458845545,0.0,0.8350347444355339,1.3282045724656792,0.11022959242318889,0.8033097099996553,0.08773438181972541,5.066218381244022,3.0442717036766695,0.0,3.6133666293414604,0.09098888841477233,0.0,3.37063858971406,0.0,0.0,0.0,0.08161232285788984,0.9045804349213173,8.915403181020926,4.0
0.0,0.011495638837829437,0.19673292822219499,0.07970237169737819,0.0,0.0,0.0,0.0,0.0,0.0,0.0,0.07231164002242664,0.0,0.0,0.0,0.0,0.0,0.0,0.0,0.14287084509664236,0.04250426312896344,0.0,0.10420244938244294,0.0,0.0,0.0,0.0,0.0,0.0,0.0,2.6314535609151894,0.0,0.13119435170845012,0.0,0.1549719883163839,0.0,0.0,0.0,0.0,0.0,0.3868109464722168,0.02318436924826338,0.06391705369231143,0.0,0.0,0.0,0.0,0.0,0.0,0.0,0.5062972654715221,0.0,0.0,0.0,0.0,0.0,0.0,0.0,0.0,0.0,0.05255500943410528,0.0,0.6736468722545478,0.0,0.0,0.0,0.0,0.0,0.0,0.0,0.11423374442708778,0.0,0.0,0.0,4.272515951030403,1.0530418073122978,1.2162996448486376,1.9718470052946935,3.2341487276922187,4.284795419509067,5.8504143997604725,0.0,0.969528121567127,0.8963881123595494,0.39154778016734165,0.11063050809643417,0.05436228844968911,4.062113075058185,2.919263797805738,0.0,2.790667793124725,1.0833835877100826,0.0,1.4592217568228478,0.0,0.0,0.0,0.02233230009805639,2.129810534676842,4.221428585260185,4.0
0.0,0.01178185945991471,0.07258604706859655,0.0093471722592526,0.0,0.0,0.3666998885994904,0.0,0.0,0.0,0.0,0.032241931137493844,0.0,0.0,0.0,0.0,0.0,0.0,0.0,0.0,0.004896843214847462,0.0,0.10084312443311183,0.0,0.0,0.0,0.0,0.0,0.0,0.0,2.107252652038594,0.0,0.0504668703506619,0.0,0.0,0.0,0.0,0.0,0.018349309878891815,0.0,0.33147592612318894,0.02389404265570102,0.24598236099132043,0.0604624879861069,0.0,0.0,0.0,0.0,0.0,0.0,0.24488705912353448,0.009203827329839744,0.010923027184791876,0.0,0.0,0.0,0.0,0.0,0.0,0.0,0.005471851210059492,0.0,0.6820338712650597,0.0,0.0,0.0,0.07368315361643984,0.011495638837829437,0.0,0.0,0.2393980415665554,0.0,0.0,0.0,4.175668304562073,0.7423512087857329,1.126113853528673,1.1146335490689394,3.9452050257104054,4.602581589091851,6.472027920371575,0.0,3.281327329659484,1.426103700685049,0.14938944935894988,0.16040392586001362,0.06032413315110383,3.5793611978909428,2.785550551739256,0.0,2.7171883600595836,0.45185729447653983,0.0,1.4000460178755287,0.0,0.0,0.0,0.045442970761167115,5.998231615217956,3.231785665727006,3.0
0.019773069040027156,0.0,0.13000830410860617,0.07409435357387338,0.0,0.0,0.9811950727983478,0.0,0.0,0.0,0.0,0.02587927302325896,0.0,0.0,0.0,0.0,0.0,0.0,0.0,0.04362447674703463,0.0023064673831690087,0.0,0.10540989404008172,0.03632749181776505,0.0,0.0,0.0,0.0,0.0,0.0,2.384353790963657,0.0,0.18688083134723413,0.0,0.0,0.0,0.0,0.0,0.005902956858236406,0.0,0.08651204657428184,0.03407482027057225,0.06281249240502118,0.01178185945991471,0.0,0.0978804340519131,0.0,0.0,0.0,0.0,0.1578198394788626,0.0,0.005328120695281701,0.0,0.0,0.0,0.0,0.0,0.0,0.0,0.00791308164326493,0.0,0.8014897962893083,0.0,0.0,0.0,0.03576465360097467,0.0,0.0,0.0,0.24987004682249817,0.0,0.0,0.0,4.239978424720021,1.001297841595647,0.8308232025615094,1.6429325693584864,3.0169597905618786,4.528196219408345,6.281024958952697,0.0,1.0337225223906528,2.266066887343431,0.4009750436730866,0.751549414791606,0.049073096654305606,4.231831736387056,2.916228211982235,0.0,2.9770417446588167,1.295370387953484,0.0,2.4199163698005073,0.0,0.0,0.0,0.01106620140620535,4.535182045620896,4.5147408763806816,2.0
0.0,0.0,0.1376346718833728,0.14587306160104482,0.0,0.0,0.0,0.0,0.009777121611529915,0.0,0.0,0.09518178934268523,0.0,0.0,0.0,0.05880135361618622,0.0,0.0,0.0,0.025028794491522444,0.01206802330909034,0.0,0.09328973000147671,0.0,0.0,0.0,0.0,0.0,0.0,0.0,2.4137294641050366,0.0,0.11143200536198733,0.0,0.0,0.0,0.0,0.0,0.005040616700530137,0.0,0.35918378997451117,0.038857550020362105,0.05408439284237917,0.049909522443058005,0.0,0.0,0.0,0.0,0.0,0.0,0.5787938326767527,0.0,0.018064389360361564,0.0,0.0,0.0,0.0,0.0,0.0,0.0,0.04446406651324603,0.0,0.9552383974496457,0.0,0.0,0.0,0.0,0.0,0.0,0.0,0.35377494493222345,0.0,0.0,0.0,4.331755368911257,1.3393654609679444,1.039840264531791,1.7353055401550703,3.522419893279333,4.256021822055906,5.952275316847485,0.0,0.4731115047370027,4.879362693385245,0.3366261657635356,0.2614706390127821,0.03463831799900894,3.946955386643119,2.8832688965276416,0.0,2.5976980190212493,2.3765404436245943,0.0,2.0040698675055175,0.0,0.0,0.0,0.018776585179183593,3.8589159564752036,2.2618617396528973,1.0
0.0,0.0,0.2253983373407441,0.13606010688026618,0.0,0.0,0.0,0.0,0.016496319896195974,0.0,0.0,0.10205338272918787,0.0,0.0,0.0,0.049909522443058005,0.0,0.0,0.0,0.08311122693130706,0.0,0.0,0.018064389360361564,0.0,0.0,0.0,0.0,0.0,0.0,0.0,2.222866371847991,0.0,0.08637616759693734,0.0,0.0,0.0,0.0,0.0,0.0,0.0,0.6017915838620261,0.0,0.0,0.0,0.2234225499349372,0.0,0.0,0.0,0.0,0.0,0.2539892662307867,0.0,0.0,0.0,0.0,0.0,0.0,0.0,0.0,0.0,0.0076260923761779465,0.0,0.31591396543674244,0.0,0.0,0.0,0.0,0.0,0.0,0.0,0.1802751896118795,0.0,0.0,0.0,4.522281780467609,0.01335505866906758,0.8748363026504745,1.367594721961029,5.186528289323498,4.050745463581399,7.161075434074005,0.0,1.2632147314437892,2.031889185337333,0.07107616201095888,0.10205338272918787,0.032524065692199365,2.863125714718989,3.242770162805418,0.0,1.7267440424930007,0.16684396441249089,0.0,1.1210154009613658,0.0,0.0,0.0,0.047259175478012824,1.0804530112360955,7.1192991072779686,2.0
0.0,0.04502352169849773,0.26110952890930156,0.07025192182044421,0.0,0.0,0.012926174444270048,0.0,0.0,0.0,0.0,0.11076412189980747,0.0,0.0,0.0,0.06860202737867155,0.0,0.0,0.0,0.0,0.02814476771337868,0.0,0.0852886748169873,0.0,0.0,0.0,0.0,0.0,0.0,0.0,1.9720676570984714,0.0,0.17951105027151046,0.0,0.0,0.0,0.0,0.0,0.005902956858236406,0.0,0.15107947302881158,0.045442970761167115,0.0,0.0,0.0,0.06626144226872127,0.0,0.0,0.0,0.0,0.23621706410222007,0.0,0.010636636108736996,0.0,0.0,0.0,0.0,0.0,0.0,0.0,0.05699963038556373,0.0,0.5385381636298043,0.0,0.0,0.0,0.0,0.0,0.0,0.0,0.5631581304028078,0.0,0.0,0.0,4.452858964713811,0.7701101617330285,1.058177934791553,1.9990980337056075,2.8832688965276416,4.495650397455784,5.4601134587798335,0.0,0.978708171381981,0.3669236489785181,0.14404636961670686,0.17989317053354809,0.03153635326805325,3.7800265721595157,2.4266673111036,0.0,3.2483830294314426,0.7425236768123445,0.0,1.6208678844632844,0.0,0.0,0.0,0.043764442310170244,0.48511764510507527,5.04879853874417,5.0
0.013640910669386311,0.01564029037688224,0.11169907219742026,0.018349309878891815,0.0,0.0,0.017636903049498446,0.0,0.0,0.0,0.0,0.03548315212868861,0.0,0.0,0.0,0.0,0.0,0.0,0.0,0.09841955776554452,0.016211033155917154,0.0,0.08773438181972541,0.025170575734906053,0.0,0.0,0.0,0.0,0.0,0.0,1.5735199520839778,0.0,0.1294808586988783,0.0,0.0,0.0,0.0,0.0,0.004033901284489715,0.0,0.3287215954018278,0.0,0.0,0.016211033155917154,0.0,0.2938412992667393,0.0,0.0,0.0,0.0,0.11290026153254981,0.0,0.0,0.0,0.0,0.0,0.0,0.0,0.0,0.0,0.021621857851518895,0.0,1.1584662951247953,0.0,0.0,0.0,0.0,0.0,0.0,0.0,0.12353377229099427,0.0,0.0,0.0,3.8290681420848593,0.8300930321329891,0.7571939695466374,1.5386871433770293,3.3545932071691924,5.166241430536557,5.657139776593148,0.0,0.5120751489948355,0.05283319976294459,0.09396575036944746,0.05880135361618622,0.02786177535450958,4.103212261675549,2.7604338746701114,0.0,2.948283120596039,0.018064389360361564,0.0,1.2401921912502571,0.0,0.0,0.011638756246893662,0.0076260923761779465,3.87878418576096,0.8410069745476012,1.0
0.0,0.0,0.20238637533478931,0.029700234215419886,0.0,0.0,0.0,0.0,0.0,0.0,0.0,0.14938944935894988,0.0,0.0,0.0,0.029134804053022843,0.0,0.0,0.0,0.0,0.00791308164326493,0.0,0.14925936549962288,0.0,0.0,0.0,0.0,0.0,0.0,0.0,1.7339182915939477,0.0,0.040682058803007765,0.0,0.0,0.0,0.0,0.0,0.0,0.0,0.31266517355839435,0.0,0.0,0.019773069040027156,0.045862297908687955,0.16053300876090848,0.0,0.0,0.0,0.0,0.2803624899737779,0.0,0.008773707066016134,0.0,0.0,0.0,0.0,0.0,0.0,0.0,0.004465436770300531,0.0,0.8439034688266626,0.0,0.0,0.0,0.0,0.0,0.0,0.0,0.16645837172253314,0.0,0.0,0.0,3.943068018703873,0.5018212654209103,0.9193782232475795,1.281727919614638,4.332428675316497,4.802803260041533,6.6378710344676195,0.0,0.7348288239053768,1.7558276192222846,0.10554399219892611,0.058108649401173953,0.030124161455128837,3.3286354377786016,3.154307760339075,0.0,2.12515513132229,0.9911000299524475,0.0,2.5600301231263045,0.0,0.0,0.0,0.027578727474282683,3.086019424380671,3.613071897425256,3.0
0.0,0.0,0.14104034543359303,0.07847320937869356,0.0,0.0,0.008917094736053047,0.0,0.0,0.0,0.0,0.10447085776291738,0.0,0.0,0.0,0.07107616201095888,0.0,0.03210084316702408,0.0,0.07956584981027477,0.022616379067348553,0.0,0.11636475669178462,0.025312343046069,0.0,0.0,0.0,0.0,0.0,0.0,0.8964656161894258,0.0,0.2918392732571145,0.0,0.0,0.0,0.0,0.0,0.004033901284489715,0.0,0.18052981281072059,0.0,0.3181143436097735,0.016353683577834812,0.0,0.17593970540604287,0.0,0.0,0.0,0.0,0.09518178934268523,0.012211083950874365,0.0,0.0,0.0,0.0,0.0,0.0,0.0,0.0,0.03604610015685955,0.0,0.8410875112959341,0.0,0.0,0.0,0.0,0.0076260923761779465,0.0,0.0,0.3945141419559588,0.0,0.0,0.0,4.187284762359078,1.2508403335616454,1.360195694732358,2.2398868007957202,2.944558633869451,4.256965344638729,5.131778780363528,0.0,0.5332643130717917,2.466940289856784,0.07464243793449277,0.1647862781433397,0.02488699931317951,3.7199171989397612,2.591057018746929,0.0,3.930614348481103,0.9346297236996632,0.0,1.0898370901196204,0.0,0.0,0.011638756246893662,0.0,2.1729034944763765,3.6916458243009274,3.0
0.017921907997262315,0.0,0.28238049463860565,0.016211033155917154,0.0,0.0,0.0,0.0,0.010350188169567268,0.0,0.0,0.046560905757741196,0.0,0.0,0.0,0.09234276899544701,0.0,0.0,0.0,0.07833657112117902,0.0,0.0,0.1609201881811029,0.0,0.0,0.0,0.0,0.0,0.0,0.0,3.113850494317241,0.0,0.11782800382748095,0.0,0.0,0.0,0.0,0.0,0.005328120695281701,0.0,0.15354595185667388,0.020768865094571848,0.26555691560250466,0.010636636108736996,0.0,0.17312743348065618,0.0,0.0,0.0,0.0,0.33765401107659454,0.008056554871058458,0.0,0.0,0.0,0.0,0.0,0.0,0.0,0.0,0.018918982163051733,0.0,0.7207162425211314,0.0,0.0,0.0,0.0,0.0,0.0,0.0,0.11556599592160316,0.0,0.0,0.0,3.6209499707065143,0.9091970629916876,0.9700437512622444,1.1175620692569788,3.16512406861164,4.782613002137269,6.43927073121465,0.0,0.825704231936496,0.0615688492680028,0.13920752027125408,0.1190241031422746,0.08800587129002016,4.189958940652444,3.0903622886888433,0.0,2.8993109976589113,0.05004887960722227,0.0,2.841329094569233,0.0,0.0,0.0,0.019915367707685924,2.2931350190433206,6.0042069804982106,5.0
0.024603367140657025,0.04208395867125249,0.9524081223264418,0.2829734886215891,0.0,0.0,0.0,0.0,0.0,0.0,0.0,0.07601173856964127,0.0,0.0,0.0,0.0,0.0,0.0,0.0,0.14025513403491605,0.0,0.0,0.030830430153274503,0.0,0.0,0.0,0.0,0.0,0.0,0.0,1.106549331284617,0.0,0.08188496672922738,0.0,0.0,0.0,0.0,0.0,0.02176397429165667,0.0,0.310223769546247,0.05630606033187654,1.2215677885384093,0.02927618237063207,0.5662793702997547,3.2597394980870655,0.0,0.0,0.0,0.0,0.1826922975161903,0.0,0.0,0.0,0.0,0.0,0.0,0.0,0.0,0.0,0.0,0.0,0.8447873500790599,0.0,0.0,0.0,0.0,0.0,0.0,0.0,0.057138304393541776,0.0,0.0,0.0,3.899533359024805,0.24464354573939842,0.9809027185664565,2.065848003366081,3.842968778129317,4.16158137940753,5.8280628397953596,0.0,0.8700292848209967,4.265481904551701,0.03717133764464353,0.023326331860027503,0.0,3.1401242239090705,2.967297743252806,0.0,2.935025931137549,0.2102641663130906,0.0,2.200692666154717,0.0,0.0,0.020911065581689963,0.01378381543309969,2.4947739994294946,4.467501215821581,5.0
0.0,0.0,0.16517231793716664,0.107553970289646,0.0,0.0,0.0,0.0,0.0,0.0,0.0,0.07737974079701358,0.0,0.0,0.0,0.07107616201095888,0.0,0.03210084316702408,0.0,0.020342179517185827,0.019488429591360157,0.0,0.05935527761642124,0.0,0.0,0.0,0.0,0.0,0.0,0.0,1.577924244506702,0.0,0.26014612650896735,0.0,0.0,0.0,0.0,0.0,0.0,0.0,0.37317489075311644,0.01592568999025421,0.1677432801089365,0.016353683577834812,0.038014690186715924,0.2564068537942453,0.0,0.0,0.0,0.024745190197137796,0.39363585562435766,0.006190289072069835,0.0,0.0,0.0,0.0,0.0,0.0,0.0,0.0,0.0676387168753633,0.0,0.4595365380977914,0.0,0.0,0.0,0.04935195913529153,0.0076260923761779465,0.0,0.0,0.1290851480566105,0.0,0.0,0.0,4.092232813607522,1.9510655252521905,0.8275751682275984,1.69269500028227,3.269706446546174,4.427619580666072,5.775901259380854,0.0,0.7775354421080787,1.454017925226717,0.054640130538345405,0.07464243793449277,0.02800327847275247,4.447354377788991,2.5265696604977834,0.0,3.002900506113487,0.716771456418223,0.0,1.1616942354361315,0.0,0.0,0.0,0.11769504266975457,2.1150665457714837,3.837034966154126,5.0
0.0,0.0,0.29736752321765897,0.008630305143440056,0.0,0.0,0.0,0.0,0.0,0.0,0.0,0.03955955725570582,0.0,0.0,0.0,0.06584800336608129,0.0,0.0,0.0,0.21101219348551165,0.013497991748977312,0.0,0.047259175478012824,0.0,0.0,0.0,0.0,0.0,0.0,0.0,2.8448275136358308,0.0,0.06350294230615795,0.0,0.0,0.0,0.0,0.0,0.0,0.0,0.5615949745206071,0.0,0.2798872548411305,0.022616379067348553,0.05255500943410528,0.18281940161220564,0.0,0.0,0.0,0.0,0.35535462056106637,0.0,0.0,0.0,0.0,0.0,0.0,0.0,0.0,0.0,0.0,0.0,0.6189903529113476,0.0,0.0,0.0,0.06805164299778978,0.0,0.0,0.0,0.10835717809041852,0.0,0.0,0.0,4.097543379395125,0.28332916805164143,0.6966170652124263,1.4383993196092228,4.655157166149354,5.054188609968146,6.864269112712938,0.0,0.9307751782480175,2.682663182088948,0.3040436964735405,0.9540473793409198,0.0765590951316044,3.668833939607494,3.5449551624298725,0.0,1.6847289870140858,1.7890197257891622,0.0,3.2394285938699183,0.0,0.0,0.0,0.03153635326805325,3.5224073381155208,6.463306930890761,2.0
0.0,0.0,0.32665239100440335,0.06681250989990178,0.0,0.0,0.0,0.0,0.0,0.0,0.0,0.04711954856855063,0.0,0.0,0.0,0.0,0.0,0.0,0.0,0.3928669162307998,0.02856915219677092,0.0,0.1624678676153039,0.0,0.0,0.0,0.0,0.0,0.0,0.0,4.443049621235678,0.0,0.018634174139050975,0.0,0.0,0.0,0.0,0.0,0.0,0.0,0.14417692434652662,0.034779158048019,0.0,0.0,0.08256635107141173,0.0997664862929298,0.0,0.0,0.0,0.0,0.5523770710948686,0.0,0.016068368627653675,0.0,0.0,0.0,0.0,0.0,0.0,0.0,0.0,0.0,0.8738919244533955,0.0,0.0,0.0,0.0,0.0,0.0,0.0,0.0,0.0,0.0,0.0,3.5250665920782107,0.21126144971296112,1.4822803843529866,1.7859271307337805,3.7332458632243335,3.987984753116902,6.636666668329072,0.0,1.2983650550612413,0.7561693281392987,0.030406710426045758,0.4509077017726403,0.10057404021319741,3.842797855206031,3.0435719861598245,0.0,2.2654068896005923,0.14391580307144475,0.0,3.8731832349012794,0.0,0.0,0.0,0.11383382895927714,2.058316495590823,0.8103197034110774,1.0
0.017066724189833377,0.0,0.31591396543674244,0.007769594145917668,0.0,0.0,0.5115692419724726,0.0,0.0,0.0,0.0,0.0959919129246028,0.0,0.0,0.0,0.05935527761642124,0.0,0.0,0.0,0.0,0.02828624307910998,0.0,0.08406426478847456,0.03153635326805325,0.0,0.0,0.0,0.0,0.0,0.0,1.5177292203572763,0.0,0.09761079662642233,0.0,0.0,0.0,0.0,0.0,0.0,0.0,0.37551214070374395,0.0,0.34437403328573263,0.030406710426045758,0.0,0.057276965073247615,0.0,0.0,0.0,0.0,0.21113682698227518,0.0,0.0,0.0,0.0,0.0,0.0,0.0,0.0,0.0,0.06239806379847849,0.0,0.7153662623791952,0.0,0.0,0.0,0.0,0.0,0.0,0.0,0.19534759832221926,0.0,0.0,0.0,4.277300420365284,0.8235048150003071,1.013283586818423,2.053702198958519,3.5001009266456125,4.368265482937493,6.561949275447437,0.0,0.6597419272177697,1.5681780699037802,0.09261339271428384,0.08501667348871386,0.027295624050907505,3.787589179828787,3.0819871948986868,0.0,2.9089473737137497,0.8699503476589989,0.0,1.3188085032258388,0.0,0.0,0.0,0.06543444594863314,0.98469871033933,5.1816472362885015,3.0
0.021906076733622215,0.0,0.11063050809643417,0.06791401408846634,0.0,0.0,0.0,0.0,0.0,0.0,0.0,0.03421571533791298,0.0,0.0,0.0,0.11196608960349229,0.0,0.0,0.0,0.06405506441044337,0.030971642412075527,0.0,0.10030490579568548,0.0,0.0,0.0,0.0,0.0,0.0,0.0,2.1955995754499034,0.0,0.09234276899544701,0.0,0.0,0.0,0.0,0.0,0.012926174444270048,0.0,0.33227828305692936,0.025312343046069,0.0,0.0,0.0,0.1424787906422466,0.0,0.0,0.0,0.0,0.23216954294797806,0.0,0.02318436924826338,0.0,0.0,0.0,0.0,0.0,0.0,0.0,0.10138114235502452,0.0,0.7153662623791952,0.0,0.0,0.0,0.07819991992137154,0.02431967919541289,0.0,0.0,0.2237932162430325,0.0,0.0,0.0,4.256399305139917,0.5782141654724541,1.1969217338203297,1.9238717735300777,3.7538398321186346,4.266126872169055,6.762518909674554,0.0,1.115499412557526,1.3095254660278273,0.06543444594863314,0.05630606033187654,0.020057652341253476,3.867471498075025,2.4162993054798796,0.0,2.907121408350534,0.11928976837475146,0.0,2.1984627220321826,0.0,0.0,0.0,0.02431967919541289,0.7612852733616191,2.611998564488903,2.0
0.0,0.0,0.20426594528956027,0.06887714085030783,0.0,0.0,0.02019992294349774,0.0,0.0,0.0,0.0,0.1257833316273236,0.0,0.0,0.0,0.05408439284237917,0.0,0.0,0.0,0.06818925877896807,0.029417546835091735,0.0,0.08133962745193878,0.0,0.0,0.0,0.0,0.0,0.0,0.0,2.173319353536043,0.0,0.1686420355588392,0.0,0.12141333091586493,0.0,0.0,0.0,0.004609253252589672,0.0,0.14821827215414504,0.0,0.0,0.0093471722592526,0.08501667348871386,0.05227676545235779,0.0,0.0,0.0,0.0,0.3723949652380241,0.02772025835592744,0.0,0.0,0.0,0.0,0.0,0.05004887960722227,0.0,0.0,0.02062665058995782,0.0,0.9789277763813988,0.0,0.0,0.0,0.0,0.008630305143440056,0.0,0.0,0.08922694207039553,0.0,0.0,0.0,4.659045433656424,0.39473363001980655,1.1114320053619873,2.0765248914297834,2.6325939485725245,4.060246302725238,6.194380621405696,0.0,1.704739194999914,2.9105791755427606,0.1644001350244117,0.07942931500291513,0.06295060882280785,3.851908915644172,3.1333498016666717,0.0,2.676605923391816,1.1986827289012156,0.0,1.303400849342017,0.0,0.0,0.026304324351908496,0.05130248870063107,2.1899510361887873,1.04271436944855,0.0
0.017636903049498446,0.0,0.4068631579765398,0.0550567933689351,0.0,0.0,0.0,0.0,0.0,0.0,0.0,0.03689011054026592,0.0,0.0,0.0,0.030971642412075527,0.0,0.0,0.0,0.0,0.012640180778770332,0.0,0.21785109681113138,0.032524065692199365,0.0,0.0,0.0,0.0,0.0,0.0,2.991662424047701,0.0,0.24245007367770144,0.0,0.0,0.0,0.0,0.0,0.005184375859723257,0.0,0.34573699516404316,0.0,0.16298339202346543,0.01049341924845273,0.0,0.22366967138824592,0.0,0.0,0.0,0.0,0.5400272692575073,0.0,0.009490502947452436,0.0,0.0,0.0,0.0,0.0,0.0,0.0,0.07340895518534003,0.0,0.844867676074509,0.0,0.0,0.0,0.0,0.00992040959306388,0.0,0.0,0.22576849642959676,0.0,0.0,0.0,3.746151502378393,0.9907370786710321,1.0129261744442701,1.9001809120869462,2.929772064588578,5.386517826165069,5.598954693564097,0.0,1.1957255475120563,0.937193711170317,0.29242839288671796,0.3403913572200783,0.21487083400390522,4.466522714994443,3.044568980887168,0.0,3.084557554928644,1.990337726769196,0.0,3.4120227256150533,0.0,0.0,0.0,0.00992040959306388,3.2169514578965615,7.14392396382672,3.0
0.0,0.015497569395325591,0.17107869605868292,0.0422240737629849,0.0,0.0,1.9713320198080306,0.020057652341253476,0.0,0.0,0.0,0.04208395867125249,0.0,0.0,0.0,0.13697881196350373,0.0,0.0,0.0,0.0398402645317911,0.016068368627653675,0.0,0.13842131042024963,0.0,0.0,0.0,0.0,0.0,0.0,0.0,0.8381853522108784,0.0,0.13606010688026618,0.0,0.0,0.0,0.0,0.0,0.004033901284489715,0.0,0.17823658460480532,0.01564029037688224,0.20426594528956027,0.0,0.0,0.36502057861953074,0.0,0.0,0.0,0.0,0.1253866053658139,0.0,0.0,0.0,0.0,0.0,0.0,0.0,0.0,0.0,0.021479727410451392,0.0,1.1501047009995058,0.0,0.0,0.0,0.0,0.0,0.0,0.0,0.15159908226939658,0.0,0.0,0.0,4.657651436977436,0.7956007291013064,0.8354390532241255,1.5372960670908418,3.2756328744657917,4.3525819902777565,5.979453777416662,0.0,2.033828220787981,2.2601461265089675,0.17453425469490197,0.08283881472489178,0.0398402645317911,3.6213837775640396,2.5812307162325037,0.0,3.0537369480412178,0.7487188341190649,0.0,1.3310745802572634,0.0,0.0,0.0,0.007482576331206196,5.90576244800974,1.7712940156516621,2.0
0.0,0.006908369342177494,0.16787170802916096,0.02715405150372665,0.0,0.0,0.00791308164326493,0.017921907997262315,0.0,0.0,0.0,0.08651204657428184,0.0,0.0,0.0,0.0422240737629849,0.0,0.0,0.0,0.05311133645956253,0.0172092900322231,0.0,0.06708796480114695,0.02233230009805639,0.0,0.007195501404203766,0.0,0.0,0.0,0.0,2.5097718379145935,0.0,0.27572225616074836,0.0,0.0,0.0,0.0,0.0,0.0036022366801955253,0.0,0.10500752476097375,0.013926706042921726,0.038717107572853585,0.007195501404203766,0.0,0.0802483300921203,0.0,0.0,0.0,0.0,0.4506965962643782,0.0,0.012783184698289592,0.0,0.0,0.0,0.0,0.0,0.0,0.0,0.025454096427749127,0.0,0.8789999275920106,0.0,0.0,0.0,0.0,0.006764781878422359,0.0,0.0,0.127501219215837,0.0,0.0,0.0,4.500776563520308,1.8519189071952042,0.8312286931740579,1.7190081593661364,3.095519396121398,4.414981142903091,5.738932629630545,0.0,1.3025822657676345,5.174042822514479,0.41359408240917517,1.2988928810541611,0.03562390973072122,4.529033807267072,2.5476225670966763,0.0,2.886706211368727,1.5024324474003492,0.0,2.5864044748950628,0.0,0.0,0.005184375859723257,0.026729250487489024,5.3260195416951195,2.5979601647242174,0.0
0.018634174139050975,0.0,0.11716307546575941,0.025028794491522444,0.0,0.0,0.0,0.0,0.0,0.0,0.0,0.06722567253197158,0.0,0.0,0.0,0.06446901736844254,0.0,0.0,0.0,0.08120326041739433,0.004465436770300531,0.0,0.05199846779700237,0.0,0.0,0.0,0.0,0.0,0.0,0.0,0.8014897962893083,0.0,0.0897693086335084,0.0,0.0,0.0,0.0,0.0,0.005471851210059492,0.0,0.17568427073099724,0.0,0.0,0.0,0.0,0.062259894470126094,0.0,0.0,0.0,0.0,0.2843956805128771,0.0,0.019773069040027156,0.0,0.0,0.0,0.0,0.0,0.0,0.0,0.019630756335508422,0.0,0.5312691598829941,0.0,0.0,0.0,0.0,0.010350188169567268,0.0,0.0,0.092478087200385,0.0,0.0,0.0,4.408345027521272,0.6233986823772643,0.9297909977185974,1.770955870791122,2.361880627038438,4.627443416814575,4.883992194034176,0.0,0.9297909977185974,1.0768326955573986,0.046560905757741196,0.10272531001108826,0.033792988849303096,3.7762408796479847,2.303196246987749,0.0,3.4028040218220865,1.5073633526062162,0.0,1.3347398786686413,0.0,0.0,0.0,0.0,1.6323612895965671,3.3598584720012528,1.0
0.0,0.0,0.25918208033818735,0.012640180778770332,0.0,0.0,0.009060468156383597,0.0,0.008056554871058458,0.0,0.0,0.021906076733622215,0.0,0.0,0.0,0.024603367140657025,0.0,0.03280614508324148,0.0,0.0,0.016496319896195974,0.0,0.09410091643886649,0.0,0.0,0.0,0.0,0.0,0.0,0.0,0.6291933968621832,0.0,0.1247251523988885,0.0,0.0,0.0,0.0,0.0,0.0,0.0,0.13382652729882785,0.016211033155917154,0.13014013533644853,0.0,0.0,0.092478087200385,0.0,0.0,0.0,0.0,0.12498976997866353,0.0,0.0,0.0,0.0,0.0,0.0,0.0,0.0,0.0,0.014783752627070351,0.0,0.5483379755086202,0.0,0.0,0.0,0.0,0.0,0.0,0.0,0.0326651122818301,0.0,0.0,0.0,4.103237444360599,0.7554003692292638,0.5876530210923218,1.6892096883016303,3.4910064668700884,4.571191380948555,5.769890724952708,0.0,0.2566483898806774,1.038014690186716,0.1028596579220564,0.057138304393541776,0.019061365093430198,3.7931363694800653,2.7068178473397615,0.0,2.8584783904232727,0.2906603118113554,0.0,0.7875160481350304,0.0,0.0,0.0,0.04614178164472063,3.002162421150621,4.500477027723489,1.0
0.0,0.0,0.2835662389651465,0.022048165180173156,0.0,0.0,0.0,0.0,0.0,0.0,0.0,0.05088474002509346,0.0,0.0,0.0,0.042784398089239506,0.0,0.0,0.0,0.1059462119053246,0.005759269288684953,0.0,0.038295698181544525,0.0,0.0,0.0,0.0,0.0,0.0,0.0,2.630009328344954,0.0,0.03759307554023308,0.0,0.0,0.0,0.0,0.0,0.0,0.0,0.441377238922713,0.0,0.15107947302881158,0.028993411879548688,0.0,0.2315552903560406,0.0,0.0,0.0,0.0,0.35004456586269433,0.0,0.0,0.0,0.0,0.0,0.0,0.0,0.0,0.0,0.00647756407120479,0.0,0.7840013601022011,0.0,0.0,0.0,0.08719124956262302,0.0,0.0,0.0,0.3578334786294903,0.0,0.0,0.0,3.814724725765684,0.1426094872986651,1.0229713991348162,1.3770682063840611,4.774771249157928,4.101986172785737,6.981486226136123,0.0,0.8114710305298359,1.6292866695333577,0.15354595185667388,2.256799329402361,0.10835717809041852,3.530882279665905,3.599079705564855,0.0,1.7628165259811057,1.6426091624659906,0.0,2.988484740376193,0.0,0.0,0.010350188169567268,0.013640910669386311,0.9173171754564221,6.128831588876529,5.0
0.0,0.0,0.17325538302097232,0.0,0.0,0.0,0.0,0.0,0.0,0.0,0.0,0.1460034511389246,0.0,0.0,0.0,0.10661632898778424,0.0,0.0,0.0,0.06087747289933462,0.004896843214847462,0.0,0.10768786931437331,0.03815520102596883,0.0,0.0,0.0,0.0,0.0,0.0,1.2071432049417485,0.0,0.05074546358139898,0.0,0.0,0.0,0.0,0.0,0.0,0.0,0.28332916805164143,0.024035935455509406,0.0,0.024745190197137796,0.0,0.06942721045601417,0.0,0.0,0.0,0.0,0.3263072348862718,0.0,0.01106620140620535,0.0,0.0,0.0,0.0,0.0,0.0,0.0,0.05436228844968911,0.0,0.6924271980897078,0.0,0.0,0.0,0.0,0.0,0.0,0.0,0.05630606033187654,0.0,0.0,0.0,4.459529980855048,0.492724861891776,1.1068842886915429,1.8264773041055093,3.381227989673362,4.312868437525364,6.24947947384549,0.0,0.5432979013970696,0.11396714643300218,0.17887395816979543,0.08188496672922738,0.018918982163051733,3.2648816757002197,2.4657394362140415,0.0,2.909945871645695,0.1263121303287039,0.0,1.7373406461221956,0.0,0.0,0.0,0.0,0.7158055325591525,1.0806576633452252,1.0
0.0,0.0,0.014069582501655862,0.13933851360142885,0.0,0.0,0.0,0.0,0.0,0.0,0.0,0.05575096411845322,0.0,0.0,0.0,0.14509047680241982,0.0,0.0,0.0,0.1525079483649029,0.005184375859723257,0.0,0.09868904409132834,0.03955955725570582,0.0,0.0,0.0,0.0,0.0,0.0,3.6754998131209455,0.0,0.16427139768074095,0.0,0.0,0.0,0.0,0.0,0.0,0.0,0.2199583975849177,0.0,0.0,0.0,0.0,0.0,0.0,0.0,0.0,0.0,0.36681177312712687,0.0,0.04530316795657215,0.0,0.0,0.0,0.0,0.0,0.0,0.0,0.022758397578157615,0.0,0.7761039880731643,0.0,0.0,0.0,0.0,0.0,0.0,0.0,0.016924144257821412,0.0,0.0,0.0,3.058368452459825,0.6103220964420369,0.9608823446851962,1.6072948008192125,3.269885940180382,4.114850063664648,6.318184859435989,0.0,1.2547754266481013,0.4365882936601177,1.6888964917773892,0.09437121059251717,0.00992040959306388,4.357742005599289,2.75851638854748,0.0,3.4331464111795635,0.13053555675618825,0.0,1.053806443695794,0.0,0.0,0.0,0.4776773275653071,5.520629679959181,1.6688452830210727,0.0
0.0,0.0,0.38183708390604737,0.05199846779700237,0.0,0.0,0.0,0.0,0.0,0.0,0.0,0.0604624879861069,0.0,0.0,0.0,0.040822310107341116,0.0,0.0,0.0,0.03449746419944489,0.01106620140620535,0.0,0.07217441692431663,0.0,0.0,0.0,0.0,0.0,0.0,0.0,2.7496200759748177,0.0,0.09153059312061654,0.0,0.0,0.0,0.0,0.0,0.0,0.0,0.5088342742512338,0.0,0.0,0.013926706042921726,0.0,0.15159908226939658,0.0,0.0,0.0,0.0,0.45101324294397294,0.0,0.0,0.0,0.0,0.0,0.0,0.0,0.0,0.0,0.012354130407874092,0.0,0.6027419132823909,0.0,0.0,0.0,0.0,0.02587927302325896,0.0,0.0,0.12366619645381971,0.0,0.0,0.0,4.17832424016904,0.45817198959258987,1.1359944626968452,1.329181015847041,4.847430738047195,4.441390519433066,6.985627935595596,0.0,0.6790634171600228,6.8018609451460605,0.04684025420297235,0.4055567633437568,0.05797006863732994,3.5388236946318887,3.509645175721828,0.0,1.7520206387717372,0.9231872207101692,0.0,2.5534096573545444,0.0,0.0,0.0,0.038717107572853585,4.79824237733809,2.484731074321627,3.0
0.0,0.0,0.11503324294624008,0.029700234215419886,0.0,0.0,0.0,0.0,0.0,0.0,0.0,0.008773707066016134,0.0,0.0,0.0,0.029134804053022843,0.0,0.0,0.0,0.0,0.0038900274333718426,0.0,0.12565110166152013,0.0,0.0,0.0,0.0,0.0,0.0,0.0,1.7738697673637445,0.0,0.22848009832991745,0.0,0.0,0.0,0.0,0.0,0.0,0.0,0.0966666685801791,0.0,0.0,0.0,0.0,0.0,0.0,0.0,0.0,0.0,0.12551885957509096,0.0,0.008917094736053047,0.0,0.0,0.0,0.0,0.0,0.0,0.0,0.04781754802136954,0.0,0.5328655031063249,0.0,0.0,0.0,0.171847313573341,0.009203827329839744,0.0,0.0,0.05144171138261017,0.0,0.0,0.0,4.104772757513325,0.8704239058581924,0.9667995846272036,1.5236121358813997,2.6633218457839583,4.76063612735917,5.841980664383604,0.0,0.9734275980043099,1.1610492249005568,0.37027589672848954,0.16954023145979727,0.041383179019406156,3.5235117744872104,2.577392571369714,0.0,3.34733966676304,0.8443856530025712,0.0,1.3026992347186381,0.0,0.0,0.007051942516490025,0.009203827329839744,2.8269043505443436,3.9899745836337486,2.0
0.021337582965694914,0.0,0.2027624852758868,0.047677975144475616,0.0,0.0,0.0,0.0,0.0,0.0,0.0,0.15016970629570192,0.0,0.0,0.0,0.0,0.0,0.05004887960722227,0.0,0.06267436276339249,0.015212085068503288,0.0,0.1294808586988783,0.0,0.0,0.0,0.0,0.0,0.0,0.0,2.21204009797664,0.0,0.01321211142685117,0.0,0.0,0.0,0.0,0.0,0.0,0.0,0.6054943338525088,0.049073096654305606,0.06805164299778978,0.012783184698289592,0.0,0.07135080412884309,0.0,0.0,0.0,0.0,0.32285112437559094,0.0,0.0,0.0,0.0,0.0,0.0,0.0,0.0,0.0,0.017066724189833377,0.0,0.4178120176146104,0.0,0.0,0.0,0.0,0.0,0.0,0.0,0.049909522443058005,0.0,0.0,0.0,4.254148044683174,0.30754510189958634,1.032383005311653,1.7626464670381505,4.9271853578263665,4.390660807706503,6.336893904340954,0.0,0.5172252925024589,1.2750070474998698,0.06391705369231143,0.02786177535450958,0.03407482027057225,3.2115106628835393,2.856228798219045,0.0,2.207205690380002,0.06295060882280785,0.0,0.8660771263092997,0.0,0.0,0.0,0.0,2.0805212318314923,1.9705223853064093,2.0
0.0,0.0,0.16877038350082046,0.008486888965491164,0.0,0.0,0.012211083950874365,0.0,0.0,0.0,0.08610437124329078,0.09612688930500614,0.0,0.0,0.0,0.0,0.0,0.0,0.0,0.02786177535450958,0.004465436770300531,0.0,0.08106688049188852,0.03463831799900894,0.0,0.0,0.0,0.0,0.0,0.0,2.201037842292562,0.0,0.13408948092042317,0.0,0.0,0.0,0.0,0.0,0.011209361420303354,0.0,0.1437852247086015,0.0,0.0,0.011209361420303354,0.0,0.12326888749434657,0.013640910669386311,0.0,0.0,0.0,0.24804899843720607,0.0,0.029841557136715123,0.0,0.0,0.0,0.0,0.0,0.0,0.0,0.04446406651324603,0.0,0.7712940156516619,0.0,0.0,0.0,0.0,0.0,0.0,0.0,0.029417546835091735,0.0,0.0,0.0,4.281319910277891,1.171847313573341,1.1295467999215918,1.7946445998628802,3.489080459267015,4.124890544073959,5.979227391783204,0.0,0.4818155736178629,2.4213714330008944,0.22983399046099756,0.8135246892978104,0.025737561413608275,3.8246660362096345,2.5239131781807926,0.0,2.977994224184116,0.23462394136385586,0.0,1.1148334098493229,0.0,0.0,0.0,0.0,4.562340127243459,2.552131108253784,1.0
0.017066724189833377,0.019630756335508422,0.12855736497375747,0.0,0.0,0.0,0.08651204657428184,0.0,0.029417546835091735,0.06942721045601417,0.0,0.026729250487489024,0.0,0.0,0.0,0.08814159686901755,0.0,0.0,0.0,0.12234140752611963,0.004033901284489715,0.0,0.5205479681065772,0.0,0.0,0.0,0.0,0.0,0.0,0.0,1.2247194655788205,0.005040616700530137,0.07751646970209519,0.0,0.0,0.0,0.0,0.0,0.0,0.0,0.13106261678246817,0.019773069040027156,0.05450121618256057,0.0,0.0,0.3597460469054708,0.0,0.0,0.0,0.0,0.13474665536848754,0.0,0.0,0.0,0.0,0.0,0.0,0.0,0.0,0.0,0.013640910669386311,0.0,0.7661286749911331,0.0,0.0,0.0,0.0,0.0,0.0,0.0,0.05935527761642124,0.0,0.0,0.0,3.8945364709714245,1.0061184613833796,0.6599245584023783,1.4158127395361617,3.2137671965315997,4.499010316760573,6.462899751382218,0.0,0.8426973028498014,4.812564967688402,0.23229236208914864,0.5078200060423534,0.007769594145917668,3.7940518973688007,2.8092086242710885,0.0,2.8293421939028027,0.24123003551544533,0.0,0.8322014059028199,0.0,0.0,0.0,0.0,5.556368101140254,2.1299094227815853,2.0
0.0,0.0,0.11036324336041808,0.05436228844968911,0.0,0.0,0.0,0.0,0.0,0.0,0.0,0.1654296204241852,0.0,0.0,0.0,0.030689204071140407,0.0,0.0,0.0,0.0,0.028852005847493426,0.0,0.05422334733715443,0.0,0.0,0.0,0.0,0.0,0.0,0.0,1.5253172122544494,0.0,0.042784398089239506,0.0,0.0,0.0,0.0,0.0,0.0,0.0,0.5836153565845577,0.0597705810902546,0.21101219348551165,0.031112840850249287,0.0,0.0585243118408003,0.0,0.0,0.0,0.005328120695281701,0.27905521648346715,0.0,0.0093471722592526,0.0,0.0,0.0,0.0,0.0,0.0,0.0,0.04124298223188134,0.0,0.9091202401241334,0.0,0.0,0.0,0.0,0.019488429591360157,0.0,0.0,0.19345636574958547,0.0,0.0,0.0,3.1848198154326353,0.2348691517053808,1.0857645537783138,1.6553060280429892,3.9415383033718934,3.8308738951212007,5.738016575272509,0.0,0.5960764237105123,0.06004738366993889,0.2221863073221123,0.06322680199698132,0.03576465360097467,3.889921273129016,2.4946972092742725,0.0,2.2306948971219156,0.11236652307256315,0.0,0.9151001728642015,0.0,0.0,0.014783752627070351,0.06695024392462703,2.9071791057666423,5.241455057642751,3.0
0.0,0.0,0.21325395073353418,0.1506896432473209,0.0,0.0,0.04684025420297235,0.0,0.0,0.0,0.0,0.038014690186715924,0.0,0.0,0.0,0.025595835882683472,0.0,0.0,0.0,0.1253866053658139,0.003458319772411079,0.0,0.14912926990993294,0.0,0.0,0.0,0.0,0.0,0.0,0.0,0.8625902483801616,0.0,0.22638521727038605,0.0,0.0,0.0,0.0,0.0,0.0,0.0,0.16594408777059763,0.0,1.1488690435310007,0.03463831799900894,0.0,0.1870075669770331,0.0,0.0,0.0,0.0,0.09639680418715713,0.0,0.0,0.0,0.0,0.0,0.0,0.0,0.0,0.0,0.01934608880481197,0.0,0.6176746254686815,0.0,0.0,0.0,0.0,0.0,0.0,0.0,0.18878069779214163,0.0,0.0,0.0,3.5703779212379656,1.5198941066234044,0.7921890189791807,1.7894788704239282,2.7483324151959327,5.298599668232614,5.816407709856236,0.0,0.925999418556223,1.0342861577119358,0.022190239634065988,0.2458607018403533,0.023326331860027503,4.4208124850924895,2.9311156997577874,0.0,3.677902829380559,0.13946949503879597,0.0,1.2644763800077004,0.0,0.0,0.012354130407874092,0.11009592910342043,0.4951834779083347,4.184994323159961,5.0
0.0,0.0,0.07121348960526455,0.03322916078511099,0.0,0.0,0.0,0.0,0.0,0.0,0.0,0.009777121611529915,0.0,0.0,0.0,0.15587873270414274,0.0,0.0,0.0,0.05450121618256057,0.017636903049498446,0.0,0.1714630560025812,0.0,0.0,0.0,0.0,0.0,0.0,0.0,2.952408122326442,0.0,0.14795788138710142,0.0,0.0,0.0,0.0,0.0,0.005471851210059492,0.0,0.40370401025096164,0.021479727410451392,0.0,0.01106620140620535,0.0,0.2337653768083384,0.0,0.0,0.0,0.0,0.1578198394788626,0.0,0.0,0.0,0.0,0.0,0.0,0.0,0.0,0.0,0.03421571533791298,0.0,0.9281997480045767,0.0,0.0,0.0,0.13014013533644853,0.0,0.0,0.0,0.06446901736844254,0.0,0.0,0.0,3.7691264014065897,0.6886727383391431,1.079224488561045,1.6358008167589597,3.521992956401672,4.460342851758426,6.149214646463876,0.0,1.233397264101883,2.070801467600211,0.3206579643119249,0.4128357100501642,0.029558897449116415,3.932958795794056,2.9607896949699226,0.0,2.6060868407567623,1.2498700468224981,0.0,2.477081477678668,0.0,0.0,0.0,0.0,4.40133010137816,3.460768770546003,2.0
0.018349309878891815,0.0,0.18103892443166827,0.08882003329858511,0.0,0.0,0.0,0.0,0.0,0.0,0.0,0.047677975144475616,0.0,0.0,0.0,0.0,0.0,0.0,0.0,0.0,0.008773707066016134,0.0,0.14899916258776436,0.0,0.0,0.0,0.0,0.0,0.0,0.0,1.6460243730507966,0.0,0.18726100484169694,0.0,0.14234808214468114,0.0,0.0,0.0,0.0,0.0,0.1897929378202589,0.0,0.16889872002546932,0.0,0.0,0.061430600497748115,0.0,0.0,0.0,0.0,0.22576849642959676,0.0,0.009777121611529915,0.0,0.0,0.0,0.0,0.0,0.0,0.0,0.05283319976294459,0.0,0.5828449947769655,0.0,0.0,0.0,0.0,0.0,0.0,0.0,0.4875892483208623,0.0,0.0,0.0,3.991517311074333,0.5884208204935674,0.9745293124838816,1.8472352831706262,3.217060064779258,4.435368565506325,5.5318336940205555,0.0,0.9616233282869445,0.2027624852758868,0.1080894918402974,0.14769744361387158,0.020911065581689963,3.4964367832554153,2.9353277304542567,0.0,2.9253728491418416,0.4250295475262856,0.0,1.8521187236857233,0.0,0.0,0.0,0.07025192182044421,0.19924830684020237,3.6914224968947713,5.0
0.0,0.0093471722592526,0.2965455081951174,0.021906076733622215,0.0,0.0,1.3146385266998821,0.0,0.0,0.0,0.0,0.025454096427749127,0.0,0.0,0.0,0.02842770457266734,0.0,0.0,0.0,0.09369538023355704,0.0076260923761779465,0.0,0.08460857531780949,0.05907834220125303,0.0,0.0,0.0,0.0,0.0,0.0,0.6749125529080066,0.0,0.05921681655379864,0.0,0.0,0.0,0.0,0.0,0.004753055399819502,0.0,0.07901963303483801,0.03717133764464353,0.28557977040279486,0.028852005847493426,0.0,0.1571730940334645,0.0,0.0,0.0,0.0,0.19559957544990353,0.007339046008161997,0.0,0.0,0.0,0.0,0.0,0.0,0.0,0.0,0.04670058674162228,0.0,0.6525094401836642,0.0,0.0,0.0,0.0,0.0,0.0,0.0,0.025312343046069,0.0,0.0,0.0,4.089023502030449,0.8073549220576041,0.8352773433051208,1.5806761441892665,2.7269183863048005,4.596964949828084,6.4357169264185226,0.0,0.5272705568773409,0.18002052146631284,0.06446901736844254,0.045582760019634974,0.06184530707106949,3.3982409052644686,3.024940174138235,0.0,3.0840302385607843,0.09423606984576555,0.0,0.6928735074639985,0.0,0.0,0.0,0.02687086472474519,4.746968387904994,0.4065366702051717,3.0
0.0,0.0,0.0959919129246028,0.0560285389227513,0.0,0.0,0.0,0.0,0.0,0.0,0.0,0.02644598030380087,0.0,0.0,0.0,0.08678376614206665,0.0,0.0,0.0,0.03717133764464353,0.011924948479708557,0.0,0.13684760419288092,0.723340120251171,0.0,0.0,0.0,0.0,0.0,0.0,2.1710146261112584,0.0,0.15587873270414274,0.0,0.0,0.0,0.0,0.0,0.0,0.0,0.45249000921845045,0.0,0.0,0.0,0.0,0.0,0.0,0.0,0.0,0.0,0.20263712618983767,0.0,0.026729250487489024,0.0,0.0,0.0,0.0,0.0,0.0,0.0,0.0526941113038451,0.0,0.7882680828668371,0.0,0.0,0.0,0.0,0.0,0.0,0.0,0.08691960673732627,0.0,0.0,0.0,3.1874193809015847,0.4971269151036998,1.3525890520830377,1.913071307862046,2.9696570462691043,3.9969039026897986,5.597105036551369,0.0,0.8071900332019599,1.6470381488335222,0.8269246829363488,0.070389327891398,0.005759269288684953,4.571913397411072,2.8443655652124735,0.0,3.888655588814935,0.18561286234235091,0.0,1.7956422855669922,0.0,0.0,0.010779838753242763,1.3757901326966055,5.84286069686998,2.0516157208439036,0.0
0.06681250989990178,0.0,0.202511756210103,0.045442970761167115,0.0,0.0,2.067707546103729,0.0,0.0,0.0,0.0,0.026729250487489024,0.0,0.0,0.0,0.029841557136715123,0.0,0.0,0.0,0.1449600047208578,0.008056554871058458,0.0,0.07847320937869356,0.4104496554618034,0.0,0.0,0.0,0.0,0.0,0.0,1.0853566671369514,0.0,0.14077865578279591,0.0,0.0,0.0,0.0,0.0,0.0,0.0,0.13040376165803888,0.0,0.5454742108401807,0.0,0.0,0.4461503401290931,0.0,0.0,0.0,0.005184375859723257,0.13960046458551462,0.0,0.0,0.0,0.0,0.0,0.0,0.0,0.0,0.0,0.009060468156383597,0.0,0.7701101617330285,0.0,0.0,0.0,0.06101577468162803,0.0,0.0,0.0,0.0526941113038451,0.0,0.0,0.0,3.8405740124815857,0.5185351389821803,0.7843364614429772,1.457856910413769,3.730139952356512,4.360553907537344,6.876578336537175,0.0,4.900746075310617,0.022190239634065988,2.408874868208958,0.2332745389909343,0.01934608880481197,3.8440541686942318,2.9367792573094658,0.0,3.1150831968958266,0.07737974079701358,0.0,1.2468336879105422,0.0,0.0,0.014355292977070054,0.03759307554023308,2.8844025529836874,6.1449029194746005,5.0
0.0,0.0,0.17005323530230423,0.06295060882280785,0.0,0.0,0.0,0.0,0.0,0.0,0.0,0.02786177535450958,0.0,0.0,0.0,0.0,0.0,0.0,0.0,0.0,0.012640180778770332,0.0,0.17440641852974909,0.0,0.0,0.0,0.0,0.0,0.0,0.0,3.31681189341368,0.0,0.09085343045111348,0.0,0.0,0.0,0.0,0.0,0.0,0.0,0.16800012451782012,0.0,0.0,0.010636636108736996,0.0,0.0,0.0,0.0,0.0,0.0,0.4035949506416654,0.0,0.0,0.0,0.0,0.0,0.0,0.0,0.0,0.0,0.009490502947452436,0.0,0.9966779796163704,0.0,0.0,0.0,0.0,0.0,0.0,0.0,0.34141652447872234,0.0,0.0,0.0,4.382314489356171,0.4486895517688408,1.0268708647247455,1.4555968270050108,3.679130995446139,4.090946559167354,6.069588323945995,0.0,1.3950079431499258,2.25165850571527,0.16221003631430692,0.22119654994454657,0.012211083950874365,4.174374457718465,3.1818181535884977,0.0,2.5575571338981185,0.9262271945282075,0.0,2.5055098860051848,0.0,0.0,0.0,0.22070141650652012,2.320080262369761,3.101128971436047,0.0
0.0,0.0,0.03660882860510138,0.0,0.0,0.0,0.0,0.0,0.010923027184791876,0.0,0.0,0.00992040959306388,0.0,0.0,0.0,0.0,0.0,0.0,0.0,0.0,0.004465436770300531,0.0,0.06419306192749237,0.7907720378619999,0.0,0.0,0.0,0.0,0.0,0.0,2.2429073221229916,0.0,0.09085343045111348,0.0,0.0,0.0,0.0,0.0,0.0,0.0,0.243181601644472,0.02176397429165667,0.0,0.0,0.05213762333517526,0.0,0.0,0.0,0.0,0.0,0.3206579643119249,0.008486888965491164,0.0,0.0,0.0,0.0,0.0,0.030547964162966627,0.0,0.0,0.07340895518534003,0.0,0.6648468815073885,0.0,0.0,0.0,0.0,0.01049341924845273,0.0,0.0,0.014783752627070351,0.0,0.0,0.0,3.0292231671250907,0.8177869582991809,1.2265085298086797,1.635290054279581,3.058818666960851,4.151737072022282,5.643674398746497,0.0,1.118160353120777,2.8441043984854724,0.9293365340068886,0.031112840850249287,0.04684025420297235,4.494249185221667,2.8219754669646155,0.0,3.5957065401458475,0.7363018017634372,0.0,1.328147114033631,0.0,0.0,0.008056554871058458,0.9857190039044075,3.2250897988676397,2.334453862323681,0.0
0.0,0.0,0.06942721045601417,0.03463831799900894,0.0,0.0,0.0,0.0,0.017921907997262315,0.0,0.0,0.03238300531165298,0.0,0.0,0.0,0.0,0.0,0.0,0.0,0.022900402110078828,0.003746139232894637,0.0,0.13999330190336454,0.056583528366367514,0.0,0.0,0.0,0.0,0.0,0.0,1.1686420355588392,0.0,0.28321061798453095,0.0,0.1208827332486521,0.0,0.0,0.0,0.0,0.0,0.16156525639703184,0.0,0.09734110879670181,0.009203827329839744,0.0,0.05199846779700237,0.0,0.0,0.0,0.0,0.16298339202346543,0.020768865094571848,0.0,0.0,0.0,0.0,0.0,0.0,0.0,0.0,0.040682058803007765,0.0,0.369494402007409,0.0,0.0,0.0,0.0,0.008630305143440056,0.0,0.0,0.3840498067951597,0.0,0.0,0.0,3.511505991119036,1.8283472387679982,0.9728396727591956,1.4963600815563556,3.0026485195548154,4.025932411288357,5.469570189417091,0.0,0.4834675540928067,0.10473921621623744,0.046560905757741196,2.4971524692035985,0.024745190197137796,4.586044116446607,2.9656180766196094,0.0,4.192872735290421,0.4478436443620853,0.0,0.9317586878449081,0.0,0.0,0.0,0.0,0.16632981792063128,4.5219929564016725,5.0
0.0,0.011638756246893662,0.11423374442708778,0.12234140752611963,0.0,0.0,0.0,0.0,0.0,0.0,0.04670058674162228,0.010636636108736996,0.0,0.0,0.0,0.03520159571856608,0.0,0.0,0.0,0.0,0.00963381939726868,0.0,0.05004887960722227,0.07313470463021537,0.0,0.0,0.0,0.0,0.0,0.0,1.2387868595871168,0.0,0.06129233847829409,0.0,0.0,0.0,0.0,0.0,0.0,0.0,0.2067682354683216,0.0,0.3978029618624898,0.0820212693455023,0.05561215668669251,0.4663399879794748,0.0,0.0,0.0,0.0,0.16401388852505705,0.0,0.0,0.0,0.0,0.0,0.0,0.0,0.0,0.0,0.037030730944967026,0.0,0.7005284966427594,0.0,0.0,0.0,0.07203718077288009,0.0,0.0,0.0,0.17912882877215228,0.0,0.0,0.0,4.631639808237934,0.9359122870313616,1.1371100078023508,1.6864781162124005,3.4418685364043515,4.368300409862111,5.7788945346619585,0.0,1.0404716562785021,0.9444836711487518,0.08936255282773453,0.17810907609432516,0.06336487875842937,3.5819537508488177,2.7948732971166215,0.0,3.1567849075543597,1.316087801570005,0.0,1.3103982926264683,0.0,0.0,0.0,0.011209361420303354,1.6935873154028047,5.208618700611332,5.0
0.0,0.0,0.25120402291466304,0.0,0.0,0.0,0.0,0.0,0.0,0.0,0.0,0.0,0.0,0.0,0.0,0.0,0.0,0.0,0.0,0.0398402645317911,0.00647756407120479,0.0,0.06681250989990178,0.0,0.0,0.0,0.0,0.0,0.0,0.0,1.7313570497816613,0.0,0.06557231159362208,0.0,0.0,0.0,0.0,0.0,0.008056554871058458,0.0,0.3580586183054919,0.0,0.08515268056313831,0.016068368627653675,0.0,0.08936255282773453,0.0,0.0,0.0,0.0,0.28912622017512163,0.0,0.04264433740849372,0.0,0.0,0.0,0.0,0.0,0.0,0.0,0.007195501404203766,0.0,0.7593263046785146,0.0,0.0,0.0,0.0,0.0,0.0,0.0,0.12247394117564454,0.0,0.0,0.0,4.072646066653153,0.7988385441040987,1.0299122134063323,1.486096494421355,3.7254248848312947,4.246499297958883,5.751463721165559,0.0,0.5539502410629381,1.4926735961439999,0.09301923313354474,0.0506061736907874,0.030689204071140407,3.51486709200234,2.724519310112148,0.0,2.7998954863692664,1.5190889469996518,0.0,1.3176513849083635,0.0,0.0,0.0,0.10205338272918787,2.318548232508661,3.8923910259134034,4.0
0.023042392665863817,0.0,0.28131249085814347,0.031112840850249287,0.0,0.0,0.0,0.0,0.0,0.0,0.0,0.024177814301165258,0.0,0.0,0.0,0.0404015152842066,0.0,0.0,0.0,0.0675010485665715,0.010923027184791876,0.0,0.125915549474723,0.0,0.0,0.0,0.0,0.0,0.0,0.0,0.9819256992906619,0.0,0.0769694763151108,0.0,0.0,0.0,0.0,0.0,0.006908369342177494,0.0,0.583230227099919,0.0,0.7455385345492702,0.027437182706851134,0.0,0.5777309314900803,0.0,0.0,0.0,0.0,0.19383481065383806,0.0,0.0,0.0,0.0,0.0,0.0,0.0,0.0,0.0,0.030406710426045758,0.0,0.9645095333889118,0.0,0.0,0.0,0.0,0.012926174444270048,0.0,0.0,0.09693648250295737,0.0,0.0,0.0,4.1402469525000525,0.8287940381986223,0.9326659481457786,1.9190349196919492,3.6356267135007054,4.526175256593475,6.652513742380319,0.0,1.7533905976659918,0.039980597690881255,0.10205338272918787,0.05144171138261017,0.057276965073247615,4.102397784554865,3.121413330915865,0.0,2.922768722917127,0.06419306192749237,0.0,0.40184887473607567,0.0,0.0,0.0,0.012926174444270048,0.27429148410210263,4.557269159196855,3.0
0.0,0.0,0.10379974315766799,0.07258604706859655,0.0,0.0,0.07819991992137154,0.0,0.0,0.0829750272577682,0.0,0.09437121059251717,0.0,0.0,0.0,0.03590538374212795,0.0,0.0,0.0,0.1457426602776055,0.033792988849303096,0.0,0.14208662961752688,0.0,0.0,0.0,0.0,0.0,0.0,0.0,2.56817806990378,0.0,0.19093085956261452,0.0,0.0,0.0,0.0,0.0,0.0,0.0,0.21051355180046855,0.023752135898994976,0.0,0.02431967919541289,0.0,0.13382652729882785,0.0,0.0,0.0,0.0,0.3283769340326658,0.018349309878891815,0.032524065692199365,0.0,0.0,0.0,0.0,0.03322916078511099,0.0,0.0,0.048375704538976265,0.0,1.0425743019687415,0.0,0.0,0.0,0.07340895518534003,0.022758397578157615,0.0,0.0,0.14626419486652553,0.0,0.0,0.0,4.2031854917903,0.8454298328511517,1.0577621725290536,2.0099920482474416,3.367986037096092,4.327558033126581,6.038262770388289,0.0,0.8913414114321193,4.519655121755776,0.4379734003380242,0.6474526700542457,0.09139518601170002,4.278386266329131,2.6657565826793985,0.0,3.1327248881566074,2.0749506439094834,0.0,2.508200440188261,0.0,0.0,0.0,0.011495638837829437,4.065046628173817,5.897037078386515,3.0
0.0714881055841824,0.0,0.32688244921584425,0.021906076733622215,0.0,0.0,0.0,0.0,0.0,0.0497701518163845,0.0,0.12300395405481979,0.0,0.0,0.0,0.08379203249388646,0.0,0.0,0.0,0.0709388213434375,0.005759269288684953,0.0,0.10393399105623309,0.0,0.0,0.0,0.0,0.0,0.0,0.0,0.8942163129631281,0.0,0.11609855223657987,0.0,0.0,0.0,0.0,0.0,0.007195501404203766,0.0,0.1614362658259871,0.02800327847275247,0.0769694763151108,0.028852005847493426,0.0,0.0,0.0,0.0,0.0,0.0,0.14925936549962288,0.0,0.0,0.0,0.0,0.0,0.0,0.0,0.0,0.0,0.04460395064976797,0.0,0.4539652653964085,0.0,0.0,0.0,0.0,0.0,0.0,0.0,0.07477942649661334,0.0,0.0,0.0,4.575905262995802,0.9649530529007992,1.21555435487164,1.9322501913293992,3.33124659930012,4.6618521898369245,5.692217943032234,0.0,1.5008530307798493,0.35727047567955966,0.060600829554117094,0.03435659664664159,0.05477903151961949,3.3819754785573015,2.4765890681750435,0.0,3.215756242260157,0.1685136761974936,0.0,0.8840117375835215,0.0,0.0,0.0,0.0,0.2232989733327897,0.6344074020398196,4.0
0.0,0.0,0.11729608565724152,0.0820212693455023,0.0,0.0,0.0,0.0,0.0,0.0,0.0,0.0578314745605733,0.0,0.0,0.0,0.06460697529739193,0.0,0.0,0.0,0.10728613495222236,0.022048165180173156,0.0,0.11330043583336065,0.06777637204849275,0.0,0.0,0.0,0.0,0.0,0.0,2.701637767208172,0.0,0.10608026022513196,0.0,0.0,0.0,0.0,0.0,0.0,0.0,0.24049751707326048,0.021479727410451392,0.05935527761642124,0.01106620140620535,0.0,0.062259894470126094,0.0,0.0,0.0,0.0,0.48923463453201754,0.008343458529334968,0.019773069040027156,0.0,0.0,0.0,0.0,0.0,0.0,0.0,0.05838577100035305,0.0,0.7625614300488895,0.0,0.0,0.0,0.0,0.0,0.0,0.0,0.15988747873050047,0.0,0.0,0.0,3.6307316253515314,0.759496755416058,1.0387873305055693,2.057588902884359,3.1290356765938925,4.486791589253706,6.113133710030758,0.0,1.1950955771772185,0.17670573818911434,0.37373172237872887,0.2686739245483581,0.0504668703506619,3.608111377133674,2.3895943438481244,0.0,3.0303713948307567,0.38316512484753,0.0,2.4473147002531763,0.0,0.0,0.0,0.030971642412075527,1.258217389536018,6.1377637591842245,5.0
0.0,0.013497991748977312,0.3733976491942119,0.05255500943410528,0.0,0.0,0.0,0.0,0.0,0.0,0.0,0.024745190197137796,0.0,0.0,0.0,0.04124298223188134,0.0,0.0,0.0,0.0,0.005615567406909804,0.0,0.07997537672059589,0.0,0.0,0.0,0.0,0.0,0.0,0.0,2.1583370271671005,0.0,0.1130336652998915,0.0,0.0,0.0,0.0,0.0,0.0,0.0,0.42782068397713346,0.027295624050907505,0.1460034511389246,0.02800327847275247,0.0,0.22391675051899007,0.0,0.0,0.0,0.0,0.21275608340363805,0.0,0.012640180778770332,0.0,0.0,0.0,0.0,0.0,0.0,0.0,0.04334450487716922,0.0,0.8337401943708687,0.0,0.0,0.0,0.08420036167465528,0.0,0.0,0.0,0.2866446210164392,0.0,0.0,0.0,4.229910878017355,0.7067294550325995,0.9318343146654054,1.4509604733234223,3.3759013144969754,4.604670344847535,6.271205280718966,0.0,0.920521978790339,0.5026361172024649,0.18065710756007647,0.04166353172936154,0.042784398089239506,4.199727303600619,2.8585778489073967,0.0,2.8887140294622964,0.2527789515281839,0.0,1.258639521137091,0.0,0.0,0.0,0.026162654489675658,1.9752266300867651,4.642418549450212,2.0
0.0,0.027578727474282683,0.29301727204950834,0.05380644369579382,0.0,0.0,0.01564029037688224,0.0,0.0,0.0,0.0,0.025312343046069,0.0,0.0,0.0,0.0,0.0,0.0,0.0,0.0,0.0172092900322231,0.0,0.06722567253197158,0.0,0.0,0.0,0.0,0.0,0.0,0.0,1.0535979466882934,0.0,0.1897929378202589,0.0,0.0,0.0,0.0,0.0,0.0,0.0,0.3048614514884491,0.0,0.28427721805512784,0.014355292977070054,0.0,0.15639661659766543,0.0,0.0,0.0,0.0,0.05949372539167156,0.0,0.0,0.0,0.0,0.0,0.0,0.0,0.0,0.0,0.00647756407120479,0.0,0.9343277783153695,0.0,0.0,0.0,0.0,0.0,0.0,0.0,0.19585150857564437,0.0,0.0,0.0,3.7203113031382284,1.1517938874963232,0.8320393326519738,1.6581429173977906,3.102674926318843,4.319784100441474,5.646067588258126,0.0,1.2029505034834411,2.11146539142021,0.10661632898778424,0.03969991772095141,0.05450121618256057,3.9002871989974035,3.0181534330671247,0.0,3.852857804159528,1.0172805676706795,0.0,1.4978422588609606,0.0,0.0,0.0,0.039980597690881255,0.516116031241382,4.658594246101238,2.0
0.0,0.0,0.08909131856468917,0.03576465360097467,0.0,0.0,0.43946356799098146,0.0,0.0,0.0,0.0,0.007051942516490025,0.0,0.0,0.0,0.046560905757741196,0.0,0.0,0.0,0.039278795351367586,0.01578299724092746,0.0,0.061983516108957325,0.0,0.0,0.0,0.0,0.0,0.0,0.0,1.9041950482378747,0.0,0.3514021836299643,0.0,0.0,0.0,0.0,0.0,0.00791308164326493,0.0,0.09071795976779981,0.0,0.23915359984436965,0.039419183133397186,0.0,0.21151066288353915,0.0,0.0,0.0,0.0,0.2859348079438727,0.0,0.0,0.0,0.0,0.0,0.0,0.0,0.0,0.0,0.02814476771337868,0.0,1.2909551425075951,0.0,0.0,0.0,0.0,0.007482576331206196,0.0,0.0,0.125915549474723,0.0,0.0,0.0,3.7215039070357077,1.253021095711513,0.9800253002387339,1.7871398837128805,2.7802050955831676,4.084829642823344,5.6701350145780935,0.0,3.7945822215921807,2.671950022960008,0.3211199593653933,0.5090370423528872,0.030265442857669595,4.256701220509601,2.6461396107271566,0.0,3.662946029768056,1.1940239958851295,0.0,1.5871729388806808,0.0,0.0,0.0,0.06571016406526571,3.1183763391121353,3.942448820167298,3.0
0.0,0.0,0.17517326566379737,0.0560285389227513,0.0,0.0,0.0,0.0,0.0,0.0,0.0,0.0966666685801791,0.0,0.0,0.0,0.07272323102162045,0.0,0.0,0.0,0.031112840850249287,0.02488699931317951,0.0,0.11503324294624008,0.31533436033437867,0.0,0.0,0.0,0.0,0.0,0.0,2.460585313253668,0.0,0.19534759832221926,0.0,0.0,0.0,0.0,0.0,0.0,0.0,0.5684213123114795,0.0,0.0,0.025028794491522444,0.0,0.07011450266132818,0.0,0.0,0.0,0.0,0.6756353007675154,0.0,0.0,0.0,0.0,0.0,0.0,0.0,0.0,0.0,0.03322916078511099,0.0,1.3539442786487528,0.0,0.0,0.0,0.0,0.03491998434915955,0.0,0.0,0.1118325870779828,0.0,0.0,0.0,4.098352178317997,0.5924450770523623,1.408766198802392,2.122970833953787,4.00901566549309,4.218835403420281,5.79016470638872,0.0,1.8876032521497246,2.138454077719634,1.1818658478259951,0.13855237515264854,0.03337013846059218,4.0909211610227505,2.758239207562322,0.0,2.7054250390427272,0.24804899843720607,0.0,0.6260185327077469,0.0,0.0,0.008917094736053047,0.01178185945991471,0.32688244921584425,0.17030966883317647,1.0
0.0174943794592725,0.0,0.2470768319308177,0.039138393906958314,0.0,0.0,0.0,0.0,0.0,0.0709388213434375,0.0,0.03646816706929173,0.0,0.0,0.0,0.030689204071140407,0.0,0.0,0.0,0.0,0.01249716268290215,0.0,0.0858325236749548,0.0,0.0,0.0,0.0,0.0,0.0,0.0,1.0332996513448633,0.0,0.16902704513481687,0.0,0.0,0.0,0.0,0.0,0.005184375859723257,0.0,0.1655582544611737,0.0597705810902546,0.05575096411845322,0.01049341924845273,0.0,0.0585243118408003,0.0,0.0,0.0,0.0,0.13776580809587857,0.0,0.0093471722592526,0.0,0.0,0.0,0.0,0.0,0.0,0.0,0.0184917490398792,0.0,0.770786768635283,0.0,0.0,0.0,0.12287146908839316,0.0,0.0,0.0,0.040822310107341116,0.0,0.0,0.0,3.660403855293517,1.086579981264139,0.8723165857503631,1.5448315519458846,3.179670279347428,4.94621618840514,5.4197849376762965,0.0,0.6064422281316076,2.4602707607525,0.06942721045601417,0.08691960673732627,0.03576465360097467,4.0400858386028355,2.763581543254474,0.0,3.05890523056773,0.3645724322958561,0.0,0.7757669688481571,0.0,0.0,0.0,0.0,3.081015734695875,1.3166091843278231,2.0
0.019630756335508422,0.0,0.23241517077540189,0.02658762234808418,0.0,0.0,0.025454096427749127,0.0,0.0,0.0,0.0,0.06115406320710068,0.0,0.0,0.0,0.0,0.0,0.0,0.0,0.0858325236749548,0.0,0.0,0.09071795976779981,0.03618680284784627,0.0,0.01178185945991471,0.0,0.0,0.0,0.0,0.6414535456719408,0.0,0.14561224716647592,0.0,0.0,0.0,0.0,0.0,0.0,0.0,0.1853591347580021,0.0,0.2893623404769398,0.023468280503905366,0.05450121618256057,0.35636921371622504,0.0,0.0,0.0,0.0,0.05561215668669251,0.0,0.0,0.0,0.0,0.0,0.0,0.0,0.0,0.0,0.020911065581689963,0.0,0.6025518974716599,0.0,0.0,0.0,0.0,0.0,0.0,0.0,0.18243805572490956,0.0,0.0,0.0,4.911356032378819,0.5234615911718711,1.0278617753545092,1.8503993967702546,2.9958101060945763,4.428082076379735,6.0461461481485275,0.0,0.7412296637729597,0.008630305143440056,0.03955955725570582,0.046281503211910255,0.018064389360361564,2.909945871645695,3.3037661385330956,0.0,3.4275123141035055,0.03899797879750991,0.0,0.3120842615147539,0.0,0.0,0.0,0.01106620140620535,0.3006509076426647,1.6955484681330995,5.0
0.0,0.0,0.2337653768083384,0.032524065692199365,0.0,0.0,0.0,0.0,0.0,0.0,0.05588975819628299,0.06239806379847849,0.0,0.0,0.0,0.0,0.0,0.0,0.0,0.0,0.005759269288684953,0.0,0.12446048627433613,0.0,0.0,0.0,0.0,0.0,0.0,0.0,1.0540149105758456,0.0,0.1899194179010736,0.0,0.0,0.0,0.0,0.0,0.0,0.0,0.18205660901025042,0.0,0.0,0.0,0.0,0.22872635505849842,0.0,0.0,0.0,0.0,0.4322111491712192,0.010779838753242763,0.0,0.0,0.0,0.0,0.0,0.0,0.0,0.0,0.019203733973092663,0.0,1.0378741656611201,0.0,0.0,0.0,0.0,0.0,0.0,0.0,0.05616730630042659,0.0,0.0,0.0,4.970126603134074,0.7264824872650494,0.993855479702099,1.892818427795033,2.6166870418311055,4.5195796446247645,5.905870730718239,0.0,0.687239893984603,4.722116237818659,0.2788174030747215,0.40882053452885037,0.016496319896195974,4.0516070208692865,2.9310967840045583,0.0,3.260778431893426,2.1471764269809466,0.0,1.7037651787934098,0.0,0.0,0.02048442206508403,0.0,4.432197783891782,0.9465062986890213,2.0
0.0,0.0,0.19547359238726497,0.009777121611529915,0.0,0.0,0.0418036876570852,0.0,0.006333933722050485,0.0,0.025312343046069,0.06695024392462703,0.0,0.0,0.0,0.1284253890288373,0.0,0.0,0.0,0.0,0.010206942869257081,0.0,0.07340895518534003,0.0,0.0,0.0,0.0,0.0,0.0,0.0,1.6016489804411207,0.0,0.22107278251506315,0.0,0.0,0.0,0.0,0.0,0.003170442880128181,0.0,0.23032600002869183,0.0,0.0,0.04474382122439775,0.030124161455128837,0.1740228420554138,0.0,0.0,0.0,0.0,0.23290630100683052,0.0,0.023042392665863817,0.0,0.0,0.0,0.0,0.0,0.0,0.0,0.025737561413608275,0.0,1.1697326292784311,0.0,0.0,0.0,0.07724299893246035,0.00604663011841478,0.0,0.0,0.1614362658259871,0.0,0.0,0.0,4.218982604155987,1.647268453104383,0.9393770465477953,1.4586969686897142,3.5176410456881704,4.827295698764776,6.141925240736679,0.0,0.9398283588687507,2.1871342914745355,0.08556062487262552,1.5549817023668517,0.07737974079701358,4.334704129726321,3.0838771106042757,0.0,2.8905828813330876,0.8355199013869357,0.0,2.013855262507072,0.0,0.0,0.0,0.01206802330909034,4.434214540157141,0.5373457714901125,1.0
0.038014690186715924,0.01106620140620535,0.10299399332332565,0.05116325258211458,0.0,0.0,0.0,0.0,0.0,0.0,0.0,0.0398402645317911,0.0,0.0,0.0,0.0,0.0,0.0,0.0,0.0,0.009060468156383597,0.0,0.05352844098929936,0.03520159571856608,0.0,0.0,0.0,0.0,0.0,0.0,1.5268700863568265,0.0,0.0922074380970889,0.0,0.0,0.0,0.0,0.0,0.0,0.0,0.23044897620750635,0.0439043942956211,0.17568427073099724,0.0,0.0,0.12525433903146602,0.0,0.0,0.0,0.0,0.20501708816016756,0.0,0.0,0.0,0.0,0.0,0.0,0.0,0.0,0.0,0.010206942869257081,0.0,1.0816804886563336,0.0,0.0,0.0,0.0,0.0,0.0,0.0,0.02998286621571431,0.0,0.0,0.0,4.492853018291786,0.27786575723487955,1.1219437335104012,1.321004474471124,3.5197934862411002,3.907371413823564,5.921164943028695,0.0,0.9737214708048145,1.268673924548358,0.03843618165610792,0.06032413315110383,0.0475383887633606,3.930690035310685,2.8274328996296028,0.0,2.739610513594152,0.6218994862526012,0.0,2.6323147532986133,0.0,0.0,0.008200013832136126,0.021337582965694914,0.2815498933666418,4.2667340781031795,3.0
0.0,0.0,0.1790013990992441,0.026162654489675658,0.0,0.0,0.0,0.0,0.0,0.03969991772095141,0.0,0.06983962506863442,0.0,0.0,0.0,0.03393391144193176,0.0,0.0,0.0,0.056722242374540224,0.01378381543309969,0.0,0.09491164702546698,0.0,0.0,0.0,0.0,0.0,0.04530316795657215,0.0,0.561399460895035,0.0,0.029841557136715123,0.0,0.0,0.0,0.0,0.0,0.0,0.0,0.24926328606119333,0.02233230009805639,0.0,0.0,0.0,0.0,0.0,0.0,0.0,0.0,0.08773438181972541,0.0,0.0,0.0,0.0,0.0,0.0,0.0,0.0,0.0,0.01535483429346404,0.0,0.8011586560936985,0.0,0.0,0.0,0.0,0.0,0.0,0.0,0.06722567253197158,0.0,0.0,0.0,4.193677137341307,0.3751784795896123,0.9411814493564321,1.424169648802638,3.4525954347028693,4.223383933383833,5.784883451853076,0.0,0.4624711893926507,1.0753957141091843,0.05797006863732994,0.01378381543309969,0.017636903049498446,3.3091325217135665,2.780289098962721,0.0,2.7397185134924595,0.28924428515664247,0.0,1.0769010875572638,0.0,0.0,0.0,0.03210084316702408,0.09085343045111348,1.4185138094498695,3.0
0.0,0.0,0.35985847200125276,0.0,0.0,0.0,0.012211083950874365,0.0,0.0,0.0,0.0,0.07765318565016138,0.0,0.0,0.0,0.03308816933218775,0.0,0.0,0.0,0.20989000723403933,0.013497991748977312,0.0,0.08133962745193878,0.0,0.0,0.0,0.0,0.0,0.0,0.0,1.7742915833543784,0.0,0.1397314222437436,0.0,0.0,0.0,0.0,0.0,0.0,0.0,0.32146635859253,0.0,0.4226635916550217,0.0,0.0,0.12366619645381971,0.0,0.0,0.0,0.0,0.25447310795273254,0.008486888965491164,0.0,0.0,0.0,0.0,0.0,0.0,0.0,0.0,0.02488699931317951,0.0,0.856547537804078,0.0,0.0,0.0,0.0676387168753633,0.0,0.0,0.0,0.05130248870063107,0.0,0.0,0.0,4.1362570215111445,0.4342412332519363,1.0464212112487103,1.809825996097451,3.1892869065836122,4.386514377336399,5.529649186895075,0.0,0.910886131935597,0.09612688930500614,0.19723635491870656,0.12287146908839316,0.012926174444270048,3.493916277263934,2.6267895463758113,0.0,2.948189658190289,0.6189903529113476,0.0,1.4632039204286247,0.0,0.0,0.0,0.07217441692431663,0.4651908879259823,4.814335079772941,4.0
0.014783752627070351,0.0,0.16001660784590455,0.06529656712778095,0.0,0.0,0.0,0.0,0.0,0.0,0.0,0.030830430153274503,0.0,0.0,0.0,0.05130248870063107,0.0,0.0,0.0,0.1265764570133731,0.02431967919541289,0.0,0.10353120987799297,0.02715405150372665,0.0,0.0,0.0,0.0,0.0,0.0,1.721197644156084,0.0,0.2669963719862158,0.0,0.0,0.0,0.0,0.0,0.0043216059500934675,0.0,0.15419432499278973,0.0,0.0,0.008773707066016134,0.0,0.0,0.0,0.0,0.0,0.004465436770300531,0.3002994736656383,0.0,0.0,0.0,0.0,0.0,0.0,0.0,0.0,0.0,0.0,0.0,0.8338211377905823,0.0,0.0,0.0,0.05311133645956253,0.0,0.0,0.0,0.028852005847493426,0.0,0.0,0.0,4.277404578014672,1.4084944894694444,0.8294436813665912,1.486353976002037,3.2832402564145933,4.12360826237823,6.1077338942340775,0.0,0.6345932684457567,6.489894511183335,0.13592881552640673,1.0861723251323256,0.02019992294349774,4.132486362948837,2.6726516293283846,0.0,2.990773377908435,1.394404385400625,0.0,1.9286545699001751,0.0,0.0,0.006333933722050485,0.0,5.838366908290736,0.4974335344327323,0.0
0.0,0.0,0.37083384817640336,0.1046050432293108,0.0,0.0,0.011924948479708557,0.0,0.0,0.0,0.0,0.1211480564753105,0.0,0.0,0.0,0.0,0.0,0.0,0.0,0.08038478741460452,0.0560285389227513,0.0,0.08488065359129648,0.0,0.0,0.0,0.0,0.0,0.0,0.0,1.9417824157971508,0.0,0.23216954294797806,0.0,0.0,0.0,0.0,0.0,0.0,0.0,0.3438057522523126,0.0,0.058662839378559886,0.0326651122818301,0.05088474002509346,0.0615688492680028,0.0,0.0,0.0,0.0,0.2871176357881811,0.0,0.009777121611529915,0.0,0.0,0.0,0.0,0.0,0.0,0.0,0.06239806379847849,0.0,0.7975940904421102,0.0,0.0,0.0,0.06598582949858534,0.0,0.0,0.0,0.05004887960722227,0.0,0.0,0.0,3.9012820512239736,0.7057567820497973,0.8990209095794168,2.2447044279389257,3.2297570988067457,4.407427535466805,5.786849856682164,0.0,0.9226545660831514,0.44794940991624665,0.14274017211608214,0.09139518601170002,0.02927618237063207,4.305343125870828,2.794270289776228,0.0,2.501795793885305,0.632547419778852,0.0,1.7924805777037016,0.0,0.0,0.0,0.010206942869257081,0.6499372993466643,5.013605182266584,3.0
0.02446153014099581,0.0,0.22626189419120774,0.022048165180173156,0.0,0.0,0.9779759131991259,0.0,0.0,0.0,0.0,0.05074546358139898,0.0,0.0,0.0,0.021479727410451392,0.0,0.0,0.0,0.23584957650756347,0.0,0.0,0.1118325870779828,0.0,0.0,0.0,0.0,0.0,0.0,0.0,1.211448363626663,0.0,0.08133962745193878,0.0,0.0,0.0,0.0,0.0,0.0,0.0,0.17351124806392174,0.014212444812104711,0.22094900446677918,0.0,0.0,0.5500140949997396,0.0,0.0,0.0,0.0,0.0475383887633606,0.0,0.00647756407120479,0.0,0.0,0.0,0.0,0.0,0.0,0.0,0.009777121611529915,0.0,0.6366362200551354,0.0,0.0,0.0,0.0,0.0,0.0,0.0,0.1899194179010736,0.0,0.0,0.0,3.688527279992677,0.7407980680414706,0.7864290832030562,0.5337626705470877,3.1468181188667605,5.627440498408566,6.125254339031466,0.0,0.6197416587691752,5.9558126192432725,0.04893364519792244,0.18345475417494217,0.02786177535450958,4.136347265068736,3.3022313020031184,0.0,3.392138792334442,0.4764335355139399,0.0,2.3592962588921975,0.0,0.0,0.0,0.1921941652833451,0.8510393857087252,5.0956712934006605,4.0
0.0,0.0,0.23927582588255789,0.0,0.0,0.0,0.0,0.0,0.0,0.0,0.06101577468162803,0.05477903151961949,0.0,0.0,0.0,0.0,0.0,0.0,0.0,0.0,0.018776585179183593,0.0,0.12802938874064107,0.0,0.0,0.0,0.0,0.0,0.0,0.0,1.5100504556011392,0.0,0.10312831621722547,0.0,0.0,0.0,0.0,0.0,0.0,0.0,0.8993303347904451,0.030547964162966627,0.4411647341291503,0.01578299724092746,0.0,0.5248660645859304,0.0,0.0,0.0,0.0,0.1273691466162218,0.0,0.0,0.0,0.0,0.0,0.0,0.0,0.0,0.0,0.020911065581689963,0.0,0.8006618032449503,0.0,0.0,0.0,0.0,0.0,0.0,0.0,0.06129233847829409,0.0,0.0,0.0,4.2816463269779135,0.31231665440199746,1.164979310952435,1.6528765148096225,4.050606173690787,3.8823789386384,6.929688045826358,0.0,0.7165958819941426,0.3849339465751764,0.15315678806142052,0.03125402547050081,0.05949372539167156,3.868676889226989,2.8448475949949277,0.0,2.3947884968186073,0.3514021836299643,0.0,1.9439588230133358,0.0,0.0,0.0,0.014783752627070351,2.6533810899685673,3.0325593286324004,2.0
0.0,0.0,0.29783703588664373,0.02587927302325896,0.0,0.029700234215419886,0.7745867811831579,0.0,0.0,0.0,0.0,0.06681250989990178,0.0,0.0,0.0,0.025312343046069,0.0,0.0,0.0,0.0,0.02715405150372665,0.0,0.08406426478847456,0.0,0.0,0.0,0.0,0.0,0.0,0.0,1.585731732965927,0.0,0.1284253890288373,0.0,0.11276684542842838,0.0,0.0,0.0,0.0,0.0,0.23927582588255789,0.0,0.2567691427613412,0.008630305143440056,0.039980597690881255,0.14064779315484202,0.0,0.0,0.0,0.0,0.2940766491923655,0.0,0.0,0.0,0.0,0.0,0.0,0.0,0.0,0.0,0.04530316795657215,0.0,0.9167059287399852,0.0,0.0,0.0,0.051859298835249854,0.0,0.0,0.0,0.844867676074509,0.0,0.0,0.0,4.240955384683467,0.9665781255676102,0.8518389728493442,1.6843699290130068,3.749630801654168,4.419019697549696,6.363153551562833,0.0,1.0061184613833796,0.15561972102644722,0.24245007367770144,0.09153059312061654,0.03590538374212795,3.8688151484071147,3.0992278657748615,0.0,2.611077928831762,0.1976138096910743,0.0,1.4244384222149116,0.0,0.0,0.0,0.008056554871058458,5.873429347117438,1.5059925243950387,2.0
0.0,0.0,0.27262045466299184,0.02318436924826338,0.0,0.0,0.041523362184350425,0.0,0.0,0.0,0.0,0.040261223064434574,0.0,0.0,0.0,0.022616379067348553,0.0,0.0,0.0,0.19773960600635554,0.003026482889898585,0.0,0.02828624307910998,0.0,0.0,0.0,0.0,0.0,0.0,0.0,1.6673017594341384,0.0,0.047259175478012824,0.0,0.0,0.0,0.0,0.0,0.0038900274333718426,0.0,0.1474369588174809,0.0,0.12048465689545586,0.007769594145917668,0.03576465360097467,0.2794118631106937,0.0,0.0,0.0,0.0,0.1578198394788626,0.0,0.0,0.0,0.0,0.0,0.0,0.0,0.0,0.0,0.006908369342177494,0.0,0.6690267655096306,0.0,0.0,0.0,0.0,0.0,0.0,0.0,0.2123825701223572,0.0,0.0,0.0,4.45774530336805,1.2504159134074477,0.724999444613207,1.1478927763512867,3.9709732605783774,4.814904132613742,6.909687912547965,0.0,0.7877667699385674,5.985782748300348,0.3427822819561278,0.09085343045111348,0.05227676545235779,5.05398451103193,2.6133902052938236,0.0,2.8610025136236525,1.315798063043357,0.0,1.7952682342759378,0.0,0.0,0.0,0.03562390973072122,2.060081980258492,4.490204276155193,2.0
0.0,0.01378381543309969,0.17747136444495093,0.010779838753242763,0.0,0.0,0.0,0.0,0.013926706042921726,0.0,0.0,0.012640180778770332,0.0,0.0,0.0,0.041943829970167254,0.0,0.0,0.0,0.0,0.017066724189833377,0.0,0.17836408184680327,0.0,0.0,0.0,0.0,0.0,0.0,0.0,0.8709761940324043,0.0,0.06557231159362208,0.0,0.0,0.0,0.0,0.0,0.0,0.0,0.1595000220232196,0.0,0.3451692508566537,0.02842770457266734,0.0,0.15536066283920233,0.0,0.0,0.0,0.0,0.09990111000794269,0.010779838753242763,0.012783184698289592,0.0,0.0,0.0,0.0,0.0,0.0,0.0,0.03787416566112011,0.0,0.831309777622071,0.0,0.0,0.0,0.0,0.0,0.0,0.0,0.046560905757741196,0.0,0.0,0.0,4.164094365073778,0.8150835171543723,0.8421340801056231,1.1472415643510228,2.541167876915031,4.672306526899205,5.492516583458141,0.0,1.3439762600675353,0.9186152154865697,0.22564512061895256,0.23204671335010993,0.0647449200353551,4.005139452661281,2.9231111392313966,0.0,3.3555801473773594,1.0182780850243496,0.0,1.6312440039330665,0.0,0.0,0.0,0.02658762234808418,1.485993488920748,1.9043106750528564,2.0
0.0,0.0,0.3828332292038235,0.04264433740849372,0.0,0.0,0.015497569395325591,0.0,0.0,0.0,0.0,0.03731193064196659,0.0,0.0,0.0,0.12167855658825247,0.0,0.0,0.0,0.03520159571856608,0.04474382122439775,0.0,0.10205338272918787,0.0,0.0,0.0,0.0,0.0,0.0,0.0,0.8529576508656527,0.0,0.12101540096136584,0.0,0.0,0.0,0.0,0.0,0.007051942516490025,0.0,0.2621925881725795,0.0,0.2810750492774744,0.0560285389227513,0.18878069779214163,0.3592962588921973,0.0,0.0,0.0,0.0,0.13894549792384134,0.0,0.0,0.0,0.0,0.0,0.0,0.0,0.0,0.0,0.07436842178155338,0.0,1.5163177785554975,0.0,0.0,0.0,0.0,0.0,0.0,0.0,0.23425604768829605,0.0,0.0,0.0,4.231900839618731,0.9578403267062328,0.9718837829389728,2.1710466614406383,3.7858748339733475,4.332099224209113,5.825129245235812,0.0,1.9421578927377936,5.353739664572817,0.04781754802136954,0.4064278245269817,0.04851520993393956,3.4680619237807373,2.809764270802082,0.0,2.871074794676311,0.2519311266885868,0.0,1.550309678755096,0.0,0.0,0.010206942869257081,0.0,3.646151133988545,0.6900147387219994,1.0
0.017636903049498446,0.0,0.1844707366400919,0.12987646083313048,0.0,0.0,0.011495638837829437,0.026162654489675658,0.0,0.0,0.0,0.05477903151961949,0.0,0.0,0.0,0.09085343045111348,0.0,0.0,0.0,0.10178452416693216,0.008343458529334968,0.0,0.0708014676002111,0.0,0.0,0.0,0.0,0.0,0.0,0.0,2.904349215265259,0.0,0.06433104624598394,0.0,0.0,0.0,0.0,0.0,0.0,0.0,0.10245657665073399,0.0,0.0,0.0,0.0,0.0,0.0,0.0,0.0,0.0,0.49886356361895196,0.0,0.0093471722592526,0.0,0.0,0.0,0.0,0.0,0.0,0.0,0.014069582501655862,0.0,1.1460034511389245,0.0,0.0,0.0,0.0,0.0,0.0,0.0,0.24293780020056457,0.0,0.0,0.0,4.532366835567957,0.3841603539038218,1.0248160964975421,1.1463293734357785,3.660323983535399,3.9168778680563383,6.556196407209753,0.0,1.1830100367622471,4.1401978623165006,0.7036323074370703,0.16671544496642232,0.05172011644732764,4.034603105838337,2.9270810342816747,0.0,2.6729683720111765,0.9993506411148904,0.0,3.7280619950577907,0.0,0.0,0.0,0.058108649401173953,3.7021920828155266,3.4696255385012336,0.0
0.0,0.0,0.48872065289528366,0.045442970761167115,0.0,0.0,0.9499457391302389,0.0,0.0,0.0,0.0,0.04236417524800773,0.0,0.0,0.0,0.07052672087668244,0.0,0.0,0.0,0.0,0.00963381939726868,0.0,0.14704614341731534,0.0,0.0,0.0,0.0,0.0,0.0,0.0,1.7496200759748177,0.0,0.13303737874734972,0.0,0.0,0.0,0.0,0.0,0.00604663011841478,0.0,0.2441563956281046,0.0,0.4515408330178318,0.012211083950874365,0.1625967659884867,0.6594679370847859,0.0,0.0,0.0,0.0,0.24220614857087489,0.0,0.0,0.0,0.0,0.0,0.0,0.0,0.0,0.0,0.0,0.0,1.075669535232832,0.0,0.0,0.0,0.0,0.0,0.0,0.0,0.5154096933859562,0.0,0.0,0.0,4.757711350357698,0.11076412189980747,1.2399478840584641,1.4818155736178629,3.7182410539932014,4.455143069698027,6.607649890791443,0.0,2.3533797556172544,2.554023941331537,0.13842131042024963,0.4188915560074607,0.03238300531165298,3.0805041769850727,3.396323920626347,0.0,2.6158870739160567,0.7402799826728833,0.0,1.7524917088873784,0.0,0.0,0.0,0.0560285389227513,2.1247582322507874,3.356946649468775,1.0
0.0,0.017921907997262315,0.15561972102644722,0.02814476771337868,0.0,0.0,0.0,0.0,0.0,0.2396424418789966,0.0,0.06460697529739193,0.0,0.0,0.0,0.0,0.0,0.0,0.0,0.0,0.05130248870063107,0.0,0.08651204657428184,0.0,0.0,0.0,0.0,0.0,0.0,0.0,0.9359122870313616,0.0,0.057276965073247615,0.0,0.0,0.0,0.0,0.0,0.0,0.0,0.5858278581644096,0.0,0.5091384157177105,0.018634174139050975,0.0,1.078951341394822,0.0,0.0,0.0,0.0,0.10835717809041852,0.0,0.0,0.0,0.0,0.0,0.0,0.0,0.0,0.0,0.008343458529334968,0.0,1.1633699144747764,0.0,0.0,0.0,0.0,0.0,0.0,0.0,0.07231164002242664,0.0,0.0,0.0,4.154291555835664,0.7433857078136663,1.0610157746816284,1.6045932570566646,4.541297997648338,4.371070912215399,6.688604206906858,0.0,1.654252213436691,1.4603231909322487,0.03153635326805325,0.07628544280891579,0.09058247636244234,3.469417154426789,3.053007041482044,0.0,2.377151519700337,0.3633393116294792,0.0,0.7957669477823922,0.0,0.0,0.0,0.0,2.6159576771659534,1.6530141437189458,3.0
0.013497991748977312,0.0,0.11849262586940461,0.07135080412884309,0.0,0.0,0.0174943794592725,0.0,0.015497569395325591,0.0,0.0,0.13540353059765128,0.0,0.0,0.0,0.02361021518264534,0.0,0.03153635326805325,0.0,0.11583229865256488,0.012783184698289592,0.0,0.0946414541150623,0.0,0.0,0.0,0.0,0.0,0.0,0.0,0.9553872056025254,0.0,0.11636475669178462,0.0,0.0,0.0,0.0,0.0,0.00791308164326493,0.0,0.7018595190094186,0.030971642412075527,0.41489322256079875,0.0475383887633606,0.07382023329167137,0.21312950000747996,0.0,0.0,0.0,0.0,0.2232989733327897,0.0,0.0,0.0,0.0,0.0,0.0,0.0,0.0,0.0,0.13000830410860617,0.0,1.1466552221194652,0.0,0.0,0.0,0.0953168415347697,0.007482576331206196,0.0,0.0,0.6337566809819611,0.0,0.0,0.0,4.547357282446561,0.3959402178453004,1.217168663486584,2.3862867364134397,3.927830099605776,3.3656785412522585,6.203379328333523,0.0,0.9537494711181094,0.23866459211461746,0.04711954856855063,0.02062665058995782,0.0604624879861069,4.08119473704974,3.065331038068369,0.0,2.6301957621948127,0.8543946777531007,0.0,1.1093605594042302,0.0,0.0,0.005759269288684953,0.01492654423810282,5.680431260861962,3.6546990331887184,3.0
0.0,0.0,0.2234225499349372,0.11583229865256488,0.0,0.0,0.0,0.0,0.0,0.0,0.0,0.06336487875842937,0.0,0.0,0.0,0.10500752476097375,0.0,0.0,0.0,0.14548182226552472,0.01934608880481197,0.0,0.11809388938681974,0.0,0.0,0.0,0.0,0.0,0.0,0.0,3.64929354696714,0.0,0.2343786893376148,0.0,0.0,0.0,0.0,0.0,0.0,0.0,0.20989000723403933,0.02361021518264534,0.0,0.012211083950874365,0.0,0.0,0.0,0.0,0.0,0.0,0.6656656383706794,0.0,0.0,0.0,0.0,0.0,0.0,0.0,0.0,0.0,0.048236185652847624,0.0,0.8946819738550794,0.0,0.0,0.0,0.0,0.0,0.0,0.0,0.16040392586001362,0.0,0.0,0.0,3.7531980257846222,1.098891125806269,1.1201528426754306,1.723645928700428,3.2435929231796945,4.447989070000119,6.376632468791801,0.0,1.0439043942956212,0.6068212115293052,0.7222911417457555,0.1460034511389246,0.03717133764464353,4.126551678443879,2.854414626385106,0.0,2.8045285950974326,0.4981487262101509,0.0,2.7557848999163315,0.0,0.0,0.0,0.30836087519861305,0.35038409009431953,1.70310069960416,0.0
0.0,0.009490502947452436,0.33959350096539836,0.06557231159362208,0.0,0.0,0.0,0.0,0.0,0.0,0.0,0.05949372539167156,0.0,0.0,0.0,0.08488065359129648,0.0,0.0,0.0,0.09518178934268523,0.011638756246893662,0.0,0.09071795976779981,0.030265442857669595,0.0,0.0,0.0,0.0,0.0,0.0,1.3589025793152012,0.0,0.1457426602776055,0.0,0.0,0.0,0.0,0.0,0.0,0.0,0.15626716305180363,0.03787416566112011,0.0,0.009777121611529915,0.0,0.05519565424212462,0.0,0.0,0.0,0.0,0.2390313634502369,0.0,0.026162654489675658,0.0,0.0,0.0,0.0,0.0,0.0,0.0,0.030265442857669595,0.0,0.5725016646420333,0.0,0.0,0.0,0.0,0.0,0.0,0.0,0.03210084316702408,0.0,0.0,0.0,4.284225387670964,1.5003941664157954,0.9940003576938746,1.6351507240326342,3.2895541597709195,4.378227217834599,6.238530850200709,0.0,0.586500555281425,4.643613796646262,0.23854231427915087,1.36429227013537,0.05921681655379864,3.9697307123549233,2.9629561404704257,0.0,2.9704855729401225,0.2720231890610485,0.0,1.8533569686021245,0.0,0.0,0.007051942516490025,0.0,4.578141690692887,1.0248160964975421,3.0
0.0,0.0,0.13592881552640673,0.06997707041155635,0.0,0.0,0.0,0.0,0.0,0.0,0.0,0.10070858859668395,0.0,0.0,0.0,0.0,0.0,0.0,0.0,0.29301727204950834,0.014069582501655862,0.0,0.0,0.0,0.0,0.0,0.0,0.0,0.0,0.0,2.1903304016010896,0.0,0.15704371014558002,0.0,0.0,0.0,0.0,0.0,0.0,0.0,0.4839834103005731,0.0,0.0,0.0,0.0,0.1290851480566105,0.0,0.0,0.0,0.0,0.5534588096990934,0.0,0.0,0.0,0.0,0.0,0.0,0.0,0.0,0.0,0.0,0.0,1.3412457138495328,0.0,0.0,0.0,0.13802804476676123,0.0,0.0,0.0,0.08338358771008252,0.0,0.0,0.0,3.331662227329179,0.0,1.0139267060429218,1.580386717605263,3.6554892215978385,3.9211125640716715,5.947301463222329,0.0,1.1250559167905725,0.5246655092174434,0.019915367707685924,0.08909131856468917,0.09653174269362867,3.051563520209221,3.519013440241622,0.0,2.2366762919990455,0.08963373610689557,0.0,4.488058631774333,0.0,0.0,0.0,0.01106620140620535,2.5567236878663375,2.511341525921035,2.0
0.0,0.0,0.057276965073247615,0.07847320937869356,0.0,0.0,0.016496319896195974,0.0,0.0,0.0,0.0,0.09098888841477233,0.0,0.0,0.0,0.1293489672108409,0.0,0.0,0.0,0.03759307554023308,0.024035935455509406,0.0,0.130667339815507,0.0,0.0,0.0,0.0,0.0,0.0,0.0,3.6394289862247016,0.0,0.061983516108957325,0.0,0.0,0.0,0.0,0.0,0.007482576331206196,0.0,0.2987756030765418,0.0,0.08038478741460452,0.0,0.0,0.23976462651094677,0.0,0.0,0.0,0.0,0.5732775678760037,0.011352507229905218,0.02701246506258167,0.0,0.0,0.0,0.0,0.0,0.0,0.0,0.05325038470225017,0.0,0.937193711170317,0.0,0.0,0.0,0.0,0.014212444812104711,0.0,0.0,0.41575866652249804,0.0,0.0,0.0,3.092342768995447,0.26207228839841024,1.1975509074198738,2.0726546406756885,3.7122105701654813,4.129093393135469,6.317094190756152,0.0,1.1307332268312922,0.14834844991564902,0.5347588693443623,0.1686420355588392,0.05172011644732764,4.184677020680892,2.9402607340691107,0.0,2.5062210862369314,2.027012465062582,0.0,2.3149574921096407,0.0,0.0,0.0,0.10969486482592981,0.6410835527120649,5.914930412671521,4.0
0.011495638837829437,0.0,0.0953168415347697,0.046281503211910255,0.0,0.0,0.015069321717648201,0.0,0.0,0.0,0.02701246506258167,0.01820685665331186,0.0,0.0,0.0,0.07970237169737819,0.0,0.0,0.0,0.14756720709463242,0.005471851210059492,0.0,0.10902617649836696,0.021337582965694914,0.0,0.0,0.0,0.0,0.0,0.0,1.4942107766853163,0.0,0.28273632027634205,0.0,0.0,0.0,0.0,0.0,0.006908369342177494,0.0,0.06791401408846634,0.0398402645317911,0.0,0.0,0.0,0.0,0.0,0.0,0.0,0.0,0.2715451984856866,0.0,0.0,0.0,0.0,0.0,0.0,0.0,0.0,0.0,0.021337582965694914,0.0,0.7583031771319012,0.0,0.0,0.0,0.0,0.0,0.0,0.0,0.22724818378073325,0.0,0.0,0.0,4.220763317480116,0.7174735405203515,0.9146410570098266,1.6333382052601324,2.0621217119077975,4.529077548494723,5.496606151729494,0.0,0.945832404535442,2.749384090852694,0.48036853734721274,0.3991163934447991,0.0418036876570852,4.045276953422433,2.7387029951165074,0.0,3.716145874978535,2.21998936434798,0.0,1.8013656276227656,0.0,0.0,0.0,0.04460395064976797,2.9458136807592545,5.455774345370377,3.0
0.0,0.0,0.11809388938681974,0.061707084791597165,0.0,0.0,0.009060468156383597,0.0,0.0,0.0,0.0,0.08542465625267767,0.0,0.0,0.0,0.14077865578279591,0.0,0.0,0.0,0.15730246631897368,0.006621180122379962,0.0,0.08949815083910263,0.025595835882683472,0.0,0.0,0.0,0.0,0.0,0.0,2.936948821007341,0.0,0.43349363984688,0.0,0.0,0.0,0.0,0.0,0.00417776078910997,0.0,0.04124298223188134,0.0,0.08759861792362102,0.016496319896195974,0.0,0.17849156782231052,0.0,0.0,0.0,0.0,0.4692608466159983,0.0,0.007482576331206196,0.0,0.0,0.0,0.0,0.0,0.0,0.0,0.01106620140620535,0.0,0.9806103050785765,0.0,0.0,0.0,0.0,0.007769594145917668,0.0,0.0,0.4648773380915413,0.0,0.0,0.0,4.338146260899378,1.191246789716267,1.0802483300921204,1.8184824794950725,2.6922039916158518,4.407094375452772,5.501474177063454,0.0,1.7801420898384706,5.099905316796624,0.5945485495503542,0.5988415781332853,0.034779158048019,4.481725176359718,2.5518358974811375,0.0,3.346375440561412,3.487254799823416,0.0,3.6537250173338687,0.0,0.0,0.0,0.11223305759849703,3.9686068956307583,2.9031347037241835,0.0
0.05213762333517526,0.0,0.3721720519123506,0.12604775520593936,0.0,0.0,0.1474369588174809,0.0,0.0,0.0,0.0,0.08133962745193878,0.0,0.0,0.0,0.13408948092042317,0.0,0.0,0.0,0.0,0.0676387168753633,0.0,0.14313215555576805,0.0,0.0,0.0,0.0,0.0,0.0,0.0,2.465504369629506,0.0,0.22749465085930123,0.0,0.0,0.0,0.0,0.0,0.0,0.0,0.451751815036472,0.11809388938681974,0.0,0.10675031506086766,0.14156358237500305,0.08759861792362102,0.0,0.0,0.0,0.0,0.6165459032510684,0.0,0.014069582501655862,0.0,0.0,0.0,0.0,0.0,0.0,0.0,0.0820212693455023,0.0,1.1162982101828178,0.0,0.0,0.0,0.0938305716351355,0.014640946881753174,0.0,0.0,0.11995371750556835,0.0,0.0,0.0,2.999242386212508,0.6656656383706794,1.539878427841117,2.667029201410552,3.80037189337628,4.439530057455088,6.476532365501198,0.0,2.5502357884935725,5.327403539176831,0.23523688908981516,0.12366619645381971,0.07683269555739859,4.791470283370684,2.816353946207098,0.0,3.2071432049417488,0.1625967659884867,0.0,3.037434938276512,0.0,0.0,0.0,0.05797006863732994,1.0304773390232687,4.506925590719717,5.0
0.0,0.0,0.2589409681055064,0.04460395064976797,0.0,0.0,0.0,0.0,0.0,0.0,0.0,0.0852886748169873,0.0,0.0,0.0,0.3630028229886795,0.0,0.0,0.0,0.3514021836299643,0.0,0.0,0.08188496672922738,0.0,0.0,0.0,0.0,0.0,0.0,0.0,1.9485634714900146,0.0,0.07066410077878965,0.0,0.0,0.0,0.0,0.0,0.0,0.0,0.9103489153809297,0.18180225515894124,0.0,0.019773069040027156,0.09071795976779981,0.633849659104694,0.0,0.0,0.0,0.0,0.09261339271428384,0.0,0.0,0.0,0.0,0.0,0.0,0.05338941954463493,0.0,0.0,0.0,0.0,0.8103197034110774,0.0,0.0,0.0,0.0,0.0,0.0,0.0,0.11356715704707816,0.0,0.0,0.0,3.8548334839516083,0.21760297658678796,1.0697021666300675,1.1202192116249943,5.341935949203072,4.224125190626396,6.738044957368289,0.0,1.4656610849414244,4.936039538116772,0.0822938359514309,0.11063050809643417,0.07450543636362976,2.438559006923669,4.060107927155464,0.0,1.8322014059028198,1.1210154009613658,0.0,2.160307106104423,0.0,0.0,0.0,0.0,3.3497049617085377,3.253248068978259,2.0
0.018776585179183593,0.0,0.8218734527629417,0.05018822331147818,0.0,0.0,0.0,0.0,0.0,0.0,0.0,0.08651204657428184,0.0,0.0,0.0,0.09653174269362867,0.0,0.0,0.0,0.13382652729882785,0.008917094736053047,0.0,0.26002565596145555,0.0,0.0,0.0,0.0,0.0,0.0,0.0,1.5578266751496523,0.0,0.15988747873050047,0.0,0.0,0.0,0.0,0.0,0.0,0.0,0.3787335592653803,0.0,1.516015147003665,0.011209361420303354,0.10191895971107164,0.3410748829944983,0.0,0.0,0.0,0.0,0.24719838857586487,0.0,0.01006368334469748,0.0,0.0,0.0,0.0,0.0,0.0,0.0,0.049073096654305606,0.0,0.9642877224917332,0.0,0.0,0.0,0.0,0.0,0.0,0.0,0.25701061820602394,0.0,0.0,0.0,4.0907941635924185,0.9488998206663021,1.031818625826357,1.4574366977723685,3.7983512609610264,4.613154428431299,5.836951678926847,0.0,1.1880210514169482,2.443341425803227,0.15380533607903546,0.06983962506863442,0.06736336711961023,4.945027062646591,2.7691793088133974,0.0,2.911729925417036,2.3940750656257372,0.0,2.16921951139959,0.0,0.0,0.0,0.01049341924845273,4.285527986793957,3.068928718786196,3.0
0.01535483429346404,0.026304324351908496,0.18840092460321,0.020768865094571848,0.0,0.0,0.0,0.0,0.0,0.0,0.0,0.09396575036944746,0.0,0.0,0.0,0.0,0.0,0.0,0.0,0.06722567253197158,0.007339046008161997,0.0,0.1474369588174809,0.0,0.0,0.0,0.0,0.0,0.0,0.0,0.6569996814940363,0.004465436770300531,0.14938944935894988,0.0,0.0,0.0,0.0,0.0,0.004609253252589672,0.0,0.3532103556240008,0.0,0.049073096654305606,0.027295624050907505,0.0,0.32688244921584425,0.0,0.0,0.0,0.0,0.16645837172253314,0.0,0.0,0.0,0.0,0.0,0.0,0.0,0.0,0.0,0.08324741374793612,0.0,0.5428028274273887,0.0,0.0,0.0,0.10835717809041852,0.0,0.0,0.0,0.09936253975777228,0.0,0.0,0.0,3.9313048436506692,1.6166399971719165,0.9806834140071091,1.251204022914663,3.3404198439272417,4.395227356106645,5.924826752375327,0.0,0.39867871576502545,0.09761079662642233,0.038576651452323155,0.02176397429165667,0.014069582501655862,3.481027635631913,2.6010308693488096,0.0,3.30214354771993,0.10379974315766799,0.0,0.5481406568950474,0.0,0.0,0.00647756407120479,0.03393391144193176,0.09004041547277068,3.1710146261112584,5.0
0.0,0.0,0.07436842178155338,0.0174943794592725,0.0,0.0,0.025170575734906053,0.0,0.0,0.0,0.0,0.020342179517185827,0.0,0.0,0.0,0.06722567253197158,0.0,0.0,0.0,0.028710585954140094,0.018349309878891815,0.0,0.17887395816979543,0.03576465360097467,0.0,0.0,0.0,0.0,0.0,0.0,1.4400485701351977,0.0,0.1918152897068979,0.0,0.0,0.0,0.0,0.0,0.0,0.0,0.1654296204241852,0.0,0.0,0.011638756246893662,0.0,0.0,0.0,0.0,0.0,0.0,0.2315552903560406,0.0,0.02062665058995782,0.0,0.0,0.0,0.0,0.0,0.0,0.0,0.060739157857678534,0.0,0.8549531352094738,0.0,0.0,0.0,0.06942721045601417,0.0,0.0,0.0,0.17976580835814965,0.0,0.0,0.0,4.433553728633303,1.2589409681055064,0.7797219812070726,1.358002336680233,2.5102783755111773,4.474955138352185,5.678919802790776,0.0,1.7623913410318464,2.641939017476073,0.10473921621623744,1.0120680233090904,0.05686094304675096,4.387059190034435,2.903674612859782,0.0,3.23204671335011,2.0913951860117,0.0,1.228541666452871,0.0,0.0,0.0,0.010779838753242763,5.1724075058026076,0.6316165286374511,2.0
0.0,0.0,0.09922786577486106,0.02644598030380087,0.0,0.0,0.012783184698289592,0.0,0.0,0.0,0.0,0.07052672087668244,0.0,0.0,0.0,0.06777637204849275,0.0,0.0,0.0,0.1658154881323355,0.02318436924826338,0.0,0.14156358237500305,0.0,0.0,0.0,0.0,0.0,0.0,0.0,1.2974262206581493,0.0,0.1826922975161903,0.0,0.0,0.0,0.0,0.0,0.0,0.0,0.45185729447653983,0.10969486482592981,0.0,0.06873959067230509,0.0,0.24561735275638444,0.0,0.0,0.0,0.0,0.11490002395719036,0.0,0.0,0.0,0.0,0.0,0.0,0.03167749645076024,0.0,0.0,0.020768865094571848,0.0,0.932741527423418,0.0,0.0,0.0,0.07011450266132818,0.0,0.0,0.0,0.05311133645956253,0.0,0.0,0.0,4.027074410840366,1.348232419239271,1.3265948707188908,1.5545888516776374,3.716266622346564,4.596565478946773,6.012964153713461,0.0,1.377401430785794,0.017066724189833377,0.029558897449116415,0.07942931500291513,0.05297227481398869,3.4797996614790785,3.031836266027629,0.0,3.0910227509185213,0.11316705673273479,0.0,0.9800984388177912,0.0,0.0,0.0,0.010923027184791876,2.7521491276946994,1.0149265442381028,5.0
0.014498126999352837,0.0,0.30602886945220614,0.02587927302325896,0.0,0.0,0.0,0.0,0.0,0.0,0.0,0.05241589415113853,0.0,0.0,0.0,0.05032755355842493,0.0,0.0,0.0,0.08392815506235927,0.010350188169567268,0.0,0.040541793862846835,0.0,0.0,0.0,0.0,0.0,0.0,0.0,1.0608774728993347,0.0,0.20864210901516606,0.0,0.0,0.0,0.0,0.0,0.0043216059500934675,0.0,0.1897929378202589,0.0,0.0,0.0172092900322231,0.0,0.04851520993393956,0.0,0.0,0.0,0.0,0.3649085550887148,0.0,0.023042392665863817,0.0,0.0,0.0,0.0,0.0,0.0,0.0,0.08215755908542595,0.0,0.5389354087733312,0.0,0.0,0.0,0.0,0.0,0.0,0.0,0.05032755355842493,0.0,0.0,0.0,4.043090733431392,0.8143453349632198,1.1708223991951756,1.9655442002317045,3.225182367338176,4.559816046645677,5.205361231318354,0.0,0.8121285194512712,0.2654368960490983,0.1130336652998915,0.08365589708063247,0.026304324351908496,2.8647507285357534,2.5830135465757107,0.0,3.350822523999785,0.5785040281880037,0.0,0.9031925607970748,0.0,0.0,0.0,0.0,0.9992062994398436,3.1377821992843593,1.0
0.0,0.01178185945991471,0.3619928859219628,0.0093471722592526,0.0,0.0,0.02658762234808418,0.0,0.0,0.0,0.0,0.032241931137493844,0.0,0.0,0.0,0.03604610015685955,0.0,0.0,0.0,0.08936255282773453,0.004896843214847462,0.0,0.10057404021319741,0.03773362744651491,0.0,0.0,0.0,0.0,0.0,0.0,2.1252874067519,0.0,0.11076412189980747,0.0,0.0,0.0,0.0,0.0,0.0,0.0,0.4411647341291503,0.0,0.06529656712778095,0.012211083950874365,0.0,0.0,0.0,0.0,0.0,0.0,0.11370049916472831,0.0,0.0,0.0,0.0,0.0,0.0,0.0,0.0,0.0,0.005471851210059492,0.0,0.3078947755125013,0.0,0.0,0.0,0.0,0.0,0.0,0.0,1.0646069752973917,0.0,0.0,0.0,4.746522382741314,0.28060004884816453,1.090785696699563,1.3923723815430147,4.7293678674203905,4.881126199817589,6.746987192322269,0.0,0.5696855121518396,0.23278353412245326,0.08133962745193878,0.021906076733622215,0.009490502947452436,2.37920505996061,3.2185642048479672,0.0,2.1218442978763763,0.040682058803007765,0.0,1.2730383935111245,0.0,0.0,0.008773707066016134,0.022900402110078828,3.811614881837742,0.911346444103572,2.0
0.013640910669386311,0.0,0.18903382439001715,0.024603367140657025,0.0,0.0,0.008917094736053047,0.0,0.0,0.0,0.0,0.056722242374540224,0.0,0.0,0.0,0.07107616201095888,0.0,0.0,0.0,0.09882376837969153,0.009777121611529915,0.0,0.08814159686901755,0.0,0.0,0.0,0.0,0.0,0.0,0.0,1.2613502790209805,0.0,0.3859279565948242,0.0,0.0,0.0,0.0,0.0,0.0,0.0,0.13119435170845012,0.04711954856855063,0.0,0.0,0.0,0.0,0.0,0.0,0.0,0.0,0.3007680332803088,0.0,0.007339046008161997,0.0,0.0,0.0,0.0,0.0,0.0,0.0,0.03604610015685955,0.0,0.6125884066987176,0.0,0.0,0.0,0.0,0.0,0.0,0.0,0.21063822838015023,0.0,0.0,0.0,4.641106680052194,1.1441116484584133,1.0684644509669057,1.8702660703959828,2.9165339689295906,4.6130542115954105,5.388726830661543,0.0,0.6371928869588478,1.8283472387679982,0.15820774762573614,0.19786539135373798,0.021906076733622215,4.21452895209208,2.6743250535488907,0.0,3.417379975973023,0.8533569686021246,0.0,0.5835190838514874,0.0,0.0,0.0,0.030265442857669595,2.678162070735047,2.3993625288014075,4.0
0.0,0.0,0.12868932884678694,0.05755424645808902,0.0,0.0,0.02800327847275247,0.0,0.0,0.04432416881220142,0.0,0.022616379067348553,0.0,0.0,0.0,0.0,0.0,0.0,0.0,0.12379860846262164,0.005184375859723257,0.0,0.04711954856855063,0.0,0.0,0.0,0.0,0.0,0.0,0.0,0.6452405126452653,0.0,0.020057652341253476,0.0,0.0,0.0,0.0,0.0,0.0,0.0,0.08420036167465528,0.09734110879670181,0.4745658345384748,0.0,0.0,0.4952858293709642,0.0,0.0,0.0,0.0,0.06087747289933462,0.0,0.0,0.0,0.0,0.0,0.0,0.0,0.0,0.0,0.0,0.0,1.0169241442578214,0.0,0.0,0.0,0.0,0.0,0.0,0.0,0.07477942649661334,0.0,0.0,0.0,4.176474375326174,0.0597705810902546,1.0389979787975099,1.151339301042281,3.8656615208897973,4.1609524484429725,7.123186101020644,0.0,0.8098259960974511,0.02814476771337868,0.04334450487716922,0.03562390973072122,0.05838577100035305,3.666688431453873,3.2589711093383813,0.0,2.745129744595422,0.007195501404203766,0.0,0.8942939335501798,0.0,0.0,0.0,0.03590538374212795,0.7092906357233578,2.7896875242346395,3.0
0.0,0.03210084316702408,0.6831125218131676,0.016924144257821412,0.0,0.0,0.17299947259176227,0.0,0.0,0.0,0.0,0.08651204657428184,0.0,0.0,0.0,0.06502076994841134,0.0,0.0,0.0,0.02772025835592744,0.01335505866906758,0.0,0.1625967659884867,0.0,0.0,0.0,0.0,0.0,0.0,0.0,1.5075663275340443,0.0,0.11223305759849703,0.0,0.0,0.0,0.0,0.0,0.0,0.0,0.4074071401257731,0.021621857851518895,0.2766753165031801,0.0,0.0,0.18052981281072059,0.0,0.0,0.0,0.011352507229905218,0.07874644707664834,0.0,0.01006368334469748,0.0,0.0,0.0,0.0,0.0,0.0,0.0,0.07778988864366763,0.0,0.6943899274073102,0.0,0.0,0.0,0.0,0.0,0.0,0.0,0.3528714959534142,0.0,0.0,0.0,5.129583890534911,0.7894371360402844,0.9715895355300618,1.4574366977723685,3.545264142312252,4.356045185122951,6.547829208547016,0.0,2.63377992607442,0.3556928975662245,0.24525225214937735,0.1904252273692713,0.05491791912895793,4.178029377552114,2.5159142557108587,0.0,2.9509908998782755,0.8141812431704032,0.0,2.0998001433994156,0.0,0.0,0.0,0.01049341924845273,0.9714423893173901,0.7160690304821807,2.0
0.0,0.0,0.22441078187075333,0.041383179019406156,0.0,0.0,0.0708014676002111,0.0,0.0,0.0,0.0,0.04809665327294402,0.0,0.0,0.0,0.12565110166152013,0.0,0.0,0.0,0.18180225515894124,0.0647449200353551,0.0,0.1234013359719139,0.03407482027057225,0.0,0.0,0.0,0.0,0.0,0.0,2.8093115379238687,0.0,0.3141744510896436,0.0,0.14339341869318775,0.0,0.0,0.0,0.0,0.0,0.5238630088263497,0.0,0.058939854556232955,0.04362447674703463,0.0,0.06184530707106949,0.0,0.0,0.0,0.0,0.4284640262579792,0.0,0.00992040959306388,0.0,0.0,0.0,0.0,0.0,0.0,0.0,0.06267436276339249,0.0,0.7932716544980827,0.0,0.0,0.0,0.0,0.0,0.0,0.0,0.057276965073247615,0.0,0.0,0.0,4.009786077527321,1.044603950649768,1.1434587270855345,2.2065182016651157,3.2866889727400355,4.380957967925008,5.9839170600788485,0.0,1.5866446638643827,1.63203550398342,0.11756206925697886,0.5310694927259542,0.08256635107141173,4.322259876593333,2.4839060436272264,0.0,2.7897709773100576,1.7603487071597772,0.0,2.193204013983875,0.0,0.0,0.0,0.030689204071140407,3.341558851222871,2.894759569393132,0.0
0.0,0.0,0.0756010848240282,0.040682058803007765,0.0,0.0,0.01178185945991471,0.0,0.01049341924845273,0.07382023329167137,0.0,0.03787416566112011,0.0,0.0,0.0,0.031959741397545,0.0,0.0,0.0,0.05338941954463493,0.021479727410451392,0.0,0.10540989404008172,0.033511102361323694,0.0,0.0,0.0,0.0,0.0,0.0,1.3586213138315177,0.0,0.17555653643184002,0.0,0.0,0.0,0.0,0.0,0.0,0.0,0.3827225803529897,0.0,0.05797006863732994,0.0,0.0,0.0,0.0,0.0,0.0,0.0,0.16658691407044984,0.0,0.00963381939726868,0.0,0.0,0.0,0.0,0.0,0.0,0.0,0.028710585954140094,0.0,0.5947396223326862,0.0,0.0,0.0,0.1276332797258737,0.0,0.0,0.0,0.34346467615452897,0.0,0.0,0.0,3.3420995648327843,1.2165479893069502,0.7503492405841502,1.5852990902967734,3.171543118103574,4.494652413129449,5.902910485648498,0.0,0.9818526532897407,2.103732614523503,0.07231164002242664,0.3558056389440718,0.06543444594863314,3.8402315783718115,2.9527435764601533,0.0,2.882486545140074,0.2556820028122131,0.0,1.000216388027437,0.0,0.0,0.0,0.0,1.7791336235254511,3.030159483102865,3.0
0.014212444812104711,0.0,0.09868904409132834,0.038014690186715924,0.0,0.0,0.0,0.0,0.0,0.0,0.0,0.022190239634065988,0.0,0.0,0.0,0.02488699931317951,0.0,0.0,0.0,0.04166353172936154,0.003314388506677012,0.0,0.048375704538976265,0.026162654489675658,0.0,0.0,0.0,0.0,0.0,0.0,1.876644634773139,0.0,0.051859298835249854,0.0,0.0,0.0,0.0,0.0,0.0,0.0,0.17376706773670667,0.0,0.0,0.0,0.039278795351367586,0.0475383887633606,0.0,0.0,0.0,0.0,0.1496495818949754,0.0,0.0,0.0,0.0,0.0,0.0,0.0,0.0,0.0,0.0,0.0,0.8392340276760772,0.0,0.0,0.0,0.0,0.0,0.0,0.0,0.05477903151961949,0.0,0.0,0.0,4.4073459523726495,0.4140272591249018,0.848798181244189,1.1781090760943251,3.0038180851269822,4.665517841640657,6.006372086928247,0.0,1.821057079359034,1.7588148316026462,0.130667339815507,0.2056427419454572,0.0,4.102523764683853,2.9533397468411726,0.0,2.5905541164227706,1.6800092252281962,0.0,1.5809172886632075,0.0,0.0,0.0,0.02361021518264534,2.9893025277654637,6.298694968936321,2.0
0.0,0.0,0.31961793420016127,0.06584800336608129,0.0,0.0,0.0,0.0,0.0,0.03407482027057225,0.0,0.02587927302325896,0.0,0.0,0.0,0.0,0.0,0.0,0.0,0.16336991447477647,0.0038900274333718426,0.0,0.11076412189980747,0.030406710426045758,0.0,0.0,0.0,0.0,0.0,0.0,2.8591148062716494,0.0,0.08488065359129648,0.0,0.0,0.0,0.0,0.0,0.0,0.0,0.12697285625776553,0.0,0.0,0.00992040959306388,0.0,0.05547333589843156,0.0,0.0,0.0,0.0,0.29454723389551485,0.0,0.0,0.0,0.0,0.0,0.0,0.0,0.0,0.0,0.030547964162966627,0.0,1.1023221911966863,0.0,0.0,0.0,0.0,0.0,0.0,0.0,0.06377902977057126,0.0,0.0,0.0,4.9118880817677555,0.29454723389551485,1.008917094736053,1.2976609865414042,4.003961966152422,3.9581838023193026,6.334761327608842,0.0,1.5294211834307438,4.155951571360888,0.39495308469636126,0.10996225339881809,0.07409435357387338,3.9126594445137446,3.050588761508845,0.0,2.7459257024244486,2.069392837249411,0.0,2.6576171413968446,0.0,0.0,0.0,0.027437182706851134,1.8715282708622232,2.35735494012974,2.0
0.0,0.0,0.18370881687541188,0.2733368471502221,0.0,0.0,0.12446048627433613,0.0,0.0,0.0,0.0,0.10151561549124423,0.0,0.0,0.0,0.0,0.0,0.0,0.0,0.0,0.02361021518264534,0.0,0.09153059312061654,0.0,0.0,0.0,0.0,0.0,0.0,0.0,1.7525773414762675,0.0,0.02048442206508403,0.0,0.0,0.0,0.0,0.0,0.0,0.0,0.7594115325645764,0.0,0.10406822646371666,0.0,0.0,0.0,0.0,0.0,0.0,0.0,0.4736310765512001,0.0,0.0,0.0,0.0,0.0,0.0,0.0,0.0,0.0,0.008773707066016134,0.0,1.8343876146053892,0.0,0.0,0.0,0.0,0.0,0.0,0.0,0.06405506441044337,0.0,0.0,0.0,3.282306353249859,0.17632277264046287,1.0029544975075078,2.793438141722419,4.594530635179517,3.0302124639530534,5.702064609083947,0.0,0.5786972376487035,0.49968008718705925,0.0,1.032100843167024,0.07436842178155338,3.46827050368364,3.047608183642109,0.0,2.4375739867897632,0.1323794250528661,0.0,2.5396551369204055,0.0,0.0,0.0,0.0184917490398792,5.143679121085697,5.026530081944753,2.0
0.011209361420303354,0.0,0.10915993896111068,0.04474382122439775,0.0,0.0,0.0,0.0,0.025737561413608275,0.0,0.026020970714370147,0.046421211248710355,0.0,0.0,0.0,0.019630756335508422,0.0,0.0,0.0,0.0,0.005328120695281701,0.0,0.0553345017510994,0.0,0.0,0.0,0.0,0.0,0.0,0.0,1.8215469588343316,0.0,0.2332745389909343,0.0,0.0,0.0,0.0,0.0,0.006621180122379962,0.0,0.10782175591285359,0.0,0.0708014676002111,0.019915367707685924,0.0,0.0,0.0,0.0,0.0,0.0,0.22243364060591522,0.0,0.011924948479708557,0.0,0.0,0.0,0.0,0.0,0.0,0.0,0.03520159571856608,0.0,1.027932528648503,0.0,0.0,0.0,0.07956584981027477,0.0,0.0,0.0,0.19723635491870656,0.0,0.0,0.0,3.890115895274909,1.3873625408359955,0.9789277763813988,1.9658766141901904,2.784106087632673,4.46532151358055,5.89292768636245,0.0,0.7505207551823299,2.1527675192617686,0.2826177214813483,0.3438057522523126,0.045442970761167115,5.080909175130185,2.8591346897439425,0.0,3.2266780673408553,1.1735752072349424,0.0,2.026233491159755,0.0,0.0,0.0,0.006190289072069835,1.2904833844683572,3.8304784459099754,2.0
0.05450121618256057,0.010636636108736996,0.18688083134723413,0.06529656712778095,0.0,0.0,0.0,0.0,0.0,0.0,0.0,0.11223305759849703,0.0,0.0,0.0,0.12512206056982392,0.0,0.0,0.0,0.05408439284237917,0.0174943794592725,0.0,0.15471281378215795,0.0,0.0,0.0,0.0,0.0,0.0,0.0,1.761838413195023,0.0,0.08351974882017292,0.0,0.0,0.0,0.0,0.0,0.010923027184791876,0.0,0.6689360271190296,0.0,0.22169151351090388,0.04348449760357947,0.0,0.7644310869375373,0.0,0.0,0.0,0.0,0.21499513461492328,0.0,0.0,0.0,0.0,0.0,0.0,0.0,0.0,0.0,0.05297227481398869,0.0,0.36311499458931823,0.0,0.0,0.0,0.0,0.0,0.0,0.0,0.21586493915323998,0.0,0.0,0.0,3.644536981179889,0.6955484681330996,1.0878022589770875,1.8914969580674061,3.6744380527767326,4.349436051713823,6.58460629141154,0.0,0.28332916805164143,0.5456718944580412,0.10835717809041852,0.10379974315766799,0.07025192182044421,3.346800913916179,2.4509340877893186,0.0,2.5093158019678348,0.06915220186942299,0.0,1.8457108291176036,0.0,0.0,0.0,0.02048442206508403,0.0824300999459491,5.471015081204599,4.0
0.0,0.007769594145917668,0.10982856530708651,0.03590538374212795,0.0,0.0,0.0,0.0,0.0,0.0,0.03125402547050081,0.05547333589843156,0.0,0.0,0.0,0.04670058674162228,0.0,0.0,0.0,0.019915367707685924,0.012640180778770332,0.0,0.09031147137603657,0.0,0.0,0.0,0.0,0.0,0.0,0.0,2.0619835161089575,0.0,0.2016338611696504,0.0,0.0,0.0,0.0,0.0,0.0,0.0,0.14077865578279591,0.0,0.04292444517384094,0.0,0.0,0.17235949784814059,0.0,0.0,0.0,0.0,0.1331689334860438,0.0,0.014212444812104711,0.0,0.0,0.0,0.0,0.0,0.0,0.0,0.049073096654305606,0.0,0.9478531433870165,0.0,0.0,0.0,0.0,0.0,0.0,0.0,0.09207209450292904,0.0,0.0,0.0,4.394184847236786,1.1325768426700082,1.2168583597749605,2.01435529297707,2.956075243723553,4.015711645573419,5.593096764300239,0.0,0.5380414533336636,1.720891316247563,0.33856703700115137,0.17415071221201325,0.03646816706929173,3.6876542217995887,2.3565664128863713,0.0,3.5122901057703766,0.7503492405841502,0.0,1.2742318377954942,0.0,0.0,0.011352507229905218,0.029700234215419886,1.6394637169037167,2.650718612683328,3.0
0.02927618237063207,0.0,0.2882994946573307,0.05255500943410528,0.0,0.0,0.038014690186715924,0.0,0.0,0.06004738366993889,0.0,0.1194225826478845,0.0,0.0,0.0,0.0,0.0,0.0,0.0,0.08556062487262552,0.0,0.0,0.03689011054026592,0.0,0.0,0.0,0.0,0.0,0.0,0.0,0.8416511426850606,0.0,0.12300395405481979,0.0,0.0,0.0,0.0,0.0,0.0,0.0,1.0328766563142076,0.03393391144193176,0.0,0.0174943794592725,0.0,0.0,0.0,0.0,0.0,0.0,0.10218779322361488,0.0,0.01564029037688224,0.0,0.0,0.0,0.0,0.0,0.0,0.0,0.01564029037688224,0.0,0.8618759839670793,0.0,0.0,0.0,0.0,0.0326651122818301,0.0,0.0,0.023042392665863817,0.0,0.0,0.0,4.286008763102154,0.11982095212187471,1.0815441538385329,1.4707711131986727,4.4015075974677185,3.538463667986653,6.202979879115061,0.0,0.9966779796163704,0.3638999516866216,0.08732705179747538,0.0174943794592725,0.006764781878422359,2.6067975279833946,3.044883678239765,0.0,2.346077534535597,0.07669590183038302,0.0,0.9757035480077669,0.0,0.0,0.0,0.0,3.4346415704193327,4.091843673392422,5.0
0.0,0.0,0.33113192221720217,0.2027624852758868,0.0,0.0,0.02828624307910998,0.0,0.0,0.0,0.0,0.17351124806392174,0.0,0.0,0.0,0.0,0.0,0.0,0.0,0.0,0.005184375859723257,0.0,0.11290026153254981,0.0,0.0,0.0,0.0,0.0,0.0,0.0,1.7057125540560818,0.0,0.06626144226872127,0.0,0.0,0.0,0.0,0.0,0.0,0.0,0.41586681052321495,0.0,0.0,0.0,0.0,0.49947599961550815,0.0,0.0,0.0,0.0,0.526469504640831,0.0,0.0,0.0,0.0,0.0,0.0,0.0,0.0,0.0,0.0,0.0,1.2232989733327897,0.0,0.0,0.0,0.0,0.0,0.0,0.0,0.5749249780093444,0.0,0.0,0.006190289072069835,4.441443640251993,0.0,1.4679054690614535,1.922426225312796,3.299142065106466,4.531337789086531,5.663484099712948,0.0,2.348657345374851,1.3066705468964128,0.15769051358205344,0.09071795976779981,0.13395801010054917,3.8815569514938173,3.2049701531865673,0.0,2.9851725078029867,0.5584635725377552,0.0,4.062976504179163,0.0,0.0,0.0093471722592526,0.04809665327294402,2.34255474547732,5.585112773628004,5.0
0.0,0.007482576331206196,0.18256518222108284,0.09612688930500614,0.0,0.0,1.3590713122883442,0.0,0.007482576331206196,0.0,0.0,0.06653700239579126,0.0,0.0,0.0,0.06708796480114695,0.0,0.0,0.0,0.019203733973092663,0.018349309878891815,0.0,0.11756206925697886,0.070389327891398,0.0,0.0,0.0,0.0,0.0,0.0,1.4765890681750433,0.0,0.11928976837475146,0.0,0.0,0.0,0.0,0.0,0.0076260923761779465,0.0,0.3842708925424149,0.0,0.08161232285788984,0.030547964162966627,0.0709388213434375,0.08556062487262552,0.0,0.0,0.0,0.0,0.12855736497375747,0.0,0.006908369342177494,0.0,0.0,0.0,0.0,0.0,0.0,0.0,0.053945424962785246,0.0,0.8830733484512632,0.0,0.0,0.0,0.0,0.0,0.0,0.0,0.1905516520322702,0.0,0.0,0.0,4.206971356030652,1.1701814577652503,0.9209030292246319,1.6114556965848732,3.819443383469798,4.528590071284078,6.037351469953998,0.0,2.437840274774736,0.5334636767204042,0.05158092063064492,0.06901467791518046,0.049491370165103715,3.966670404307121,3.017262748591207,0.0,2.989357030446132,0.4843959625026663,0.0,1.3193867145441027,0.0,0.0,0.010923027184791876,0.021479727410451392,2.2592724870375944,3.993647192096616,3.0
0.0,0.0,0.07491640205246167,0.07244885006969244,0.0,0.0,1.6806394196398533,0.0,0.0,0.0,0.0,0.1962293257942208,0.0,0.0,0.0,0.15730246631897368,0.0,0.0,0.0,0.03463831799900894,0.022190239634065988,0.0,0.18091166336856906,0.0,0.0,0.0,0.0,0.0,0.0,0.0,2.429830176795665,0.0,0.14535138557262012,0.0,0.0,0.0,0.0,0.0,0.006908369342177494,0.0,0.6954593826385583,0.0,0.27643711043628233,0.02786177535450958,0.0,0.41478500555284276,0.0,0.0,0.0,0.0,0.2541102418747209,0.0,0.01249716268290215,0.0,0.0,0.0,0.0,0.0,0.0,0.0,0.0550567933689351,0.0,1.3238311965703733,0.0,0.0,0.0,0.0,0.013069150019521303,0.0,0.0,0.2063931685116039,0.0,0.0,0.0,3.6135905853352015,0.4828482830684654,1.570365776573606,2.255289223083684,3.949721677569844,3.962521260724432,5.938109326219239,0.0,1.7018595190094186,1.9207125165880576,0.21038886444540292,0.06557231159362208,0.07860983469636647,4.843129628266788,2.429294585661903,0.0,3.3756511433959373,1.6411760598481866,0.0,1.7808140092968006,0.0,0.0,0.019915367707685924,0.06419306192749237,0.7624763880469854,5.716711105119987,5.0
0.0,0.010350188169567268,0.06336487875842937,0.07135080412884309,0.0,0.0,0.011638756246893662,0.0,0.0,0.14208662961752688,0.0,0.018776585179183593,0.0,0.0,0.0,0.12194373351040128,0.0,0.0,0.0,0.10353120987799297,0.0,0.0,0.19105723992631402,0.06529656712778095,0.0,0.0,0.0,0.0,0.0,0.0,1.5430998921954289,0.0,0.1126334169852453,0.0,0.0,0.0,0.0,0.0,0.01592568999025421,0.0,0.1208827332486521,0.0,0.16517231793716664,0.010636636108736996,0.0,0.4222330006830478,0.0,0.0,0.0,0.0,0.09356017616233782,0.0,0.0,0.0,0.0,0.0,0.0,0.0,0.0,0.0,0.009490502947452436,0.0,0.9754834516345531,0.0,0.0,0.0,0.0,0.0,0.0,0.0,0.07587486697512764,0.0,0.0,0.0,4.387383221522644,1.2518099681715398,0.7761039880731643,1.1114320053619873,3.139616834942901,4.4356685942842775,6.064667327743211,0.0,1.3333092295748965,3.7578020062397965,0.2197106395487792,0.27738969881086384,0.04460395064976797,4.361964822019985,3.019203733973092,0.0,3.1566069538382746,2.7928345341020266,0.0,2.691489498746628,0.0,0.0,0.0,0.06860202737867155,3.1706141244622326,2.922312041373556,3.0
0.040261223064434574,0.0,0.08420036167465528,0.018349309878891815,0.0,0.0,0.0,0.0,0.0,0.0,0.0,0.021337582965694914,0.0,0.0,0.0,0.0,0.0,0.0,0.0,0.0,0.028852005847493426,0.0,0.1290851480566105,0.0,0.0,0.0,0.0,0.0,0.0,0.0,2.1071521986349104,0.0,0.12697285625776553,0.0,0.0,0.0,0.0,0.0,0.0,0.0,0.5245652210771998,0.0,0.12644429972469104,0.0,0.0,0.06791401408846634,0.0,0.0,0.0,0.0,0.3139423572923462,0.0,0.0,0.0,0.0,0.0,0.0,0.0,0.0,0.0,0.03210084316702408,0.0,1.216423822421523,0.0,0.0,0.0,0.14182512970002847,0.011352507229905218,0.0,0.0,1.0167102479356687,0.0,0.0,0.0,4.2061821504900845,0.8711339518281754,1.1521834190550453,1.3172461741408799,3.9894751125244605,4.4952346545473105,5.779987189018382,0.0,1.4988125155485723,0.07806325577681912,0.10956115195305141,0.09841955776554452,0.04600204654452046,4.211308180461719,2.697818291589865,0.0,2.7649830221874687,0.016924144257821412,0.0,1.5749734027820566,0.0,0.0,0.0,0.08827730968045189,0.47071906135081854,2.520849650408075,5.0
0.0,0.0,0.11103131238874395,0.09504672450704019,0.0,0.0,0.0,0.0,0.0,0.0,0.0,0.08338358771008252,0.0,0.0,0.0,0.0,0.0,0.0,0.0,0.07874644707664834,0.00647756407120479,0.0,0.008486888965491164,0.0,0.0,0.0,0.0,0.0,0.0,0.0,1.4900052638120733,0.0,0.1211480564753105,0.0,0.0,0.0,0.0,0.0,0.008056554871058458,0.0,0.7143114679319973,0.03125402547050081,0.08542465625267767,0.03210084316702408,0.0,0.0,0.0,0.0,0.0,0.0,0.4339208835135514,0.0,0.0,0.0,0.0,0.0,0.0,0.0,0.0,0.0,0.056583528366367514,0.0,1.641453545671941,0.0,0.0,0.0,0.0,0.0,0.0,0.0,0.09315448790708296,0.0,0.0,0.0,3.6763576867328562,0.6548021257897905,1.2914856859735615,2.5342608559316746,3.8861794275438744,4.526162734068643,5.954533675423838,0.0,1.0198442201282911,0.03520159571856608,0.1190241031422746,0.12961273813046964,0.07286040193124495,3.6172867268033717,1.8280628397953593,0.0,2.724541137874532,0.11729608565724152,0.0,1.6850430894766806,0.0,0.0,0.0,0.015069321717648201,4.067724752897745,1.227433038036978,4.0
0.019203733973092663,0.0,0.10969486482592981,0.01735184178777496,0.0,0.0,0.0,0.0,0.011209361420303354,0.0,0.0,0.059908989018685105,0.0,0.0,0.0,0.16169423543613154,0.0,0.0,0.0,0.0,0.004609253252589672,0.0,0.04809665327294402,0.32100447447112396,0.0,0.0,0.0,0.0,0.0,0.0,1.6750480957145095,0.0,0.06460697529739193,0.0,0.0,0.0,0.0,0.0,0.011495638837829437,0.0,0.4745658345384748,0.0,0.0,0.03421571533791298,0.0,0.0,0.0,0.0,0.0,0.0,0.21250708529447856,0.0,0.0,0.0,0.0,0.0,0.0,0.0,0.0,0.0,0.03548315212868861,0.0,0.6185205879887999,0.0,0.0,0.0,0.0,0.0,0.0,0.0,0.0076260923761779465,0.0,0.0,0.0,2.9253158747900208,0.8479969065549501,1.2310022393273106,1.7248248687367973,3.584697982382071,4.1406641516325005,5.8973348270274615,0.0,1.0225453645690012,2.662524543845487,0.9509162706440615,0.23130951607250091,0.047957107396655034,4.70569043955076,3.1977867767968218,0.0,3.504150009856743,0.4833643607133495,0.0,3.2445217736320555,0.0,0.0,0.0,1.0136409106693862,6.072337367900321,0.41218535915670673,0.0
0.0,0.0,0.09153059312061654,0.0,0.0,0.0,0.10366548276569647,0.0,0.0,0.0,0.0,0.042784398089239506,0.0,0.0,0.0,0.07121348960526455,0.0,0.0,0.0,0.06032413315110383,0.019488429591360157,0.0,0.038576651452323155,0.0,0.0,0.0,0.0,0.0,0.0,0.0,2.590458305624914,0.0,0.09895848008816877,0.0,0.0,0.0,0.0,0.0,0.012211083950874365,0.0,0.5440896665488014,0.0,0.4551233378816796,0.04851520993393956,0.0,0.13422093976063337,0.0,0.0,0.0,0.0,0.46393627950640753,0.0,0.0,0.0,0.0,0.0,0.0,0.0,0.0,0.0,0.0,0.0,0.9454578828332559,0.0,0.0,0.0,0.0,0.0,0.0,0.0,0.40762467556660875,0.0,0.0,0.0,6.102565755615649,0.358396261956654,1.0911243336611647,1.6634812533100465,3.5149554363679116,4.395316483089366,6.269442774777042,0.0,2.689142580484321,2.834488747777596,0.13960046458551462,0.1267086021969683,0.0647449200353551,4.082242733635187,2.4213714330008944,0.0,2.126609494444037,1.4081140104134113,0.0,2.680436887169793,0.0,0.0,0.0,0.022900402110078828,1.490878146326293,2.7834566543602395,5.0
0.0,0.009203827329839744,0.31266517355839435,0.04250426312896344,0.0,0.0,0.0,0.0,0.0,0.0,0.03689011054026592,0.05755424645808902,0.0,0.0,0.0,0.0,0.0,0.0,0.0,0.0,0.05199846779700237,0.0,0.07819991992137154,0.0,0.0,0.0,0.0,0.0,0.0,0.0,0.7921890189791807,0.0,0.1721034284401398,0.0,0.0,0.0,0.0,0.0,0.004753055399819502,0.0,0.38901605968850905,0.018349309878891815,0.0,0.03759307554023308,0.0,0.15432396466047715,0.0,0.0,0.0,0.0,0.12565110166152013,0.0,0.0,0.0,0.0,0.0,0.0,0.0,0.0,0.0,0.1331689334860438,0.0,0.6907299621565596,0.0,0.0,0.0,0.057138304393541776,0.0,0.0,0.0,0.07327183642451936,0.0,0.0,0.0,4.083094202675277,0.8340639408049653,1.0863082233088472,2.066502560258138,3.1210154009613658,4.448464905985266,5.544955162429873,0.0,1.4171098842300476,0.0,0.0398402645317911,0.08990486842133553,0.025312343046069,2.9763636357327616,2.2661868545007158,0.0,3.106783809634922,0.08759861792362102,0.0,0.3841603539038218,0.0,0.0,0.006764781878422359,0.008917094736053047,0.13933851360142885,5.373982226510319,2.0
0.0,0.007339046008161997,0.08949815083910263,0.07354606091515468,0.0,0.0,0.02488699931317951,0.0,0.0,0.0,0.0,0.09801523386895944,0.0,0.0,0.0,0.06653700239579126,0.0,0.0,0.0,0.019061365093430198,0.012211083950874365,0.0,0.15354595185667388,0.0,0.0,0.0,0.0,0.0,0.0,0.0,1.849999259466098,0.0,0.23462394136385586,0.0,0.0,0.0,0.0,0.0,0.003746139232894637,0.0,0.11129845340254099,0.014783752627070351,0.23032600002869183,0.0076260923761779465,0.0,0.12565110166152013,0.0,0.0,0.0,0.0,0.14443799836839158,0.0,0.0,0.0,0.0,0.0,0.0,0.0,0.0,0.0,0.03365205248999707,0.0,0.5242643148208397,0.0,0.0,0.0,0.0,0.014212444812104711,0.0,0.0,0.3838286871624349,0.0,0.0,0.0,4.217416858410578,0.9342522820940546,0.8676592891491107,1.7642187479116636,2.8285300370783775,4.612098854679622,5.311139780275856,0.0,0.8584584979036287,1.7112746310498603,0.23413339561248245,0.27822269799152827,0.02048442206508403,4.018687579926495,2.498812515548572,0.0,3.591356282159805,0.6475447697089667,0.0,1.3323928690576163,0.0,0.0,0.0,0.02842770457266734,3.1629189615457785,5.521408852804489,2.0
0.0,0.0,0.3945141419559588,0.03646816706929173,0.0,0.0,0.01321211142685117,0.0,0.0,0.0,0.0,0.06308871201928423,0.0,0.0,0.0,0.070389327891398,0.0,0.0,0.0,0.0,0.014498126999352837,0.0,0.025595835882683472,0.037452509939606575,0.0,0.0,0.0,0.0,0.0,0.0,0.9770234215806899,0.0,0.15003969277415322,0.0,0.0,0.0,0.0,0.0,0.01206802330909034,0.0,0.5106581620300442,0.0,0.1265764570133731,0.0,0.0,0.36647609351009586,0.0,0.0,0.0,0.0,0.1525079483649029,0.0,0.010779838753242763,0.0,0.0,0.0,0.0,0.0,0.0,0.0,0.03210084316702408,0.0,1.1990598054953352,0.0,0.0,0.0,0.07272323102162045,0.0,0.0,0.0,0.09328973000147671,0.0,0.0,0.0,3.642389666493138,0.8075197920698844,1.143066832378066,1.7381625343886375,3.910032247639787,4.430492695664668,6.137202247733502,0.0,0.7969299426385114,3.318938620978654,0.08052123183149242,0.05935527761642124,0.03689011054026592,3.6273500248939787,2.832343205063083,0.0,2.6286103060050534,0.4665488169645523,0.0,1.1633699144747764,0.0,0.0,0.008630305143440056,0.011352507229905218,2.1125666981357925,3.5961241437151767,3.0
0.0,0.028710585954140094,0.2702299072379977,0.05588975819628299,0.0,0.0,0.0,0.0,0.0,0.0,0.0,0.11490002395719036,0.0,0.0,0.0,0.08664791275518828,0.0,0.0,0.0,0.0,0.011924948479708557,0.0,0.1294808586988783,0.0,0.0,0.0,0.0,0.0,0.0,0.0,1.9984121619839181,0.0,0.046281503211910255,0.0,0.0,0.0,0.0,0.0,0.0,0.0,0.21113682698227518,0.028993411879548688,0.15510155812570256,0.015069321717648201,0.0,0.3765126612884794,0.0,0.0,0.0,0.0,0.3586213138315178,0.0,0.026729250487489024,0.0,0.0,0.0,0.0,0.0,0.0,0.0,0.03969991772095141,0.0,1.2241637873416638,0.0,0.0,0.0,0.0,0.02786177535450958,0.0,0.0,0.048794180260804905,0.0,0.0,0.0,3.4487556174015492,0.2792929906975841,1.1411711724607414,1.4223944873583154,3.3065247361728534,4.390598905552461,5.8340614118175,0.0,1.150819598212133,0.3073119390641877,0.08705543454337573,0.16697247241069538,0.1059462119053246,3.9653410206566884,2.8495189481618426,0.0,3.1566231323558935,1.6589198006644805,0.0,2.369829380153929,0.0,0.0,0.0,0.04166353172936154,0.5879409937552202,3.1391420191456887,3.0
0.0,0.011924948479708557,0.2555611589003538,0.1348780543431117,0.0,0.0,0.0,0.0,0.0,0.04264433740849372,0.0,0.10581215112923141,0.0,0.0,0.0,0.0,0.0,0.0,0.0,0.0,0.014783752627070351,0.0,0.019630756335508422,0.0,0.0,0.0,0.0,0.0,0.0,0.0,0.43413445790933575,0.0,0.09990111000794269,0.0,0.0,0.0,0.0,0.0,0.0,0.0,0.5487325317919189,0.0709388213434375,0.35727047567955966,0.04893364519792244,0.0,1.0245324503838953,0.0,0.0,0.0,0.0,0.14899916258776436,0.0,0.0,0.0,0.0,0.0,0.0,0.0,0.0,0.0,0.04362447674703463,0.0,1.2165479893069502,0.0,0.0,0.0,0.0,0.0,0.0,0.0,0.2202061130801844,0.0,0.0,0.0,3.6351158893682944,0.8318772411916731,1.0105650294557433,1.771167220616567,3.3235141872413885,4.4178930110204355,5.209355882940924,0.0,0.8180324746580945,0.009060468156383597,0.021053252054075176,0.1437852247086015,0.0,2.622789821831874,2.5520819106531074,0.0,2.8258059756293448,0.09734110879670181,0.0,0.5808208357104129,0.0,0.0,0.0,0.0,0.11609855223657987,1.3407331605877317,3.0
0.028710585954140094,0.008343458529334968,0.10915993896111068,0.12512206056982392,0.0,0.0,0.5745375213020635,0.0,0.0,0.0,0.0,0.178619042533318,0.0,0.0,0.0,0.07464243793449277,0.0,0.0,0.0,0.06322680199698132,0.02715405150372665,0.0,0.101246656683439,0.02658762234808418,0.0,0.0,0.0,0.0,0.0,0.0,1.67870294616286,0.0,0.0398402645317911,0.0,0.0,0.0,0.0,0.0,0.0043216059500934675,0.0,0.3904475779933104,0.08161232285788984,0.6933196788115746,0.04250426312896344,0.0,0.0,0.0,0.0,0.0,0.0,0.21163525332714944,0.0,0.0,0.0,0.0,0.0,0.0,0.0,0.0,0.0,0.03787416566112011,0.0,0.9411814493564321,0.0,0.0,0.0,0.051859298835249854,0.016068368627653675,0.0,0.0,0.5510976061591101,0.0,0.0,0.004033901284489715,3.6574456512637616,1.6655292111574562,0.7909388137758194,1.7540750895880401,3.829098594857765,4.934459887197005,6.024257615020681,0.0,0.7297920215599653,0.7058452339698084,0.18561286234235091,0.14221736180382347,0.045582760019634974,4.3875279780291,3.0799071303079013,0.0,3.035166397303416,0.7649405731256065,0.0,2.431703181488846,0.0,0.0,0.012211083950874365,0.15302704346482315,0.7752612923477508,6.2206317747363835,5.0
0.0,0.0,0.2704691403105779,0.07450543636362976,0.0,0.0,0.013640910669386311,0.0,0.0,0.12604775520593936,0.0,0.06529656712778095,0.0,0.0,0.0,0.03689011054026592,0.0,0.0,0.0,0.061707084791597165,0.01006368334469748,0.0,0.07162539397376963,0.0,0.0,0.0,0.0,0.0,0.0,0.0,0.6624789704232514,0.0,0.19585150857564437,0.0,0.16221003631430692,0.0,0.0,0.0,0.006333933722050485,0.0,0.4662355621504047,0.048375704538976265,0.0,0.04963076772460043,0.0,0.0,0.0,0.0,0.0,0.0,0.35445216057956175,0.0,0.033511102361323694,0.0,0.0,0.0,0.0,0.0,0.0,0.0,0.0604624879861069,0.0,0.7325731212951982,0.0,0.0,0.0,0.0,0.01178185945991471,0.0,0.0,0.008343458529334968,0.0,0.0,0.005902956858236406,4.4631058083880495,0.7729835521381047,1.0071237237459942,2.149031690518342,3.6604494943128776,4.290409658337768,5.81204121395734,0.0,0.4428638966850959,0.43594856486053385,0.08338358771008252,0.03238300531165298,0.019203733973092663,3.33925142745084,2.786429083203056,0.0,2.8828190963201163,0.2866446210164392,0.0,1.0041058328299335,0.0,0.0,0.0,0.0,4.891390021557192,1.0861723251323256,2.0
0.0,0.0,0.16530097491686477,0.07601173856964127,0.0,0.0,0.0,0.0,0.0,0.0,0.0,0.1549719883163839,0.0,0.0,0.0,0.030265442857669595,0.0,0.0,0.0,0.0,0.02446153014099581,0.0,0.0897693086335084,0.2895984221401878,0.0,0.0,0.0,0.0,0.0,0.0,1.7455385345492702,0.0,0.21822319715473792,0.0,0.0,0.0,0.0,0.0,0.0,0.0,0.16324108516354305,0.0,0.158854029516618,0.02048442206508403,0.0,0.05769286716834593,0.0,0.0,0.0,0.0,0.5020250215176955,0.0,0.018349309878891815,0.0,0.0,0.0,0.0,0.0,0.0,0.0,0.03618680284784627,0.0,1.2677754782687938,0.0,0.0,0.0,0.0,0.00963381939726868,0.0,0.0,0.6333847085573432,0.0,0.0,0.0,4.429167353542916,0.541217448102037,1.0277202583559275,1.8753082600313442,2.974859662836252,5.120741760435155,5.4462727744625985,0.0,1.277568239129251,1.0339339114419317,0.13382652729882785,0.26207228839841024,0.09572192227332565,4.159290106184541,2.9236816525487015,0.0,2.949161371378237,2.3182589877422863,0.0,2.4683747823277686,0.0,0.0,0.0,0.00963381939726868,2.9187678493251474,3.3151749280999576,4.0
0.09071795976779981,0.0,0.3020557880986188,0.0820212693455023,0.0,0.0,0.05949372539167156,0.0,0.0,0.0,0.0,0.06405506441044337,0.0,0.0,0.0,0.0,0.0,0.0,0.0,0.08990486842133553,0.014783752627070351,0.0,0.06722567253197158,0.0,0.0,0.0,0.0,0.0,0.0,0.0,1.29490007171757,0.0,0.08433644572332372,0.0,0.0,0.0,0.0,0.0,0.0,0.0,0.8815080089162737,0.03576465360097467,0.43263877275075274,0.0,0.0,0.0,0.0,0.0,0.0,0.0,0.3190398155625359,0.0,0.0,0.0,0.0,0.0,0.0,0.0,0.0,0.0,0.0,0.0,0.8881490040158464,0.0,0.0,0.0,0.0,0.0,0.0,0.0,0.4034858827874544,0.0,0.0,0.0,4.152524172914258,0.25386828044171933,1.1552311162992788,1.3627223558245758,4.721607802885888,4.463275865018053,6.878592933072067,0.0,0.834792104764455,1.1055439921989259,0.03125402547050081,0.33239286905761645,0.03520159571856608,2.4313287750326524,3.100288083227446,0.0,2.037593075540233,0.2817872568158263,0.0,1.6116445433736617,0.0,0.0,0.026304324351908496,0.2396424418789966,3.873015854609371,5.600929806771603,3.0
0.01564029037688224,0.026729250487489024,0.4186757129428916,0.048654701840346405,0.0,0.0,0.0,0.0,0.0,0.0,0.0,0.10326262660608464,0.0,0.0,0.0,0.08065766334522519,0.0,0.0,0.0,0.0,0.0184917490398792,0.0,0.09545188108566052,0.0,0.0,0.0,0.0,0.0,0.0,0.0,2.2577046350551155,0.0,0.11636475669178462,0.0,0.0,0.0,0.0,0.0,0.004609253252589672,0.0,0.452911664939964,0.03590538374212795,0.39637872697964566,0.02772025835592744,0.0,0.41413553298445116,0.0,0.0,0.0,0.0,0.19861987321921495,0.0,0.0,0.0,0.0,0.0,0.0,0.0,0.0,0.0,0.08854869701023801,0.0,1.1411057604301305,0.0,0.0,0.0,0.11009592910342043,0.0,0.0,0.0,0.11236652307256315,0.0,0.0,0.0,4.162935069434964,1.034215715337913,1.0561673063004262,2.1286563390101487,3.295620181105727,4.546598175511033,5.8609131516136515,0.0,0.7513780224491544,0.5270703355126606,1.5430998921954289,0.09882376837969153,0.13658515284762576,4.417656767542804,3.013730227805517,0.0,3.2225418355854356,1.1142337444270878,0.0,2.805251176182094,0.0,0.0,0.006621180122379962,0.008773707066016134,2.1810389244316686,4.754679097827998,4.0
0.0,0.012783184698289592,0.2547149679769182,0.01006368334469748,0.0,0.0,0.0,0.0,0.0,0.0,0.0,0.06915220186942299,0.0,0.0,0.0,0.0,0.0,0.0,0.0,0.03308816933218775,0.02644598030380087,0.0,0.07573798239407814,0.0,0.0,0.0,0.0,0.0,0.0,0.0,1.8097436951167452,0.0,0.1578198394788626,0.0,0.0,0.0,0.0,0.0,0.0,0.0,0.22786427254650743,0.02587927302325896,0.0709388213434375,0.0,0.0,0.07450543636362976,0.0,0.0,0.0,0.0,0.20914139783859167,0.0,0.0,0.0,0.0,0.0,0.0,0.0,0.0,0.0,0.03534238079219708,0.0,0.819749920276789,0.0,0.0,0.0,0.0,0.0,0.0,0.0,0.11036324336041808,0.0,0.0,0.0,4.320434132260949,0.7218538421634649,0.9728396727591956,1.4288391768121547,3.277553361613271,5.90620034138166,6.057833640195418,0.0,1.0423641752480077,1.9622898882909987,0.07751646970209519,0.1028596579220564,0.08963373610689557,4.128846020269746,3.158595551500897,0.0,2.729857264976184,1.511721032707621,0.0,2.187165970859719,0.0,0.0,0.0,0.0,2.603145613802619,4.821970366425849,2.0
0.01321211142685117,0.015212085068503288,0.12075005333492556,0.07025192182044421,0.0,0.0,0.008630305143440056,0.0,0.0,0.0,0.0,0.020768865094571848,0.0,0.0,0.0,0.023326331860027503,0.0,0.0,0.0,0.0,0.003170442880128181,0.0,0.177343788281726,0.0,0.0,0.0,0.0,0.0,0.0,0.0,1.6487415304917277,0.0,0.28332916805164143,0.0,0.0,0.0,0.0,0.0,0.0,0.0,0.10259094958809113,0.0,0.04250426312896344,0.0,0.0,0.3231971082393275,0.0,0.0,0.0,0.0,0.1534162422552479,0.0,0.007051942516490025,0.0,0.0,0.0,0.0,0.0,0.0,0.0,0.01049341924845273,0.0,0.768163147446584,0.0,0.0,0.0,0.04781754802136954,0.007339046008161997,0.0,0.0,0.03618680284784627,0.0,0.0,0.0,3.7830165495353407,0.9705591967334017,0.7259592345091875,1.4987104139886647,2.633872902699125,4.8730355474163725,5.250400753235313,0.0,0.525166845373195,0.41619119389521425,0.1534162422552479,1.0043216059500937,0.030124161455128837,3.625247106769633,2.950188433224661,0.0,3.0986722026706426,0.2715451984856866,0.0,1.6350113803283786,0.0,0.0,0.0,0.0,1.1441769243465265,2.8795685469132444,2.0
0.0,0.0,0.2381754185773755,0.0,0.0,0.0,1.9328171027418506,0.0,0.0,0.0,0.0,0.038295698181544525,0.0,0.0,0.0,0.06364099264269589,0.0,0.0,0.0,0.02715405150372665,0.026020970714370147,0.0,0.04572253573460056,0.06681250989990178,0.0,0.0,0.0,0.0,0.0,0.0,2.3271124707470854,0.0,0.15159908226939658,0.0,0.0,0.0,0.0,0.0,0.0,0.0,0.22169151351090388,0.0,1.291898196046679,0.0,0.05074546358139898,1.6471302749536614,0.0,0.0,0.0,0.0,0.20864210901516606,0.0,0.019488429591360157,0.0,0.0,0.0,0.0,0.0,0.0,0.0,0.024177814301165258,0.0,0.7035437197338161,0.0,0.0,0.0,0.06584800336608129,0.0,0.0,0.0,1.4976379111211164,0.0,0.0,0.0,4.772503291495429,0.9114231485213208,1.1351408163948147,1.6939440869757856,3.476122419880152,4.052085441581272,6.696678262954392,0.0,3.990555568783032,0.24403458239369338,0.4047941531476932,0.16530097491686477,0.0820212693455023,2.910732661902913,3.3904475779933105,0.0,3.3968992835209604,0.8220366720233137,0.0,1.966135105437954,0.0,0.0,0.0,0.02048442206508403,1.17523715119645,4.648551726035676,5.0
0.0,0.0,0.6134373560427742,0.18510536254259158,0.0,0.0,0.0,0.0,0.0,0.0,0.0,0.1526377396511124,0.0,0.0,0.0,0.11143200536198733,0.0,0.0,0.0,0.15432396466047715,0.02062665058995782,0.0,0.10621429609096804,0.039980597690881255,0.0,0.0,0.0,0.0,0.0,0.0,3.4395832468201673,0.0,0.033511102361323694,0.0,0.0,0.0,0.0,0.0,0.0,0.0,0.570462931026041,0.025170575734906053,0.0,0.08854869701023801,0.0,0.0,0.0,0.0,0.0,0.0,0.487074680051724,0.009777121611529915,0.0,0.0,0.0,0.0,0.0,0.0,0.0,0.0,0.0,0.0,1.025312343046069,0.0,0.0,0.0,0.0,0.0,0.0,0.0,0.13145778547908782,0.0,0.0,0.0,3.5063099616195514,0.0,0.9844070653106138,1.1863103831985107,4.936506029425731,4.782529133965948,7.2881924285833275,0.0,0.8176232575114312,0.3911077999745782,0.1272370619248145,0.22995700858436255,0.05408439284237917,2.910502426238798,4.092478087200385,0.0,1.6962609541236973,0.6762674082658896,0.0,2.358002336680233,0.0,0.0,0.0,0.047957107396655034,2.8289361726404625,2.4472617951745703,1.0
0.017779412561234692,0.0,0.20701822594562194,0.039980597690881255,0.0,0.0,0.0,0.0,0.0,0.0,0.0,0.06446901736844254,0.0,0.0,0.0,0.03125402547050081,0.0,0.0,0.0,0.02644598030380087,0.0211954245144897,0.0,0.1141004515881803,0.03294716409912902,0.0,0.0,0.0,0.0,0.0,0.0,2.5080736399525527,0.0,0.18726100484169694,0.0,0.0,0.0,0.0,0.0,0.005328120695281701,0.0,0.2912499129642299,0.04096254777849784,0.0,0.0422240737629849,0.0,0.11716307546575941,0.0,0.0,0.0,0.0,0.2525367666961751,0.0,0.018918982163051733,0.0,0.0,0.0,0.0,0.0,0.0,0.0,0.0560285389227513,0.0,0.7007060372584017,0.0,0.0,0.0,0.0,0.0,0.0,0.0,0.2035144111307585,0.0,0.0,0.0,4.1594031415852895,0.5748281235874431,1.122142584220448,1.897743828624518,3.3502709242284037,4.540734056358118,5.817669300235463,0.0,1.099160524068737,2.0588706057482473,0.2649567179648224,0.20037879798402625,0.03646816706929173,4.301412054371286,2.677733733831434,0.0,3.047782656068024,2.135600534859441,0.0,2.2315552903560407,0.0,0.0,0.0,0.029700234215419886,0.8935175396874592,5.080713084962522,5.0
0.0,0.0,0.4949787531966404,0.07423139418579203,0.0,0.0,0.0,0.0,0.0,0.0,0.0,0.0497701518163845,0.0,0.0,0.0,0.12234140752611963,0.0,0.0,0.0,0.0,0.0,0.0,0.05227676545235779,0.04404433270602122,0.0,0.0,0.0,0.0,0.0,0.0,2.3002701836362824,0.0,0.06571016406526571,0.0,0.0,0.0,0.0,0.0,0.0,0.0,0.6177686458043977,0.0,0.0,0.0,0.0,0.0,0.0,0.0,0.09139518601170002,0.007339046008161997,0.587268968104325,0.0,0.0,0.0,0.0,0.0,0.0,0.0,0.0,0.0,0.0,0.0,1.030124161455129,0.0,0.0,0.0,0.0,0.0,0.0,0.0,0.09180136921767433,0.0,0.0,0.0,4.248140105469531,0.11928976837475146,1.1307332268312922,1.6853571235680125,4.432117589614892,4.671797208585334,7.090413104211731,0.0,1.402394750500615,1.703189314514104,0.23621706410222007,0.10218779322361488,0.11143200536198733,3.5132254270085284,3.2752752922995354,0.0,1.9367415737811196,1.9058129809517657,0.0,2.0880737356756143,0.0,0.0,0.010206942869257081,0.0398402645317911,2.2599051753533526,3.6373668013265084,3.0
0.0,0.011352507229905218,0.3699410222542662,0.03548315212868861,0.0,0.0,0.038295698181544525,0.0,0.0,0.0,0.0,0.010350188169567268,0.0,0.0,0.0,0.03463831799900894,0.0,0.0,0.0,0.02927618237063207,0.023326331860027503,0.0,0.28841762731171716,0.0,0.0,0.0,0.0,0.0,0.0,0.0,0.945832404535442,0.0,0.10097764772482092,0.0,0.0,0.0,0.0,0.0,0.0,0.0,0.11450029316519267,0.04530316795657215,0.3419857472286159,0.03506079690511427,0.0,0.1897929378202589,0.0,0.0,0.0,0.0,0.10956115195305141,0.0,0.0,0.0,0.0,0.0,0.0,0.0,0.0,0.0,0.0,0.0,0.49947599961550815,0.0,0.0,0.0,0.0708014676002111,0.021906076733622215,0.0,0.0,0.3269974645657588,0.0,0.0,0.0,4.355065612795426,0.8840899091335335,1.1258494420656848,1.5520819106531076,3.663299071842335,4.635191363411333,5.937713964786012,0.0,0.6077682346963614,0.08433644572332372,0.01006368334469748,0.07573798239407814,0.0404015152842066,4.221575521660055,2.8123133842350483,0.0,3.292089678494332,0.15652605852865611,0.0,0.7829955888135333,0.0,0.0,0.0,0.10675031506086766,0.08379203249388646,5.847295425953055,5.0
0.0,0.01249716268290215,0.3487989596121077,0.06777637204849275,0.0,0.0,0.0,0.0,0.012640180778770332,0.0,0.0,0.022900402110078828,0.0,0.0,0.0,0.0756010848240282,0.0,0.0,0.0,0.0,0.010350188169567268,0.0,0.08079408195824242,0.0,0.0,0.0,0.0,0.0,0.0,0.0,2.778355782667374,0.0,0.11116488907888972,0.0,0.16800012451782012,0.0,0.0,0.0,0.00647756407120479,0.0,0.18523225423016085,0.0,0.06942721045601417,0.0,0.0,0.14234808214468114,0.0,0.0,0.0,0.0,0.27798474729976524,0.009777121611529915,0.0,0.0,0.0,0.0,0.0,0.0,0.0,0.0,0.023042392665863817,0.0,0.8539956471763932,0.0,0.0,0.0,0.07806325577681912,0.0,0.0,0.0,0.05921681655379864,0.0,0.0,0.0,3.6718707878973875,0.8009930574891905,0.8150015155605296,1.375345319792665,3.2016024978930724,5.140242861715222,6.068131203722077,0.0,0.722903138560449,0.22193893162862405,0.245130531411833,0.3885753065984274,0.11583229865256488,4.0768070477215534,2.6404589743452753,0.0,2.8178278805939514,0.9061979357372204,0.0,2.171975376690099,0.0,0.0,0.0,0.09477655689559733,2.8116559795770595,2.6087619404233227,1.0
0.0,0.0,0.22946487314009217,0.01178185945991471,0.0,0.0,0.0,0.0,0.0,0.0,0.0,0.08052123183149242,0.0,0.0,0.0,0.0,0.0,0.0,0.0,0.11276684542842838,0.0,0.0,0.14912926990993294,0.0,0.0,0.0,0.0,0.0,0.0,0.0,1.2897754580386682,0.0,0.1319845087565303,0.0,0.0,0.0,0.0,0.0,0.0,0.0,0.14938944935894988,0.05963215988209959,0.16066208011334426,0.0,0.0,0.1685136761974936,0.0,0.0,0.0,0.0,0.44169593743456975,0.01178185945991471,0.0,0.0,0.0,0.0,0.0,0.0,0.0,0.0,0.020768865094571848,0.0,0.9281997480045767,0.0,0.0,0.0,0.0,0.0,0.0,0.0,0.09004041547277068,0.0,0.0,0.0,4.373641251862811,0.6908193401599264,1.0512328723211022,1.8481972669525901,3.392248721379148,4.951932762077376,5.827798704825759,0.0,0.5673507388181743,4.95489421979703,0.13933851360142885,0.16195215892674233,0.05880135361618622,3.6958045582920276,2.5195922244208195,0.0,3.0042317044052202,1.1168304963267113,0.0,1.9311913602906812,0.0,0.0,0.01106620140620535,0.0,4.564725690599511,3.7434503393795233,2.0
0.0,0.046421211248710355,0.5999842315156153,0.08106688049188852,0.0,0.0,0.03955955725570582,0.0,0.0,0.0,0.0,0.06336487875842937,0.0,0.0,0.0,0.0,0.0,0.0,0.0,0.19949960366036198,0.024177814301165258,0.0,0.08174865123416789,0.0,0.0,0.0,0.0,0.0,0.0,0.0,0.6018866449789776,0.0,0.06832686143450555,0.0,0.0,0.0,0.0,0.0,0.01206802330909034,0.0,0.13684760419288092,0.0697021666300674,1.3067288670597714,0.03632749181776505,0.0,1.3502709242284037,0.0,0.0,0.0,0.0,0.05755424645808902,0.0,0.0,0.0,0.0,0.0,0.0,0.0,0.0,0.0,0.02701246506258167,0.0,0.3580586183054919,0.0,0.0,0.0,0.0,0.0,0.0,0.0,0.024035935455509406,0.0,0.0,0.0,3.7575033535712925,1.000216388027437,0.9310022015180535,1.4598512507056685,3.775071617955091,4.528902575626386,6.41851380944987,0.0,0.597221268400312,2.023077888121361,0.05116325258211458,0.016924144257821412,0.018634174139050975,3.2217224430961915,3.153448670748925,0.0,3.174630124385663,0.5144000390366161,0.0,0.8949923309695148,0.0,0.0,0.008630305143440056,0.03393391144193176,0.37317489075311644,4.278847131894713,5.0
0.029841557136715123,0.0,0.16684396441249089,0.059908989018685105,0.0,0.0,0.0,0.02233230009805639,0.008630305143440056,0.11968817451919586,0.0,0.01578299724092746,0.0,0.0,0.0,0.07751646970209519,0.0,0.0,0.0,0.10782175591285359,0.010636636108736996,0.0,0.06942721045601417,0.027578727474282683,0.0,0.0,0.0,0.0,0.0,0.0,1.7276155509409654,0.0,0.11636475669178462,0.0,0.0,0.0,0.0,0.0,0.0,0.0,0.1566554888468597,0.0,0.0,0.0,0.041523362184350425,0.09895848008816877,0.0,0.0,0.0,0.0,0.2468336879105421,0.006764781878422359,0.008056554871058458,0.0,0.0,0.0,0.0,0.0,0.0,0.0,0.019773069040027156,0.0,0.8799409691262006,0.0,0.0,0.0,0.0,0.0,0.0,0.0,0.13000830410860617,0.0,0.0,0.0,4.438006679809522,0.6390468935635355,0.8262739042206556,1.2482312067487566,2.745689112180692,4.468329161348401,6.128252152277391,0.0,0.6934981087222453,1.9862288802273995,0.2123825701223572,1.3028161941869545,0.03407482027057225,3.956818699784576,2.8461121574391215,0.0,2.790063025064384,0.45196276620527726,0.0,1.1347466553684875,0.0,0.0,0.0,0.008343458529334968,4.381920122289898,2.9544755146662145,2.0
0.012783184698289592,0.0,0.08501667348871386,0.04530316795657215,0.0,0.0,0.008343458529334968,0.0,0.0,0.0,0.0,0.02658762234808418,0.0,0.0,0.0,0.0,0.0,0.0,0.0,0.07409435357387338,0.009060468156383597,0.0,0.12326888749434657,0.0,0.0,0.0,0.0,0.0,0.0,0.0,0.4548075921118498,0.0,0.08433644572332372,0.0,0.0,0.0,0.0,0.0,0.0,0.0,0.07450543636362976,0.0,0.11889125217842651,0.0076260923761779465,0.0,0.20226098356200264,0.0,0.0,0.0,0.0,0.5228592551916976,0.0,0.0,0.0,0.0,0.0,0.0,0.0,0.0,0.0,0.023468280503905366,0.0,0.9959547879420513,0.0,0.0,0.0,0.0,0.0,0.0,0.0,0.33422500841443065,0.0,0.0,0.0,3.8584286586098657,1.39692667603135,0.6961719126152048,1.6512698733329478,2.7210226076014226,4.581610354587806,5.791832300045374,0.0,1.766637562136053,2.6557639683213674,0.04460395064976797,0.5249663318161122,0.02318436924826338,4.20117118368526,2.6624333955613473,0.0,3.5332020062813294,2.8048176709617523,0.0,1.771970067698189,0.0,0.0,0.0,0.007051942516490025,5.055069812143584,1.695102985640479,2.0
0.0,0.012640180778770332,0.24379092506481007,0.039138393906958314,0.0,0.0,0.08324741374793612,0.0,0.0,0.0,0.0,0.056583528366367514,0.0,0.0,0.0,0.0756010848240282,0.0,0.0,0.0,0.0,0.015497569395325591,0.0,0.13855237515264854,0.0,0.0,0.0,0.0,0.0,0.0,0.0,2.184407258693062,0.0,0.17299947259176227,0.0,0.0,0.0,0.0,0.0,0.0,0.0,0.24220614857087489,0.0,0.06942721045601417,0.026020970714370147,0.0,0.07299755979995012,0.0,0.0,0.0,0.0,0.1843437779529075,0.009777121611529915,0.0,0.0,0.0,0.0,0.0,0.0,0.0,0.0,0.01735184178777496,0.0,1.0238940426557013,0.0,0.0,0.0,0.0,0.0,0.0,0.0,0.025737561413608275,0.0,0.0,0.0,3.624732593554162,1.0152834614465458,1.0986890440913284,1.7731523970140524,3.546450010501782,4.562388976273502,5.891608746853678,0.0,1.0669502439246268,0.10191895971107164,0.2732174731034955,0.21088754922081027,0.05907834220125303,3.9239288049392083,2.704650675240352,0.0,2.999909828742063,0.11928976837475146,0.0,1.4463621118785948,0.0,0.0,0.0,0.0,1.9676113104586879,1.3817263586255994,2.0
0.03815520102596883,0.01106620140620535,0.16658691407044984,0.06805164299778978,0.0,0.0,0.0,0.0,0.0,0.0,0.0,0.05963215988209959,0.0,0.0,0.0,0.0,0.0,0.0,0.0,0.0,0.004609253252589672,0.0,0.08283881472489178,0.0,0.0,0.0,0.0,0.0,0.0,0.0,1.6305918541504836,0.0,0.16375633339790888,0.0,0.0,0.0,0.0,0.0,0.011352507229905218,0.0,0.14665522211946516,0.06571016406526571,0.11995371750556835,0.0,0.0,0.06433104624598394,0.0,0.0,0.0,0.0,0.18167506141489687,0.0,0.010206942869257081,0.0,0.0,0.0,0.0,0.0,0.0,0.0,0.020342179517185827,0.0,1.008343458529335,0.0,0.0,0.0,0.0,0.0,0.0,0.0,0.037452509939606575,0.0,0.0,0.0,4.368803263843084,0.10473921621623744,0.9788545784290813,1.93651545193835,3.40172602421947,3.4133097394891543,5.924251940345866,0.0,1.4381331348004658,0.24756299707135393,0.44318226699222235,0.09112433366116472,0.01321211142685117,3.093120675402461,2.0040698675055175,0.0,3.005076557833325,0.06901467791518046,0.0,2.5617415923537816,0.0,0.0,0.0,0.010779838753242763,0.1376346718833728,0.5301706483946393,0.0
0.0,0.03590538374212795,0.2809563138310563,0.0,0.0,0.0,2.72700555031056,0.0,0.0,0.0,0.0,0.1870075669770331,0.0,0.0,0.0,0.0,0.0,0.0,0.0,0.334911461262063,0.0,0.0,0.0,0.0,0.0,0.0,0.0,0.0,0.0,0.0,1.3219858015348724,0.0,0.038717107572853585,0.0,0.0,0.0,0.0,0.0,0.0,0.0,0.47995483169067105,0.0,0.0,0.0,0.0,0.3770682063840611,0.0,0.0,0.0,0.0,0.24914190328034752,0.02814476771337868,0.0,0.0,0.0,0.0,0.0,0.09963185001446039,0.0,0.0,0.0,0.0,1.1233351132530809,0.0,0.0,0.0,0.0,0.0,0.0,0.0,0.44583262420762776,0.0,0.0,0.0,4.883395988565303,0.029417546835091735,0.8723953935531242,1.0453730710522997,4.845515141074738,4.181436542915609,6.152173276337721,0.0,3.8316847339259668,0.46821836153494933,0.03167749645076024,0.029700234215419886,0.014355292977070054,2.1683532109342356,3.6442370109993294,0.0,1.6738277517734519,0.4718637684076483,0.0,1.394129957475488,0.0,0.0,0.02658762234808418,0.0,4.574882604999843,2.607413173854461,2.0
0.0,0.0,0.19547359238726497,0.01592568999025421,0.0,0.0,0.0,0.0,0.0,0.0,0.0,0.07299755979995012,0.0,0.0,0.0,0.031112840850249287,0.0,0.0,0.0,0.05213762333517526,0.0,0.0,0.0604624879861069,0.0,0.0,0.0,0.0,0.0,0.0,0.0,2.3649365617869127,0.0,0.11649784050174836,0.0,0.0,0.0,0.0,0.0,0.0,0.0,0.2746493101650892,0.060739157857678534,0.0,0.010636636108736996,0.049073096654305606,0.0,0.0,0.0,0.0,0.0,0.20739313045833557,0.0,0.0,0.0,0.0,0.0,0.0,0.0,0.0,0.0,0.02800327847275247,0.0,0.6991962451482441,0.0,0.0,0.0,0.0,0.0,0.0,0.0,0.09477655689559733,0.0,0.0,0.0,3.021568560577001,0.7307486294162129,1.1890970991007084,1.5154601575600486,3.7281490899990484,3.8936049048582935,6.57214388119413,0.0,0.8361665236358192,0.06087747289933462,0.6614759907367952,0.07217441692431663,0.012211083950874365,4.379939739151585,2.8626695892683984,0.0,3.7361718936060497,0.18852752677440168,0.0,1.1360601068802663,0.0,0.0,0.0,1.5526721711622167,6.772987509666036,0.9144114442810113,0.0
0.0,0.024603367140657025,0.2637555730774481,0.07601173856964127,0.0,0.0,0.17197537669009888,0.0,0.0,0.0,0.0,0.08814159686901755,0.0,0.0,0.0,0.07436842178155338,0.0,0.0,0.0,0.0,0.005184375859723257,0.0,0.04684025420297235,0.0,0.0,0.0,0.0,0.0,0.0,0.0,2.1759077785448326,0.0,0.09707137054390325,0.0,0.0,0.0,0.0,0.0,0.0,0.0,0.41077525900824247,0.0,0.19597745864258795,0.0,0.0,0.0,0.0,0.0,0.0,0.0,0.0753272507070651,0.0,0.0,0.0,0.0,0.0,0.0,0.0,0.0,0.0,0.011352507229905218,0.0,0.5795663601602125,0.0,0.0,0.0,0.0,0.0,0.0,0.0,0.19811692915245535,0.0,0.0,0.0,4.328211754608784,0.6751836257878111,1.0303360783709588,2.038822440690185,3.360448560062431,4.470686527992207,5.604261139476106,0.0,1.2035770539323092,0.11782800382748095,0.1654296204241852,0.09193673821058518,0.05338941954463493,3.2350377096421497,2.6304287706327,0.0,3.250673611962811,0.05297227481398869,0.0,2.768798332170836,0.0,0.0,0.0,0.0,0.7664679530315911,4.701549056943071,5.0
0.0,0.0,0.2630344058337938,0.1473066987802935,0.0,0.0,0.03153635326805325,0.0,0.0,0.0,0.0,0.20414071678022522,0.0,0.0,0.0,0.0,0.0,0.05686094304675096,0.0,0.03604610015685955,0.01735184178777496,0.0,0.08990486842133553,0.0,0.0,0.0,0.0,0.0,0.0,0.0,2.908428650168787,0.0,0.05227676545235779,0.0,0.0,0.0,0.0,0.0,0.0,0.0,0.5449798832558039,0.0,0.07737974079701358,0.014498126999352837,0.0,0.0,0.0,0.0,0.0,0.0,0.17351124806392174,0.0,0.0,0.0,0.0,0.0,0.0,0.0,0.0,0.0,0.0,0.0,0.55040819321728,0.0,0.0,0.0,0.0,0.013640910669386311,0.0,0.0,0.08433644572332372,0.0,0.0,0.006908369342177494,4.364460373960261,0.16298339202346543,0.8929738152733337,1.6318958590538044,4.926815449395028,4.092706407894532,6.887099954195427,0.0,1.2073931304583352,2.737600240372269,0.08447251693690148,0.20338911736708698,0.09761079662642233,3.3627784536195042,3.5358290163976003,0.0,1.7038980379135034,1.1392075202712542,0.0,1.6637544823833461,0.0,0.0,0.0,0.130667339815507,1.9064288593136862,5.6182885851379964,3.0
0.01820685665331186,0.0,0.3021727997407522,0.04893364519792244,0.0,0.0,0.0,0.0,0.0,0.0,0.0,0.0475383887633606,0.0,0.0,0.0,0.21088754922081027,0.0,0.0,0.0,0.17989317053354809,0.02587927302325896,0.0,0.10057404021319741,0.0,0.0,0.0,0.0,0.0,0.0,0.0,1.5891882114908569,0.005328120695281701,0.16645837172253314,0.0,0.0,0.0,0.0,0.0,0.0,0.0,0.26747587179649235,0.0211954245144897,0.058247216854662685,0.07477942649661334,0.0,0.0,0.0,0.0,0.0,0.0,0.9245560016865544,0.0,0.009777121611529915,0.0,0.0,0.0,0.0,0.0,0.0,0.0,0.07135080412884309,0.0,1.2736352390602992,0.0,0.0,0.0,0.18840092460321,0.010206942869257081,0.0,0.0,0.04264433740849372,0.0,0.0,0.0,3.9514106174039685,0.79941892199108,0.9841882928420941,1.725479419376803,3.27208292674934,4.157512671542597,6.281342168308202,0.0,1.9206363044886796,0.9523335663696857,0.12485746725576015,0.4531224465958125,0.061707084791597165,4.230179952199998,3.1746940339737346,0.0,2.607176418070667,1.6818540177410608,0.0,1.7551439584864066,0.0,0.0,0.007769594145917668,0.0,2.2522642601552945,0.3934162004715447,1.0
0.0,0.0,0.47881652904941513,0.08637616759693734,0.0,0.0,0.0,0.02644598030380087,0.010350188169567268,0.0,0.0,0.11756206925697886,0.0,0.0,0.0,0.0,0.0,0.0,0.0,0.0,0.00417776078910997,0.0,0.049909522443058005,0.0,0.0,0.0,0.0,0.0,0.0,0.0,0.2531421525641866,0.0,0.1575611760911883,0.0,0.0,0.0,0.0,0.0,0.005328120695281701,0.0,0.5576796588916856,0.02062665058995782,0.2152437037128657,0.0,0.04935195913529153,0.11716307546575941,0.0,0.0,0.0,0.0,0.18624698614531154,0.008056554871058458,0.009490502947452436,0.0,0.0,0.0,0.0,0.0,0.0,0.0,0.06502076994841134,0.0,0.9781223945720702,0.0,0.0,0.0,0.0,0.0,0.0,0.0,0.0,0.0,0.0,0.0,4.285032249622911,0.30894328812521354,1.1692195113995898,1.6862091574045952,3.92587602488779,5.618696767760603,5.876647090204851,0.0,1.9017261326501211,0.023326331860027503,0.03590538374212795,0.0,0.060185765046563026,2.683786269100848,3.140287859710402,0.0,2.1462316044776184,0.0,0.0,0.475188670225608,0.0,0.0,0.0076260923761779465,0.00992040959306388,0.5940707568515382,0.11076412189980747,4.0
0.018349309878891815,0.021053252054075176,0.1215459498469588,0.08909131856468917,0.0,0.0,0.011924948479708557,0.0,0.0,0.0,0.0,0.09410091643886649,0.0,0.0,0.0,0.15471281378215795,0.0,0.0,0.0,0.027295624050907505,0.0560285389227513,0.0,0.09031147137603657,0.0,0.0,0.0,0.0,0.0,0.0,0.0,0.7951019581228245,0.0,0.1775989293277334,0.0,0.0,0.0,0.0,0.0,0.010923027184791876,0.0,0.4825385478454152,0.0422240737629849,0.16928366111572982,0.07519031415521925,0.05088474002509346,0.17747136444495093,0.0,0.0,0.0,0.0,0.05199846779700237,0.008200013832136126,0.0,0.0,0.0,0.0,0.0,0.0,0.0,0.0,0.0856965806792463,0.0,0.717999879468506,0.0,0.0,0.0,0.0,0.0,0.0,0.0,0.12525433903146602,0.0,0.0,0.0,3.8352369129930444,2.3968992835209604,0.9961717835115194,1.4824869188425687,3.4538994379054024,4.633646261677801,6.286720387719321,0.0,0.6590111711981499,6.628098449574791,0.06419306192749237,0.05380644369579382,0.045862297908687955,4.6227488316024985,2.6125412281954388,0.0,3.248550015930882,0.08365589708063247,0.0,0.7667223592113933,0.0,0.0,0.0,0.010206942869257081,3.4343346551945886,3.833689602427277,5.0
0.019061365093430198,0.01106620140620535,0.19899696624010868,0.0172092900322231,0.0,0.0,0.0,0.0,0.0,0.0,0.0,0.01006368334469748,0.0,0.0,0.0,0.09841955776554452,0.0,0.04474382122439775,0.0,0.08338358771008252,0.004609253252589672,0.0,0.08814159686901755,0.0,0.0,0.0,0.0,0.0,0.0,0.0,1.504061001309293,0.0,0.04684025420297235,0.0,0.0,0.0,0.0,0.0,0.0,0.0,0.019061365093430198,0.0,0.5172252925024589,0.011352507229905218,0.05283319976294459,0.6685730164758892,0.0,0.0,0.0,0.0,0.37362037324573705,0.0,0.0,0.0,0.0,0.0,0.0,0.0,0.0,0.0,0.0,0.0,0.8014070183657183,0.0,0.0,0.0,0.0,0.0,0.0,0.0,0.03731193064196659,0.0,0.0,0.0,4.327881339014207,0.2553194407057884,0.8811164085119016,1.0233263318600274,2.548707875185253,4.198140508572749,5.847468322487846,0.0,0.7801420898384704,4.511189695249364,0.2741721890227864,0.11396714643300218,0.10996225339881809,3.755122588867291,2.855630971626147,0.0,3.154323964660477,0.41651550434749346,0.0,2.95886123068714,0.0,0.0,0.0,0.09328973000147671,4.672136774105569,2.2169204258568773,2.0
0.013497991748977312,0.0,0.04348449760357947,0.047957107396655034,0.0,0.0,0.060185765046563026,0.0,0.0,0.0,0.0,0.06253621989538932,0.0,0.0,0.0,0.06983962506863442,0.0,0.0,0.0,0.05907834220125303,0.019061365093430198,0.0,0.11450029316519267,0.0,0.0,0.0,0.0,0.0,0.0,0.0,2.0639860607016707,0.0,0.3245802145600629,0.0,0.0,0.0,0.0,0.0,0.0,0.0,0.07888304652198912,0.0,0.04306447866493742,0.008056554871058458,0.0,0.13172117115592868,0.0,0.0,0.0,0.0,0.2481704732018035,0.0,0.007195501404203766,0.0,0.0,0.0,0.0,0.0,0.0,0.0,0.010779838753242763,0.0,0.6867918381280594,0.0,0.0,0.0,0.0,0.0,0.0,0.0,0.026304324351908496,0.0,0.0,0.0,3.471655707397641,1.3024067945577258,0.8046318431269682,1.445620774715193,2.8883828344884224,4.692410458801993,5.870778972525776,0.0,1.7318349144166265,2.9952131400559607,0.7018595190094186,0.4556494273164153,0.048654701840346405,3.770141884771159,2.453148792137598,0.0,3.447010469553539,0.8337401943708687,0.0,1.8754655448547093,0.0,0.0,0.0,0.007482576331206196,4.548103656650354,3.0251351317303126,2.0
0.0,0.0,0.19824268160761352,0.05949372539167156,0.0,0.0,0.014498126999352837,0.0,0.0,0.0,0.0,0.09139518601170002,0.0,0.0,0.0,0.0,0.0,0.0,0.0,0.03308816933218775,0.0211954245144897,0.0,0.0824300999459491,0.0,0.0,0.0,0.0,0.0,0.0,0.0,1.9946883295411353,0.0,0.10057404021319741,0.0,0.0,0.0,0.0,0.0,0.0,0.0,0.3560310952722207,0.025737561413608275,0.0,0.0,0.0615688492680028,0.0,0.0,0.0,0.0,0.0,0.20201016731643198,0.0,0.0,0.0,0.0,0.0,0.0,0.0,0.0,0.0,0.01178185945991471,0.0,0.6345003382359987,0.0,0.0,0.0,0.0,0.0,0.0,0.0,0.07724299893246035,0.0,0.0,0.0,4.363927977971255,0.22366967138824592,1.0117103096277338,1.7263516918668043,4.531013331358758,4.937250218382068,6.617940510892655,0.0,1.0541538717627081,0.4582770006958051,0.04474382122439775,0.06004738366993889,0.06529656712778095,3.1499421749433796,3.3171014284232587,0.0,2.2671762030915765,1.5257181140016922,0.0,2.0044654367703,0.0,0.0,0.0,0.0,1.1307332268312922,4.937287888627014,3.0
0.018349309878891815,0.0,0.1761950948634081,0.04921253463256027,0.0,0.0,0.0,0.0,0.0,0.0,0.0,0.04781754802136954,0.0,0.0,0.0,0.03238300531165298,0.0,0.0,0.0,0.027295624050907505,0.026162654489675658,0.0,0.07942931500291513,0.0,0.0,0.0,0.0,0.0,0.0,0.0,0.8189323440104969,0.0,0.11556599592160316,0.0,0.0,0.0,0.0,0.0,0.005471851210059492,0.0,0.6216182134573858,0.0,0.058662839378559886,0.04348449760357947,0.05102400302446689,0.4323180669495235,0.0,0.0,0.0,0.0,0.3819478006891023,0.0,0.009777121611529915,0.0,0.0,0.0,0.0,0.029841557136715123,0.0,0.0,0.05297227481398869,0.0,0.8574237087323069,0.0,0.0,0.0,0.0,0.0,0.0,0.0,0.03590538374212795,0.0,0.0,0.0,3.9144975533368864,0.8718436485093178,0.8263552676158153,1.9612528840582077,3.264761599957299,4.7114949066500875,4.862347239763316,0.0,0.31672502157874954,0.11649784050174836,0.018634174139050975,0.06653700239579126,0.025170575734906053,3.005525746461607,2.167357927738514,0.0,3.695760024138379,0.027437182706851134,0.0,0.6260185327077469,0.0,0.0,0.007769594145917668,0.0,2.382888550447034,4.137323175597829,5.0
0.0,0.0,0.17925624719050748,0.0506061736907874,0.0,0.0,0.08106688049188852,0.0,0.016353683577834812,0.0,0.0,0.01492654423810282,0.0,0.0,0.0,0.049491370165103715,0.0,0.0,0.0,0.062259894470126094,0.006764781878422359,0.0,0.15328652099086262,0.10205338272918787,0.0,0.0,0.0,0.0,0.0,0.0,1.4731115047370027,0.0,0.19383481065383806,0.0,0.0,0.0,0.0,0.0,0.00417776078910997,0.0,0.06956469509335926,0.0326651122818301,0.13224779829843977,0.008486888965491164,0.0,0.26519682698441444,0.0,0.0,0.0,0.0,0.15924165973010634,0.0,0.0076260923761779465,0.0,0.0,0.0,0.0,0.0,0.0,0.0,0.007482576331206196,0.0,0.6805044011523604,0.0,0.0,0.0,0.05116325258211458,0.0,0.0,0.0,0.19370867338242317,0.0,0.0,0.0,4.492929906667688,1.1967958661670577,0.8059527657173425,1.8107721200764564,2.642562955562603,4.7817373878783345,5.863943404725358,0.0,0.7906886426747812,2.568153743407234,0.4757074946426389,0.38659024966271666,0.022616379067348553,4.0460806492037324,2.620422191914284,0.0,3.186373777465944,2.5333889185806218,0.0,2.2947236635931714,0.0,0.0,0.0,0.0,4.892434743282564,2.1765780943013167,2.0
0.0,0.0,0.3112705914866413,0.06004738366993889,0.0,0.0,0.014640946881753174,0.0,0.0,0.0,0.0,0.04684025420297235,0.0,0.0,0.0,0.0,0.0,0.0,0.0,0.06584800336608129,0.016068368627653675,0.0,0.10312831621722547,0.08161232285788984,0.0,0.0,0.0,0.0,0.0,0.0,2.661749599810705,0.0,0.06846445096690573,0.0,0.0,0.0,0.0,0.0,0.01335505866906758,0.0,0.3229664615496454,0.0,0.0714881055841824,0.039980597690881255,0.0,0.4008657775662529,0.0,0.0,0.0,0.0,0.3442603949854187,0.0,0.02389404265570102,0.0,0.0,0.0,0.0,0.0,0.0,0.0,0.029700234215419886,0.0,0.8275751682275984,0.0,0.0,0.0,0.0,0.0,0.0,0.0,0.03520159571856608,0.0,0.0,0.0,3.840835819028245,0.7517207867750454,0.9936381354315864,1.7170786602548813,3.4328124586309112,4.678319847015893,6.4126985510545635,0.0,0.6303122711178806,2.0105292247964073,0.13145778547908782,0.47809168673836844,0.05588975819628299,3.96349261994659,2.8025861556232425,0.0,2.7967846195418495,0.32262042236168464,0.0,1.3176513849083635,0.0,0.0,0.0,0.0,4.192375674575617,2.73833550385093,5.0
0.0,0.0,0.13185284596466235,0.04474382122439775,0.0,0.0,0.0,0.0,0.011638756246893662,0.0,0.0,0.0822938359514309,0.0,0.0,0.0,0.06942721045601417,0.0,0.0,0.0,0.029700234215419886,0.023752135898994976,0.0,0.06212171190779749,0.0,0.0,0.0,0.0,0.0,0.0,0.0,3.0281624528928224,0.0,0.48295151336731007,0.0,0.0,0.0,0.0,0.0,0.005902956858236406,0.0,0.05921681655379864,0.0,0.0,0.03562390973072122,0.0,0.0,0.0,0.0,0.0,0.0,0.5700742739544855,0.009060468156383597,0.07327183642451936,0.0,0.0,0.0,0.0,0.0,0.0,0.0,0.03167749645076024,0.0,0.934931605902248,0.0,0.0,0.0,0.0,0.0,0.0,0.0,0.2332745389909343,0.0,0.0,0.0,4.33413202614306,1.0425743019687415,1.0221192041560294,1.8499192186859785,2.785341298705182,4.029444051130153,5.695233860392277,0.0,2.6115501230692404,2.744634738572076,0.2691528672171736,0.4308204965197713,0.09369538023355704,4.452760146600762,2.4977400886090932,0.0,3.1628223104337034,2.4043854460878507,0.0,3.8606549635988716,0.0,0.0,0.0,0.0765590951316044,3.6881579736957955,2.102019778148846,2.0
0.0,0.02814476771337868,0.3135941465723912,0.007482576331206196,0.0,0.0,0.0,0.0,0.0,0.0,0.0,0.05116325258211458,0.0,0.0,0.0,0.0,0.0,0.0,0.0,0.09504672450704019,0.007769594145917668,0.0,0.16671544496642232,0.0,0.0,0.0,0.0,0.0,0.0,0.0,0.8437427049485275,0.0,0.18218376912146833,0.0,0.0,0.0,0.0,0.0,0.0,0.0,0.17095055331836756,0.03773362744651491,0.10312831621722547,0.009777121611529915,0.0,0.15937084666020285,0.0,0.0,0.0,0.0,0.14587306160104482,0.0,0.008773707066016134,0.0,0.0,0.0,0.0,0.0,0.0,0.0,0.02176397429165667,0.0,0.5390347029707543,0.0,0.0,0.0,0.0,0.009203827329839744,0.0,0.0,0.03843618165610792,0.0,0.0,0.0,4.299156721651656,1.1625323182414573,0.8977051115486112,1.7986726789578034,3.012121672712217,4.456142461990469,5.723512145479988,0.0,0.4611094150652546,0.7265696776099158,0.08922694207039553,0.030971642412075527,0.03731193064196659,3.2199274301571537,2.6577085944667718,0.0,3.3824182522483492,0.3515152607974705,0.0,0.7625614300488895,0.0,0.0,0.0,0.009203827329839744,4.045504130228401,0.8590153847994141,4.0
0.014783752627070351,0.0,0.13000830410860617,0.03322916078511099,0.0,0.0,0.019203733973092663,0.0,0.0,0.0,0.0,0.030971642412075527,0.0,0.0,0.0,0.026020970714370147,0.0,0.0,0.0,0.04362447674703463,0.014069582501655862,0.0,0.08637616759693734,0.027295624050907505,0.0,0.0,0.0,0.0,0.0,0.0,0.7697717392494479,0.0,0.0497701518163845,0.0,0.0,0.0,0.0,0.0,0.004465436770300531,0.0,0.07244885006969244,0.0,0.04739878887541106,0.0,0.0,0.18953994438850338,0.0,0.0,0.0,0.0,0.1126334169852453,0.0,0.0,0.0,0.0,0.0,0.0,0.024035935455509406,0.0,0.0,0.0038900274333718426,0.0,0.9017261326501211,0.0,0.0,0.0,0.0,0.0,0.0,0.0,0.06295060882280785,0.0,0.0,0.0,3.988057489306328,0.6151337575144284,0.6244284767462716,1.3043358050495024,3.1291840858930593,4.55571187486569,6.004074363220102,0.0,0.47747010334189877,0.12446048627433613,0.17043786850810766,0.37428833916903126,0.030265442857669595,3.0345150716764655,2.867441844618164,0.0,2.7072818181219356,0.07244885006969244,0.0,0.8633041593427985,0.0,0.0,0.0,0.03280614508324148,3.85966150193208,1.5861161953375267,1.0
0.0,0.0,0.848317469836102,0.034779158048019,0.0,0.0,0.0,0.0,0.0,0.0,0.0,0.11796095273241665,0.0,0.0,0.0,0.045163351603224475,0.0,0.0,0.0,0.03815520102596883,0.006190289072069835,0.0,0.0874628412503394,0.0,0.0,0.0,0.0,0.0,0.0,0.0,2.430740225645697,0.0,0.02389404265570102,0.0,0.0,0.0,0.0,0.0,0.0,0.0,0.4999861644218744,0.0,0.0,0.0,0.0,0.16697247241069538,0.0,0.0,0.0,0.0,0.2936059109417125,0.0,0.027437182706851134,0.0,0.0,0.0,0.0,0.0,0.0,0.0,0.01378381543309969,0.0,0.6242412960725235,0.0,0.0,0.0,0.0,0.0,0.0,0.0,0.040261223064434574,0.0,0.0,0.0,3.84197311892718,0.23560453276329896,1.1031954729746394,0.9312291890692056,3.943021119026648,4.617944917420585,6.600480884472347,0.0,0.6683914768958221,0.05575096411845322,0.013069150019521303,0.033511102361323694,0.029417546835091735,3.3704712042815843,3.0352367932749775,0.0,2.3466732850845,0.05519565424212462,0.0,2.736972807623377,0.0,0.0,0.0,0.16427139768074095,0.49876146567185237,6.327180751329779,5.0
0.0,0.0,0.146133828893375,0.03815520102596883,0.0,0.0,0.013926706042921726,0.0,0.0,0.0,0.0,0.05519565424212462,0.0,0.0,0.0,0.07368315361643984,0.0,0.0,0.0,0.0,0.01006368334469748,0.0,0.17747136444495093,0.07724299893246035,0.0,0.0,0.0,0.0,0.0,0.0,1.1869442005537927,0.0,0.33559758764193715,0.0,0.0,0.0,0.0,0.0,0.012640180778770332,0.0,0.21809917437014498,0.0,0.0676387168753633,0.012783184698289592,0.0,0.0,0.0,0.0,0.0,0.0,0.3816156248464539,0.0,0.011352507229905218,0.0,0.0,0.0,0.0,0.0,0.0,0.0,0.022474346574899225,0.0,0.9679063702901467,0.0,0.0,0.0,0.0,0.011924948479708557,0.0,0.0,0.27500704749986976,0.0,0.0,0.0,4.213557254410215,0.9502444337567487,1.0485849575730497,1.8416913936452608,2.3040729099927812,4.658360029840841,5.599160064702637,0.0,0.8656813143391665,3.939000845069513,0.23020301336642146,0.12419577158719183,0.07162539397376963,3.785738853523569,2.4817897464077925,0.0,3.5404984991291855,2.512024566275097,0.0,1.8501993419906386,0.0,0.0,0.0,0.02361021518264534,2.611007086364379,2.536997804728628,2.0
0.0,0.0,0.29101410141730266,0.14469902515413874,0.0,0.0,0.0,0.0,0.0,0.0,0.0,0.08596845386216505,0.0,0.0,0.0,0.0,0.0,0.0,0.0,0.0,0.0,0.0,0.02998286621571431,0.04404433270602122,0.0,0.0,0.0,0.0,0.0,0.0,1.4197006800163807,0.006908369342177494,0.05838577100035305,0.0,0.0,0.0,0.0,0.0,0.0,0.0,0.11556599592160316,0.02772025835592744,0.07587486697512764,0.0,0.0,0.0,0.0,0.0,0.0,0.0,0.35027092422840367,0.0,0.0,0.0,0.0,0.0,0.0,0.0,0.0,0.0,0.012783184698289592,0.0,0.849358808852,0.0,0.0,0.0,0.0,0.0,0.0,0.0,0.22724818378073325,0.0,0.0,0.0,4.11502491711981,0.20976526597410353,0.9914628899460324,1.4679054690614535,4.050484284003787,4.074394113006895,5.8570802733130645,0.0,1.1127001327493624,3.738627342802009,0.11716307546575941,0.17223146882548135,0.06460697529739193,3.717988916032107,3.092579567525464,0.0,2.4730075679161736,0.9551639876169508,0.0,1.2521128453882147,0.0,0.0,0.0,0.06557231159362208,2.6423550061813543,4.311328725995581,2.0
0.0,0.015212085068503288,0.6473605645196346,0.0,0.0,0.0,0.0,0.0,0.0076260923761779465,0.027295624050907505,0.0,0.07491640205246167,0.0,0.0,0.0,0.023326331860027503,0.0,0.0,0.0,0.0958569239148305,0.018776585179183593,0.0,0.07354606091515468,0.0,0.0,0.00791308164326493,0.0,0.0,0.0,0.0,1.1443074672630422,0.0,0.32008026236976084,0.0,0.0,0.0,0.0,0.0,0.0,0.0,0.48171226200330397,0.01535483429346404,0.04250426312896344,0.02361021518264534,0.03689011054026592,0.3231971082393275,0.0,0.0,0.0,0.0,0.3679301414318828,0.0,0.007051942516490025,0.0,0.0,0.0,0.0,0.0,0.0,0.0,0.0553345017510994,0.0,0.5724046473903317,0.0,0.0,0.0,0.04781754802136954,0.0,0.0,0.0,0.02587927302325896,0.0,0.0,0.0,3.6783311160900087,1.0601165760174203,1.1327084394083,1.993312057619879,4.119530485242549,4.5953305935532605,5.664855412620053,0.0,1.6357079643025552,1.2692725780450138,0.0,0.04208395867125249,0.02715405150372665,2.936383531161194,2.8497991491889354,0.0,3.1597906243085996,0.047957107396655034,0.0,0.9585828739668935,0.0,0.0,0.005615567406909804,0.022048165180173156,0.07505336460450727,5.218087546687448,5.0
0.0,0.008917094736053047,0.07491640205246167,0.021053252054075176,0.0,0.0,0.0,0.0,0.0,0.0,0.0,0.024603367140657025,0.0,0.0,0.0,0.13224779829843977,0.0,0.0,0.0,0.0,0.029417546835091735,0.0,0.1094274266861541,0.0,0.0,0.0,0.0,0.0,0.0,0.0,1.6703418312526945,0.0,0.2735755656153798,0.0,0.0,0.0,0.0,0.0,0.009203827329839744,0.0,0.19067806561753303,0.018064389360361564,0.09815002109201154,0.037030730944967026,0.0,0.10299399332332565,0.0,0.0,0.0,0.0,0.2705887419720672,0.007051942516490025,0.02488699931317951,0.0,0.0,0.0,0.0,0.0,0.0,0.0,0.0769694763151108,0.0,0.5944530036686088,0.0,0.0,0.0,0.0,0.0,0.0,0.0,0.05450121618256057,0.0,0.0,0.004465436770300531,4.194772610732557,1.615745857049779,0.9622158412747438,1.9533024934090017,2.948638222528419,4.64214702682206,6.1226458026207995,0.0,0.8213836841577326,5.7873619370722125,0.15081959821213325,0.5507036962478876,0.04935195913529153,3.7991391260858944,2.5189631002073902,0.0,3.1610492249005566,0.35873382660528425,0.0,1.0611540632071006,0.0,0.0,0.0,0.008773707066016134,3.39598133373914,2.4028040218220865,1.0
0.01934608880481197,0.0,0.22897256976016075,0.008773707066016134,0.0,0.0,0.025170575734906053,0.0,0.0,0.0,0.0,0.010206942869257081,0.0,0.0,0.0,0.0,0.0,0.0,0.0,0.0,0.004609253252589672,0.0,0.05422334733715443,0.0,0.0,0.0,0.0,0.0,0.0,0.0,0.7526629689826515,0.0,0.05325038470225017,0.0,0.0,0.0,0.0,0.0,0.0,0.0,0.23315180343929373,0.022474346574899225,0.17772648293206822,0.0,0.0,0.35128909759887456,0.0,0.0,0.0,0.0,0.013926706042921726,0.0,0.0,0.0,0.0,0.0,0.0,0.0,0.0,0.0,0.03576465360097467,0.0,0.7530054281952,0.0,0.0,0.0,0.0,0.0,0.0,0.0,0.015212085068503288,0.0,0.0,0.0,3.904329945287753,0.591009130839571,1.0288520058474935,1.6336172025615026,3.5463512253746234,4.957153130059557,6.519581217105269,0.0,3.8286315816880188,0.2566483898806774,0.02927618237063207,0.23229236208914864,0.02644598030380087,2.9664673832884625,3.121081730243044,0.0,3.2068776116323723,0.630498665826265,0.0,0.681494243414785,0.0,0.0,0.0,0.08433644572332372,3.299098094577489,3.591116876395893,5.0
0.0,0.0,0.2590615292588702,0.029134804053022843,0.0,0.0,0.014069582501655862,0.0,0.0,0.0,0.0,0.07778988864366763,0.0,0.0,0.0,0.0,0.0,0.0,0.0,0.06322680199698132,0.06557231159362208,0.0,0.11822681379294767,0.03969991772095141,0.0,0.0,0.0,0.0,0.0,0.0,1.5972689505526105,0.0,0.17696099208944205,0.0,0.0,0.0,0.0,0.0,0.0,0.0,0.6933196788115746,0.025028794491522444,0.0,0.05088474002509346,0.0,0.07203718077288009,0.0,0.0,0.0,0.0,0.18916037103637567,0.0,0.0,0.0,0.0,0.0,0.0,0.0,0.0,0.0,0.08392815506235927,0.0,1.2221863073221124,0.0,0.0,0.0,0.0,0.0,0.0,0.0,0.0585243118408003,0.0,0.0,0.0,3.4714346096919946,1.046630747940162,1.1766419176568932,1.8433809207097935,3.450261093570798,4.312178675640038,6.090326293277175,0.0,2.876015906739703,0.2834477083779797,0.07505336460450727,0.025595835882683472,0.07272323102162045,3.9344127068422754,3.137142804897977,0.0,2.9098690886425826,0.649569476018548,0.0,1.7562120360637223,0.0,0.0,0.009203827329839744,0.024035935455509406,0.42373950716531633,2.386479888596234,4.0
0.0,0.0,0.13053555675618825,0.0398402645317911,0.0,0.0,2.7491266085061192,0.0,0.0,0.0,0.0,0.01564029037688224,0.0,0.0,0.0,0.0,0.0,0.0,0.0,0.0,0.0,0.0,0.018776585179183593,0.10675031506086766,0.0,0.0,0.0,0.0,0.0,0.0,1.1443074672630422,0.0,0.05450121618256057,0.0,0.0,0.0,0.0,0.0,0.0,0.0,0.4785059269367176,0.0,0.3427822819561278,0.0,0.0,0.09828479572342246,0.0,0.0,0.0,0.009060468156383597,0.1424787906422466,0.0,0.0,0.0,0.0,0.0,0.0,0.0,0.0,0.0,0.01578299724092746,0.0,1.0626743627633926,0.0,0.0,0.0,0.0,0.0,0.0,0.0,0.023326331860027503,0.0,0.0,0.0,4.392750166382731,0.4008657775662529,1.573762295576323,0.9357614563944351,4.167390044367691,3.4416826597354113,6.2809396158751545,0.0,1.5870288830592738,0.21772704203304308,0.11636475669178462,0.05907834220125303,0.006764781878422359,3.6363810092564193,3.0332291607851105,0.0,3.5979601647242174,0.5544415050854222,0.0,1.0385766514523231,0.0,0.0,0.0,0.0,3.8879151356381336,6.4043820397091835,3.0
0.014212444812104711,0.0,0.14156358237500305,0.11716307546575941,0.0,0.0,0.06336487875842937,0.0,0.0,0.0,0.0,0.044184257544003826,0.0,0.0,0.0,0.0,0.0,0.0,0.0,0.0418036876570852,0.006764781878422359,0.0,0.04851520993393956,0.0,0.0,0.0,0.0,0.0,0.0,0.0,1.297191416565856,0.0,0.24269395754961837,0.0,0.0,0.0,0.0,0.0,0.00417776078910997,0.0,0.10956115195305141,0.0,0.21362723851194745,0.008486888965491164,0.07765318565016138,0.047677975144475616,0.0,0.0,0.0,0.0,0.07436842178155338,0.0,0.0,0.0,0.0,0.0,0.0,0.0,0.0,0.0,0.003746139232894637,0.0,0.7135198656949139,0.0,0.0,0.0,0.0,0.0,0.0,0.0,0.9017261326501211,0.0,0.0,0.0,4.9022713934966236,0.8952250549986615,0.8155754288625726,1.4286784099482301,3.6048541529588967,4.429200836767384,5.941301193109462,0.0,0.5915836808435362,2.9049464569394097,0.2867628892495578,0.0692897127155347,0.022616379067348553,4.1141587687205465,2.255168346265709,0.0,3.2237314451381063,0.6381201880840298,0.0,0.8979373984200465,0.0,0.0,0.0,0.49251978796948487,0.6947465005779068,4.3603080847951965,5.0
0.0,0.0093471722592526,0.13251103979919546,0.0578314745605733,0.0,0.0,0.0,0.0,0.0,0.0,0.0,0.017066724189833377,0.0,0.0,0.0,0.056583528366367514,0.0,0.0,0.0,0.22502808325404902,0.0,0.0,0.0506061736907874,0.02998286621571431,0.0,0.0,0.0,0.0,0.0,0.0,3.0638135369889827,0.0,0.0978804340519131,0.0,0.0,0.0,0.0,0.0,0.004896843214847462,0.0,0.22638521727038605,0.0,0.0,0.009777121611529915,0.0,0.0,0.0,0.0,0.0,0.0,0.1812934128854749,0.0,0.008630305143440056,0.0,0.0,0.0,0.0,0.0,0.0,0.0,0.0172092900322231,0.0,0.662661255475094,0.0,0.0,0.0,0.0,0.0,0.0,0.0,0.3964883334405446,0.0,0.0,0.0,4.391795210072153,0.8196681834964556,0.9055819587663902,1.4804202422138393,3.8969014976694187,4.82614167891604,6.199368070940591,0.0,1.421909973094829,0.23670690199535252,0.03280614508324148,0.12987646083313048,0.029558897449116415,3.960854550395354,2.6009833113708294,0.0,3.022332300098056,1.7480747450682808,0.0,2.7347204573309827,0.0,0.0,0.0,0.13894549792384134,0.24598236099132043,4.825393869349423,5.0
0.0,0.0,0.33456827566613295,0.14821827215414504,0.0,0.0,0.0,0.0,0.0,0.0,0.0,0.23695175858808054,0.0,0.0,0.0,0.0,0.0,0.0,0.0,0.16221003631430692,0.02715405150372665,0.0,0.018064389360361564,0.0,0.0,0.0,0.0,0.0,0.0,0.0,2.1639495040537358,0.0,0.0,0.0,0.0,0.0,0.0,0.0,0.0,0.0,0.5052812114532669,0.0,0.0,0.05074546358139898,0.15315678806142052,0.0,0.0,0.0,0.0,0.0,0.2632748349720702,0.0,0.0,0.0,0.0,0.0,0.0,0.0,0.0,0.0,0.0,0.0,1.1556197210264472,0.0,0.0,0.0,0.0,0.0,0.0,0.0,0.0663992289113826,0.0,0.0,0.0,3.9198739619832192,0.0,0.8935175396874592,1.604308589525968,4.742830834422654,4.379426889331727,6.784009214930698,0.0,0.7600079868320699,3.6211844770977275,0.07121348960526455,0.09922786577486106,0.1141004515881803,3.324119326435102,3.488000770834068,0.0,1.678387460140259,2.0662958901631105,0.0,2.8225466132266153,0.0,0.0,0.0,0.04739878887541106,2.5938318011506376,4.940420492115992,3.0
0.0,0.009490502947452436,0.37840064244357563,0.029558897449116415,0.0,0.0,0.06322680199698132,0.0,0.0,0.0,0.0,0.08447251693690148,0.0,0.0,0.0,0.028993411879548688,0.0,0.0,0.0,0.02446153014099581,0.0038900274333718426,0.0,0.0958569239148305,0.0,0.0,0.0,0.0,0.0,0.0,0.0,1.4103953810588894,0.0,0.127501219215837,0.0,0.0,0.0,0.0,0.0,0.004896843214847462,0.0,0.1861201836806385,0.03787416566112011,0.10339692449223131,0.058108649401173953,0.40250390087258997,0.8009102510583519,0.0,0.0,0.0,0.0,0.2841587458694001,0.0,0.0174943794592725,0.0,0.0,0.0,0.0,0.0,0.0,0.0,0.060185765046563026,0.0,0.5964581395589856,0.0,0.0,0.0,0.17082239919517525,0.0,0.0,0.0,0.22268093149457158,0.0,0.0,0.0,4.768253148953726,1.3772903645367776,1.1865639435561015,1.6023618566308544,3.8317353962232494,4.972766165254485,6.006367598368122,0.0,0.6849982218829999,0.39604985762503087,0.05755424645808902,0.019488429591360157,0.03365205248999707,3.8131757734855904,2.7910013497733828,0.0,3.4187836385117385,0.5405232964382193,0.0,1.5415643987276455,0.0,0.0,0.007051942516490025,0.03646816706929173,2.309321730484024,6.292717341761557,5.0
0.0,0.0,0.10406822646371666,0.15224833075742006,0.0,0.0,0.0,0.0,0.0,0.0,0.0,0.23388806017427727,0.0,0.0,0.0,0.0,0.0,0.0,0.0,0.0,0.01206802330909034,0.0,0.02389404265570102,0.0,0.0,0.0,0.0,0.0,0.0,0.0,1.9972562720545728,0.0,0.11343380260404853,0.0,0.0,0.0,0.0,0.0,0.0,0.0,0.8560694020150499,0.0,0.0,0.0,0.0,0.08406426478847456,0.0,0.0,0.0,0.0,0.009060468156383597,0.0,0.0,0.0,0.0,0.0,0.0,0.040822310107341116,0.0,0.0,0.0,0.0,0.7115830074739612,0.0,0.0,0.0,0.0,0.0,0.0,0.0,0.019773069040027156,0.0,0.0,0.0,4.04764307981532,0.02361021518264534,1.1847246205018802,1.4851176451050756,4.97155734857844,3.769412078355903,6.625144803416335,0.0,0.64929354696714,0.17747136444495093,0.0874628412503394,0.01206802330909034,0.01735184178777496,2.420859633640114,3.6746979174173657,0.0,1.932212389313364,0.2692725780450138,0.0,1.1032626266060845,0.0,0.0,0.0,0.05561215668669251,1.4734232702791965,4.286408055460299,2.0
0.0,0.0,0.07915620661764354,0.018634174139050975,0.0,0.0,0.0,0.0,0.0,0.08351974882017292,0.0,0.007195501404203766,0.0,0.0,0.0,0.0714881055841824,0.0,0.0,0.0,0.08011185986159819,0.003314388506677012,0.0,0.10097764772482092,0.0,0.0,0.0,0.0,0.0,0.0,0.0,0.6319889571754054,0.0,0.348232419239271,0.0,0.0,0.0,0.0,0.0,0.008200013832136126,0.0,0.15704371014558002,0.03167749645076024,0.0,0.008200013832136126,0.038295698181544525,0.0,0.0,0.0,0.0,0.0,0.1502997081016821,0.0,0.0,0.0,0.0,0.0,0.0,0.0,0.0,0.0,0.05755424645808902,0.0,0.7340484028274128,0.0,0.0,0.0,0.0,0.0076260923761779465,0.0,0.0,0.07929276727285353,0.0,0.0,0.0,1.9445586338694507,1.089430353426515,1.008773707066016,2.0389628728846736,2.58820491820984,4.693620766485986,5.105803771917085,0.0,0.3263072348862718,0.07642227545860236,0.013926706042921726,0.03562390973072122,0.025028794491522444,3.9877574288862534,2.7118913179966113,0.0,3.6900259168154403,0.06087747289933462,0.0,1.178427826242744,0.0,0.0,0.0,0.030547964162966627,0.16979675618324852,3.439875753280597,4.0
0.0,0.012926174444270048,0.10728613495222236,0.07011450266132818,0.0,0.0,0.02927618237063207,0.0,0.026020970714370147,0.0,0.0,0.08133962745193878,0.0,0.0,0.0,0.0,0.0,0.0,0.0,0.033511102361323694,0.03731193064196659,0.0,0.0901759497902069,0.041523362184350425,0.0,0.0,0.0,0.0,0.0,0.0,2.2056740175135103,0.0,0.0953168415347697,0.0,0.0,0.0,0.0,0.0,0.0,0.0,0.5733745264459443,0.0,0.0,0.04012091720087747,0.0,0.21511942451729513,0.0,0.0,0.0,0.0,0.11716307546575941,0.0,0.0,0.0,0.0,0.0,0.0,0.0,0.0,0.0,0.041523362184350425,0.0,1.1497796305759025,0.0,0.0,0.0,0.0,0.0,0.0,0.0,0.17632277264046287,0.0,0.0,0.0,4.121388463509035,0.6080522204669491,1.0705954124629773,1.8284691068817334,3.590254686550233,4.720601338841052,5.781823924327904,0.0,1.5003941664157954,1.0899048684213355,0.25290002870008066,0.47009429264777897,0.12446048627433613,3.982537314399271,3.0618453070710694,0.0,2.6585085616363107,1.5255677889013475,0.0,2.6633901654518928,0.0,0.0,0.0,0.025170575734906053,4.654481369057817,4.7985378994837316,2.0
0.0,0.02786177535450958,0.08270258933024935,0.07162539397376963,0.0,0.0,0.0,0.0,0.0,0.0,0.0,0.0422240737629849,0.0,0.0,0.020768865094571848,0.11063050809643417,0.0,0.0,0.0,0.11636475669178462,0.011495638837829437,0.0,0.0504668703506619,0.0,0.0,0.0,0.0,0.0,0.0,0.0,2.83252549779251,0.0,0.10218779322361488,0.0,0.0,0.0,0.0,0.0,0.004753055399819502,0.0,0.2666366425139895,0.018776585179183593,0.10178452416693216,0.00963381939726868,0.0,0.0,0.0,0.0,0.0,0.0,0.19080446812700091,0.0,0.0,0.0,0.0,0.0,0.0,0.026304324351908496,0.0,0.0,0.0172092900322231,0.0,0.5278710543015731,0.0,0.0,0.0,0.0,0.0,0.0,0.0,0.267835392097615,0.0,0.0,0.0,4.107696237590805,1.0705954124629773,0.946206829037528,1.408277085153046,3.6723913958064593,4.644427383921938,6.356039901445053,0.0,1.6141915585252915,1.892196710465485,0.024603367140657025,0.15042969819420524,0.06915220186942299,3.9126594445137446,2.6724479723044485,0.0,3.0516331206357483,0.8598900587011354,0.0,2.3016461725982413,0.0,0.0,0.0,0.04474382122439775,0.8785291765412093,3.0530244245018934,5.0
0.024035935455509406,0.0,0.10701824988212043,0.043204498565167566,0.0,0.0,0.0,0.0,0.0,0.0,0.0,0.08664791275518828,0.0,0.0,0.0,0.12326888749434657,0.0,0.0,0.0,0.07052672087668244,0.011495638837829437,0.0,0.08909131856468917,0.0,0.0,0.0,0.0,0.0,0.0,0.0,2.9998917938141507,0.0,0.13619138628714403,0.0,0.0,0.0,0.0,0.0,0.0,0.0,0.5403249060307437,0.0,0.14925936549962288,0.014355292977070054,0.0,0.29771967204351296,0.0,0.0,0.0,0.0,0.23229236208914864,0.0,0.012926174444270048,0.0,0.0,0.0,0.0,0.0,0.0,0.0,0.0,0.0,0.5646220524369807,0.0,0.0,0.0,0.16735792773851413,0.02687086472474519,0.0,0.0,0.1190241031422746,0.0,0.0,0.0,4.403431345768117,0.870739524988939,1.182946494511102,1.8667101996740252,4.128004635113187,4.510563224772856,6.375632031319895,0.0,0.8402013596948104,0.19799116573513395,0.19534759832221926,0.11623166060415031,0.06515867512854683,3.9146027907593863,2.4579619444526846,0.0,2.5988415781332854,0.6520504655223032,0.0,2.1096614377695238,0.0,0.0,0.0,0.0,0.28605313437747515,5.198894846612327,5.0
0.0,0.0,0.1712068274181424,0.04124298223188134,0.0,0.0,0.0,0.0,0.0,0.0,0.0,0.06667476272446016,0.0,0.0,0.0,0.21275608340363805,0.0,0.0,0.0,0.1815478564559564,0.021906076733622215,0.0,0.10701824988212043,0.0,0.0,0.0,0.0,0.0,0.0,0.0,2.3582555867051274,0.0,0.10527578341568686,0.0,0.0,0.0,0.0,0.0,0.005471851210059492,0.0,0.38791392438594774,0.021337582965694914,0.11543282612034657,0.021906076733622215,0.0,0.0,0.0,0.0,0.0,0.0,0.3256166748216045,0.0,0.019630756335508422,0.0,0.0,0.0,0.0,0.0,0.0,0.0,0.048375704538976265,0.0,0.539729571067321,0.0,0.0,0.0,0.0,0.0,0.0,0.0,0.27166471097723394,0.0,0.0,0.0,4.467657714384337,0.6366362200551354,1.381227989673362,2.381227989673362,3.2491267297146376,4.2123981351065884,5.842755121310952,0.0,1.0833155023356682,0.3252712707959596,0.24184018356467063,0.21449786790051648,0.0663992289113826,3.8733801280328732,2.5583656066231493,0.0,3.42466684025255,2.0336520524899973,0.0,2.057796823960942,0.0,0.0,0.0,0.040822310107341116,0.25386828044171933,7.324016686769149,4.0
0.0,0.0,0.14938944935894988,0.06377902977057126,0.0,0.0,0.0,0.0,0.0,0.0,0.0,0.012640180778770332,0.0,0.0,0.0,0.0,0.0,0.0,0.0,0.06997707041155635,0.017066724189833377,0.0,0.10259094958809113,0.0,0.0,0.0,0.0,0.0,0.0,0.0,2.128029388740641,0.0,0.2016338611696504,0.0,0.09450633868149234,0.0,0.0,0.0,0.007195501404203766,0.0,0.2228045610452611,0.0,0.18294649451110198,0.03548315212868861,0.0,0.07983888066667044,0.0,0.0,0.0,0.0,0.12789736448606356,0.0,0.012783184698289592,0.0,0.0,0.0,0.0,0.0,0.0,0.0,0.03153635326805325,0.0,0.5079214649573282,0.0,0.0,0.0,0.0,0.0,0.0,0.0,0.07833657112117902,0.0,0.0,0.0,4.255901006606035,1.3395935009653983,0.8776657337966581,1.9369676601880736,2.8919829332395484,4.4350818130318,5.630108374327435,0.0,0.4675925087129493,2.6799642008062254,1.4156505144147302,0.19748800240598138,0.027295624050907505,3.987811989968417,2.6558097543554524,0.0,3.4914683263471598,0.10621429609096804,0.0,1.802193216941825,0.0,0.0,0.005040616700530137,0.006764781878422359,3.637494325206311,3.5846017818691984,2.0
0.034779158048019,0.0,0.17312743348065618,0.02361021518264534,0.0,0.0,0.011352507229905218,0.0,0.0,0.0,0.0,0.06336487875842937,0.0,0.0,0.0,0.06087747289933462,0.0,0.0,0.0,0.026020970714370147,0.020768865094571848,0.0,0.06502076994841134,0.0,0.0,0.0,0.0,0.0,0.0,0.0,1.9207125165880576,0.0,0.2723815780930465,0.0,0.0,0.0,0.0,0.0,0.005184375859723257,0.0,0.2572520532397878,0.06004738366993889,0.0,0.031112840850249287,0.0,0.22181522787370223,0.0,0.0,0.0,0.0,0.1997508567158369,0.0,0.0093471722592526,0.0,0.0,0.0,0.0,0.0,0.0,0.0,0.06391705369231143,0.0,0.6399730041620914,0.0,0.0,0.0,0.0,0.019488429591360157,0.0,0.0,0.0676387168753633,0.0,0.0,0.0,4.351197208671149,2.208298747687458,0.9898656228662869,1.7361285882873148,3.4169342974778605,5.03447985650753,6.263295494981626,0.0,0.5177292203572764,5.304189758154579,0.39550157538497704,0.6327335259505353,0.06695024392462703,4.189334354552731,2.7411217769441,0.0,2.7209350813597593,0.3992257921209379,0.0,1.757279323490806,0.0,0.0,0.007482576331206196,0.019488429591360157,5.272221060680327,1.4865084428956934,4.0
0.0,0.0,0.13842131042024963,0.03955955725570582,0.0,0.0,0.0,0.0,0.0,0.0,0.0,0.04600204654452046,0.0,0.0,0.0,0.031112840850249287,0.0,0.0,0.0,0.05199846779700237,0.012640180778770332,0.0,0.09761079662642233,0.0,0.0,0.0,0.0,0.0,0.0,0.0,1.7040308847996044,0.0,0.293135019043321,0.0,0.0,0.0,0.0,0.0,0.0,0.0,0.06942721045601417,0.02048442206508403,0.0,0.0,0.0,0.22391675051899007,0.0,0.0,0.0,0.0,0.24000896473507027,0.0,0.0,0.0,0.0,0.0,0.0,0.0,0.0,0.0,0.046421211248710355,0.0,0.650672664786422,0.0,0.0,0.0,0.06350294230615795,0.0,0.0,0.0,0.32434978890218785,0.0,0.0,0.0,4.485330214892503,0.9362139010064087,1.1655582544611738,1.6912661471382846,2.312142363246136,4.285106251061253,4.893391336210942,0.0,2.622789821831874,2.181261604283631,0.16992500144231237,0.25495678746137457,0.032241931137493844,4.1340648310542765,2.803970928019085,0.0,3.1458078624126533,1.1959144849835766,0.0,1.3925921956661518,0.0,0.0,0.007482576331206196,0.048794180260804905,2.7192710730543057,0.36042046610320916,0.0
0.0,0.011638756246893662,0.1758119937217308,0.045442970761167115,0.0,0.0,0.0,0.0,0.0,0.0,0.0,0.07327183642451936,0.0,0.0,0.0,0.070389327891398,0.0,0.0,0.0,0.0,0.014498126999352837,0.0,0.11156554495951766,0.0,0.0,0.0,0.0,0.0,0.0,0.0,1.9599555796755601,0.0,0.10969486482592981,0.0,0.0,0.0,0.0,0.0,0.0,0.0,0.4818155736178629,0.023468280503905366,0.1265764570133731,0.11703005301018696,0.05616730630042659,0.06791401408846634,0.0,0.0,0.0,0.0,0.31429048398799614,0.0,0.010779838753242763,0.0,0.0,0.0,0.0,0.03294716409912902,0.0,0.0,0.042784398089239506,0.0,0.8295248661977027,0.0,0.0,0.0,0.07272323102162045,0.0,0.0,0.0,0.1595000220232196,0.0,0.0,0.0,4.407563497039124,0.6998181156148584,1.2224954673020565,2.090243712174423,3.6453096939328544,4.015292383245512,6.053309041660375,0.0,1.1463945490605052,0.6274200694012009,0.29842371193103795,0.06873959067230509,0.0550567933689351,3.4943644046958497,2.769369759414218,0.0,2.6171103747447604,1.5662306528215428,0.0,1.7129478827193507,0.0,0.0,0.0,0.06681250989990178,0.6035966748602072,3.971745861938429,2.0
0.0,0.0,0.5759899477218166,0.057138304393541776,0.0,0.0,1.0577621725290536,0.0,0.01492654423810282,0.0,0.0,0.07915620661764354,0.0,0.0,0.0,0.0,0.0,0.0,0.0,0.0,0.00604663011841478,0.0,0.15406467367471652,0.0,0.0,0.0,0.0,0.0,0.0,0.0,1.3327938484049087,0.0,0.00791308164326493,0.0,0.0,0.0,0.0,0.0,0.0,0.0,0.40250390087258997,0.0,0.6051150016894377,0.01535483429346404,0.0,0.5725016646420333,0.0,0.0,0.0,0.0,0.14064779315484202,0.0,0.0,0.0,0.0,0.0,0.0,0.0,0.0,0.0,0.006764781878422359,0.0,0.6051150016894377,0.0,0.0,0.0,0.0,0.0,0.0,0.0,0.0692897127155347,0.0,0.0,0.0,3.205689655043287,0.5717253438910005,0.9663566325080073,1.499169814115249,4.22404027421793,4.3160515874362035,7.281641690894099,0.0,2.9630116475994273,0.04446406651324603,0.18396283484259518,0.048236185652847624,0.023468280503905366,3.317289595024459,3.205720929594359,0.0,2.448134480980526,0.13119435170845012,0.0,0.5705600789363091,0.0,0.0,0.0,0.02842770457266734,2.107620921355435,5.840677230350956,4.0
0.0,0.0,0.26471656897702045,0.0184917490398792,0.0,0.0,0.14090950654166198,0.0,0.0,0.0422240737629849,0.0,0.06377902977057126,0.0,0.0,0.0,0.0,0.0,0.0,0.0,0.030547964162966627,0.038717107572853585,0.0,0.16027483140859297,0.0,0.0,0.0,0.0,0.0,0.0,0.0,1.9960271234250762,0.0,0.12855736497375747,0.0,0.0,0.0,0.0,0.0,0.012211083950874365,0.0,0.22897256976016075,0.047259175478012824,0.12802938874064107,0.02446153014099581,0.05686094304675096,0.2572520532397878,0.0,0.0,0.0,0.0,0.18726100484169694,0.0,0.021906076733622215,0.0,0.0,0.0,0.0,0.0,0.0,0.0,0.043204498565167566,0.0,0.8555911077104515,0.0,0.0,0.0,0.0,0.0,0.0,0.0,0.5200450240398177,0.0,0.0,0.0,3.633605578751093,1.0534589319415206,1.2136272385119475,1.5808208357104128,3.9606599753718026,4.0283746581380555,6.3303629919673865,0.0,1.880998907660117,0.3723949652380241,0.14925936549962288,0.1536756497972376,0.07833657112117902,4.259189614446194,2.5751186673485478,0.0,3.2408180396576536,0.14090950654166198,0.0,1.399116393444799,0.0,0.0,0.0,0.011495638837829437,4.3066340955970785,5.046106849138493,4.0
0.0,0.0174943794592725,0.07806325577681912,0.04096254777849784,0.0,0.0,0.0,0.0,0.0,0.0,0.0,0.13842131042024963,0.0,0.0,0.0,0.02687086472474519,0.0,0.0,0.0,0.022616379067348553,0.018064389360361564,0.0,0.10272531001108826,0.0,0.0,0.0,0.0,0.0,0.0,0.0,0.7388975114253196,0.0,0.17440641852974909,0.0,0.0,0.0,0.0,0.0,0.0,0.0,0.14587306160104482,0.017636903049498446,0.09612688930500614,0.01820685665331186,0.0,0.05130248870063107,0.0,0.0,0.0,0.0,0.17082239919517525,0.0,0.02431967919541289,0.0,0.0,0.0,0.0,0.0,0.0,0.0,0.04404433270602122,0.0,0.7489763892462132,0.0,0.0,0.0,0.0,0.0,0.0,0.0,0.3229664615496454,0.0,0.0,0.0,4.162927015512852,0.6403432820058663,0.8796273568123981,1.8541153679383298,3.3201091529616313,4.658200055419085,5.5368610805354725,0.0,0.6004600701164818,0.1646575752536617,0.02318436924826338,0.051859298835249854,0.03463831799900894,3.155522579657465,2.7666799612967363,0.0,3.088243382674421,0.06004738366993889,0.0,0.9383987185829393,0.0,0.0,0.00647756407120479,0.0,4.72178823579208,0.5072111026677172,1.0
0.0,0.00992040959306388,0.2551985664196895,0.01564029037688224,0.0,0.0,0.011352507229905218,0.0,0.0,0.0,0.0,0.045163351603224475,0.0,0.0,0.0,0.0,0.0,0.0,0.0,0.025737561413608275,0.00417776078910997,0.0,0.11609855223657987,0.031959741397545,0.0,0.0,0.0,0.0,0.0,0.0,1.8903688648198833,0.0,0.09410091643886649,0.0,0.0,0.0,0.0,0.0,0.005184375859723257,0.0,0.14899916258776436,0.0,0.0,0.010350188169567268,0.0,0.0,0.0,0.0,0.0,0.0,0.18167506141489687,0.0,0.009203827329839744,0.0,0.0,0.0,0.0,0.0,0.0,0.0,0.004609253252589672,0.0,0.6301258523243805,0.0,0.0,0.0,0.0,0.0,0.0,0.0,0.013640910669386311,0.0,0.0,0.0,3.7887065888277425,1.1789376800417117,0.767993717611875,1.327917257418648,3.3446722912435343,4.348756476800494,5.8606102725206695,0.0,0.5905301643198206,3.743698066895729,0.0858325236749548,1.3170145740214454,0.019773069040027156,3.6697184581397786,2.9962983491894764,0.0,3.059026410892219,0.21536797220347947,0.0,1.0970713705439032,0.0,0.0,0.007339046008161997,0.11223305759849703,3.0253300629804913,4.766001425152824,3.0
0.0,0.0,0.40392210473979556,0.11663091203630645,0.0,0.0,0.01735184178777496,0.0,0.0,0.0,0.0,0.1220763036957359,0.0,0.0,0.0,0.0,0.0,0.0,0.0,0.03955955725570582,0.0,0.0,0.05004887960722227,0.0,0.0,0.0,0.0,0.0,0.0,0.0,0.4974335344327323,0.0,0.06515867512854683,0.0,0.0,0.0,0.0,0.0,0.0,0.0,0.4377603935399274,0.0,0.08460857531780949,0.0,0.07354606091515468,0.0,0.0,0.0,0.0,0.0,0.3109217352303438,0.0,0.0,0.0,0.0,0.0,0.0,0.0,0.0,0.0,0.0,0.0,0.5573855814235251,0.0,0.0,0.0,0.0,0.0,0.0,0.0,0.22490464410609018,0.0,0.0,0.0,3.9903740360558424,0.025028794491522444,1.3265373481399518,1.6218057347471655,4.815180887993736,4.503520474354766,6.345722804279006,0.0,1.939753149952227,1.5722105933123085,0.02701246506258167,0.009490502947452436,0.03646816706929173,1.9501697658975654,2.963159656170161,0.0,2.5590512283670166,0.18878069779214163,0.0,1.1712708888306833,0.0,0.0,0.011352507229905218,0.029700234215419886,0.6189903529113476,4.46728600257472,4.0
0.0,0.0,0.08651204657428184,0.07983888066667044,0.0,0.0,0.019630756335508422,0.0,0.0174943794592725,0.0,0.0,0.0,0.0,0.0,0.0,0.0,0.0,0.0,0.0,0.0,0.007195501404203766,0.0,0.092478087200385,0.0,0.0,0.0,0.0,0.0,0.0,0.0,2.012711684510398,0.0,0.0820212693455023,0.0,0.0,0.0,0.0,0.0,0.0,0.0,0.08814159686901755,0.0,0.9651008624435635,0.017921907997262315,0.0,0.5151068712667638,0.0,0.0,0.0,0.0,0.13461524442510825,0.0,0.0,0.0,0.0,0.0,0.0,0.0,0.0,0.0,0.0,0.0,0.4772628493491721,0.0,0.0,0.0,0.0,0.01678155023340201,0.0,0.0,0.24086382278574983,0.0,0.0,0.0,4.003701171227053,0.9746761442015687,0.5618881952880314,1.3772348282056803,3.32403289351767,5.257881857579522,5.34111047442413,0.0,0.5301706483946393,0.5720165131289404,0.08936255282773453,0.4159749464180967,0.1513393010422809,5.087208225541077,3.235390085339509,0.0,2.6251301880593596,0.17542879082225651,0.0,3.597602681499927,0.0,0.0,0.012783184698289592,0.09801523386895944,1.5464623581670918,6.577265665862618,5.0
0.0,0.0,0.27262045466299184,0.03632749181776505,0.0,0.0,0.01321211142685117,0.0,0.0,0.0,0.0,0.07327183642451936,0.0,0.0,0.0,0.070389327891398,0.0,0.0,0.0,0.05949372539167156,0.00963381939726868,0.0,0.09342495941910291,0.0,0.0,0.0,0.0,0.0,0.0,0.0,1.5912485544823345,0.0,0.11529964402554728,0.0,0.0,0.0,0.0,0.0,0.0,0.0,0.27762774765900544,0.0,0.24269395754961837,0.0,0.0,0.25423120737522265,0.0,0.0,0.0,0.0,0.19773960600635554,0.0,0.010779838753242763,0.0,0.0,0.0,0.0,0.0,0.0,0.0,0.010779838753242763,0.0,0.9419326183002421,0.0,0.0,0.0,0.07272323102162045,0.011352507229905218,0.0,0.0,0.15211850443194314,0.0,0.0,0.0,4.051789709319722,0.4132691144968002,0.9889936403429814,1.5629628285152903,3.386328128343922,4.562108071760545,6.0811308101872,0.0,0.7403663431554379,3.368754382952639,0.09990111000794269,0.08011185986159819,0.06846445096690573,3.667029201410552,3.3413595898493464,0.0,2.4607163565572274,0.7181752831211097,0.0,1.3304436682290093,0.0,0.0,0.0,0.011352507229905218,5.386890251142257,4.811465892717835,3.0
0.03689011054026592,0.0,0.14482952083880904,0.0897693086335084,0.0,0.0,0.0,0.0,0.010779838753242763,0.0,0.0,0.07642227545860236,0.0,0.0,0.0,0.2697513220483746,0.0,0.0,0.0,0.1578198394788626,0.017636903049498446,0.0,0.07450543636362976,0.0,0.0,0.0,0.0,0.0,0.0,0.0,2.8914969580674064,0.0,0.2872358652527741,0.0,0.0,0.0,0.0,0.0,0.005471851210059492,0.0,0.3612068902387298,0.0,0.0,0.01106620140620535,0.05144171138261017,0.06212171190779749,0.0,0.0,0.0,0.0,0.7168592356182069,0.0,0.00992040959306388,0.0,0.0,0.0,0.0,0.0,0.0,0.0,0.09572192227332565,0.0,1.151858816727005,0.0,0.0,0.0,0.0,0.02062665058995782,0.0,0.0,0.23008001621890772,0.0,0.0,0.0,4.35056796569599,0.6508564475944271,1.0941684947249828,2.0268000593437154,3.254835882785763,4.2528924616745245,5.600019924855185,0.0,1.7337014134586812,3.782827892074894,0.07382023329167137,0.17696099208944205,0.06267436276339249,4.262185069730571,2.4512243021266897,0.0,2.8254193114179658,2.3944867035999278,0.0,3.255425197399219,0.0,0.0,0.0,0.05116325258211458,2.5368983702368326,2.3020265337051535,5.0
0.01249716268290215,0.0,0.18002052146631284,0.038857550020362105,0.0,0.0,0.008056554871058458,0.0,0.0,0.0,0.0,0.019630756335508422,0.0,0.0,0.0,0.0,0.0,0.0,0.0,0.0,0.005902956858236406,0.0,0.08038478741460452,0.045582760019634974,0.0,0.0,0.0,0.0,0.0,0.0,1.5359036482055692,0.0,0.060600829554117094,0.0,0.0,0.0,0.0,0.0,0.0,0.0,0.1649149695524513,0.0,0.0398402645317911,0.014783752627070351,0.0,0.041943829970167254,0.0,0.0,0.0,0.0,0.02658762234808418,0.0,0.0,0.0,0.0,0.0,0.0,0.0,0.0,0.0,0.016496319896195974,0.0,0.7345687304505893,0.0,0.0,0.0,0.08841300972672499,0.0,0.0,0.0,0.2012574568432411,0.0,0.0,0.0,4.1706301466630675,0.7808979772298271,0.9296395257208847,1.676854117345396,3.2795604398547193,4.602902219658362,5.612387887403846,0.0,0.9516623893206464,1.3118518311870575,0.15016970629570192,0.1544535926798724,0.039419183133397186,3.595097815606341,2.544262807267988,0.0,3.224734898030627,1.1486087702052201,0.0,2.0632613224262677,0.0,0.0,0.0,0.10728613495222236,0.45596498891751785,4.765418053074216,3.0
0.0,0.014355292977070054,0.15549019774756218,0.04460395064976797,0.0,0.0,0.0,0.0,0.0,0.0,0.0,0.039138393906958314,0.0,0.0,0.0,0.0,0.0,0.0,0.0,0.07299755979995012,0.005902956858236406,0.0,0.01578299724092746,0.0,0.0,0.0,0.0,0.0,0.0,0.0,1.1935194467946486,0.0,0.03843618165610792,0.0,0.0,0.0,0.0,0.0,0.0,0.0,0.5037557874494988,0.028852005847493426,0.0,0.0,0.0,0.5008020530571576,0.0,0.0,0.0,0.0,0.07025192182044421,0.0,0.0,0.0,0.0,0.0,0.0,0.0,0.0,0.0,0.03294716409912902,0.0,0.5498170055129729,0.0,0.0,0.0,0.0,0.0,0.0,0.0,0.09558690799772399,0.0,0.0,0.0,3.710966188696129,0.7604338746701116,1.0581086494011742,1.3204269112939921,3.839042499635907,4.6783536539741695,6.184107684439677,0.0,0.7766093693397367,0.09558690799772399,0.07450543636362976,1.545424785703024,0.0946414541150623,3.7096655994640515,2.7537970539113408,0.0,2.9433400067701285,0.01249716268290215,0.0,0.9095811159796838,0.0,0.0,0.0,0.0,5.4332165313945415,2.8380844778486276,1.0
0.0,0.0,0.3271124707470855,0.05616730630042659,0.0,0.0,0.023326331860027503,0.0,0.0,0.0,0.0,0.03759307554023308,0.0,0.0,0.0,0.0,0.0,0.0,0.0,0.10406822646371666,0.017066724189833377,0.0,0.14130198762525845,0.0,0.0,0.0,0.0,0.0,0.0,0.0,1.1045379520561927,0.005184375859723257,0.23278353412245326,0.0,0.0,0.0,0.0,0.0,0.005328120695281701,0.0,0.1048733767260183,0.020911065581689963,0.11290026153254981,0.0,0.0,0.0604624879861069,0.0,0.0,0.0,0.0,0.28202458121854745,0.0,0.0,0.0,0.0,0.0,0.0,0.0,0.0,0.0,0.02389404265570102,0.0,1.0926133927142838,0.0,0.0,0.0,0.1861201836806385,0.0,0.0,0.0,0.0211954245144897,0.0,0.0,0.0,4.605280971783482,0.7512923186417874,1.001369909684724,1.4856329117418212,2.032594590710711,4.484905043992543,5.8989411251306745,0.0,0.4794375327354034,4.5356361996890024,0.12326888749434657,0.9996392811480423,0.028710585954140094,3.9780491557446873,2.8543547796615623,0.0,3.2736203209304655,0.8419731189271801,0.0,2.0112093614203035,0.0,0.0,0.01535483429346404,0.020057652341253476,5.836716934505043,1.1572377816263857,2.0
0.0,0.0,0.20213558088984854,0.018634174139050975,0.0,0.0,0.05297227481398869,0.0,0.008056554871058458,0.02842770457266734,0.0,0.05004887960722227,0.0,0.0,0.0,0.04809665327294402,0.0,0.0,0.0,0.0,0.013069150019521303,0.0,0.12525433903146602,0.0,0.0,0.0,0.0,0.0,0.0,0.0,2.8155754288625725,0.0,0.36848900064510354,0.0,0.0,0.0,0.0,0.0,0.0,0.0,0.01378381543309969,0.01592568999025421,0.044184257544003826,0.0,0.0,0.046281503211910255,0.0,0.0,0.0,0.0,0.16375633339790888,0.0,0.014640946881753174,0.0,0.0,0.0,0.0,0.0,0.0,0.0,0.007339046008161997,0.0,0.8663145613770472,0.0,0.0,0.0,0.0,0.0,0.0,0.0,0.2260152164029879,0.0,0.0,0.0,4.871050145147093,1.7506065048355925,0.8381046532853429,1.8396774686980744,3.2394591455262813,4.566559463878539,5.756625703646151,0.0,1.2279258669553494,8.35974121594332,0.6673926006671054,0.6204925735764409,0.02828624307910998,4.137831371732459,2.8503193781873066,0.0,3.088684371533392,2.1826287412686463,0.0,2.712309634061911,0.0,0.0,0.0,0.0604624879861069,5.715959245529507,2.74441946557514,0.0
0.02318436924826338,0.0,0.2121335075337561,0.03125402547050081,0.0,0.0,0.015069321717648201,0.0,0.0,0.0,0.0,0.07176266930009127,0.0,0.0,0.0,0.0,0.0,0.0,0.0,0.13264264253961866,0.021906076733622215,0.0,0.1265764570133731,0.0,0.0,0.0,0.0,0.0,0.0,0.0,2.779259720372376,0.0,0.23290630100683052,0.0,0.0,0.0,0.0,0.0,0.0,0.0,0.19585150857564437,0.02687086472474519,0.07354606091515468,0.01378381543309969,0.0,0.0,0.0,0.0,0.0,0.0,0.7307486294162129,0.0,0.0,0.0,0.0,0.0,0.0,0.0,0.0,0.0,0.048654701840346405,0.0,0.8701082176641779,0.0,0.0,0.0,0.0,0.0,0.0,0.0,0.045163351603224475,0.0,0.0,0.0,3.9109436789891374,1.259543673148691,0.8968530728967068,1.9472172900732452,3.0632095414725846,4.5663402648341735,6.078897986301678,0.0,1.1121663202310332,3.967952467938159,0.511973981781801,0.22983399046099756,0.06267436276339249,4.007195501404204,2.7840223062164915,0.0,2.7848389675577367,1.1823744882758063,0.0,1.7019482101870747,0.0,0.0,0.0,0.03843618165610792,4.41633984523553,3.3421564702677937,4.0
0.020768865094571848,0.0,0.1676148407551113,0.05561215668669251,0.0,0.0,0.0,0.0,0.0,0.0,0.0,0.053945424962785246,0.0,0.0,0.0,0.0,0.0,0.0,0.0,0.0,0.024603367140657025,0.0,0.13829023377991154,0.0,0.0,0.0,0.0,0.0,0.0,0.0,2.5634510336706677,0.0,0.09410091643886649,0.0,0.0,0.0,0.0,0.0,0.0,0.0,0.23143240844796506,0.024035935455509406,2.0841323148364053,0.024745190197137796,0.05755424645808902,1.0946414541150624,0.0,0.0,0.0,0.0,0.3912178076028973,0.0,0.01106620140620535,0.0,0.0,0.0,0.0,0.0,0.0,0.0,0.027437182706851134,0.0,0.8014897962893083,0.0,0.0,0.0,0.14522093708562958,0.011638756246893662,0.0,0.0,0.24171817459670142,0.0,0.0,0.0,3.2327681875273315,0.21809917437014498,1.2998307618223701,1.5292712437059317,3.450591031925189,5.155959664317971,6.289449031201039,0.0,0.8840899091335335,0.5795663601602125,0.14130198762525845,0.08909131856468917,0.16710096896307503,5.1880606262077436,3.031430486818482,0.0,2.685514114983755,0.8490384768960043,0.0,3.2916477575692054,0.0,0.0,0.0,0.057138304393541776,1.0957894246731923,4.297521598905738,5.0
0.0,0.011209361420303354,0.17466207953358823,0.060600829554117094,0.0,0.0,0.0,0.0,0.0,0.0,0.0,0.0604624879861069,0.0,0.0,0.0,0.03421571533791298,0.0,0.0,0.0,0.21636173497112732,0.0184917490398792,0.0,0.08392815506235927,0.0,0.0,0.0,0.0,0.0,0.0,0.0,2.6459552260264165,0.0,0.1497796305759026,0.0,0.0,0.0,0.0,0.0,0.01735184178777496,0.0,0.5341612326163092,0.022616379067348553,0.12167855658825247,0.02318436924826338,0.0,0.06515867512854683,0.0,0.0,0.0,0.0,0.443394474838584,0.0,0.0,0.0,0.0,0.0,0.0,0.0,0.0,0.0,0.02062665058995782,0.0,0.8926630235787048,0.0,0.0,0.0,0.0,0.0,0.0,0.0,0.14639454906050522,0.0,0.0,0.0,3.906611647601437,0.8033097099996553,1.2356657976014458,2.028392340499645,3.454307519940228,4.354191188030429,5.728293329430697,0.0,0.8775872133709772,2.0330881693321876,0.08678376614206665,0.7723079749584033,0.08283881472489178,3.987711959741493,2.816988741454873,0.0,3.047800102150181,0.1307991108381943,0.0,2.687620632084895,0.0,0.0,0.0,0.021621857851518895,4.571846671548431,3.876458009733973,5.0
0.0,0.0,0.07368315361643984,0.1644001350244117,0.0,0.0,0.01006368334469748,0.0,0.0,0.03167749645076024,0.0,0.03210084316702408,0.0,0.0,0.0,0.07956584981027477,0.0,0.0,0.0,0.04530316795657215,0.007339046008161997,0.0,0.10768786931437331,0.0,0.0,0.0,0.0,0.0,0.0,0.0,0.4743581628754001,0.0,0.092478087200385,0.0,0.12008647067252551,0.0,0.0,0.0,0.013640910669386311,0.0,0.4014120253638086,0.017779412561234692,0.1426094872986651,0.009203827329839744,0.04264433740849372,0.24135208577065867,0.0,0.0,0.0,0.0,0.08052123183149242,0.0,0.008200013832136126,0.0,0.0,0.0,0.0,0.0,0.0,0.0,0.012211083950874365,0.0,0.514501036274285,0.0,0.0,0.0,0.0,0.0,0.0,0.0,0.00604663011841478,0.0,0.0,0.0,1.8874472851181252,1.4699901382210732,1.1548424068692327,1.7099963689114013,3.2938265886215374,4.805741293029687,5.666387351024577,0.0,1.645194389943783,0.18345475417494217,0.015497569395325591,0.007339046008161997,0.06557231159362208,5.46666953243375,2.8574436155251033,0.0,3.098621677228955,0.0025945167084523227,0.0,1.6093767487633068,0.0,0.0,0.00647756407120479,0.025595835882683472,1.0084151755298663,2.16346652890916,5.0
0.0,0.0,0.13658515284762576,0.06667476272446016,0.0,0.0,0.0,0.0,0.0,0.0,0.0,0.039138393906958314,0.0,0.0,0.0,0.02644598030380087,0.0,0.0,0.0,0.04432416881220142,0.021337582965694914,0.0,0.1449600047208578,0.08174865123416789,0.0,0.0,0.0,0.0,0.0,0.0,2.919187509135587,0.0,0.2605074778047547,0.0,0.0,0.0,0.0,0.0,0.008917094736053047,0.0,0.029841557136715123,0.0,0.04809665327294402,0.02687086472474519,0.0,0.0506061736907874,0.0,0.0,0.0,0.0,0.4032677223393011,0.0,0.016068368627653675,0.0,0.0,0.0,0.0,0.0,0.0,0.0,0.008056554871058458,0.0,0.802565477307944,0.0,0.0,0.0,0.0,0.0,0.0,0.0,0.09207209450292904,0.0,0.0,0.0,4.105946211905325,1.424868355551195,0.902266569083071,1.8764481866947176,3.239443869778973,4.5888405380192605,6.2333550785225205,0.0,1.3481190844624429,3.7558596578716457,0.5995082359189357,0.46800977409283234,0.03759307554023308,3.7328010206315203,3.1155659959216035,0.0,3.0998169716582136,1.4624711893926507,0.0,2.585106763012251,0.0,0.0,0.00647756407120479,0.041523362184350425,4.597703977407152,1.6896569939948822,0.0
0.0,0.0,0.16722945407166856,0.041943829970167254,0.0,0.0,0.0,0.0,0.013640910669386311,0.0,0.0,0.060739157857678534,0.0,0.0,0.0,0.11995371750556835,0.0,0.0,0.0,0.0852886748169873,0.005615567406909804,0.0,0.12459282540582266,0.06419306192749237,0.0,0.0,0.0,0.0,0.0,0.0,1.5336630128230893,0.0,0.2904244038652997,0.0,0.0,0.0,0.0,0.0,0.003458319772411079,0.0,0.046421211248710355,0.0,0.03773362744651491,0.020911065581689963,0.0,0.0,0.0,0.0,0.0,0.0,0.21909105824619673,0.0,0.01249716268290215,0.0,0.0,0.0,0.0,0.0,0.0,0.0,0.0093471722592526,0.0,0.8502393551659095,0.0,0.0,0.0,0.04250426312896344,0.0,0.0,0.0,0.09423606984576555,0.0,0.0,0.0,3.7778404949977267,0.9925509226587216,0.8451086272301235,1.7393728853553558,2.556380364210588,4.463269324749084,5.571619173820124,0.0,1.0347087397421655,0.21076289418631022,0.5256680073752782,0.1826922975161903,0.03210084316702408,3.9942810174078316,2.3507235344410224,0.0,3.535642419985083,2.242511048510909,0.0,1.9418950691405015,0.0,0.0,0.005040616700530137,0.019630756335508422,3.183073576214852,3.463400124495397,2.0
0.0,0.0,0.11463354906893944,0.04432416881220142,0.0,0.0,0.0,0.0,0.0,0.0,0.03843618165610792,0.026020970714370147,0.0,0.0,0.0,0.08542465625267767,0.0,0.0,0.0,0.0,0.019630756335508422,0.0,0.13960046458551462,0.08963373610689557,0.0,0.0,0.0,0.0,0.0,0.0,2.9552011930130275,0.0,0.3213509014246168,0.0,0.0,0.0,0.0,0.0,0.0,0.0,0.03280614508324148,0.0,0.0,0.0,0.0,0.0,0.0,0.0,0.0,0.0,0.25047655250296924,0.0,0.0,0.0,0.0,0.0,0.0,0.0,0.0,0.0,0.0,0.0,0.9644356002123312,0.0,0.0,0.0,0.0,0.0,0.0,0.0,0.15458320905306852,0.0,0.0,0.0,4.080205684531802,0.785090154994758,0.9828019629452093,1.787975671495656,2.9221217147231187,4.428397024821015,5.724008992060969,0.0,1.3619928859219628,5.237873423989011,0.5755059680329915,0.8199951028363747,0.04851520993393956,4.090582476362442,3.066657543402745,0.0,3.198792719755604,2.9516064438028153,0.0,3.003134454229278,0.0,0.0,0.014069582501655862,0.009203827329839744,4.102238193930738,2.3142034601891446,0.0
0.01492654423810282,0.0,0.061983516108957325,0.06584800336608129,0.0,0.0,0.0,0.0,0.0,0.060600829554117094,0.0,0.031112840850249287,0.0,0.0,0.0,0.12604775520593936,0.0,0.0,0.0,0.0,0.0,0.0,0.10433665981473553,0.0,0.0,0.0,0.0,0.0,0.0,0.0,3.8733702840144577,0.0,0.2918392732571145,0.0,0.0,0.0,0.0,0.0,0.004465436770300531,0.0,0.07272323102162045,0.0,0.0,0.008917094736053047,0.0,0.09815002109201154,0.0,0.0,0.0,0.0,0.46215704784739453,0.006621180122379962,0.02361021518264534,0.0,0.0,0.0,0.0,0.0,0.0,0.0,0.0,0.0,0.9486008474933558,0.0,0.0,0.0,0.05352844098929936,0.016496319896195974,0.0,0.0,0.023326331860027503,0.0,0.0,0.0,3.6674493735331897,0.9200645853785641,1.1392075202712542,1.5323169593327652,2.7421571576078696,4.447539525195721,5.8877372728474855,0.0,1.2105135518004686,2.0579354213663263,0.717999879468506,0.8892398887868314,0.05686094304675096,4.095443441484033,2.755101218931638,0.0,3.479049436758075,2.5691751032536434,0.0,3.373049574013409,0.0,0.0,0.0,0.016496319896195974,3.3054890560606,1.3873625408359955,0.0
0.0,0.0,0.46121421258397927,0.008630305143440056,0.0,0.0,0.012354130407874092,0.0,0.0,0.0,0.0,0.08773438181972541,0.0,0.0,0.0,0.0978804340519131,0.0,0.0,0.0,0.0,0.004465436770300531,0.0,0.09895848008816877,0.0,0.0,0.0,0.0,0.0,0.0,0.0,2.2635452698672753,0.0,0.05227676545235779,0.0,0.0,0.0,0.0,0.0,0.0,0.0,0.9167823487437583,0.022048165180173156,0.0,0.011352507229905218,0.0526941113038451,0.1247251523988885,0.0,0.0,0.0,0.0,0.1307991108381943,0.0,0.0,0.0,0.0,0.0,0.0,0.0,0.0,0.0,0.0,0.0,0.9459072972102527,0.0,0.0,0.0,0.06818925877896807,0.0,0.0,0.0,0.14300150624248983,0.0,0.0,0.0,4.278222697991528,0.2912499129642299,0.982363897646027,1.3078947755125012,4.835145940648035,5.429954003943707,6.730758137957948,0.0,0.5920622977874771,1.0264459803038009,0.1208827332486521,0.046979908144409395,0.07258604706859655,3.5195293243436003,3.4908396479374213,0.0,1.997147859877863,1.0830431287018032,0.0,2.122970833953787,0.0,0.0,0.0,0.03167749645076024,1.318345767261359,6.2625139649331105,2.0
0.0,0.0,0.10473921621623744,0.07737974079701358,0.0,0.0,0.0,0.0,0.0,0.039980597690881255,0.0,0.08011185986159819,0.0,0.0,0.0,0.0,0.0,0.0,0.0,0.0,0.03210084316702408,0.0,0.030547964162966627,0.0,0.0,0.0,0.0,0.0,0.0,0.0,1.885105754024878,0.0,0.0994972011701899,0.0,0.0,0.0,0.0,0.0,0.0,0.0,0.361543797967865,0.04474382122439775,0.1215459498469588,0.03463831799900894,0.0,0.0,0.0,0.0,0.0,0.0,0.2083923997906761,0.0,0.020768865094571848,0.0,0.0,0.0,0.0,0.0,0.0,0.0,0.0709388213434375,0.0,1.0679828301843026,0.0,0.0,0.0,0.0,0.0,0.0,0.0,0.6015063629231642,0.0,0.0,0.0,3.6806506706101203,0.8131141913462892,1.0554039204948102,1.4462032859808298,3.4492972415035843,5.1400628556982095,6.340120705444456,0.0,0.9731336653305708,0.8292000994585544,0.07724299893246035,0.0856965806792463,0.11196608960349229,4.288203504752561,3.0606181213174097,0.0,2.813011548605618,1.5500633631647198,0.0,1.825256474425678,0.0,0.0,0.0,0.0,4.484627971283161,4.459661120047583,5.0
0.0,0.03562390973072122,0.14626419486652553,0.014069582501655862,0.0,0.0,0.020342179517185827,0.0,0.0,0.0,0.0,0.016353683577834812,0.0,0.0,0.0,0.05436228844968911,0.0,0.0,0.0,0.13395801010054917,0.014783752627070351,0.0,0.0676387168753633,0.0,0.0,0.0,0.0,0.0,0.0,0.0,0.9354597478052895,0.0,0.23302905744518485,0.0,0.0,0.0,0.0,0.0,0.0,0.0,0.30964187342216065,0.03604610015685955,0.4355219213439279,0.018634174139050975,0.08542465625267767,0.4548075921118498,0.0,0.0,0.0,0.0,0.23780842954562034,0.0,0.0,0.0,0.0,0.0,0.0,0.0,0.0,0.0,0.03294716409912902,0.0,0.8059527657173425,0.0,0.0,0.0,0.11036324336041808,0.0,0.0,0.0,0.19597745864258795,0.0,0.0,0.0,4.703803930633991,1.0859004903694716,0.9863745260849647,1.6707043971556208,3.8846565262333335,3.4608735928112035,6.372501185252778,0.0,4.016808287686554,1.2156164770772122,0.062259894470126094,0.03674947642786828,0.09058247636244234,3.4571740027041997,3.3020411609760374,0.0,2.7469791333163065,0.3712800540226538,0.0,0.6119277672153374,0.0,0.0,0.0,0.03463831799900894,1.2422671337141167,0.869555597050224,5.0
0.0,0.0,0.17491769523958806,0.015069321717648201,0.0,0.0,0.0,0.0,0.0,0.0,0.0,0.051859298835249854,0.0,0.0,0.0,0.0,0.0,0.0,0.0,0.1647862781433397,0.011924948479708557,0.0,0.09207209450292904,0.0,0.0,0.0,0.0,0.0,0.0,0.0,1.6675742659750188,0.0,0.07573798239407814,0.0,0.0,0.0,0.0,0.0,0.0,0.0,0.08133962745193878,0.0,0.0,0.00992040959306388,0.0,0.05588975819628299,0.0,0.0,0.0,0.0,0.13172117115592868,0.007482576331206196,0.0,0.0,0.0,0.0,0.0,0.0,0.0,0.0,0.004465436770300531,0.0,0.7454524831316972,0.0,0.0,0.0,0.0,0.0,0.0,0.0,0.16169423543613154,0.0,0.0,0.0,4.268082510344161,0.5485352671384511,0.722640885999805,1.1253204737144127,3.5477582752659558,4.487036080031899,6.153785073365942,0.0,1.003530280020868,1.7327467621500614,0.09841955776554452,0.09990111000794269,0.022758397578157615,3.3869350735927135,2.9913903252481377,0.0,2.881919074973241,1.1040011103212146,0.0,1.9093891022653007,0.0,0.0,0.0,0.0184917490398792,1.1604684687541478,5.144486944488268,2.0
0.0,0.0,0.26062790812669856,0.07135080412884309,0.0,0.0,2.8430190457237683,0.0,0.0,0.06557231159362208,0.0,0.09868904409132834,0.0,0.0,0.0,0.0,0.0,0.0,0.0,0.13789693238961925,0.0076260923761779465,0.0,0.040261223064434574,0.0,0.0,0.0,0.0,0.0,0.0,0.0,0.8418121397883287,0.0,0.019915367707685924,0.0,0.0,0.0,0.0,0.0,0.0,0.0,0.2654368960490983,0.07327183642451936,0.0,0.0,0.0,0.29783703588664373,0.0,0.0,0.0,0.0,0.37551214070374395,0.0,0.0,0.0,0.0,0.0,0.0,0.0,0.0,0.0,0.0,0.0,0.5255677889013475,0.0,0.0,0.0,0.0,0.0,0.0,0.0,0.46404087188988674,0.0,0.0,0.0,4.439503462037161,0.04488367823976479,0.8497591238025108,1.3876382589526282,4.715152069662464,4.136872206558839,6.991578532389955,0.0,0.3501577494849929,0.17312743348065618,0.0,0.038014690186715924,0.043764442310170244,2.27017009277082,3.1389454979238414,0.0,1.7451512627441559,0.10889240163240911,0.0,1.4714996419463875,0.0,0.0,0.0,0.017921907997262315,0.17632277264046287,4.379801149068971,4.0
0.0,0.0,0.07382023329167137,0.17887395816979543,0.0,0.0,0.0,0.0,0.0,0.0,0.0,0.0756010848240282,0.0,0.0,0.0,0.07258604706859655,0.0,0.0,0.0,0.12048465689545586,0.05880135361618622,0.0,0.08392815506235927,0.0,0.0,0.0,0.0,0.0,0.0,0.0,2.4247071455641507,0.0,0.2121335075337561,0.0,0.0,0.0,0.0,0.0,0.0,0.0,0.418027989926524,0.0,0.06667476272446016,0.049491370165103715,0.11370049916472831,0.0,0.0,0.0,0.0,0.0,0.4991698141152491,0.0,0.02233230009805639,0.0,0.0,0.0,0.0,0.0,0.0,0.0,0.0709388213434375,0.0,1.0366791542304479,0.0,0.0,0.0,0.0,0.011638756246893662,0.0,0.0,0.49354486619996984,0.0,0.0,0.0,3.7511530390951884,0.503857532577429,1.2461648304838662,2.2797981308231323,3.16080727158339,4.455780919705187,6.061689806075488,0.0,0.6767187441184332,1.3002994736656384,0.2808375686117713,0.0874628412503394,0.056722242374540224,4.419943328756322,2.73768676140986,0.0,3.076576196678429,2.9091586520692583,0.0,2.3096418734221604,0.0,0.0,0.008917094736053047,0.09112433366116472,0.8792352455277053,3.148657575030613,5.0
0.0,0.0,0.18396283484259518,0.06860202737867155,0.0,0.0,0.3683772461200166,0.0,0.012783184698289592,0.0,0.0,0.0,0.0,0.0,0.0,0.0765590951316044,0.0,0.0,0.0,0.0,0.07710624410597862,0.0,0.11450029316519267,0.0,0.0,0.0,0.0,0.0,0.0,0.0,1.7358687290735795,0.0,0.03407482027057225,0.0,0.17005323530230423,0.0,0.0,0.0,0.0,0.0,0.517829984809274,0.0,0.0,0.0,0.0,0.657731456828462,0.0,0.0,0.1644001350244117,0.0,0.17248751551013405,0.019773069040027156,0.01178185945991471,0.0,0.0,0.0,0.0,0.0,0.0,0.0,0.01178185945991471,0.0,0.6593765954759114,0.0,0.0,0.0,0.0,0.0,0.0,0.0,0.3953918939282104,0.0,0.0,0.0,4.103640307551146,0.4375473552877847,1.023255352300303,1.5825078320916408,3.6985407700821016,4.12302879363163,6.564170834853535,0.0,2.762774013124628,2.1254857971593757,0.3400494728531664,0.08215755908542595,0.09369538023355704,4.048916212818064,2.8051686138013405,0.0,2.927991240039481,0.8711339518281754,0.0,1.1871976495492864,0.0,0.0,0.009490502947452436,0.0,3.0521550168337304,3.97642779482254,4.0
0.015497569395325591,0.0,0.11236652307256315,0.013926706042921726,0.0,0.0,0.01006368334469748,0.0,0.0,0.0,0.0,0.040261223064434574,0.0,0.0,0.0,0.02715405150372665,0.0,0.0,0.0,0.06791401408846634,0.02927618237063207,0.0,0.09936253975777228,0.02856915219677092,0.0,0.0,0.0,0.0,0.0,0.0,1.458277000695805,0.0,0.12008647067252551,0.0,0.0,0.0,0.0,0.0,0.004609253252589672,0.0,0.4389315419345448,0.017921907997262315,0.4318903482861805,0.027578727474282683,0.04292444517384094,0.526469504640831,0.0,0.0,0.0,0.0,0.24049751707326048,0.0,0.008200013832136126,0.0,0.0,0.0,0.0,0.0,0.0,0.0,0.03660882860510138,0.0,0.5879409937552202,0.0,0.0,0.0,0.0,0.008630305143440056,0.0,0.0,0.34619102979906957,0.0,0.0,0.0,2.683045129775744,1.050606173690787,0.9518115667627076,1.2232989733327897,3.4502874914160904,5.076969476315111,5.462500636655823,0.0,0.8237493603082727,0.8142632913997817,0.08420036167465528,0.07382023329167137,0.1194225826478845,3.8139145541943567,3.069770897486462,0.0,2.8428581832559776,0.5075155864792288,0.0,1.565353456782628,0.0,0.0,0.0,0.025737561413608275,0.7850064307083471,5.14432378429709,5.0
0.0,0.0,0.7690099982814709,0.37784561029696545,0.0,0.0,0.0,0.0,0.0,0.14156358237500305,0.0,0.0615688492680028,0.0,0.0,0.0,0.0,0.0,0.0,0.0,0.03520159571856608,0.005615567406909804,0.0,0.13658515284762576,0.0,0.0,0.0,0.0,0.0,0.0,0.0,1.824564212089827,0.0,0.007339046008161997,0.0,0.0,0.0,0.0,0.0,0.0,0.0,0.4309275174048685,0.0,0.14717642698094646,0.014212444812104711,0.06557231159362208,0.2937236099049341,0.0,0.0,0.0,0.0,0.15419432499278973,0.0,0.0,0.0,0.0,0.0,0.0,0.03843618165610792,0.0,0.0,0.0,0.0,0.892818427795033,0.0,0.0,0.0,0.0,0.0,0.0,0.0,0.29642803923434824,0.0,0.0,0.0,3.4613451987782105,0.14899916258776436,0.9275172461984765,1.5692966455616446,3.8506494262401945,3.4024220388678077,6.320430521781989,0.0,1.2306334208231575,0.29231058820442585,0.05935527761642124,0.06653700239579126,0.10554399219892611,3.4409389134837514,3.3084482521278424,0.0,2.3843261586858406,0.092478087200385,0.0,1.4560175758077856,0.0,0.0,0.0,0.09044698023265137,0.21909105824619673,3.030035853552176,3.0
0.0,0.0,0.24768451276238293,0.015212085068503288,0.0,0.0,0.09558690799772399,0.0,0.0,0.0,0.0,0.017636903049498446,0.0,0.0,0.0,0.1686420355588392,0.0,0.0,0.0,0.14352403252161328,0.008056554871058458,0.0,0.12234140752611963,0.0,0.0,0.0,0.0,0.0,0.0,0.0,2.797096008254912,0.0,0.061430600497748115,0.0,0.0,0.0,0.0,0.0,0.0,0.0,0.2895984221401878,0.038717107572853585,0.3819478006891023,0.020057652341253476,0.0,0.9679801258199748,0.012211083950874365,0.0,0.0,0.0,0.5631581304028078,0.015069321717648201,0.0,0.0,0.0,0.0,0.0,0.0,0.0,0.0,0.03534238079219708,0.0,1.1949065324228512,0.0,0.0,0.0,0.0,0.0093471722592526,0.0,0.0,0.1086248146816487,0.0,0.0,0.0,4.418284415061341,0.43413445790933575,1.2005043534465214,1.6294265672344022,3.7899378689801946,3.910377699911031,6.48086935028307,0.0,0.963843998362475,0.07901963303483801,1.0928839656784843,0.4390379628427104,0.03435659664664159,3.983723291165917,2.4276329884256374,0.0,3.10282607211719,0.1644001350244117,0.0,2.0786439890042216,0.0,0.0,0.0,0.2657969247597524,0.3201958212661251,6.492023003740139,5.0
0.0,0.0,0.4757074946426389,0.02814476771337868,0.0,0.0,0.0,0.0,0.0,0.0,0.0,0.0326651122818301,0.0,0.0,0.0,0.022048165180173156,0.0,0.0,0.0,0.037030730944967026,0.0,0.0,0.05450121618256057,0.0,0.0,0.0,0.0,0.0,0.0,0.0,2.0822938359514307,0.0,0.09437121059251717,0.0,0.0,0.0,0.0,0.0,0.0,0.0,0.07368315361643984,0.0,0.7947693483136535,0.0,0.0,0.3752897085354204,0.0,0.0,0.0,0.0,0.048794180260804905,0.0,0.0,0.0,0.0,0.0,0.0,0.0,0.0,0.0,0.003314388506677012,0.0,0.7274412913634026,0.0,0.0,0.0,0.04530316795657215,0.0,0.0,0.0,0.14130198762525845,0.0,0.0,0.0,4.854195176260577,0.5920622977874771,0.9124199350153097,1.3715588626119628,3.3985829560702587,4.545844845406353,6.355805638944072,0.0,0.9254678013951411,0.5399280433528023,0.3397075074485972,0.11076412189980747,0.07847320937869356,4.782733554092523,2.7840013601022013,0.0,3.339308445336072,0.7619660307369442,0.0,2.5207993744051813,0.0,0.0,0.0,0.020911065581689963,0.8549531352094738,7.680581053823402,3.0
0.0,0.0,0.10003572116184384,0.06983962506863442,0.0,0.0,0.0,0.0,0.0,0.0,0.0,0.01378381543309969,0.0,0.0,0.0,0.09031147137603657,0.0,0.0,0.0,0.0765590951316044,0.006190289072069835,0.0,0.08093048767298393,0.09477655689559733,0.0,0.0,0.0,0.0,0.0,0.0,2.0029904906476803,0.0,0.07956584981027477,0.0,0.0,0.0,0.0,0.0,0.007769594145917668,0.0,0.1971105147126964,0.0,0.16156525639703184,0.046560905757741196,0.0,0.0,0.0,0.0,0.0,0.0,0.2667565623046648,0.0,0.0,0.0,0.0,0.0,0.0,0.0,0.0,0.0,0.0,0.0,0.9417824157971508,0.0,0.0,0.0,0.0,0.0,0.0,0.0,0.09058247636244234,0.0,0.0,0.0,3.9056685964212137,0.6709309545833212,0.7175612770144881,1.3295254851966554,3.4710573647972955,4.604284864696115,6.172519518150764,0.0,0.8335782939060047,0.20414071678022522,0.2567691427613412,0.2577348021286451,0.06502076994841134,3.961465901112038,2.8711142330470767,0.0,2.7567030863461675,0.7504350004320514,0.0,2.136486721282728,0.0,0.0,0.0,0.05769286716834593,5.061784836453286,0.9851360673680097,2.0
0.0,0.0,0.21151066288353915,0.0,0.0,0.0,0.9189204670171217,0.0,0.0,0.0,0.0,0.14522093708562958,0.0,0.0,0.0,0.14626419486652553,0.0,0.0,0.0,0.0,0.060739157857678534,0.0,0.11436702495200024,0.0,0.0,0.0,0.0,0.0,0.0,0.0,2.3781786552080417,0.0,0.11249997620071796,0.0,0.0,0.0,0.0,0.0,0.008630305143440056,0.0,0.5687131490760814,0.03337013846059218,0.40718957187911,0.03421571533791298,0.07929276727285353,0.8108132418300152,0.0,0.0,0.0,0.0,0.4364816918910598,0.0,0.030689204071140407,0.0,0.0,0.0,0.0,0.0,0.0,0.0,0.07505336460450727,0.0,1.1232026586954327,0.0,0.0,0.0,0.10245657665073399,0.016068368627653675,0.0,0.0,1.1345495344644545,0.0,0.0,0.0,4.025737561413608,0.9165530765873934,1.3303862989063695,2.1581107803666812,3.6132841104740656,4.535754380728666,5.8242154100103045,0.0,1.1873877070804724,1.2574331030035804,0.2183472092784992,0.39319651187040616,0.07765318565016138,3.445806144722262,2.6058735663028463,0.0,2.875956949436276,0.7517207867750454,0.0,1.8960392935909958,0.0,0.0,0.0,0.0,4.259008784993952,4.270528942380718,2.0
0.0,0.0,0.22909566135537973,0.040541793862846835,0.0,0.0,0.0,0.0,0.0,0.0,0.0,0.03674947642786828,0.0,0.0,0.0,0.08678376614206665,0.0,0.0,0.0,0.05907834220125303,0.00963381939726868,0.0,0.10768786931437331,0.018634174139050975,0.0,0.0,0.0,0.0,0.0,0.0,2.0407171229073464,0.0,0.10299399332332565,0.0,0.0,0.0,0.0,0.0,0.0,0.0,0.0978804340519131,0.011638756246893662,0.06419306192749237,0.00604663011841478,0.0,0.16298339202346543,0.0,0.0,0.0,0.009203827329839744,0.2090165918312567,0.0,0.0,0.0,0.0,0.0,0.0,0.0,0.0,0.0,0.008056554871058458,0.0,1.0325945907107108,0.0,0.0,0.0,0.03660882860510138,0.0,0.0,0.0,0.0585243118408003,0.0,0.0,0.0,3.3894842123538904,0.8428581832559774,0.8746789492074556,1.6658475212555508,3.204657214335002,4.214070392337045,6.061147581228575,0.0,1.1742146430405034,0.911499848861108,0.2792929906975841,0.16684396441249089,0.03435659664664159,4.342526300894055,3.0203955221161465,0.0,3.02844538628411,3.396132081992142,0.0,2.6700245113260026,0.0,0.0,0.008630305143440056,0.016924144257821412,1.36429227013537,5.370118933996966,3.0
0.02587927302325896,0.0,0.39220749896897045,0.046281503211910255,0.0,0.0,0.033511102361323694,0.0,0.04460395064976797,0.0,0.0,0.09274868553952377,0.0,0.0,0.0,0.04530316795657215,0.0,0.0,0.0,0.038295698181544525,0.012354130407874092,0.0,0.06419306192749237,0.0,0.0,0.0,0.0,0.0,0.0,0.0,3.8092497906131575,0.0,0.0,0.0,0.0,0.0,0.0,0.0,0.0,0.0,0.4635178341286966,0.029841557136715123,0.0,0.015497569395325591,0.0,0.7448499794516567,0.0,0.0,0.0,0.0,0.23192387329376324,0.0,0.0,0.0,0.0,0.0,0.0,0.0,0.0,0.0,0.0,0.0,0.7952682342759377,0.0,0.0,0.0,0.0,0.0,0.0,0.0,0.13658515284762576,0.0,0.0,0.0,4.238664592114618,0.3166091843278231,0.9692333932635709,1.0754641742625126,5.042491130467959,5.017788318938332,7.090365464711462,0.0,0.8441445810593434,4.856677005648027,0.2862897581340969,1.2689732823484672,0.1578198394788626,3.2153990376536994,3.4363351015959474,0.0,1.827778384747998,0.1867540845831823,0.0,2.4993739450021675,0.0,0.0,0.0,0.0,4.588126945555153,2.2232989733327897,2.0
0.0,0.0,0.02233230009805639,0.04809665327294402,0.0,0.0,0.20864210901516606,0.0,0.0,0.06004738366993889,0.0,0.02062665058995782,0.0,0.0,0.0,0.03435659664664159,0.0,0.0,0.0,0.0,0.007051942516490025,0.0,0.130667339815507,0.0,0.0,0.0,0.0,0.0,0.0,0.0,1.7418768153743953,0.0,0.08011185986159819,0.0,0.0,0.0,0.0,0.0,0.005902956858236406,0.0,0.07683269555739859,0.011352507229905218,0.12234140752611963,0.0,0.0,0.0,0.0,0.0,0.0,0.0,0.0553345017510994,0.004465436770300531,0.0,0.0,0.0,0.0,0.0,0.0,0.0,0.0,0.005184375859723257,0.0,0.7484612330040358,0.0,0.0,0.0,0.0,0.0,0.0,0.0,0.5293712052539286,0.0,0.0,0.0,4.0681376543993215,1.758772200660135,0.6360793382774198,1.1751732656637974,3.0582125762389967,4.825882278690463,6.208023609470633,0.0,0.6100385571753333,2.4281155848013696,0.2046415656104211,0.3048614514884491,0.06405506441044337,4.348331579866018,3.041681051964968,0.0,2.9147941118625997,0.31961793420016127,0.0,2.3379393937533086,0.0,0.0,0.0,0.04334450487716922,1.317593504623471,5.9650870059422205,5.0
0.0,0.0,0.17018145776525037,0.049073096654305606,0.0,0.0,0.0,0.0,0.0,0.0,0.0,0.04292444517384094,0.0,0.0,0.0,0.22552173425660332,0.0,0.0,0.0,0.22811063440518137,0.0,0.0,0.0597705810902546,0.0,0.0,0.0,0.0,0.0,0.0,0.0,2.1108643241321894,0.0,0.07505336460450727,0.0,0.0,0.0,0.0,0.0,0.0,0.0,0.7731523970140524,0.06281249240502118,0.0,0.016353683577834812,0.0756010848240282,0.25797611601076476,0.0,0.0,0.0,0.0,0.10500752476097375,0.0,0.014640946881753174,0.0,0.0,0.0,0.0,0.0,0.0,0.0,0.007339046008161997,0.0,0.9963164290942442,0.0,0.0,0.0,0.0,0.0,0.0,0.0,0.3463045161346948,0.0,0.0,0.0,4.266156863646618,0.6052098440811416,1.0485152099339397,1.234072065664086,4.328283574073394,4.603015017172033,6.545488111354929,0.0,1.5287713320474108,0.47019843955566676,0.06846445096690573,0.1904252273692713,0.07395729994332441,3.7857493140132124,2.7674217449733636,0.0,2.4015212501086,0.8149195093055186,0.0,2.0036022366801953,0.0,0.0,0.0,0.030547964162966627,0.33227828305692936,3.1333662431042155,3.0
0.0,0.0,0.14208662961752688,0.04306447866493742,0.0,0.0,0.017921907997262315,0.0,0.0,0.0,0.0,0.08488065359129648,0.0,0.0,0.008917094736053047,0.11729608565724152,0.0,0.0,0.0,0.040682058803007765,0.03576465360097467,0.0,0.09707137054390325,0.025454096427749127,0.0,0.0,0.0,0.0,0.0,0.0,1.72137265947682,0.0,0.3487989596121077,0.0,0.0,0.0,0.0,0.0,0.0,0.0,0.310223769546247,0.01592568999025421,0.0,0.040682058803007765,0.038295698181544525,0.09139518601170002,0.0,0.0,0.0,0.00417776078910997,0.298892881054161,0.0,0.02927618237063207,0.0,0.0,0.0,0.0,0.02233230009805639,0.0,0.0,0.0398402645317911,0.0,1.1515341413479168,0.0,0.0,0.0,0.0497701518163845,0.01535483429346404,0.0,0.0,0.13000830410860617,0.0,0.0,0.0,4.07825116563813,1.053528440989299,1.1176285574953893,2.125849442065685,3.0002885101581236,4.426895376547568,5.7236022457476174,0.0,0.49139136003484224,6.70564068067434,0.171847313573341,0.7807300364763765,0.07710624410597862,3.6179214157827637,3.039840264531791,0.0,3.0292231671250907,1.8861208841326078,0.0,1.808590988139976,0.0,0.0,0.005902956858236406,0.023042392665863817,5.116144309623164,4.135854958888906,2.0
0.0,0.0,0.22132030675705128,0.00791308164326493,0.0,0.0,0.011352507229905218,0.0,0.0,0.0,0.0,0.0,0.0,0.0,0.0,0.20088095428595948,0.0,0.0,0.0,0.07587486697512764,0.00417776078910997,0.0,0.048654701840346405,0.031959741397545,0.0,0.0,0.0,0.0,0.0,0.0,0.9708536543404835,0.0,0.09909317921910914,0.0,0.0,0.0,0.0,0.0,0.0,0.0,0.05144171138261017,0.0,0.0,0.0,0.0,0.21983452388537061,0.0,0.0,0.0,0.0,0.17606740578593494,0.0,0.0,0.0,0.0,0.0,0.0,0.0,0.0,0.0,0.004609253252589672,0.0,1.1246589904195192,0.0,0.0,0.0,0.0,0.0,0.0,0.0,0.2907782513201796,0.0,0.0,0.0,5.058701797852082,0.5783107928487263,0.7431271525919301,1.4710313442715275,3.347750684937139,4.345495731132561,6.358754921773537,0.0,1.5648171298547466,2.3988428604555474,0.10232219119668602,0.29148568597356145,0.02772025835592744,3.8063240573900288,3.1439647669106763,0.0,2.701083238538534,1.1433934186931878,0.0,1.4617380860204663,0.0,0.0,0.0,0.057138304393541776,4.4959445431374325,0.4997821201473117,0.0
0.0,0.0,0.15120939288489368,0.019915367707685924,0.0,0.0,0.0,0.0,0.0,0.0,0.0,0.07573798239407814,0.0,0.0,0.0,0.07628544280891579,0.0,0.0,0.0,0.021906076733622215,0.007051942516490025,0.0,0.05491791912895793,0.05380644369579382,0.0,0.0,0.0,0.0,0.0,0.0,2.074025828386082,0.0,0.4115347149600704,0.0,0.0,0.0,0.0,0.0,0.0,0.0,0.1272370619248145,0.017066724189833377,0.04711954856855063,0.0,0.0,0.0,0.0,0.0,0.0,0.008917094736053047,0.4392507811114086,0.006621180122379962,0.01564029037688224,0.0,0.0,0.0,0.0,0.0,0.0,0.0,0.030971642412075527,0.0,1.391712738152187,0.0,0.0,0.0,0.0,0.0,0.0,0.0,0.1801478611584286,0.0,0.0,0.0,4.434121110435846,0.6742798513794483,1.204015477399888,1.974455891020679,2.529945849783255,4.452272544822979,5.703582477523326,0.0,1.5142485299218613,3.8831320156572824,0.33319471633588815,0.10661632898778424,0.05311133645956253,4.56284075140838,2.8205261888136177,0.0,3.218796663888181,3.889054886064796,0.0,2.025914698750793,0.0,0.0,0.0,0.016353683577834812,3.027596419593811,1.3732305835879934,2.0
0.0,0.0,0.11529964402554728,0.03153635326805325,0.0,0.0,0.0,0.0,0.008200013832136126,0.028993411879548688,0.0,0.022048165180173156,0.0,0.0,0.0,0.07299755979995012,0.0,0.0,0.0,0.0,0.006621180122379962,0.0,0.11955538469528244,0.0,0.0,0.0,0.0,0.0,0.0,0.0,1.6403432820058663,0.0,0.37206058233216077,0.0,0.11022959242318889,0.0,0.0,0.0,0.01249716268290215,0.0,0.09558690799772399,0.0,0.04502352169849773,0.01678155023340201,0.039138393906958314,0.18065710756007647,0.0,0.0,0.0,0.0,0.08351974882017292,0.006333933722050485,0.01492654423810282,0.0,0.0,0.0,0.0,0.0,0.0,0.0,0.011209361420303354,0.0,0.8853400782246658,0.0,0.0,0.0,0.0,0.01564029037688224,0.0,0.0,0.07573798239407814,0.0,0.0,0.0,4.07322041352915,1.0270124650625816,0.8723165857503631,1.5644269486377937,2.8394356086738886,4.655706733735282,4.8928718441284484,0.0,1.006549373883862,1.0436944612259778,0.3025237777356443,0.6864332932263347,0.047677975144475616,3.8687855225553522,3.0039799502717046,0.0,3.6168281666049324,1.7892284460107166,0.0,2.036995577128742,0.0,0.0,0.0,0.00791308164326493,4.815355114147923,2.2454652387319203,2.0
0.0,0.0,0.14169436196453092,0.048236185652847624,0.0,0.0,0.02800327847275247,0.0,0.0,0.0,0.0,0.0560285389227513,0.0,0.0,0.0,0.07464243793449277,0.0,0.0,0.0,0.0,0.01535483429346404,0.0,0.10554399219892611,0.1159654315868068,0.0,0.0,0.0,0.0,0.0,0.0,1.9589168955869591,0.0,0.12234140752611963,0.0,0.0,0.0,0.0,0.0,0.0,0.0,0.3284918303048477,0.07368315361643984,1.5360031512776058,0.012926174444270048,0.0,1.371781870695398,0.0,0.0,0.0,0.0,0.31938671454410283,0.0,0.011495638837829437,0.0,0.0,0.0,0.0,0.0,0.0,0.0,0.0172092900322231,0.0,1.236584458113175,0.0,0.0,0.0,0.0,0.0,0.0,0.0,0.2501126796923753,0.0,0.0,0.0,3.7080106137279665,0.4358419158092276,1.1763227726404628,1.7769040933426359,3.2651067907849973,4.505306621526817,6.215760124433075,0.0,2.990519264064913,0.13566619696904392,0.3061455593087739,0.10675031506086766,0.06322680199698132,3.6824496966835354,3.127616772823192,0.0,3.0579180974187907,1.8151655140875778,0.0,2.4659483521403205,0.0,0.0,0.018349309878891815,0.03590538374212795,0.5684213123114795,6.56490856331485,5.0
0.01678155023340201,0.028852005847493426,0.5059925243950385,0.08854869701023801,0.0,0.0,0.010923027184791876,0.0,0.0,0.0,0.0,0.3661403357705043,0.0,0.0,0.0,0.08664791275518828,0.0,0.0,0.0,0.12048465689545586,0.0550567933689351,0.0,0.1655582544611737,0.0,0.0,0.0,0.0,0.0,0.0,0.0,0.5245652210771998,0.0,0.0663992289113826,0.0,0.0,0.0,0.0,0.0,0.0,0.0,0.5986510478846079,0.019488429591360157,0.20338911736708698,0.03969991772095141,0.046560905757741196,0.26183165875213665,0.0,0.0,0.0,0.0,0.09356017616233782,0.007482576331206196,0.008917094736053047,0.0,0.0,0.0,0.0,0.0,0.0,0.0,0.09518178934268523,0.0,0.5411183040246941,0.0,0.0,0.0,0.0,0.0,0.0,0.0,0.12075005333492556,0.0,0.0,0.0,3.97734404185467,0.8216285892437734,1.1377658080958786,1.947329519847386,4.001550064158665,4.214117032190523,5.529730384906741,0.0,0.8860428225552877,3.226308141581274,0.025454096427749127,0.00992040959306388,0.019203733973092663,2.584866317845632,2.926720585799877,0.0,2.6699338356689606,0.2541102418747209,0.0,0.7521491276946994,0.0,0.0,0.0,0.018634174139050975,0.40533891584754994,1.2788174030747215,5.0
0.0,0.0,0.13000830410860617,0.0676387168753633,0.0,0.0,0.0,0.0,0.0,0.0,0.0,0.04530316795657215,0.0,0.0,0.0,0.11169907219742026,0.0,0.0,0.0,0.0,0.005184375859723257,0.0,0.08052123183149242,0.0,0.0,0.0,0.0,0.0,0.0,0.0,2.3706943805428264,0.0,0.24293780020056457,0.0,0.0,0.0,0.0,0.0,0.012926174444270048,0.0,0.08501667348871386,0.0,0.1984941536390832,0.013069150019521303,0.0,0.27118660159725294,0.0,0.0,0.0,0.0,0.09855430722072947,0.0,0.011638756246893662,0.0,0.0,0.0,0.0,0.0,0.0,0.0,0.011638756246893662,0.0,0.7554003692292638,0.0,0.0,0.0,0.07792657868506905,0.0,0.0,0.0,0.07546417426251252,0.0,0.0,0.006190289072069835,3.940702374932188,1.2605074778047547,0.7350021934953096,1.1664583717225332,3.184740486759884,4.478602997280478,6.073458229056892,0.0,0.6856262412509112,1.7919390645953344,0.2998307618223704,0.4690524098546894,0.04446406651324603,4.8763253930604185,2.6106764421797726,0.0,3.222897276256301,0.2037649660186562,0.0,2.807210645339559,0.0,0.0,0.0093471722592526,0.0,0.5368486504208304,7.3280205178504385,5.0
0.047957107396655034,0.0093471722592526,0.184089827056126,0.05755424645808902,0.0,0.0,0.0,0.0,0.0,0.0,0.0,0.04208395867125249,0.0,0.0,0.0,0.02842770457266734,0.0,0.0,0.0,0.16014572540457922,0.026729250487489024,0.0,0.05519565424212462,0.0,0.0,0.0,0.0,0.0,0.0,0.0,1.3658044998719816,0.0,0.1526377396511124,0.0,0.0,0.0,0.0,0.0,0.0,0.0,0.18281940161220564,0.0,0.05172011644732764,0.0,0.0,0.0,0.0,0.0,0.0,0.0,0.3310172360180966,0.0,0.0,0.0,0.0,0.0,0.0,0.0,0.0,0.0,0.0043216059500934675,0.0,0.886276994617085,0.0,0.0,0.0,0.0,0.0,0.0,0.0,0.17427857103612218,0.0,0.0,0.0,4.215787299351001,0.5400272692575073,0.870818418984031,1.7297485243099164,3.3466023752989855,4.290542362660254,6.339474140774993,0.0,1.089159131911238,6.218042973035585,0.12604775520593936,0.1272370619248145,0.022190239634065988,3.6917798041525183,2.8402617964158656,0.0,2.9096963119427133,0.6928735074639985,0.0,2.1814524453757853,0.0,0.0,0.0,0.05338941954463493,3.941679142504295,1.7722657408788358,1.0
0.0,0.01178185945991471,0.44995748362800353,0.08079408195824242,0.0,0.0,0.01321211142685117,0.0,0.0,0.0,0.0,0.05283319976294459,0.0,0.0,0.0,0.10447085776291738,0.0,0.0,0.0,0.1721034284401398,0.00963381939726868,0.0,0.06308871201928423,0.0,0.0,0.0,0.0,0.0,0.0,0.0,1.637888418674421,0.0,0.11569915343158636,0.0,0.0,0.0,0.0,0.0,0.0,0.0,0.7368213174481613,0.0,0.12684073527769343,0.012211083950874365,0.0,0.13303737874734972,0.0,0.0,0.0,0.0,0.2667565623046648,0.0,0.0,0.0,0.0,0.0,0.0,0.0,0.0,0.0,0.005471851210059492,0.0,0.9291092484544866,0.0,0.0,0.0,0.0,0.0,0.0,0.0,0.02389404265570102,0.0,0.0,0.0,4.466561867772516,0.2382977275122874,1.0126401807787704,1.5110631574824585,4.819315640574899,4.6966393192371365,6.4860916662028,0.0,0.8619553641448696,3.0251882974106636,0.04096254777849784,0.11889125217842651,0.06860202737867155,3.1419558855836445,3.115316292459778,0.0,1.8687262690266564,0.681943947305739,0.0,1.8608833630469033,0.0,0.0,0.0,0.033792988849303096,4.366308224407892,2.7971375216723926,2.0
0.020342179517185827,0.0,0.12816140091448883,0.045582760019634974,0.0,0.0,0.0,0.0,0.01178185945991471,0.0,0.0,0.12393100831963119,0.0,0.0,0.0,0.07066410077878965,0.0,0.0,0.0,0.14522093708562958,0.009777121611529915,0.0,0.05699963038556373,0.0,0.0,0.0,0.0,0.0,0.0,0.0,2.4266136434062164,0.0,0.1506896432473209,0.0,0.0,0.0,0.0,0.0,0.0,0.0,0.26183165875213665,0.0697021666300674,0.0,0.059908989018685105,0.0,0.0,0.0,0.0,0.0,0.0,0.5936884087300691,0.0,0.04306447866493742,0.0,0.0,0.0,0.0,0.0,0.0,0.0,0.04809665327294402,0.0,0.7758512310355415,0.0,0.0,0.0,0.07299755979995012,0.0,0.0,0.0,0.12353377229099427,0.0,0.0,0.0,3.361726256809456,1.0473987888754108,0.9704855729401226,1.4596414499286117,3.47752191218829,4.347056137712261,6.260620381526093,0.0,2.544856274889975,1.441058469993214,0.11968817451919586,0.2882994946573307,0.0553345017510994,3.46770987679961,2.933176031449231,0.0,2.5293712052539283,0.38438142271223613,0.0,1.9992062994398436,0.0,0.0,0.0,0.022758397578157615,2.9000649537988243,1.4435005670576921,5.0
0.0,0.022900402110078828,0.11968817451919586,0.0708014676002111,0.0,0.0,0.013069150019521303,0.0,0.0,0.04110277181912811,0.0,0.09207209450292904,0.0,0.0,0.0,0.10272531001108826,0.0,0.0,0.0,0.029558897449116415,0.03773362744651491,0.0,0.10379974315766799,0.03674947642786828,0.0,0.0,0.0,0.0,0.0,0.0,2.307137042204916,0.0,0.21362723851194745,0.0,0.0,0.0,0.0,0.0,0.0,0.0,0.30661222437539815,0.0,0.06364099264269589,0.023752135898994976,0.0,0.06681250989990178,0.0,0.0,0.0,0.0,0.6901041610445797,0.0,0.0211954245144897,0.0,0.0,0.0,0.0,0.0,0.0,0.0,0.0676387168753633,0.0,0.7716320812749756,0.0,0.0,0.0,0.0,0.0,0.0,0.0,0.04670058674162228,0.0,0.0,0.0,3.9954121561829594,1.2695119699049988,1.1154328261203466,1.848077054053145,3.4397693941566754,4.019497325424239,6.073445375165688,0.0,0.8453495381500936,4.433059590953164,0.09841955776554452,0.23915359984436965,0.022758397578157615,3.958118826718208,2.5652803330318386,0.0,2.8451287046767137,1.5886606740313172,0.0,1.6359865037456232,0.0,0.0,0.0,0.0,4.614468393312939,3.3774708428496476,5.0
0.0,0.0,0.07176266930009127,0.04446406651324603,0.0,0.0,0.0,0.0,0.0,0.0,0.0,0.0769694763151108,0.0,0.0,0.0,0.0,0.0,0.0,0.0,0.0,0.02361021518264534,0.0,0.09166598752181289,0.0,0.0,0.0,0.0,0.0,0.0,0.0,2.94136927826228,0.0,0.1331689334860438,0.0,0.0,0.0,0.0,0.0,0.0,0.0,0.4111007890854134,0.0,0.0,0.0,0.0,0.0,0.0,0.0,0.0,0.0,0.33445386232368096,0.0,0.0,0.0,0.0,0.0,0.0,0.0,0.0,0.0,0.04572253573460056,0.0,0.8840117375835215,0.0,0.0,0.0,0.0,0.0,0.0,0.0,0.1315894843281353,0.0,0.0,0.0,3.7015046997649126,0.4065366702051717,1.1816114603374122,1.7753877280904273,3.6282603383372987,4.215010671438311,6.069998545063593,0.0,0.7745867811831579,1.1214796419052768,0.32780231537652965,0.11156554495951766,0.045163351603224475,3.702413749437696,2.927460356471113,0.0,2.526269172065228,0.886901267686492,0.0,1.6692082251716382,0.0,0.0,0.0,0.02772025835592744,0.6113612639197509,4.650724356067549,2.0
0.0,0.0,0.21312950000747996,0.0,0.0,0.0,0.08868437153339145,0.0,0.0,0.0,0.0,0.018349309878891815,0.0,0.0,0.0,0.0,0.0,0.0,0.0,0.05144171138261017,0.03294716409912902,0.0,0.05436228844968911,0.0,0.0,0.0,0.0,0.0,0.0,0.0,1.553606256685873,0.0,0.05338941954463493,0.0,0.0,0.0,0.0,0.0,0.0,0.0,0.3145225217916148,0.0,0.0,0.0,0.0,0.5828449947769655,0.0,0.0,0.0,0.0,0.25326319925980556,0.0,0.0,0.0,0.0,0.0,0.0,0.0,0.0,0.0,0.0184917490398792,0.0,0.908121170406138,0.0,0.0,0.0,0.0,0.0,0.0,0.0,0.08065766334522519,0.0,0.0,0.0,4.727185309442332,0.36255404935075364,1.1602102798507896,1.6133430530038224,3.8057774003171594,4.409540289775527,6.453919186468083,0.0,1.831836715480891,0.01535483429346404,0.11968817451919586,0.03294716409912902,0.07066410077878965,3.483132148618384,3.1076543957232423,0.0,2.4090378569727187,0.05741561242724302,0.0,1.5137433845942605,0.0,0.0,0.0,0.0,5.562990294440821,2.1808480286271044,1.0
0.0,0.0,0.16272565284620308,0.03534238079219708,0.0,0.0,0.017066724189833377,0.0,0.0,0.0,0.0,0.05436228844968911,0.0,0.0,0.0,0.045862297908687955,0.0,0.0,0.0,0.0,0.018634174139050975,0.0,0.13474665536848754,0.0,0.0,0.0,0.0,0.0,0.0,0.0,3.1573671481114878,0.0,0.040261223064434574,0.0,0.0,0.0,0.0,0.0,0.0,0.0,0.05172011644732764,0.030265442857669595,0.0829750272577682,0.0,0.14077865578279591,0.0,0.0,0.0,0.0,0.0,0.21038886444540292,0.0,0.02786177535450958,0.0,0.0,0.0,0.0,0.0,0.0,0.0,0.02772025835592744,0.0,0.7821569101241264,0.0,0.0,0.0,0.0,0.0,0.0,0.0,0.02062665058995782,0.0,0.0,0.0,3.984133594540979,0.28000607830130464,1.05797006863733,1.4817122620033039,3.6282253369008535,4.464785873218546,5.750008830914044,0.0,1.3363405231703107,2.310718196784404,0.5851548472371252,0.4711354235588714,0.029841557136715123,3.8100831564055935,2.950580391308185,0.0,2.841329094569233,0.16169423543613154,0.0,1.5032978455560106,0.0,0.0,0.0,0.014640946881753174,3.327644255114428,2.826253562654871,2.0
0.0,0.0,0.08542465625267767,0.01106620140620535,0.0,0.0,0.0,0.0,0.0,0.0,0.0,0.0874628412503394,0.0,0.0,0.0,0.0,0.0,0.0,0.0,0.03604610015685955,0.05144171138261017,0.0,0.05311133645956253,0.0,0.0,0.0,0.0,0.0,0.0,0.0,1.8496390409801438,0.0,0.13053555675618825,0.0,0.0,0.0,0.0,0.0,0.0,0.0,0.307661669187727,0.08283881472489178,0.5801454844233804,0.028993411879548688,0.0,0.3001823099801158,0.0,0.0,0.0,0.0,0.22675512326982003,0.0,0.0,0.0,0.0,0.0,0.0,0.0,0.0,0.0,0.0697021666300674,0.0,0.9089665821155859,0.0,0.0,0.0,0.16877038350082046,0.013640910669386311,0.0,0.0,0.7203660313188074,0.0,0.0,0.006908369342177494,3.8065096673991903,0.9908822701410775,1.095586907997724,1.957283165344193,3.442545456105304,4.154567007643249,6.139866459879508,0.0,1.625925048499654,0.1426094872986651,0.08447251693690148,0.29148568597356145,0.08174865123416789,3.763900180762868,2.9108669490743013,0.0,3.3239032344315094,0.22946487314009217,0.0,1.2175409398625243,0.0,0.0,0.0,0.0404015152842066,1.3430666520989463,4.772413554748482,4.0
0.0,0.0,0.08215755908542595,0.04110277181912811,0.0,0.0,0.02389404265570102,0.0,0.0211954245144897,0.0,0.0,0.057138304393541776,0.0,0.0,0.0,0.0,0.0,0.0,0.0,0.05408439284237917,0.0,0.0,0.11209957977623511,0.0,0.0,0.0,0.0,0.0,0.0,0.0,2.3659444409971813,0.0,0.3535491357220443,0.0,0.0,0.0,0.0,0.0,0.0,0.0,0.10688428869154283,0.021337582965694914,0.0,0.0,0.05088474002509346,0.0,0.0,0.0,0.0,0.005615567406909804,0.3661403357705043,0.0,0.019630756335508422,0.0,0.0,0.0,0.0,0.0,0.0,0.0,0.05297227481398869,0.0,0.7555712844102348,0.0,0.0,0.0,0.0,0.010206942869257081,0.0,0.0,0.17107869605868292,0.0,0.0,0.0,4.164826495441854,0.8519189071952044,0.963400137716715,1.3762348084977416,2.2245960000211165,4.3811172176339275,5.788215870897127,0.0,1.3876933962533127,0.6671200598065821,0.1761950948634081,0.344033091528057,0.033511102361323694,4.024346277310123,2.673646872254548,0.0,3.094168494724983,1.2481097370980252,0.0,1.616734084956271,0.0,0.0,0.0,0.010206942869257081,2.8631058861760574,3.085203679910613,2.0
0.0,0.0,0.16992500144231237,0.16787170802916096,0.0,0.0,0.0,0.0,0.0,0.0,0.0,0.02062665058995782,0.0,0.0,0.0,0.22527492986956935,0.0,0.0,0.0,0.11290026153254981,0.0093471722592526,0.0,0.25047655250296924,0.0,0.0,0.0,0.0,0.0,0.0,0.0,3.4609915087566536,0.0,0.13408948092042317,0.0,0.0,0.0,0.0,0.0,0.0,0.0,0.0953168415347697,0.022758397578157615,0.0,0.0,0.0,0.0,0.0,0.0,0.0,0.0,0.74441946557514,0.017636903049498446,0.01049341924845273,0.0,0.0,0.0,0.0,0.0,0.0,0.0,0.0,0.0,0.9788545784290813,0.0,0.0,0.0,0.13737236369339767,0.0,0.0,0.0,0.023042392665863817,0.0,0.0,0.0,3.046124315497336,0.7201033171159711,1.1081564180593564,1.6983073935146265,3.3658464836348574,4.6669837700666585,6.406429525303858,0.0,1.242389096267312,1.1182932714036138,0.4216945811802921,0.34050530067398493,0.02687086472474519,3.494735604862796,3.2217224430961915,0.0,3.145400300714464,1.7519778065876357,0.0,2.6255744287587275,0.0,0.0,0.0,0.25168879947866285,1.4162993054798794,1.8928961236262114,0.0
0.0,0.0,0.47840237803727326,0.06626144226872127,0.0,0.0,0.042784398089239506,0.0,0.00963381939726868,0.0,0.0,0.03463831799900894,0.0,0.0,0.0,0.029134804053022843,0.0,0.0,0.0,0.024603367140657025,0.00791308164326493,0.0,0.10648233046998125,0.0,0.0,0.0,0.0,0.0,0.0,0.0,1.885183866320351,0.0,0.0756010848240282,0.0,0.0,0.0,0.0,0.0,0.0,0.0,0.1579491537836943,0.019203733973092663,0.05311133645956253,0.0,0.0,0.259423152281415,0.0,0.0,0.0,0.0,0.11490002395719036,0.0,0.0,0.0,0.0,0.0,0.0,0.0,0.0,0.0,0.004465436770300531,0.0,0.9663566325080073,0.0,0.0,0.0,0.0,0.0,0.0,0.0,0.006621180122379962,0.0,0.0,0.0,3.732323475946252,0.37684601401632034,0.859969548221026,1.0389979787975099,3.7646752381876127,4.684942135428582,5.708854893670958,0.0,0.826029786499739,0.2899524722153964,0.06612364246529363,0.7116711029181245,0.015212085068503288,3.6494890021632274,3.3143775025378623,0.0,2.7579406453946276,0.19949960366036198,0.0,1.4831579518080844,0.0,0.0,0.0,0.03674947642786828,3.337011693575841,1.1746620795335883,2.0
0.0,0.0,0.38526535935068074,0.2985410185165308,0.0,0.0,0.0,0.0,0.0,0.0,0.0,0.2016338611696504,0.0,0.0,0.0,0.0,0.0,0.0,0.0,0.04306447866493742,0.027578727474282683,0.0,0.08106688049188852,0.0,0.0,0.0,0.0,0.0,0.0,0.0,1.9209030292246319,0.0,0.13040376165803888,0.0,0.0,0.0,0.0,0.0,0.0,0.0,0.8103197034110774,0.0,0.17874650598181624,0.10151561549124423,0.0,0.8179506405141158,0.0,0.0,0.0,0.0,1.4786094684045117,0.026162654489675658,0.0,0.0,0.0,0.0,0.0,0.0,0.0,0.0,0.015497569395325591,0.0,1.3656365526017482,0.0,0.0,0.0,0.0,0.0,0.0,0.0,0.22428728989200136,0.0,0.0,0.0,4.148551829155484,0.05408439284237917,1.4039766232108797,3.0901251259132816,3.8889769830838916,2.655099907484676,5.980717682542062,0.0,0.5705600789363091,0.7145752388516257,0.2708279155536642,0.11076412189980747,0.07217441692431663,2.906371131884717,3.1100123832395377,0.0,2.721919445551544,1.6332451941685595,0.0,1.9155973835511542,0.0,0.0,0.0,0.016353683577834812,1.561497221019815,3.1772002516119597,1.0
0.0,0.0,0.15107947302881158,0.09774562163851885,0.0,0.0,0.0,0.0,0.0,0.02701246506258167,0.0,0.047677975144475616,0.0,0.0,0.0,0.023042392665863817,0.0,0.0,0.0,0.0,0.015497569395325591,0.0,0.08460857531780949,0.024177814301165258,0.0,0.0,0.0,0.0,0.0,0.0,1.5280211396115537,0.0,0.08324741374793612,0.0,0.0,0.0,0.0,0.0,0.007769594145917668,0.0,0.36982938015392897,0.045163351603224475,0.0,0.046421211248710355,0.0,0.08705543454337573,0.0,0.0,0.0,0.0,0.16053300876090848,0.0,0.0,0.0,0.0,0.0,0.0,0.0,0.0,0.0,0.041383179019406156,0.0,0.5206485358833348,0.0,0.0,0.0,0.0,0.0,0.0,0.0,0.010350188169567268,0.0,0.0,0.0,4.418797128640178,1.1284253890288374,1.0423641752480077,2.022900402110079,3.6193660547470357,4.49364092995247,5.710674209288093,0.0,0.41066673265765213,0.11609855223657987,0.03955955725570582,0.12141333091586493,0.020911065581689963,3.3091325217135665,2.6439946818511366,0.0,2.972931551873542,0.10567807789453719,0.0,0.5509006646475233,0.0,0.0,0.0,0.021906076733622215,1.3388522391451838,1.279233550817845,2.0
0.0,0.0,0.18966644665005042,0.07573798239407814,0.0,0.0,0.007482576331206196,0.0,0.0,0.0922074380970889,0.0,0.06502076994841134,0.0,0.0,0.0,0.07888304652198912,0.0,0.0,0.0,0.033792988849303096,0.008200013832136126,0.0,0.12816140091448883,0.0,0.0,0.0,0.0,0.0,0.0,0.0,1.5862603423168031,0.0,0.28912622017512163,0.0,0.0,0.0,0.0,0.0,0.006764781878422359,0.0,0.19320401398387493,0.039419183133397186,0.07258604706859655,0.013640910669386311,0.0,0.4063189706361923,0.0,0.0,0.044184257544003826,0.0,0.2624331576313475,0.0,0.012211083950874365,0.0,0.0,0.0,0.0,0.0,0.0,0.0,0.015212085068503288,0.0,0.6781620707350468,0.0,0.0,0.0,0.041383179019406156,0.0,0.0,0.0,0.22921874244924687,0.0,0.0,0.0,4.211783190505462,1.3267674246958798,0.9707800455728516,1.7325731212951982,2.520170776494976,4.6878725358845434,5.711150711243257,0.0,0.5166203466381661,4.4405336760606895,0.21088754922081027,0.49702469417753037,0.02856915219677092,3.9826285780025965,2.559124668517756,0.0,3.679581436476037,1.079429315002915,0.0,1.695771157805671,0.0,0.0,0.0,0.044184257544003826,4.267827903005083,4.243669080966862,2.0
0.0,0.0,0.05450121618256057,0.013926706042921726,0.0,0.0,0.01006368334469748,0.0,0.0,0.0,0.0,0.07915620661764354,0.0,0.0,0.0,0.053667449038825296,0.0,0.0,0.0,0.04530316795657215,0.021906076733622215,0.0,0.05741561242724302,0.02842770457266734,0.0,0.0,0.0,0.0,0.0,0.0,1.4723837896946428,0.0,0.3475522769900639,0.0,0.0,0.0,0.0,0.0,0.0,0.0,0.22848009832991745,0.0,0.0,0.0,0.0,0.15003969277415322,0.0,0.0,0.0,0.0,0.34346467615452897,0.0,0.0,0.0,0.0,0.0,0.0,0.0,0.0,0.0,0.032524065692199365,0.0,0.9867385764139018,0.0,0.0,0.0,0.0,0.008630305143440056,0.0,0.0,0.3494785145191087,0.0,0.0,0.0,4.868790460239561,0.798506794739972,1.0947090070868108,1.757279323490806,3.201398619974322,4.371454315705081,5.727062748827503,0.0,1.5943096729804087,6.976087489940605,0.061430600497748115,0.3805078193394459,0.03491998434915955,4.396454082316026,2.716727564815339,0.0,2.778355782667374,1.6127299329523723,0.0,2.153967427539336,0.0,0.0,0.0,0.12393100831963119,4.589278113409213,1.8457509669739889,0.0
0.03181862582635714,0.0,0.10608026022513196,0.0497701518163845,0.0,0.0,0.0,0.0,0.0,0.0,0.0,0.06598582949858534,0.0,0.0,0.0,0.0,0.0,0.0,0.0,0.023752135898994976,0.030124161455128837,0.0,0.05450121618256057,0.0,0.0,0.0,0.0,0.0,0.0,0.0,1.01278318469829,0.0,0.13724119171159266,0.0,0.0,0.0,0.0,0.0,0.004753055399819502,0.0,0.3410748829944983,0.03674947642786828,0.19408705211630226,0.06543444594863314,0.0,0.0,0.0,0.0,0.0,0.0,0.2808375686117713,0.0,0.0,0.0,0.0,0.0,0.0,0.0,0.0,0.0,0.08270258933024935,0.0,0.7534333879268804,0.0,0.0,0.0,0.0,0.0,0.0,0.0,0.07970237169737819,0.0,0.0,0.0,3.9696846714920886,1.3285492750097423,1.21555435487164,1.6434406337600098,3.667460727838317,4.450076295128036,5.842619369953072,0.0,1.2331518034392936,1.3393654609679444,0.024177814301165258,0.043204498565167566,0.06460697529739193,3.2195867445733164,2.6277002134276266,0.0,2.966873396759981,0.09558690799772399,0.0,0.859731066521022,0.0,0.0,0.0,0.008917094736053047,2.331074580257263,2.874895305767207,4.0
0.0,0.0,0.0615688492680028,0.06377902977057126,0.0,0.0,0.0,0.0,0.0,0.0,0.0,0.12128069979272926,0.0,0.0,0.0,0.16066208011334426,0.0,0.0,0.0,0.0,0.017066724189833377,0.0,0.04474382122439775,0.0,0.0,0.0,0.0,0.0,0.0,0.0,3.358311858451795,0.0,0.0,0.0,0.0,0.0,0.0,0.0,0.0,0.0,0.15924165973010634,0.0,0.344942090560028,0.0,0.30322547767208885,0.595599136829893,0.0,0.0,0.0,0.0,0.18561286234235091,0.010779838753242763,0.0,0.0,0.0,0.0,0.0,0.0,0.0,0.0,0.0,0.0,0.7644310869375373,0.0,0.0,0.0,0.0,0.0,0.0,0.0,0.2669963719862158,0.0,0.0,0.0,4.533606952327951,0.3754009289063572,1.493186171663102,1.5269201512516275,3.2552590048286505,4.262012134749398,5.929033478645857,0.0,2.0433445048771692,0.38537581335991344,0.550999138763864,0.3730634986331608,0.18573970940278245,4.38947732885635,2.784524921747731,0.0,3.4416295477167447,0.7000845494930924,0.0,2.8157393621666396,0.0,0.0,0.0,0.2686739245483581,0.5448809974104044,7.387210873408288,5.0
0.0,0.0,0.17248751551013405,0.040261223064434574,0.0,0.0,0.0,0.0,0.0,0.07313470463021537,0.0,0.06515867512854683,0.0,0.0,0.0,0.0,0.0,0.0,0.0,0.15328652099086262,0.025595835882683472,0.0,0.08854869701023801,0.0,0.0,0.0,0.0,0.0,0.0,0.0,1.1126334169852452,0.0,0.14391580307144475,0.0,0.1397314222437436,0.0,0.0,0.0,0.005328120695281701,0.0,0.5250665920782109,0.041383179019406156,0.21723071622066914,0.021479727410451392,0.0,0.06032413315110383,0.0,0.0,0.0,0.0,0.10608026022513196,0.0,0.019203733973092663,0.0,0.0,0.0,0.0,0.0,0.0,0.0,0.014355292977070054,0.0,0.815329493974193,0.0,0.0,0.0,0.0,0.0,0.0,0.0,0.11609855223657987,0.0,0.0,0.0,4.0467093163540975,0.7554858293507764,1.1027253100110879,1.9919707406609002,4.063994686345762,4.093695380233557,5.846092093674306,0.0,1.263935808575326,0.24659050290518097,0.518434423771075,0.02772025835592744,0.03280614508324148,3.765152805946044,2.919168436337706,0.0,2.784085142734757,0.9696017942361529,0.0,1.5021778197075497,0.0,0.0,0.0076260923761779465,0.08814159686901755,0.7802260968866142,3.302757715638036,4.0
0.0,0.0,0.19143631460532143,0.0578314745605733,0.0,0.0,0.0,0.0,0.0,0.0,0.0,0.1924466937350469,0.0,0.0,0.0,0.0,0.0,0.0,0.0,0.0,0.03674947642786828,0.0,0.07217441692431663,0.0,0.0,0.0,0.0,0.0,0.0,0.0,1.6851776838860786,0.0,0.11649784050174836,0.0,0.0,0.0,0.0,0.0,0.0,0.0,0.4833643607133495,0.0,0.15988747873050047,0.07587486697512764,0.0,0.1676148407551113,0.0,0.0,0.0,0.0,0.2325379690085176,0.0,0.0,0.0,0.0,0.0,0.0,0.0,0.0,0.0,0.027437182706851134,0.0,0.8735769942969629,0.0,0.0,0.0,0.0,0.0,0.0,0.0,0.07011450266132818,0.0,0.0,0.0,4.319928577269932,0.30754510189958634,1.2365232322748616,1.4055023045535386,4.166153037737056,3.651465060979294,6.036771451411622,0.0,1.0392787953513676,1.9990980337056075,0.10218779322361488,0.03969991772095141,0.05283319976294459,3.3663362039480806,2.526068811667588,0.0,2.527495772703096,0.0966666685801791,0.0,0.869239718776284,0.0,0.0,0.0,0.11196608960349229,2.5062210862369314,3.288949104584587,2.0
0.02318436924826338,0.0,0.681494243414785,0.01049341924845273,0.0,0.0,0.0,0.0,0.0,0.0,0.0,0.07189993156563308,0.0,0.0,0.0,0.0,0.0,0.0,0.0,0.22527492986956935,0.01106620140620535,0.0,0.07189993156563308,0.0,0.0,0.0,0.0,0.0,0.0,0.0,0.7170347779973114,0.0,0.16414264884830632,0.0,0.0,0.0,0.0,0.0,0.0,0.0,0.6778013744294267,0.02687086472474519,0.0,0.09450633868149234,0.0,0.07751646970209519,0.0,0.0,0.0,0.0,0.11276684542842838,0.0,0.0,0.0,0.0,0.0,0.0,0.0,0.0,0.0,0.15289728719897241,0.0,0.7382057786984256,0.0,0.0,0.0,0.0,0.0,0.0,0.0,0.009203827329839744,0.0,0.0,0.0,4.052163713504371,1.5882289089481045,1.0542928195660406,1.941707308680967,3.9856825772707083,4.504715721525371,5.877430159697745,0.0,0.6965280456806738,1.406482248392574,0.03520159571856608,0.03562390973072122,0.010636636108736996,5.197275677732149,2.6380506611706154,0.0,3.243897530209781,0.6844597018913462,0.0,0.928048108836801,0.0,0.0,0.0,0.012926174444270048,1.4567010310082051,3.157205438192483,4.0
0.0,0.0,0.6786128143388287,0.0,0.0,0.0,0.027578727474282683,0.0,0.0,0.0,0.0,0.1290851480566105,0.0,0.0,0.0,0.07368315361643984,0.0,0.0,0.0,0.0,0.01006368334469748,0.0,0.026729250487489024,0.07724299893246035,0.0,0.0,0.0,0.0,0.0,0.0,1.10091038764691,0.0,0.0,0.0,0.0,0.0,0.0,0.0,0.0,0.0,0.6445946606032557,0.0,0.36524459958906297,0.0,0.11529964402554728,0.26531686651028885,0.0,0.0,0.0,0.0,0.10339692449223131,0.0,0.0,0.0,0.0,0.0,0.0,0.0,0.0,0.0,0.0,0.0,0.6543438800530379,0.0,0.0,0.0,0.0,0.0,0.0,0.0,0.2747685657998658,0.0,0.0,0.0,3.6499487923147225,0.0,0.6719273848147366,1.2599051753533528,5.535754380728666,3.8353986274436425,6.632352564155042,0.0,0.8092497906131576,0.6269530417706652,0.021479727410451392,0.3580586183054919,0.009777121611529915,2.2102018132048844,3.5553499027587083,0.0,1.2273714225832588,0.4902620487905717,0.0,2.4375207232941913,0.0,0.0,0.0,0.06983962506863442,3.6796827663290737,5.682376654949794,3.0
0.018776585179183593,0.0,0.48264180030857534,0.05018822331147818,0.0,0.0,0.012211083950874365,0.0,0.010923027184791876,0.0,0.0,0.07724299893246035,0.0,0.0,0.0,0.0966666685801791,0.0,0.0,0.0,0.0,0.01335505866906758,0.0,0.08093048767298393,0.0,0.0,0.0,0.0,0.0,0.0,0.0,2.1717192390878477,0.0,0.29018845733752047,0.0,0.0,0.0,0.0,0.0,0.0,0.0,0.177343788281726,0.0,0.17248751551013405,0.02233230009805639,0.0,0.5313689830998399,0.0,0.0,0.0,0.0,0.24768451276238293,0.0,0.0,0.0,0.0,0.0,0.0,0.0,0.0,0.0,0.029700234215419886,0.0,0.5936884087300691,0.0,0.0,0.0,0.06736336711961023,0.0,0.0,0.0,0.14795788138710142,0.0,0.0,0.0,4.1399851188835095,0.7384652173397763,1.13284002414397,2.1224408089046753,3.3856243039661065,4.4908973951354865,5.765868861301807,0.0,1.285579770402795,4.3600903210960755,0.046979908144409395,0.12644429972469104,0.03407482027057225,3.041873760515291,2.7033886781627166,0.0,2.8729863148948467,1.3674828981388678,0.0,1.5164690705288135,0.0,0.0,0.0,0.01049341924845273,1.5265195834384442,1.7174296702723395,3.0
0.0,0.0,0.18599337006996583,0.02715405150372665,0.0,0.0,0.15003969277415322,0.0,0.0,0.0,0.0,0.04711954856855063,0.0,0.0,0.0,0.20012765427360202,0.0,0.0,0.0,0.12974460550781922,0.014355292977070054,0.0,0.13697881196350373,0.10849100259224341,0.0,0.0,0.0,0.0,0.0,0.0,2.157561176091188,0.0,0.0822938359514309,0.0,0.0,0.0,0.0,0.0,0.0,0.0,0.1715911532316011,0.0,0.42330923724238684,0.0,0.0,0.2810750492774744,0.0,0.0,0.0,0.0,0.3634514570717129,0.0,0.0,0.0,0.0,0.0,0.0,0.0,0.0,0.0,0.03181862582635714,0.0,0.59741198755465,0.0,0.0,0.0,0.10688428869154283,0.0,0.0,0.0,0.430499386222592,0.0,0.0,0.0,3.5477212652130423,0.8159032768450967,0.8505594206227717,1.5945007774004503,2.8647507285357534,4.755897035396667,5.895491671804378,0.0,2.0382605751753498,0.20976526597410353,0.523762664883281,0.3420995648327843,0.054640130538345405,3.977435634561344,2.5375694200978307,0.0,3.341331121692059,1.3950079431499258,0.0,2.4031586297428644,0.0,0.0,0.0,0.09828479572342246,1.6806394196398533,3.639475293610927,4.0
0.0,0.0,0.05921681655379864,0.1747898930478148,0.0,0.0,0.01335505866906758,0.0,0.011924948479708557,0.19887127951781905,0.0,0.05311133645956253,0.0,0.0,0.0,0.0709388213434375,0.0,0.0,0.0,0.0,0.009777121611529915,0.0,0.14782766837732017,0.11022959242318889,0.0,0.0,0.0,0.0,0.0,0.0,3.298687638336457,0.0,0.09855430722072947,0.0,0.0,0.0,0.0,0.0,0.0,0.0,0.19232043503449908,0.0,0.0,0.02431967919541289,0.0,0.13369503251307496,0.0,0.0,0.0,0.0,0.4835707400915555,0.0,0.02176397429165667,0.0,0.0,0.0,0.0,0.0,0.0,0.0,0.02701246506258167,0.0,1.1573024663189737,0.0,0.0,0.0,0.0,0.0,0.0,0.0,0.07107616201095888,0.0,0.0,0.0,3.6993073131073797,0.47279967180789717,1.0592860487461908,1.8433809207097935,3.30891417306228,4.362750404994704,6.310887208409275,0.0,1.2531421525641866,3.742351208785733,0.42201765699418015,0.9906644774561667,0.1087586143609367,3.995195046319361,3.0896506833694564,0.0,2.6430480542527555,1.7160690304821808,0.0,2.094506338681492,0.0,0.0,0.0,0.045163351603224475,3.582568045493357,1.7077014726757014,1.0
0.0,0.0,0.3745109257683911,0.08338358771008252,0.0,0.0,0.013640910669386311,0.0,0.0,0.0,0.0,0.06515867512854683,0.0,0.0,0.0,0.10768786931437331,0.0,0.0,0.0,0.12061736121794181,0.005040616700530137,0.0,0.1211480564753105,0.0,0.0,0.0,0.0,0.0,0.0,0.0,1.4979444218777427,0.0,0.07025192182044421,0.0,0.0,0.0,0.0,0.0,0.006190289072069835,0.0,0.3538878362849074,0.048236185652847624,0.0,0.0,0.0,0.13711000780235091,0.0,0.0,0.0,0.0,0.15055967657538138,0.0,0.0,0.0,0.0,0.0,0.0,0.0,0.0,0.0,0.01663894211378915,0.0,1.1394040058065786,0.0,0.0,0.0,0.0,0.0,0.0,0.0,0.08854869701023801,0.0,0.0,0.0,4.6422163566065855,0.1323794250528661,0.9853546961726444,1.5512452946519337,4.108424091893027,4.362617166579415,6.404518288582811,0.0,1.1493894493589498,3.403540417745252,0.06281249240502118,0.04446406651324603,0.028710585954140094,3.4337072774958544,3.0623980637984785,0.0,2.3844366846217633,0.6729231273138592,0.0,1.7003065401443924,0.0,0.0,0.0,0.023326331860027503,3.3806740444043504,1.4780398983495668,2.0
0.0,0.0,0.12432813500220177,0.020911065581689963,0.0,0.0,0.015069321717648201,0.0,0.0,0.0,0.0,0.07189993156563308,0.0,0.0,0.0,0.11875838897983478,0.0,0.0,0.0,0.13290581201150653,0.0,0.0,0.1469158480872752,0.0,0.0,0.0,0.0,0.0,0.0,0.0,0.9212077971245535,0.0,0.263875732577862,0.0,0.0,0.0,0.0,0.0,0.0,0.0,0.33250744595803683,0.0,0.0,0.04124298223188134,0.06405506441044337,0.07751646970209519,0.0,0.0,0.0,0.0,0.05741561242724302,0.0,0.0,0.0,0.0,0.0,0.0,0.0,0.0,0.0,0.0184917490398792,0.0,0.8305798534775406,0.0,0.0,0.0,0.0,0.0,0.0,0.0,0.13999330190336454,0.0,0.0,0.0,4.461855931332252,1.1770886021059677,1.0865120465742815,1.8841289933202174,2.8699700823544134,4.42723740712792,6.055065472565087,0.0,0.4404207207567671,1.653426951688062,0.13566619696904392,0.06515867512854683,0.01592568999025421,4.102641336213116,2.6731040975901736,0.0,3.632826570034337,1.3765682254257077,0.0,0.8557505567646467,0.0,0.0,0.0,0.012926174444270048,1.777451278234363,2.8687065173096067,2.0
0.02828624307910998,0.0,0.262914176237417,0.025454096427749127,0.0,0.0,1.5361026474873618,0.0,0.0,0.0,0.0,0.07299755979995012,0.0,0.0,0.0,0.0,0.0,0.0,0.0,0.0,0.026729250487489024,0.0,0.07011450266132818,0.051859298835249854,0.0,0.0,0.0,0.0,0.0,0.0,1.016781550233402,0.0,0.05199846779700237,0.0,0.0,0.0,0.0,0.0,0.0,0.0,0.2834477083779797,0.0326651122818301,0.17351124806392174,0.0,0.0,0.1819294376900668,0.0,0.0,0.0,0.0,0.3828332292038235,0.0,0.0,0.0,0.0,0.0,0.0,0.0,0.0,0.0,0.029841557136715123,0.0,1.0524158941511386,0.0,0.0,0.0,0.0,0.01578299724092746,0.0,0.0,0.11822681379294767,0.0,0.0,0.0,4.188851894136825,0.37428833916903126,1.6591938949069482,1.5144000390366161,3.43425457961413,3.5747918015028004,5.640886955350646,0.0,0.96266006637552,0.012354130407874092,0.5561105525814631,0.08854869701023801,0.032241931137493844,3.025347782697271,2.4892860226258766,0.0,3.6010427585983504,0.17810907609432516,0.0,0.4303923335723079,0.0,0.0,0.0,0.0,0.23413339561248245,6.082551449231291,3.0
0.0,0.01006368334469748,0.08420036167465528,0.03153635326805325,0.0,0.0,0.011495638837829437,0.0,0.0,0.0,0.0,0.04572253573460056,0.0,0.0,0.0,0.06115406320710068,0.0,0.0,0.0,0.026162654489675658,0.01663894211378915,0.0,0.08651204657428184,0.0,0.0,0.0,0.0,0.0,0.0,0.0,1.7277897894726855,0.0,0.30497823580396105,0.0,0.0,0.0,0.0,0.0,0.0,0.0,0.15094954147192735,0.020342179517185827,0.11022959242318889,0.01049341924845273,0.0,0.0,0.0,0.0,0.0,0.0,0.20614306969137305,0.0,0.0,0.0,0.0,0.0,0.0,0.0,0.0,0.0,0.02786177535450958,0.0,1.1484135343918238,0.0,0.0,0.0,0.0,0.0,0.0,0.0,0.027578727474282683,0.0,0.0,0.0,4.172455512159588,1.3676506306219627,1.1179609527324166,1.6953702916427051,3.3988155043040247,4.092063635106699,5.720283938269383,0.0,0.6050201530624095,5.572628989884802,0.06997707041155635,1.2960168225332225,0.06336487875842937,3.8023793591317343,2.999621242837714,0.0,2.697573678432746,0.8510393857087252,0.0,0.9379469587418003,0.0,0.0,0.0,0.0,5.545607032506711,0.3211199593653933,0.0
0.0,0.0,0.10500752476097375,0.07327183642451936,0.0,0.0,0.0,0.0,0.0,0.0,0.0,0.04781754802136954,0.0,0.0,0.0,0.03238300531165298,0.0,0.0,0.0,0.027295624050907505,0.026162654489675658,0.0,0.0959919129246028,0.0,0.0,0.0,0.0,0.0,0.0,0.0,1.7861362988203386,0.0,0.18281940161220564,0.0,0.0,0.0,0.0,0.0,0.0,0.0,0.22255729134872834,0.021337582965694914,0.2723815780930465,0.0,0.0,0.0,0.0,0.0,0.0,0.0,0.27655621838606215,0.0,0.0,0.0,0.0,0.0,0.0,0.0,0.0,0.0,0.04348449760357947,0.0,0.878450703096664,0.0,0.0,0.0,0.0,0.010206942869257081,0.0,0.0,0.17785402525994942,0.0,0.0,0.0,3.7099853444848736,0.7170347779973114,0.8650477892259502,1.7735322257505557,3.44235966663578,3.8676988209974983,5.480452556814502,0.0,0.6880460440299789,1.7775354421080787,0.0997664862929298,0.06873959067230509,0.0418036876570852,4.192793848197653,2.9194545018338394,0.0,3.1029939933233255,2.303342394487331,0.0,1.103061156333551,0.0,0.0,0.0,0.13776580809587857,0.9639179618620627,3.6847514251723203,5.0
0.021053252054075176,0.0,0.22428728989200136,0.05630606033187654,0.0,0.0,0.0,0.0,0.0,0.0,0.0,0.05477903151961949,0.0,0.0,0.0,0.1426094872986651,0.0,0.0,0.0,0.03125402547050081,0.025028794491522444,0.0,0.10326262660608464,0.0,0.0,0.0,0.0,0.0,0.0,0.0,2.1132004026639475,0.0,0.18485154568041529,0.0,0.0,0.0,0.0,0.0,0.0,0.0,0.16053300876090848,0.0,0.0,0.025170575734906053,0.0,0.32238968345021496,0.0,0.0,0.0,0.0,0.4472088881558103,0.0,0.0,0.0,0.0,0.0,0.0,0.0,0.0,0.0,0.005615567406909804,0.0,0.9961717835115194,0.0,0.0,0.0,0.07546417426251252,0.01178185945991471,0.0,0.0,0.057276965073247615,0.0,0.0,0.0,4.104806298030626,1.142086629617527,0.924859998957002,1.9218932895941194,3.2705737923066054,4.5303891690234765,6.256480451104128,0.0,1.1190241031422743,3.7656514302136923,0.2912499129642299,0.8961555758850275,0.05241589415113853,3.9630486511656775,2.8447471854041346,0.0,2.765746891799855,1.6895228168483913,0.0,2.151923743035645,0.0,0.0,0.0,0.046560905757741196,4.823326474577309,2.552131108253784,4.0
0.0,0.0,0.1624678676153039,0.016924144257821412,0.0,0.0,0.9940003576938746,0.0,0.0,0.0,0.0,0.03899797879750991,0.0,0.0,0.0,0.06488285158485439,0.0,0.0,0.0,0.02772025835592744,0.0,0.0,0.04096254777849784,0.0,0.0,0.0,0.0,0.0,0.0,0.0,1.1977396060063557,0.0,0.057138304393541776,0.0,0.0,0.0,0.0,0.0,0.0,0.0,0.125915549474723,0.021621857851518895,0.05963215988209959,0.03322916078511099,0.0,0.0,0.0,0.0,0.0,0.0,0.17708860210596758,0.0,0.00992040959306388,0.0,0.0,0.0,0.0,0.0,0.0,0.0,0.03449746419944489,0.0,0.677440587921541,0.0,0.0,0.0,0.0,0.01049341924845273,0.0,0.0,0.2189671100489566,0.0,0.0,0.0,4.34044120858849,0.49508111918390363,0.8833080029624838,1.553213031228527,3.021604092312118,4.525511412950229,6.466209454512064,0.0,0.7523204284596702,3.1556359106187144,0.11009592910342043,0.5577776713949258,0.025595835882683472,3.5107973920407223,3.141808784381285,0.0,2.714223533574192,1.3299272621794682,0.0,1.5411183040246939,0.0,0.0,0.0,0.0,4.204852809071822,2.393471117395131,2.0
0.0,0.00992040959306388,0.252173413202027,0.06087747289933462,0.0,0.0,0.011209361420303354,0.0,0.0,0.0,0.0,0.07066410077878965,0.0,0.0,0.0,0.030124161455128837,0.0,0.0,0.0,0.2788174030747215,0.03238300531165298,0.0,0.05325038470225017,0.03153635326805325,0.0,0.0,0.0,0.0,0.0,0.0,3.1509820254582137,0.0,0.1611782500798127,0.0,0.0,0.0,0.0,0.0,0.0,0.0,0.30859386858427595,0.0,0.5494227457466635,0.040541793862846835,0.09342495941910291,0.05741561242724302,0.0,0.0,0.0,0.0,0.5513929680274544,0.0,0.01820685665331186,0.0,0.0,0.0,0.0,0.0,0.0,0.0,0.040541793862846835,0.0,0.7935213781303978,0.0,0.0,0.0,0.0,0.0,0.0,0.0,0.10433665981473553,0.0,0.0,0.0,3.783697607265535,0.7360419737499677,1.1182932714036138,1.4216407281766505,3.280065486361635,4.771114386062824,5.965267130079795,0.0,1.1599520447329228,0.46529538939579645,0.4907754816729219,0.16040392586001362,0.10259094958809113,4.401084301505006,2.711450854220555,0.0,2.8238104901589582,1.6083361503476612,0.0,3.6049015835089517,0.0,0.0,0.007339046008161997,0.019061365093430198,1.8707000763734603,6.247680715551959,3.0
0.0,0.0,0.08787013294105718,0.05588975819628299,0.0,0.0,0.0,0.0,0.0,0.0,0.0,0.10245657665073399,0.0,0.0,0.0,0.16800012451782012,0.0,0.0,0.0,0.07327183642451936,0.017921907997262315,0.0,0.12194373351040128,0.0,0.0,0.0,0.0,0.0,0.0,0.0,1.729008870337863,0.0,0.1694119519913547,0.0,0.0,0.0,0.0,0.0,0.0,0.0,0.2747685657998658,0.028993411879548688,0.15484240686923262,0.0,0.0,0.08338358771008252,0.0,0.0,0.0,0.0,0.31521841136579,0.0,0.02658762234808418,0.0,0.0,0.0,0.0,0.0,0.0,0.0,0.03308816933218775,0.0,1.042013896022044,0.0,0.0,0.0,0.08936255282773453,0.0,0.0,0.0,0.048794180260804905,0.0,0.0,0.0,4.378234155219239,0.8244012785484163,1.202511756210103,1.8821343485542175,3.4766020284733004,4.21008489386292,5.997823044750738,0.0,0.8431798902571742,2.2741125377837754,0.13422093976063337,0.101246656683439,0.0398402645317911,3.6853234803276376,2.841671268305535,0.0,2.7886439532786667,1.555079898326656,0.0,1.5716768099709313,0.0,0.0,0.0,0.014069582501655862,4.5325289214249125,2.4048486386752366,4.0
0.0,0.0,0.2189671100489566,0.05575096411845322,0.0,0.0,0.020342179517185827,0.0,0.0,0.0,0.0,0.040822310107341116,0.0,0.0,0.0,0.08106688049188852,0.0,0.0,0.0,0.15536066283920233,0.011209361420303354,0.0,0.10057404021319741,0.08501667348871386,0.0,0.0,0.0,0.0,0.0,0.0,2.234348029902672,0.0,0.18713429147453553,0.0,0.0,0.0,0.0,0.0,0.0,0.0,0.17747136444495093,0.0,0.0,0.0,0.0,0.05255500943410528,0.0,0.0,0.0,0.0,0.11889125217842651,0.0,0.0,0.0,0.0,0.0,0.0,0.0,0.0,0.0,0.00417776078910997,0.0,1.1500396927741532,0.0,0.0,0.0,0.0,0.0,0.0,0.0,0.054640130538345405,0.0,0.0,0.0,4.399130068732992,1.0874628412503393,0.7762724681668848,1.1753010339002434,3.588660674031317,4.288181352329058,6.289935878058935,0.0,0.5543432656627643,5.237705197058131,0.22144405295439856,0.2992446577960727,0.03562390973072122,4.092596480219006,3.0225453645690012,0.0,2.5865966292694664,0.7302269219463682,0.0,1.6452405126452654,0.0,0.0,0.0,0.0174943794592725,5.047634355851149,0.6418234437679071,5.0
0.01592568999025421,0.009203827329839744,0.07121348960526455,0.05644480101966811,0.0,0.0,0.09044698023265137,0.0,0.0,0.0959919129246028,0.0,0.10514166032342377,0.0,0.0,0.0,0.08215755908542595,0.0,0.0,0.0,0.2199583975849177,0.022616379067348553,0.0,0.13435238662336282,0.0,0.0,0.0,0.0,0.0,0.0,0.0,1.3707780627408692,0.0,0.39517250599577874,0.0,0.0,0.0,0.0,0.0,0.004753055399819502,0.0,0.27512627356835534,0.018349309878891815,0.19320401398387493,0.009490502947452436,0.0,0.10473921621623744,0.0,0.0,0.0,0.0,0.3529844580206443,0.0,0.008486888965491164,0.0,0.0,0.0,0.0,0.0,0.0,0.0,0.0862402758207441,0.0,0.6429325693584863,0.0,0.0,0.0,0.0,0.008917094736053047,0.0,0.0,0.17683337078449007,0.0,0.0,0.0,3.7646858525221334,1.6275601482142463,1.0986890440913284,1.3473254916338022,3.375108957143468,4.836671495688693,6.031388579202625,0.0,0.6830226650636829,1.2957230245399685,0.008056554871058458,0.7909388137758194,0.02176397429165667,3.692103537434999,3.0418387245116247,0.0,3.650385457271331,0.8661562756737902,0.0,1.1306014497905639,0.0,0.0,0.0,0.008917094736053047,0.6345932684457567,3.6377261579307194,5.0
0.0,0.0,0.14899916258776436,0.025737561413608275,0.0,0.0,0.11982095212187471,0.0,0.0,0.0,0.0,0.0398402645317911,0.0,0.0,0.0,0.0663992289113826,0.0,0.0,0.0,0.21250708529447856,0.02715405150372665,0.0,0.07669590183038302,0.0,0.0,0.0,0.0,0.0,0.0,0.0,1.1787465059818163,0.0,0.13619138628714403,0.0,0.0,0.0,0.0,0.0,0.0,0.0,0.2467121005318611,0.022190239634065988,0.06087747289933462,0.011352507229905218,0.0,0.06405506441044337,0.0,0.0,0.0,0.0,0.21088754922081027,0.017066724189833377,0.0,0.0,0.0,0.0,0.0,0.030971642412075527,0.0,0.0,0.040261223064434574,0.0,1.0223323000980564,0.0,0.0,0.0,0.0,0.0,0.0,0.0,0.09504672450704019,0.0,0.0,0.0,3.648661010438875,0.743816530237774,1.0368197951976963,2.1008431244331116,3.471512648045499,4.473169965908273,5.95288565504274,0.0,1.2229281800026126,0.8367320804591358,0.13920752027125408,0.2848694330960322,0.11009592910342043,4.044936121125317,2.897918042609179,0.0,3.0788147484160335,0.9951588581653732,0.0,2.2469552650429523,0.0,0.0,0.008200013832136126,0.06295060882280785,4.491859508293385,1.7786291258955675,2.0
0.0,0.0,0.5070080777531,0.030265442857669595,0.0,0.0,0.0,0.0,0.0,0.0,0.0,0.127501219215837,0.0,0.0,0.0,0.08691960673732627,0.0,0.0,0.0,0.16632981792063128,0.01592568999025421,0.0,0.04711954856855063,0.0,0.0,0.0,0.0,0.0,0.0,0.0,1.542654272102036,0.0,0.13014013533644853,0.0,0.0,0.0,0.0,0.0,0.0,0.0,0.7481176932855677,0.019488429591360157,0.10554399219892611,0.04963076772460043,0.04670058674162228,0.0,0.0,0.0,0.0,0.0,0.29959634878409525,0.0,0.008917094736053047,0.0,0.0,0.0,0.0,0.0,0.0,0.0,0.0,0.0,0.6318958590538042,0.0,0.0,0.0,0.0,0.0,0.0,0.0,0.05227676545235779,0.0,0.0,0.0,4.317173803097363,0.18573970940278245,1.0423641752480077,1.6128242760756657,4.681426775739187,4.72700555031056,6.699078226071852,0.0,1.7283123788436094,4.055898432382814,0.19232043503449908,0.08011185986159819,0.09369538023355704,3.4180549841923686,3.2861566620464626,0.0,1.9884847403761927,0.6592852480835428,0.0,1.8497991491889354,0.0,0.0,0.0,0.03717133764464353,2.819749920276789,2.3420426571531174,2.0
0.018634174139050975,0.010779838753242763,0.14535138557262012,0.025170575734906053,0.0,0.0,0.0,0.0,0.0,0.038295698181544525,0.0,0.038857550020362105,0.0,0.0,0.0,0.0647449200353551,0.0,0.0,0.0,0.0,0.030830430153274503,0.0,0.08596845386216505,0.0,0.0,0.0,0.0,0.0,0.0,0.0,2.4474469544624533,0.0,0.12234140752611963,0.0,0.0,0.0,0.0,0.0,0.0,0.0,0.15937084666020285,0.0,0.05935527761642124,0.04404433270602122,0.0,0.0,0.0,0.0,0.0,0.0,0.7750083876155949,0.0,0.00992040959306388,0.0,0.0,0.0,0.0,0.0,0.0,0.0,0.029558897449116415,0.0,0.7534333879268804,0.0,0.0,0.0,0.0,0.0,0.0,0.0,0.5199444141830253,0.0,0.0,0.0,4.135666196969044,0.8362473310428413,0.9393770465477953,1.789604066331577,3.743094829930868,4.23489213803825,6.200682858807911,0.0,4.0201999229434975,0.03238300531165298,0.2679552122912712,0.09058247636244234,0.054640130538345405,3.4829644166353164,2.8771749110082756,0.0,2.90325041554979,0.12816140091448883,0.0,1.3475522769900639,0.0,0.0,0.00791308164326493,0.10084312443311183,1.5086821794705447,4.357369017057343,5.0
0.0,0.0,0.17887395816979543,0.1686420355588392,0.0,0.0,0.0,0.0,0.0,0.0,0.0,0.02431967919541289,0.0,0.0,0.0,0.08011185986159819,0.0,0.0,0.0,0.10057404021319741,0.04893364519792244,0.0,0.10621429609096804,0.0,0.0,0.0,0.0,0.0,0.0,0.0,1.8775086886714947,0.0,0.11116488907888972,0.0,0.0,0.0,0.0,0.0,0.0,0.0,0.045862297908687955,0.0,0.21038886444540292,0.027578727474282683,0.12525433903146602,0.47009429264777897,0.0,0.0,0.0,0.0,0.5200450240398177,0.0,0.04893364519792244,0.0,0.0,0.0,0.0,0.0,0.0,0.0,0.048654701840346405,0.0,0.5016174805429828,0.0,0.0,0.0,0.37317489075311644,0.0,0.0,0.0,0.1397314222437436,0.0,0.0,0.0,4.760274181463688,0.45554422477574164,0.800247628453575,2.0930530480157294,3.4184868237678194,3.8991176120870703,6.351274961221699,0.0,0.6916234931159341,0.13606010688026618,0.12446048627433613,0.2251515118412731,0.0211954245144897,5.217568081257632,1.9630671525928958,0.0,2.9173744665607666,0.06818925877896807,0.0,1.5089356618643954,0.0,0.0,0.00992040959306388,0.05116325258211458,4.187712330785904,4.9156547429898065,4.0
0.0,0.0,0.19408705211630226,0.15975833805629805,0.0,0.0,0.0,0.0,0.0,0.0,0.0,0.048375704538976265,0.0,0.0,0.0,0.06460697529739193,0.0,0.0,0.0,0.13303737874734972,0.02644598030380087,0.0,0.0802483300921203,0.0,0.0,0.0,0.0,0.0,0.0,0.0,1.071350804128843,0.0,0.20989000723403933,0.0,0.0,0.0,0.0,0.0,0.0,0.0,0.4604804700400108,0.0,0.1712068274181424,0.03308816933218775,0.0,0.3390233333727542,0.0,0.0,0.0,0.0,0.7142235335741918,0.0,0.0,0.0,0.0,0.0,0.0,0.0,0.0,0.0,0.039138393906958314,0.0,0.6640276597201467,0.0,0.0,0.0,0.0,0.0,0.0,0.0,0.0994972011701899,0.0,0.0,0.0,3.8933039581056987,0.44222694522181843,1.2169824892687682,1.2287879126733774,4.294958869632557,3.2552590048286505,5.765699161796348,0.0,1.1187583889798345,2.2604472588736853,0.06488285158485439,0.05450121618256057,0.046281503211910255,3.2720530582143894,2.3813387532082255,0.0,2.7578766597478963,1.0025225097687107,0.0,0.6600158653256635,0.0,0.0,0.00791308164326493,0.0,1.6306384460554397,2.9519607287811294,4.0
0.0,0.0,0.21362723851194745,0.10232219119668602,0.0,0.0,0.14522093708562958,0.0,0.0,0.0,0.0,0.09558690799772399,0.0,0.0,0.0,0.04096254777849784,0.0,0.05450121618256057,0.0,0.0,0.005615567406909804,0.0,0.02927618237063207,0.04292444517384094,0.0,0.0,0.0,0.0,0.0,0.0,2.0063339337220505,0.0,0.06405506441044337,0.0,0.0,0.0,0.0,0.0,0.0,0.0,0.276913483245923,0.05352844098929936,0.14469902515413874,0.0550567933689351,0.0,0.07778988864366763,0.0,0.0,0.0,0.0,0.2748878115775829,0.0,0.0,0.0,0.0,0.0,0.0,0.0,0.0,0.0,0.024745190197137796,0.0,0.7629015479359811,0.0,0.0,0.0,0.0,0.0,0.0,0.0,0.27643711043628233,0.0,0.0,0.0,4.617357261591324,0.4901593402837196,1.181484249770282,1.3837734019584316,3.5918947999179647,4.756185343759116,6.38786051832215,0.0,1.0764906869170352,1.3831098142089628,0.3287215954018278,0.10232219119668602,0.05797006863732994,4.441656103970489,3.1164812056968603,0.0,2.803970928019085,1.2766157686736022,0.0,2.255107904058616,0.0,0.0,0.0,0.0,0.9018033502507437,4.853481732731798,5.0
0.0,0.010923027184791876,0.2630344058337938,0.05949372539167156,0.0,0.0,0.01249716268290215,0.0,0.01106620140620535,0.0,0.0,0.07860983469636647,0.0,0.0,0.0,0.06626144226872127,0.0,0.0,0.0,0.0,0.03153635326805325,0.0,0.0822938359514309,0.06956469509335926,0.0,0.0,0.0,0.0,0.0,0.0,2.1960719139774025,0.0,0.19446533163799662,0.0,0.14795788138710142,0.0,0.0,0.0,0.005615567406909804,0.0,0.23020301336642146,0.0439043942956211,0.11928976837475146,0.022758397578157615,0.0,0.18383583144967966,0.0,0.0,0.0,0.0,0.3627784536195042,0.0,0.030406710426045758,0.0,0.0,0.0,0.0,0.0,0.0,0.0,0.0647449200353551,0.0,1.3060288694522062,0.0,0.0,0.0,0.06846445096690573,0.0,0.0,0.0,0.007482576331206196,0.0,0.0,0.005328120695281701,4.343329644586331,0.9154061689501652,1.0682580617472852,1.6784325337961525,3.558169654834612,4.592989166513028,6.229534089831789,0.0,0.816558749387444,4.714294980648164,0.22490464410609018,1.3190398155625358,0.06446901736844254,3.7266786581314086,3.0558897581962827,0.0,2.6842352592205208,0.2912499129642299,0.0,1.8262739042206557,0.0,0.0,0.0,0.03181862582635714,4.37226958073043,1.441749047009237,1.0
0.0,0.0,0.16040392586001362,0.06736336711961023,0.0,0.0,0.0,0.0,0.0,0.0,0.0,0.09328973000147671,0.0,0.0,0.0,0.0,0.0,0.0,0.0,0.08827730968045189,0.03576465360097467,0.0,0.12008647067252551,0.0,0.0,0.0,0.0,0.0,0.0,0.0,1.6440408429224092,0.0,0.07382023329167137,0.0,0.0,0.0,0.0,0.0,0.0,0.0,0.5305702039025285,0.10259094958809113,0.1853591347580021,0.03604610015685955,0.0,0.19433924948446313,0.0,0.0,0.0,0.0,0.11556599592160316,0.0,0.016211033155917154,0.0,0.0,0.0,0.0,0.0,0.0,0.0,0.016068368627653675,0.0,0.6759965389643046,0.0,0.0,0.0,0.0,0.0,0.0,0.0,0.07025192182044421,0.0,0.0,0.0,4.065951374199851,1.2266318318078908,0.9157885728119449,2.0178506620385384,3.182962380336265,5.0660073636424325,5.952764539753909,0.0,0.5615949745206071,6.233464374981434,0.10447085776291738,0.1048733767260183,0.0814759815979586,3.914200933838453,3.0877852899871394,0.0,2.9367604156683305,1.1339580101005495,0.0,2.1655260970271586,0.0,0.0,0.0,0.0,3.7359120421930836,4.129068657757529,3.0
0.0,0.0,0.4687396982373628,0.053667449038825296,0.0,0.0,0.0,0.0,0.013926706042921726,0.0,0.0,0.07450543636362976,0.0,0.0,0.0,0.0,0.0,0.0,0.0,0.070389327891398,0.005759269288684953,0.0,0.158854029516618,0.0,0.0,0.0,0.0,0.0,0.0,0.0,1.6025994037706548,0.0,0.17632277264046287,0.0,0.0,0.0,0.0,0.0,0.007195501404203766,0.0,0.26471656897702045,0.02786177535450958,0.07642227545860236,0.0,0.0,0.15613769788898613,0.0,0.0,0.0,0.0,0.3038099670212855,0.0,0.0,0.0,0.0,0.0,0.0,0.0,0.0,0.0,0.038014690186715924,0.0,0.8190958963336387,0.0,0.0,0.0,0.31649333777531463,0.0,0.0,0.0,0.02828624307910998,0.0,0.0,0.0,4.266606661008759,0.2965455081951174,1.0496307677246008,1.8491986517647032,3.6227429757603717,4.415609955283971,6.0956354302075075,0.0,0.8505594206227717,3.882486545140074,0.19496955009341788,0.3729520979118291,0.05436228844968911,3.7516458140370936,2.7895206036003115,0.0,2.6467847716652697,1.2459215326982411,0.0,1.7742072300221385,0.0,0.0,0.0,0.026729250487489024,3.907592536403342,2.97013580860391,1.0
0.0,0.027437182706851134,0.29760229865200793,0.11490002395719036,0.0,0.0,0.0,0.0,0.0,0.0,0.0,0.061983516108957325,0.0,0.0,0.0,0.0,0.0,0.0,0.0,0.06997707041155635,0.0,0.0,0.09545188108566052,0.0,0.0,0.0,0.0,0.0,0.0,0.0,3.2853134348971205,0.0,0.029558897449116415,0.0,0.0,0.0,0.0,0.0,0.007051942516490025,0.0,0.48614799441389595,0.0,0.0,0.014355292977070054,0.06598582949858534,1.5523278818812432,0.0,0.0,0.0,0.0,0.39703624087217626,0.0,0.0,0.0,0.0,0.0,0.0,0.0,0.0,0.0,0.0,0.0,0.9665781255676102,0.0,0.0,0.0,0.0,0.01335505866906758,0.0,0.0,0.1611782500798127,0.0,0.0,0.0,4.088107666671321,0.5401264883381068,1.2701102758236178,1.3895117460156288,3.596589331059543,4.614586179240276,6.0119942521220855,0.0,1.4039766232108797,0.5953126888907234,0.16156525639703184,0.13382652729882785,0.05408439284237917,4.509917485690036,2.8987501080693043,0.0,2.5400768796507616,0.7634115744700071,0.0,3.0795829157526895,0.0,0.0,0.0,0.01335505866906758,3.393045456549187,4.738735416322637,5.0
0.0,0.0,0.07162539397376963,0.025170575734906053,0.0,0.0,0.01206802330909034,0.0,0.0,0.0,0.0,0.06736336711961023,0.0,0.0,0.0,0.0,0.0,0.0,0.0,0.027578727474282683,0.03520159571856608,0.0,0.11889125217842651,0.0,0.0,0.0,0.0,0.0,0.0,0.0,0.7792176893146477,0.0,0.30240679455772584,0.0,0.0,0.0,0.0,0.0,0.016496319896195974,0.0,0.12551885957509096,0.021621857851518895,0.0,0.03308816933218775,0.05158092063064492,0.0,0.0,0.0,0.0,0.0,0.22317538614456242,0.0,0.0,0.0,0.0,0.0,0.0,0.0,0.0,0.0,0.15081959821213325,0.0,0.7407117333991009,0.0,0.0,0.0,0.0,0.030971642412075527,0.0,0.0,0.16671544496642232,0.0,0.0,0.0,3.617944917420585,0.8113888233420941,1.1134338026040482,2.046106849138493,2.7164202862002442,4.381179527952647,5.091623678136382,0.0,1.3885753065984274,0.28841762731171716,0.10084312443311183,0.06308871201928423,0.05880135361618622,4.2456705888760755,2.5751186673485478,0.0,3.3874176886749536,1.0688771408503082,0.0,0.9134926277500783,0.0,0.0,0.0,0.08120326041739433,1.125122060569824,3.545943665211579,5.0
0.0,0.0,0.12035194036522208,0.048794180260804905,0.0,0.0,0.0,0.0,0.0,0.0,0.09356017616233782,0.056583528366367514,0.0,0.0,0.0,0.0938305716351355,0.0,0.0,0.0,0.020342179517185827,0.00647756407120479,0.0,0.06350294230615795,0.07450543636362976,0.0,0.0,0.0,0.0,0.0,0.0,3.2736054026463695,0.0,0.2130050385450477,0.0,0.0,0.0,0.0,0.0,0.0,0.0,0.13106261678246817,0.01578299724092746,0.127501219215837,0.02431967919541289,0.038014690186715924,0.1758119937217308,0.0,0.0,0.0,0.0,0.45196276620527726,0.0,0.014498126999352837,0.0,0.0,0.0,0.0,0.0,0.0,0.0,0.0036022366801955253,0.0,0.8510393857087252,0.0,0.0,0.0,0.0,0.0076260923761779465,0.0,0.0,0.010779838753242763,0.0,0.0,0.0,3.4613451987782105,1.160855665493157,0.9073521841713712,1.6888069945663873,2.6492015588878606,4.286607660205205,5.991626147172724,0.0,1.050745463581399,2.3353117413053064,0.5819778457631138,0.6103220964420369,0.09423606984576555,4.2197338686722174,2.4899025370218784,0.0,3.2752454897846683,0.18218376912146833,0.0,3.5339619653451515,0.0,0.0,0.0,0.022758397578157615,3.6580857771134516,4.4833450111329345,0.0
0.0,0.0,0.14509047680241982,0.013926706042921726,0.0,0.0,0.01006368334469748,0.0,0.0,0.0,0.0,0.03238300531165298,0.0,0.0,0.0,0.0802483300921203,0.0,0.0,0.0,0.13277423327632581,0.018349309878891815,0.0,0.14899916258776436,0.0,0.0,0.0,0.0,0.0,0.0,0.0,1.6791084697024854,0.0,0.14221736180382347,0.0,0.0,0.0,0.0,0.0,0.004609253252589672,0.0,0.18941343103367256,0.017921907997262315,0.09747595901326854,0.009203827329839744,0.04306447866493742,0.24330348691813794,0.0,0.0,0.0,0.0,0.15820774762573614,0.006908369342177494,0.0,0.0,0.0,0.0,0.0,0.0,0.0,0.0,0.060600829554117094,0.0,0.6141915585252914,0.0,0.0,0.0,0.0,0.0,0.0,0.0,0.29760229865200793,0.0,0.0,0.0,3.630020981166421,1.026658438155726,0.9802447048533897,1.7276591125467446,3.6689813970277045,4.5740651677062365,6.504156367400005,0.0,1.1269728562577654,0.28889006122208344,0.03125402547050081,0.2031384971908485,0.1294808586988783,3.7819576522683223,2.6566107748230836,0.0,3.233796048627903,0.03576465360097467,0.0,2.266216844731374,0.0,0.0,0.006621180122379962,0.008630305143440056,0.5025342858954955,6.881115184594019,4.0
0.0,0.0,0.19912264201360064,0.005759269288684953,0.0,0.0,0.01663894211378915,0.0,0.0,0.0,0.029841557136715123,0.026729250487489024,0.0,0.0,0.0,0.12974460550781922,0.0,0.0,0.0,0.0,0.009060468156383597,0.0,0.1348780543431117,0.0,0.0,0.0,0.0,0.0,0.0,0.0,1.4093637792695726,0.0,0.14339341869318775,0.0,0.0,0.0,0.0,0.0,0.003746139232894637,0.0,0.06267436276339249,0.014783752627070351,0.04096254777849784,0.015212085068503288,0.0,0.04292444517384094,0.0,0.0,0.0,0.0,0.24804899843720607,0.0,0.0,0.0,0.0,0.0,0.0,0.0,0.0,0.0,0.006764781878422359,0.0,0.6640276597201467,0.0,0.0,0.0,0.0,0.0,0.0,0.0,0.07847320937869356,0.0,0.0,0.0,4.210684979319883,1.3851548968843437,0.8637799037958775,1.045582760019635,2.857622764300719,4.591194687626893,5.807777363750778,0.0,0.7366481663388692,2.534833556531027,0.17133494739876848,0.7296180246905644,0.0174943794592725,3.7330614329409597,2.609707690918294,0.0,3.2630644616673985,0.7345687304505893,0.0,1.3680419305947678,0.0,0.0,0.005471851210059492,0.0,5.4636911113909425,0.6599245584023783,2.0
0.0,0.012211083950874365,0.11423374442708778,0.00963381939726868,0.0,0.0,0.0,0.0,0.012354130407874092,0.0,0.0,0.05519565424212462,0.0,0.0,0.0,0.07368315361643984,0.0,0.0,0.0,0.03153635326805325,0.04502352169849773,0.0,0.09153059312061654,0.0,0.0,0.0,0.0,0.0,0.0,0.0,3.5943216177483217,0.0,0.1449600047208578,0.0,0.0,0.0,0.0,0.0,0.0,0.0,0.32434978890218785,0.024603367140657025,0.0676387168753633,0.025312343046069,0.0,0.0,0.0,0.0,0.0,0.0,0.47269571251829073,0.0,0.011352507229905218,0.0,0.0,0.0,0.0,0.0,0.0,0.0,0.03365205248999707,0.0,0.9476287565694106,0.0,0.0,0.0,0.0,0.011924948479708557,0.0,0.0,0.01678155023340201,0.0,0.0,0.0,3.658634230443379,1.1396659449005555,1.1392730184230775,1.6912661471382846,3.5474251506051324,4.313064414946363,6.207365796963636,0.0,1.3250409554952007,3.5520819106531074,0.19269917799205968,1.5862603423168031,0.05755424645808902,4.004042892923806,2.8821343485542177,0.0,2.6686183978017883,0.4828482830684654,0.0,2.7942910873290208,0.0,0.0,0.0,0.0,4.137388759352583,2.3606171123300372,5.0
0.0,0.0,0.18928690658361216,0.045862297908687955,0.0,0.0,0.01335505866906758,0.0,0.0,0.0,0.0,0.1046050432293108,0.0,0.0,0.0,0.0,0.0,0.0,0.0,0.17351124806392174,0.004896843214847462,0.0,0.06364099264269589,0.03773362744651491,0.0,0.0,0.0,0.0,0.0,0.0,2.663116867366103,0.0,0.03787416566112011,0.0,0.0,0.0,0.0,0.0,0.00604663011841478,0.0,0.4410584699932139,0.023752135898994976,0.1877677470460248,0.02446153014099581,0.0,0.2567691427613412,0.0,0.0,0.0,0.0,0.2441563956281046,0.0,0.010923027184791876,0.0,0.0,0.0,0.0,0.0,0.0,0.0,0.043204498565167566,0.0,0.9928409261856821,0.0,0.0,0.0,0.0,0.0,0.0,0.0,0.1826922975161903,0.0,0.0,0.0,3.9563819657736223,0.6509483302197416,1.1487389127375252,1.6188024652975002,3.827219470423755,4.391073420870412,5.912951592266046,0.0,2.3941848472367853,3.8591346897439425,0.5643293868429373,0.2736949100370791,0.1437852247086015,4.007446695089125,2.794810928733609,0.0,2.687732594759344,1.0439743651975382,0.0,2.909849892253266,0.0,0.0,0.0,0.011495638837829437,3.687732594759344,2.6229303509201767,2.0
0.01820685665331186,0.01049341924845273,0.09841955776554452,0.03280614508324148,0.0,0.0,0.0,0.0,0.0,0.0,0.0,0.038014690186715924,0.0,0.0,0.0,0.09410091643886649,0.0,0.0,0.0,0.02701246506258167,0.008630305143440056,0.0,0.02856915219677092,0.0,0.0,0.0,0.0,0.0,0.0,0.0,1.8000819252384512,0.0,0.10929368902294001,0.0,0.0,0.0,0.0,0.0,0.010779838753242763,0.0,0.03618680284784627,0.0,0.2199583975849177,0.010923027184791876,0.0,0.1761950948634081,0.0,0.0,0.0,0.0,0.15549019774756218,0.0,0.0,0.0,0.0,0.0,0.0,0.0,0.0,0.0,0.014498126999352837,0.0,1.1095611519530515,0.0,0.0,0.0,0.0,0.0,0.0,0.0,0.36725922448866966,0.0,0.0,0.0,4.501413666875781,0.7118472776699478,0.6813143226013214,0.9726191390081527,3.343621012708894,4.463700918915538,5.706908996234674,0.0,0.4186757129428916,0.22243364060591522,0.38890588403906945,0.23842002607895993,0.029134804053022843,3.7636134101723813,2.7465492544254784,0.0,3.1858823990158838,0.04502352169849773,0.0,2.153416242255248,0.0,0.0,0.007769594145917668,0.0,5.2009397892877915,1.5851067630122508,2.0
0.0,0.0,0.1309308698264487,0.046560905757741196,0.0,0.0,1.1169635371826598,0.0,0.0,0.0,0.0,0.0,0.0,0.0,0.0,0.1265764570133731,0.0,0.0,0.0,0.06543444594863314,0.0,0.0,0.09153059312061654,0.25423120737522265,0.0,0.0,0.0,0.0,0.0,0.0,2.250567506367573,0.0,0.09437121059251717,0.0,0.0,0.0,0.0,0.0,0.0,0.0,0.07299755979995012,0.0,0.45417589318580215,0.017779412561234692,0.0,0.0,0.0,0.0,0.0,0.0,0.21859520155085696,0.01335505866906758,0.0,0.0,0.0,0.0,0.0,0.0,0.0,0.0,0.004033901284489715,0.0,0.9482270438791673,0.0,0.0,0.0,0.0,0.0,0.0,0.0,0.3988975712024732,0.0,0.0,0.0,4.712749835765141,0.3368546391254651,1.242389096267312,1.1737031170710834,3.147290415448662,4.178140954278474,5.809800277545323,0.0,1.2482919377391002,1.1892236401972627,0.3903375116159243,0.11623166060415031,0.047259175478012824,3.319097637852313,2.5767156129656708,0.0,3.594297728113599,1.6485574780527603,0.0,2.700950119935952,0.0,0.0,0.0,0.02488699931317951,0.7063758316370209,5.9720952362012305,0.0
0.0,0.0,0.19459140277373368,0.06626144226872127,0.0,0.0,0.024177814301165258,0.0,0.0,0.0,0.0,0.08610437124329078,0.0,0.0,0.0,0.09612688930500614,0.0,0.043764442310170244,0.0,0.05477903151961949,0.0,0.0,0.06364099264269589,0.0,0.0,0.0,0.0,0.0,0.0,0.0,2.245769450744031,0.0,0.09004041547277068,0.0,0.0,0.0,0.0,0.0,0.0,0.0,0.14274017211608214,0.021621857851518895,0.1715911532316011,0.0,0.0,0.0,0.0,0.0,0.0,0.0,0.4419083640035892,0.0,0.0,0.0,0.0,0.0,0.0,0.0,0.0,0.0,0.029558897449116415,0.0,1.2629742922880491,0.0,0.0,0.0,0.0,0.0,0.0,0.0,0.014640946881753174,0.0,0.0,0.0,3.504925423423271,0.12617994882319306,1.1004394792803116,1.3760124877297415,3.4310479064118504,4.064951812414718,6.368427885961784,0.0,1.399225792120938,4.307486814723411,0.501005953141009,0.8879930959764782,0.03393391144193176,3.5502111575653905,3.2975436083751295,0.0,2.4905958009480815,0.2514464315585819,0.0,2.0888878593976967,0.0,0.0,0.0,0.11076412189980747,3.5915717133853056,0.9293365340068886,0.0
0.0,0.0,0.22008226064924694,0.02644598030380087,0.0,0.0,0.0,0.0,0.0,0.0,0.0,0.030689204071140407,0.0,0.0,0.0,0.0,0.0,0.0,0.0,0.05741561242724302,0.013926706042921726,0.0,0.042784398089239506,0.0,0.0,0.0,0.0,0.0,0.0,0.0,2.9627896062685797,0.0,0.10003572116184384,0.0,0.0,0.0,0.0,0.0,0.0,0.0,0.268314613175228,0.0,0.1220763036957359,0.034779158048019,0.0,0.18802105141694836,0.0,0.0,0.0,0.0,0.42921422983958485,0.0,0.01049341924845273,0.0,0.0,0.0,0.0,0.0,0.0,0.0,0.0,0.0,1.2646565254834778,0.0,0.0,0.0,0.0,0.0,0.0,0.0,0.04572253573460056,0.0,0.0,0.0,3.7040862340586216,0.25302109571151316,1.1059462119053245,1.6152279435788257,3.8925950289698146,4.244430437805942,6.219859686591415,0.0,1.142282723454798,1.4349884394605097,0.3752897085354204,0.4221253328565201,0.061707084791597165,4.075737982394078,2.928654569900175,0.0,2.718043732380979,0.6892991605358918,0.0,3.435748591421659,0.0,0.0,0.0,0.032524065692199365,3.5864405057898057,1.4635701464386863,0.0
0.0,0.0,0.16079113991938748,0.03717133764464353,0.0,0.0,0.0,0.0,0.0,0.08392815506235927,0.0,0.06419306192749237,0.0,0.0,0.0,0.0,0.0,0.0,0.0,0.030689204071140407,0.00992040959306388,0.0,0.07669590183038302,0.0,0.0,0.0,0.0,0.0,0.0,0.0,1.7263080907654853,0.0,0.17018145776525037,0.0,0.0,0.0,0.0,0.0,0.0,0.0,0.08093048767298393,0.0,0.24731993497981972,0.04893364519792244,0.0,0.2589409681055064,0.0,0.0,0.0,0.0,0.19496955009341788,0.0,0.022048165180173156,0.0,0.0,0.0,0.0,0.0,0.0,0.0,0.021906076733622215,0.0,1.1478927763512867,0.0,0.0,0.0,0.0,0.0,0.0,0.0,0.03238300531165298,0.0,0.0,0.0,3.8860720961417576,0.9001809120869461,0.9441087991079549,1.7978430670655408,2.810031728010939,4.651723356971502,5.919783407046323,0.0,2.069117822109847,2.787599626910994,0.13106261678246817,0.17887395816979543,0.02828624307910998,4.348990116784954,2.9595290677738895,0.0,3.075207431935025,3.08831123588866,0.0,2.5053574403313204,0.0,0.0,0.0,0.011495638837829437,2.823382526800116,3.768671317596568,4.0
0.0,0.014355292977070054,0.2761988650322418,0.03365205248999707,0.0,0.0,0.0,0.0,0.028852005847493426,0.0,0.0,0.039138393906958314,0.0,0.0,0.0,0.0862402758207441,0.0,0.0,0.0,0.0,0.03548315212868861,0.0,0.11436702495200024,0.0,0.0,0.0,0.0,0.0,0.0,0.0,1.595408177856631,0.0,0.28238049463860565,0.0,0.0,0.0,0.0,0.0,0.0,0.0,0.18852752677440168,0.0,0.2260152164029879,0.029700234215419886,0.0,0.23670690199535252,0.0,0.0,0.0,0.0,0.38537581335991344,0.0,0.01335505866906758,0.0,0.0,0.0,0.0,0.0,0.0,0.0,0.03955955725570582,0.0,0.9721044291183261,0.0,0.0,0.0,0.08922694207039553,0.0,0.0,0.0,1.001369909684724,0.0,0.0,0.0,4.011567199317043,0.6231177017471251,1.0854246562526777,2.057311628160932,2.8287331191509097,4.214583347815813,5.634253463294457,0.0,0.7315308370541584,1.0953843628902165,0.1685136761974936,0.41986245037752395,0.02856915219677092,4.106222672919125,2.7963900973310145,0.0,2.9092162680694083,1.1712708888306833,0.0,1.5617415923537814,0.0,0.0,0.0,0.013926706042921726,4.422603047564553,1.1589832511603866,2.0
0.0,0.010636636108736996,0.38901605968850905,0.024745190197137796,0.0,0.0,0.02389404265570102,0.0,0.0,0.0,0.0,0.0663992289113826,0.0,0.0,0.0,0.0,0.0,0.0,0.0,0.0,0.026020970714370147,0.0,0.06267436276339249,0.033792988849303096,0.0,0.0,0.0,0.0,0.0,0.0,1.4893887933226637,0.0,0.20739313045833557,0.0,0.0,0.0,0.0,0.0,0.005471851210059492,0.0,0.7580472818332337,0.021337582965694914,0.058662839378559886,0.021906076733622215,0.0,0.0,0.0,0.0,0.0,0.0,0.5533605033353275,0.008200013832136126,0.0,0.0,0.0,0.0,0.0,0.0,0.0,0.0,0.07162539397376963,0.0,1.1399278364448897,0.0,0.0,0.0,0.06598582949858534,0.010206942869257081,0.0,0.0,0.25857922418429397,0.0,0.0,0.005184375859723257,3.8132886672475403,1.0485849575730497,1.3999913506641815,2.0956544167149347,4.141130290289165,4.340448330071933,4.859462727478802,0.0,1.2082675289686924,0.40544784370753517,0.11689701828826238,0.05797006863732994,0.04572253573460056,4.4908075651619095,3.107101969310021,0.0,4.0035932422940474,1.2946648560912417,0.0,1.8775872133709772,0.0,0.0,0.0,0.0,0.8028135975322874,2.7935005694786175,5.0
0.0,0.0,0.2409859040247386,0.022474346574899225,0.0,0.0,0.02431967919541289,0.0,0.0,0.0,0.0,0.06446901736844254,0.0,0.0,0.0,0.08596845386216505,0.0,0.0,0.0,0.12525433903146602,0.02361021518264534,0.0,0.10299399332332565,0.0,0.0,0.0,0.0,0.0,0.029417546835091735,0.0,2.0651931493639664,0.0,0.27512627356835534,0.0,0.0,0.0,0.0,0.0,0.007482576331206196,0.0,0.4118600737378197,0.028852005847493426,0.0,0.058662839378559886,0.0,0.0829750272577682,0.0,0.0,0.0,0.0,0.5711428290617319,0.0,0.006621180122379962,0.0,0.0,0.0,0.0,0.0,0.0,0.0,0.07450543636362976,0.0,0.9855004303048849,0.0,0.0,0.0,0.0,0.0,0.0,0.0,0.15419432499278973,0.0,0.0,0.0,4.170229538250967,1.2299570085843625,1.0361164532176534,2.152118504431943,3.074214264821174,4.338923530872567,5.75553122798136,0.0,1.4973313352302746,4.641551809104154,0.318345767261359,0.47009429264777897,0.09450633868149234,4.231662803440479,3.064744920035355,0.0,3.215119424517295,3.4019034716079584,0.0,1.9956654097361088,0.0,0.0,0.005328120695281701,0.013926706042921726,3.3292671408955243,3.9573574659591806,5.0
0.0,0.0,0.20363969401398507,0.0475383887633606,0.0,0.0,0.01735184178777496,0.0,0.0,0.0,0.0,0.014069582501655862,0.0,0.0,0.0,0.0,0.0,0.0,0.0,0.11490002395719036,0.062259894470126094,0.0,0.14443799836839158,0.0,0.0,0.0,0.0,0.0,0.0,0.0,2.039945515680815,0.0,0.11169907219742026,0.0,0.0,0.0,0.0,0.0,0.0,0.0,0.3956112485038023,0.06087747289933462,0.0,0.01592568999025421,0.0,0.3251561177415914,0.0,0.0,0.0,0.0,0.2702299072379977,0.0,0.014212444812104711,0.0,0.0,0.0,0.0,0.04306447866493742,0.0,0.0,0.06253621989538932,0.0,0.8738131983590872,0.0,0.0,0.0,0.0,0.014783752627070351,0.0,0.0,0.05172011644732764,0.0,0.0,0.0,4.045504130228401,0.903269699951799,0.9342522820940546,1.805870243478459,3.3206579643119247,4.833735135256345,6.1955326483176885,0.0,0.9605117101190245,2.1557168558550237,0.1904252273692713,0.6270464593924086,0.030265442857669595,3.391107799974578,3.0357998374232618,0.0,2.8722968831270124,0.13606010688026618,0.0,1.5356548604967857,0.0,0.0,0.0,0.0,4.820020640290213,3.2543975183792138,1.0
0.0,0.0,0.3041605470013563,0.1265764570133731,0.0,0.0,0.08542465625267767,0.0,0.0,0.0,0.0,0.1247251523988885,0.0,0.0,0.0,0.0,0.0,0.0,0.0,0.03322916078511099,0.005328120695281701,0.0,0.08949815083910263,0.0,0.0,0.0,0.0,0.0,0.0,0.0,1.1301401353364484,0.0,0.08133962745193878,0.0,0.0,0.0,0.0,0.0,0.0,0.0,0.3748447412897344,0.0,0.2657969247597524,0.01335505866906758,0.06184530707106949,0.4564907715833792,0.0,0.0,0.0,0.0,0.4823320207473761,0.0,0.023752135898994976,0.0,0.0,0.0,0.0,0.0,0.0,0.0,0.011924948479708557,0.0,1.161823202945348,0.0,0.0,0.0,0.0,0.0,0.0,0.0,0.15120939288489368,0.0,0.0,0.0,4.8383971654161755,0.19723635491870656,1.401193551063264,2.000540909226191,3.935299439450117,3.913789392897704,5.58557251151609,0.0,1.6813143226013212,0.19320401398387493,0.04502352169849773,0.010636636108736996,0.02048442206508403,2.9553500050032455,2.7366048753142485,0.0,2.6701831800136397,0.01492654423810282,0.0,0.5394318114348329,0.0,0.0,0.009490502947452436,0.01249716268290215,0.010779838753242763,1.8742854904980353,4.0
0.0,0.0,0.5513929680274544,0.03337013846059218,0.0,0.0,0.0,0.0,0.0,0.0,0.0,0.06722567253197158,0.0,0.0,0.0,0.1263121303287039,0.0,0.0,0.0,0.20714320494174884,0.008917094736053047,0.0,0.09680158184916868,0.0,0.0,0.0,0.0,0.0,0.0,0.0,1.4256204307310374,0.005471851210059492,0.2589409681055064,0.0,0.0,0.0,0.0,0.0,0.01106620140620535,0.0,0.2083923997906761,0.021479727410451392,0.0,0.0439043942956211,0.0,0.28747229511906675,0.0,0.0,0.0,0.0,0.380175311742025,0.008343458529334968,0.019773069040027156,0.0,0.0,0.0,0.0,0.0,0.0,0.0,0.039138393906958314,0.0,0.5778275912362482,0.0,0.0,0.0,0.13040376165803888,0.0,0.0,0.0,0.15975833805629805,0.0,0.0,0.0,4.062527585526924,1.1746620795335883,0.9610305718548415,1.2280490478844623,3.383773401958432,4.398774469104111,5.708275539059106,0.0,1.110363243360418,0.6984852076568235,0.06488285158485439,0.008917094736053047,0.025454096427749127,3.9238717735300774,2.64717633580774,0.0,3.103514424888308,0.06087747289933462,0.0,0.9354597478052895,0.0,0.0,0.0,0.030971642412075527,0.14169436196453092,1.7442472240466536,1.0
0.01049341924845273,0.0,0.2406196293117598,0.03759307554023308,0.0,0.0,0.0,0.0,0.0,0.0,0.0,0.027437182706851134,0.0,0.0,0.0,0.07258604706859655,0.0,0.024745190197137796,0.0,0.031112840850249287,0.01249716268290215,0.0,0.09639680418715713,0.019488429591360157,0.0,0.0,0.0,0.0,0.0,0.0,2.098183715930239,0.0,0.23731896557455087,0.0,0.0,0.0,0.0,0.0,0.0,0.0,0.0820212693455023,0.0,0.0,0.006333933722050485,0.0,0.20075543159558676,0.0,0.0,0.0,0.0,0.203890227146661,0.004753055399819502,0.005615567406909804,0.0,0.0,0.0,0.0,0.0,0.0,0.0,0.03590538374212795,0.0,1.1131670567327347,0.0,0.0,0.0,0.0,0.0,0.0,0.0,0.04893364519792244,0.0,0.0,0.0,4.22080200423993,1.3939103775441801,0.7165958819941426,1.3996633038880175,3.13458238981889,4.291647757569205,6.041387559949499,0.0,1.2397646265109468,3.7429332057621374,0.41921526006795384,0.2760797275747325,0.07983888066667044,4.523687402345591,3.122357974898159,0.0,3.0354303644871554,2.4117245164974626,0.0,2.4904160978420844,0.0,0.0,0.0,0.01178185945991471,4.378088463135899,2.1048062980306264,4.0
0.0,0.0,0.19358252508164864,0.15159908226939658,0.0,0.0,0.1284253890288373,0.0,0.0,0.0,0.0,0.023042392665863817,0.0,0.0,0.0,0.02587927302325896,0.0,0.0,0.0,0.02176397429165667,0.003458319772411079,0.0,0.06805164299778978,0.02715405150372665,0.0,0.0,0.0,0.0,0.0,0.0,1.2756030793368496,0.0,0.16388511670894185,0.0,0.0,0.0,0.0,0.0,0.0,0.0,0.18002052146631284,0.0,0.5816886802286453,0.051859298835249854,0.0,0.39319651187040616,0.0,0.0,0.0,0.0,0.2907782513201796,0.0,0.0,0.0,0.0,0.0,0.0,0.0,0.0,0.0,0.023326331860027503,0.0,0.8372974156630684,0.0,0.0,0.0,0.0,0.0,0.0,0.0,0.028710585954140094,0.0,0.0,0.0,3.582929273137852,1.2189671100489565,1.1621455712886748,1.5715797372323068,3.1021037881320925,4.499137916054943,5.617645242857151,0.0,0.9826559559578476,5.494662012420434,0.18243805572490956,0.09328973000147671,0.03337013846059218,4.551269907930917,2.9924421563051444,0.0,3.7189972035892858,1.522758841407708,0.0,1.6666657105945981,0.0,0.0,0.006190289072069835,0.02446153014099581,2.9583044635295312,2.561228364734999,3.0
0.0,0.0,0.130667339815507,0.0862402758207441,0.0,0.0,0.0,0.0,0.0,0.0,0.0,0.038295698181544525,0.0,0.0,0.0,0.0,0.0,0.0,0.0,0.0,0.0404015152842066,0.0,0.05338941954463493,0.0,0.0,0.0,0.0,0.0,0.0,0.0,1.9063134021457728,0.0,0.26399588207123914,0.0,0.0,0.0,0.0,0.0,0.007339046008161997,0.0,0.18459768415576083,0.0,0.0,0.014640946881753174,0.0,0.0,0.0,0.0,0.0,0.0,1.0102069428692568,0.01106620140620535,0.0,0.0,0.0,0.0,0.0,0.0,0.0,0.0,0.038717107572853585,0.0,1.0485849575730497,0.0,0.0,0.0,0.0,0.0,0.0,0.0,0.25652762689220926,0.0,0.0,0.0,3.9033757595553995,0.37417703298983873,1.2421451608495793,2.336597604049056,2.797407329772896,4.190322499172396,5.716502599389758,0.0,1.6253172534479179,0.3260770849231309,0.27214266196417575,0.07956584981027477,0.01678155023340201,4.408705068663906,2.440261239387971,0.0,2.830011879268904,2.4441899763792545,0.0,1.414081397070417,0.0,0.0,0.020768865094571848,0.013640910669386311,2.094168494724983,0.7130798989198626,4.0
0.016353683577834812,0.0,0.2599051753533527,0.05102400302446689,0.0,0.0,0.0,0.0,0.0,0.0,0.0,0.09207209450292904,0.0,0.0,0.0,0.08460857531780949,0.0,0.0,0.0,0.02431967919541289,0.007769594145917668,0.0,0.0708014676002111,0.0,0.0,0.0,0.0,0.0,0.0,0.0,1.5038575325774293,0.004753055399819502,0.1861201836806385,0.0,0.0,0.0,0.0,0.0,0.0,0.0,0.22774107583912812,0.05616730630042659,0.15146919750307983,0.0,0.0,0.0,0.0,0.0,0.0,0.0,0.3394794854723219,0.0,0.008773707066016134,0.0,0.0,0.0,0.0,0.0,0.0,0.0,0.08882003329858511,0.0,0.759496755416058,0.0,0.0,0.0,0.0,0.0,0.0,0.0,0.31788288282941357,0.0,0.0,0.0,4.576207685623006,0.7007947993737211,1.1140338005502675,1.9189204670171218,3.167454275481227,4.577392571369714,5.69430355658435,0.0,1.6525094401836644,5.587422001469282,0.18738770708047234,0.09815002109201154,0.022474346574899225,3.81054592947801,2.848477724769995,0.0,3.231294153789491,2.2874131912848594,0.0,1.9980510458545544,0.0,0.0,0.006908369342177494,0.01820685665331186,1.3897319963944221,3.576026239654172,2.0
0.03294716409912902,0.0,0.3847129624220463,0.08052123183149242,0.0,0.0,0.0,0.0,0.019203733973092663,0.0,0.0,0.1575611760911883,0.0,0.0,0.0,0.0856965806792463,0.0,0.0,0.0,0.048794180260804905,0.02361021518264534,0.0,0.10138114235502452,0.0,0.0,0.0,0.0,0.0,0.0,0.0,2.5835190838514874,0.0,0.1376346718833728,0.0,0.0,0.0,0.0,0.0,0.0,0.0,0.8360857117024058,0.019203733973092663,0.6423781131483992,0.11463354906893944,0.0,0.05561215668669251,0.0,0.0,0.0,0.0,1.158401662593777,0.0,0.02644598030380087,0.0,0.0,0.0,0.0,0.0,0.0,0.0,0.0858325236749548,0.0,1.1437199310949187,0.0,0.0,0.0,0.0,0.0184917490398792,0.0,0.0,0.24622564851987147,0.0,0.0,0.0,3.6298228703998636,0.6243348894450882,1.1623389577245968,2.514703009540874,3.7022364188647274,4.175109377302036,6.28876089544165,0.0,1.0668813785559468,2.6633673925887256,0.2333972641018831,0.17836408184680327,0.06708796480114695,4.31655126221436,2.5056623155722306,0.0,2.713211903041119,0.4389315419345448,0.0,2.528696330355684,0.0,0.0,0.014069582501655862,0.16658691407044984,0.4838802538141047,6.662763780696272,5.0
0.0,0.0,0.17593970540604287,0.02701246506258167,0.0,0.0,0.019488429591360157,0.0,0.0,0.0,0.0,0.178619042533318,0.0,0.0,0.0,0.05227676545235779,0.0,0.0,0.0,0.044184257544003826,0.007195501404203766,0.0,0.06502076994841134,0.0,0.0,0.0,0.0,0.0,0.0,0.0,3.2058772921810434,0.0,0.20012765427360202,0.0,0.0,0.0,0.0,0.0,0.0,0.0,0.32262042236168464,0.0,0.0,0.05297227481398869,0.0,0.0,0.0,0.0,0.0,0.0,0.5273706571404089,0.0,0.03181862582635714,0.0,0.0,0.0,0.0,0.0,0.0,0.0,0.05491791912895793,0.0,0.8357624186946913,0.0,0.0,0.0,0.0,0.01663894211378915,0.0,0.0,0.48789790121008875,0.0,0.0,0.0,4.920960178110175,0.8108132418300152,1.1579491537836943,2.430552909569011,3.159225510550431,4.004573300476041,6.041926312925493,0.0,0.8252157623056611,1.2884176273117172,0.48789790121008875,0.45901186447638187,0.027295624050907505,3.8847151290960333,2.723274581434823,0.0,3.015693807105145,1.4460444425960406,0.0,1.607862902831235,0.0,0.0,0.0,0.11316705673273479,0.8890840985981492,5.387176401314581,5.0
0.0,0.0,0.2078928516413329,0.07052672087668244,0.0,0.0,0.018776585179183593,0.0,0.0,0.029841557136715123,0.0,0.045163351603224475,0.0,0.0,0.0,0.025454096427749127,0.0,0.0,0.0,0.08420036167465528,0.003458319772411079,0.0,0.14821827215414504,0.0,0.0,0.0,0.0,0.0,0.0,0.0,2.365440589406185,0.0,0.07901963303483801,0.0,0.0,0.0,0.0,0.0,0.0,0.0,0.014498126999352837,0.0,0.046421211248710355,0.008630305143440056,0.0,0.048794180260804905,0.0,0.0,0.0,0.0,0.171847313573341,0.0,0.0,0.0,0.0,0.0,0.0,0.0,0.0,0.0,0.011495638837829437,0.0,0.6653927710418912,0.0,0.0,0.0,0.0,0.008056554871058458,0.0,0.0,0.18256518222108284,0.0,0.0,0.0,4.114866717287732,0.8364089322797382,0.8562287982190446,1.1141004515881803,3.1697165971068415,4.411433025292495,6.206258355002764,0.0,1.521653828266628,1.3345110701291047,0.3862591411333461,0.12101540096136584,0.02644598030380087,3.929497506278052,2.6277468988103956,0.0,3.1526864083732247,0.8901742767993446,0.0,1.6429787644255205,0.0,0.0,0.006190289072069835,0.03210084316702408,1.8803720747743775,5.676295620893679,0.0
0.01934608880481197,0.011209361420303354,0.12776532814854508,0.06032413315110383,0.0,0.0,0.0,0.0,0.0,0.0,0.0,0.020342179517185827,0.0,0.0,0.0,0.06722567253197158,0.0,0.0,0.0,0.16427139768074095,0.027437182706851134,0.0,0.05422334733715443,0.0,0.0,0.0,0.0,0.0,0.0,0.0,1.1414327909292956,0.0,0.14339341869318775,0.0,0.14990966753492424,0.0,0.0,0.0,0.0,0.0,0.32929584810251517,0.0,0.0,0.011638756246893662,0.0,0.06488285158485439,0.0,0.0,0.0,0.0,0.1267086021969683,0.0,0.0,0.0,0.0,0.0,0.0,0.0,0.0,0.0,0.040682058803007765,0.0,1.1263782165402494,0.0,0.0,0.0,0.06942721045601417,0.010779838753242763,0.0,0.0,0.045163351603224475,0.0,0.0,0.0,3.737546162088706,0.9815604322960559,0.9953759734745525,1.7466997266080229,3.4529643632411,4.15754500808952,5.664090255575208,0.0,1.006692982787115,0.8592539848232588,0.0675010485665715,0.03421571533791298,0.06101577468162803,2.8995623601546927,2.6494085238188063,0.0,2.9880120296176806,0.24123003551544533,0.0,1.6532434960620659,0.0,0.0,0.016496319896195974,0.0,0.5833265191100258,1.4507493755374965,4.0
0.02814476771337868,0.0,0.31556623031894865,0.08705543454337573,0.0,0.0,0.0,0.0,0.0,0.0,0.0,0.1147667926655143,0.0,0.0,0.0,0.09707137054390325,0.0,0.0,0.0,0.12167855658825247,0.006764781878422359,0.0,0.02658762234808418,0.0,0.0,0.0,0.0,0.0,0.0,0.0,1.8936728518892336,0.0,0.06032413315110383,0.0,0.0,0.0,0.0,0.0,0.0,0.0,0.9002582124347499,0.0326651122818301,0.0,0.0,0.0,0.0,0.0,0.0,0.0,0.0,0.35049724708413316,0.0,0.0,0.0,0.0,0.0,0.0,0.0,0.0,0.0,0.0,0.0,0.5784074137536205,0.0,0.0,0.0,0.0,0.0,0.0,0.0,0.022190239634065988,0.0,0.0,0.0,4.033458242512607,0.0,0.8083438596314966,0.8036403568906665,5.54471411217539,4.894390953411609,7.431714044511362,0.0,0.7592410717572784,2.945926019771502,0.08392815506235927,0.1655582544611737,0.01934608880481197,2.563377813428518,3.4889391174654905,0.0,1.7060221215424782,0.14391580307144475,0.0,2.8395766986154802,0.0,0.0,0.01206802330909034,0.061983516108957325,3.795444881693123,3.9456357927646306,2.0
0.0,0.0,0.2745300446716233,0.039278795351367586,0.0,0.0,0.0,0.0,0.0,0.0,0.0,0.08990486842133553,0.0,0.0,0.0,0.0,0.0,0.0,0.0,0.0,0.03618680284784627,0.0,0.17632277264046287,0.040261223064434574,0.0,0.0,0.0,0.0,0.0,0.0,2.0651931493639664,0.0,0.13658515284762576,0.0,0.0,0.0,0.0,0.0,0.0,0.0,0.29760229865200793,0.025312343046069,0.0,0.026020970714370147,0.0,0.14274017211608214,0.0,0.0,0.0,0.0,0.4153260094369675,0.0,0.0,0.0,0.0,0.0,0.0,0.0,0.0,0.0,0.02318436924826338,0.0,0.8423754882062879,0.0,0.0,0.0,0.0,0.0,0.0,0.0,0.025737561413608275,0.0,0.0,0.0,4.217525430264635,0.471759741653384,1.1063483195051467,1.76659516172927,4.021772856104353,4.6041009840350355,6.3475115291236515,0.0,0.8525582225730353,2.2095469428129153,0.08678376614206665,0.3181143436097735,0.08324741374793612,4.151209392884894,2.9805189137077095,0.0,2.252900028700081,0.98469871033933,0.0,1.8106898730528385,0.0,0.0,0.0,0.02431967919541289,4.118002496752787,2.1188912521784267,4.0
0.0,0.0,0.18751439819281623,0.07874644707664834,0.0,0.0,0.00963381939726868,0.0,0.0,0.0,0.0,0.0615688492680028,0.0,0.0,0.0,0.026162654489675658,0.0,0.0,0.0,0.06529656712778095,0.010636636108736996,0.0,0.06901467791518046,0.0,0.0,0.0,0.0,0.0,0.0,0.0,1.8225670071261075,0.0,0.09410091643886649,0.0,0.0,0.0,0.0,0.0,0.004465436770300531,0.0,0.5722105933123085,0.0,0.13829023377991154,0.0439043942956211,0.0,0.1904252273692713,0.0,0.0,0.0,0.0,0.11809388938681974,0.0,0.00791308164326493,0.0,0.0,0.0,0.0,0.0,0.0,0.0,0.06584800336608129,0.0,0.5940707568515382,0.0,0.0,0.0,0.0,0.008343458529334968,0.0,0.0,0.107553970289646,0.0,0.0,0.0,3.45048545986112,1.0756010848240278,1.2215059220729574,2.108390635379665,3.6750480957145095,4.543192712392521,5.8107052947269295,0.0,0.9024209423153502,0.5655971758542251,0.10232219119668602,0.08773438181972541,0.0504668703506619,4.127839600075298,2.7922723274845245,0.0,3.3288651800074667,0.1644001350244117,0.0,1.7597097905223782,0.0,0.0,0.0,0.07313470463021537,0.6088092426755238,6.891905188211931,5.0
0.019203733973092663,0.0,0.18358179111782255,0.17248751551013405,0.0,0.0,0.0,0.0,0.0,0.0,0.04460395064976797,0.049909522443058005,0.0,0.0,0.0,0.09895848008816877,0.0,0.0,0.0,0.05644480101966811,0.022758397578157615,0.0,0.07135080412884309,0.0,0.0,0.0,0.0,0.0,0.0,0.0,3.9879029205201895,0.0,0.10393399105623309,0.0,0.14886904353100072,0.0,0.0,0.0,0.0,0.0,0.19824268160761352,0.0,0.12008647067252551,0.0,0.0,0.06433104624598394,0.0,0.0,0.0,0.0,0.6862539873547531,0.0,0.0,0.0,0.0,0.0,0.0,0.0,0.0,0.0,0.05032755355842493,0.0,1.1123665230725632,0.0,0.0,0.0,0.0,0.0,0.0,0.0,0.15820774762573614,0.0,0.0,0.0,3.3976660772814404,0.8360857117024058,1.1331689334860438,1.4581194811745064,3.538053873175528,4.296222445535112,7.400540491184866,0.0,3.2070494717096794,1.6000794117921393,0.457856910413769,0.55040819321728,0.030689204071140407,4.185882399015884,2.6051150016894375,0.0,2.9992604292603504,0.848317469836102,0.0,4.2655194105646155,0.0,0.0,0.008200013832136126,0.11396714643300218,1.3311892618980938,5.848698046242179,2.0
0.0,0.0,0.048375704538976265,0.09410091643886649,0.0,0.0,0.34698524674227055,0.0,0.0,0.04404433270602122,0.0,0.03365205248999707,0.0,0.0,0.0,0.0,0.0,0.0,0.0,0.06281249240502118,0.03534238079219708,0.0,0.4361618393144501,0.0,0.0,0.0,0.0,0.0,0.0,0.0,1.6207740658945053,0.0,0.11529964402554728,0.0,0.0,0.0,0.0,0.0,0.0,0.0,0.10379974315766799,0.024745190197137796,0.19534759832221926,0.025454096427749127,0.0,0.7754298708757399,0.0,0.0,0.0,0.0,0.15354595185667388,0.0,0.0,0.0,0.0,0.0,0.0,0.03463831799900894,0.0,0.0,0.0,0.0,0.33159057586623725,0.0,0.0,0.0,0.0,0.0,0.0,0.0,0.5612039207699201,0.0,0.0,0.0,4.317890116540926,0.49886356361895196,1.016852849007337,1.7291829406856718,3.426211072027404,3.646289405946565,6.530089475158876,0.0,1.5707543551338676,0.09125976619267828,0.13540353059765128,0.7688406678774163,0.04851520993393956,3.9262461742360304,3.0075543361382735,0.0,3.253459878481486,0.0802483300921203,0.0,2.297279472578877,0.0,0.0,0.0,0.03562390973072122,2.449085900192351,5.22762171899582,5.0
0.033792988849303096,0.0,0.0439043942956211,0.038014690186715924,0.0,0.0,0.0,0.0,0.0,0.0,0.0,0.008917094736053047,0.0,0.0,0.0,0.029841557136715123,0.0,0.0,0.0,0.07423139418579203,0.004033901284489715,0.0,0.07847320937869356,0.03125402547050081,0.0,0.0,0.0,0.0,0.0,0.0,1.3881344188141453,0.0,0.21101219348551165,0.0,0.0,0.0,0.0,0.0,0.0,0.0,0.17632277264046287,0.0,0.05422334733715443,0.0,0.0,0.2645964794908822,0.0,0.0,0.0,0.005184375859723257,0.1059462119053246,0.0,0.0,0.0,0.0,0.0,0.0,0.0,0.0,0.0,0.03576465360097467,0.0,0.6414535456719408,0.0,0.0,0.0,0.0,0.009490502947452436,0.0,0.0,0.20589292750767074,0.0,0.0,0.0,4.204649389993929,1.3766793472805645,0.694300770342678,1.6336172025615026,3.169203473524853,4.601167589803385,6.124394312155989,0.0,0.9789277763813988,2.324839399441301,0.05935527761642124,0.12604775520593936,0.02701246506258167,3.63411693783391,2.4722798004315503,0.0,3.1693638442498835,1.7440318932143177,0.0,1.4828482830684653,0.0,0.0,0.0,0.018918982163051733,2.41832489907452,5.228726355058498,1.0
0.0,0.0,0.15833702716710066,0.03153635326805325,0.0,0.0,0.011495638837829437,0.0,0.0,0.0,0.0,0.07244885006969244,0.0,0.0,0.0,0.030830430153274503,0.0,0.0,0.0,0.0,0.020768865094571848,0.0,0.07066410077878965,0.0,0.0,0.0,0.0,0.0,0.0,0.0,1.3295254851966554,0.0,0.06419306192749237,0.0,0.0,0.0,0.0,0.0,0.005184375859723257,0.0,0.1348780543431117,0.0,0.0,0.0,0.0,0.0,0.0,0.0,0.0,0.0,0.23854231427915087,0.0,0.0,0.0,0.0,0.0,0.0,0.0,0.0,0.0,0.013926706042921726,0.0,0.44625622988956404,0.0,0.0,0.0,0.0,0.0,0.0,0.0,0.03435659664664159,0.0,0.0,0.0,4.492699229245602,0.7114949066500879,1.0438344199999419,1.8894346028681992,3.274082711239343,4.296817118538909,5.097298965518967,0.0,0.9173171754564221,0.40184887473607567,0.04404433270602122,0.05963215988209959,0.05158092063064492,3.2525216287941996,2.3859555582103464,0.0,3.3901999168345696,0.02048442206508403,0.0,1.5448315519458846,0.0,0.0,0.0,0.0,0.40610123821185984,0.8477564373418108,2.0
0.0,0.0,0.09139518601170002,0.06377902977057126,0.0,0.0,0.0,0.0,0.0,0.0,0.0,0.07395729994332441,0.0,0.0,0.0,0.0,0.0,0.0,0.0,0.0,0.017066724189833377,0.0,0.08106688049188852,0.0,0.0,0.0,0.0,0.0,0.0,0.0,0.8553519010819619,0.0,0.12141333091586493,0.0,0.0,0.0,0.0,0.0,0.0,0.0,0.0,0.08133962745193878,0.0,0.0,0.0,0.36042046610320916,0.0,0.0,0.0,0.0,0.13946949503879597,0.0,0.0,0.0,0.0,0.0,0.0,0.0,0.0,0.0,0.019061365093430198,0.0,0.5564048900385465,0.0,0.0,0.0,0.0,0.0,0.0,0.0,0.05561215668669251,0.0,0.0,0.0,4.171711234054981,0.8140991902745535,0.8158213218338047,1.1931409191448767,2.8708775866492,4.391245308199363,6.14694435119626,0.0,1.5955513994561352,2.941406841109145,0.10581215112923141,0.6849982218829999,0.021906076733622215,3.8972791551231536,2.9211506580471935,0.0,3.010744039424691,0.9420077136879638,0.0,1.2073306531380612,0.0,0.0,0.0,0.01335505866906758,4.120509539885742,0.38216920876824934,2.0
0.0,0.0,0.20826752896869236,0.03815520102596883,0.0,0.0,0.0,0.0,0.0,0.0,0.0,0.07327183642451936,0.0,0.0,0.0,0.04963076772460043,0.0,0.0,0.0,0.041943829970167254,0.033511102361323694,0.0,0.0958569239148305,0.10232219119668602,0.0,0.0,0.0,0.0,0.0,0.0,2.089667630432941,0.0,0.008773707066016134,0.0,0.0,0.0,0.0,0.0,0.0,0.0,0.43999539792323583,0.03280614508324148,0.0,0.05032755355842493,0.22243364060591522,0.2659169143669151,0.0,0.0,0.0,0.0,0.1733833212147234,0.0,0.0,0.0,0.0,0.0,0.0,0.0,0.0,0.0,0.015069321717648201,0.0,1.113500481366378,0.0,0.0,0.0,0.10084312443311183,0.01578299724092746,0.0,0.0,0.08719124956262302,0.0,0.0,0.0,3.480471945227477,0.5132886025247513,1.0441142968214003,1.3550162642195498,3.8968918128449075,4.613071897425256,5.498075307671093,0.0,0.8640177172046234,3.348685669334387,0.2880632003253163,0.13592881552640673,0.07025192182044421,4.435148504740086,3.10282607211719,0.0,2.6030268900815177,1.576183494145623,0.0,2.3048322539323958,0.0,0.0,0.0,0.0,1.9765469398484887,2.277597993700956,1.0
0.0,0.0,0.2199583975849177,0.03717133764464353,0.0,0.0,0.015497569395325591,0.0,0.01378381543309969,0.0,0.0,0.02488699931317951,0.0,0.0,0.0,0.06184530707106949,0.0,0.0,0.0,0.0862402758207441,0.016924144257821412,0.0,0.06253621989538932,0.0,0.0,0.0,0.0,0.0,0.0,0.0,1.2711268267825153,0.0,0.42556672407525103,0.0,0.0,0.0,0.0,0.0,0.010636636108736996,0.0,0.23094077612394048,0.01378381543309969,0.21487083400390522,0.014212444812104711,0.0,0.07901963303483801,0.0,0.0,0.0,0.0,0.29959634878409525,0.0,0.0,0.0,0.0,0.0,0.0,0.0,0.0,0.0,0.025028794491522444,0.0,0.7576206887786192,0.0,0.0,0.0,0.0,0.01321211142685117,0.0,0.0,0.716771456418223,0.0,0.0,0.0,3.1173459613176733,1.6218057347471655,0.7439026792863107,1.1689628840069286,3.5786972376487034,4.549527481506195,4.924503745704061,0.0,0.9159415059801476,0.984844510747831,0.05921681655379864,0.6292866695333577,0.04572253573460056,3.8160159573844266,2.9783603950869533,0.0,3.0639343057540986,1.227433038036978,0.0,1.1831371128691632,0.0,0.0,0.005040616700530137,0.0,0.49865936049888154,5.236044815947398,4.0
0.0,0.0,0.22921874244924687,0.031395196275534325,0.0,0.0,0.009060468156383597,0.0,0.0,0.0,0.0,0.05088474002509346,0.0,0.0,0.0,0.07272323102162045,0.0,0.0,0.0,0.0,0.006621180122379962,0.0,0.11516644963493532,0.0,0.0,0.0,0.0,0.0,0.0,0.0,1.8715676968386112,0.0,0.15691431465323902,0.0,0.0,0.0,0.0,0.0,0.0,0.0,0.04166353172936154,0.016211033155917154,0.04488367823976479,0.008343458529334968,0.0,0.09288396567848443,0.0,0.0,0.0,0.0,0.1253866053658139,0.0,0.0,0.0,0.0,0.0,0.0,0.0,0.0,0.0,0.003746139232894637,0.0,1.0718313020653045,0.0,0.0,0.0,0.0506061736907874,0.007769594145917668,0.0,0.0,0.038295698181544525,0.0,0.0,0.0,4.173399312691237,0.8523185125050438,0.6862539873547531,1.1525079483649028,3.277821133430249,4.447420504590497,5.5544629940674355,0.0,1.5535571093646436,3.556613342743988,0.501413666875781,0.2067682354683216,0.03815520102596883,4.415941154821617,2.9341012777982405,0.0,3.139387633034014,2.277449214705383,0.0,2.234654594935889,0.0,0.0,0.0,0.031112840850249287,2.8075816134673137,4.632966124909667,3.0
0.0,0.0,0.057138304393541776,0.016068368627653675,0.0,0.0,0.0,0.0,0.0,0.0,0.0,0.037030730944967026,0.0,0.0,0.0,0.061707084791597165,0.0,0.0,0.0,0.10259094958809113,0.008486888965491164,0.0,0.038857550020362105,0.03280614508324148,0.0,0.0,0.0,0.0,0.0,0.0,1.3150444704383146,0.0,0.07546417426251252,0.0,0.0,0.0,0.0,0.0,0.005328120695281701,0.0,0.36131920155721625,0.0,0.0,0.03167749645076024,0.0,0.05949372539167156,0.0,0.0,0.0,0.0,0.3248106034204836,0.00791308164326493,0.02828624307910998,0.0,0.0,0.0,0.0,0.0,0.0,0.0,0.037452509939606575,0.0,0.680774425492461,0.0,0.0,0.0,0.0,0.0,0.0,0.0,0.20263712618983767,0.0,0.0,0.0,2.954884916558645,1.0879380037119346,0.9541218467856876,1.6620687448271347,3.5403497063236817,4.575772176953702,5.423329409011893,0.0,1.7017708223790449,0.33913738491958556,0.07929276727285353,0.07833657112117902,0.016211033155917154,3.340505300673985,2.6534269516880618,0.0,3.1571569216820263,1.9020349782581274,0.0,1.832647013483539,0.0,0.0,0.0,0.0,0.918386234446348,3.351317369937684,5.0
0.0,0.0,0.18116617426997692,0.06942721045601417,0.0,0.0,0.0,0.0,0.0,0.0,0.0,0.05088474002509346,0.0,0.0,0.0,0.03435659664664159,0.0,0.0,0.0,0.0,0.0,0.0,0.0959919129246028,0.0,0.0,0.0,0.0,0.0,0.0,0.0,1.333767191658224,0.0,0.030124161455128837,0.0,0.0,0.0,0.0,0.0,0.005759269288684953,0.0,0.019488429591360157,0.04502352169849773,0.0,0.0,0.0,0.06557231159362208,0.0,0.0,0.0,0.0,0.36546858577813096,0.0,0.0,0.0,0.0,0.0,0.0,0.0,0.0,0.0,0.0,0.0,1.0467005867416226,0.0,0.0,0.0,0.0,0.0,0.0,0.0,0.11169907219742026,0.0,0.0,0.0,4.1685056533582046,0.8581401802806509,0.7583884654793523,1.0413831790194066,2.361347278020759,4.398028793030575,6.532542947229517,0.0,0.759155833800272,3.0208044165303836,0.15146919750307983,1.1391420191456887,0.03125402547050081,3.819617095657045,3.0262866163799074,0.0,2.7336146530749232,0.262914176237417,0.0,1.253021095711513,0.0,0.0,0.0,0.0,5.098760617936008,0.35332329116289674,0.0
0.0,0.0,0.10540989404008172,0.03548315212868861,0.0,0.0,0.0,0.0,0.0,0.0,0.0,0.10500752476097375,0.0,0.0,0.0,0.0820212693455023,0.0,0.0,0.0,0.11396714643300218,0.003746139232894637,0.0,0.09707137054390325,0.2932527564278797,0.0,0.0,0.0,0.0,0.0,0.0,3.5747918015028004,0.0,0.0862402758207441,0.0,0.0,0.0,0.0,0.0,0.0,0.0,0.1220763036957359,0.018349309878891815,0.09963185001446039,0.018918982163051733,0.0,0.05325038470225017,0.0,0.0,0.0,0.0,0.40512103545132083,0.0,0.0,0.0,0.0,0.0,0.0,0.0,0.0,0.0,0.0,0.0,1.1452861628035187,0.0,0.0,0.0,0.0,0.008917094736053047,0.0,0.0,0.10272531001108826,0.0,0.0,0.0,3.4550838734393463,0.4407396306149471,1.0470497300459787,1.2532631992598056,3.679390016222215,4.401405198542686,6.323177288487636,0.0,0.9715895355300618,0.2311866132278648,1.3091761874785144,0.4718637684076483,0.10540989404008172,3.8640573489618095,2.8091674567543317,0.0,2.8067983466239546,0.11223305759849703,0.0,2.818543832917051,0.0,0.0,0.0,0.043764442310170244,0.47695191252389657,5.936715665784398,5.0
0.0,0.0,0.2624331576313475,0.0663992289113826,0.0,0.0,0.0,0.0,0.0,0.0,0.0,0.0769694763151108,0.0,0.0,0.0,0.037452509939606575,0.0,0.0,0.0,0.03167749645076024,0.045163351603224475,0.0,0.16014572540457922,0.0,0.0,0.0,0.0,0.0,0.0,0.0,0.8256228318156806,0.0,0.16336991447477647,0.0,0.0,0.0,0.0,0.0,0.006333933722050485,0.0,0.18142064028014165,0.0,0.41975460548561117,0.0504668703506619,0.0,0.7739963251111731,0.0,0.0,0.0,0.0,0.38294386956899057,0.0,0.0,0.0,0.0,0.0,0.0,0.0,0.0,0.0,0.12551885957509096,0.0,0.2873540850292068,0.0,0.0,0.0,0.14899916258776436,0.0,0.0,0.0,0.10581215112923141,0.0,0.0,0.0,3.7668495454799387,1.0092038273298398,1.0404015152842065,2.071144827442108,3.245754241666827,4.3036930880937785,5.840709956426168,0.0,1.6129657791939087,0.19307782154636707,0.021621857851518895,0.0550567933689351,0.038857550020362105,3.213082828217337,2.7080768496217194,0.0,3.518698786205956,0.6487415304917277,0.0,1.0098487673812113,0.0,0.0,0.0,0.023752135898994976,0.34437403328573263,1.498506189188679,5.0
0.0,0.0,0.10728613495222236,0.045442970761167115,0.0,0.0,0.26279393662065453,0.0,0.0,0.03491998434915955,0.0,0.08691960673732627,0.0,0.0,0.0,0.0,0.0,0.0,0.0,0.049909522443058005,0.020057652341253476,0.0,0.13330047622977648,0.0,0.0,0.0,0.0,0.0,0.0,0.0,2.167871708029161,0.0,0.16452886088136873,0.0,0.0,0.0,0.0,0.0,0.0,0.0,0.4377603935399274,0.0,0.2525367666961751,0.06956469509335926,0.0,0.0,0.0,0.0,0.0,0.0,0.3166091843278231,0.0076260923761779465,0.0,0.0,0.0,0.0,0.0,0.0,0.0,0.0,0.07915620661764354,0.0,1.281727919614638,0.0,0.0,0.0,0.0,0.018918982163051733,0.0,0.0,0.09085343045111348,0.0,0.0,0.0,3.6209382443862856,0.5676427922030691,1.1318528459646624,1.7862199575643973,3.901513762935516,4.491955684329497,5.764176276355928,0.0,1.4916478984427748,0.9560566524124029,0.19383481065383806,0.13145778547908782,0.08338358771008252,4.748262634080385,2.8323229488934607,0.0,2.5751428766876576,0.17351124806392174,0.0,2.2669064480268952,0.0,0.0,0.007195501404203766,0.018918982163051733,0.7547165059512393,5.038563482989919,5.0
0.0,0.0,0.0756010848240282,0.10353120987799297,0.0,0.0,0.0,0.0,0.010923027184791876,0.0,0.0,0.01492654423810282,0.0,0.0,0.0,0.1738949605643145,0.0,0.0,0.0,0.041943829970167254,0.0023064673831690087,0.0,0.158854029516618,0.0,0.0,0.0,0.0,0.0,0.0,0.0,2.9430773984563645,0.0,0.2946648560912417,0.0,0.0,0.0,0.0,0.0,0.002882508533121365,0.0,0.06502076994841134,0.0,0.0,0.005615567406909804,0.0,0.0,0.0,0.0,0.0,0.0,0.6539771786363369,0.0043216059500934675,0.01006368334469748,0.0,0.0,0.0,0.0,0.0,0.0,0.0,0.01006368334469748,0.0,1.0899726435389527,0.0,0.0,0.0,0.03435659664664159,0.005328120695281701,0.0,0.0,0.029558897449116415,0.0,0.0,0.0,2.927156906698678,0.9899382642922929,0.8094144442358985,1.2322309538255392,2.999963932173128,4.304649755818126,6.147461381265167,0.0,1.010994616071589,2.8183393113628536,0.7121995626459706,1.1084910025922434,0.12101540096136584,3.775018926197961,2.7613278301097792,0.0,3.4058426382708205,0.29395897902869444,0.0,1.5902427080625905,0.0,0.0,0.004033901284489715,0.13172117115592868,3.1489178395525697,0.37840064244357563,0.0
0.019773069040027156,0.011352507229905218,0.5374451751516318,0.07025192182044421,0.0,0.0,0.025737561413608275,0.0,0.0,0.0,0.0,0.020768865094571848,0.0,0.0,0.0,0.10191895971107164,0.0,0.0,0.0,0.14130198762525845,0.014069582501655862,0.0,0.19370867338242317,0.03646816706929173,0.0,0.0,0.0,0.0,0.0,0.0,1.4368547636265,0.011495638837829437,0.17976580835814965,0.0,0.0,0.0,0.0,0.0,0.01178185945991471,0.0,0.3204269112939921,0.045582760019634974,1.6127771052851991,0.01178185945991471,0.05491791912895793,2.9933664090401484,0.0,0.0,0.0,0.0,0.07642227545860236,0.0,0.0,0.0,0.0,0.0,0.0,0.0,0.0,0.0,0.01578299724092746,0.0,0.882212621892863,0.0,0.0,0.0,0.0,0.0,0.0,0.0,0.127501219215837,0.0,0.0,0.0,4.415508552468166,1.1744064185297487,0.8209754166051623,1.4710313442715275,3.122871469088393,4.656095884151692,6.0025675145272155,0.0,0.5103543408136134,0.2621925881725795,0.08814159686901755,0.07382023329167137,0.04935195913529153,4.5505990458466625,2.362834549233209,0.0,2.9454016961912997,2.5088849689484607,0.0,1.3101655904942828,0.0,0.0,0.01678155023340201,0.06515867512854683,0.9212077971245535,4.100843124433112,5.0
0.0,0.0,0.2167342196001311,0.1676148407551113,0.0,0.0,0.0,0.0,0.0,0.0,0.0,0.1087586143609367,0.0,0.0,0.0,0.06184530707106949,0.0,0.0,0.0,0.19887127951781905,0.0,0.0,0.22897256976016075,0.06488285158485439,0.0,0.0,0.0,0.0,0.0,0.0,3.001225769906316,0.0,0.16722945407166856,0.0,0.0,0.0,0.0,0.0,0.010636636108736996,0.0,0.2907782513201796,0.0,0.11143200536198733,0.06267436276339249,0.0,0.0,0.0,0.0,0.0,0.0,0.37083384817640336,0.01592568999025421,0.0,0.0,0.0,0.0,0.0,0.0,0.0,0.0,0.037452509939606575,0.0,0.8765660587517208,0.0,0.0,0.0,0.0,0.0,0.0,0.0,0.04166353172936154,0.0,0.0,0.0,3.6854916886845515,0.45659590512621256,1.0874628412503393,1.5789870033325797,3.1897613160674134,4.352398371206503,6.180350785564414,0.0,0.7141355938563326,0.4063189706361923,0.3665879953942618,0.2056427419454572,0.17708860210596758,4.669247916430471,3.0619316892713364,0.0,2.501260787727525,1.4835191480147036,0.0,3.1188414299128344,0.0,0.0,0.015069321717648201,0.0,0.7811498517102102,6.813558037126351,5.0
0.018064389360361564,0.0,0.3649085550887148,0.008200013832136126,0.0,0.0,0.023468280503905366,0.0,0.0,0.0,0.0,0.03773362744651491,0.0,0.0,0.0,0.0,0.0,0.0,0.0,0.0,0.0043216059500934675,0.0,0.2562860705850918,0.06584800336608129,0.0,0.0,0.0,0.0,0.0,0.0,0.6112668250730647,0.0,0.0978804340519131,0.0,0.0,0.0,0.0,0.0,0.005328120695281701,0.0,0.3666998885994904,0.08188496672922738,0.4508021528798186,0.021479727410451392,0.0,0.7894371360402844,0.0,0.0,0.0,0.0,0.1714630560025812,0.0,0.00963381939726868,0.0,0.0,0.0,0.0,0.0,0.0,0.0,0.004753055399819502,0.0,0.5780208913023093,0.0,0.0,0.0,0.06488285158485439,0.0,0.0,0.0,0.0211954245144897,0.0,0.0,0.0,4.0913274776911015,0.8068601989433469,1.050188223311478,0.9824369177670543,3.7817164085633825,4.911149870416415,5.594960518695893,0.0,1.5631581304028077,0.13619138628714403,0.21350281998391651,0.019203733973092663,0.04096254777849784,4.144136127262565,2.741725839297143,0.0,3.0854926421644686,0.6922486356733787,0.0,0.8925853151926533,0.0,0.0,0.0,0.0,0.28166857997284495,0.7370810051530993,2.0
0.0,0.0,0.15574923267794485,0.04348449760357947,0.0,0.0,0.05352844098929936,0.0,0.008056554871058458,0.0,0.0,0.0,0.0,0.0,0.0,0.09558690799772399,0.0,0.0,0.0,0.04110277181912811,0.0,0.0,0.17030966883317647,0.025737561413608275,0.0,0.0,0.0,0.0,0.0,0.0,1.9942538591764527,0.0,0.1904252273692713,0.0,0.0,0.0,0.0,0.0,0.00417776078910997,0.0,0.146133828893375,0.016211033155917154,0.21038886444540292,0.02488699931317951,0.0,0.04684025420297235,0.0,0.0,0.0,0.0,0.11076412189980747,0.0,0.007482576331206196,0.0,0.0,0.0,0.0,0.0,0.0,0.0,0.0184917490398792,0.0,0.7388975114253196,0.0,0.0,0.0,0.0,0.0,0.0,0.0,0.21424917025451382,0.0,0.0,0.0,3.9047923537237335,1.0829750272577685,1.0590091000404616,1.384270892542415,2.7118032359988495,4.653117356785456,5.6591139561319785,0.0,0.9209792272356295,1.7863454365852103,0.6235859723997119,0.22700167458903733,0.044184257544003826,4.290940402403678,2.6718594682474768,0.0,4.104890145912558,1.5682753717882771,0.0,2.211448363626663,0.0,0.0,0.0,0.13395801010054917,3.982190460045005,4.90864480764554,4.0
0.0,0.0,0.13907651504611174,0.059908989018685105,0.0,0.0,0.0,0.0,0.0,0.20876694742141266,0.0,0.03520159571856608,0.0,0.0,0.0,0.023752135898994976,0.0,0.0,0.0,0.09747595901326854,0.07203718077288009,0.0,0.0708014676002111,0.0,0.0,0.0,0.0,0.0,0.0,0.0,1.6850430894766806,0.0,0.15107947302881158,0.0,0.0,0.0,0.0,0.0,0.004033901284489715,0.0,0.582363309673199,0.0,0.125915549474723,0.06322680199698132,0.0,0.8212203910006948,0.0,0.0,0.0,0.0,0.2031384971908485,0.0,0.014355292977070054,0.0,0.0,0.0,0.0,0.0,0.0,0.0,0.03548315212868861,0.0,0.867738351762688,0.0,0.0,0.0,0.048654701840346405,0.0,0.0,0.0,0.026304324351908496,0.0,0.0,0.0,1.566425512864505,0.8869792828299956,0.938172856345157,1.803185697875894,3.4584213784833553,4.804017408509831,6.065568003491631,0.0,4.637030547965031,0.05227676545235779,0.047259175478012824,0.04432416881220142,0.11889125217842651,3.482357838251531,2.636682617168484,0.0,3.0174587463616263,0.0,0.0,2.5252169694083215,0.0,0.0,0.0,0.2234225499349372,1.264176087551755,1.834508973561331,5.0
0.0,0.0,0.6108890078544883,0.026162654489675658,0.0,0.0,0.02828624307910998,0.0,0.0,0.0,0.0,0.07505336460450727,0.0,0.0,0.0,0.025595835882683472,0.0,0.0,0.0,0.0,0.01378381543309969,0.0,0.0676387168753633,0.0,0.0,0.0,0.0,0.0,0.0,0.0,2.000252449543465,0.0,0.28688114778816154,0.0,0.0,0.0,0.0,0.0,0.0,0.0,0.36075755751193667,0.0,1.984771612385425,0.008773707066016134,0.0,0.8438230891268957,0.0,0.0,0.0,0.0,0.25845862271790077,0.0,0.007769594145917668,0.0,0.0,0.0,0.0,0.0,0.0,0.0,0.09761079662642233,0.0,0.8568662069844315,0.0,0.0,0.0,0.0,0.008200013832136126,0.0,0.0,0.13724119171159266,0.0,0.0,0.0,3.9444555591242594,0.21051355180046855,1.3572704756795597,1.6006027910980387,3.743051731922937,3.8831711258026136,6.556095220860186,0.0,1.2916035580305647,0.23560453276329896,0.09342495941910291,0.08120326041739433,0.01663894211378915,2.7439457518815424,2.0556815620719746,0.0,2.8639780843586973,0.8512793083857753,0.0,2.0015860923540263,0.0,0.0,0.006190289072069835,0.02431967919541289,0.16349873228287956,5.104554725141975,4.0
0.0,0.0,0.2228045610452611,0.015069321717648201,0.0,0.0,0.0,0.0,0.0,0.31138685816203876,0.0,0.0174943794592725,0.0,0.0,0.0,0.0,0.0,0.0,0.0,0.0,0.00791308164326493,0.0,0.061983516108957325,0.0,0.0,0.0,0.0,0.0,0.0,0.0,3.7960993277034314,0.0,0.1194225826478845,0.0,0.0,0.0,0.0,0.0,0.00992040959306388,0.0,0.3807294485035485,0.0,0.20226098356200264,0.0,0.0,0.21188440194030453,0.0,0.0,0.0,0.0,0.3686007465140949,0.0,0.0,0.0,0.0,0.0,0.0,0.0,0.0,0.0,0.0,0.0,0.8384274219070569,0.0,0.0,0.0,0.0,0.0,0.0,0.0,0.026162654489675658,0.0,0.0,0.0,3.0555427479622854,0.7160690304821807,1.076695901830383,1.537942090749452,3.8059940250667483,4.520962765009056,6.8896670083975975,0.0,0.7283123788436093,0.05741561242724302,0.29136780428530784,0.17235949784814059,0.015212085068503288,4.2156708318128615,3.4894915566990794,0.0,2.628050316979871,0.07601173856964127,0.0,1.6014112767447881,0.0,0.0,0.0,0.018634174139050975,0.17491769523958806,3.823148112105826,5.0
0.013926706042921726,0.0,0.13920752027125408,0.037452509939606575,0.0,0.0,0.0,0.0,0.0,0.0,0.0,0.03632749181776505,0.0,0.0,0.0,0.02446153014099581,0.0,0.0,0.0,0.0,0.006621180122379962,0.0,0.2051422406252982,0.0,0.0,0.0,0.0,0.0,0.0,0.0,0.7244756535966016,0.0,0.10447085776291738,0.0,0.0,0.0,0.0,0.0,0.00417776078910997,0.0,0.06832686143450555,0.0,0.17069423368708325,0.0,0.0,0.13619138628714403,0.0,0.0,0.0,0.00417776078910997,0.06364099264269589,0.0,0.0,0.0,0.0,0.0,0.0,0.0,0.0,0.0,0.029417546835091735,0.0,0.5623767641710539,0.0,0.0,0.0,0.0,0.0,0.0,0.0,0.005471851210059492,0.0,0.0,0.0,4.82873819583647,1.1902355695997704,0.898092235559008,1.6281203274961804,3.2507190834005546,4.9028839629261896,6.1733713274910125,0.0,0.7865127249714007,0.0889556823082184,0.06239806379847849,0.04572253573460056,0.04096254777849784,4.128177901586904,2.6977960557438854,0.0,3.369801468278893,0.3220435058742555,0.0,0.614097304774179,0.0,0.0,0.0,0.007769594145917668,0.4010843015050059,0.6702965041074943,2.0
0.0,0.0,0.09450633868149234,0.08949815083910263,0.0,0.0,0.0,0.0,0.0,0.0,0.0,0.016496319896195974,0.0,0.0,0.0,0.05450121618256057,0.0,0.0,0.0,0.06860202737867155,0.003746139232894637,0.0,0.10514166032342377,0.028852005847493426,0.0,0.0,0.0,0.0,0.0,0.0,1.6396952333995822,0.0,0.21661006874244174,0.0,0.0,0.0,0.0,0.0,0.0,0.0,0.10608026022513196,0.0,0.0,0.0,0.0,0.05255500943410528,0.0,0.0,0.0,0.009490502947452436,0.26651671275450495,0.0,0.0,0.0,0.0,0.0,0.0,0.0,0.0,0.0,0.024745190197137796,0.0,0.6740086086172249,0.0,0.0,0.0,0.0,0.0,0.0,0.0,0.23878685958711648,0.0,0.0,0.0,3.6780831761236175,0.743816530237774,0.920217065962217,1.6971955583196534,2.73768676140986,4.4467260219592415,5.7784898324525065,0.0,0.8028962947918264,0.7330071842526771,0.20751807698254554,0.14038603228305635,0.05644480101966811,3.7367022782929395,2.4556494273164153,0.0,3.5731927237816135,1.4279279276152343,0.0,2.001117655621055,0.0,0.0,0.0,0.0,1.329008750324232,4.362329610171569,5.0
0.019061365093430198,0.0,0.030830430153274503,0.06736336711961023,0.0,0.0,0.024603367140657025,0.0,0.0,0.0,0.0,0.06860202737867155,0.0,0.0,0.0,0.0,0.0,0.0,0.0,0.05575096411845322,0.013497991748977312,0.0,0.05311133645956253,0.0,0.0,0.0,0.0,0.0,0.0,0.0,2.652142272136664,0.0,0.07491640205246167,0.0,0.0,0.0,0.0,0.0,0.011209361420303354,0.0,0.30824436439371317,0.022048165180173156,0.7896875242346396,0.0,0.0,0.6653018037956752,0.0,0.0,0.0,0.0,0.559638644922725,0.0,0.010206942869257081,0.0,0.0,0.0,0.0,0.0,0.0,0.0,0.025170575734906053,0.0,0.576473765104831,0.0,0.0,0.0,0.06818925877896807,0.0,0.0,0.0,1.7673157992248276,0.0,0.0,0.0,3.5473140919560078,0.8030616750913012,1.1214796419052768,1.9155591426583873,3.5012225654090354,5.090264887266795,6.307488636233313,0.0,4.09887428674445,0.057276965073247615,0.4390379628427104,0.08800587129002016,0.18052981281072059,3.8128267732676635,2.7571726302715436,0.0,3.0267823574554713,0.040682058803007765,0.0,2.350780100734856,0.0,0.0,0.0,0.06253621989538932,0.41381068702498464,3.726929282093522,5.0
0.0,0.0,0.2215677885384093,0.033511102361323694,0.0,0.0,0.0,0.0,0.0,0.0,0.0,0.048654701840346405,0.0,0.0,0.0,0.03280614508324148,0.0,0.0,0.0,0.08161232285788984,0.02658762234808418,0.0,0.07505336460450727,0.03449746419944489,0.0,0.0,0.0,0.0,0.0,0.0,2.190678065617533,0.0,0.07929276727285353,0.0,0.0,0.0,0.0,0.0,0.0,0.0,0.30392683648069474,0.0,0.11689701828826238,0.06584800336608129,0.0,0.23572705983805847,0.0,0.0,0.0,0.0,0.14704614341731534,0.0,0.00992040959306388,0.0,0.0,0.0,0.0,0.0,0.0,0.0,0.03449746419944489,0.0,0.9002582124347499,0.0,0.0,0.0,0.19257294138692257,0.01049341924845273,0.0,0.0,0.07203718077288009,0.0,0.0,0.0,4.207916271825275,0.6321751353974845,1.2103265167265191,1.5484859467603156,3.3038684029344063,4.656107328163264,6.617225006034927,0.0,2.561814895683083,0.3551290584841702,0.15354595185667388,0.13422093976063337,0.05074546358139898,3.8224548371111737,3.032894283583491,0.0,2.7039423215680913,2.274082711239343,0.0,2.250446233273805,0.0,0.0,0.0,0.041383179019406156,3.5682996962340483,2.2611998149092822,5.0
0.0,0.0,0.1962293257942208,0.016924144257821412,0.0,0.0,0.012211083950874365,0.0,0.0,0.0,0.0,0.00992040959306388,0.0,0.0,0.0,0.03308816933218775,0.0,0.0,0.0,0.0,0.01335505866906758,0.0,0.07546417426251252,0.0,0.0,0.0,0.0,0.0,0.0,0.0,1.3164354110105,0.0,0.13422093976063337,0.0,0.0,0.0,0.0,0.0,0.005615567406909804,0.0,0.2904244038652997,0.043204498565167566,0.0,0.033511102361323694,0.0,0.06308871201928423,0.0,0.0,0.0,0.0,0.05325038470225017,0.0,0.0,0.0,0.0,0.0,0.0,0.0,0.0,0.0,0.04446406651324603,0.0,0.9632521538166069,0.0,0.0,0.0,0.0,0.0,0.0,0.0,0.45016869730832937,0.0,0.0,0.0,4.58141753489171,1.0753272507070648,0.8794705250869596,1.545227068220152,2.7965354601714467,4.810293993658714,5.821531652618345,0.0,0.7784609208072473,0.08827730968045189,0.09288396567848443,0.2623128779163344,0.02998286621571431,3.9239002895164576,2.8930515027368506,0.0,2.888324380423213,0.025028794491522444,0.0,0.8472753786374907,0.0,0.0,0.0,0.0,3.0781828376112683,2.1367819958324756,2.0
0.015497569395325591,0.008917094736053047,0.26002565596145555,0.007051942516490025,0.0,0.0,0.020057652341253476,0.0,0.0,0.0,0.0,0.09504672450704019,0.0,0.0,0.0,0.13132607460659126,0.0,0.0,0.0,0.0,0.018349309878891815,0.0,0.04348449760357947,0.0,0.0,0.0,0.0,0.0,0.0,0.0,1.5908175633129464,0.0,0.24342536189526542,0.0,0.0,0.0,0.0,0.0,0.009203827329839744,0.0,0.42792792761523446,0.017921907997262315,0.18878069779214163,0.0184917490398792,0.0,0.24330348691813794,0.0,0.0,0.0,0.0,0.41813596395949654,0.0,0.0,0.0,0.0,0.0,0.0,0.0,0.0,0.0,0.08420036167465528,0.0,0.48088550264492513,0.0,0.0,0.0,0.0,0.0,0.0,0.0,0.5400272692575073,0.0,0.0,0.0043216059500934675,3.254578926702472,0.9532279836586488,1.0300535155652004,1.9646573883765779,3.0290287612220532,4.585966026917429,5.746842123326705,0.0,0.6676650900514056,2.841993240056613,0.11383382895927714,0.12220886170022928,0.03520159571856608,4.00943675560809,2.8645328451481205,0.0,3.272769732436511,0.25797611601076476,0.0,1.6350113803283786,0.0,0.0,0.019773069040027156,0.16401388852505705,3.970789246874195,4.619952893066274,3.0
0.0,0.0,0.19610339771480698,0.07258604706859655,0.0,0.0,0.0,0.0,0.0,0.0,0.0,0.03421571533791298,0.0,0.0,0.0,0.028852005847493426,0.0,0.0,0.0,0.0,0.019488429591360157,0.0,0.15743182700418823,0.0,0.0,0.0,0.0,0.0,0.0,0.0,1.4803685373472126,0.0,0.15016970629570192,0.0,0.0,0.0,0.0,0.0,0.0,0.0,0.3495917425567518,0.019061365093430198,0.15185881672700494,0.019488429591360157,0.0,0.5527705244390646,0.0,0.0,0.0,0.0,0.11889125217842651,0.0,0.0,0.0,0.0,0.0,0.0,0.0,0.0,0.0,0.038857550020362105,0.0,0.7543744527125109,0.0,0.0,0.0,0.058939854556232955,0.009203827329839744,0.0,0.0,0.012926174444270048,0.0,0.0,0.0,2.987848362876872,0.9898656228662869,0.7996675839159533,1.2645964794908822,3.2584284707759825,4.734975105870175,5.593682433736578,0.0,0.32688244921584425,0.875072300640186,0.06529656712778095,0.2559236602735635,0.029841557136715123,4.483583637822496,2.7755562918459447,0.0,2.9463004199814455,0.09301923313354474,0.0,0.6814042858128296,0.0,0.0,0.007051942516490025,0.10634831950514671,0.18637377746594408,4.960076092798598,2.0
0.0,0.0,0.11543282612034657,0.08515268056313831,0.0,0.0,0.01321211142685117,0.0,0.0,0.0,0.0,0.021337582965694914,0.0,0.0,0.0,0.0,0.0,0.0,0.0,0.07423139418579203,0.021621857851518895,0.0,0.10259094958809113,0.037452509939606575,0.0,0.0,0.0,0.0,0.0,0.0,1.5472030247569317,0.0,0.0,0.0,0.0,0.0,0.0,0.0,0.0,0.0,0.13645390926865067,0.0,0.0326651122818301,0.024177814301165258,0.0,0.13290581201150653,0.0,0.0,0.0,0.0,0.20113196690788698,0.004609253252589672,0.005471851210059492,0.0,0.0,0.0,0.0,0.0,0.0,0.0,0.024177814301165258,0.0,1.3022313020031184,0.0,0.0,0.0,0.0,0.0,0.0,0.0,0.04739878887541106,0.0,0.0,0.0,4.037426152364707,1.035412768177418,0.7599227941755813,1.9214744162339183,2.897511510582005,4.541799781999403,5.918629525594944,0.0,1.0489336451979225,0.7521491276946994,0.21163525332714944,0.11769504266975457,0.05283319976294459,4.376026383781493,2.924935988266803,0.0,3.2927964705307056,2.4681922897538877,0.0,1.6449637543157618,0.0,0.0,0.0,0.017066724189833377,3.033933911441932,2.7462052590636676,3.0
0.0,0.0,0.10353120987799297,0.03660882860510138,0.0,0.0,0.0,0.0,0.0,0.0,0.03181862582635714,0.03562390973072122,0.0,0.0,0.0,0.024035935455509406,0.0,0.0,0.0,0.059908989018685105,0.0,0.0,0.17466207953358823,0.07423139418579203,0.0,0.0,0.0,0.0,0.0,0.0,1.8384677629078532,0.0,0.16040392586001362,0.0,0.0,0.0,0.0,0.0,0.0,0.0,0.06695024392462703,0.0,0.08610437124329078,0.0,0.0,0.21611335844630125,0.0,0.0,0.0,0.0,0.13566619696904392,0.0,0.0,0.0,0.0,0.0,0.0,0.0,0.0,0.0,0.010923027184791876,0.0,0.7491480671235966,0.0,0.0,0.0,0.0,0.0,0.0,0.0,0.016068368627653675,0.0,0.0,0.0,4.139428564617036,0.4675925087129493,0.8173776714965579,1.1958515085756445,2.2845437449075274,4.919549844395575,5.8820756407632,0.0,0.7469146596478984,0.19559957544990353,0.22465773412073844,0.42395459401489705,0.02800327847275247,3.9754742802236125,2.9249739814208215,0.0,3.0756181977307047,0.04264433740849372,0.0,1.8307420907609153,0.0,0.0,0.0,0.0,3.903153989672956,0.7003509341759644,1.0
0.040682058803007765,0.0,0.2583380111690374,0.03674947642786828,0.0,0.0,0.0,0.0,0.0,0.0,0.0,0.021479727410451392,0.0,0.0,0.0,0.07107616201095888,0.0,0.0,0.0,0.0,0.009777121611529915,0.0,0.08827730968045189,0.07450543636362976,0.0,0.0,0.0,0.0,0.0,0.0,2.2486866268738273,0.0,0.11063050809643417,0.0,0.0,0.0,0.0,0.0,0.0,0.0,0.22835695420104843,0.0,0.3535491357220443,0.02446153014099581,0.0,0.13395801010054917,0.0,0.0,0.0,0.0,0.41975460548561117,0.0,0.0,0.0,0.0,0.0,0.0,0.0,0.0,0.0,0.0,0.0,0.8895514187040189,0.0,0.0,0.0,0.0,0.0,0.0,0.0,0.03210084316702408,0.0,0.0,0.0,3.9527435764601533,0.8513592737457097,0.9991341231864386,1.6129657791939087,3.717824454487637,4.287841639234366,6.03825837995907,0.0,1.3190976378523127,3.633047525686599,0.12035194036522208,0.36569253719753264,0.018776585179183593,3.786763621185051,3.186326232026525,0.0,2.4595103089479933,0.7690099982814709,0.0,1.5178803643962009,0.0,0.0,0.0,0.13185284596466235,3.1746461020481,1.7532622192678569,3.0
0.016353683577834812,0.0,0.07313470463021537,0.02927618237063207,0.0,0.0,0.010636636108736996,0.0,0.0,0.0,0.0,0.03407482027057225,0.0,0.0,0.0,0.028710585954140094,0.0,0.0,0.0,0.024177814301165258,0.011638756246893662,0.0,0.08038478741460452,0.0,0.0,0.0,0.0,0.0,0.0,0.0,2.1818340518428565,0.0,0.14025513403491605,0.0,0.0,0.0,0.0,0.0,0.004896843214847462,0.0,0.2821432287814984,0.018918982163051733,0.10245657665073399,0.029134804053022843,0.0,0.34596403034287176,0.0,0.0,0.0,0.0,0.3010022560328143,0.0,0.008773707066016134,0.0,0.0,0.0,0.0,0.0,0.0,0.0,0.02587927302325896,0.0,0.7668919384112229,0.0,0.0,0.0,0.0,0.0,0.0,0.0,0.0814759815979586,0.0,0.0,0.0,3.6912214726669204,0.9267585319864651,0.841248571306248,1.4554390145630505,3.286541128358679,4.465458657789999,5.641008386296076,0.0,0.6548937574733228,1.086240275820744,0.20864210901516606,0.1087586143609367,0.037030730944967026,3.9932124080309754,2.7499632581692675,0.0,3.177790255505441,1.8174595381466516,0.0,1.554490622288283,0.0,0.0,0.0,0.009060468156383597,2.5310694927259543,5.666444163462202,5.0
0.0,0.0,0.09558690799772399,0.02701246506258167,0.0,0.0,0.0,0.0,0.0,0.0,0.0,0.00791308164326493,0.0,0.0,0.0,0.07792657868506905,0.0,0.0,0.0,0.04432416881220142,0.0036022366801955253,0.0,0.101246656683439,0.1080894918402974,0.0,0.0,0.0,0.0,0.0,0.0,2.8144683915608995,0.0,0.09071795976779981,0.0,0.0,0.0,0.0,0.0,0.0,0.0,0.15743182700418823,0.0,0.0,0.0,0.0,0.0,0.0,0.0,0.0,0.0,0.23890911669840434,0.0,0.0,0.0,0.0,0.0,0.0,0.0,0.0,0.0,0.004033901284489715,0.0,0.7808979772298271,0.0,0.0,0.0,0.0,0.0,0.0,0.0,0.18916037103637567,0.0,0.0,0.0,4.453109273644503,0.2589409681055064,0.942908553580417,1.2916035580305647,3.315377838795213,4.49600847991577,5.964373216147389,0.0,0.771209486866468,0.23707417130215755,0.09639680418715713,0.30474465771863113,0.04096254777849784,3.8901061647911424,2.7355221772965375,0.0,3.098267949583021,1.4295356262781966,0.0,3.5126693631439827,0.0,0.0,0.0,0.01678155023340201,0.26279393662065453,4.024266481494827,2.0
0.0211954245144897,0.0,0.08773438181972541,0.10218779322361488,0.0,0.0,0.01378381543309969,0.0,0.0,0.0,0.0,0.022190239634065988,0.0,0.0,0.0,0.07340895518534003,0.0,0.0,0.0,0.0922074380970889,0.10715219863491048,0.0,0.06571016406526571,0.03899797879750991,0.0,0.0,0.0,0.0,0.0,0.0,1.438718676564791,0.0,0.06446901736844254,0.0,0.0,0.0,0.0,0.0,0.006333933722050485,0.0,0.6289135426617863,0.0,0.19345636574958547,0.03759307554023308,0.0,0.2027624852758868,0.0,0.0,0.0,0.0,0.6023618566308545,0.0,0.011352507229905218,0.0,0.0,0.0,0.0,0.03435659664664159,0.0,0.0,0.06087747289933462,0.0,0.4681140715836343,0.0,0.0,0.0,0.0,0.0,0.0,0.0,0.12048465689545586,0.0,0.0,0.0,2.8866476893304576,0.2556820028122131,1.8667893143153158,1.9985204791990767,4.6386646996796745,2.969288659406997,7.447352724580118,0.0,3.115832298652565,0.19156265070075562,0.05297227481398869,0.6778915569605323,0.11249997620071796,4.423295789239359,2.755656734408239,0.0,3.376693236910634,0.31138685816203876,0.0,1.193014721188105,0.0,0.0,0.0,0.03520159571856608,0.2012574568432411,5.226134706223762,5.0
0.0,0.0,0.22921874244924687,0.06708796480114695,0.0,0.0,0.02800327847275247,0.0,0.0,0.0,0.0,0.022616379067348553,0.0,0.0,0.013926706042921726,0.11076412189980747,0.0,0.0,0.0,0.0,0.010206942869257081,0.0,0.11196608960349229,0.1527675192617688,0.0,0.0,0.0,0.0,0.0,0.0,2.008379317475236,0.0,0.18294649451110198,0.0,0.0,0.0,0.0,0.0,0.0,0.0,0.25785546411515703,0.0,0.0,0.012926174444270048,0.0,0.14077865578279591,0.0,0.0,0.0,0.0,0.45628048151072514,0.0,0.011495638837829437,0.0,0.0,0.0,0.0,0.03491998434915955,0.0,0.0,0.022900402110078828,0.0,0.8661562756737902,0.0,0.0,0.0,0.07724299893246035,0.0,0.0,0.0,0.1614362658259871,0.0,0.0,0.0,3.569406024884728,1.0906502196555257,1.63812018808403,1.2361558226699327,3.2014613547103656,5.163973648567202,5.720918669598269,0.0,0.947329519847386,0.9071214083505338,0.252052275031513,0.10205338272918787,0.1284253890288373,4.880891190138441,3.0139981460409992,0.0,4.250575085597464,2.281609237890246,0.0,3.0964980092502206,0.0,0.0,0.009203827329839744,0.024035935455509406,1.1653009749168648,5.958800924621868,5.0
0.017636903049498446,0.0,0.24366908096686266,0.06239806379847849,0.0,0.0,0.0,0.0,0.010206942869257081,0.0,0.0,0.12446048627433613,0.0,0.0,0.0,0.06101577468162803,0.0,0.0,0.0,0.07683269555739859,0.02488699931317951,0.0,0.10205338272918787,0.0,0.0,0.0,0.0,0.0,0.0,0.0,2.2737247445999804,0.0,0.17491769523958806,0.0,0.0,0.0,0.0,0.0,0.01564029037688224,0.0,0.3578334786294903,0.07970237169737819,0.0,0.03125402547050081,0.048654701840346405,0.17005323530230423,0.0,0.0,0.0,0.0,0.4337072774958546,0.0,0.018634174139050975,0.0,0.0,0.0,0.0,0.0,0.0,0.0,0.08188496672922738,0.0,0.8208937492285653,0.0,0.0,0.0,0.0,0.0,0.0,0.0,0.027578727474282683,0.0,0.0,0.0,3.075070484009306,0.8917302465801187,0.9069675372922726,1.54651174777155,3.2286647948169374,4.643244357359748,5.995839495769163,0.0,0.4111007890854134,0.12565110166152013,0.25386828044171933,0.27596058027806386,0.031959741397545,3.354720137310856,2.8820952102923187,0.0,2.935742601456012,0.23044897620750635,0.0,1.3732862742730245,0.0,0.0,0.0,0.02927618237063207,3.9214268092922953,2.225182367338176,2.0
0.028993411879548688,0.0,0.16285452819051038,0.11450029316519267,0.0,0.0,0.0,0.0,0.0,0.0,0.0,0.08963373610689557,0.0,0.0,0.0,0.05088474002509346,0.0,0.0,0.0,0.04306447866493742,0.0,0.0,0.15743182700418823,0.0,0.0,0.0,0.0,0.0,0.0,0.0,1.6460243730507966,0.0,0.05352844098929936,0.0,0.0,0.0,0.0,0.0,0.008630305143440056,0.0,0.921436330806298,0.13000830410860617,0.0,0.05158092063064492,0.15574923267794485,0.1870075669770331,0.0,0.0,0.0,0.0,0.33559758764193715,0.0,0.0,0.0,0.0,0.0,0.0,0.0,0.0,0.0,0.06832686143450555,0.0,1.0932897300014768,0.0,0.0,0.0,0.0,0.0,0.0,0.0,0.0,0.0,0.0,0.0,3.734048402827413,0.33032892730232594,0.9980510458545544,1.832484990287604,3.7572046390658227,4.640077154411542,6.171723241587625,0.0,0.7156298405366631,0.09909317921910914,0.11423374442708778,0.027578727474282683,0.06557231159362208,3.762136169901112,2.867402305727543,0.0,2.5677401301945975,0.05741561242724302,0.0,1.2817872568158264,0.0,0.0,0.0,0.0,4.28745013146499,2.9789826724085313,1.0
0.0,0.1401242239090707,0.37551214070374395,0.5665716406267606,0.0,0.0,0.0,0.0,0.0,0.0,0.0,0.01678155023340201,0.0,0.0,0.0,0.4358419158092276,0.0,0.0,0.0,0.6433020884847657,0.05227676545235779,0.0,0.13474665536848754,0.0,0.0,0.0,0.0,0.0,0.0,0.0,2.523461591171871,0.0184917490398792,1.4094724036750668,0.0,0.7824924401078212,0.0,0.0,0.0,0.0,0.0,0.26267368698183613,0.4441369565875916,1.4461503401290932,0.14522093708562958,0.0,1.093154487907083,0.0,0.0,0.12008647067252551,0.028852005847493426,0.8113066114697812,0.0,0.1147667926655143,0.0,0.0,0.0,0.0,0.3666998885994904,0.0,0.0,0.45501809696972506,0.0,1.0255958358826835,0.0,0.0,0.0,1.298189070141322,0.2752454897846682,0.0,0.0,0.0,0.0,0.18180225515894124,0.0,2.742329648832644,0.16979675618324852,1.7080106137279665,3.0126938089097304,1.7132998990790167,3.6547104882859713,5.302399482794139,0.0,1.1948435119995195,0.6439485193028281,0.6542522134366909,1.2338267197953958,0.8004133126387573,3.707756681293628,2.608856543376857,0.0,3.8293726408915636,1.6262054829530377,0.0,2.3499313733601146,0.0,0.0,0.07942931500291513,0.05255500943410528,2.982473426441683,2.284484520973164,2.0
0.02856915219677092,0.0,0.490672809713238,0.08841300972672499,0.0,0.0,0.0,0.0,0.0,0.0,0.0,0.1443074672630423,0.0,0.0,0.0,0.09841955776554452,0.0,0.06667476272446016,0.0,0.04236417524800773,0.02715405150372665,0.0,0.1386834279792717,0.0,0.0,0.0,0.0,0.0,0.0,0.0,1.9013786022931818,0.0,0.1525079483649029,0.0,0.0,0.0,0.0,0.0,0.008486888965491164,0.0,0.3560310952722207,0.03308816933218775,0.8295248661977027,0.05074546358139898,0.07874644707664834,1.015354834293464,0.0,0.0,0.0,0.0,0.1284253890288373,0.012926174444270048,0.0,0.0,0.0,0.0,0.0,0.0,0.0,0.0,0.059908989018685105,0.0,1.0207688650945719,0.0,0.0,0.0,0.0,0.0,0.0,0.0,0.24938465863022036,0.0,0.0,0.0,4.894909898872644,0.5454742108401807,1.1235337722909942,1.9834223278435392,3.649339538807394,4.823866523580098,6.193783568717404,0.0,1.2236078949932256,0.31579806304335706,0.16568687702987556,0.04711954856855063,0.051859298835249854,4.397974049326774,2.939188958071082,0.0,3.115615931428109,0.3021727997407522,0.0,1.899794348208829,0.0,0.0,0.0,0.12326888749434657,0.41986245037752395,5.07453968797605,3.0
0.022474346574899225,0.0,0.2381754185773755,0.015212085068503288,0.0,0.0,0.0506061736907874,0.0,0.0,0.023326331860027503,0.0,0.017779412561234692,0.0,0.0,0.0,0.1335635257411058,0.0,0.0,0.0,0.06598582949858534,0.010779838753242763,0.0,0.1682569232085816,0.041383179019406156,0.0,0.0,0.0,0.0,0.0,0.0,1.9248220028011145,0.0,0.09166598752181289,0.0,0.0,0.0,0.0,0.0,0.003314388506677012,0.0,0.1194225826478845,0.013069150019521303,0.10608026022513196,0.0,0.0,0.07519031415521925,0.0,0.0,0.0,0.0,0.13907651504611174,0.0,0.00604663011841478,0.0,0.0,0.0,0.0,0.0,0.0,0.0,0.0,0.0,0.9413317144373813,0.0,0.0,0.0,0.0,0.0,0.0,0.0,0.26002565596145555,0.0,0.0,0.0,4.206416613053314,0.9048116175259127,0.7470006238988336,1.567691462019752,3.140353308834438,4.6919807506032765,5.940037513053939,0.0,1.0969364825029573,0.6876878107322444,0.1575611760911883,0.19937396072182095,0.05838577100035305,4.845409759594841,3.0361340409468074,0.0,3.0090963092852814,2.6490865655401015,0.0,2.6085727159038017,0.0,0.0,0.0,0.0,4.339629128959189,5.458680565984221,5.0
0.0,0.01378381543309969,0.19773960600635554,0.07395729994332441,0.0,0.0,0.0,0.0,0.01378381543309969,0.0,0.0,0.07382023329167137,0.0,0.0,0.0,0.0,0.0,0.0,0.0,0.0,0.017066724189833377,0.0,0.05935527761642124,0.0439043942956211,0.0,0.0,0.0,0.0,0.0,0.0,2.0818168105916977,0.0,0.12802938874064107,0.0,0.0,0.0,0.0,0.0,0.0,0.0,0.3022898018932747,0.054640130538345405,0.34437403328573263,0.04236417524800773,0.0,0.29490007171757004,0.0,0.0,0.0,0.0,0.17785402525994942,0.0,0.0,0.0,0.0,0.0,0.0,0.0,0.0,0.0,0.05630606033187654,0.0,0.9814142995999686,0.0,0.0,0.0,0.0,0.01335505866906758,0.0,0.0,0.02800327847275247,0.0,0.0,0.0,3.653679165088731,0.6363578060358952,1.0406820588030077,1.561790461653818,3.410354673916723,4.9328501656987855,5.938055205757132,0.0,0.4857359429892059,0.19610339771480698,0.20414071678022522,0.17696099208944205,0.04334450487716922,3.8113682708132153,2.8601483836290877,0.0,2.933289358807113,0.6260185327077469,0.0,1.5950261840658537,0.0,0.0,0.030265442857669595,0.01335505866906758,4.528533813312861,2.9011854936927395,3.0
0.04124298223188134,0.0,0.17925624719050748,0.018776585179183593,0.0,0.0,0.02687086472474519,0.0,0.0,0.0,0.0,0.06433104624598394,0.0,0.0,0.0,0.0,0.0,0.0,0.0,0.0,0.0,0.0,0.1497796305759026,0.0,0.0,0.0,0.0,0.0,0.0,0.0,2.4674881735083556,0.0,0.19320401398387493,0.0,0.0,0.0,0.0,0.0,0.0,0.0,0.42974985080021605,0.0,0.24768451276238293,0.07286040193124495,0.0,0.3733976491942119,0.0,0.0,0.0,0.0,0.5820742213963296,0.0,0.022048165180173156,0.0,0.0,0.0,0.0,0.0,0.0,0.0,0.06488285158485439,0.0,0.907506014212663,0.0,0.0,0.0,0.0,0.0,0.0,0.0,0.44773787105356727,0.0,0.0,0.0,3.4762909491766334,0.11290026153254981,1.199122642013601,1.8238716174195606,3.810453386738257,4.108415727837424,6.216606188855983,0.0,0.5108606739676155,2.1335306471750113,0.3545649989544102,0.16812852957694888,0.06529656712778095,4.964588083237826,3.212304742682184,0.0,2.437627248318949,1.714487320570061,0.0,1.83758000021203,0.0,0.0,0.0,0.0,2.355608335750684,2.5356797411983685,5.0
0.0,0.0,0.10982856530708651,0.061707084791597165,0.0,0.0,0.015069321717648201,0.0,0.01335505866906758,0.0,0.0,0.059908989018685105,0.0,0.0,0.0,0.040541793862846835,0.0,0.0,0.0,0.1323794250528661,0.021906076733622215,0.0,0.05755424645808902,0.0,0.0,0.0,0.0,0.0,0.0,0.0,1.8188096675992986,0.0,0.070389327891398,0.0,0.0,0.0,0.0,0.0,0.0,0.0,0.5694910919587163,0.10420244938244294,0.14339341869318775,0.04110277181912811,0.06391705369231143,0.6317096447856027,0.0,0.0,0.0,0.0,0.5076170668043076,0.0,0.0,0.0,0.0,0.0,0.0,0.0,0.0,0.0,0.04851520993393956,0.0,0.6934981087222453,0.0,0.0,0.0,0.0,0.0,0.0,0.0,0.1804025068286491,0.0,0.0,0.0,4.594488834115801,0.5697827124241276,1.2493239736220767,2.089362552827734,3.5932222849104196,3.926151273199897,6.320213876507581,0.0,0.8996396936510471,0.6058735663028463,0.09139518601170002,0.1815478564559564,0.07272323102162045,3.7079222944722985,3.1603555167944193,0.0,2.9796595517158244,0.8865111286752476,0.0,1.7573646723854912,0.0,0.0,0.00992040959306388,0.0,1.3371401799558658,5.51468723139761,5.0
0.0,0.0,0.11490002395719036,0.1265764570133731,0.0,0.0,0.011924948479708557,0.0,0.0,0.0,0.0,0.23890911669840434,0.0,0.0,0.0,0.031959741397545,0.0,0.0,0.0,0.1302719545188591,0.042784398089239506,0.0,0.0676387168753633,0.0,0.0,0.0,0.0,0.0,0.0,0.0,2.1287223179290704,0.0,0.10915993896111068,0.0,0.0,0.0,0.0,0.0,0.0,0.0,0.6860746591953066,0.0,0.058108649401173953,0.021621857851518895,0.0,0.06101577468162803,0.0,0.0,0.0,0.0,0.657091173712153,0.008200013832136126,0.01934608880481197,0.0,0.0,0.0,0.0,0.0,0.0,0.0,0.03365205248999707,0.0,1.1080225625164055,0.0,0.0,0.0,0.06529656712778095,0.0,0.0,0.0,0.20113196690788698,0.0,0.0,0.0,4.018367115543116,0.3556928975662245,1.3234277180609324,2.173415303990496,3.5747796939380354,3.95624255474381,6.237070346062059,0.0,0.8199133799462238,1.0264459803038009,0.4300711279512796,0.10070858859668395,0.04935195913529153,3.8268128512340818,2.758239207562322,0.0,2.626275583049788,0.7042522690959075,0.0,1.5901468765808795,0.0,0.0,0.007769594145917668,0.020342179517185827,3.7504778784443555,1.912113304824806,1.0
0.022900402110078828,0.01321211142685117,0.0874628412503394,0.06101577468162803,0.0,0.0,0.0,0.0,0.01321211142685117,0.0,0.0,0.1048733767260183,0.0,0.0,0.0,0.07901963303483801,0.0,0.0,0.0,0.09922786577486106,0.021621857851518895,0.0,0.049909522443058005,0.0,0.0,0.0,0.0,0.0,0.0,0.0,1.4731634703395615,0.0,0.06956469509335926,0.0,0.0,0.0,0.0,0.0,0.0,0.0,0.3817263586255994,0.0,0.07258604706859655,0.0,0.06308871201928423,0.0,0.0,0.0,0.0,0.0,0.11849262586940461,0.0,0.02431967919541289,0.0,0.0,0.0,0.0,0.0,0.0,0.0,0.012211083950874365,0.0,0.45438649022885746,0.0,0.0,0.0,0.0,0.0,0.0,0.0,0.05325038470225017,0.0,0.0,0.0,3.811409375578187,0.5345596846083164,0.8812730614292485,1.871764810560672,4.413533156501065,4.493781811886532,5.95761516656363,0.0,0.8887724677424417,0.46079497682632115,0.011638756246893662,0.029700234215419886,0.03125402547050081,2.854394677753101,2.58445746907115,0.0,2.3112415233536825,0.19320401398387493,0.0,0.3569325684193453,0.0,0.0,0.009777121611529915,0.0,0.5627675001856,1.8248085779048635,3.0
0.0,0.0,0.29301727204950834,0.047957107396655034,0.0,0.0,1.425405592110948,0.0,0.0,0.0,0.0,0.09882376837969153,0.0,0.0,0.0,0.07436842178155338,0.0,0.0,0.0,0.0,0.010206942869257081,0.0,0.02701246506258167,0.0,0.0,0.0,0.0,0.0,0.0,0.0,1.6318027549241287,0.0,0.16427139768074095,0.0,0.0,0.0,0.0,0.0,0.006333933722050485,0.0,0.2746493101650892,0.02488699931317951,0.19597745864258795,0.03815520102596883,0.22416378734166367,0.267835392097615,0.0,0.0,0.0,0.0,0.20188474283985725,0.0,0.0,0.0,0.0,0.0,0.0,0.0,0.0,0.0,0.02842770457266734,0.0,1.1949695500934179,0.0,0.0,0.0,0.0,0.0,0.0,0.0,0.345850517219489,0.0,0.0,0.0,4.679609584371346,0.9982677263787629,0.8505594206227717,1.6540230214110307,3.4690133246091435,4.434668255614352,6.384113717875341,0.0,1.4632039204286247,4.020102113411595,0.44847812141147714,0.15328652099086262,0.02446153014099581,3.957180995750103,2.889921273129016,0.0,2.8614393148999833,1.5110631574824585,0.0,1.86036693013812,0.0,0.0,0.0,0.03576465360097467,4.01206802330909,3.649132563979108,2.0
0.04334450487716922,0.0,0.35479064923107084,0.0326651122818301,0.0,0.0,0.06529656712778095,0.0,0.0,0.0,0.0,0.01535483429346404,0.0,0.0,0.0,0.0756010848240282,0.0,0.0,0.0,0.14522093708562958,0.010350188169567268,0.0,0.16568687702987556,0.0,0.0,0.0,0.0,0.0,0.0,0.0,1.0536674490388254,0.0,0.17095055331836756,0.0,0.0,0.0,0.0,0.0,0.0,0.0,0.22983399046099756,0.016924144257821412,0.33708307631078743,0.01735184178777496,0.0,0.5009040067013038,0.0,0.0,0.0,0.0,0.15406467367471652,0.0,0.0,0.0,0.0,0.0,0.0,0.023752135898994976,0.0,0.0,0.011638756246893662,0.0,0.6519586530654107,0.0,0.0,0.0,0.10326262660608464,0.008200013832136126,0.0,0.0,0.16838530541475208,0.0,0.0,0.0,5.049081811922787,1.1898561792467188,1.1234013359719142,1.1821837691214683,3.2911172737118215,4.83578767856994,5.862880317317011,0.0,0.9731336653305708,6.100012585763602,0.15484240686923262,0.06295060882280785,0.03646816706929173,4.620128898024572,3.343578377146895,0.0,3.6867918381280593,0.8652853937458617,0.0,1.954791880875085,0.0,0.0,0.006190289072069835,0.07956584981027477,1.2271249344499258,4.062769328312661,5.0
0.03435659664664159,0.0,0.17133494739876848,0.08392815506235927,0.0,0.0,0.011209361420303354,0.0,0.0,0.0,0.0,0.09734110879670181,0.0,0.0,0.0,0.0,0.0,0.0,0.0,0.025737561413608275,0.012354130407874092,0.0,0.09545188108566052,0.06308871201928423,0.0,0.0,0.0,0.0,0.0,0.0,2.5201456268808253,0.0,0.22872635505849842,0.0,0.0,0.0,0.0,0.0,0.0,0.0,0.23988680079572053,0.0,0.0,0.09058247636244234,0.0,0.11383382895927714,0.0,0.0,0.0,0.005328120695281701,0.6266727526059934,0.0,0.0,0.0,0.0,0.0,0.0,0.0,0.0,0.0,0.05436228844968911,0.0,0.9347806726970166,0.0,0.0,0.0,0.062259894470126094,0.0,0.0,0.0,0.020342179517185827,0.0,0.0,0.0,4.381456430146994,0.946656010206915,1.203389117367087,2.0974759590132686,3.338253249509187,4.288247808579146,5.960877712340741,0.0,0.8522386002973688,3.5697948619977153,0.25785546411515703,0.8813513815096612,0.06612364246529363,4.045853563169463,2.678815603024951,0.0,2.722815726337035,2.4441899763792545,0.0,2.0614306004977476,0.0,0.0,0.0,0.047677975144475616,4.042442976354814,2.884285319479481,2.0
0.0,0.0,0.12035194036522208,0.061707084791597165,0.0,0.0,0.0,0.0,0.0,0.0,0.0,0.027295624050907505,0.0,0.0,0.0,0.1465248914774425,0.0,0.0,0.0,0.025737561413608275,0.00417776078910997,0.0,0.14143279092929553,0.0,0.0,0.0,0.0,0.0,0.0,0.0,3.4222195426441493,0.0,0.2524156590326505,0.0,0.0,0.0,0.0,0.0,0.0,0.0,0.05144171138261017,0.0,0.0,0.0,0.0,0.058247216854662685,0.0,0.0,0.0,0.0,0.4059923596758368,0.0,0.0,0.0,0.0,0.0,0.0,0.0,0.0,0.0,0.004609253252589672,0.0,0.8450283146495428,0.0,0.0,0.0,0.0,0.00963381939726868,0.0,0.0,0.0604624879861069,0.0,0.0,0.0,3.95865710767711,0.8840899091335335,0.8484777247699951,1.5941663280509961,3.2832550754012955,4.556423284135903,6.021590768014,0.0,1.4933911508899436,3.9673715299035086,0.32377356369147253,0.5906259703457475,0.07395729994332441,4.20989780320468,3.012532918536056,0.0,3.1015996548368046,1.884910454781184,0.0,4.003521285186099,0.0,0.0,0.007339046008161997,0.00963381939726868,3.0790708496434984,2.3741213766797844,0.0
0.0,0.0,0.0553345017510994,0.03421571533791298,0.0,0.0,0.0,0.0,0.0,0.0,0.0,0.020057652341253476,0.0,0.0,0.0,0.1293489672108409,0.0,0.0,0.0,0.02828624307910998,0.009060468156383597,0.0,0.05921681655379864,0.0,0.0,0.0,0.0,0.0,0.0,0.0,2.639463716903717,0.0,0.2796495785570857,0.0,0.0,0.0,0.0,0.0,0.0,0.0,0.09274868553952377,0.0,0.0,0.011352507229905218,0.0,0.12485746725576015,0.0,0.0,0.0,0.0,0.24549566281992083,0.0,0.0,0.0,0.0,0.0,0.0,0.0,0.0,0.0,0.01006368334469748,0.0,0.8683706967392324,0.0,0.0,0.0,0.0,0.0,0.0,0.0,0.08773438181972541,0.0,0.0,0.0,3.663640643224684,1.4594840793213228,0.79941892199108,1.496002086365443,2.9695649583719113,4.493512843527633,5.753117779913666,0.0,1.0558897581962827,1.7937710585442241,0.19080446812700091,0.5086314776468953,0.013069150019521303,3.9650731493077904,2.5549571523325474,0.0,3.236324230353695,1.778965477250099,0.0,3.115632576212862,0.0,0.0,0.0,0.03167749645076024,2.698374076386239,0.5052812114532669,0.0
0.0,0.0,0.25023398082675447,0.07025192182044421,0.0,0.0,0.012926174444270048,0.0,0.0,0.0,0.0,0.04124298223188134,0.0,0.0,0.0,0.034779158048019,0.0,0.0,0.0,0.029417546835091735,0.004753055399819502,0.0,0.12035194036522208,0.03646816706929173,0.0,0.0,0.0,0.0,0.0,0.0,0.9591766367248945,0.0,0.184978459693331,0.0,0.0,0.0,0.0,0.0,0.0,0.0,0.1147667926655143,0.0,0.0,0.0,0.0,0.06626144226872127,0.0,0.0,0.0,0.0,0.08990486842133553,0.0,0.0,0.0,0.0,0.0,0.0,0.0,0.0,0.0,0.01049341924845273,0.0,1.2847510095342265,0.0,0.0,0.0,0.0709388213434375,0.0,0.0,0.0,0.14156358237500305,0.0,0.0,0.0,4.3589377336453845,1.1187583889798345,0.8706606266792812,1.6788381333417528,3.0418562426198146,4.297264796949936,5.89083333761349,0.0,1.4617380860204663,0.6537020913934612,0.16221003631430692,0.27869848166832445,0.018064389360361564,4.59322826180994,2.7998540522372988,0.0,3.021444192612216,2.9020349782581274,0.0,1.4547023281636882,0.0,0.0,0.0,0.022048165180173156,3.598948740341473,0.6565421333499936,0.0
0.0,0.0,0.0578314745605733,0.0,0.0,0.0,1.9445586338694507,0.0,0.0,0.0,0.0,0.04670058674162228,0.0,0.0,0.0,0.0,0.0,0.0,0.0,0.03322916078511099,0.010636636108736996,0.0,0.05575096411845322,0.0,0.0,0.0,0.0,0.0,0.0,0.0,0.6018866449789776,0.0,0.0615688492680028,0.0,0.0,0.0,0.0,0.0,0.0,0.0,0.4761224198801521,0.0,0.32573179112255435,0.0,0.0,0.27869848166832445,0.0,0.0,0.0,0.0,0.5285713188707577,0.0,0.0,0.0,0.0,0.0,0.0,0.0,0.0,0.0,0.005902956858236406,0.0,1.4662877760097646,0.0,0.0,0.0,0.0,0.0,0.0,0.0,0.1273691466162218,0.0,0.0,0.0,4.590416386399939,0.41943102243145913,1.389016059688509,1.6153692111472018,4.289214769817064,4.115990392644302,5.422024386971024,0.0,0.9613269805139333,0.07683269555739859,0.04502352169849773,0.02389404265570102,0.030689204071140407,2.9958281921190206,2.9475913553732274,0.0,3.1117992095162177,0.07327183642451936,0.0,0.42492208821068794,0.0,0.0,0.009490502947452436,0.01249716268290215,1.967463757910271,2.6629346398755374,5.0
0.0,0.01178185945991471,0.4032677223393011,0.0814759815979586,0.0,0.0,0.0,0.0,0.0,0.0,0.0,0.06364099264269589,0.0,0.0,0.0,0.0,0.0,0.0,0.0,0.17363916357057899,0.019488429591360157,0.0,0.06364099264269589,0.03773362744651491,0.0,0.0,0.0,0.0,0.0,0.0,2.1559111058944835,0.0,0.05644480101966811,0.0,0.0,0.0,0.0,0.0,0.0,0.0,0.5294711598762631,0.0,0.3005337724953679,0.0,0.056722242374540224,0.6641187073387997,0.0,0.0,0.0,0.0,0.09301923313354474,0.0,0.0,0.0,0.0,0.0,0.0,0.0,0.0,0.0,0.03787416566112011,0.0,0.9762903075647676,0.0,0.0,0.0,0.0,0.022758397578157615,0.0,0.0,0.1897929378202589,0.0,0.0,0.0,4.3180130840876485,0.7917724042773657,1.0723116400224266,1.588996402005646,3.671316020577602,4.330178315985889,6.282026435161761,0.0,0.7980090276133933,3.727909566257652,0.18624698614531154,0.09491164702546698,0.06460697529739193,3.8471250148906098,2.769729430856627,0.0,2.8233417617631433,1.4215868731627057,0.0,1.940843295689463,0.0,0.0,0.008773707066016134,0.03407482027057225,2.8870767958271393,4.307778227058192,3.0
0.014069582501655862,0.016068368627653675,0.12776532814854508,0.0439043942956211,0.0,0.0,1.043554488873012,0.0,0.0,0.0,0.0,0.0,0.0,0.0,0.0,0.0,0.0,0.0,0.0,0.0,0.006621180122379962,0.0,0.06515867512854683,0.0,0.0,0.0,0.0,0.0,0.0,0.0,1.657914342680376,0.0,0.11330043583336065,0.0,0.0,0.0,0.0,0.0,0.00417776078910997,0.0,0.09545188108566052,0.016211033155917154,0.0,0.008343458529334968,0.0,0.047259175478012824,0.0,0.0,0.0,0.0,0.16658691407044984,0.0,0.0,0.0,0.0,0.0,0.0,0.0,0.0,0.0,0.011209361420303354,0.0,0.6965280456806738,0.0,0.0,0.0,0.0506061736907874,0.0,0.0,0.0,0.5806279104572651,0.0,0.0,0.0,4.2535355171970455,1.4352018558870658,0.6656656383706794,1.439676323490687,3.2536716568924318,4.506430569453624,6.390984031365318,0.0,1.7444194655751402,0.4008657775662529,0.3306731227091571,0.11116488907888972,0.07231164002242664,4.338146260899378,2.4152719181769684,0.0,3.3796764066106197,1.7888944791604415,0.0,1.9362139010064086,0.0,0.0,0.0,0.06901467791518046,5.4205160875054545,3.6986852223740185,2.0
0.0,0.0,0.2379307695958008,0.014783752627070351,0.0,0.0,0.010636636108736996,0.0,0.0,0.0,0.0,0.07601173856964127,0.0,0.0,0.0,0.057138304393541776,0.0,0.0,0.0,0.3475522769900639,0.038576651452323155,0.0,0.09071795976779981,0.0,0.0,0.0,0.0,0.0,0.0,0.0,2.416380383852046,0.0,0.19559957544990353,0.0,0.0,0.0,0.0,0.0,0.0,0.0,0.15613769788898613,0.019061365093430198,0.0,0.009777121611529915,0.0,0.0550567933689351,0.0,0.0,0.0,0.0,0.4307134676951452,0.0,0.0174943794592725,0.0,0.0,0.0,0.0,0.0,0.0,0.0,0.038857550020362105,0.0,0.8304175979478314,0.0,0.0,0.0,0.11569915343158636,0.0,0.0,0.0,0.22193893162862405,0.0,0.0,0.0,3.861260639453137,0.9744558910206792,0.9440338130095006,1.9952674199042508,3.0909042286779416,4.574725208639127,5.904211911058918,0.0,0.745710621988001,2.619765130774006,0.4366948875528766,1.0551262254762177,0.022474346574899225,3.73650746575899,2.6782747698391707,0.0,2.7395025056103854,0.29442960210932806,0.0,1.9184244004769817,0.0,0.0,0.0,0.0,2.7896875242346395,1.9197977055721394,2.0
0.014355292977070054,0.0,0.1595000220232196,0.10003572116184384,0.0,0.0,0.06391705369231143,0.0,0.0,0.0,0.03322916078511099,0.022474346574899225,0.0,0.0,0.0,0.07409435357387338,0.0,0.0,0.0,0.18052981281072059,0.003458319772411079,0.0,0.13369503251307496,0.026304324351908496,0.0,0.0,0.0,0.0,0.0,0.0,2.659787587181405,0.0,0.11116488907888972,0.0,0.0,0.0,0.0,0.0,0.0,0.0,0.36546858577813096,0.03294716409912902,0.21536797220347947,0.008486888965491164,0.03969991772095141,0.09450633868149234,0.0,0.0,0.0,0.0,0.5130864311341613,0.0,0.0,0.0,0.0,0.0,0.0,0.0,0.0,0.0,0.04488367823976479,0.0,0.8971629633588345,0.0,0.0,0.0,0.0,0.0,0.0,0.0,0.18002052146631284,0.0,0.0,0.0,3.847425726714462,0.6581886279958614,0.886433088211058,1.3847129624220462,3.399882010026675,4.614827610332235,6.246485996755797,0.0,0.8381046532853429,0.2204537860491856,0.2527789515281839,0.4536492660432911,0.048375704538976265,4.037970777742805,2.371753996570084,0.0,3.153043262177517,0.19610339771480698,0.0,1.4144061820877472,0.0,0.0,0.0,0.00791308164326493,0.22391675051899007,5.557796047998008,5.0
0.0,0.0,0.5522786909904362,0.13789693238961925,0.0,0.0,0.014783752627070351,0.0,0.01321211142685117,0.0,0.0,0.03562390973072122,0.0,0.0,0.0,0.0398402645317911,0.0,0.0,0.0,0.03365205248999707,0.042784398089239506,0.0,0.1309308698264487,0.0,0.0,0.013640910669386311,0.0,0.0,0.0,0.0,1.632268215499513,0.0,0.10915993896111068,0.0,0.0,0.0,0.0,0.0,0.006764781878422359,0.0,0.4653998832966054,0.0,0.2696316509404391,0.0,0.23633953916837358,0.07587486697512764,0.0,0.0,0.0,0.0,0.7201908938325967,0.0,0.012211083950874365,0.0,0.0,0.0,0.0,0.0,0.0,0.0,0.024035935455509406,0.0,0.8893177775729695,0.0,0.0,0.0,0.0,0.0,0.0,0.0,0.04432416881220142,0.0,0.0,0.0,4.1315400986686015,0.471759741653384,1.0906502196555257,1.8848323276804992,3.630883028873231,4.44752630116891,5.966303561412599,0.0,1.2055801887752484,0.06832686143450555,0.07901963303483801,0.07669590183038302,0.09626185305840348,3.7008724617450635,2.9940727912342884,0.0,2.6480972442016344,0.767485308688175,0.0,1.5706572203052909,0.0,0.0,0.00963381939726868,0.012640180778770332,2.6004124933182555,2.2330904317476588,3.0
0.0,0.0,0.2900704696015409,0.01006368334469748,0.0,0.0,0.0,0.0,0.0,0.0,0.0,0.09112433366116472,0.0,0.0,0.0,0.07683269555739859,0.0,0.0,0.0,0.03294716409912902,0.005328120695281701,0.0,0.07546417426251252,0.0,0.0,0.0,0.0,0.0,0.0,0.0,1.157367148111488,0.0,0.10675031506086766,0.0,0.0,0.0,0.0,0.0,0.0,0.0,0.3893465361624979,0.025737561413608275,0.07066410077878965,0.05241589415113853,0.0,0.0,0.0,0.0,0.0,0.0,0.34050530067398493,0.0,0.0,0.0,0.0,0.0,0.0,0.0,0.0,0.0,0.04096254777849784,0.0,0.5789870033325797,0.0,0.0,0.0,0.07942931500291513,0.012354130407874092,0.0,0.0,0.09356017616233782,0.0,0.0,0.0,4.245761846225471,0.5291712752313125,1.032383005311653,1.7833309238236756,3.4046987985228054,4.526820019724596,6.011609686672192,0.0,1.1731274334806563,2.4168937744231216,0.1807843910786988,0.11223305759849703,0.0404015152842066,3.0702003911696787,2.773257915027695,0.0,2.7063316226174243,0.811881996218668,0.0,1.398733432736981,0.0,0.0,0.0,0.0,4.1111231476917585,1.1497146077008094,2.0
0.030689204071140407,0.0,0.020057652341253476,0.0,0.0,0.0,0.0,0.0,0.0,0.0,0.0,0.016211033155917154,0.0,0.0,0.0,0.0,0.0,0.0,0.0,0.0,0.021906076733622215,0.0,0.028993411879548688,0.11049688191740235,0.0,0.0,0.0,0.0,0.0,0.0,0.5819778457631138,0.0,0.03787416566112011,0.0,0.0,0.0,0.0,0.0,0.0,0.0,0.1469158480872752,0.0,0.09693648250295737,0.0,0.0,0.0,0.0,0.0,0.0,0.0,0.06502076994841134,0.0,0.0,0.0,0.0,0.0,0.0,0.0,0.0,0.0,0.008200013832136126,0.0,0.3208889803317762,0.0,0.0,0.0,0.0,0.0,0.0,0.0,0.024177814301165258,0.0,0.0,0.0,4.248390620146194,1.212631589720954,0.9967502788491845,1.6085727159038017,2.3009437039095535,4.379600169798256,5.316221785961547,0.0,0.30322547767208885,0.06612364246529363,0.046281503211910255,0.0647449200353551,0.041943829970167254,4.199538864834772,3.0183849209875855,0.0,4.198957690315623,0.15600822110712773,0.0,0.6616584025515393,0.0,0.0,0.0,0.0,2.2250897988676397,5.0059972440490474,3.0
0.0,0.0,0.2487776936497124,0.039419183133397186,0.0,0.0,0.0,0.0,0.0,0.0,0.0,0.009203827329839744,0.0,0.0,0.0,0.0,0.0,0.0,0.0,0.05172011644732764,0.01663894211378915,0.0,0.08120326041739433,0.03238300531165298,0.0,0.0,0.0,0.0,0.0,0.0,1.010135314885185,0.0,0.1506896432473209,0.0,0.0,0.0,0.0,0.0,0.005184375859723257,0.0,0.10232219119668602,0.0,0.0,0.0,0.0,0.058939854556232955,0.0,0.0,0.0,0.0,0.14443799836839158,0.0,0.0,0.0,0.0,0.0,0.0,0.0,0.0,0.0,0.004753055399819502,0.0,0.823912367487802,0.0,0.0,0.0,0.0,0.0,0.0,0.0,0.06791401408846634,0.0,0.0,0.0,4.810257999235673,1.2505978230482337,0.770786768635283,1.263515224048839,3.2697662802389207,4.371802775935964,6.03828691751016,0.0,0.3876933962533128,3.677068432312987,0.5021268887757001,0.730574747887632,0.01206802330909034,4.002576515310449,2.6996182579107946,0.0,3.0356063157814788,0.6406209280356978,0.0,1.060047383669939,0.0,0.0,0.0,0.0,4.847911744959201,1.5978410134914305,2.0
0.0,0.0,0.11223305759849703,0.05477903151961949,0.0,0.0,0.008917094736053047,0.0,0.0,0.0,0.0,0.07052672087668244,0.0,0.0,0.0,0.07107616201095888,0.0,0.0,0.0,0.020342179517185827,0.00647756407120479,0.0,0.1284253890288373,0.0,0.0,0.0,0.0,0.0,0.0,0.0,2.5525492201364055,0.0,0.20589292750767074,0.0,0.10742005883636484,0.0,0.0,0.0,0.0,0.0,0.053945424962785246,0.03153635326805325,0.0,0.0,0.0,0.0,0.0,0.0,0.0,0.0,0.3403913572200783,0.0,0.007339046008161997,0.0,0.0,0.0,0.0,0.0,0.0,0.0,0.0036022366801955253,0.0,0.9393018140996835,0.0,0.0,0.0,0.0,0.015212085068503288,0.0,0.0,0.058247216854662685,0.0,0.0,0.0,4.323153864793678,1.510810048648165,0.9619936774202551,1.3844366846217633,2.8319380276234662,4.4208865749755315,5.889648758009035,0.0,0.8509594026156548,4.491417015928515,0.6329196081178111,1.1532865209908623,0.05255500943410528,3.8931486061837375,3.056063232018519,0.0,2.8794901299850197,1.9683857138476868,0.0,2.7674217449733636,0.0,0.0,0.0,0.0,4.444150211718181,0.42953562627819664,0.0
0.0,0.0,0.15536066283920233,0.025737561413608275,0.0,0.0,0.02772025835592744,0.0,0.0,0.029417546835091735,0.0,0.07354606091515468,0.0,0.0,0.0,0.0,0.0,0.0,0.0,0.0,0.02701246506258167,0.0,0.1460034511389246,0.0,0.0,0.0,0.0,0.0,0.0,0.0,1.6090457306755435,0.0,0.3068455003142828,0.0,0.0,0.0,0.0,0.0,0.00417776078910997,0.0,0.1496495818949754,0.03294716409912902,0.0,0.0,0.0,0.0,0.0,0.0,0.0,0.0,0.24926328606119333,0.0,0.015212085068503288,0.0,0.0,0.0,0.0,0.02318436924826338,0.0,0.0,0.015069321717648201,0.0,0.6572741407435826,0.0,0.0,0.0,0.0,0.0,0.0,0.0,0.24804899843720607,0.0,0.0,0.0,3.9687082592831016,0.815329493974193,1.1977396060063557,1.8957679317843292,1.8557505567646468,4.557606145144247,5.358719762988417,0.0,1.020555538080226,2.5351073764735257,0.39220749896897045,0.18358179111782255,0.05158092063064492,3.700051247949057,2.6214541123321573,0.0,3.523009862764611,2.6728326336622135,0.0,1.6800542482450642,0.0,0.0,0.01206802330909034,0.01592568999025421,3.570535792572022,2.6266493927173786,4.0
0.014640946881753174,0.0,0.26627682332247754,0.0647449200353551,0.0,0.0,0.0,0.0,0.0,0.0,0.0,0.022900402110078828,0.0,0.0,0.0,0.0,0.0,0.0,0.0,0.06419306192749237,0.003458319772411079,0.0,0.10259094958809113,0.0,0.0,0.0,0.0,0.0,0.0,0.0,0.8364089322797382,0.0,0.1467855409887005,0.0,0.0,0.0,0.0,0.0,0.0043216059500934675,0.0,0.04334450487716922,0.0,0.04670058674162228,0.043204498565167566,0.0,0.0,0.0,0.0,0.0,0.0,0.14482952083880904,0.0,0.0,0.0,0.0,0.0,0.0,0.0,0.0,0.0,0.030830430153274503,0.0,0.9319855564142483,0.0,0.0,0.0,0.0526941113038451,0.008200013832136126,0.0,0.0,0.03421571533791298,0.0,0.0,0.0,4.003728152198753,0.7338749185750526,0.8418121397883287,1.574149960509702,3.065606775946436,4.660637740008126,6.103757788127352,0.0,0.8510393857087252,2.081510068120917,0.014783752627070351,0.5281712093096024,0.05283319976294459,3.8871938027242745,2.7672734187468526,0.0,3.1580138065897683,1.233397264101883,0.0,2.0754641742625126,0.0,0.0,0.006190289072069835,0.0,2.9716814942923,0.8173776714965579,2.0
0.0,0.009203827329839744,0.08188496672922738,0.03590538374212795,0.0,0.0,0.01049341924845273,0.0,0.0,0.0,0.0,0.09044698023265137,0.0,0.0,0.0,0.05588975819628299,0.0,0.0,0.0,0.0,0.02658762234808418,0.0,0.11249997620071796,0.0,0.0,0.0,0.0,0.0,0.0,0.0,1.9306994958851993,0.0,0.053945424962785246,0.0,0.0,0.0,0.0,0.0,0.004753055399819502,0.0,0.13829023377991154,0.0550567933689351,0.05130248870063107,0.00963381939726868,0.0,0.20451636970277173,0.0,0.0,0.0,0.0,0.16362753858990575,0.0,0.0,0.0,0.0,0.0,0.0,0.0,0.0,0.0,0.06681250989990178,0.0,0.40414016626392424,0.0,0.0,0.0,0.0,0.0,0.0,0.0,0.09801523386895944,0.0,0.0,0.0,4.482435287992034,0.7632415856585828,0.9578403267062328,1.8317961886316985,3.1141670995470254,4.366098360558252,5.700165025051116,0.0,0.5090370423528872,0.0553345017510994,0.16954023145979727,0.1866273266829219,0.014640946881753174,3.141073053302619,2.4319438200543484,0.0,3.108491002592243,0.02389404265570102,0.0,1.9908096762325465,0.0,0.0,0.013640910669386311,0.008917094736053047,0.07217441692431663,0.5168220234457761,2.0
0.0,0.0,0.11529964402554728,0.015069321717648201,0.0,0.0,0.0,0.0,0.0,0.0,0.0,0.034779158048019,0.0,0.0,0.0,0.0578314745605733,0.0,0.0,0.0,0.09626185305840348,0.0,0.0,0.19660704409481772,0.0,0.0,0.0,0.0,0.0,0.0,0.0,0.8822908909850233,0.0,0.010350188169567268,0.0,0.0,0.0,0.0,0.0,0.0,0.0,0.15807845649862637,0.0,0.0,0.0,0.0,0.10956115195305141,0.0,0.0,0.0,0.0,0.26183165875213665,0.0,0.03520159571856608,0.0,0.0,0.0,0.0,0.0,0.0,0.0,0.04362447674703463,0.0,0.6744606515602588,0.0,0.0,0.0,0.0,0.0,0.0,0.0,0.10151561549124423,0.0,0.0,0.0,4.102145791289284,0.7427823402000189,0.9690860065299403,1.5851548472371253,2.54779528436946,4.539723368368422,5.0900065299038175,0.0,0.8879930959764782,0.8640177172046234,0.344942090560028,0.05450121618256057,0.030265442857669595,3.4572002743636148,2.67335289465987,0.0,3.5280586584995577,2.1726155218134777,0.0,0.9782688610738091,0.0,0.0,0.0,0.03674947642786828,2.75056363064605,2.37920505996061,3.0
0.0,0.0,0.14482952083880904,0.020911065581689963,0.0,0.0,0.0,0.0,0.0,0.0,0.0,0.016211033155917154,0.0,0.0,0.0,0.08011185986159819,0.0,0.0,0.0,0.0,0.01106620140620535,0.0,0.15315678806142052,0.0,0.0,0.0,0.0,0.0,0.0,0.0,2.019417260953559,0.0,0.08868437153339145,0.0,0.0,0.0,0.0,0.0,0.0,0.0,0.11928976837475146,0.0,0.09734110879670181,0.0,0.0,0.05199846779700237,0.0,0.0,0.0,0.0,0.0439043942956211,0.0,0.0,0.0,0.0,0.0,0.0,0.0,0.0,0.0,0.012354130407874092,0.0,0.9130329999521413,0.0,0.0,0.0,0.05575096411845322,0.008630305143440056,0.0,0.0,0.08882003329858511,0.0,0.0,0.0,4.067199853333658,0.8464732574999096,0.7761882305794445,1.463465519921787,2.9032889840960387,5.466649957638414,5.936687401984612,0.0,0.7075247908996078,0.22008226064924694,0.2785795504584233,0.15561972102644722,0.05575096411845322,4.0689888907142535,2.7352622088228387,0.0,3.280778192336801,1.3949530846963614,0.0,2.2565578185870256,0.0,0.0,0.0,0.0172092900322231,3.3545791031307437,4.054674857037424,3.0
0.0,0.0172092900322231,0.06708796480114695,0.05325038470225017,0.0,0.0,0.751035176667862,0.0,0.0,0.0,0.0,0.061707084791597165,0.0,0.0,0.0,0.026304324351908496,0.0,0.0,0.0,0.1685136761974936,0.038717107572853585,0.0,0.07368315361643984,0.027578727474282683,0.0,0.0,0.0,0.0,0.0,0.0,2.0425743019687417,0.0,0.05921681655379864,0.0,0.0,0.0,0.0,0.0,0.0,0.0,0.380175311742025,0.0,0.22441078187075333,0.04404433270602122,0.0,0.14561224716647592,0.0,0.0,0.0,0.0,0.19559957544990353,0.006764781878422359,0.0,0.0,0.0,0.0,0.0,0.0,0.0,0.0,0.011924948479708557,0.0,1.2751858829079317,0.0,0.0,0.0,0.0,0.008343458529334968,0.0,0.0,0.6491095649429298,0.0,0.0,0.0,4.729139425067683,0.8120463497208836,1.3877485314468259,1.491083453718256,3.977902666935008,4.434174499588897,6.80055438807852,0.0,3.2315706498586505,0.17274351676018718,0.2697513220483746,0.08133962745193878,0.0506061736907874,3.4306599503051403,2.910502426238798,0.0,2.668504941810342,1.3000065466091633,0.0,1.8977825446614167,0.0,0.0,0.006333933722050485,0.1126334169852453,1.0627434292373452,3.379773429454765,5.0
0.0,0.0,0.2090165918312567,0.026162654489675658,0.0,0.0,0.06515867512854683,0.0,0.0,0.0,0.0,0.06032413315110383,0.0,0.0,0.0,0.12393100831963119,0.0,0.0,0.0,0.08474462086846798,0.003458319772411079,0.0,0.11529964402554728,0.0,0.0,0.0,0.0,0.0,0.0,0.0,1.9306238095519508,0.0,0.13422093976063337,0.0,0.0,0.0,0.0,0.0,0.0,0.0,0.20451636970277173,0.0,0.21958674457331648,0.008773707066016134,0.0,0.09653174269362867,0.0,0.0,0.0,0.004465436770300531,0.13986236801564095,0.0,0.0,0.0,0.0,0.0,0.0,0.0,0.0,0.0,0.015497569395325591,0.0,0.9551639876169508,0.0,0.0,0.0,0.0,0.008200013832136126,0.0,0.0,0.10017031975697704,0.0,0.0,0.0,4.233121117919818,0.915176677970458,0.8297683932835346,1.1556844783054887,3.567156003710787,4.594512720586229,6.167365956962836,0.0,1.7099963689114013,3.86709584257842,0.19433924948446313,0.20263712618983767,0.04292444517384094,3.9640751217094214,3.1793836543562977,0.0,2.896407488707362,1.5477459386871437,0.0,2.527495772703096,0.0,0.0,0.0,0.02431967919541289,3.885457226053902,4.582784792933344,4.0
0.0,0.0,0.10822334117387104,0.06336487875842937,0.0,0.0,0.0,0.0,0.016496319896195974,0.0,0.0,0.11583229865256488,0.0,0.0,0.0,0.0,0.0,0.0,0.0,0.1614362658259871,0.006764781878422359,0.0,0.07052672087668244,0.0,0.0,0.0,0.0,0.0,0.0,0.0,0.690551189536642,0.0,0.1595000220232196,0.0,0.0,0.0,0.0,0.0,0.0,0.0,0.4411647341291503,0.03294716409912902,0.17466207953358823,0.0,0.1525079483649029,0.0,0.0,0.0,0.0,0.0,0.0504668703506619,0.0,0.015212085068503288,0.0,0.0,0.0,0.0,0.04600204654452046,0.0,0.0,0.0,0.0,0.7589853427765698,0.0,0.0,0.0,0.0,0.01592568999025421,0.0,0.0,0.011209361420303354,0.0,0.0,0.0,4.457252816247257,0.0398402645317911,1.187451054027326,1.5819296555320983,4.49227622481919,2.6848860467936517,6.246476495821368,0.0,0.722640885999805,1.7533050133365553,0.12525433903146602,0.016924144257821412,0.03238300531165298,2.7179779525123933,2.588036971870606,0.0,2.752084884663649,0.092478087200385,0.0,1.6539771786363366,0.0,0.0,0.0,0.0,0.15094954147192735,2.4166776322389816,3.0
0.0,0.0,0.18243805572490956,0.0,0.0,0.0,0.2940766491923655,0.0,0.0,0.12446048627433613,0.0,0.0852886748169873,0.0,0.0,0.0,0.07189993156563308,0.0,0.0,0.0,0.0,0.004896843214847462,0.0,0.0769694763151108,0.0,0.0,0.0,0.0,0.0,0.0,0.0,1.5286213247646256,0.0,0.07258604706859655,0.0,0.0,0.0,0.0,0.0,0.0,0.0,0.14873891273752513,0.01206802330909034,0.03337013846059218,0.018634174139050975,0.0,0.06942721045601417,0.0,0.0,0.0,0.0,0.19887127951781905,0.0,0.0,0.0,0.0,0.0,0.0,0.0,0.0,0.0,0.008343458529334968,0.0,0.6751836257878111,0.0,0.0,0.0,0.17912882877215228,0.0,0.0,0.0,0.06818925877896807,0.0,0.0,0.0,4.287605269893654,1.1586601753464982,0.8414096133381045,1.825256474425678,2.7938334718965447,4.077379740797014,5.13471791024742,0.0,0.4480551677171875,0.3400494728531664,0.1649149695524513,0.15289728719897241,0.023752135898994976,4.159491948901871,3.517389088363263,0.0,3.1611782500798125,0.7990873060740036,0.0,1.0119249484797086,0.0,0.0,0.008917094736053047,0.005759269288684953,3.118210198911932,5.09156021173166,2.0
0.0,0.0,0.22872635505849842,0.05880135361618622,0.0,0.0,0.0,0.0,0.0,0.0,0.0,0.06818925877896807,0.0,0.0,0.0,0.0,0.0,0.0,0.0,0.0,0.004465436770300531,0.0,0.11490002395719036,0.0,0.0,0.0,0.0,0.0,0.0,0.0,1.6134373560427742,0.0,0.023326331860027503,0.0,0.0,0.0,0.0,0.0,0.0,0.0,0.09180136921767433,0.021906076733622215,0.11796095273241665,0.0,0.05227676545235779,0.06322680199698132,0.0,0.0,0.0,0.0,0.05338941954463493,0.0,0.0,0.0,0.0,0.0,0.0,0.0,0.0,0.0,0.005040616700530137,0.0,0.9934207584128849,0.0,0.0,0.0,0.0,0.0,0.0,0.0,0.06557231159362208,0.0,0.0,0.0,4.513471795879067,0.2067682354683216,0.9216648282923319,1.4230402533615127,3.3191843669419354,4.191744239457945,6.65036822300208,0.0,0.5483379755086202,0.24354722657759398,0.24695526504295232,0.07669590183038302,0.030124161455128837,4.114575251125544,2.921322068490606,0.0,2.707105084941604,0.2932527564278797,0.0,1.3726735584687613,0.0,0.0,0.0,0.0,0.20451636970277173,4.582218772775729,3.0
0.014355292977070054,0.0,0.3036930880937789,0.057276965073247615,0.0,0.0,0.0,0.0,0.0,0.0,0.0,0.05199846779700237,0.0,0.0,0.009203827329839744,0.049909522443058005,0.0,0.0,0.0,0.08311122693130706,0.006764781878422359,0.0,0.13815914522947026,0.0,0.0,0.0,0.0,0.0,0.0,0.0,0.9598443278569626,0.0,0.30392683648069474,0.0,0.0,0.0,0.0,0.0,0.0043216059500934675,0.0,0.0972062459743658,0.0,0.21574071346401794,0.025454096427749127,0.0,0.2260152164029879,0.0,0.0,0.0,0.0,0.22798745873459308,0.0,0.0,0.0,0.0,0.0,0.0,0.0,0.0,0.0,0.06336487875842937,0.0,0.8665519573747674,0.0,0.0,0.0,0.05158092063064492,0.0,0.0,0.0,0.16530097491686477,0.0,0.0,0.0,4.21495629182441,0.6548937574733228,0.9584343950864157,1.7042965418788394,2.837499267417331,4.557434598497882,5.421391631882804,0.0,0.8249714654562265,4.11026300631827,0.13881446890228188,0.4216945811802921,0.03576465360097467,4.084761625660294,2.7779982556686695,0.0,2.992840926185682,0.43807989194470764,0.0,0.9157121001480224,0.0,0.0,0.0,0.02389404265570102,3.154113294284407,1.811881996218668,4.0
0.0,0.0,0.18928690658361216,0.02772025835592744,0.0,0.0,0.0,0.0,0.0,0.0,0.0,0.024177814301165258,0.0,0.0,0.0,0.02701246506258167,0.0,0.0,0.0,0.022900402110078828,0.0036022366801955253,0.0,0.0526941113038451,0.02842770457266734,0.0,0.0,0.0,0.0,0.0,0.0,0.7739119545131264,0.0,0.10621429609096804,0.0,0.0,0.0,0.0,0.0,0.013640910669386311,0.0,0.24159615530954037,0.0,0.09693648250295737,0.03646816706929173,0.0,0.6967060792516888,0.0,0.0,0.0,0.0,0.08596845386216505,0.0,0.008200013832136126,0.0,0.0,0.0,0.0,0.0,0.0,0.0,0.07587486697512764,0.0,0.5949306698123918,0.0,0.0,0.0,0.0,0.0,0.0,0.0,0.11676397129772323,0.0,0.0,0.0,3.350864946017271,1.1616942354361315,0.8069426645777624,1.0233263318600274,3.3005776992901144,5.118999194518392,5.609890858400975,0.0,0.4262110720274044,0.06612364246529363,0.007769594145917668,0.05588975819628299,0.014069582501655862,3.788038336064713,2.891380299663206,0.0,2.8275141976892098,0.35648190225687115,0.0,1.0861043712432907,0.0,0.0,0.0,0.0756010848240282,0.2621925881725795,5.215290305651234,3.0
0.0,0.0,0.19585150857564437,0.025595835882683472,0.0,0.0,0.0,0.0,0.0,0.0,0.0,0.007482576331206196,0.0,0.0,0.0,0.049491370165103715,0.0,0.0,0.0,0.0,0.013497991748977312,0.0,0.07874644707664834,0.026162654489675658,0.0,0.0,0.0,0.0,0.0,0.0,0.8538360040379224,0.0,0.2692725780450138,0.0,0.0,0.0,0.0,0.0,0.00417776078910997,0.0,0.13606010688026618,0.0,0.08949815083910263,0.0,0.0,0.18231091802569632,0.0,0.0,0.0,0.0,0.17312743348065618,0.006333933722050485,0.0,0.0,0.0,0.0,0.0,0.0,0.0,0.0,0.05199846779700237,0.0,0.7092023947960305,0.0,0.0,0.0,0.0,0.0,0.0,0.0,0.07107616201095888,0.0,0.0,0.0,4.636160563592717,0.8571848057912005,1.0054718512100596,1.9335348708807973,2.774860839378775,4.5924630173387575,5.597626516470906,0.0,0.6728326336622132,1.020555538080226,0.14443799836839158,0.1046050432293108,0.03548315212868861,3.8574336621630403,2.771463058365651,0.0,3.411426245726465,1.7163763839121258,0.0,0.9604375717783062,0.0,0.0,0.00604663011841478,0.0,4.512454462873314,3.0692209589308392,1.0
0.0,0.0,0.2916035580305647,0.0,0.0,0.0,0.01735184178777496,0.0,0.0,0.0,0.0,0.02786177535450958,0.0,0.0,0.0,0.046421211248710355,0.0,0.0,0.0,0.0,0.012640180778770332,0.0,0.13658515284762576,0.0,0.0,0.0,0.0,0.0,0.0,0.0,2.009024626137056,0.0,0.23621706410222007,0.0,0.0,0.0,0.0,0.0,0.0,0.0,0.19937396072182095,0.060739157857678534,0.0,0.01592568999025421,0.0,0.0,0.0,0.0,0.0,0.0,0.34709867062226835,0.0,0.0,0.0,0.0,0.0,0.0,0.0,0.0,0.0,0.014069582501655862,0.0,0.8184415757641648,0.0,0.0,0.0,0.0,0.0,0.0,0.0,0.21449786790051648,0.0,0.0,0.0,4.8412536041418575,0.9221217147231184,1.019986511778558,1.8483975995281934,2.813832486128809,4.217401347478694,5.719435369782001,0.0,0.6269530417706652,1.8477965183275442,0.2597846846829784,0.1928254035523912,0.012211083950874365,4.506963662244245,2.6798741477466232,0.0,3.020822191919768,0.8836208162856714,0.0,0.777619601072133,0.0,0.0,0.011352507229905218,0.07272323102162045,3.133514207610975,0.6735564239901447,0.0
0.0,0.0,0.025170575734906053,0.12604775520593936,0.0,0.0,0.0,0.0,0.0,0.0,0.0,0.09882376837969153,0.0,0.0,0.0,0.03393391144193176,0.0,0.0,0.0,0.05686094304675096,0.018349309878891815,0.0,0.09491164702546698,0.070389327891398,0.0,0.0,0.0,0.0,0.0,0.0,3.0616034093906768,0.0,0.0647449200353551,0.0,0.0,0.0,0.0,0.0,0.0,0.0,0.29771967204351296,0.02233230009805639,0.23229236208914864,0.011495638837829437,0.05352844098929936,0.1861201836806385,0.0,0.0,0.0,0.0,0.35614381022527536,0.0,0.0,0.0,0.0,0.0,0.0,0.0,0.0,0.0,0.005184375859723257,0.0,1.193077821546367,0.0,0.0,0.0,0.06942721045601417,0.010779838753242763,0.0,0.0,0.08174865123416789,0.0,0.0,0.0,3.6234806247538516,0.3893465361624979,1.0928839656784843,1.5570914439986954,3.030795124928784,4.685491688684552,6.086868668012968,0.0,1.2621925881725795,0.7964316310656951,0.3793991625255783,0.15743182700418823,0.10312831621722547,4.4079645090407,3.0053460877927383,0.0,2.695615278644178,2.456543339312471,0.0,3.797666713062559,0.0,0.0,0.0,0.0,2.130271954518859,4.1201611389611,4.0
0.0,0.0,0.22934181304355386,0.022190239634065988,0.0,0.0,0.031959741397545,0.0,0.0,0.0,0.0,0.03435659664664159,0.0,0.0,0.0,0.028852005847493426,0.0,0.0,0.0,0.28924428515664247,0.0038900274333718426,0.0,0.12961273813046964,0.0,0.0,0.0,0.0,0.0,0.0,0.0,1.195473592387265,0.0,0.09423606984576555,0.0,0.0,0.0,0.0,0.0,0.014640946881753174,0.0,0.20037879798402625,0.0,0.15237814540103928,0.009777121611529915,0.0,0.34857237015964093,0.0,0.0,0.0,0.0,0.22946487314009217,0.0,0.008773707066016134,0.0,0.0,0.0,0.0,0.0,0.0,0.0,0.02176397429165667,0.0,1.1934563657495856,0.0,0.0,0.0,0.0,0.009203827329839744,0.0,0.0,0.13645390926865067,0.0,0.0,0.0,4.300841231975402,0.8006618032449503,0.7657893171440197,1.329181015847041,3.5467586704347727,4.334768477184712,6.115532704623685,0.0,1.0275787274742825,1.1327084394083,0.18103892443166827,0.10782175591285359,0.026304324351908496,4.278854564003992,2.963252153816607,0.0,3.2002532315936874,0.5683240202697064,0.0,2.2916624904478393,0.0,0.0,0.0,0.03646816706929173,1.8931291860172121,3.8158315664648237,2.0
0.018634174139050975,0.0,0.14535138557262012,0.01678155023340201,0.0,0.0,0.0,0.0,0.0,0.0,0.0,0.02927618237063207,0.0,0.0,0.0,0.1265764570133731,0.0,0.0,0.0,0.10742005883636484,0.004465436770300531,0.0,0.12974460550781922,0.0,0.0,0.0,0.0,0.0,0.0,0.0,1.2388479894378022,0.0,0.11689701828826238,0.0,0.0,0.0,0.0,0.0,0.0,0.0,0.07299755979995012,0.021621857851518895,0.0,0.0,0.0,0.06239806379847849,0.0,0.0,0.0,0.0,0.1585955515008968,0.0,0.0,0.0,0.0,0.0,0.0,0.0,0.0,0.0,0.00992040959306388,0.0,1.011853405743789,0.0,0.0,0.0,0.0,0.0,0.0,0.0,0.1401242239090707,0.0,0.0,0.0,4.359324374751704,1.0672256725319713,0.6863436430761807,1.0846085753178094,3.455609977262656,4.404392258821056,5.931735053650469,0.0,0.8800977497219742,2.8262332208022727,0.2439127588731744,0.5679347864778164,0.012783184698289592,4.198313412547001,2.8766642781098204,0.0,3.0029185034693366,2.102389385488442,0.0,1.8702266088322037,0.0,0.0,0.0,0.030971642412075527,4.45695067428125,1.818932344010497,0.0
0.0,0.0,0.14274017211608214,0.05644480101966811,0.0,0.0,0.03280614508324148,0.0,0.014640946881753174,0.0,0.0,0.09098888841477233,0.0,0.0,0.0,0.12921706366415378,0.0,0.0,0.0,0.037452509939606575,0.018064389360361564,0.0,0.18103892443166827,0.046560905757741196,0.0,0.0,0.0,0.0,0.0,0.0,2.2814905464018302,0.0,0.09180136921767433,0.0,0.19333019538430424,0.0,0.0,0.0,0.007482576331206196,0.0,0.545573056035032,0.05797006863732994,0.0,0.0,0.0,0.0,0.0,0.0,0.0,0.0,0.2736949100370791,0.0,0.0,0.0,0.0,0.0,0.0,0.0,0.0,0.0,0.02019992294349774,0.0,0.8095790790689983,0.0,0.0,0.0,0.0,0.014212444812104711,0.0,0.0,0.2979543901829535,0.0,0.0,0.0,4.39678970827808,0.6601984618378538,1.0167102479356687,1.9793668861217812,3.357495703225234,4.678674780572733,5.991943538904116,0.0,0.9911000299524475,0.7941870965668001,0.2810750492774744,0.1712068274181424,0.04600204654452046,3.6597761723259734,2.4911860964589265,0.0,2.869358181234033,1.9085823654788137,0.0,2.8124160766579416,0.0,0.0,0.010779838753242763,0.014212444812104711,1.8660375499986306,4.440427365431226,2.0
0.0,0.0,0.060185765046563026,0.16053300876090848,0.0,0.0,0.01106620140620535,0.0,0.0,0.0,0.0,0.026729250487489024,0.0,0.0,0.0,0.08787013294105718,0.0,0.0,0.0,0.07450543636362976,0.03210084316702408,0.0,0.08882003329858511,0.4348817194071346,0.0,0.0,0.0,0.0,0.0,0.0,1.9977982107713204,0.0,0.2608687386156793,0.0,0.0,0.0,0.0,0.0,0.0,0.0,0.05032755355842493,0.0,0.05436228844968911,0.02019992294349774,0.09288396567848443,0.11196608960349229,0.0,0.0,0.0,0.0,0.3417580850787212,0.0076260923761779465,0.009060468156383597,0.0,0.0,0.0,0.0,0.0,0.0,0.0,0.013497991748977312,0.0,1.44726179517457,0.0,0.0,0.0,0.0,0.009490502947452436,0.0,0.0,0.046281503211910255,0.0,0.0,0.0,3.2918392732571147,0.3908877595500094,0.9968948664461074,1.8824474164317306,2.4353352251235587,5.834926067128528,5.712939631305699,0.0,1.573180602789373,1.158854029516618,0.4118600737378197,0.06736336711961023,0.15561972102644722,4.959376049077956,3.2626887187348266,0.0,3.2484589347817816,2.50255974439609,0.0,4.143401582403911,0.0,0.0,0.0,0.009490502947452436,3.0237343965729258,1.941632197654482,2.0
0.0,0.0,0.26399588207123914,0.029841557136715123,0.0,0.0,0.0,0.0,0.0,0.0,0.0,0.008773707066016134,0.0,0.0,0.0,0.11356715704707816,0.0,0.0,0.0,0.07286040193124495,0.02361021518264534,0.0,0.10178452416693216,0.030689204071140407,0.0,0.0,0.0,0.0,0.0,0.0,1.8520388004104889,0.0,0.22502808325404902,0.0,0.0,0.0,0.0,0.0,0.004896843214847462,0.0,0.21698248926876829,0.01934608880481197,0.05325038470225017,0.029700234215419886,0.04614178164472063,0.0,0.0,0.0,0.0,0.0,0.4316764413926329,0.0,0.0439043942956211,0.0,0.0,0.0,0.0,0.0,0.0,0.0,0.05227676545235779,0.0,1.0473987888754108,0.0,0.0,0.0,0.059908989018685105,0.0,0.0,0.0,0.16748638996564932,0.0,0.0,0.0,3.4602445449480803,1.027649494650658,0.9143348985831083,1.809825996097451,3.1481857258783355,4.955219795351265,5.871331124817164,0.0,1.3643483069200926,0.07833657112117902,0.26999063448831767,0.14899916258776436,0.07819991992137154,4.898140618757167,2.8736360489381227,0.0,2.9547546649216994,1.6844148161504504,0.0,1.7183506654506338,0.0,0.0,0.0,0.03689011054026592,1.0034583197724112,3.5989011136760936,4.0
0.0,0.0,0.2772706596556423,0.05477903151961949,0.0,0.0,0.011495638837829437,0.0,0.0,0.0,0.0,0.15807845649862637,0.0,0.0,0.0,0.030830430153274503,0.0,0.0,0.0,0.026020970714370147,0.03308816933218775,0.0,0.10715219863491048,0.03238300531165298,0.0,0.0,0.0,0.0,0.0,0.0,1.9031925607970748,0.0,0.16517231793716664,0.0,0.0,0.0,0.0,0.0,0.0,0.0,0.46393627950640753,0.0404015152842066,0.26074832839644746,0.07189993156563308,0.048654701840346405,0.5442875399602883,0.0,0.0,0.0,0.0,0.6300326338937671,0.00791308164326493,0.03717133764464353,0.0,0.0,0.0,0.0,0.0,0.0,0.0,0.08188496672922738,0.0,1.1251882013166958,0.0,0.0,0.0,0.0,0.0,0.0,0.0,0.10701824988212043,0.0,0.0,0.0,4.034145269524237,1.0636409926426962,1.1948435119995195,1.6217588567097327,3.54910233033312,3.84383313683428,6.228376196164076,0.0,0.6221807042205927,4.061102206563421,0.20801775489589241,0.6383055768070925,0.05547333589843156,4.067784975060725,2.613484505250775,0.0,2.7837499830071746,0.44625622988956404,0.0,1.5295211345906068,0.0,0.0,0.0,0.019488429591360157,4.8387954917298,3.076028846605962,2.0
0.0,0.0,0.18052981281072059,0.04362447674703463,0.0,0.0,0.0,0.0,0.0,0.0,0.0,0.0,0.0,0.0,0.0,0.0,0.0,0.0,0.0,0.07121348960526455,0.011638756246893662,0.0,0.08990486842133553,0.0,0.0,0.0,0.0,0.0,0.0,0.0,2.2819949178031216,0.0,0.10259094958809113,0.0,0.0,0.0,0.0,0.0,0.0,0.0,0.3080113145521776,0.0,0.526469504640831,0.0,0.13145778547908782,0.300416627836874,0.0,0.0,0.0,0.0,0.0852886748169873,0.0,0.02587927302325896,0.0,0.0,0.0,0.0,0.0,0.0,0.0,0.038576651452323155,0.0,1.064537997981948,0.0,0.0,0.0,0.0,0.0,0.0,0.0,0.1465248914774425,0.0,0.0,0.0,3.9262556639963084,0.7532622192678567,1.00482495109868,1.6776660900619706,3.643475268000043,4.553126998870854,6.658018634387364,0.0,1.0369604224559115,0.5170236720645808,0.22946487314009217,0.18561286234235091,0.0550567933689351,4.074599626341138,2.876546414077657,0.0,2.6965725561331535,0.6206802412243009,0.0,1.9258095777715702,0.0,0.0,0.0,0.0,1.7320955011548065,4.395953923273445,5.0
0.0,0.016496319896195974,0.33227828305692936,0.013069150019521303,0.0,0.0,0.0,0.0,0.0,0.14287084509664236,0.0,0.07423139418579203,0.0,0.0,0.0,0.025312343046069,0.0,0.0,0.0,0.10393399105623309,0.010206942869257081,0.0,0.07983888066667044,0.0,0.0,0.0,0.0,0.0,0.0,0.0,2.537246360979073,0.0,0.07847320937869356,0.0,0.0,0.0,0.0,0.0,0.0,0.0,0.22724818378073325,0.0,0.17632277264046287,0.025737561413608275,0.0,0.04851520993393956,0.0,0.0,0.0,0.0,0.15237814540103928,0.0,0.0,0.0,0.0,0.0,0.0,0.0,0.0,0.0,0.011495638837829437,0.0,0.6243348894450882,0.0,0.0,0.0,0.0,0.0,0.0,0.0,0.17657809430131693,0.0,0.0,0.0,4.511752653767379,0.7504350004320514,0.7643461550774537,1.2571916982691307,2.9263410690299483,4.46018555764632,6.02113322578701,0.0,0.44794940991624665,0.1271049651394007,0.5388361077414655,0.18827431132120426,0.023042392665863817,3.818574508649627,2.961715924483561,0.0,2.9817978663618474,0.332163687954531,0.0,1.9237196787493887,0.0,0.0,0.0,0.0,0.27584142314061144,2.6067975279833946,2.0
0.0,0.0,0.2237932162430325,0.025454096427749127,0.0,0.0,1.3604766534745827,0.0,0.0,0.0,0.0,0.039419183133397186,0.0,0.0,0.0,0.03322916078511099,0.0,0.0,0.0,0.13500944135116105,0.009060468156383597,0.0,0.1315894843281353,0.0,0.0,0.0,0.0,0.0,0.0,0.0,1.8656813143391666,0.0,0.10768786931437331,0.0,0.0,0.0,0.0,0.0,0.0,0.0,0.16156525639703184,0.0,0.11809388938681974,0.011352507229905218,0.0,0.12393100831963119,0.0,0.0,0.0,0.0,0.14860877020522015,0.0,0.0,0.0,0.0,0.0,0.0,0.0,0.0,0.0,0.020057652341253476,0.0,0.898092235559008,0.0,0.0,0.0,0.0,0.0,0.0,0.0,0.344033091528057,0.0,0.0,0.005328120695281701,4.529627325111091,0.7264824872650494,0.8571848057912005,1.5727441792320058,2.642562955562603,4.708485237116559,5.986804550702969,0.0,0.9347806726970166,0.33227828305692936,0.6485574780527603,0.17005323530230423,0.038576651452323155,3.5891042979789387,2.5487818437410934,0.0,3.052624562045467,0.6406209280356978,0.0,2.1407459412386185,0.0,0.0,0.0,0.0824300999459491,4.490339075372472,4.931659421626342,3.0
0.0,0.0,0.21747890047053095,0.024745190197137796,0.0,0.0,0.0,0.0,0.03167749645076024,0.0,0.0,0.05699963038556373,0.0,0.0,0.0,0.09450633868149234,0.0,0.0,0.0,0.0,0.026020970714370147,0.0,0.04292444517384094,0.19168897573396904,0.0,0.0,0.0,0.0,0.0,0.0,2.641615387758766,0.0,0.1307991108381943,0.0,0.0,0.0,0.0,0.0,0.0,0.0,0.32077347694587044,0.0,0.0,0.016353683577834812,0.0,0.0,0.0,0.0,0.0,0.0,0.23670690199535252,0.0,0.014640946881753174,0.0,0.0,0.0,0.0,0.0,0.0,0.0,0.03618680284784627,0.0,0.7710404144367785,0.0,0.0,0.0,0.0,0.0,0.0,0.0,0.05338941954463493,0.0,0.0,0.0,4.472507267209947,0.5963627200648611,1.008343458529335,1.4681662175016597,3.6845943507356167,5.335376061669158,6.274887811577583,0.0,0.5166203466381661,1.3307304806274982,0.23241517077540189,0.21312950000747996,0.037452509939606575,5.12940254958207,2.553311347641328,0.0,2.3914103007705507,1.4240083607172562,0.0,2.5684213123114796,0.0,0.0,0.0,0.01535483429346404,1.798092000728636,5.204285511262267,5.0
0.0,0.0,0.11583229865256488,0.07382023329167137,0.0,0.0,0.06405506441044337,0.04921253463256027,0.0,0.19484351199951963,0.0,0.034779158048019,0.0,0.0,0.0,0.058108649401173953,0.0,0.0,0.0,0.049073096654305606,0.01578299724092746,0.0,0.051859298835249854,0.0,0.0,0.0,0.0,0.0,0.0,0.0,1.48300312574692,0.0,0.0709388213434375,0.0,0.0,0.0,0.0,0.0,0.0,0.0,0.1585955515008968,0.03843618165610792,0.3797318490348097,0.0,0.0,1.0208399670901451,0.0,0.0,0.0,0.0,0.08174865123416789,0.0,0.0,0.0,0.0,0.0,0.0,0.0,0.0,0.0,0.06101577468162803,0.0,1.2095781338588025,0.0,0.0,0.0,0.0,0.0,0.0,0.0,0.16195215892674233,0.0,0.0,0.0,3.906323023929353,0.6174865664133556,1.1190241031422743,1.4239008253086727,2.664073184247718,4.618855311162158,5.930247684193288,0.0,1.039559557255706,0.08542465625267767,0.48614799441389595,0.18650055764449475,0.0076260923761779465,3.350822523999785,2.3518827003945306,0.0,3.1860726298829136,0.04935195913529153,0.0,1.9630671525928958,0.0,0.0,0.0,0.0,4.26264362300599,1.604308589525968,5.0
0.0,0.0,0.5218548027102057,0.019630756335508422,0.0,0.0,0.014212444812104711,0.0,0.0,0.0,0.0,0.06736336711961023,0.0,0.0,0.0,0.0,0.0,0.0,0.0,0.1247251523988885,0.025737561413608275,0.0,0.08038478741460452,0.07888304652198912,0.0,0.0,0.0,0.0,0.0,0.0,1.8039296107701128,0.0,0.0597705810902546,0.0,0.0,0.0,0.0,0.0,0.0,0.0,0.5103543408136134,0.07423139418579203,0.135140816394815,0.0,0.0,0.4449850395223754,0.0,0.0,0.0,0.0,0.14860877020522015,0.0,0.011638756246893662,0.0,0.0,0.0,0.0,0.0,0.0,0.0,0.03435659664664159,0.0,1.1107641218998074,0.0,0.0,0.0,0.15146919750307983,0.0,0.0,0.0,0.008630305143440056,0.0,0.0,0.0,4.229772477465448,0.7806460587679859,0.9333460191479226,1.6605635855451844,3.768734826281494,4.567119487951671,6.55814209697971,0.0,0.8340639408049653,0.5947396223326862,0.09653174269362867,0.14090950654166198,0.05880135361618622,3.5281587040976414,2.9562611436594968,0.0,2.5842650295489453,0.07450543636362976,0.0,1.140647793154842,0.0,0.0,0.0,0.012211083950874365,2.9890663256865184,0.9386245454662195,1.0
0.0,0.0,0.18002052146631284,0.03576465360097467,0.0,0.0,0.0,0.0,0.0,0.0,0.0,0.08188496672922738,0.0,0.0,0.0,0.0,0.0,0.0,0.0,0.11450029316519267,0.006333933722050485,0.0,0.04963076772460043,0.0,0.0,0.0,0.0,0.0,0.0,0.0,1.584770128557275,0.0,0.06460697529739193,0.0,0.0,0.0,0.0,0.0,0.0,0.0,0.22206262477748756,0.030689204071140407,0.4429700279273469,0.0,0.0,0.3241193264351021,0.0,0.0,0.0,0.0,0.4340276746635975,0.0,0.0,0.0,0.0,0.0,0.0,0.04292444517384094,0.0,0.0,0.0,0.0,1.2337653768083383,0.0,0.0,0.0,0.0,0.0,0.0,0.0,0.031112840850249287,0.0,0.0,0.0,4.480394390012158,0.24135208577065867,1.1719113465526856,1.3882997675229536,4.168938822848298,4.778744755518821,7.012161908455347,0.0,1.3678183436061933,2.2482312067487564,0.11689701828826238,0.6149453669368705,0.053945424962785246,3.0672600974109567,3.055976497714775,0.0,2.4469972406763887,0.5628651676561642,0.0,2.8701476824663605,0.0,0.0,0.0,0.0,4.0009825013700615,5.535589546613517,3.0
0.0,0.0,0.26723614181240984,0.029417546835091735,0.0,0.0,0.014212444812104711,0.0,0.012640180778770332,0.0,0.0,0.045442970761167115,0.0,0.0,0.0,0.11169907219742026,0.0,0.0,0.0,0.09477655689559733,0.030830430153274503,0.0,0.10648233046998125,0.0,0.0,0.0,0.0,0.0,0.0,0.0,1.630079243861977,0.0,0.11103131238874395,0.0,0.0,0.0,0.0,0.0,0.0,0.0,0.20401547739988798,0.025170575734906053,0.0692897127155347,0.06391705369231143,0.0,0.07272323102162045,0.0,0.0,0.0,0.0,0.6864332932263347,0.009777121611529915,0.0,0.0,0.0,0.0,0.0,0.0,0.0,0.0,0.05144171138261017,0.0,0.9386998132393362,0.0,0.0,0.0,0.0,0.0,0.0,0.0,0.025595835882683472,0.0,0.0,0.0,4.168682145517303,0.9188441601892464,1.158401662593777,1.6603810352424115,3.280228845914746,4.439623137557117,6.016362598760893,0.0,1.5414157158190933,2.270648539084831,0.18738770708047234,0.11742908358689448,0.058939854556232955,4.286408055460299,3.0979646854135523,0.0,2.5347339727562277,2.7583671438651747,0.0,1.9767302206771529,0.0,0.0,0.0,0.024177814301165258,3.036591246663112,0.7300529775235762,3.0
0.0,0.0,0.4464679860973255,0.041383179019406156,0.0,0.0,0.029841557136715123,0.0,0.01335505866906758,0.0,0.0,0.0597705810902546,0.0,0.0,0.0,0.0,0.0,0.0,0.0,0.0675010485665715,0.010923027184791876,0.0,0.07135080412884309,0.16272565284620308,0.0,0.0,0.0,0.0,0.0,0.0,2.8396573152446387,0.0,0.0769694763151108,0.0,0.0,0.0,0.0,0.0,0.0,0.0,0.599032083222812,0.0,0.07327183642451936,0.0,0.3456234641751285,0.0,0.0,0.0,0.0,0.0,0.3586213138315178,0.0,0.012354130407874092,0.0,0.0,0.0,0.0,0.03731193064196659,0.0,0.0,0.0,0.0,0.6820338712650597,0.0,0.0,0.0,0.0,0.0,0.0,0.0,0.3398215049233425,0.0,0.0,0.0,3.7668601438295446,0.27643711043628233,1.0243906064116162,1.3532668244985364,4.686578962839637,4.947862492080423,7.249184578078322,0.0,0.5964581395589856,1.175492665040977,0.10218779322361488,0.06997707041155635,0.07751646970209519,4.785367456994306,3.347495583993067,0.0,1.825215762305661,0.75086372321934,0.0,1.9063903746176947,0.0,0.0,0.0,0.05088474002509346,2.93483727449944,5.029770897406524,5.0
0.02786177535450958,0.0,0.2789363146792305,0.025170575734906053,0.0,0.0,0.0,0.0,0.016211033155917154,0.0,0.0,0.05088474002509346,0.0,0.0,0.0,0.024603367140657025,0.0,0.0,0.0,0.12048465689545586,0.006621180122379962,0.0,0.06502076994841134,0.05130248870063107,0.0,0.0,0.0,0.0,0.0,0.0,1.1748537955588825,0.0,0.1130336652998915,0.0,0.0,0.0,0.0,0.0,0.0,0.0,0.1844707366400919,0.0,0.13053555675618825,0.0,0.0,0.30135351887776396,0.0,0.0,0.0,0.0,0.13448382151079383,0.0,0.007482576331206196,0.0,0.0,0.0,0.0,0.022758397578157615,0.0,0.0,0.011209361420303354,0.0,0.5841928581097375,0.0,0.0,0.0,0.0,0.007769594145917668,0.0,0.0,0.0753272507070651,0.0,0.0,0.0,4.174150712212013,0.9603634296275132,0.8231786900956374,1.2717244635105687,3.6338961459190786,4.644963754315762,6.204408770788839,0.0,0.3287215954018278,0.6435791657317148,0.014212444812104711,0.3284918303048477,0.025454096427749127,5.5647866507469415,3.295914000041172,0.0,3.338181924650894,0.37862259552722705,0.0,1.153351383081056,0.0,0.0,0.0,0.046281503211910255,3.47952807344331,3.4767575429717184,3.0
0.0,0.0,0.18142064028014165,0.031112840850249287,0.0,0.0,0.0,0.0,0.0,0.0,0.0,0.03618680284784627,0.0,0.0,0.0,0.060185765046563026,0.0,0.0,0.0,0.0,0.008200013832136126,0.0,0.05380644369579382,0.0,0.0,0.0,0.0,0.0,0.0,0.0,1.4062645406106862,0.0,0.21038886444540292,0.0,0.0,0.0,0.0,0.0,0.0,0.0,0.19509557717721837,0.0,0.10849100259224341,0.02062665058995782,0.0,0.11396714643300218,0.0,0.0,0.0,0.0,0.03689011054026592,0.0,0.0,0.0,0.0,0.0,0.0,0.0,0.0,0.0,0.045442970761167115,0.0,0.4521736865332683,0.0,0.0,0.0,0.12194373351040128,0.0,0.0,0.0,0.3398215049233425,0.0,0.0,0.0,3.6796827663290737,0.9127265000485264,1.0840642647884746,1.5612039207699202,2.704340813303189,4.854319867926318,5.058359793111598,0.0,1.25114341438898,0.14469902515413874,0.24305970607252766,0.07642227545860236,0.01578299724092746,2.8656813143391666,2.4676446734858253,0.0,3.8423050816829254,0.7159812031883971,0.0,0.8963881123595494,0.0,0.0,0.0,0.11209957977623511,0.3687124837283308,4.141367390759703,5.0
0.0,0.01663894211378915,0.17491769523958806,0.006621180122379962,0.0,0.0,0.0,0.0,0.0,0.0,0.0,0.030406710426045758,0.0,0.0,0.0,0.025595835882683472,0.0,0.0,0.0,0.08447251693690148,0.024035935455509406,0.0,0.08052123183149242,0.0,0.0,0.0,0.0,0.0,0.0,0.0,2.093931956873296,0.0,0.23695175858808054,0.0,0.0,0.0,0.0,0.0,0.0,0.0,0.12565110166152013,0.0,0.4781952579391659,0.0,0.0404015152842066,0.35106289894038534,0.0,0.0,0.0,0.0,0.020768865094571848,0.00647756407120479,0.0,0.0,0.0,0.0,0.0,0.0,0.0,0.0,0.030689204071140407,0.0,0.6174865664133556,0.0,0.0,0.0,0.0,0.0,0.0,0.0,0.3040436964735405,0.0,0.0,0.0,3.7529626252389763,0.919607046908355,0.8956903904636856,1.2946648560912417,3.044568980887168,4.446818638961321,5.508881800582071,0.0,0.6252704893746932,0.33433943990692677,0.28747229511906675,0.13395801010054917,0.01335505866906758,3.721635142655582,2.4937754084607033,0.0,3.1000020695508446,0.13881446890228188,0.0,2.2824694592759407,0.0,0.0,0.0,0.008056554871058458,0.7471725370354632,5.211136826982275,2.0
0.05838577100035305,0.0,0.19949960366036198,0.017779412561234692,0.0,0.0,0.0,0.0,0.0,0.0,0.0,0.08120326041739433,0.0,0.0,0.0,0.03463831799900894,0.0,0.0,0.0,0.02927618237063207,0.0093471722592526,0.0,0.09098888841477233,0.0,0.0,0.0,0.0,0.0,0.0,0.0,1.9575803448474483,0.0,0.1405169186556468,0.0,0.0,0.0,0.0,0.0,0.0,0.0,0.0959919129246028,0.0,0.06295060882280785,0.0,0.0,0.4092551466848378,0.0,0.0,0.0,0.0,0.27130614379733703,0.0,0.0,0.0,0.0,0.0,0.0,0.0,0.0,0.0,0.01049341924845273,0.0,0.7643461550774537,0.0,0.0,0.0,0.0,0.0,0.0,0.0,0.375734538583156,0.0,0.0,0.0,4.240711206708248,0.47881652904941513,0.8943715499612752,1.6338961459190786,3.797459210161741,4.518220380599588,6.1422929359452745,0.0,1.1418251297000284,1.8568263771860802,0.049491370165103715,0.1046050432293108,0.009060468156383597,3.472851648643631,2.8640177172046233,0.0,3.0423816869770453,1.2885357502938022,0.0,2.113267092214225,0.0,0.0,0.0,0.05436228844968911,2.9993686828089037,4.751051249384044,5.0
0.014498126999352837,0.0,0.3227357779800957,0.032524065692199365,0.0,0.0,0.45185729447653983,0.0,0.0,0.0,0.0,0.022758397578157615,0.0,0.0,0.0,0.025454096427749127,0.0,0.0,0.0,0.08433644572332372,0.003458319772411079,0.0,0.2090165918312567,0.05311133645956253,0.0,0.0,0.0,0.0,0.0,0.0,1.3621051360710865,0.0,0.1497796305759026,0.0,0.0,0.0,0.0,0.0,0.008630305143440056,0.0,0.1649149695524513,0.03337013846059218,0.6071053837584942,0.0,0.07942931500291513,0.18586654531133387,0.0,0.0,0.0,0.0,0.06129233847829409,0.00647756407120479,0.0,0.0,0.0,0.0,0.0,0.02361021518264534,0.0,0.0,0.007769594145917668,0.0,0.8200768210975132,0.0,0.0,0.0,0.0,0.0,0.0,0.0,0.03955955725570582,0.0,0.0,0.0,3.908034679914164,1.1360601068802663,0.8304987279937344,1.410666732657652,2.2587601074829395,5.263293616811165,5.536979161283438,0.0,0.3822799000669483,0.2613502790209806,0.07901963303483801,0.1649149695524513,0.02318436924826338,5.481137456077346,2.8874277880535617,0.0,3.6525094401836644,0.08936255282773453,0.0,1.7063316226174245,0.0,0.0,0.0,0.13185284596466235,2.083485709747398,5.4084809026594325,5.0
0.0,0.0,0.14834844991564902,0.020768865094571848,0.0,0.0,0.0,0.0,0.0,0.0,0.0,0.008056554871058458,0.0,0.0,0.0,0.07956584981027477,0.0,0.0,0.0,0.13172117115592868,0.007339046008161997,0.0,0.12565110166152013,0.0,0.0,0.0,0.0,0.0,0.0,0.0,2.891360855678693,0.0,0.28534303015925594,0.0,0.0,0.0,0.0,0.0,0.004609253252589672,0.0,0.0897693086335084,0.0,0.0,0.009203827329839744,0.0,0.0,0.0,0.0,0.0,0.0,0.3073119390641877,0.0,0.0,0.0,0.0,0.0,0.0,0.0,0.0,0.0,0.004033901284489715,0.0,0.841248571306248,0.0,0.0,0.0,0.0,0.03393391144193176,0.0,0.0,0.15523111629927883,0.0,0.0,0.0,4.773637715988381,1.2198345238853705,0.8742854904980352,1.4087118610294291,3.0361340409468074,4.268089998115136,5.84614476046184,0.0,1.2758414231406114,7.293619704285671,0.4811955929289537,1.6131072684345347,0.02446153014099581,4.471590682177976,2.8543348302020135,0.0,2.8546938782742153,2.0974759590132686,0.0,3.139911469616098,0.0,0.0,0.0,0.09166598752181289,5.0165007770539205,2.913071307862046,2.0
0.058108649401173953,0.0,0.15587873270414274,0.11569915343158636,0.0,0.0,0.019203733973092663,0.0,0.0,0.0,0.0,0.07587486697512764,0.0,0.0,0.0,0.05144171138261017,0.0,0.0,0.0,0.04348449760357947,0.014069582501655862,0.0,0.08174865123416789,0.0,0.0,0.0,0.0,0.0,0.0,0.0,0.4465738525468971,0.0,0.06295060882280785,0.0,0.0,0.0,0.0,0.0,0.0,0.0,1.3455099242513389,0.0,0.0,0.05213762333517526,0.08079408195824242,0.3560310952722207,0.0,0.0,0.0,0.0,0.2877086862454172,0.0,0.01578299724092746,0.0,0.0,0.0,0.0,0.0475383887633606,0.0,0.0,0.01564029037688224,0.0,0.6299394094395399,0.0,0.0,0.0,0.0,0.0,0.0,0.0,0.011638756246893662,0.0,0.0,0.0,3.8605059879540344,0.1578198394788626,0.9042721338108614,2.0237166570287317,4.883268896527642,4.748294841168505,6.254881223226515,0.0,4.044534010276908,0.6877773773963047,0.07327183642451936,0.02446153014099581,0.013497991748977312,2.3501294544118685,3.4163938964710874,0.0,1.8683311832971392,0.3215818065212827,0.0,1.0332291607851107,0.0,0.0,0.0,0.0,1.5159647022392095,2.5512699079309162,3.0
0.01934608880481197,0.0,0.08065766334522519,0.008773707066016134,0.0,0.0,0.0,0.0,0.0,0.0,0.0,0.010206942869257081,0.0,0.0,0.0,0.0,0.0,0.0,0.0,0.08474462086846798,0.0,0.0,0.08949815083910263,0.0,0.0,0.0,0.0,0.0,0.0,0.0,0.42578153870353486,0.0,0.17082239919517525,0.0,0.0,0.0,0.0,0.0,0.005759269288684953,0.0,0.2337653768083384,0.022474346574899225,0.06184530707106949,0.011638756246893662,0.0,0.1867540845831823,0.0,0.0,0.0,0.0,0.03449746419944489,0.008773707066016134,0.0,0.0,0.0,0.0,0.0,0.0,0.0,0.0,0.015497569395325591,0.0,0.5899551945184317,0.0,0.0,0.0,0.0,0.0,0.0,0.0,0.16658691407044984,0.0,0.0,0.0,4.857413755232903,1.0861043712432907,0.9001036075971279,1.4145685471817107,3.2630043493740195,5.172183455012651,5.139174770080206,0.0,0.5819778457631138,0.22835695420104843,0.03899797879750991,4.813263010350085,0.022190239634065988,2.545721311130395,2.925733634462562,0.0,3.141972229235868,0.28238049463860565,0.0,0.7228157263370352,0.0,0.0,0.0,0.0,0.14769744361387158,2.0556468597967044,5.0
0.0,0.0,0.15406467367471652,0.146133828893375,0.0,0.0,0.08283881472489178,0.0,0.0,0.0,0.0,0.05408439284237917,0.0,0.0,0.0,0.13251103979919546,0.0,0.0,0.0,0.03843618165610792,0.006190289072069835,0.0,0.08814159686901755,0.04781754802136954,0.0,0.0,0.0,0.0,0.0,0.0,2.5077439071733756,0.0,0.09423606984576555,0.0,0.0,0.0,0.0,0.0,0.007769594145917668,0.0,0.5755059680329915,0.0,0.0,0.015497569395325591,0.0,0.3885753065984274,0.0,0.0,0.0,0.0,0.16800012451782012,0.0,0.0,0.0,0.0,0.0,0.0,0.0,0.0,0.0,0.05450121618256057,0.0,1.0558897581962827,0.0,0.0,0.0,0.0,0.0,0.0,0.0,0.0897693086335084,0.0,0.0,0.0,3.9386998132393365,0.756681739809004,1.1571084035399495,1.550112629647245,3.462994606675499,4.892629026674835,5.706978044594114,0.0,1.0753957141091843,0.6737373148487464,0.4327456588438479,0.20012765427360202,0.07025192182044421,3.4352151933655453,2.968348846920172,0.0,2.9174317553901044,0.8916524879339743,0.0,2.3591275522275734,0.0,0.0,0.0,0.0,4.771061549574097,2.7303573665017598,2.0
0.0174943794592725,0.0,0.03421571533791298,0.0,0.0,0.0,0.022758397578157615,0.0,0.0,0.0,0.0,0.0,0.0,0.0,0.0,0.0,0.0,0.0,0.0,0.07669590183038302,0.008343458529334968,0.0,0.12260646265104097,0.0,0.0,0.0,0.0,0.0,0.0,0.0,1.7999990664932952,0.0,0.10030490579568548,0.0,0.0,0.0,0.0,0.0,0.0,0.0,0.05199846779700237,0.0404015152842066,0.0560285389227513,0.020911065581689963,0.0,0.05880135361618622,0.0,0.0,0.0,0.0,0.14990966753492424,0.0,0.0,0.0,0.0,0.0,0.0,0.0,0.0,0.0,0.004609253252589672,0.0,1.0509543732051583,0.0,0.0,0.0,0.0,0.0,0.0,0.0,0.28249911293597063,0.0,0.0,0.0,3.7901985985710023,0.9174699466791932,0.6899253108564267,1.5608616617648334,3.3957894495418928,4.940833901400543,5.670690236135018,0.0,1.2376249000161599,3.4961299519888054,0.07833657112117902,0.0953168415347697,0.05547333589843156,4.142086629617527,2.8048589627858167,0.0,2.884324398372715,0.257493447876156,0.0,2.5678861248692146,0.0,0.0,0.0,0.02927618237063207,1.1706942336870831,1.056444801019668,3.0
0.018634174139050975,0.0,0.15081959821213325,0.09801523386895944,0.0,0.0,0.0,0.0,0.010779838753242763,0.0,0.0,0.08596845386216505,0.0,0.0,0.0,0.0326651122818301,0.0,0.0,0.0,0.0,0.004465436770300531,0.0,0.19295161806984965,0.06777637204849275,0.0,0.0,0.0,0.0,0.0,0.0,2.4722798004315503,0.0,0.11143200536198733,0.0,0.0,0.0,0.0,0.0,0.0,0.0,0.22478119439558927,0.021479727410451392,0.27500704749986976,0.0,0.0,0.3390233333727542,0.0,0.0,0.0,0.0,0.2229281800026127,0.0,0.0,0.0,0.0,0.0,0.0,0.0,0.0,0.0,0.00992040959306388,0.0,1.0322419311374937,0.0,0.0,0.0,0.0,0.0,0.0,0.0,0.2979543901829535,0.0,0.0,0.0,3.850559420622772,0.5894758779118472,0.96945444513574,1.6329661249096672,3.1663619574450292,4.825785627464791,6.4616627909202595,0.0,1.1454818222655248,0.45249000921845045,0.4932374192002152,0.22958792274065168,0.05880135361618622,4.512802079674216,2.9541032302848467,0.0,2.8671255031478586,2.9033275516112353,0.0,2.6808644223759868,0.0,0.0,0.0,0.030971642412075527,2.7296397754468895,5.5630208115225965,3.0
0.0,0.0,0.17274351676018718,0.049909522443058005,0.0,0.0,0.0,0.023752135898994976,0.0,0.06502076994841134,0.0,0.008486888965491164,0.0,0.0,0.0,0.02814476771337868,0.0,0.0,0.0,0.046979908144409395,0.003746139232894637,0.0,0.03506079690511427,0.0,0.0,0.0,0.0,0.0,0.0,0.0,1.0309716424120756,0.0,0.13290581201150653,0.0,0.0,0.0,0.0,0.0,0.0,0.0,0.07806325577681912,0.0,0.05102400302446689,0.009490502947452436,0.04432416881220142,0.10540989404008172,0.0,0.0,0.0,0.0,0.13172117115592868,0.0,0.008486888965491164,0.0,0.0,0.0,0.0,0.0,0.0,0.0,0.0043216059500934675,0.0,0.9216648282923319,0.0,0.0,0.0,0.0,0.008917094736053047,0.0,0.0,0.33124659930012,0.0,0.0,0.0,4.872119547407428,0.6399730041620914,0.7884351484730557,1.463779376712196,3.1348123563517576,4.390254956321868,6.353183885078186,0.0,0.5828449947769655,2.277092082504313,0.2667565623046648,0.12234140752611963,0.029134804053022843,3.530907242810939,2.8158213218338046,0.0,2.822811711436225,0.6914448311911374,0.0,1.1527026309157535,0.0,0.0,0.0,0.008917094736053047,4.428765494223348,1.3894566781666653,2.0
0.0,0.0,0.17018145776525037,0.021479727410451392,0.0,0.0,0.0,0.0,0.0,0.0,0.0553345017510994,0.07395729994332441,0.0,0.0,0.0,0.0824300999459491,0.0,0.0,0.0,0.0,0.0504668703506619,0.0,0.0953168415347697,0.0,0.0,0.0,0.0,0.0,0.0,0.0,3.5387119718392657,0.0,0.21400042972960648,0.0,0.0,0.01735184178777496,0.0,0.0,0.0,0.0,0.4327456588438479,0.027578727474282683,0.07573798239407814,0.05630606033187654,0.0,0.07956584981027477,0.0,0.0,0.0,0.0,0.5333639983398146,0.0,0.0,0.0,0.0,0.0,0.0,0.0,0.0,0.0,0.07450543636362976,0.0,0.9106559207639873,0.0,0.0,0.0,0.08515268056313831,0.0,0.0,0.0,0.498353001614512,0.0,0.0,0.0,3.814047904844719,1.0551262254762177,1.2303260000286917,2.3104855462501837,3.226462288841965,4.09852062103683,5.920700608712912,0.0,1.3397645073119373,0.9225784565085571,0.3160298585195769,0.21437352443645455,0.038014690186715924,4.005103513095339,2.487614971917238,0.0,2.9158841579418646,0.7334411166531236,0.0,1.4770037399821276,0.0,0.0,0.0,0.01335505866906758,3.447975850093302,6.492497356240601,5.0
0.016211033155917154,0.0,0.0829750272577682,0.0578314745605733,0.0,0.0,0.0,0.0,0.0,0.0,0.0,0.008630305143440056,0.0,0.0,0.0,0.056583528366367514,0.0,0.0,0.0,0.0,0.0,0.0,0.23682933548639973,0.0,0.0,0.0,0.0,0.0,0.0,0.0,2.6046644151637044,0.0,0.135140816394815,0.0,0.0,0.0,0.0,0.0,0.0,0.0,0.06391705369231143,0.1094274266861541,0.0,0.009777121611529915,0.0,0.1578198394788626,0.0,0.0,0.0,0.0,0.12855736497375747,0.007339046008161997,0.01735184178777496,0.0,0.0,0.0,0.0,0.0,0.0,0.0,0.0043216059500934675,0.0,0.7772829357556552,0.0,0.0,0.0,0.0,0.0,0.0,0.0,0.038014690186715924,0.0,0.0,0.0,5.168180690867903,0.8491986517647031,0.9597701552114671,1.5853952443251274,4.01598811363038,4.841681331010491,6.425189042690756,0.0,0.9043492152652591,4.3339174287961875,0.46936505370484344,0.9942176474059939,0.02587927302325896,3.077448106869335,3.8174186054023016,0.0,2.8567666304266943,0.9934932210584156,0.0,3.17769459558823,0.0,0.0,0.0,0.07107616201095888,4.764961797812663,0.43445476023240287,0.0
0.0,0.0,0.3403913572200783,0.030547964162966627,0.0,0.0,0.0,0.0,0.00791308164326493,0.0,0.0,0.06322680199698132,0.0,0.0,0.0,0.0475383887633606,0.0,0.0,0.0,0.0,0.00963381939726868,0.0,0.038295698181544525,0.0,0.0,0.0,0.0,0.0,0.0,0.0,1.0022344460646861,0.0,0.0862402758207441,0.0,0.0,0.0,0.0,0.0,0.004033901284489715,0.0,0.17963843493813236,0.04684025420297235,0.0858325236749548,0.016211033155917154,0.0,0.2156164770772123,0.0,0.0,0.0,0.0,0.05755424645808902,0.0,0.0,0.0,0.0,0.0,0.0,0.0,0.0,0.0,0.021621857851518895,0.0,0.5789870033325797,0.0,0.0,0.0,0.0,0.0076260923761779465,0.0,0.0,0.4914939808721646,0.0,0.0,0.0,4.439417023542781,0.9204457566246423,0.8364897261106269,1.7303138862937761,3.2572218760700773,4.490730563589641,5.9627572223857435,0.0,2.936383531161194,0.487074680051724,0.03421571533791298,0.028852005847493426,0.02786177535450958,3.947656806830256,3.1017004955899363,0.0,3.3271124707470854,2.08766650146867,0.0,1.4278206839771335,0.0,0.0,0.0,0.015212085068503288,0.8052098955823258,2.005759269288685,2.0
0.0,0.0,0.17223146882548135,0.009060468156383597,0.0,0.0,0.0,0.0,0.0,0.0,0.0,0.05158092063064492,0.0,0.0,0.0,0.0,0.0,0.0,0.0,0.05838577100035305,0.018918982163051733,0.0,0.07970237169737819,0.0,0.0,0.0,0.0,0.0,0.0,0.0,0.3680419305947677,0.0,0.1016500760944348,0.0,0.0,0.0,0.0,0.0,0.0,0.0,0.8174595381466516,0.06805164299778978,0.06336487875842937,0.011924948479708557,0.0,0.06653700239579126,0.0,0.0,0.0,0.0,0.4033768066870819,0.0,0.0,0.0,0.0,0.0,0.0,0.0,0.0,0.0,0.03660882860510138,0.0,0.906274914369733,0.0,0.0,0.0,0.0,0.0,0.0,0.0,0.038717107572853585,0.0,0.0,0.0,4.859244043943406,0.903809558578697,0.9934207584128849,1.859373270038994,4.164705840182799,3.8773712601621644,5.3146421517029685,0.0,2.042329151152236,0.01735184178777496,0.05963215988209959,0.018918982163051733,0.013640910669386311,3.284203174079147,2.401794275797969,0.0,3.243638618334425,0.045862297908687955,0.0,0.38967693695196187,0.0,0.0,0.0,0.0,3.8124674201283635,1.3167829367165864,5.0
0.0,0.0,0.21225804420273486,0.048794180260804905,0.0,0.0,0.008917094736053047,0.0,0.0,0.0,0.0,0.04264433740849372,0.0,0.0,0.0,0.0,0.0,0.0,0.0,0.17312743348065618,0.016211033155917154,0.0,0.07997537672059589,0.0,0.0,0.0,0.0,0.0,0.0,0.0,0.7857597744270111,0.0,0.1758119937217308,0.0,0.0,0.0,0.0,0.0,0.0,0.0,0.13106261678246817,0.01578299724092746,0.043764442310170244,0.016353683577834812,0.0,0.36904764345591323,0.0,0.0,0.0,0.0,0.0578314745605733,0.0,0.0,0.0,0.0,0.0,0.0,0.0,0.0,0.0,0.018064389360361564,0.0,0.41748799851366614,0.0,0.0,0.0,0.0,0.0,0.0,0.0,0.010779838753242763,0.0,0.0,0.0,3.9599926617087164,1.4444020360630068,0.7699409604144871,1.6694803718774263,2.9601409803107686,4.39380057504463,5.557005642619014,0.0,0.8633041593427985,0.8195864420850119,0.047957107396655034,0.08841300972672499,0.01249716268290215,3.2894803861375945,2.484473302908547,0.0,3.6477749931261774,0.2661568636466181,0.0,1.035694283382153,0.0,0.0,0.0,0.045163351603224475,0.2953703879534841,3.6152161706570394,2.0
0.0,0.0,0.48583896687905476,0.092478087200385,0.0,0.0,0.024745190197137796,0.0,0.0,0.0,0.0,0.09761079662642233,0.0,0.0,0.0,0.0,0.0,0.0,0.0,0.23707417130215755,0.009060468156383597,0.0,0.11636475669178462,0.0,0.0,0.0,0.0,0.0,0.0,0.0,2.106515831266251,0.0,0.04110277181912811,0.0,0.0,0.0,0.0,0.0,0.0,0.0,0.6286336341646971,0.0439043942956211,0.22971096184702383,0.022758397578157615,0.0,0.3472120855856449,0.0,0.0,0.0,0.0,0.060600829554117094,0.0,0.010206942869257081,0.0,0.0,0.0,0.0,0.0,0.0,0.0,0.015212085068503288,0.0,0.7685866350008881,0.0,0.0,0.0,0.0,0.0,0.0,0.0,0.11609855223657987,0.0,0.0,0.0,3.716365408131346,0.3073119390641877,0.946656010206915,1.1241957715871918,4.798646760806036,5.007352502582563,6.69023549003293,0.0,0.8000819252384513,0.719227257433423,0.09423606984576555,0.042784398089239506,0.07286040193124495,3.3522782999459837,3.3543111001990153,0.0,1.7750083876155949,0.1801478611584286,0.0,2.4597463541308677,0.0,0.0,0.0,0.10339692449223131,0.6963499901369873,4.964749790049599,2.0
0.0,0.0,0.11116488907888972,0.04488367823976479,0.0,0.03449746419944489,0.0,0.0,0.0,0.0,0.0,0.07765318565016138,0.0,0.0,0.0,0.058247216854662685,0.0,0.0,0.0,0.09707137054390325,0.0,0.0,0.1747898930478148,0.0,0.0,0.0,0.0,0.0,0.0,0.0,1.218285204549108,0.0,0.2789363146792305,0.0,0.13053555675618825,0.0,0.0,0.0,0.0,0.0,0.11330043583336065,0.0,0.10514166032342377,0.019915367707685924,0.0,0.0,0.0,0.0,0.0,0.0,0.2886538636051693,0.0,0.0,0.0,0.0,0.0,0.0,0.0,0.0,0.0,0.030971642412075527,0.0,0.8671848224574119,0.0,0.0,0.0,0.0,0.018634174139050975,0.0,0.0,0.045582760019634974,0.0,0.0,0.0,3.8029066316159725,0.7568525032631762,0.9816334930937262,1.7428254462561912,2.2007240492164835,4.540442703625441,5.289675878018908,0.0,1.3185771537960793,1.156914314653239,0.20651820166511536,0.2659169143669151,0.06405506441044337,3.7096325183479464,2.8020277370528026,0.0,3.390791481310002,2.750777988853492,0.0,2.1431648160354997,0.0,0.0,0.007195501404203766,0.046281503211910255,2.3662522636995638,3.385113471278856,3.0
0.01820685665331186,0.0,0.05297227481398869,0.03280614508324148,0.0,0.0,0.03548315212868861,0.0,0.0,0.0,0.0,0.08447251693690148,0.0,0.0,0.0,0.12432813500220177,0.0,0.0,0.0,0.0,0.03449746419944489,0.0,0.09518178934268523,0.0,0.0,0.0,0.0,0.0,0.0,0.0,2.7838756770297226,0.0,0.17657809430131693,0.0,0.0,0.0,0.0,0.0,0.005471851210059492,0.0,0.28273632027634205,0.0211954245144897,0.11436702495200024,0.010923027184791876,0.0,0.17645043911909952,0.0,0.0,0.0,0.0,0.22490464410609018,0.0,0.019488429591360157,0.0,0.0,0.0,0.0,0.029700234215419886,0.0,0.0,0.047957107396655034,0.0,0.8894735425311092,0.0,0.0,0.0,0.06557231159362208,0.0,0.0,0.0,0.28131249085814347,0.0,0.0,0.0,3.840040182726607,0.6862539873547531,1.1436546345260377,2.124460486274336,3.2593779543603634,4.425640570211519,5.809270373343705,0.0,1.9143348985831083,3.2622677704377594,0.6251769566805122,0.16671544496642232,0.07778988864366763,4.169540231459798,2.470797138418363,0.0,2.9173362727439933,2.4534122210980653,0.0,2.6125412281954388,0.0,0.0,0.0,0.06997707041155635,2.439862458818907,2.841691393645261,2.0
0.0,0.0,0.5731806027893732,0.0,0.0,0.0,0.06956469509335926,0.0,0.0,0.0,0.0,0.07477942649661334,0.0,0.0,0.0,0.0,0.0,0.0,0.0,0.0,0.0172092900322231,0.0,0.13185284596466235,0.06612364246529363,0.0,0.0,0.0,0.0,0.0,0.0,1.434508137039886,0.0,0.05547333589843156,0.0,0.0,0.0,0.0,0.0,0.0,0.0,0.6147569517556064,0.0,0.4090378569727183,0.0,0.0,1.0841323148364053,0.0,0.0,0.0,0.0,0.38736254083599553,0.0,0.0,0.0,0.0,0.0,0.0,0.0,0.0,0.0,0.03815520102596883,0.0,1.3470986706222683,0.0,0.0,0.0,0.0,0.0,0.0,0.0,0.2972501211717069,0.0,0.0,0.0,3.8033200438621417,0.0,1.4795410073663164,2.334882865580251,3.537979352520496,3.499629068000744,6.20116922287171,0.0,1.6713839627325169,4.044944861420907,0.15769051358205344,0.10849100259224341,0.08909131856468917,3.2358802040493257,3.3589869482685812,0.0,2.5859239769586013,1.8339020766691634,0.0,1.6906405786156933,0.0,0.0,0.0,0.04012091720087747,3.7992738494064904,2.092139767887133,2.0
0.0,0.0,0.13592881552640673,0.059908989018685105,0.0,0.0,0.0,0.0,0.0,0.0,0.0,0.0,0.0,0.0,0.0,0.05213762333517526,0.0,0.0,0.0,0.022190239634065988,0.010636636108736996,0.0,0.1271049651394007,0.02772025835592744,0.0,0.0,0.0,0.0,0.0,0.0,1.041873760515291,0.0,0.1419558855836444,0.0,0.0,0.0,0.0,0.0,0.004465436770300531,0.0,0.07340895518534003,0.0,0.09437121059251717,0.0,0.0,0.19168897573396904,0.0,0.0,0.0,0.0,0.2194628389571548,0.0,0.0,0.0,0.0,0.0,0.0,0.0,0.0,0.0,0.00791308164326493,0.0,0.8098259960974511,0.0,0.0,0.0,0.0,0.01663894211378915,0.0,0.0,0.22934181304355386,0.0,0.0,0.0,4.574137847557179,0.5980793061171955,0.9208268271889142,1.2110121934855116,2.4562279042027915,4.787578732670928,5.591185709622111,0.0,1.1724235080990943,2.285668537979558,0.10299399332332565,0.09180136921767433,0.04404433270602122,3.7883202929470343,2.7445271060888765,0.0,3.3539160577428535,2.449165156812177,0.0,2.1378641524334494,0.0,0.0,0.0,0.025028794491522444,2.4197006800163807,3.433560405010642,3.0
0.0,0.007051942516490025,0.10915993896111068,0.06571016406526571,0.0,0.0,0.024035935455509406,0.0,0.007195501404203766,0.0,0.0,0.0822938359514309,0.0,0.0,0.00791308164326493,0.02176397429165667,0.0,0.0,0.0,0.20614306969137305,0.026304324351908496,0.0,0.06115406320710068,0.0,0.0,0.0,0.0,0.0,0.0,0.0,0.6053995101618578,0.0,0.1460034511389246,0.0,0.0,0.0,0.0,0.0,0.0,0.0,0.36982938015392897,0.0,0.2567691427613412,0.05797006863732994,0.19484351199951963,0.0820212693455023,0.0,0.00417776078910997,0.0,0.0,0.41727194534352985,0.022048165180173156,0.0,0.0,0.0,0.0,0.0,0.0,0.0,0.0,0.07997537672059589,0.0,0.9510655252521906,0.0,0.0,0.0,0.04460395064976797,0.006908369342177494,0.0,0.0,0.06667476272446016,0.0,0.0,0.0,3.932174586306801,0.6638455472431453,1.1680001245178202,1.78425269340458,4.072817537422984,4.154016051426397,5.978607507917824,0.0,2.6602212847770024,0.13448382151079383,0.05547333589843156,0.029134804053022843,0.10393399105623309,4.177232149883848,3.13702801180121,0.0,2.7976355895300014,0.06653700239579126,0.0,1.090108184223089,0.0,0.0,0.01049341924845273,0.006908369342177494,3.697228925845724,3.792844943269809,2.0
0.015069321717648201,0.008773707066016134,0.25423120737522265,0.047259175478012824,0.0,0.0,0.00992040959306388,0.0,0.008773707066016134,0.0,0.0,0.1443074672630423,0.0,0.0,0.0,0.10353120987799297,0.0,0.0,0.0,0.08773438181972541,0.02856915219677092,0.0,0.05172011644732764,0.0,0.0,0.0,0.0,0.0,0.0,0.0,1.0569302883826717,0.0,0.1685136761974936,0.0,0.0,0.0,0.0,0.0,0.0,0.0,0.6687545332150426,0.0174943794592725,0.048375704538976265,0.06212171190779749,0.0,0.19333019538430424,0.0,0.0,0.0,0.0,0.1644001350244117,0.0,0.0,0.0,0.0,0.0,0.0,0.0,0.0,0.0,0.06308871201928423,0.0,0.7117591929832342,0.0,0.0,0.0,0.05450121618256057,0.025170575734906053,0.0,0.0,0.4216945811802921,0.0,0.0,0.0,3.8931583161689702,1.1309967448083507,1.3267674246958798,2.24327301656509,3.553851968181126,4.2509161097378545,6.198319306635423,0.0,0.7976770874242063,0.04572253573460056,0.05297227481398869,0.16362753858990575,0.03435659664664159,3.367636653659849,2.9807747949581893,0.0,3.4142032000204567,0.1714630560025812,0.0,1.0373822220030802,0.0,0.0,0.00647756407120479,0.12181115114198661,0.15626716305180363,4.43823961461754,5.0
