feature_0,feature_1,feature_2,feature_3,feature_4,feature_5,feature_6,feature_7,feature_8,feature_9,feature_10,feature_11,feature_12,feature_13,feature_14,feature_15,feature_16,feature_17,feature_18,feature_19,feature_20,feature_21,feature_22,feature_23,feature_24,feature_25,feature_26,feature_27,feature_28,feature_29,feature_30,feature_31,feature_32,feature_33,feature_34,feature_35,feature_36,feature_37,feature_38,feature_39,feature_40,feature_41,feature_42,feature_43,feature_44,feature_45,feature_46,feature_47,feature_48,feature_49,feature_50,feature_51,feature_52,feature_53,feature_54,feature_55,feature_56,feature_57,feature_58,target
-0.6752285703849141,-4.069193859662708,-1.0136067916244127,0.21025111460625656,-4.368468691153189,1.6086736042487926,1.030949922908665,-4.586390922095873,1.690145093910786,-0.10036052104354518,0.09889499632747778,0.2527501230932135,0.3962805734421117,-1.3346818940840965,-0.7415173002116299,0.7334133023688125,-0.7733200336373562,0.20198166200646445,-1.66397873206286,0.8932594026468207,0.8739123462340657,-1.051042624553841,0.1726863814176317,0.07107912879414137,-0.7178623511329982,0.7925025148294836,-1.8669288062297924,0.16238513606132482,0.4072953152275557,-0.6648142252776408,-0.9194627542115643,-0.7609384793523006,0.6481126442209306,0.5459889266676562,0.6128019529609313,-0.47336519291403956,-0.5550494658535043,-0.797252245316959,0.09299213687861804,0.17176601156638507,-0.22205534536426974,0.047708534672681574,0.8605154150859291,-0.14245746454673477,0.6549712103895328,0.96887985398863,-0.8002761960703553,-0.2198705327005789,-0.2823696737855056,0.6323374532103947,-0.9006707726733129,0.5591660313383331,0.1514186772103045,-0.6010997479194953,0.46777008366304934,0.17158446368286454,-0.8141882550236946,-0.13157727336902347,0.40075730339599763,3.0
-0.7612114121509589,0.5824031176168638,5.210849483569589,3.0353222977139436,-1.3730268715548366,2.6422563014063507,-4.223072882007994,-3.815722342678555,-0.3416517692996649,-4.116913419883288,1.254408876052011,1.4825289517566314,0.8047226648310645,-4.233599259585085,0.2574251352910214,-2.1863893946026343,-0.7275648745726047,4.5390505639626415,0.7329027048795308,1.2816434210534653,1.4929499335972463,0.203926185141275,2.6386979231583734,-0.39946401230077905,0.9785484542526622,-2.7050832082393677,-0.12804094476026,1.2009052311536277,-1.1570605393117996,-2.0899602018864343,-0.40004028418013515,-0.9985178414166118,-1.9805451022663152,0.8996023054427466,-1.13405180723786,1.9639086640926304,1.989987562214311,-1.651120829198633,-1.169756521238282,-2.1798672841017424,1.2047992654049835,-2.0861401403982414,0.5941480632180332,-0.8386982547743439,0.6459230269916303,-0.5057594929020173,-1.0600618693539208,0.9265726966107554,0.9375096069854145,0.771206090458602,-0.5504634903219551,-0.8648428263131104,1.4547698225943129,-0.6569157296701457,-0.7002150217974212,-1.1790068752238025,1.2935910575617753,-0.8175436460600528,0.7848136697396902,3.0
1.8351265418195184,-1.2594861274325178,4.395845552286947,1.6129644690848088,-4.71330752536908,2.797517055128721,1.2613638460226577,1.2781967190647017,0.06931053289716037,2.0898675562161464,0.27527187460127245,-0.8872142552431519,2.702831183730923,-2.5274285086937534,1.564663906020289,0.27368359971943673,1.0213382165239446,1.177436892465015,0.977551029216615,-0.08981034423628684,1.8280163079410263,-2.706337599502341,0.038653527248829034,0.11395238029198891,1.8535766214878544,0.7513613088617275,-0.3340207288569265,0.48722909563552974,0.12054008292716346,-1.9052097990304007,0.07009745021056077,0.6146962320473788,-0.7936555791210326,1.5792005076393052,0.26524076744220343,-1.2260797365826932,0.495744126692979,0.7697564302674892,0.46074004843292576,-0.4806440405231058,0.8331453067218141,-0.5695412550786391,0.594202393005281,-1.1620694343103313,-0.30031629842255797,0.7570698171630509,-0.6559832428150285,-0.6475389658325815,1.8174963663961015,0.4703033196016566,-0.7967863854524402,-0.8421892132949469,0.8756690120208553,-0.42405807013475105,-0.3707419093924472,0.5568558135373537,-1.132627899776727,-0.033700038852217194,-0.7166650253727251,5.0
5.986496366409517,-6.609339232503943,-1.0491921879384072,-1.7231855987542801,-1.4234571025849343,2.1202954832398566,-0.3897760719593228,3.5749482341988474,-3.437258334734425,0.7481748997124202,0.5868107600213834,-1.9576381507771017,2.2963444154581905,0.15573080795221236,-0.38265660775269733,-0.18789346146889538,0.42136347307259897,0.030656538964229877,0.8611460377703347,-0.7830014793826942,0.6004640364374562,0.083967632955206,0.46367089309782583,0.029863072865116504,-0.8568702913110104,-0.3674580346960015,-0.2888198351206148,0.6054483576731116,1.1810443613678892,0.1252290031739031,2.1752742529717097,-0.27876900852810904,1.0003113559574126,-1.2202362139132212,-0.08759869811430049,-0.8357955904728419,1.1098576642347577,-1.071768699173613,-0.6907726756089962,-0.6529196610080498,0.3915584302529702,0.5501530212259791,0.10073525367234588,-0.10130176880157496,-0.49623362177569563,1.2832906493107512,-1.579013735602224,-1.1730344250293314,1.390142151741436,-0.4854655133367055,-0.5579810836785256,-0.2517055845361359,0.6448999953161851,-0.40767092913625536,-0.6080883002211184,0.009365611066980917,-0.8455473166613852,-0.3559823571673336,-0.5118723438202789,0.0
-0.32247647622812226,1.0989540485413898,-4.4671410409282455,0.560376559096652,1.654662760164695,2.621898535860305,0.3889468703300951,0.17141430126279236,1.0730708196402756,1.7790898074318136,1.8715598185244549,1.0144902303782481,-0.239435003324533,-0.4007302275665993,-0.0610500434284984,-0.065029426549834,1.8233511649794567,-0.6879496275511265,-0.9589417430915035,0.5203967307097653,1.3148247569445815,1.1101184233904786,-0.06380051774686235,-1.070604233817344,-0.01168612177980213,-1.896916286403522,-0.6010860344905307,0.043825612623768745,1.1935285291047077,-0.8668808798028528,-2.438018361300011,-0.5855713756030445,-0.33850195945155415,-0.10626238211988863,0.06980384918058145,-1.1030538147501519,-0.5432428404629043,1.1060709302233052,0.10647928269028169,-0.5559478939183891,0.10595967737960559,0.9217490694158426,1.006095334124167,0.047371294560730796,0.6786001100937725,0.3983714086610101,-0.1334903415261442,-0.6497467144942962,0.09705165539544602,0.39180001264107517,-0.5455302628670061,-0.21295075853804113,0.72759098950577,-0.638660435759914,0.2397728506260727,-1.0596477173838614,-0.37136035178231047,0.44053653751426414,-0.31411015493422684,2.0
-4.5132817712593996,1.5165109571515014,-2.9505824802368927,-2.788312556345259,3.4653456126101494,4.070097588734563,-1.9217801427792938,2.59770019264148,4.065040165117701,4.2455683057273985,0.7938742619233926,0.6046995545634524,1.0087676927346403,0.6486655063171073,-0.48919897678297775,-0.012540790731003584,0.3654272395155113,-0.054653785907670026,-0.17568738095679615,0.8323947130537814,1.2480744318698758,-0.15391801002364808,0.8976039601095144,-0.9276137066252271,0.5610939403783234,-0.6085516761474964,-0.7752117900831581,-0.19246246468109604,0.10729288163353791,-0.10307603643021551,-0.06996738129742097,0.03744554593237289,-1.1455896915372181,0.5766770366178302,0.6675500994205562,-0.8067090711995393,0.5840494684086788,-0.2208519549883987,0.7635878895178414,0.8330182112820682,0.7797554860952076,0.14976344248531184,-0.7459770333492354,-0.8912807140386237,0.6866611677170071,-0.11566675971258233,-0.03177259390175779,-0.2252672711448891,-0.31621585741444225,0.08479688695891144,0.6173989423207544,0.46483702262372517,0.38023272833412197,-0.7500525017303404,-0.11070472189902378,0.04508652106303531,-0.16233149203556474,0.268942781507843,0.48285824663024624,2.0
2.9332448227853543,0.5708121074042728,-2.5708308501885027,-2.97583404205244,2.225451603611337,-3.1987028699468554,-0.694148646527055,0.3630361932142001,2.7362205798769605,0.11518475117717038,0.9173451923614897,-0.8770204483425049,-0.27122233744214813,-1.4578564122055893,1.0521866870444359,2.103790186703134,-3.5588015046628882,-1.5925357786315064,0.8029342153728476,0.63780534674174,-0.996270076504007,-1.8315793158674718,0.2718457019805115,1.23085961772698,1.776766101787024,-1.4683529393845471,-0.09608265565048363,1.4945562448561698,0.6787961363223903,0.5493971136674248,1.9412738753860306,-0.1972886628280669,-1.301511337133025,-0.2164894036615776,-0.7770830007986641,1.3366566228436327,0.3248696135740067,-0.10942055314665666,0.9894260080621404,-0.9109229049939879,-1.27119959701741,1.4090390985384391,1.1243536896104651,0.25734001094567854,-0.31756460861124275,-0.03269458257701917,0.5086283620239117,-0.8071680142471248,0.4733976628055317,-0.1829508682040412,-0.08323850016698271,0.1541483623734444,-0.18849802794596893,1.0477609469138938,0.9715028699675083,0.1332315796196015,0.10532549602078824,0.9817871100473174,-0.38595661435139883,3.0
-0.7716461923903529,-5.182382591744953,0.1288652019921273,0.4757690900041163,-1.2139681996736964,-0.6363677994392796,-0.4226994693479193,-1.5372012175238579,-0.0074489869692179085,0.8879583407176032,-0.82154724232074,0.732054662818241,-0.36683362651216633,0.060408716844851586,-1.827183870535096,0.20834913843645295,-0.42147611685071174,-2.2124138312733,1.2083053031907143,1.8649159167340796,-0.22884146611955863,0.007042938014056271,0.4473902484281966,0.12917181040711115,-1.1717084920252032,0.22219833418554616,1.1915488342597405,-0.6179076677744886,-0.4629330883596402,-0.451077464863482,-0.007158812360911606,1.1918136288757482,-0.20204079227596555,1.0946298901606328,2.085927259614136,-0.6519704376911628,2.3894350931322346,1.6023525432528323,0.3650534689027883,-1.0713276899833306,0.9465971936468826,0.2859802740451183,0.9149312331080734,0.8482705955862501,-0.6081675831083366,0.3414185218510124,1.67314236027039,0.43284136151777697,-1.0404295217114434,-0.8617564967602074,1.3461412208899073,-0.14481387192852654,-0.4103673221597242,-0.24925305907920758,0.6607501903403509,0.024254756452332427,-0.4615914904114006,-0.7975503769210504,-1.0659300094814252,2.0
0.8702729652948998,-1.113891483534458,-0.1182415463504543,3.76522971801041,-2.3592802841525145,2.1742755418027166,0.07926065838552213,-0.8749819506050026,-2.3950748693680524,-3.978634420894508,-0.26340730891266984,1.9785559409192452,-0.27194106462845063,2.123308696376726,4.039656200037945,-0.39356230908313394,0.27737855491628466,-2.808596297390259,1.392366994786403,1.2988457157125224,0.5456169738427759,1.7459975236121044,0.6550777297920746,-0.8337865207184931,0.4962091258486114,-0.44780511037340287,1.612528926441768,-1.340059391034555,-0.09095723162462961,-0.21475209478192192,-0.27242817449021417,-0.06592822197960761,0.537578210897021,0.3371283241379729,0.0978659844112468,-0.1675975317408764,1.1680251458640267,0.34081757889351333,-0.5915403506899447,-0.7827302979459975,-0.8646204803766694,0.7091843986143138,-0.1554519050744528,0.04672413168808388,-0.5910332542107362,0.9407369667287183,-0.14392858843551287,1.231408355113769,-0.8562218484927155,-0.021720260243563206,-1.0449482445563247,0.2432926585506111,0.03816321177789106,0.2767348498807101,0.5703173258199377,-0.540868015048812,-0.12187207761506334,0.8499190909183548,-0.4568193003510462,4.0
5.25158387020538,-5.3649666355837144,-1.4593915485802353,-0.2583174694978815,3.5720762496425835,-3.283146437036595,0.8275752457140352,1.3549077815012676,-0.8241809954151476,2.011557725598364,0.0032626076276537105,1.440244415746929,0.8523788803547262,-1.702838041136377,2.9966481663909637,1.4854436363133032,1.7804071503636532,1.2569716039053906,0.6619798335648944,0.38193069975960725,1.540299960143525,1.5109723174709138,1.2097711280840275,-0.25263962299086196,0.1695386542882878,0.08986438406034124,-0.08651723560056876,-0.02801180562400483,0.7951229798957355,0.151012229581969,0.6131502262137675,1.3339220220497712,0.19757181136598526,1.377829252975782,1.0647311692129353,-0.43508144507692964,-1.214860986422135,-0.2949459392196007,0.7644018721383832,-0.5340411723616791,-1.208938869904767,-0.32893113330828677,-0.6752945921394315,0.4167582722343319,-0.947277428934499,-0.7480642527956929,0.21050939980519,0.3834829090049688,-0.602180606901289,0.5672216393492706,-1.1870873836029128,-0.2333571159836036,0.2676011460507556,-0.5932713129981703,0.0797867205144975,0.4658075202832943,0.6868581329774883,-0.23131235975682185,0.07748282681667795,1.0
0.3997634873721849,6.636164571456889,2.1889253723910054,0.3505200819781066,-1.9192548853069225,0.7745442594239389,-1.12180321447146,0.4731837672710736,-0.3505934065860959,1.7220492770230678,0.21075227923142162,-0.3999320868112235,0.35530147470150264,0.9533439213867556,1.6020202539561315,3.334543097982048,0.5805571398347952,-0.2429025246138293,1.4517546862783817,-2.045156222211716,0.7404097695934373,-0.2874302101363809,-0.05766884591128241,0.10237120518207196,0.5973204915577257,-0.8629978874634375,-2.2581025517750573,1.1734431381331076,-2.6975375911099144,-2.3215000558874035,0.275321836956942,0.3581227308365452,1.6751154672485644,-0.15520865843838452,1.5790038159235997,0.4676458602115818,0.16379476673094862,2.0034484681099136,0.6408240812293197,0.5505208598013389,0.05866159691154321,0.5547658975309907,-0.5775037904373883,-0.784220674043994,-0.18048358349510485,-0.3665835915522133,-0.46463290916952454,-0.05830999714404423,-0.4004244237221094,0.9450438324503418,-0.20207799133238516,1.2144683585529066,-0.07503114042358382,0.5946565104544815,0.39487534312033234,0.26159373427345345,-0.5122126832570387,-0.149585496110787,0.5604924553305758,3.0
1.068930498922988,-6.77258368313774,5.734643317527575,3.506447569381326,-1.4954046684856515,0.3476934023801506,-2.0952461642544837,-3.3081008832723753,1.5284602473134128,-3.1921402259087968,1.0581879562569405,0.9875131193691963,0.3318432917606144,-1.1836037597045599,-0.10552842128190484,-0.5684795950681002,0.45505116389073885,-0.003167871869426748,-0.9801839339734915,1.1455712879047433,-0.8187207295460585,-0.5943297189922748,-1.9418870483009227,0.716123129406534,0.7388732378267712,-1.6617318767016314,2.325979002051186,-0.9960859663384449,-0.7211567002509458,-1.011646539531294,-0.04300085445961843,-0.8381938580608941,0.2636159037500513,-0.5501605770314333,-1.298449051093368,0.5840371230264602,-0.07513853953501747,-1.0725725035368363,1.29952791386063,-0.354512215300894,-2.136090625252374,-1.0903798854151348,0.2010690827332584,0.4361618360368816,-0.10954367046655396,0.025228151027075114,0.3611898515775849,0.4491228035809229,-0.5443228570846773,0.8954729527696241,-1.3782602928798353,-0.6795679787406166,-0.2885125782112059,0.6373048318217082,0.2532682830273582,-0.11922248161282696,-0.1225807716005045,-0.7243822121495778,0.20013192063975588,3.0
-2.1082627981339206,-3.4562802284200393,-3.927333899059442,2.48135970463847,2.1560098546372766,3.979718957325189,2.9137836199770955,-0.6717388728482214,-0.5946519030864763,0.0036000129491643436,-3.1055139238300447,-2.742138090440497,0.9559988628981937,0.8639278013636239,0.32786952816845133,1.1319641550570032,-0.4858277333988095,-0.5313067652708834,3.6696971358635366,-1.4412752227535357,-0.3646638551848897,1.0147744799942764,-0.0793385197630206,0.46022693841721624,-0.2219164677381646,-2.8328611475878547,1.645082460928473,1.4051222221816093,0.14664295360685142,0.5749570362141355,-0.056976479372824386,0.29397455237050163,0.3027368358945597,0.08530390097269845,0.7958576357175791,1.8021989966633734,0.6278555793112227,-0.6021172230176195,-0.27190591800994435,-0.8361977435043513,0.42472553682376457,0.5097728569286868,-0.3382108759500528,0.3689151419399252,-0.35850339373343576,-0.437087355114298,-0.08792419942776275,-0.3920323061694188,0.7195526884802996,-0.19585596222616775,-0.14659709062480517,-0.38780124450276815,1.4585391466248014,0.9947012077512764,-0.2783697858875947,0.6842680963589873,0.10034693288968895,0.733785040116383,-1.1204003164104794,3.0
4.334219157705383,3.83330954321946,-0.04911607370824122,-2.108664109898399,-3.2051225931687197,-0.0385971497144895,3.7722653998401316,0.28992809736601916,-0.8067464244671222,-0.40264543270286257,-0.5115794331364351,-0.18934483625269186,1.5410444515256587,0.7903713605523036,-3.511246106133343,0.8124116632278169,0.5052225734323034,0.4091072586580585,0.23521991029199718,-1.1471800616683816,2.2542130302316425,-1.1537617948792638,2.3835654934837134,1.890670605342534,0.8651645255454188,-0.48124936335656293,1.044219853662004,2.4601052699035457,-1.5806360564141513,-0.48183028423359575,0.3754724713516468,0.252192568586426,0.14216921534985466,-0.8514922547188086,-0.9625693841610988,-1.1567098984404818,1.9994065901564915,1.0958619826698348,-0.7642564155193515,2.4877702757203473,0.7748085416249026,0.17867126734663522,1.3322994195835371,0.7203548704366023,0.8598840756928657,-0.04339572474809566,1.003393985860948,0.1215677464440595,0.6355503156870681,-0.7261328032023954,0.9556977493541823,0.0949205324363312,0.07610349249907682,0.026199561014473263,-0.07083885705453534,0.2758711689282955,-0.8829050693407683,-0.1425005064889064,-0.351603398231517,2.0
5.258030823072675,-0.5115095803644384,-0.3875608915124942,3.7563120527478313,-2.734468521176074,-0.6498756557812913,0.1637782703037378,-0.48077342250527355,0.21386842205548878,0.2810480429264071,1.37319841160273,2.7267087276915425,0.47016806031660635,3.203108258819018,0.2073366684414415,2.6920107471120573,-1.5038099232748445,-0.6220090451414468,1.0123637716342837,-0.4407000553927406,0.051726504380145116,1.3955328924542123,0.5661891563006881,0.2136250726518458,1.6282494414369837,-0.4070541952828892,0.5165030765123977,-0.2863938693955467,-1.0592136126528378,0.22111829205714031,0.5284579128922293,0.40780902801906266,-0.14557017886045773,-0.003501800962128946,-1.3319987952221868,0.3743835501859805,0.37551564353624856,-0.630528618968374,-1.0513361816793918,-0.08770869621073836,0.2599284905198325,1.7919230013872227,0.7092426846156507,-1.9541564937852556,-0.10080659457947824,1.2204079940763424,-0.49327661589046345,0.31290081787686386,-0.33281643007171813,-0.3329835859203839,0.38264935592175486,0.6815693513350556,-0.4878756593410053,-0.2634815611615965,0.08416749686172888,-0.31825229069764405,-0.07822883163360281,-0.26140920115238864,1.1180404791264538,2.0
-8.829011619990013,-0.9310543763595392,-4.012805924594874,1.0932147127806167,1.6289617752061987,1.0336351765562397,3.5526860946208596,0.7426149057205211,1.294926733405172,2.2070987652281806,-3.8211227134385197,-0.184822393940293,0.40224259494825554,0.9955979001668406,-1.5324244925713562,-0.6727468624653729,0.480182667368438,-1.1888239118738766,0.8251735078503339,0.4766260921191802,-0.2652304531889973,-0.9594873364748437,0.626724265046406,0.542475034277586,0.05981221511750779,-0.32339533040269786,0.0382837095116402,-0.0921174248895566,-0.12161816684861372,0.25913502324894566,1.1286484915293336,-0.7428508484963543,0.0035627737520989656,0.3737312378533308,0.35352743140232623,2.0156197128900653,1.587444511056805,-0.7263433617970115,0.24568276262770403,0.11655840256763314,-0.17413582592891869,-1.161559997080785,0.3703517444416139,0.529882514875816,0.04028414693049863,-0.5341414797158148,-0.5857426273253067,-1.5645467114467542,0.18032546917735612,0.13742096435069825,0.35204117596775714,-0.5114042620241575,-0.26097067129621826,0.6737016598780017,0.4254658343263127,0.8639105728850714,0.5654593086513654,0.150872310968958,-0.14448751417118358,2.0
0.946563962677269,-4.59068211917751,-1.9829976424981373,-1.5313144795899747,5.590816541628778,-3.2831109630625233,-4.398608107574173,0.9781079915268217,2.5888848437366137,0.6555149560852497,1.2219623930004193,0.991924001138702,-0.34845146395076737,-0.24019233936855075,-0.24135097633239383,1.760564713907877,-0.22069558237504075,-1.241089528142196,-0.21563343802279067,-0.4885366481984984,-0.8767335898411549,0.34255905760629124,2.710078346823698,-2.46851627328124,-1.8517788933424246,-0.14712672903322796,-0.3848964128618292,-0.31794742207976395,-0.6595545709122319,-0.400541042796554,-0.9193523120881997,-0.13140645676568738,1.065885502390711,-0.560867225362334,-1.3750269291188393,-0.6520112861283672,-2.113182767065083,0.008285542490175988,1.0400465940204424,-0.34945377488946616,0.7568576684643575,-0.9731519330593179,0.32556918984905986,-2.1737503717107027,0.022192074691861442,-0.6458229442449112,-0.09899974100698457,0.1682592310957214,0.34349698403403517,0.613436122911034,0.21299353661520296,0.2576443086074378,-0.10604941718602945,0.3287528451933396,-0.44142413843448,-1.037304467679811,-1.5833063629315585,0.2315245639350961,-0.5912494678392879,2.0
-2.9575889845126313,1.0710415695078912,-2.369918395337639,1.4519397384697643,2.294532325315436,2.990816503667,-3.916280119600673,-1.3752918104806184,-0.05619982784684617,1.6034665322292243,-1.0362037071532015,1.122852134392971,-1.2438488042913265,-1.3576213504239907,0.029703070673045805,-2.1656746149791593,-0.5128443369942481,-0.9137306425483245,1.3370461364195843,-1.0555469037265321,-0.04481141521977725,0.2609054001702499,-0.425460581698669,1.8918198029538214,-0.7763711208548354,-0.6171854606105068,-1.5220249583276952,-0.22375073955098487,1.485136149110636,-0.5805257609765425,0.45305866426339514,0.6035662658886832,0.7569076393865305,0.24845440739717348,-0.06469652104496111,0.0007255947831134874,-0.5877065121578117,0.529029902087478,0.31985623685750464,0.39444594710407177,0.6895460596565793,0.4584660639982857,-0.8654257180119307,0.9050769182309487,0.22242317418592986,0.6412910255567916,0.4809020381347243,0.5302034067289474,0.3409759271836105,-1.0629668502620253,-0.6214747425976865,0.07826955451309754,0.33083351159616203,-0.4490417790960737,-0.520323223917229,-0.007080455981737004,-0.5680177603262133,0.48865609475596805,0.33501424862072926,2.0
3.929375781986295,1.081715219665159,-6.209267586874941,1.9466757766226166,3.2501294685966644,-1.3300265524742179,0.9053793634448914,0.3378132814151488,2.302175952284934,1.552254864320245,1.023385332982269,-1.9282515252148045,0.8497994357470485,1.233916544906993,-1.0519442584609024,-0.5292494992043943,-1.4293477334364566,0.5651563195546885,0.6810312721744696,-0.05735818540479225,0.723154616928488,1.4276526694296086,-0.9633969274764074,2.0656532222467967,0.4791915725861773,0.43006164973733607,-0.7979003668821818,-0.5375979731332667,-0.30844329762646666,0.7125056064118532,-1.1252008091139258,-1.5595551722472294,-1.1908618213321414,-0.0628996407834071,0.2978286123137297,0.1284801778652538,1.3838026615600907,0.18547734995,-0.031396041522207825,-0.36312219070818547,0.44833378719756417,1.456164509201111,-0.13170130975270655,0.11704013950368986,-1.3969338897509371,0.4320173952966707,-0.36818760189429195,-0.31051590380833466,-0.49524378640030065,0.36800957952503766,-0.7062988571601514,0.19185775973754451,0.939413758849561,-0.25800626772468177,0.21897415740146547,-0.31915528880585864,-0.5599123671666988,0.20335760655902735,0.21585451658904972,3.0
3.1356223476091056,6.4577953735081275,3.282782946354873,-3.6955984190655093,-1.5868062433891637,1.4028661889209373,-3.9230023177231237,-1.3415984967244456,0.6145610088405978,0.5811512793597418,-0.2824600598102738,-1.8597344748462166,1.4805009382207837,2.7379398215919664,0.25068463528042995,0.3938704647331092,1.142981318396304,-0.7298451087516914,-1.2701258278502734,1.766083678760287,0.13674750806437158,-0.8056355912494619,-0.6319515920342847,0.2280112114756958,0.10166595852157943,0.6108493570953447,-1.6239837414005553,-0.9816971120501596,0.35008028987638296,-3.586685606267949,-0.5807547062902854,0.7297336265871667,0.33133522246702807,-1.1494000353665057,-0.7347029469081784,0.5708943146640659,0.3003927774917507,0.5028930276144948,1.53962127582807,0.25842017240958737,0.15682275173608315,-0.5183934357935099,1.401992056537654,0.1696198695072675,0.7319218675581435,-0.9361327939799752,-0.40808281652341416,-0.6212407080234474,-0.32371980881818535,-0.6480107429424338,0.4470731260615576,0.2990531563671371,0.5912555058961697,0.4605686273649511,1.3337716946067402,1.2961175484812075,-1.2774367268259723,0.5036404031712373,0.5961232321393761,1.0
4.069502334152985,-2.730509729652832,-0.2139170611566207,0.8456760461761534,0.31749712042919415,1.517078385215548,-3.500053967079812,1.705942592902768,0.05304627817286646,0.7355795404065417,2.1748816425928097,0.6243551988584174,-0.16476780953082096,1.6302281623612733,-1.5373495080388286,-0.028822727798332767,0.006445237311121597,-0.026437045325697402,-0.34482406475862104,-0.8990003086198729,-0.4275451386975203,2.2982531441904297,0.3550889102074687,1.5232282032278164,0.9908849442329607,1.275634291688123,1.3169726184719683,0.4423020997071462,0.04680915245411682,-0.6904431082769938,-0.5558861414364166,0.5020506590505521,1.5056847906017072,-0.36519904536423614,1.084292520546563,-0.221213066448306,-0.07208864599226372,0.6652736534706947,-0.8190665921701322,-0.5575167799004571,-1.334967982413483,-0.5602707442237908,-0.17520464982147496,0.8830859239986382,-0.9046100243436185,0.03691261131242701,-0.12792916647489874,0.22586415077863997,-0.08722436928585076,-0.19938607446837767,-0.4748141281454061,-0.7179425311398705,-0.1402929035892055,0.426093251392494,-2.1072605049898554,-0.30002400325369744,-0.008971800744502042,-0.24333704787923396,-0.8703441986496498,3.0
5.0634578060445845,-2.2232662905607925,-6.277731994530382,-0.23589429603153989,1.5191080282584266,-0.8051435315350592,-0.9417547430129428,-1.3443317369589594,-0.37668054847443777,1.0983530532097463,2.399144454824296,0.6603646587116994,0.056829862695204666,0.1373811832031385,0.0005511619553675838,1.8879586628140492,1.302409059975572,0.6450523603495976,-1.1377583752333382,-1.1920494991013908,-1.1800735597468666,1.0227672379627217,0.8301604043326407,-0.9696155503141539,-0.5050550718623261,0.3771659431452319,0.7168778791625404,-0.3588860303515438,-0.4770358038138081,-0.7394264489807396,-0.3473604139878597,-0.017345562866196016,-0.648465752603289,-0.6749581538474438,0.12534559383963145,0.13870371198231055,-0.8221752875381039,1.0986468016369855,-0.7270261065090644,0.5211888328862476,0.18473355243519185,-0.6540269173515877,-0.3070694662087986,0.5197883053497968,1.225775401038322,0.24859975771860907,0.7895181386580044,-0.5194269320415098,0.13145719532892064,0.3158301172644956,0.0969095571591665,-0.202768380541882,0.21425963007107546,-0.25294992847568465,-0.06058441954129366,0.2236778193174555,0.5848149418322673,0.09062225838082073,-0.19413699423899156,0.0
-3.8639123245396516,-5.909679003495615,5.3538555699690376,-0.2507880591375517,-3.1549631119228985,-0.6118109451250869,1.164608875489021,-5.151539879957063,-0.9444096125679755,-0.22650290315138075,-1.0268918681733605,-4.451535844368167,-0.8409051689950843,-1.405939197143137,-0.39738406694955675,-0.10481651999894026,1.3405700217230367,1.3454288519945168,2.239621950170753,-1.2306072313728251,-1.5531334297089943,2.800205150643072,0.9439239646708388,1.0466454474153004,0.9682294462649277,0.6867946953056032,2.9512462715689236,-0.28515186108212526,-1.370760867501952,-0.44811688862431737,0.6565218115303537,-1.3602298040732537,-0.5400988223661818,0.19161221031541634,0.063672468540795,-2.739670037092869,1.0334556699844488,-0.14335607642178022,-0.8893925848347353,-0.09332591861607775,0.04950241844878851,2.000068392337831,-0.10281505923520157,-0.1549225218038317,-1.231239004408444,-0.34920222977576026,1.334161199091696,0.1406382322343259,-1.5929851298305238,-0.047363898081647836,0.7507338505594519,0.6825047203739013,-1.2007418131215206,-0.48538577355617957,0.06748319946750354,-0.08064370237530383,0.29928984357836014,1.1397336811996608,0.36477442581580927,4.0
4.009375485217408,-2.799550447682044,0.5916686211377449,0.18752532340898181,-3.3411632926017627,4.086711409023498,0.25791096338047087,1.3455372632559117,1.1923393541725906,2.450742785648819,-1.5460731563134829,0.8094018755117327,0.813826297301881,-2.9631834308320104,-0.48003467622456064,-3.1628889055234053,-2.1982740051714273,0.9714206909644967,-0.0995754064658306,-0.7436462205506014,-0.5682956616509183,0.9836835254519958,-1.1395698511742474,-1.1557932373145126,-1.3284196182478725,-0.8550875216864426,0.7591879054559767,-0.6486225011163151,-0.5788272704849887,0.5138594116448048,-0.9039630089963707,-2.059147450592406,-1.0331945347593434,0.2967048495911889,-1.5973716828516509,-1.8356018086292127,-1.6008785475022762,0.8848079178442874,1.2669404779486482,-1.1328761937542415,-0.11826391704335583,-0.695235452631206,-0.567201908725439,-1.3236202269202195,-0.6548088534010658,-1.9511750952481828,-0.4116115852246171,0.9942830275948396,-0.7716162117594888,1.0824980782729356,-0.3032223315931252,0.24318730161375693,-0.5521426743409261,-0.5230884176443417,0.734179044828422,-1.2305994182313043,0.9752203541317797,0.5432112565278596,0.8749277300782368,2.0
-0.018152832898505153,-4.828756168672166,-1.058680585589575,-1.563886778090511,-3.7314229412797637,2.747250045907833,0.8800700909667732,1.0637853258409036,1.5765760266844333,-0.49438938789688874,1.4802710443144242,1.3615176845303967,0.8808075938575378,-1.2929439757682026,0.8002546132885223,-1.5626792810206862,0.7268694085396045,-0.17754348245018817,-0.9922724915387611,-0.040892329989941065,1.5605581526726415,-0.948251370371287,0.5513288864950013,0.02370416062293746,-0.6660132813164491,-0.019599583306462554,-0.3148218468257046,-0.26937472045587985,-0.1221643723944725,-0.12431019722771627,0.4139881432180874,-0.7760955639073169,1.7472071651625303,-1.8502196372553108,1.0019563963480833,0.531828014079704,1.0165199945883954,0.14086347117824213,0.5740258652198369,0.4148000799806729,-0.7275971533092004,0.7787230043781136,0.24763925697455413,0.7072752023419826,0.547500098599092,-0.899359959854603,2.419913990290297,1.4349671604837122,1.2024321857745432,-1.2227629515089093,-0.23053188604652994,0.002251982423669879,0.20512540144475835,0.6588838865310169,-0.8837419571593887,-0.7334859150877467,-0.47539654914751245,-0.1888254970574885,0.11503038756269182,3.0
1.9545111692211565,-1.076611358132181,6.126455544787475,3.1402412496183967,-5.55168037606023,-0.758077365585789,-3.182859214661996,4.12357229906205,-1.4101162513673484,0.6346628098134349,0.28534954945461344,-3.7102904160454018,0.6969907885395116,-0.9393581399155032,-0.7124954042622745,1.709630693966899,0.6796492644559359,-1.4786382330559937,-1.7755435804314583,0.03600576240698088,0.8680024469059695,2.1016025502585793,1.2877438107460653,-0.5045915728452752,-0.14016997756035385,-0.7363304585318085,-2.3846109547565653,0.310152317310422,1.1976507484697394,0.3412715954117382,-1.1476988709291316,0.2275474085535024,-1.849541384647009,-1.9561284091135749,-1.8153807491100256,-0.11849937748722615,-0.3316495224213977,-0.7750491056884504,-0.5981125152830374,1.2711431263781212,0.17003120884143907,-0.37716361544931326,-0.0348514691484784,-0.15529352762877552,0.15331609594834628,0.6897006245656655,1.3253946924152775,2.9610521229650715,-1.8204913862089012,-1.4461524633296743,0.09888246576354486,0.015100375492430292,-0.3694483049052141,-0.8442459846385217,-0.33900596349071277,-0.6161126568917629,-1.1931069155867005,-0.10888369217682453,-0.2369062000184907,5.0
-2.3632263550552057,-2.7882036147560365,-2.9738898724125455,0.4801039209747551,-3.5032883080101946,2.434439050197044,3.519507723066482,-2.033622982999254,0.7485145680384152,0.17370444188457704,-2.072622335056414,1.067442026590334,0.6315127510436543,-0.3779138291247495,0.6820240270762356,-1.0323534671715389,1.0096375612155892,0.4230714609232193,1.0502144440401018,0.7672507428392028,2.8246412435921275,-1.3921537807932975,-0.6770968116403058,0.25122641412585084,1.0911588454399275,-0.24584335819404615,1.137894486230476,-0.19041848239881376,-0.1988564226199959,-0.12092883748511,-1.6153985222440561,-0.18561267177801608,-0.4668219708027044,1.334392809932141,0.510155344938982,0.5613095951188758,-1.3225211414549973,1.551962248727749,0.988349359090956,-0.07128266423891104,-0.46920690978955193,-0.10351459548559218,0.41040318639979784,-0.9738431482579434,0.7192977786580672,0.0535421444375462,-0.6210553726780944,0.2900903722017034,-0.17888257406841016,-0.812553377779531,0.24789054195760632,0.34241789837992886,-0.4227047780056985,-0.7181335199906238,0.45956962019457004,-1.239885898045192,0.20559755061612822,0.494362943412435,-0.5922990426280601,2.0
2.10765410906739,0.1604000708043137,-4.306542123022434,-0.14774934904643194,3.3343842946321054,0.47290072786861304,0.0997277271586245,-1.93924394812472,0.7706082753931053,2.4914898866892723,1.0155319255396391,1.3655995249517117,0.8181977100469426,-0.4600196602690581,-1.320364458108261,0.6306437378822725,2.0737607082333938,1.1765505012978077,0.16518676823957837,-1.2680063478809014,-1.2587351267389664,-0.6081706745123141,0.5846040278488168,-0.31252303158978634,-0.49451339188242066,0.5704659136423212,-0.07890949023761383,0.21026186397446409,0.46212707455926233,-0.7705799205275697,0.6570038740992509,-0.001299576494890702,-1.2496328367418823,-1.1453301449750883,-0.8284821348003615,-0.7524235151231442,0.36857701755154393,-0.39368630323125714,-1.43576533606776,0.423330473966392,0.039090175992060446,-0.45665107343186173,-0.5837199221410538,0.5964999974519297,1.5801340872112546,0.9517857233497878,-0.0008017575785133389,-0.24487559186321411,-0.15557335873513817,-0.23453268007845138,-0.47639928344679305,-0.16788262708154517,0.2091867887234721,0.09191505846074623,-0.6652984017717067,-0.4602735513973443,-0.4190558474694992,0.975997720889398,0.536666134403936,2.0
-7.002508052760611,3.0444871679778194,-4.179264169267603,-0.5652741671915673,-1.5502619480460318,0.566997012977936,-4.4438583304460755,2.137500929307228,1.4740281512849376,-1.2406385640444164,0.6947008500712929,-3.157602988926843,2.3352583847723523,1.9429435102039634,1.288664509168432,0.2960623679741675,0.5210076290882611,2.5372653613946774,-0.6529469257072913,-1.6800328085182399,-1.8622183906671919,-1.0858508363955182,-1.1165272951646046,-0.5752693729865633,-3.1641777514513443,-0.9234065874347205,-1.9447321648209799,-2.313053104562185,0.5652801612020544,-1.5146265416434308,0.4850082384893019,0.8700866420826574,0.58812982289718,-1.7555793620885853,-1.117979974998096,0.23072219249908346,1.1655979364003053,1.3863991353807983,0.5168493054338339,-0.8257875742375116,-2.545865165544705,-1.250800118095554,2.2327434769591084,-0.36447849985800074,-1.1159920065584206,0.4511925370765919,-0.3101940948002894,0.3971497142456609,-0.23058056363897103,1.1135505955375355,1.2632789723089437,-1.151927978892476,-0.9690210493067828,0.2593021969824486,0.27538920699460323,-1.7046656914406608,-0.04392098936465738,-0.08432683919350367,1.1691574230794126,5.0
-1.625072437911928,-1.6699412973557344,0.032803935515143844,1.0957538884556732,-0.5921087858758957,0.5239222401584216,1.8625546364785563,-1.3756158033632337,1.1321718643292407,-1.7316277779270723,-0.4562398277492563,1.7857656363282068,-0.6237637834040074,0.16718885065703032,0.6388839492756204,1.0394343229267882,1.4493973934774804,-0.31772908326702776,-0.23243728567047095,-0.32898907006911593,-0.7817396479293229,1.7473174454693337,-0.662365410276404,0.4216294392901576,-0.8620074544734786,-0.1281233187289471,-0.6794948047654356,1.2769699309417066,1.0252615366683897,-1.0900964380742781,0.65373159227839,0.27348506706204057,0.06146879713926306,1.1212921603280854,0.5462686959449061,-0.27589109836969195,-0.1374782148258158,1.3860962443995006,0.05764454719750605,0.23344901883563032,-0.012725906640868586,-0.223313539635178,-1.2799267521069875,0.632752577809092,-0.06035707646004944,-0.8489656092452855,-0.04552079307495739,-0.29530409922217865,0.4475694122745452,-0.4943480594743555,1.1176154372919105,0.1867153360855799,-0.5330629473397192,0.39089792625666614,0.8855804875224547,-0.04218253105499209,0.08861055626986447,-0.38752557899294154,0.2362194400643881,3.0
1.3890153081754346,-5.592735537330105,-0.798257218785817,2.2663773218575765,-3.262205673572154,1.5502172806493917,0.5897836774530416,-2.497192846571223,0.6585411304105125,1.786940559223767,2.224589061584717,3.2054501006325973,-1.0445999800721912,-0.3099957861185534,-1.8984483178290363,0.04507558639681341,0.4689399777809534,-1.3584680954499182,-2.36559261487448,-0.152944716678619,-1.339801264245942,0.5098766118666069,-1.1715146631162288,-1.5883232876233877,0.3586333298755292,-0.9588953743375453,1.4709089083903937,-1.6013163468935867,0.0069294525945099925,0.5582492396487652,0.7461835591854433,0.4437470814900641,0.032458681527283796,0.08086347380064071,0.25236627974511927,-0.47701485741370814,0.5907828004077553,1.092059657090455,0.29520554536578714,-0.4440510735790891,-0.10177248169987763,-0.48381492648569663,-0.4631779335492923,-0.7071574787188302,0.1498546357139421,0.03669629236069308,0.4844136901508504,0.960109621932815,-0.14828123081454483,1.3290969698943482,-0.5944199368383487,-0.34728694524724996,0.9796056046289376,-0.619935325409505,-0.1430891389677979,-0.3808913754247837,0.31609973749092013,-0.2791068213433854,0.6249393277952788,5.0
-6.186180530335346,-6.307912229147929,2.827158377690564,-5.2961098757749445,2.5296631505842857,-4.7872878230658,4.592306140043767,-2.662245344870318,1.91496986225892,-2.1115291898817024,-4.834690942277814,-0.9545329431821583,0.6082405231906827,-1.0225623857378183,0.18297974901858396,0.26917451794660263,-1.00908092504706,-2.137152063171306,0.8902007799553832,-1.7979778572192033,-0.909402473012474,-2.0208952538762626,-0.13390465603196064,-1.225070975466862,-0.9083826490753464,-0.2239791417073623,-1.0820945031644345,1.4790763662225768,2.2979948237382164,1.5663770047080647,1.9850217370466436,0.9485526553121895,-1.6037015204437077,0.6727357354811693,0.8585903956542305,1.4090231386423513,-0.553491984459318,-0.751060234792867,0.15460928836834142,-0.9249918715130192,-0.0846824229978623,1.0255370795847274,1.430784385322782,-0.6765576049382755,-0.23883725002547765,0.3259271957958586,0.8156094042859722,-0.6188184725536948,-0.5949026396935893,0.7085834571483466,-0.33133825784432064,-1.3325765272746761,-0.6095023773054743,-0.8173356883740025,-0.2492693579796666,-2.0849765213233695,-0.23891994488000753,0.10413109806994932,-0.30586295795637947,4.0
5.914708282719723,-4.546368387656589,-1.3799082441718065,2.0617320853242007,2.1520317192236837,-2.2872147609399844,0.4187112095817968,-0.3066921223156232,-0.9607706602094626,2.0891105583069285,1.8129181630453224,1.0972070213173273,0.11344591536123012,-0.09163232226994275,2.578899543347093,-0.03573770026790303,-1.8838985252241998,-0.3320050588831383,2.255143015247467,1.4173955313489996,0.37318033398396594,1.1782309254508936,-0.5165637506606577,-0.9701175966650617,0.03473002614222379,-0.07799890271043167,-2.088017308350355,0.5820795388932689,0.3397825744313994,-1.2282789671804417,-1.0663374584790852,0.04826700785066521,0.7640623116266766,0.31376070469402406,0.21182152496779105,0.8996355749986924,-0.4319178287440806,1.0812596116743438,-0.07138555474887759,0.5490017811904484,0.43116516897228524,0.9738673289982573,-0.10458963321613007,0.5265826341146347,-0.43836688775611493,-0.07701229687637345,0.1630007415066572,0.4467548186541757,0.6086849870586654,-0.050732979125165945,0.8558634951501946,-0.1673419554933702,0.1281882803668309,-0.5851433871630451,0.07837011954178644,0.6880361609018533,0.05010214548985511,-0.25648594251452456,-0.6217628719387391,2.0
-1.8805947984345301,-2.28898980021572,3.0062846201494424,-0.6865748625920813,-1.6711384594151706,2.063527691149934,-0.21829069209016425,-1.0399273669815625,0.3218241267738892,-1.5054646199227508,-0.1806063946355003,0.6366191961950667,1.0379944960342145,0.35519602081436763,-1.3033769389744545,-1.7980666765669366,2.8845548625927506,1.1441832009116655,-1.2561891855741198,0.11642321683942734,3.2654003589589093,2.1212295190188564,1.2572789175956622,-0.11535489865841259,0.2763105600373595,1.244932139778015,-1.2694620527436757,1.35826047110329,0.41448295774255256,1.0734129010973514,0.8646712698766448,-2.2422232255442425,-1.9781742004223555,-0.18366751571775036,-1.13051354933995,-0.20901524103624905,-0.9923863300938912,0.49365987813504997,0.785084430744501,-1.0139483363661157,-0.35331414327069516,0.08418044755750198,-0.3694412571575573,-0.8906148021378186,-0.6692167932719539,0.5352958269142076,0.6034501139021282,-0.55169049151355,1.1820149549727839,0.02467740249055792,-0.12150105946227928,-0.28278282234820395,0.14673666381594752,-0.270697581545801,-0.1877083648302536,0.3287269805716472,-0.5996808290536064,0.7474639356124819,0.07550174104553484,2.0
1.0259196939946982,-3.4900368330485967,-1.771551968093471,0.8893893854154106,3.2685285206838626,-0.9395320159876319,0.14064614248710938,-0.7438261818380206,-0.06766798162468565,1.3919346226609428,0.028856222390141614,1.998374747674691,0.1963591472008971,1.8958688381574431,-1.1447315436218646,0.2199534674577359,1.4624687904491436,-3.4798530481516114,0.8867742521326296,-0.37914090344902307,-0.286825757072532,0.4563764042731762,0.12862052223240852,-0.7155557050926002,1.1571300507975524,-0.035380081159147064,-1.964330428578898,-0.5156297515655527,0.46453096500576824,-1.6657279298113536,-0.5492277893765395,0.4083136627219967,0.2558704161395187,-0.18066810506000588,-0.5956249917899875,-1.305882491001444,0.749055487504226,0.5748483867684692,-0.14506354382119374,-0.7342061994491171,-1.455187182845541,1.0149757539579833,-0.27927105452284107,-0.564391137777139,-0.46474848966034016,-0.3000045556085562,0.37812500522304726,0.19027790454450652,0.11658159669074061,0.16330890289047692,-0.6623067340138861,0.4602443333798647,0.7388103617753177,-0.713074176591144,0.6114940991935156,0.05645185128941547,0.13324982615525832,-0.053693182854250204,-0.10632416484314253,5.0
4.58889329184671,5.153874047739492,4.332723291541201,-0.6690358686373479,1.4673126193840307,-4.549483434425005,0.09765826167307622,-4.597499035071013,-1.6784965668411842,-1.17889020882783,1.0732883115705318,-2.278686239476961,-0.652630660716096,0.07251426688099179,-0.9396247713737508,-0.41669578183915834,2.2559679117415437,-1.8625590378316774,-0.42526661029238044,0.17332747920322464,2.0396570022530134,2.2847793104695437,-0.4210119611517865,-1.789202852222009,1.3656473595183527,-2.7297732049132164,-1.2878367386406953,0.17473139018277545,0.4731648392470705,-1.2068791061132416,-0.24932400397553395,-0.7346314030829664,-0.861600370624099,-0.41857642231052355,1.5028023964151491,0.6542548136985236,-0.12117466024495394,1.6260371332111938,0.9308587987599922,-1.8661140344807545,0.7686871259095032,0.15149780896041729,1.5485620782397522,1.4885686816486783,-0.2704308578043497,0.7191046358633305,0.5283951847235726,0.45520771410846345,-0.7829061064676013,0.07385152034902698,0.2900407261865877,0.4348783764746947,-0.14021554263982275,-0.32190673350410637,-0.11022188807873166,-0.28569261063489004,-0.039400919237152256,0.5907354910652378,1.645509891371424,3.0
4.773772542143893,-6.014292480640937,-0.2958174405474054,2.5715362067994065,1.719998699172758,-2.082530398872345,2.4773924665452327,-2.7164764260144243,0.5237124481478586,0.11110679998795567,-0.6717049251076797,2.2467084364413563,-2.180299607403019,-1.580160186185835,0.8829617070269722,-3.1435663879711746,-1.4422650341400471,-0.05704615332347092,0.08471885503679387,-0.0280252035146776,-0.9187595872138584,-0.829391941006815,-0.2784450190214263,-2.0761136376500353,-0.7706345306756058,0.8214919148752556,-0.6977594290927128,-2.2781780519602575,1.0352562178320945,0.1724971281904027,-0.31729516348329917,-0.5720435621675727,-1.7562328812763044,-0.283691664427585,0.016572417227315374,0.3185360927422838,0.39138822898174463,-1.4410932650275101,0.3451399526416333,-0.09112093218364482,-1.6328533378082997,0.1557746854004955,-1.5017613598841104,-0.030509402728981356,0.2561763320564691,1.393895850824509,0.5199754822910968,0.027858109908065136,-0.2787527634972128,-0.37061408040712895,0.2939635111917841,-0.5067701792780605,-0.11287350233850632,0.4279051136148364,0.4176063705524214,0.45509846945791266,-0.5192997513393217,1.236770974127982,0.47559666274994866,2.0
-4.095704705406595,0.46843723567036144,-1.8864329095650525,1.0133440523647206,4.686222342647089,0.2713624354823618,-4.486323376721141,-0.48394370023433214,2.005253040524651,1.991870857795512,0.5331873601365608,-1.3111830550748018,-0.34959735368065564,0.9081424868609062,1.3627801970060858,-0.9250104458903502,-0.68414854400528,-0.14573214744262802,2.656048452713355,2.6241235589807084,1.1445204756041785,0.178649498127529,0.16182095874259123,0.08669810731653171,-0.9096768355092099,-0.8904945639828662,-0.9438560587567592,-0.8132912792860416,0.07713919176270297,1.2261086770530925,-1.5751594761937744,-0.4465320745095905,0.6859415760008686,-0.910564736838123,-0.7272225848292532,-0.21973795003242397,0.5008881626284601,-0.5424977685154241,0.5614635974070689,-1.1448495783585313,1.0427436728525388,-0.2841667875406891,-0.2671694374427389,-1.076614423385554,1.6959001071304207,1.2499590571691543,0.667787831794083,0.2530017060313504,-0.5715061386607202,0.4775009156324527,0.07404204210981523,-0.9239944444325779,1.0354728530101207,0.06791521544336274,-0.293439311341293,0.5517921838586809,1.0304929280855004,-0.687889275966814,0.2984398223760963,2.0
-3.561467147833731,7.41792378164602,-2.151730398269148,-1.5927403588267381,5.3897437247875235,5.40058372965769,-4.127916442260878,0.851843641981948,-6.113861273982545,-0.32005471017072956,1.7311938839389651,-1.3150332703608443,2.2890814923873513,2.961682718329685,0.4328727736038439,-1.9430523326179545,-0.6504823780341509,-1.3499576731670726,-0.5675437393886834,0.4540193571222557,-0.8097990556528402,-0.7194963879913056,1.8234240982128733,-1.845293815947541,-2.272732651709112,-0.4734845844338595,1.3182503937101337,2.2320007867553646,1.6517754794664443,1.530920096243018,-0.9594801088833798,-0.693464094262256,-1.6130822660980317,2.2328913468600406,1.4819668965558779,-0.5764027101084664,-0.49463094347741426,-2.4546038693141474,-0.32799675429106373,0.27478857771337917,-0.40733084579963985,0.7906890992002573,0.1754335155571298,1.3311189970294663,-0.4114061064496131,0.8781886699295512,0.07603950365746097,1.295045324110396,-0.14309568981761014,0.9568900301367025,-0.6495944870571763,1.7307699318960408,-0.89018750510468,0.38683162594920756,-1.044411517891917,0.8693822179579653,-0.12402144464620414,0.7600915494416787,0.16990671837002924,4.0
-6.08386186804175,0.2915336947293088,-2.923376054039454,-0.3724298914175192,0.14290375575509698,0.362192267233636,1.9392429241530142,-2.0219787188016705,1.727538214847929,1.9458128667160657,-0.11640963103573776,-0.0886493198350247,-1.5821311488113874,2.2599017971229376,0.46665283881305736,-0.7005617588083604,-0.24608307499265406,-1.3914148661324102,-0.5264174862742853,0.07278031191179542,0.5152654478755019,0.3637255995680814,-0.006670192968600022,-0.7286244634794249,-1.9220715381187898,0.43837484735298665,-2.1465550948812937,-1.4482181095051085,-1.3227326640595607,0.43952893241006175,0.47574860776941846,-1.0414918937048416,-0.27640094292682793,0.2805987247613527,1.4710751594486815,-0.18990432489466696,0.10392034164915097,-0.8764258339683156,0.3939713866622506,-0.0782002930207456,-0.008637157209169875,-0.3275306556646283,0.8749972532248389,-1.0350392879998591,-0.6251388897110567,0.3698598425990228,-0.5347873397360494,0.5559932910691637,-0.26195100141043015,-0.9571166555578164,-0.26673454657121887,-0.3510438718874723,0.09253822159419502,0.22832849763106322,0.0038879751580323946,-0.19265058105718663,-1.3816727390863799,1.506264632550185,0.7345658019605042,3.0
-9.562221977227292,1.773609528571802,-1.4070544498552267,3.357589052052389,0.9628706990789319,-3.1297896254701376,0.8675208383824129,-0.2078705012334382,-2.2537391678132,1.6772865940592563,-0.07444337987287138,0.2373744750151611,4.140404560308085,0.5975737775042593,1.8717282661916421,-0.3824117821285981,-2.5529112523968034,-1.4883167849352807,0.8281804132354549,1.7993824917243877,0.2604009729663029,0.4202419843033892,-0.2813218107172031,-0.5685154698504511,-1.0622673513266634,-2.095276807447899,-0.8918754818210848,-3.3471854447991087,-2.8607786984102486,1.0213264305231173,1.1457811148151065,-2.235030486936408,-1.2938659452060959,-0.837150456158695,1.9761859157089252,-0.885598638764254,0.03530224047161744,0.6556949725998996,-0.06688073540917748,0.9351747669433556,0.7287515649311291,0.5581450827775932,-0.5385344817020923,0.2177489586974768,-2.1197882007597655,1.007307170813041,-1.3804076891010413,0.5895196375480122,0.9999873352324107,-2.040562665265207,-1.5621976107500468,0.5182755473174587,0.15859115306335,0.4952982378302727,1.400048773720014,-0.15510144048301985,-0.19705678023796233,0.0850992203742497,-0.5929165343897732,2.0
-1.5740461615078827,-2.318277982859362,-2.525401934294088,-1.1219528033956143,2.166519742760852,0.1032421127844132,4.22477362620989,-1.4027643281432032,2.4333773093734554,0.36300482668618167,-1.3925257554737405,-0.8670156044870057,0.9181805262647856,0.11630073810577557,-0.6657098755547732,-1.0265959956965667,0.7240064385088251,0.2554142593311576,0.7061586345315095,-1.241625069292093,0.3786419877680861,0.08104794881205105,1.387416024778643,-0.39766673762373467,0.24066350749830323,-0.330250746592655,-1.4563238333837003,-0.5342271055504906,0.05406860881810572,0.057881407260097786,0.0007577561667861451,-0.9252864910323926,1.0125798200914684,0.04255532747144999,0.6529196400123505,0.6257631959147497,0.046209007917623376,-1.2128317906427424,0.5642277968340129,1.4454754374705976,0.296079276292966,-0.4767560731129231,0.4675751158962098,0.5041274724425906,-1.079351661358205,0.3959753499298364,-0.3095904001168545,-0.8131605966305165,-0.0840958735556584,0.4819500162145886,-0.4320048886199952,-0.03707994586454249,-0.09134450037730975,-0.11778038720405187,-0.4366534461696072,0.23602715785142442,0.053735562614659844,0.02831417127631678,-0.17215297544099736,1.0
-2.9994461507611407,-4.159870145176678,1.417763459576833,-0.35112921335498076,2.818034773484093,1.6022586927942424,5.314937797685798,-2.0519300218009047,1.35591887152405,-0.016293312916562254,2.595829304480617,-3.60088611922076,-3.8460171263803176,-0.13700845283381918,1.031927297138755,-0.3188976321267332,1.3993137503422137,1.4535641731650224,2.5064545991561498,0.4956905031913085,-0.5771657205470883,-0.013940755233105324,-0.051308938137084155,0.5644144264317841,0.9099020594985011,0.17366321850907368,-0.19310610178550913,-1.3152433680370226,-0.698885635160423,-0.25692239199315337,0.26631369066086213,-1.699645008509248,-0.8435045315443049,-0.9508820077516431,-0.44019991773553224,-0.9194289209430647,0.3581860067628327,-0.027800973055677143,1.3488609774233333,-0.09473190025571925,0.5780969345332624,0.2591775181982333,-0.20192154943727939,-1.0680014061622638,-0.32241328079618387,0.5960838317181301,-0.18145270511249736,0.14956382145466346,-0.4412643915884586,0.6414266126120148,-0.005988952951243862,-0.09369218911340269,-0.36659906182604207,-0.03966572903250996,-1.966029824330936,0.45635439754691576,-0.9007200743399266,-0.18309184745736484,0.5387179669299403,5.0
0.39977450016396004,5.471419826097179,-3.909364818135104,1.072626125661121,2.6564059669193614,-0.3694135338810296,2.032681417767726,-0.6181641307741077,0.2265712990308462,-3.4199200813434305,-0.7362346875928861,-1.804311882691926,0.5121544413565464,0.5519887387791914,1.908401949851577,-0.834775074489088,1.3795116569067156,0.31894863222865455,-1.2626996281374803,-0.37918997868960397,0.2394577014292244,-1.1497603439371595,-0.802608364400688,-0.7988163402326893,1.512843273561859,-0.31564382279165876,1.443885503560181,0.8499860387253447,-0.6289116303345275,-0.699679429725839,-1.3544623822350006,-0.14056819124839426,-0.8632320472812995,-0.4663943328207004,0.24964140488589376,-0.27006459556225326,1.8787937870918487,0.39851832028996786,0.23372871085564983,0.996587207161746,-0.27463208313948145,-0.470129887049012,-0.5017542873516752,-0.1803042153103269,-0.04024106106358011,0.6737563904976775,-0.8060419581628808,1.1375124039139402,0.10750504398042211,-0.4870665984243209,0.10222712730697105,0.15933928688037305,0.32252847140637514,-0.4874030506167785,0.3620911479110468,0.13902402371034597,-0.015052411561346884,0.10360509382461955,0.6148280845304667,3.0
6.498999989311526,0.8751234563283875,-8.48530771706447,1.6264814026108108,1.2467536100695589,-2.554582810820651,-0.7613934769193511,-1.5144441544407101,-0.11478737766938739,-1.5998528597663269,1.8180251679327968,-1.3396770496167358,-1.4463407808590927,-0.4975475531214359,0.2093054843740111,-0.24784875762281602,1.4787926794502704,-0.8222697169637957,-0.6312949637905789,0.41787643498149063,-0.4248789775989462,-0.6271494585048619,-1.1935647788146464,-0.17416558582598549,0.333638096720429,2.0250183479223223,1.063376517178519,0.021305759896123405,0.9110141463196494,-0.0893965958716278,0.4461233780087428,0.5722319718512763,-0.4761626277576809,-1.0596702696683444,0.35918084729014016,0.07576178702398856,-0.2705386757677229,1.0018527935793065,0.16077766089978865,0.48329598670145757,0.7093593932357811,-0.25215447617642,0.5354784700344988,-0.8008387421817788,-0.23484018776943252,-0.41636173853612957,0.05507202442597737,-0.3320111014889198,-0.4116223019517116,0.8524426347549963,-1.0234623718678533,0.1333705318311739,0.1843142591260339,0.40850484304253787,-0.07714395157210528,0.5119195170075498,0.39343236524559794,0.746740276939276,0.4114821062424563,0.0
-4.26224881321153,3.563242943903413,0.9718160310079671,-1.3206906437207508,-0.7419008363933929,-2.5706645794292604,-0.9880270389174114,1.9446138754457147,-1.6915045973517655,-3.0648657640438692,-3.2750581430591215,0.3543493111833903,2.4497655508845044,1.368488891580785,1.5563936369652092,-0.21709155237727298,1.01383047852609,-0.4773759689276361,-1.4244758867256042,-0.8945019599498963,-0.9746259757449512,0.5222293256513553,0.2571645564772612,1.4241846758894101,0.34800831357117235,-1.1766511664605546,-0.8193455671338606,-0.5080140764388515,-1.2170934662034383,-0.47803979483968345,-0.6105896356347107,-0.35045259237590737,0.10080132047444926,0.08228643366362014,0.3481441022745501,0.48924920483551804,-0.6296514181508239,-0.49660740514603097,0.1874813954712733,0.09246092904000205,-0.6110692421158711,-0.7117759940823621,-0.9600898869767269,0.35603732738895855,-0.20726696646239706,0.4781571661478515,-0.16359666735192024,0.3696155453248824,-0.9431224431660841,0.671325796912472,-0.40686009064808926,0.7872783296121643,0.8360952378425877,0.5503522190518831,-0.28588415088869756,0.04476205780634111,0.7223319754970824,0.6210299031728129,-0.0540149208518668,5.0
0.2515901210839222,-1.81560404584302,-1.9586207538882077,1.234702676184751,1.7650456390631821,-0.34938126361240346,-0.07481560159654899,-1.0780476692925252,-1.2590460443676603,1.5885951358489336,0.8878932752930917,-0.1865153920888006,0.8402040627981358,-0.6941587006298872,2.1155641671871948,-1.1409902757957207,-1.5364198917269087,1.3781332368273278,-0.8765875732557162,0.20853177276859214,1.088740498873617,-0.36199556013468004,-0.09771023823356988,-1.2559700593434957,-0.8237980473996201,0.9875808429412805,-0.5511453656514935,-1.211079133039474,-0.10593578784688833,0.03847440089219086,-1.2936639629338562,-0.22801909668407752,1.8792195328843746,-1.5115909710755335,0.4806164143728862,-0.4560291101706374,-1.1453762154824967,1.0207164076355955,-1.0285972332564268,0.233069719757141,0.1508515430097718,0.39337606870527636,0.23475138967233164,0.23839026781603656,-0.45346422171672507,-0.2928727333597918,-1.0233889823142956,0.10216495052634213,-0.8691828225505052,1.0098528611695512,-0.08821931180051287,-0.36498081568790636,0.04886233658740084,-0.30406413396138154,0.09773057965725782,0.1396399290031473,-0.3850700819626062,-0.8352957335801047,-0.536950233827648,4.0
0.2856054236531181,3.6119299026885816,-1.8871800586555632,-2.501655187863424,-0.24313816474032246,-3.183131316365383,3.706523259398335,-1.846350392316889,-1.9790331043505434,-1.2543311534158317,1.9601713966408825,-0.5830477071732231,-0.44466181341690886,-1.4760825016645118,-1.249450272954479,-1.9706514345561978,-0.6074943185786871,-0.09858310070034113,-1.2704392402974813,0.5075583026488495,0.0066072473973351545,-0.3902803502911898,0.6931899669763025,2.254536001710064,-2.952651571882837,-2.8699679378954777,2.451478922518792,0.5294413322803471,-1.6553833256719415,-0.7244743029343269,-0.9670085264709747,1.7904413713304133,-0.14610931727523713,-0.34682025215839246,-0.7132023427863662,0.635672485860275,-0.4557264932888368,-0.5906305687626896,-1.3065106857759998,-0.06126640991396081,1.2983207668064878,0.13659899864142522,-2.1260344393084885,-0.2797726022839031,0.003482755300402611,0.5424417744569269,-0.6731286389089631,-0.32882466404670074,-0.7206672213665251,-0.3600436334286496,0.6657798914746297,0.420711928114299,-0.1153990381650998,-0.7465252764654833,-1.2178116110308723,1.902780295363357,-0.3041700102495705,-0.37875512474148276,-0.03649896430359558,4.0
-6.818037899036673,-2.131305077948156,0.1833931969866325,0.41514024907476876,-1.8798667325290934,0.8216415694947268,-1.093612452038388,-1.004332481152596,2.0394054832730713,-2.3498427534266875,2.407985452537879,-0.28717122493751995,-0.13428556614926576,0.21223222105911602,1.1629027904214921,1.7457379135599198,2.9508966554475253,-0.5515558405972121,-0.7694692878444612,1.4176190446083075,-2.1653196954359437,0.37568438044955343,-1.2232160686296634,0.6748980216607536,0.29352653353484226,-1.274949043395967,-0.45870602609337224,0.47776282699125744,-0.22862167292555413,0.5910450468670861,-0.5068430813667393,1.1506389515276558,-0.7669500423280589,-1.1675462674937906,-0.9549440799159402,-2.9589524071447855,1.4068466279411533,-0.9663269123379832,0.17040827708563028,-0.5976249244416513,0.6106298617506447,1.8027412831031302,1.3612064679186386,0.08689833071679973,-0.3826055133799329,-0.46319676352207073,0.90579525425039,-0.8665478151030616,0.34930906426600217,-1.2516606179648604,-1.0723105971312008,-0.8349905728990038,0.3993239087009187,-1.2721480986847793,1.2435303174094425,0.20095413454609912,0.4557514797246117,-0.4241568781704081,0.3124673729245157,5.0
1.8273985781001716,-1.4123464249340818,2.63082291891041,-1.3887564586715724,-0.5186921969350198,1.927615952341401,-0.8026037097938329,2.116301200241674,0.02376781323795634,-1.0199041965097424,-1.629015710486426,0.7239441499269265,-0.5826937199795738,1.0083165068454583,0.7952652914091582,-1.2688277794869904,-3.4853754404428248,0.3691462752749948,1.0606006534549732,1.2650192835595897,-1.532753537384964,0.16435801827125543,-0.16605497219738283,1.8039351327960103,0.44029465082538455,-1.1698005692285676,0.8670023606489308,-0.4592537931429234,-0.23285377870785684,-0.6648253032643682,-2.3448031934475635,-0.5378320554571877,-1.3571943564248665,-0.8449641355614999,0.23579099489434263,1.311795817206961,-0.329044986812099,-0.25820994013560333,-0.8095233495685574,0.6595620957338791,0.15055785020878892,-0.2279107092435716,0.4150852072745017,-0.4184129392051257,0.38796965081372237,-0.08373966091396924,0.49347628552436096,-0.04616930902169268,0.8393291297993172,0.2399189830336725,-1.0934408735997836,-0.6057255131449281,0.01445850197946242,-0.44859973344672227,-0.3069427000272157,0.6000585113134751,0.7072758466676035,0.2583400922224732,0.4210290804303258,5.0
5.467999235798434,7.493779285395199,-2.91376929344651,-0.7668525398426883,-3.5873913899019354,-1.5987634703665867,3.22160618883178,0.7323496281633922,1.2955937753801232,2.426221662057254,-2.196681371662164,-0.8410779584765119,0.5601931744273319,-3.280517218216509,2.193370245573319,0.41634630012703117,-1.293488020087346,-1.6237475666371546,-0.18787322500186518,0.31979706064338675,-1.9293061488354888,1.010818454423022,-1.8527738357353398,-1.0157827461543842,0.3601086560843832,1.5145092677605694,2.0883851811181624,1.3570700544359646,-1.4245852806183246,-0.12563809168461493,1.795088881196393,0.002551699663276758,2.443976013248884,-0.050534591412965284,0.3087845849524379,1.1898464766251515,-0.8208070502904116,0.8591577138562781,-1.7668395672331312,-0.4034291862809995,0.3503721365652019,-0.03679397820215592,1.6572296753427265,-0.04447102145351493,-0.21535540470210826,-0.6106629345927654,0.8589187847302721,-0.21300084484983314,-0.48052464889468277,-1.3638165888064453,-0.38837753709536676,0.48286474070293595,-0.1743890888400857,0.7630498353839409,-0.8446931674807178,-1.096604658994502,-0.5890215224465462,0.09214869328807972,0.07387145902909396,2.0
0.7453652970844962,-3.2136532976984,1.0987758037380473,2.1804514025908177,-0.8614712009021173,1.4209101924519956,-0.13975707051176817,-1.9787337458933263,-4.0894056570170205,-0.4548381144388598,2.385853005835091,0.09338328713078155,2.2387272855593605,0.12499325932319025,-0.7400988256687341,0.2969860665949849,1.808367730105558,-0.4231407766356728,-2.0329999633203713,-0.34704151394763916,0.24639006070679245,-0.9073617980298476,0.5089657405594435,-0.5051679770529365,0.32131945159226816,1.4420076317904882,0.06823662361658461,-0.7355129254299144,-0.48179411306929415,-0.10636903723439436,-0.08977711108156657,0.688917470895852,0.07855275964457245,-0.4515371785893842,-0.8068825859563878,-0.8449131622818383,-0.18621700939056626,-0.19068899091401684,-0.2670501793315512,-0.14003955160912376,1.014912961874775,-0.9145558872413795,-0.4545160941618301,-0.24363573069035896,0.5752172255457213,-0.2742986040694121,-0.6287995238214604,-0.34577912521585896,0.5845239117642215,-0.6186916808767577,-0.057833072516760474,-0.20230030164505577,0.004102899830097772,0.2752224416453306,0.441096125587527,0.6753270117230374,-0.39490769817238774,0.0582268060383961,-0.6000915852584864,2.0
4.5151705186828,-0.41728014252650636,-5.731203403624922,-2.87118702702194,-1.607189058996573,-2.934750778859153,0.44441654443805695,0.19636665143888754,2.058652798480412,-0.7653794551790777,-1.6503797187617038,-1.1622351500105677,-0.10505884255148562,-0.12537107624574975,0.7452881148678042,-1.9657798438547542,-1.8382931549116779,0.6260295192669255,-0.5354209324148682,1.5287356989583467,0.6659141277177001,-2.7720568283151676,1.2644248131660774,0.6044727047024979,-0.7223696341453232,0.35164032180681415,1.1810864513276578,-0.21612486344258902,-0.8584442094370557,-1.2596899767609218,-0.37540867934753613,0.009688979719833074,-0.28715612859275047,-0.24538527883038633,-0.8986528603767218,0.07386643109571515,-0.2593204785762772,-0.47932372927516975,-0.40174727700573887,-0.21482878619155368,0.12072150044823751,0.03663518466316189,0.5743064827316738,0.17154276902755497,-0.029470177477107666,-0.2799417093663807,0.042127222609269654,-0.32859222822566664,0.38575635561548627,0.4099592219311528,-0.4835032349444705,0.30976564836233056,-0.43815365509916837,-0.01550925722000042,-0.3224664576303617,1.4193814294544889,-0.18136952954349106,-0.7033435962029969,-0.3714037682576533,0.0
-5.864224632487318,-1.1561009721455282,-6.429400652463472,3.996178942176589,0.9973941177562561,-0.09066876751463647,3.157110562963694,-2.326046179468888,-2.5801475364076283,-1.3288881808525217,-0.12491054329514245,-4.684328689158353,1.529023252779297,-1.5557970489613657,0.045358950448539395,-0.1973871077920639,-0.15425621975549542,-0.6839921391079598,-0.15646404148136775,-1.0919474980572481,-0.4640283682829883,2.1442036584156097,0.16988039204436312,0.3673852545440237,0.032708388277717194,1.1321813435425185,-1.2990960359529689,0.03972102889270659,-1.9237316301433178,-0.16324390224974197,-2.438103769450767,0.3553817069494171,-0.05735127776442123,0.33790020985600405,-0.15269344535481744,-0.8605721989828498,-0.6262732161738823,0.0646327732798003,1.8633060473638163,-0.9095717506649209,-0.7066503174341835,-1.7934492379550098,0.35751173609122516,0.7036069328539839,0.3312732516811324,-0.6311810601334861,-0.9304990908818859,-0.21825763179665522,1.0022767877284657,0.10416680321470718,-1.339960840039555,-1.2306407064821263,-0.4814563212895597,-0.907285194533649,-0.04947178764434353,-0.2728703589299658,-0.15430032606415414,0.9867769405552599,-0.7432658947472627,5.0
-2.060554993535791,-2.1614711069675594,3.5070691769479234,-2.6462226695640307,-0.3108445165525193,-0.0793760107944417,2.2888360751613095,-1.3276651620003785,1.3864936668871966,-2.487739309086208,3.90345681091508,-0.6149141167683241,-0.8414666580269731,-0.8133169665868627,0.8562490404117623,1.8119082341667756,0.12456013448028991,0.86867153480117,0.31505064653124537,-0.05770931245631835,0.3278167295486602,0.4521635718300483,-0.5789960167365785,2.380534789853233,0.4073635990879122,0.45100236740951516,-0.3416597159452426,0.21981084980424,0.4647765029238816,-0.9012952521374755,0.6375877887199313,0.8246272578995347,-0.5789392004529363,-0.7721768965220872,-0.22558801778442858,-0.2038301081869219,-1.0005277344629033,-1.8992210133480243,0.6798832680721392,-0.9346928314597883,0.3159484863243833,-0.0920078818233033,0.08903543806174695,0.4565961321880531,-1.1361318348198568,1.1553296004337592,1.5082032115094504,0.40157266679899933,1.5991464753175282,0.7810486870475397,-0.041582792692558324,0.7146777265220026,-0.16496720080766786,-0.5887906497726023,0.10972958981979604,0.3253174887006102,0.017162590888455766,-0.5355745402445061,-1.072766210577683,5.0
2.239780697341757,-5.055525733411669,-1.2505398107808536,3.52515170846488,-4.639104364526514,1.1447203948881854,-0.8366894338024679,-1.1690674550922433,0.8409145599739082,-0.4077349361933382,1.607813583916431,0.85436610645362,0.6300456161770621,0.36058568491763415,-2.0600888278289253,-0.28078926301985646,1.637008149805032,2.7539082775694066,-1.2666367060510635,-0.8032366406284742,0.09780330515502557,0.7211225500405647,1.638190656727536,0.162023826225833,-1.7305770989681721,-0.6495959877892311,0.2321110784022802,-0.9227507539088668,0.2880431295998117,0.5411748679207077,-2.2254307040576804,0.8215876467087031,0.7807288122165711,0.2934024353303538,0.05230522584476883,0.030576814997293512,-0.3840966366632912,-0.2629422921006387,-0.21015568068631357,-0.24688627978376748,-1.2609945014196846,0.835255280203083,-0.5945533790376731,-1.2783182390630492,0.022042322069824694,-0.4598139200658639,1.310149231909851,1.4154547853302768,0.48101997933004254,-0.8111552651597072,-0.08985629491660983,-0.012576587154361515,0.32018626181194193,1.0593588066763315,0.06697236178257629,-0.4661189153648446,-0.5584348108732372,0.7347672182920438,0.7804256837196919,2.0
-0.36142049037607143,-2.200383373538367,-0.5977166816679602,-2.211860856722333,-1.6138671261230444,2.1578691685809392,1.2053104578031288,2.7321253818591393,2.5959551956145184,0.33223168487135435,-1.0189286866137361,1.9752422854259495,-2.6827392286410943,2.1372925857989475,-0.9675606235010734,-2.737251102364164,0.5659998388429058,-0.4526902177099117,2.486823074733286,1.4388447588865492,0.3375403215562531,-0.6785702214016013,0.5121345108623576,0.34081359175895914,0.09396716034190436,0.6618410068810654,-1.0690883683183012,0.25356309065748184,1.2423601904739145,-1.6272710757305509,-0.5689743451083326,-1.2110208126960298,-0.03664007010009914,0.15490090853004662,0.7793478616623435,0.21478099249060234,0.9917730578820386,-0.05551886665737508,-0.9334492876007519,0.012302208273337363,0.049767239400936,-0.03782923812572143,-0.409535812540238,0.3127984787739225,-0.55687730501975,-0.2517260567494894,0.7940730389257217,-0.7167882840269826,0.2378870861657021,-0.017201336136574118,-0.6343634847886147,0.10806028431854163,0.2204429989301305,-0.10849338580535342,-0.34054981864251954,-0.21011283911866496,0.6925794508616042,0.05879781072838895,-0.10016896415395612,2.0
7.072155559109803,-3.2124482715289466,2.0616460711722695,-1.6554249594654937,-4.433143088659091,4.5940947702186365,-1.3506731755716548,-0.23309513865517456,-1.6410947567233898,1.6150262416609815,-0.7591820241362884,-0.9926126273495739,1.9882682296360725,-1.9837041386416854,-0.3995798702895175,0.19121107968796852,-1.8828228085615586,-0.7883479386764198,1.6968838763433953,-2.090525921823362,-2.045997518127636,0.5174404809310541,-2.947439063342308,0.8889565585488639,-1.740378406346859,-0.9730828697499235,-0.30028591526814286,1.373799909475786,-0.6814707818730409,0.16684510737338012,0.13592822504541555,-0.9930365794220496,-0.395847789932959,-0.684263806003822,-0.6645293947935303,-1.0017841530557776,-0.614236086757075,-0.07554026885742075,0.20515590731611472,0.28825155062697083,-0.6261193062151869,-0.6628522500133044,-1.1662673998843613,-0.0757017230994249,-0.5083520256193533,-0.7631292642237969,0.2729959464061431,0.5372657027967199,0.9255166049872389,0.32843768573711757,0.19336988881105063,-0.5127446025546719,0.13355920826272502,-0.6317422349102249,0.214077420611881,0.5708366228849551,-0.5634667530291667,-0.030240346377146204,0.3905782634414983,1.0
-3.293966490831795,9.674443225371382,1.2321978802347475,1.009123747164343,-5.489911963834906,-5.061473241904864,0.21557191476520957,0.40281082088904024,3.1517490447671475,2.017639646396336,-1.5597398640276954,-3.308876331655506,-0.8267166255536335,-2.6393953011690297,0.5136667373575506,0.6036046532992884,1.3001415117416197,-1.3598646073688345,-1.528264608855488,-0.16301586449788716,-1.9960252503117075,-0.1969754728160201,-1.5737690656006085,0.14028459319298883,1.1778934694797103,-0.33647557657163235,2.0001678356369776,-0.35800989677333694,1.820046097503717,0.7281095530151921,0.14045724672712445,-0.15741708726776357,0.3917427667998331,-0.0647874917356039,-1.1596630199457507,0.6978316994459587,-0.5647393531165996,-0.7581346055234142,-1.067032697414679,1.111516250647469,-0.579492797669926,0.55802876087208,-0.170929089384058,-0.20749943862264536,0.2794956432304158,1.0157572987190042,1.389187736769773,-0.13084878168135522,-1.3045477748938348,0.7891964054154705,-0.6948505064849636,-1.6497711645482187,0.527528670884033,-0.07751171649775816,-0.937456328833824,0.11314838677124125,-0.5289012663980223,-0.16076575657843797,0.8098311682889014,5.0
5.582781598201618,2.986019748304358,-4.781572262797803,1.3992180294492713,4.50230923879219,-2.126660956368315,0.039166596363802535,0.32599219503412896,-0.12063868955745866,0.46480555372314214,2.8067057195907683,-2.5545799249089676,3.030930046779128,-0.4082964019200581,-0.4375545922124024,1.345625624094574,-0.5902672072379891,0.14072832443232833,0.20068530266943022,-2.48934238102387,-0.6285813901691719,1.2167535149894197,-1.7856684783669525,2.2902421833668622,-0.49154181256654716,0.6935517586754705,-0.9685268268278674,0.8827023142970658,-0.4051350224975483,-0.21425530593570483,0.5761471279906627,-0.36587797789095833,-1.3781997497639986,-0.22275837716047908,0.7028641935303299,-0.7070742003462432,0.5585116375673098,-0.5757010393594904,-1.258883131316578,0.5144256990686131,-0.8193778955186405,-0.7570915782200126,0.5665840128209466,-0.30931281482393025,0.23442548650647896,-0.6453083233496272,0.38986499369803407,-0.7979621601444657,0.2542112929959861,-0.27146540053554863,0.23689927536967192,0.5931813864239346,0.3064941780115392,-0.4084671083730889,0.12291873899053578,0.36307590427878594,-0.5997609421470035,0.21648543923294344,0.7104241063446672,1.0
5.441923793228116,-6.811972606550111,0.16508359588447408,-1.3793314679005293,-5.964601816727455,-0.5404082750115281,1.53951708553224,1.0911287432436618,-1.0355738731601256,-1.0442208660217838,0.10986252154652391,0.04412294421129036,-0.7998691758102916,2.1296890045466217,-0.45988869525057696,0.34905345995937914,0.222517476446457,1.1350467899990389,-1.3507757665421807,0.018715523763135254,0.42050959335777227,1.0221573842210812,0.40479241588281906,-0.24528924307172928,0.47431150701979347,0.45708405281806,-1.673363969277738,-0.7618660740658318,-0.3509745801065709,0.7811260582164103,-0.7039772839144205,0.21271853113045797,0.7330546511506224,0.0014560441693978088,0.038982926421344294,0.7995283696455934,0.10185833400304989,-0.7574860317984826,0.3892160329109796,0.2521255403654738,0.5937038345892707,0.17002529164937405,0.25030827989042065,-0.20335411949867757,-0.06733486069104731,-1.2200298883195924,-0.12788615109286433,-0.803695060389214,-0.5464299212382926,0.4326066641944397,-0.3712745130003073,-0.7354669599016093,-0.6057198103240615,-0.441871813425727,-0.8221591400025305,0.44002260779382707,0.04902419015995693,-0.2018622162058025,0.15462981117748925,0.0
6.0459383731545575,-0.47170510528261805,-5.407856623366763,-1.2799826626392026,0.7892169642655175,-2.618309407600308,-2.501084855539327,1.4253612697708775,1.2928114623036695,-1.5376148385717805,-1.7839446335246683,-1.5741406329808527,-1.9040526807192115,0.949905385200911,0.36601680371982304,0.26369790147067185,-1.224550758134636,0.9397437148229074,-2.0147784798000963,0.8695615362459628,-0.8623577997620596,-0.8716695253245348,0.08171563658199735,0.8841120596109747,-0.730935104568551,-0.06782208931004434,0.4865862592945002,1.323391376337213,0.58033465689064,-0.40436015597896147,-0.43016681920441757,-1.4110892982504353,-0.5473956443160228,0.6421715623199159,-0.02255610920627283,-0.843987985146182,-1.6313720955359123,-2.40746818565461,-1.0828398822265672,0.8823860997604824,0.15909935747014975,0.908295064360741,-1.4757631133607445,0.17292011666029175,0.1070254342765705,0.7909336907584751,-0.46129954735825596,-0.1081287257364294,-0.08353057660779738,0.03317492185738572,0.936893691861706,-0.5620263559345808,-0.39581509079804617,0.8448130677647528,0.09608120604450131,-0.4247586749701191,-0.3325464084551319,0.07974018457500877,-0.8845060997356764,0.0
2.7032909716545066,-5.084169442144365,-0.825905411820894,1.0641661441493198,-3.214151115198013,0.7378773547063089,2.462290688550266,3.099613566948751,0.11922382446691271,-0.7794452388931152,1.9431358197917454,0.37412745108903517,-2.534925801139661,1.1528406788279717,-1.428038379460049,-1.0728822011107575,1.3322364858105613,1.0046995786582864,0.09861524036644333,-0.5930307093409648,1.5457933018339407,1.5393345512933994,1.5255093552774204,-0.3538439150576532,2.2569489617257354,1.4596452467822276,-0.9174203477399328,-0.8605570952469676,0.125013812701385,0.17212132895562554,-1.2653785315585984,-0.4934192052796449,0.796610359099803,2.028062393675287,-0.7139599071986015,0.8403367559217071,-0.5380399980847796,0.6277759943501371,-0.4682618810630593,-0.4052607897454326,-0.6773757833611789,-0.5045291412617827,-1.3130280105757492,0.28151329602425934,0.02821174606390576,0.04060794297167755,-0.08640662719185667,0.38134395217886524,-0.6222853031750889,0.3437371266907175,0.7180207738027635,0.3126262768541541,-0.262674236057408,0.10030748536047147,-0.48493014242459637,0.06106188558998561,0.5186614981168345,-0.2827960477869624,-0.20887566595695958,3.0
-6.44322259962738,4.476776133249036,-0.12831808372249254,4.352698900951344,-3.9393080160252305,-4.082065613367067,5.025770687164148,0.6642651549838363,1.0809518143637458,-3.022599182506569,-0.49558096590219136,-0.3675899133888136,0.472734303891101,2.3285355678724278,-2.404729343602824,-3.169698144794288,0.7208169620228795,4.451637607468414,1.8132996740171483,-0.7531931735435042,-0.40136610637398273,-0.04288441765167875,0.0010798365295094708,2.0197978952774265,-1.8140963448249465,1.1683277966957317,0.3247633594994095,-2.6578994372288633,1.0317885801135365,-0.945547376475625,0.8843559894750688,1.497800287606565,0.34107071168709496,1.6608056983971973,-1.5916423153462531,-0.06992026160241564,0.5225308804893712,-0.566474450138173,-0.6989192613031401,0.11105997954287244,-0.0362288169529522,-0.156455293952963,0.4796031526236581,-0.3897555005035239,0.9241994232258375,-0.1732917942594232,-2.5502079516193006,-0.43451206608450144,1.840355607789509,0.059724765435453485,0.47259659141615457,0.17993401387082367,-1.1114781804783016,1.306184609573869,-0.9302521287548041,0.7514506273336385,0.6043656906415151,1.2136064180108932,0.5337563503094755,4.0
-1.8959603585080396,-3.8178886197188455,3.7945645989774444,-4.689269895622512,0.39146995361882014,-1.1033895149443866,1.6490047743613683,-4.285656117486036,0.10985619953039089,-1.7212185458957057,3.04533014446798,-0.6582257794668491,0.6801996839184207,2.551707028484567,0.20673611938502387,1.472715586014254,-0.8519817914231992,-0.6349734974265889,0.7876338443292558,0.6002014609447149,-1.5442086741904741,0.18556139082402354,-0.12018791692407162,2.024614718479796,-1.5020540337617014,2.587653556172488,0.6719518931444707,-1.1046716090056514,1.427868501924833,1.1485759476017194,0.7247239768157061,-0.31135974492438007,0.6222727788413526,-1.0018572899685767,0.09943511348737291,0.4910328715993649,-1.4683725417648417,0.4854372806383589,0.9873944925342569,1.626340854932342,-0.726215803275886,0.47603624069260825,-0.47709233846674287,0.23290380589856138,1.9772056853193873,-0.14060112999642724,-0.17592722907739913,-0.6371739749391179,-0.3412812355972483,-0.07502076357953644,-1.1875288890763778,-0.26316081120640494,-0.004636148429387524,-1.8216603458427383,0.06595350005943149,-0.2743582498353228,-0.0636394313972511,-0.9220579508977055,0.7096270214951784,5.0
-3.075831588777855,8.277423423132898,3.540163325514465,-3.2736613064313977,-0.02434801412401818,-1.7691414779270211,2.5972499440234373,-2.1578032304914485,-0.5759204065204653,-2.866944281152839,0.5556878295239579,1.196855882797608,1.5992205479681334,0.5885954077166632,-1.411269416934394,4.305789459027596,-1.7021310619810042,-4.154297320060149,-0.018976329530691286,-0.2259139568809121,0.057897108868301815,-0.40737281105516326,0.7305249176915388,-1.5133543475434443,0.28185049777512344,0.5091367839455226,-1.2612144300262647,-0.835231585721913,1.177747810322521,-0.3196149432508327,-0.3823290710369286,-2.1533424533471575,-0.557378898517283,-1.2841915884295716,1.6677732670680192,-0.23016878154485734,-0.020730595353741756,0.29580745698149596,-0.4232396371101488,-0.9376236969985485,0.4835198176076502,-1.244661807889936,0.31819419314381614,0.8142582987141033,1.8704776435743309,0.05915762498526588,-0.4102944295814821,0.7057449839953317,-0.5022279234091903,-0.25730462230406326,0.6633195641602693,0.0635032726861577,-0.6114479783060678,0.6944986957500761,-0.6695500234815611,0.1468522244090402,-1.1092882695956414,0.26806602931833584,0.9395314368401287,3.0
5.892082165278329,3.2536790075543127,2.1928857875731578,-3.0394699624223103,4.455485088065975,3.644304072273936,-0.8244121784669236,2.084123574905116,4.154238123483163,-2.3165496767057117,0.5199180450336965,0.42796587671707254,-1.347501501815851,-0.14196317080106707,1.9943110834386837,0.7206180575036647,2.208553889472042,1.80075506796073,0.539055024304964,-0.8507516494598608,1.0954073083357379,1.1310366888533059,0.029891329877847518,2.112192045082098,0.9536068997261351,0.5495759946083214,-0.1753099681733028,-2.6560771124742235,1.638401254443276,-0.02399113503876274,0.9010569935089217,0.26269230158410267,-1.011653905498809,-0.1686171486311632,0.9691507052402079,1.6447992830969123,0.3366777833450618,1.0323512309263299,1.1919743695862075,-1.1094473936451934,0.9668662589552942,-0.17299517712624526,-0.22674057467573233,0.4347175557071922,0.06206817707642309,0.10367543693253374,-0.5537394060834342,1.5238372520778765,-0.35723123801259754,-0.2240510101388554,0.5886879802026708,0.6592032391050447,-0.10815717333422095,-0.1556826107219124,-0.562647676388683,0.2930912064958512,-0.09988688502141048,0.35052638154166826,-0.1403803683852755,2.0
3.9413400710802025,0.8011043113308552,1.3139987634717287,6.428008112773397,-5.00078782520865,0.8424092536112878,-1.7686373983459878,1.7757947302107353,-1.6071610829762646,2.3895580485015335,-2.9630203034836433,-1.1572402880554444,-0.20477318013990528,2.8551348035312074,-2.8680005711838086,0.7190392869611314,1.0332940904300594,1.6541611739193258,-2.9066142302447826,-1.5939418200114108,-0.8298575567229044,-1.2857491393141454,-0.8330341621964686,-1.3326388552033213,2.2056346104647253,-0.33871077759626406,0.9335093404591694,-1.378229281738572,0.23245935774609242,0.9265880271959318,-1.3678905730763617,2.302724350928588,-0.7460633642408367,-0.7468673364624019,-1.2132022611915005,-2.193297946045403,0.5694914667630697,0.38175531868111023,1.0326820856027235,0.9889172575492967,2.207043603763958,0.10393870335758212,0.09106719475312426,0.6863975971855644,-1.374834581151674,0.5078377131159854,0.3937601696788445,-0.20971447762927925,-1.459802152574899,1.3892085225332371,0.26194343597096476,-0.2739253389193589,-0.2948110391257272,0.3059461492530075,0.29349379507053164,1.2122923637207172,-0.8977153590614821,1.4787174177662006,-0.3816666659474998,3.0
-0.22029356550330506,8.54173404559661,1.1050445317526207,-3.1864708657497216,4.0717659793653125,1.5776551591978891,-0.6890464548692358,0.6410176232452273,-4.156051684573913,-1.6008794436594544,-0.599246959883866,1.026930947975146,-4.199718146468192,-0.2822920295319288,-1.0531732297191718,4.995118107268153,0.159015794698461,0.5251384839804386,-0.18480417724403603,0.7487118123646858,2.8741639294669126,-3.217061431936661,-0.8576758433046672,0.22400048229544095,-0.8642935436025684,-1.4026440048964173,-2.1260961264071128,-0.7601683880097079,-1.7159438085338155,3.0609866769578997,-0.7675447554593607,-0.2869455688567081,-0.2236909996041345,2.4042191951415526,-0.48837505706821605,-1.9595511247967707,-0.9467088125172478,1.2648560731796885,-2.3446872839015094,0.4065176796151291,0.08849987584531233,-1.6051272507363208,0.22997457349494707,0.46996705118178256,0.8504002808588631,-0.5505658272738699,-0.027477237207676742,-0.5525888948364243,0.39211016162600837,-0.36224293479452546,-0.9167501916944375,-0.9866111718401456,1.1481143747847884,0.8122185187220328,-0.06662212883424865,-0.42192552135577155,0.49287524197899785,-1.2084053572163163,-0.20745740322114192,5.0
5.726550507893376,-2.751728755846171,-3.767971158191252,1.003476393173638,-0.5172449164096652,-1.124176814121047,-3.9373107247258323,0.5884808396497859,1.1997768760103955,-0.7453969950767688,0.5978797262878832,-0.4978408976448794,-0.22307659864165952,1.3161498072438502,-0.7405612539891018,0.5463586579088179,0.8502626473537903,-0.37925995702075804,-1.6896175715390394,-1.1437126409940714,-0.8016231807465751,0.1942633621305313,2.0156709287717844,0.09191873583687099,-0.5859540810517562,0.257041499341609,0.4509656943569399,-0.6070458612704958,-1.4177304795166206,0.21666903765283338,0.1333526277607886,-0.5006787227213361,1.6259579100865524,-0.6606948040200098,0.6611519019744754,0.6899760752016898,0.37943169838320745,0.5121482979932764,-0.12056072061109331,0.661863202233348,-0.10051814404064295,-0.20207317256920587,0.722857384763537,-0.4080915910849507,0.23576936842900875,-0.08923403096605792,-0.2668464989066833,0.27821252210523967,0.3817967154125451,0.8395490919806721,0.1947257742611561,-0.33970727490434716,0.19351695027606902,-0.8407443699641084,-0.9828105841176473,0.6542393983023169,-0.7695775099883606,-0.28579226214367764,-0.48986834744718155,0.0
4.504473456116233,0.6102168968756174,-6.697147831922541,0.03836903835269963,2.9262603417248614,-1.7957051028442899,0.5000813890109115,-2.9591998177116174,0.5581535932816954,2.3491505602925122,2.2530432725373775,0.623647727429501,0.84449373163416,-1.0441273015178518,0.03870074336464393,-0.21089362916790463,1.306644037420344,-0.004930902073759148,-0.4328009728187398,0.6898874250083058,-0.23326498521526257,-0.35256349264173764,1.1572422282327708,1.450875534782082,-0.6019850937460283,0.004719922166947368,-1.2190301217282256,0.9279894295349155,0.30197255184877136,-0.2150718052898158,1.5561421868168122,0.07777284708167637,-0.5621745869538598,-0.43123965193609853,-1.0774689590513087,-0.2042022686999418,0.06876313876802051,-0.29606167198747607,-0.6197837231638244,-1.0884330215525118,0.6393265532495113,0.5652434402187984,0.06863943446802016,0.3425566039449999,0.050340905973634824,1.2941001130068956,-0.255935476022097,-0.09611545506534043,-0.40794686967862515,0.10328565000217631,-0.9066730793054392,0.42821513549673246,0.4073724639685299,0.686921512764787,1.2682131811736228,-0.10452585203353588,-0.20345252818950474,0.04519697101796342,0.8011236405512389,2.0
-3.3429089769206364,-4.103956258384898,-0.8363412880878636,-1.372551715414822,2.8215637902623447,-2.454311960641622,3.0365025238373575,-4.907004141625155,-3.480780462553229,-0.8127679084341015,0.16427313266987428,-4.3693536659877115,0.5985150052218153,1.3016995546190222,-0.04858643490416444,0.2734400337743358,0.3210523229271085,3.7279843673323643,1.2799241146683054,-1.0197769048861058,-1.351728131354625,2.2242011251589906,-0.7123517824601475,2.0919460541925563,2.666225657741746,1.2485353214439552,0.7575262959180599,-0.15114569798978267,-1.2291818043070257,1.5267282658367642,0.7297592926326585,1.5059464524573623,-2.812068927475613,0.21729945392862265,0.5489540005629138,0.2754285958044266,-0.7162306213417218,-1.5593105105269505,0.3029482611580492,-0.5560075377453895,1.5612102522491456,-0.23620552584352733,-0.6436885930592936,-2.048772068208021,0.22030189807878064,-1.0138329332203775,1.116595226323029,0.7403440949866956,-1.0405023330587935,-0.4583127369811085,0.9372506461262897,0.18495123609794398,-0.4066549281616225,-0.047302564959274304,0.3310958451213891,0.4003032025083061,1.1290627602766181,-0.5198882323736069,0.3248638644225067,5.0
-3.336372960033581,0.5720789578888816,-2.6138146472751513,5.032217673922926,-0.1893624638019825,-0.6170318844219956,0.7648776532396658,0.09761639841038001,-4.078233028600106,-0.8119783118287528,4.635998685952444,1.823759452679994,-0.7431911163835402,2.0796301396849737,0.2110999176858363,0.6743642181284677,-1.0502578732423726,2.3530968202700175,2.9863561546579946,1.1944211104301519,-1.336429770092852,-0.8772388590385211,-1.8453926198485906,-1.2012462703286326,0.06301599883277131,-0.3040740468433453,-1.8828184023054435,1.1836769504320344,-0.7614988057259522,0.022409343023433864,0.18548560216110452,0.22676942122554417,1.8290553050428917,-1.853385525462818,0.23649641157906762,0.16829701462553,-0.013878576055708662,0.9208760945153709,0.02212885028011794,0.08860917304253578,-0.63255377015328,-0.925857366407004,-0.9076282382803167,-1.0971627346360362,-0.5382773640610331,-0.8843292836924452,0.5919735141086075,0.1366171467639522,0.017197058090261726,-0.8125035743422065,0.8399863227513071,0.9548434835118617,-0.41157995336696374,0.47663134739980295,0.372003920146089,0.8652657958984012,-0.5988421972357596,0.817518191321646,0.7428367196740064,4.0
-9.709444214161588,-0.2668649135641806,3.411364341667505,4.181658936243856,6.294985973435173,-1.133886747676615,-3.967556821600659,0.2094834584754636,0.5219727569000271,1.5988669816386756,-1.1180338199134927,-0.8406245555912891,-0.7006985256644865,1.1063048318490003,-1.4672538441623686,-0.25681938840066354,-0.30365537166379364,0.5144066305562566,-0.10863368978605017,-0.07640094994643694,1.7903269716030008,1.1128871169976549,-1.650389579293825,0.025925303515407706,-0.6217833378139583,-1.8505425213504667,0.1114977232156486,0.47667093582009307,-0.33976919727487503,-0.37040847081307965,1.1635369432075688,-1.6127489062309268,-0.521501101451016,-0.3461418276764084,0.9586127456418688,-0.01743001508662297,1.1674743980205127,-1.3659823394886712,-0.1596937933488585,1.1541864756825357,0.5286449376497976,0.46071972278361156,0.558466248225368,-0.4756254839306452,-0.10984376744155828,-0.10708485092646343,-0.6260954512379147,-1.8495359289436095,0.8028798544176742,1.0507593796492376,-0.9487706678139839,-0.25307857512590803,-0.2746336540418782,0.4570799775564436,-0.3341416246505469,0.8718090120938399,-0.4135489394846277,0.22744635689961884,1.6847956498522492,4.0
-2.621427645126937,-1.4391319720911389,-2.9815657193799687,3.838517983635581,-2.275205160550417,-1.3666453065636188,0.3728567638665914,-4.469337561479521,0.7701743010374907,2.7594510022450316,0.5422654513568691,1.1095721884493015,-1.9453514031630574,0.2372062774052459,-2.288326141368014,-0.1570617487862979,-0.9091939128367399,1.264692317973507,-1.8177350550624138,-1.4138952605759585,1.6660313389621866,-0.33790796529067935,-0.16507283650073437,1.364736459195345,0.179664315246789,1.3364253436558668,-0.5013326051031943,-1.0850860091165684,0.2539067447563701,0.5521783316998173,0.8680346498187503,0.7852049300069978,1.0091647920205031,0.3414193487409259,0.5131071667237637,0.43124885931588625,0.07481008473625998,-2.770714343612988,-0.39635476025418076,1.1060616281983855,-0.6201049439721317,0.20029864980357837,-1.2456388772374567,-0.2885010008918912,0.47276036314377134,-0.7054736288949103,0.6769885069701638,1.0001455493376605,-0.9367864387592096,0.32685664095572564,0.09366699868772113,-1.0321172012067752,0.46299808901295825,-0.335599190132674,-0.46149804369327974,0.3646523385312395,0.4017333239374315,-0.06348388048532189,0.24381423176872663,2.0
-1.1553759716602985,0.8602175918698887,1.7465684111728736,2.691310396754475,2.8659693242642486,-3.3244270632792294,-2.753019403046999,0.16697106254112332,-1.9316379189596249,2.082873766085829,-0.7321025020696259,0.5534204133358837,1.9687343151527614,2.228758385862563,-1.8938272883841951,-0.8592401714369831,-2.529699077240673,-0.5198355189582505,-1.2023958163893058,0.034955811395151616,0.5218181146608091,2.2610842342483397,-0.5886451562873546,0.816235858716816,-0.19814292749369813,-0.0685424060841832,-0.1804755765045777,-0.05145365950298606,1.1405941020639192,0.005048250504712323,0.22523428214394303,0.144802305873042,-1.4680781189488634,-1.4903089373166747,-0.3412409069876249,0.09066192284605669,0.14697886236489308,-0.4201482452043554,-0.4715207172740691,0.7085899641579841,-0.12992738516902233,-0.024517472124870578,0.6624736009815183,0.0847750060692942,-0.11225208615333707,-0.33344676766013587,-0.3548454759543154,-0.13032821404354164,0.5096143938877892,0.42632262589086933,-0.08712130113891885,0.719953395659012,-0.7300750276067834,0.15327916352255022,-0.8930093211709033,-1.1486816576936074,0.10505340168463738,-0.24274121755322622,-0.3461338726560681,2.0
3.4839603242523167,-6.068428649175519,5.8072155461441834,-0.462292383388477,7.191682837421732,-0.5907177867292412,-0.9739093584541332,-1.0842163021521676,-0.21580868308052328,-1.3946945062935847,1.1392646446242607,0.1408608024136787,0.3758216177533065,2.860142314012622,1.0094547717442048,-0.4049418657971688,1.392329104790569,-0.6038742959961346,1.3370403064189356,1.2038620882379387,-0.46956558746135424,-0.7488576023393795,-0.199548996832876,0.8685855305962081,0.5135712836638202,-0.605821463034985,1.173157863850429,-1.0051924714774634,1.4778053673888465,-0.8385650338422466,0.47869586186889745,-0.017693967456049373,0.11683448250266516,0.0008416954607206856,0.8206926894060531,0.37335430195129965,-0.1695118517620098,0.41033386358756563,-0.23815047454056115,-0.9636039328231607,0.6143284542763353,0.4291654914744451,0.1705438848639402,0.25144478957049615,1.100745453427938,-1.2091721249056369,-0.4301652771634862,-0.2584274894565527,-0.8972699983690126,1.010372801835577,-0.5409375986728185,-0.09019184036988505,-0.0701197060802681,-0.1582337490541668,0.3902325854817021,-0.6840225796502627,0.5906176607166851,0.0479310233725125,2.3124556528864614e-06,5.0
1.0513149280469898,-3.415258732375888,-0.8219640063986503,1.0684536162456453,0.559048979870704,-1.0816442112618896,1.7395452888341398,-1.14641358614986,0.6083039749908484,-1.4323062884398952,0.7599142407394541,0.12115559383912633,1.2064654464078715,0.0770303734534627,0.592641211922697,-0.6589485660179522,-0.18942438054910277,0.005941116441248483,-0.8117017856102687,-1.9756632207478482,0.48764210376660383,-0.7053532931983276,-0.10881452284526362,0.36236166682912835,0.06153837026849409,0.020509562270678978,-1.5220244170787574,-0.08835847630055742,0.22594519046944223,0.4872686755413914,0.22685298952711058,1.1485611942115452,0.21769975488786966,0.6708937863356691,1.6433759119475804,-0.21834080944741205,0.0913052004243588,-0.49535058653342773,0.3920321916852429,0.6763904187766173,-0.9995133053415419,-0.5545598809348756,-0.8573049102266803,0.6761361715070436,0.3102864881173416,0.1615871553300195,-0.1594529600593298,-0.3145741309635763,-0.4164959550272203,0.15118715137358682,-0.8932459654616912,0.23178175141715077,0.04025318913724302,-0.5742305926717767,-0.597967438377641,-0.7224841537003802,-1.1440232053835842,0.10542392088703378,0.1865555560361064,2.0
-4.9612787230230815,1.4677107870889106,-2.312616240642531,-0.5671889888027066,-0.3679206826613099,0.04215489551929981,1.3146267701307055,-0.3240971681430747,-2.0667313099588864,0.1504516476803011,-1.9479834828727627,3.4616059332961093,3.8038205559329747,-0.20099239869008675,2.2396489506657016,0.7490891093226527,0.9207747904873558,2.4206115156985093,0.3515592831220655,0.4954972750505692,-1.1216270457940647,-1.2070410228051152,-1.5882926057572424,0.23680112810746115,2.509865472852438,0.05858516749234346,-0.8174693366954481,0.155299308202266,-0.10029200744201935,-0.7568517157426855,-0.3792412011503992,-2.19548021148388,0.5341785357163278,-0.7211958418441496,0.12338676553755491,0.17333864092627518,1.1897925543275498,0.2858119929288098,0.7151063752527828,0.764506759464312,-0.13783403620298343,-1.601205317010235,0.5269391371282224,-0.32925736547109974,-0.139994142411991,1.4094489659479588,0.8972635364374516,-0.5959904047285022,0.8018717882546615,0.5577798927696896,-0.008344792957378434,-0.4610507229161046,0.2482467947431399,0.0039786731023346835,0.9113174498744112,0.7590290166421205,0.8664728997645283,0.7832675330991663,0.21940705888560777,4.0
5.064287550473305,-5.555297276054003,3.50934466167941,-0.6627847882824703,3.1035754005206364,0.45342146403712835,-1.5638902598158813,1.8249718455194244,-3.768692818677552,0.7797789176771764,2.236347862114942,-2.2148546275199217,-0.5174920668690314,0.9591498034475341,0.747952059550872,-0.2121436920346929,-0.3213807655098335,0.14706517555233548,0.29754953289641506,1.2406219219309014,-1.477272188463195,0.07289739287002144,0.13023171356015242,-0.6372938685377583,0.3013491394891255,-0.24472250114035315,-0.14700506088319587,-0.25465417457745476,1.3734050684770838,-0.3450660004872469,0.16517966136788712,-0.3416843931820366,-0.5485235639686749,0.40100033101061733,0.7193823816454866,0.9799232548305757,1.5978798221422346,1.0437853914083302,-0.6103948658779997,0.9041165048753901,0.02257885936747459,1.1969261232438217,0.24630178858086912,-0.9541476498446297,1.2006175880830494,1.911391247503374,-0.5786770092484975,0.7138714743796041,0.6953326600483872,-0.821115483309386,-0.12231842001893703,-0.9401443521387753,1.3536264616781173,-1.383613561314285,0.8054098167723375,0.42258835623927693,-0.8055501613759906,0.21997987668902286,-0.25569183744433044,5.0
7.110457831062566,1.1642983556558897,-7.255268353923045,0.3440126666275868,2.7408575258788175,-3.618973944218946,-2.002116220214469,0.5220234105040228,-1.0582606016068732,-0.7297812672380319,2.7519087406155456,-0.8233096764044573,-2.1101347219020803,0.8162950132368681,1.0971080843178125,0.6270948152061024,-1.5683955697340508,-0.7673120032386942,0.7518185866813032,0.40600311720572213,1.5661391881025806,0.5650936068489129,-0.6538333505711657,1.0525035444923112,1.1805705329917433,2.822871386727689,-0.037957905362544876,0.33270448476559666,-0.37017608200958163,0.9501918167473724,2.0116922704709874,-0.9172178363145731,-1.4428377328450346,0.7957594630024359,-0.6440234145865908,0.09402189506122714,0.5148033467939681,1.056446474837661,-0.3301668255081269,-0.6278954370294471,-0.24748548474580523,-0.7514692707038592,-0.24672287156798586,0.8105022726459158,0.80512714734608,-0.30567042911778947,-0.19675772443379183,-0.03492637300682346,0.0700280709807506,-0.4304325879963537,-0.2564389808166303,0.503498670634838,0.249790058842593,-0.12517566652738527,0.5383370544625383,-0.22091525967518477,0.41630615739197874,-0.38961495343179897,0.27476326583750044,0.0
4.864329485818789,1.490007349174916,-0.06489411465276249,-4.223121577903774,0.3956896657069727,2.1572601319039344,-1.8754486137665523,0.8969081514576223,0.20082674286559915,0.4751904187538123,0.8931538996737941,2.470790699244422,-1.3190180095770123,-1.3669086617945907,-0.5719646123302222,-0.8652428640607914,0.3682934070819004,-0.5968816364727612,1.2432381896761395,2.4684610767248643,0.4033720491112581,0.4183657732968482,-1.808029397510348,0.9440176873962276,0.7169679158586851,0.06214518796549513,1.4040720001916482,-0.14702291155175387,0.21862136791184314,0.9004026485421082,-0.4276864206325006,-0.6969770814774254,-1.6169592213598567,0.02856879725949429,-0.9012240933923601,1.5495568905523873,2.1676071418291696,0.8896649822257428,-0.249518368901068,0.3221443952870001,-1.611244769276194,-0.5742958536365814,-0.877471918654394,0.7002775688628637,-0.49407794814791167,0.065294373749358,-0.056102582853587914,-0.2407611497044573,-0.706402580172143,-0.1973634476724514,-0.233126749914086,0.7733416987334482,-0.18781839679412554,-0.6785479865704852,-1.4739395949055696,0.19225933571788503,-0.9628604758978488,0.005265145856337856,0.032311503028182295,2.0
7.1923367095854065,2.2427301346491744,0.872161823789615,2.5571741194016187,-1.0402678059151496,-0.5884017301169563,-0.8807951808582746,-1.8843267331745737,-1.8243339978623194,0.6598527385509021,1.228326440872118,0.36819032933694673,0.8913599437244136,-1.1820498710168403,-2.6446501598759813,1.022488828655861,-1.0213858134641944,-0.6758709081599857,-0.13929987355028192,1.2005317353566956,-2.1241556172424216,1.8131592476782379,0.24927467439867024,-0.9222773525620006,0.8375630435765434,0.3936828373266846,0.8070968277956423,0.5702470770065372,0.20069577138192424,-0.09661512269639864,-1.947169884896395,0.8152227117625493,0.26379560266415725,0.14479393435746993,1.1372816352110935,0.5998690263799372,-0.0817237254439882,0.8424161445754752,0.31421145903616343,0.32675834507289975,-0.024314391104203997,0.04730212403595157,1.2832120198136856,-2.1138621447720873,0.2331683742371097,0.058884608768568554,-0.2867501263889892,-0.01854859825747549,0.6187820347758674,1.2714062194008708,0.46347360796974074,-0.3205467013091609,-0.569518159834177,0.04123200453272836,0.06177845749140566,-0.36664409328271436,-0.8725013659748706,0.3796673872025735,-0.34735618865874707,4.0
-6.552685787297389,4.0510890268164985,-2.2360940381737655,3.3445250539651155,-2.742160549739677,-1.7672487825252514,0.7602880418656196,3.9816825366574116,-1.9659859230961303,-1.422853757544323,-1.645969148183591,3.7763470772365384,-0.4994242591690824,-0.5190829462659307,-0.032069403784344044,4.737409709028001,-0.48318123399555163,3.2965742752437133,1.2777536007306611,2.634632217350401,0.7749976290755441,0.08020883287840444,-1.5833971242662825,-1.3200546812038991,0.6404380203065732,1.2787199851586624,1.2082543055387436,0.5097855534362905,2.204930724226045,-0.23251280375624223,-0.7757633855579473,0.9786414633083463,0.440472135427054,-3.36283876648355,-1.042800853062368,1.598374904973695,-0.7802267852217477,0.035342429368258065,-1.8876929077182745,-0.8518208048168185,0.13684874926914967,-0.033308450618810555,-0.216258441919777,-1.248976195212381,-2.073778012962754,-0.9298443640458776,0.7684440963395743,0.13545411100318844,-0.7233363562224666,0.2915071815721088,-1.1083998203281764,0.8144754596296707,0.31270226613500696,-0.9479741823785405,0.33304229223716963,0.49023355289347365,-0.6684504025956877,0.7031677988270394,0.6578743675737329,5.0
-5.084418030777564,2.3969997425976146,-1.8418472922605362,0.5366208552327514,0.17402326784662736,3.070102053207323,-0.9305243414463017,-4.426952152996684,-0.47865566471709703,-1.4606397626878778,1.5427050861757563,2.534015537905024,1.0288816802028733,-2.1190896726510027,3.102312430446106,-3.1464952270733852,1.5232716371828265,-0.5750810180381777,-0.6039701534745048,1.2071451313303287,1.4770474961659161,-1.2711509167421342,-0.942416687849732,-0.26286862676444583,-0.4314317353694896,-0.41347599686336156,0.8672447556554054,-0.7728199955087128,1.729057314891191,-0.9516145289364132,0.7485365712412807,-0.1899737310399895,-0.6104579186191211,0.06292410356692164,-0.10725347976113464,-0.5806197180810841,0.27017296329177726,-0.17378922887705528,-1.1139622287829702,0.41109680745843086,0.5942141534615158,-1.0152747032563594,-0.22207689707873693,0.07690722272319991,-0.37783176209170294,-0.7675012870081608,0.32509165083139263,-1.5351937553379513,-0.013062323018349285,-1.2479820588439738,-0.5234351878919252,0.6592794443920446,-0.615024098877811,0.6761128491408757,-0.05973366745100816,0.0014862906827580863,-0.15913136690659033,-0.8164197073029485,-0.6629672266041794,1.0
0.3639325546032029,-2.834827531651153,2.0189770053433045,-5.818638366891265,3.6335645122155555,0.24360792376839124,4.490596478190195,0.7051377891829177,-1.5409897978842817,0.5652346896028781,2.530108322683695,-2.114708409328532,1.6191797891752047,2.185493267480624,0.7138957776501831,-0.696448524886403,0.7482658470181021,-1.936702606764032,-1.1038624964560122,0.5525718295645485,-0.03489944896845305,-2.1557167848367644,1.2483174827797754,1.216312150246158,-0.20350995668743904,-0.17688868314054285,1.4890430004103279,-1.2756101506104263,-1.4199134412619165,0.6531221380929924,-1.6056713812777197,1.2956396868738747,0.054505250775642174,0.37389129314985486,0.42976948670846404,-0.10581092204761966,-0.31380749291492255,-0.6127142436284492,-0.45423568424831673,0.7143430514963696,0.32507937770177275,-0.8657640873477811,0.5941866420291662,-0.6909484032853977,1.4715830840407031,0.263198331015484,-0.38353451838937436,0.1346348881781657,-1.0485109193384534,0.1753091584295021,-1.7609963296084503,0.11541569272641745,-0.8835482553965189,-0.28806304911516645,0.1758628207511717,-0.07689824041700243,0.650293423201865,1.4583937219149044,0.49602393183781973,5.0
3.1628584790125047,-1.7227465239389679,-0.6216482999651414,0.25826118850852203,3.0086460195203,-0.9321727563210236,-1.2519820106084842,-0.10608431866211684,-1.5165828535335657,1.2086890221413014,-1.2282753087414546,1.3158644848889467,0.8811358451007024,1.2059819382867385,0.8067552577449938,3.2406338174908274,-1.4606866921807349,2.4821644148216326,1.1543562941927141,2.572474181159952,-1.0736029645073368,1.4295642882259514,-0.05088031424217762,-1.2952427149403836,-1.5058425015247663,0.057358447192576094,0.9619493031070141,-0.41312332047133754,-1.02401398801375,-0.35237134683246607,-0.07686834576526114,0.5826020427990835,-0.4637886983763071,0.04052218134390938,1.2267066510444862,0.12316300335739608,-0.537652955934181,1.137598198743488,-1.1345746218954198,0.4581272533894801,0.17953307484042205,1.184143915409374,-0.7564695264486905,-0.39796763149715303,0.6129887676245783,-0.24430890634102678,0.08023741162921828,-0.10817195340120792,0.047621303169917924,0.25355751287897416,0.24248379957227412,0.14154193175958632,-0.5957214452533999,0.31535604145448864,0.3484248453040727,0.3694582244730159,0.6339604883497305,-1.4341589927732215,0.8682737811441541,1.0
3.854860859502687,2.6760908521004656,-0.9366482268424148,0.40354356241288447,-1.5115876863774653,3.074063586287751,1.6000530064333034,0.521257787888704,2.2346001598275675,-2.030289085860894,-2.1841794466495354,-0.018319112610659247,-3.380851603596928,0.058874685754953145,1.2835543804980638,0.028737531159249888,2.0468563413001277,0.9895052479086632,-1.9310592324155977,0.21371514190517282,-0.6799990298956216,0.7830809501005438,-2.054897701008804,0.36515951155487614,-1.4216307461679674,0.03164838627302619,-1.0542247486307679,-0.39257512304672354,-1.1754476804705503,0.22863062097424802,-0.7114851970388117,-0.5154891287724802,-1.3309144906646484,-1.8167903266663175,0.3740595571439264,-0.44148278540633973,-0.19635110868637407,0.9796403404148827,0.03177414588481514,-0.011002983491002798,1.5317183699853163,0.10874193748608807,-0.9261559721237704,-0.1991781569104672,0.020000659963331505,-0.11665763011671892,1.039155889352334,-0.4432574938181606,0.616636542287898,-0.8198989980951216,-1.5694219758023489,-1.1391426212678426,0.3691464676852767,1.032569627480087,-0.7324313251765872,-0.8474562011183849,-0.38154603794509107,-0.5363343595470454,0.7392929855169621,2.0
-5.49331507822111,0.17492489758204677,-5.093565729999773,1.4302718823325806,0.29399346409289023,2.753814673927732,-0.8653466954873726,-0.9815893572205449,-3.7759647866672217,0.6430986704290665,-1.023708562999779,-0.4660442206769774,-0.09362171593642817,1.3827385297299888,-1.425629488538316,-0.9382773425397158,2.4390386801217,-0.21371595769579477,1.0499382654136475,3.0461442817480813,-0.2952242936117586,-3.4660297410873206,0.9995528681469342,0.4164605860553874,3.0776234454243485,-0.04209129489573537,-0.30665287746401115,3.7090666787047506,1.3770377506215463,1.0882160246708532,0.5373196364700427,-0.9663434566245152,-0.02790432373980834,-1.3437446096289747,0.2974537447940641,-0.15656194311283264,-1.0268704574152727,0.06350033211895346,1.4320714967501906,-0.6371068548001061,-1.5294523502622799,-1.126599737134691,-0.7607829455076164,-0.6370117137509366,0.047552878952939144,-1.1197467046075735,-0.3303269498666158,0.8890613934265094,-0.4638031543801344,-0.6435667282929294,-0.14783090450086944,0.30916985815400183,-0.9258987736178957,-0.06698739095926119,0.7561837680258306,-1.0594063611770885,0.5026211791440819,0.04141897344927096,-1.5893813537473522,5.0
5.716969489214128,-10.315954111924404,1.3723252545527485,-2.605929214041041,-1.0648261960498282,1.749360812103393,-1.3742732522523755,5.594016605845449,-5.696781768712948,2.3080554711480326,-1.2502293998259406,-3.7201750342510014,3.635218124188287,0.6077334889599735,0.40649887272673285,1.2174745400717106,0.03678701114012281,1.567525333205563,-0.45752544577124105,-1.3268315128260342,0.7298195235787359,-1.2749379788034076,0.43368942556120915,-2.2083932064124694,-0.9580448527659896,0.7868256601419515,0.1727344026296701,-0.7322439730626562,-0.11291820280689051,2.6195576346129856,2.5150630631071254,0.28624072552808544,0.731453450538936,-0.9167281522251928,-0.15505983722982225,-0.6105598473873528,-0.9374189268150533,0.5047288725283972,1.3637422821894907,-0.11990294412103279,2.5423674553596785,-0.8178023137788576,-1.4563875258484946,0.6405815091423077,-0.5165366075601451,-0.2109703911380472,-0.7529717214345792,-1.519273151814404,-0.00775105618217875,0.18318340265167837,0.14650872298363093,-0.9404639070391572,-0.5594972706381417,0.24171269188398525,-0.7384475794116022,-0.1390787175895055,-1.262858007752887,-0.5336257253175534,0.5113901418232553,0.0
-2.208005971109426,1.291164137931775,-1.1678069550559689,-0.13324112084808248,1.2637214676896003,3.4205760715807596,2.465676842314831,-3.182844713192445,-6.212913475452699,-1.9861115865838161,-1.2524201538558744,-1.6659763253252728,0.8088358286533833,2.107129806368545,0.9681061816701264,2.216631097174345,-0.9657373398330787,-2.9717158162674893,-0.06440605945558069,-0.026564797365371255,-2.079566536435495,0.12044738277415762,-0.21612342927659875,-1.2657115307744675,0.05210804934682286,0.6698678508685129,0.16822817707577464,0.9510689689088856,-0.4078863498426246,-1.503144027810005,0.44917181617927376,0.04489317398884921,1.9790110192201118,-0.9993897826160388,-2.0851914600274055,-0.7187015637221856,1.3170320065943408,0.06952188159334162,-0.01980955521925759,-1.1784733065058235,1.1391669066725991,0.7569300834452661,-1.3866547968179912,0.8823288158485925,0.6161423006162754,0.04218993005789923,-0.876804142589375,0.12209870383080136,0.24869094405033057,0.4315570868498264,1.2054616198666928,-0.03333874013002272,1.529407175227765,0.16398566575785395,0.27956062091713724,-0.5707738409643442,1.0153434323664534,-0.3852340678038157,0.8663573721316025,5.0
-1.87380906945081,-4.481706107395269,1.4038433604668554,-2.010116252065754,2.967340015366193,0.4785649352860008,3.431356161994542,-0.5445267087090815,2.0089358673335367,2.8274336858922946,0.30820573569122384,-2.6884369462095683,0.09001497183878654,-3.017277803752294,-0.39231345559788144,2.0208175597589864,-0.7120756504911646,1.2527186457275994,1.6827264550192367,0.7735071870841936,0.989799083808933,-0.447295271865308,0.2583916335064166,-0.21163813791683042,-0.31577874173140447,-0.6821710048890587,1.8323999005305793,-1.07663305828193,-2.094016460284805,0.6286160118676037,1.367025926059043,1.8100470315974244,-0.10398869489053408,-1.346311088671189,1.229251641375197,-0.033493408233287815,-0.0006917967083066837,-0.7660540266573733,-0.047120753358264114,-0.945445895846545,0.05313312349562456,0.5557385440798258,-0.7421524368376337,0.422079984433162,0.44867696148771213,-0.797097877737862,0.2651138741304302,1.7092338837342185,1.3538865116546945,1.9596794816156524,0.752046623688158,0.37353827578718996,0.9070501829601092,0.8567144922904407,-0.6656852076806089,0.15904284546297753,-0.5210335200433588,-0.7890727634201017,-0.34174702626642345,5.0
0.09727108421628798,4.35810735033808,3.119735065171407,-0.7143664787234704,-0.6460392870890136,-0.9426369074028775,5.131340081109854,2.2238910978404776,-4.904792792750635,-3.0345604063136307,4.012447721573912,-0.44562348235189503,0.3864616149252349,-0.18207679893149925,1.5239184655926368,0.6526603581036524,3.208330502930228,2.073638568096037,-0.8400229266205754,2.968034693109472,0.6440006284944457,3.3901468567245208,0.9590758870474612,2.484298197320224,0.3590919087917407,0.1253686691502486,-3.0003663348919636,0.19919831409608788,-1.9040175841011924,-2.3821092298697386,2.873397409445131,0.5335906688966424,-0.34686093119257827,2.419030177395189,0.930913329090979,-0.4687976593716341,-0.29822317300247775,-0.5316764961257515,0.7752114782692832,-0.17509317853101877,0.739286733531725,-0.35348755988259917,0.12510073177340816,0.2849387090628302,0.23046355724944048,-0.365960393018717,-0.5066247045025556,0.9070550603737503,-1.3206883221807832,-0.8976332870918363,-0.6976540034919522,-0.9285300992442374,-0.17866898931957373,0.6440359555199227,1.1501457403464188,-0.11635424722323147,0.0820188419400443,-0.4394478441491992,-0.43163424986515164,5.0
6.232198688498174,-8.970907608767094,1.875903150645732,-2.347158749373917,-3.0637229423161934,-0.8116066794427238,0.263864020943844,3.932794610220067,-3.5763460927997737,2.243019669265784,0.06655054668438531,-1.7808416772566,1.4760527640154522,2.0947431838578283,0.25825445820366844,-0.40957509331260084,-0.2605608299873693,-1.0389384312321697,0.9532653114967753,-0.6559860997590791,0.938261479760879,-0.5359805967339927,-1.8367569948827345,-1.4790139827188489,0.8978111278915422,-0.897211835632766,-0.7606272598430591,-0.6921475484592501,-1.8514779664179875,-0.1747284265218208,0.21388737605528524,0.013790830448398565,-0.2854594772582882,0.025082419208066614,-1.3255782917349712,0.8539310023232868,0.23702605187948697,0.9433667110001943,-1.3268947897492722,0.08867359801162768,0.5424204765966374,1.2333459885151652,-1.4661029864492585,0.620576568553706,0.7506915232566701,-0.01930689692147171,0.495520897875162,-1.4529575541745359,0.6531292000299229,0.11961505210071019,-0.2726034536417494,-0.30888470636494614,-1.598813469037942,1.0955021344057736,-0.5894508566240692,-1.3448810541305303,-0.603998537233527,0.7418797446447994,-0.11040985924202137,2.0
5.358218609043303,0.4939158940557141,-1.4646887612911301,-1.8535988893689752,-2.2372906812374804,1.1795496545998319,2.9707451597933066,-1.8862339259627536,-0.7954433640505062,-0.24186199260795935,-0.19503743074285385,0.7508929439482672,-1.910257011751139,-0.6591469841232449,-2.4821348416341227,0.42250377907552333,0.8770434012926013,1.0454387974371084,-1.1216182186133907,2.4226990182537698,-1.5840629796629409,0.1264486748771299,1.3323787775445062,-2.1011270399468556,0.9710407992171723,-0.06922076237329948,-2.4179312508223347,0.14543876361709462,-0.3755167590331462,0.7624699813192582,0.10025175697920014,-0.006073302919676696,1.2029555009156545,0.6503205914600982,-0.3493446928554476,1.221577829555881,1.709262679606012,0.7445669292603919,-0.8768174682974209,0.38032299279653997,-1.3068613623632057,0.9118375103162837,0.5552886775540007,0.26588258187736197,-0.12522521283605048,-0.3410551581415727,1.3369877925320364,0.7577101728241745,1.4311495812020947,0.6583917401763774,-0.8966484927244859,0.18278251022893208,-0.12315391285890243,1.1393389283362878,1.4100847364694333,0.5112827081680665,0.04661658147744059,-0.5479477448282335,0.2764127570085814,3.0
-6.980768612506879,0.2891965431661579,-0.7533504520532758,2.8051901577904412,-1.4611057463571373,-1.7409020926117824,2.465308163001619,0.2837652780180332,-0.5414764908885995,1.2786217874631134,2.40544664184511,1.4464809213934946,-1.864011538166532,6.249636713445681,-3.437630787657288,2.6546573932933324,0.6544795430382311,-0.6488262233194366,1.0577513303080766,-0.34476686802732864,0.34014559548236195,-0.20061542244342026,-1.4682338166406597,0.45256814091001346,-0.6111265166822564,-2.2602223799283134,0.5716364422560702,-3.8738664167604697,-0.11653470659593544,0.9000812548087042,1.5076846604824807,-1.0169645749670932,0.9661291878104987,-1.403328691200586,1.442357371653356,1.11505998687852,-0.5703401178111337,0.8692618369611422,0.4707379589766744,1.441478939472065,-0.4847389233405093,-0.6139162525870702,0.07186536663624801,0.35147484266093126,-1.9329745225067327,-0.03440088387826399,-0.6009571796076024,0.16035867833416656,1.2752059491154952,0.6827787602211516,0.13100761324785432,0.3577810056937614,-0.11509473090262763,-0.46062798145180806,0.26773135033830225,-0.5637891832196531,-0.1397117653164394,0.827243995171261,-0.3816822065487539,5.0
-1.08037779518246,-8.981224614556291,3.1752486531249033,0.3494317019917458,-2.7720018660092594,1.754346532162973,2.163169088291805,1.6111019222831735,2.4820442196428534,0.9641223261794142,-1.456876183296467,0.35295306465487,-1.7403701178619917,-0.7840883276102077,-1.3802661996263739,0.41876120710808334,-0.8813816891243467,0.6501386257877158,1.1889393495568272,0.6700801845149992,-0.07239507351076832,0.2746477470765213,0.16275748412840466,0.3109803186877109,-0.43962723606576315,-1.6329281027881835,0.6515293012371655,-1.428494895534172,0.8021071380137784,-0.5475183151498507,1.5621392289166132,-2.0777538967299645,0.13802347915191854,1.520919815454218,1.2961027499181605,0.9062109004634562,0.30898853093278533,-0.9280657267394523,-0.24601226836708595,-0.47692206722991926,-1.5377649752651128,-0.31189372954518546,-0.8079867237462679,-0.3585663907014536,0.47729830207781576,-0.23852638036997226,-1.0447303069685017,-0.029704380656510272,-0.6506425138660819,0.42865680929869077,-0.5200788724998302,0.3809457990314623,-0.05317063199653358,0.7022791125870712,-0.3200129020246243,-0.0055207811888780736,-0.16794213624267565,-2.0777371496886974,0.2746727759827151,4.0
-4.218466632643504,-1.0586534489563164,2.1258424218606007,2.4734100871187827,-2.4821796428312557,2.664471849224831,-1.073353747400534,-1.200936919344796,2.3166780830050957,-0.6962961532585757,0.7485043838197558,-1.1864095633896024,-1.4248282369914698,-0.5337045028296773,-1.9954477973285858,-0.44018513280732313,1.7093983290316879,1.1717171358938585,-0.06014481611352297,-0.3466344788586787,-0.3707699411104203,1.1205344070085448,1.6034987694600127,-2.250380582366501,-1.2352443271809073,1.3799238366775999,1.446119448212925,0.4212814865440484,1.4623794889441948,0.0891177651505281,0.3821080916211098,-3.091868329483465,0.6518005299522429,1.5413800645265425,-1.155542536149536,-0.7169025472196463,-0.21225839055353074,0.4513025641563574,-0.9421593628941511,1.0705765215723984,-1.6467106242178737,0.5981550854534992,-0.7565782860761675,0.17141763790246292,0.5090496917749613,0.49385159923371363,-1.4628213878867065,-0.22969599757845427,-0.174652144026747,0.9617354168523715,0.29281974624539003,0.022567136708329598,-0.9797867733407893,0.20994082743417222,0.2913050912466478,1.050679293476824,-0.3096813358036511,-0.05083356615406021,0.5318491195027976,3.0
5.779003400555087,2.267397814189191,0.24819263319065868,-1.5881189685136499,-4.670424155131013,0.8008454709890696,2.42477352638311,0.08104603713901391,-0.04611266624012792,2.1152014183419032,1.2762694973035895,1.4977686410111677,-1.4625637753350749,0.8513198285761703,1.2906502228843666,-1.141148347534277,0.057492055687599256,1.3649219462528104,0.9995829324299897,1.326508377317781,-2.6389284161530884,-0.5027459204267087,0.019096670192437302,-2.0699548516076907,0.3340299674352954,0.6816920569479865,-2.078838800330176,-0.07434644485907752,-0.34121668212667106,2.2699920801313023,-0.9050961291739225,-0.11936977831311885,0.5971522921657256,0.3998367424546495,0.1650242393205273,0.726631246287837,0.3310894315102704,-0.39361304704263417,-0.4459053708169807,-0.4598743071969145,0.8976893366879364,-0.3889593652544705,0.0790854508493828,0.8608998761744535,-0.8780863946147792,-1.5521593678341212,0.17803003335117049,-0.3130176182734085,-0.14299002137992245,0.3642292232214008,0.10506158771204119,-0.7405697738919635,-0.6780176029635571,-0.042990989394668576,0.9846165705713196,0.681962516990675,-0.49350535742436064,-0.03924045787537025,-0.018571279530245212,2.0
-2.682906911660571,1.7589408749113737,1.1382983887151652,-4.303332308842725,1.6710511992935344,5.026906403743033,0.5288510802751432,5.346577584278413,-5.445378720790877,0.5626748497774857,4.231392621398655,0.9347041249912749,-2.413886824344766,-4.093521431532548,0.10250988401362239,2.235589847490315,-1.0718176367408996,-1.3200726320940523,-0.9256799659634063,-1.901910007638197,-0.6618740117476826,-0.4080930578674442,3.250953759004961,2.194949616997348,-1.513715898593596,1.9144502438942552,-0.08730367008284559,-0.5230047171235677,0.7754279474024636,0.3589251771938911,-0.7816566794070061,-0.7488281623045497,-2.3432990677129237,-1.9546884614444364,0.4151971729386634,-0.03450800251232028,-0.5017268449446685,-0.07850067494436187,0.7798802294396252,-0.016211209211523192,-0.5664220508497229,0.03648496124218979,2.0917547766256877,-1.4378568217605827,-0.27872114400604947,-0.5183491020368154,0.7949589596405127,-1.7288061192130042,0.06720280737748566,1.9919597528612747,1.9965688584582333,-0.9165097907339322,-1.3352819324413425,0.11942372323059341,0.5533241881932343,-0.024973915974127334,1.608131759992555,0.1410233120703947,1.244504315631217,4.0
4.985714917904365,0.35108505739075735,-4.029631789441167,-0.4249518965649203,1.154959399180233,-0.9305835031912402,0.12018908416866948,-0.10432062456645141,0.6349250111201755,-0.6895666145809038,0.5223345239833064,-0.9567991470385108,0.4046379694563915,0.14041730240859973,-0.6636665516776463,-2.1301818669893255,-1.0594975690065955,0.7974957974794574,-0.9761988554918486,1.7559007077656381,-2.221298644672386,-2.1987088630767153,0.2569122248300652,1.1564249839968952,0.711809303508969,2.074742512091453,0.6642583913348753,0.19775465635131037,-0.5362894489464258,0.32454627974827094,1.0456367542227416,-1.704414319725963,-0.21595228997685556,-0.7947249514553906,-0.20852127002077445,-0.1528647347004825,1.3735029511407812,0.07955054993719074,0.0258667183161927,0.6878704307344693,0.018163699795015215,0.6708402505255244,-0.06496162699170824,0.5899151043399076,-0.3539465635296716,0.9281361219904565,0.24543421088392564,1.1408601753473129,0.9179319197585197,0.3300493275754081,-0.026399521266330155,0.5952794272414073,0.5413179314748764,0.05344415262067166,0.3595989874772045,0.028020087062560203,-1.3825592854056723,0.23514516470487773,0.5247210942652758,2.0
7.26739661177765,4.097788492343522,2.5835018431845,2.447209807933583,-0.6785879716325722,-2.06458186873691,-0.30013454637599113,-3.9027199996364232,0.9900534393527676,2.4804971141356384,-0.5912331426528536,-1.319266465953171,-1.267637136251018,-1.766850942764904,1.7269181175556059,-1.1631733208385726,2.098350069197656,-0.2774949525972396,0.4306177407712746,-0.12432499243276804,-0.4055031414974835,-1.2668204463834851,-1.125288001465109,-0.8041531164348967,1.6028098107944329,-0.9670001307384689,1.3451570822776573,0.034335515411209404,0.9809228195448039,-0.2902908936674827,0.17159451055995706,-0.6694293796157532,-0.21912816087148146,1.223869138317385,0.16146648941349312,2.4754430845061064,-0.7713661189996793,-0.2133856849401519,0.2703392292925936,-0.7133899088765949,0.1589142616807019,1.7196887004749115,-0.3358021778017413,0.17213839180773283,0.3984931392199043,0.1439294483482027,-0.3831107080037687,-1.1903087246949895,0.7702296197165656,-0.8527052180498418,1.143931569280098,0.7784733234417426,0.8651761450914232,-0.6901749432207086,1.6380187243079276,-0.7899597023106045,-0.9644484810080598,-0.6122562225281488,-0.5943443496425415,1.0
7.415040723336865,-8.388488457658163,0.30417663288776625,4.227186363152742,-0.053904988035901664,0.8508164376564588,0.31963275801032476,1.4654385684832674,-6.955784287739737,0.10082445279807441,2.703812451220392,-1.1778564076204856,1.0654064094158788,0.04483369328703548,1.298065947031711,-0.45866862935522057,-1.879428988762903,1.0838870721002336,-0.5527452822192516,-1.2927435214184615,3.0213646150967493,-0.6710977755982029,0.13855888483042056,-4.183174411057129,1.1304994590293054,1.3204903501282461,1.7831310344418352,-1.8865930314811603,1.7767319835537108,2.300496111937756,1.5806384678388485,1.0371706430940426,-0.968360062216295,1.1988504713335735,-0.16535095804058678,0.45184279171158953,0.6344670647771127,-0.7728634889052387,3.030582775608515,0.19450405998985568,0.4520163380354291,1.0127561678752266,0.19245862406754535,1.2156563863435463,-0.07972185756366525,0.5139277626294878,-1.0367854419821434,-0.6395981424775551,1.0997550010309292,-0.8249810934150738,-0.029003508509444692,-0.12040434046587528,0.8371410044840935,0.8693484210230304,-0.8767651962174768,0.12742699871445884,-0.2531181333876269,-0.6139271435609244,1.3414377308202579,0.0
0.01027619198503596,10.352398903755025,-0.5140533587652031,0.4507090685163767,2.094153895490284,-1.8957505513440767,0.09810242165103186,-2.622245818912242,-1.156549153457868,1.216189427809739,-1.582814879004086,-1.1737900553035263,3.6021248576686857,1.1218239867789592,-2.661245575228389,-0.387068206591578,-1.543308151992337,1.7773063723408307,-2.8014208738288713,-0.17751034581624647,3.2789262064984994,-2.0840849851814123,0.9161732473850509,1.8813832236197003,-0.592994912778082,-2.0061211935353622,2.723027034164336,2.9015114113369234,-0.2248502801641598,-0.6948051847148401,0.10437126015938723,0.5848288242646247,1.4895581632166237,0.1475500755369467,0.41558748301683013,0.46174676635813305,1.4533831974873268,-0.6355714636595546,0.6350250686527947,0.564632470743422,-2.1933349517488687,2.1265275800277195,-0.47650904491564955,-0.4386317668355737,-1.7265588813556472,-0.6074094943928768,0.041472799532950855,1.3050999842469693,0.8961263145323705,0.1561529341646464,-2.473073659851594,-1.4014124672851727,-1.7885147138713124,0.7647230226140743,-1.2388783719905125,-0.24309383398112439,-0.44246750724924566,-1.423714445717381,0.6134806723853223,2.0
-7.471768849518659,-1.7147234913247515,2.687162892606123,-2.157508615901047,-0.6466435236253035,-0.6894079475657489,1.160374491723419,-4.67913747515904,0.07099827932245713,-1.0005647427497861,-1.539642262383371,1.2539389102736127,1.8882907102729873,0.7961185238581202,-0.7552291709007902,0.3625616888997497,0.8481820015464807,2.6505116071661043,-1.9610847113033694,-1.0881961580575465,-1.5845165796717242,-2.076384875149615,2.719010607414957,-1.3208315265150639,1.1446189390907142,-0.568650626716452,0.25977252369237497,-0.9872786409715966,-2.2903431571155037,0.29116855539219066,-0.17063023772937982,0.09984992350470252,-0.5242343636291413,1.002917353246639,0.6760784690670147,0.30157357837159626,-0.3814969115591157,0.9798859667003028,-1.532193511441916,-1.0731359304314716,-0.317132258316441,0.8300841254098451,0.269255498916797,-0.6397103932554864,-1.142373378219608,0.15861795343525098,0.02798846910976646,-0.3756435490935716,-0.9589388841183845,0.8271542575823586,-1.5889514156266455,-0.8555461634253436,-0.7419075858342954,1.3420841369320389,1.7953954914580614,-0.9211402219285469,0.25682982023184275,0.10232447724286765,-0.9316433940787177,3.0
-7.529827644876029,-1.8520438964183747,-5.172054074359232,-7.973734431530834,-2.58498893767405,-5.252934563171294,-7.317063708523089,-0.34623545080714213,-2.690622256668763,-1.4580348801791767,-0.9408576692874774,-0.05677533423146757,-3.02682189500807,-2.935251693055617,-0.20104863657440156,-1.7218988215836013,-0.32933842310086814,1.6405499556421577,3.286214531500933,-1.8379514632526752,0.9963151790122398,1.6386619917232157,-0.8812228596215964,0.880662835857004,-0.6358008888440158,-0.0999038043695407,1.3801619402086005,-0.2748751963200854,-0.4648266056961349,-0.65526995255473,0.04321411962736667,0.38822731785301806,1.0313749566030956,-0.13995785129888072,0.40155626900167146,-1.5478712456280457,2.2357846428243175,-0.0685416126603731,0.8535627172779073,0.28615591258440926,1.3755109585634206,0.22450444425413324,-0.2207751511020428,-0.1179561581608089,1.236021730659219,-0.29081316802861507,-0.3498098292667743,-0.3617896913369561,-1.3849284843751966,0.027784009967042937,-0.011042157843517844,0.005314922619803239,-0.5184251212869924,0.2510240517478693,1.128385750219978,-0.28520673618526265,-1.0187134469110406,-0.20695522600795127,-0.37601727251655565,0.0
2.4462215969714283,-1.6274356487032915,3.798519441456256,0.355239022785782,1.3635672033322153,3.472745491654605,-0.3800285623955048,-0.325479546839925,-0.9318475935218763,-0.8772194673701901,-2.5598262709687054,1.327659153369898,-2.7820718290861373,2.232110076610881,0.40103072217986613,1.1669676437873528,-2.8725571375999754,-1.005854926223389,1.4884070395042241,0.810950885409544,0.6952663399006435,1.2672424536247162,0.6286192937651677,1.3935818027532723,1.83775693750784,0.7235497510523471,0.297041013993864,1.7026533146400131,-0.17230276421110954,0.14341404811904357,-1.1024561603273804,-0.24752543545552583,0.16576493308861123,1.0650890502082486,-0.6256600932544704,0.5083163461911298,0.07452284113425771,-0.14106507307630783,-2.2276119077337033,-0.2211360304865808,-1.7389284064283657,-0.5931707392557628,0.5310261111073116,-2.294067089694844,0.7208532808053201,0.3697416218076591,-0.04713854211936711,1.016503110584531,-1.0442730571163656,0.8042902541651097,-0.3103584448776699,-0.24479312749639323,-0.3344523405042627,-0.1189542270555875,-0.8918423077902703,-0.3491926516032699,-0.10525419299208072,-0.756908570570142,-0.3585096093668021,3.0
-6.2973838250454115,-0.7501101041621032,-2.8578219205526345,4.073892232713153,0.25216769777186615,0.3540258199673026,-1.8843560334108465,0.7905313827751212,0.3967712650600033,4.237497903092481,-0.2844424404658847,0.9581340113786695,0.06973138358328601,3.1548088464792103,-0.20718867285368378,0.8943554088078599,0.7389233160762438,-0.022980320666600693,0.9685408158654438,-0.7644227657790432,-2.611820148559227,0.14023950358729856,-0.46845694963516127,0.7487555773964139,0.20199574623131214,-0.748013477697822,-0.5085063564316243,-1.394406505006832,0.8838358560779721,0.44383352162287404,2.9711547506705633,-0.023304541053935878,0.28158691574893174,1.1446372102238003,0.28016506738642794,-0.23304320117368382,0.9495790823614694,-0.6315721903317458,0.3064308727880953,1.6255363838825825,0.8820357325818021,0.4403801645387887,0.04439654463995388,-0.9525098249508495,0.45379748510265117,-0.8331759817729703,-0.1171137693960589,-0.4475709195910811,-0.6770264445953584,-0.016104791057180413,-0.9717098073754279,-0.7562539432910336,0.9767461179239681,-0.499485191443849,-0.16700798711079884,-0.039716191466130424,0.7138380228133662,-0.03850321455729474,-1.1157704111726476,4.0
0.5805557109804008,-2.914351093106058,6.438198214461521,-6.301909356725569,5.1773599967598365,-0.3877977824983997,5.9223749502747784,-1.09283431965406,-1.5458019532677187,-0.9144954433330252,-2.5437216007980585,-3.5738258591602503,-2.556250958731632,0.4355771995578905,0.7828887177750327,0.1419150968256474,-0.9968480192430572,0.7111566844906011,-0.7824645721864428,0.39281580576362146,-1.7876945620627647,0.46811972275256925,0.5291176675168037,1.8969558308348813,-1.343908821758941,-0.33002767115608544,-0.39328730956616176,-2.831245017659607,1.9325334141540194,-0.7722426212699922,-0.3697961332457562,1.6503690495599235,1.0358585970714267,0.32115289257463453,0.2799948346295347,0.18066296249782265,1.084621889477716,-0.9399577926453561,0.11472417905299506,-1.1163577662973445,1.3354748348084104,0.4951434734551554,-1.4961347870172357,-0.573057569427541,1.6190908903158387,0.9532131847758475,0.19764221105819132,0.5971045571987884,-0.06747385363743735,-0.25099227297513976,-1.2499126060193988,0.9298060293019945,-0.4990906484440941,0.5665330559711311,-0.15224936031753647,0.148685639111267,-0.9207462743206275,0.6217211066088135,-0.4153467002252764,5.0
2.744707780979293,-5.530914678205123,0.4876639913417093,0.729165363828298,0.2714960948212967,-0.04791212481098901,2.0016800837745135,-0.11347578700943718,-1.297617424219498,-1.4574006671054365,-3.2596407554613784,3.5924650129514917,-0.8625452644532866,0.28605180410913394,1.3839029820647843,-0.2620499960996899,-0.05421765339358079,-0.7952560815644932,-1.5501795897754427,-1.064765452642833,-0.8753310693387034,0.3623413246212201,0.5816764067001207,0.38834391459625744,1.6469632613635166,-0.4852370421971135,0.15692843343715768,-0.09527153028425814,-0.9459044790797243,0.34717873907612606,-0.16627039327522838,-1.1375559410637386,0.4110176974193837,0.024842693767577577,-0.2284277950507959,0.35561905378547254,0.14001308682022737,-1.2820260718861625,0.03156894398199132,-1.3559712443974699,-0.6360764878876934,0.13434618066471862,-0.8440943037911255,-0.05807808604343228,0.3090635808404894,1.5278766656112386,0.4047493350811992,-0.38169267534820495,-0.4002775626010802,0.31752535687603095,-1.0484551502923163,0.866920051697286,-0.5611355259719674,-0.05781781640691451,-0.2917777344114349,0.019105185558251747,-0.23285183306559457,0.04118288420641591,0.6848008987220382,3.0
2.212967737386913,-1.5547812896480595,-4.6788702815730225,-0.5628951046684699,1.4154570842038852,-2.942161508986044,0.7910429864110856,0.14919031900323515,-0.8315289818157368,0.4020529781583887,1.0713029720013203,0.8860354763469042,2.9205511132179587,0.9726396965468393,2.5795962512251847,0.36254953483285063,-1.3573959965333369,-1.313628735098068,0.26984620367434586,-0.9281400620133858,0.7115358896796573,1.029171173320159,1.0719506248045862,-1.2145779004347688,1.146888293197886,-0.39915396257437635,-1.7503191438289696,0.9278495576035262,-0.11114798127415648,-1.4652805881238002,1.0941372434754666,1.664416103989456,-0.6000323872685414,-0.2709735139325761,-1.0804404277021837,0.2359533429138874,-0.7352785793575228,-0.605447850151926,0.1287029059106056,0.015414012845428895,0.2302674393571774,-1.46851189012807,0.6599225124568215,0.18641404052787655,-0.01967855007530803,-0.4597306127365698,0.7876176187536602,0.4753865477059217,-0.6446471593149354,0.3096292114951192,0.06736746946084757,-0.46891462910902276,-0.7572409098181175,-0.3184948941687729,-0.0220432611837727,0.4753719077201074,0.5174071990202529,0.5123970477295997,0.058938354794269905,1.0
-0.367649456921134,-1.7525490217909794,6.65915183102641,-2.692594933055676,-0.2326387202683133,2.696111390920467,1.889882621572707,2.7244729969222736,2.4520986484969876,-1.5165346018478658,5.349314014197674,-1.3561685389244482,0.7792260789596724,-0.3829604510417685,-0.1780300951908573,1.2989479322928814,0.26086785679404373,1.1302027100281067,-0.7592981677000619,-1.1623467368618772,0.15619046160448904,1.2772007920986688,2.0135703296501806,2.2265713690220927,0.4816669382731024,0.6626430149002109,0.7552328361987678,-0.3482571268818742,-0.3178167268589941,0.3241645065568593,-0.9115498934364817,-0.2897594084445099,0.9124120509618171,-0.9854199781685287,0.0067558218096965715,1.1290825214313889,-0.3486793772376798,-1.1813400327815802,-1.0386534895637947,0.880261305368663,-0.2572275612331615,0.14272057477268685,0.7539316790748751,-1.0846982689223028,1.2159155099672647,-0.42834843675956097,-1.991341005065865,1.0740006608282717,-0.02063172037018284,-0.26053200718055436,0.08696628739898198,-0.9457983534873476,1.7139783168870715,0.3649753757558612,0.8927834093717371,-0.9526471469253578,0.43459754996791455,1.5408389481423674,0.5906763706221929,5.0
-0.02204471761818436,-3.8621189966410223,0.7570754643251029,0.8167936735210244,1.8678631795700709,-0.655758825658879,-0.0037312396142087085,-0.23662911733227707,0.5905807063569982,0.2832327183294241,0.14542527336757238,0.8941066916785102,1.064462319837566,0.38516041275323076,-0.9911711960333833,-2.23366242800194,-0.6043810704635812,-0.25793803929333536,0.046213598973371635,0.08427816017254972,0.5709505399230617,1.5216802495439221,0.1299383860471581,0.5222137115626689,0.4050224002464962,0.6438066192137397,-0.6971340610221082,1.1403784818066904,0.9166350147150936,1.0344579042875923,-1.8096089230816204,1.4208073963185197,-1.2480738627192118,0.4295399922629672,1.1816183071497373,-0.15278593984454814,-0.2840401077282309,0.07821088507311709,0.2497101459029872,-0.6756849056799068,-0.48005623053697816,-0.5957281754800049,-0.13541394146575675,-1.0347610135888325,-0.3182048890318569,-0.18002629376655405,-0.20021614896780537,0.7146103822090929,0.054876010136213745,-0.295350241174413,0.15955208786591227,0.12945316779700738,-0.7751972796627735,0.1550522504140582,0.5683516622459284,-0.4475398290735213,-1.0020222235964986,0.6510059984894646,0.40113629161387465,3.0
-1.3280587767618928,-3.0661261909798156,4.5609669286566925,-1.8186686968117014,1.2678735131174275,-2.86976670184765,0.48041019861377404,-1.8251219680402042,-1.8042257427118895,-1.3493814630584753,2.438233238846178,1.3356783923156377,-0.6222573411527358,-0.4032766394507487,-0.3279350518869765,-0.3482827098125557,0.689163994368104,-0.5772624384749094,-0.5795454922052012,2.127075754510467,1.3033516889330543,-0.26435190102497663,1.0315429544419163,0.07149216958685503,-0.8085965839080838,2.0739853662049126,-0.6150572593416018,0.5725453608276033,0.13357492834196566,-0.06953089510528868,2.549741134036802,-0.1829636633097197,0.05686308634462994,-0.5670121858233768,1.8323014385326402,-0.5091957597282829,-0.26107712823777074,-0.19372482288465565,1.1373457834622258,-0.47454048740414495,-1.123919936812797,-0.14201062265357708,-1.4590850492240914,-0.7246310475555543,0.44067760638366377,0.16331573502553604,0.20374132988828783,-0.8642627405080877,0.8962562891586527,0.15243096037983275,0.490878950028794,-0.011751127884281426,-0.4995164988677244,-0.2855905867790696,0.9561266914913152,-0.48234193138444026,-0.41166789016506966,0.5620881240275971,-1.2983054573464325,5.0
-1.8623056939576996,-8.54942918584276,1.567656821567761,1.6428131177524752,0.21974712971206775,-3.4226589868458857,-0.22806396172463703,0.014389747503924695,0.3251879577857857,1.9506924785973376,-0.8120538647504303,2.583310623507969,-1.0595420233750208,1.7295860502398364,-1.6264500808398523,0.2590756294175634,2.315665590907121,0.9254593607601711,-0.3038076747061168,0.4396045482339901,-0.10318612397101952,0.39096401908705647,0.5646670309778185,-0.14783070302068638,-0.1977139560585602,0.581427235763969,1.8977065135992954,-1.950484739359762,-1.771312000855739,1.4769876385762442,2.430159683780643,1.5871735771064144,0.05970985223806315,-2.5085946393428773,-0.30209397426390106,0.48626607403532984,-1.041593428863709,1.0127948402264813,0.8612444423406345,0.1559936750863937,-0.6458576310876201,-0.46758944737641117,0.11364095002102843,0.4866967326002386,0.030421567231829073,0.591182660915764,0.08515960452928846,-1.5018392477317795,0.2923729620089416,0.539643898667449,-0.2410457387244805,1.0878323895862623,-0.8007461474970334,-0.8397161115794655,0.0005483016395627719,0.4906264134951755,0.5279366379415436,0.25393335828461555,0.5358755716260852,0.0
-3.5127506905957295,1.8858607786466866,1.4464353193734647,-3.201233772342474,3.240696515073238,-0.6723986787990007,2.825265539520066,0.34414099617507016,-2.4524762341160087,-0.9496489525266508,-0.16287357667534713,3.7278338104280992,3.879149583363758,0.1589583796212023,2.691503894917964,2.9328998645165645,-0.8691561894462586,-0.5555802420991163,0.10628371507907315,-2.5380298910440264,-0.4385505231797441,-0.7437990087435788,-0.8911623133685104,-0.71214854164142,1.1173291245412014,-0.298662521295548,-0.8397937015617886,0.16821009363251152,-1.5864798850321455,-1.610175544454104,-0.6056262421448301,-0.6151435891918189,1.134992724335004,0.2060531182816769,-0.24207774939894305,-0.04119611969971115,-0.44421790444403236,0.9178650118955902,2.215484568744448,1.1544696908603986,-0.2688334390331073,-1.0661090688130341,0.5626568046876731,-0.11337866972244794,-0.701825393423232,-1.3350519149272495,0.8670079685411992,-0.6552096796897958,0.3908351073729171,-0.33388062988995987,0.8635834954910762,0.10425467522096317,-0.7789517840459451,0.992832583568375,0.000661477082730075,0.8479864771831506,0.19894285621208244,0.26708528111243407,-0.06772165786927639,2.0
5.080404815774978,-4.109814964530783,-2.8618232101225276,-0.9498505720282621,1.181418858000617,-1.8340653509318592,0.5795416206508945,-0.18818416849891112,-0.38513757979793845,0.8966870487554756,2.389640087619554,1.3562746860298738,-0.27601278928201667,-0.10634808147046196,0.24014511128835134,0.9272475192743811,-1.9456517565062572,-1.003978432334552,-0.28546908574302493,0.43944298886919136,-1.3393210931742707,1.0514889374965253,0.45931205588151475,1.4944925447600956,0.39874077833596816,-1.709978398517656,0.5069114466423311,0.2881735358517596,0.6463249608963048,0.3148062441074351,-0.24646208913618597,0.006766142929453135,0.3746619183537596,-0.09664513824333412,0.272470846761821,0.22641265060029747,-0.013640789987915097,-0.5386370026228261,-0.4366864649876837,0.2508815375708464,0.31301733037558055,0.2835362573767689,-0.08482600748110077,0.08488076648490189,-0.16564090772573634,0.5375163536139137,-0.23083714369769182,-0.07897334719046589,0.6258627320053779,0.32262845570689747,-0.036860965963279375,0.3179262319281149,0.34979398380754834,-0.4775640441149149,0.3663765739179394,0.40234023478985637,1.0106977585008892,-0.1378164321204852,0.6614374229882493,4.0
3.94495801342322,8.177447745616337,1.7528091499482283,-2.248845970465918,-3.6624328979572156,0.410691464160442,3.257317452044014,-0.15276640105655656,-1.191006863900395,2.735206517924061,-1.0632901306118414,0.5344825133761084,-0.20622812251346698,-0.023682806327945023,-1.4858947665719664,-1.9557218993085015,1.5697488062715663,-0.35070399159896676,2.4350466920270457,-0.8430985289022973,-2.841329063286175,0.87199140295107,2.4447099067569322,-2.0947956328760555,1.2189194187898613,1.1649675122873384,-1.252041771911252,-1.6258778270222254,0.15956302496940872,-1.0816245198299952,-0.8047057665202081,-1.0092988712711808,-0.2918473092130534,0.20006703654362756,-0.31354176089757974,1.0538637537553526,1.3852189471083425,1.0012700079851187,0.2718213619277524,-0.28599025984097903,-0.8015032708967103,0.11751405531155273,0.18003024320119895,0.7642235198890828,-0.25799237432188277,-0.5086851063506039,-0.04898596530851756,-1.2932940143485705,0.10706964515151293,-0.7531892143303981,0.44873566108658935,-1.9315315237886148,-0.22526575959908143,-0.6975932282645873,-0.531470164702234,0.4943580649062894,0.21482129710432823,-0.7805109974087681,-0.39027384811943894,2.0
-1.320503644035379,5.629983893748438,2.6328644768226708,-2.552067708864139,5.616895371793175,1.6905592574325374,-1.9822209390881886,2.769447520076751,-0.08728458701397016,-0.5819215690352494,2.233640181185736,0.8577278852456998,-2.0402037839779372,0.9189950526028564,2.9860971856347467,2.01216282288941,0.9389331555994727,-0.3141029123597676,1.0945912018368522,-2.6457399165176656,3.6331928199030563,-1.4266857117247898,-0.92439066141116,-3.7113396018708404,-2.8904817096399955,0.19604613048778066,2.191777714814085,1.0483135412316296,-0.6334784902141557,0.04769773654398628,0.27705459588032744,1.004629757653923,-1.472577186054668,0.581914119647018,-0.4567512285453982,-0.002510288117248452,-0.21128195670017075,1.3817108087950458,-1.2664723519206806,0.9874090459822872,-2.018360805847926,-0.5802772415342222,-1.1475238572065014,0.7797193487615934,0.31887838969609006,0.12136830812162978,0.21583536907379436,1.0137848826463358,-1.986832504430755,0.41541966600876656,-1.8288353688378858,0.20692368755676963,0.21631140969288773,-0.5402101884621807,0.2700144505602619,0.7826588228057025,0.024659705479837767,-0.08942891542605753,0.7876968566144237,4.0
5.190592772545689,2.3605372289579423,1.4731969786449504,3.758865603013431,1.9094096330248889,-1.2683661167617617,-0.2946299843812136,2.9051453447977647,-1.0954921822478807,4.84530684198702,-2.2860653267083304,-0.3840301141210492,-1.831506926010305,1.077550014877031,0.8306357207247331,0.9423827471166971,-0.04107056577297171,1.3030611518557145,-3.485626968377358,-1.0725198123670543,2.9569488032581295,-1.085909249315989,0.493674544130909,-0.3111380851342841,1.4703970910115534,-1.2002775132116024,0.15998647948095568,0.5708683864945401,-0.2769175306156617,-2.8197212141250496,-0.13266189075850812,0.5728564986993162,0.42809871414047457,-0.29679526125363503,1.4713157024907313,-0.5265673195681752,0.16560747410265972,-0.1382664540387711,-0.8047249286967088,0.3921758998705116,-1.1023018961981814,-1.2957078487600198,-1.289789910373353,-2.061227382097557,1.2293361746412437,1.7355197514597294,-0.23916518876581871,-0.048591076194075655,-0.18292046474388365,0.3860404467783909,0.17798559482345888,-0.7032627768005564,-1.0452039486816929,0.22675157513638008,2.2204309478298563,-0.40326600322856243,0.3404643128782259,0.1790214083835369,-0.12694973086553785,3.0
4.640532679895116,-2.9861180115519694,-1.8388647462526293,0.7582947901868033,0.3566665339595778,-0.7183993106979376,0.6983826199103488,1.1487962538307037,0.9344055541962772,-0.5452492265807234,0.9632104503969706,0.6711729339637367,0.9953628794622,0.5930403245282896,-0.20355713570320197,0.9625704691697997,0.8418280279793524,-2.18577103094274,0.1857294706563429,-1.1198421760434778,-1.580570399964166,-0.07553266578698063,-0.9472060048033477,0.9732381511833893,0.9724154076925128,-1.3035563815972486,0.30814663393428215,0.5647869177335236,0.06413343797713879,-0.2617165887875313,-1.9789424853067805,0.4334031342065486,1.164883929196239,0.39228291644855084,0.4123816656516049,-0.47236040995882617,-0.43831322185276683,-0.814631810960208,0.39577044899375424,-0.497158564704844,-0.3221984827410409,-0.3432747223570794,-0.3710291372302402,-0.17566579527111906,-0.3141092229758861,-0.9853344511809012,0.08062832967378944,-0.4911178312774852,0.18773648674304322,0.5073337426821817,-0.29969691063952364,0.5595194672736613,0.3939391355504629,-0.29486737188569234,0.22330549175086029,0.4051426919602753,1.0020910490341262,-1.1805870595555026,0.39296457813148267,4.0
4.339367631605656,2.244918180740868,-0.6840687041803691,0.03381579026917046,0.3255275469023175,-0.0935867536870283,3.2927277542294737,-1.2394792590151817,-0.5947008451638871,-0.6759264247040663,0.9206180125289655,1.5583892718404204,-0.00947755349067028,-3.7596790685798984,-1.2081863608232006,0.7330016185133501,-0.3220875780643846,0.013795106984935074,1.1821492617323248,0.17992893066132157,0.6059934569840275,0.3433788939337649,1.873914117920486,1.614172097785476,0.89305757995106,0.2976394134032628,0.022408790479175975,0.548515266191171,-0.7312947150302233,0.47159144795557867,-2.420672755836076,1.6467654621731687,0.8656052571474293,0.71123480375535,-0.14901745512139294,-0.5101234775168004,-0.2830144880669422,-0.6085071550907288,-0.34249596649006053,1.5731954693367958,-0.060329136124986825,0.8259979722085684,0.443193813166689,0.6865310749342896,-0.0682804190650035,0.7827305859660437,-1.7224528230938945,0.6551187259602513,-0.508645872485597,-0.06475385974826016,-0.22190799729365868,0.35380273317957517,-0.6866925814295265,0.33773546537399374,0.9398229200913233,0.6056664691394273,0.5658024964095995,1.1315389878762794,-0.14546009547500532,2.0
-7.3461438926954665,-1.196067810529054,4.406460349875179,2.9204459920299706,3.7460432322087995,2.5256913723875067,-4.951644056253631,0.46487778408852576,-0.4807123065760022,-0.45180678400076946,-0.09832576343231791,-0.5847202790586952,-0.7381262261153668,-1.4016688662023074,-3.0020482156457193,2.4184182817493793,0.4377736612314904,0.9794999597171464,-0.40435136740090477,-0.18703280189278498,0.025686574402572764,-0.971061767185133,0.17302576458440358,-1.6656793328204609,1.0074449702193047,0.7418586254940085,0.7432690760253194,-1.001049306365212,-2.4371000552127864,-1.7292921333897617,-0.1285208658174699,-1.8880870978367406,-0.17865515797190967,0.764429976433539,1.3548259394420807,-0.5661342392868636,-0.3342171974400815,-2.867463008563727,-2.46608108440812,1.0611592973217205,2.4594068737575703,0.5965527724477897,0.15949596128505683,0.49860403841561984,-0.7723297444909232,-2.5187498164493904,-0.6175792136592217,-0.0755290714439135,0.4836412652799389,-0.2879114800600632,0.2065592545929502,-1.477995964858071,1.7442384171782845,-1.1457721452704848,0.5368670017659258,0.007216336570479978,0.6134783707465946,0.16826592363780948,-0.15884214452803885,2.0
3.2203535951056645,0.9976919239453085,0.6595877060810817,1.1113572793217796,1.4305917379273025,1.9141169499134256,0.3091212859238413,-1.5101289090552312,2.3421323680847594,-2.2670367783619763,4.6461040007609204,0.409000671321655,0.052291136898388116,-1.592083760983808,1.4577529697230427,-1.6208068601511763,-0.8602708402932542,2.9877903223932787,1.4737193412865486,2.298573992355504,-0.6324014648289129,0.7083553452169613,-0.5232337940030727,-0.9515407304139399,-0.728658256886478,-1.8311035581917139,-0.021347811065872017,-0.006863337461911829,-0.053192613083414594,0.2186058344458732,-0.37477460117695843,0.6456878256486382,1.2315808449027803,0.2953651467506844,-1.0291541439206413,0.8987849576253131,1.8144786683791165,0.8020587497248904,1.315213334688604,1.3251007841081905,0.19119285190089771,-0.6854501383682692,-0.43880754070064787,-0.6516444398652596,-1.164495131081814,-1.4041888955705315,1.47790258643136,0.009992772851494022,0.7541903191600363,0.5843407140764431,-0.30794804051871427,0.15038142395669218,-0.14688553440026444,0.5345331314077941,-0.7210030435854783,0.7089969256681915,0.27688529536095513,0.1715298003908016,0.8159171075502069,3.0
1.853829912738899,4.27284336715187,-0.5032837693843438,-1.9169517037327324,-0.3054303950876473,-0.41211064603080316,2.9491557725379356,-2.7223069604426877,1.7837397001456352,-1.7372730726526482,0.5459174116841947,3.4005136474046487,-0.44670773275197445,-0.7529179420615625,0.34158093065579964,0.712925227258763,0.5269797010955158,0.7377712671092255,0.8155162233257369,0.2649410914940203,-0.8052486217908249,-0.5913954299989506,0.13890418799285612,-0.6347893357166449,-0.44510989514865934,-0.12006001678956166,0.831042415563948,0.559991070559764,-2.0273361307735014,2.8616841786440674,0.6437580293404304,-0.007507513031614632,0.7364782080174922,1.1015839529481262,0.13928085464667428,-1.7106877860887526,-0.8213617034097396,-0.13387189687733128,-0.9921980373418217,0.3213504036606553,0.4044610028699991,-0.3699023450632284,-0.866114413292186,0.3178564462970092,-0.053058103880798756,0.29899581169721234,-0.5465810510920858,0.831487110372598,-0.5339006964255009,-0.6134739967537453,1.1167602361128468,0.10121919739840222,0.28780600641069604,1.1434337683525582,0.004604378514882408,0.5755740126690031,0.2459160896385733,-0.9613129951101587,-1.3825846613637185,3.0
4.068742768773261,4.557135882936401,2.7649841811606564,-1.2594395471835618,-0.11711606155854716,3.8646339978746678,-2.225050261958896,-0.39003483476556555,1.5972178969451742,-1.2422634840242903,-0.6216298239255248,0.6662262595215752,1.3489659242783578,0.3354229716612807,-1.548292395042613,1.9544330333534854,-1.1192401371458227,0.8014150514978633,0.2775616787449417,0.44409591833216655,0.3638334199628462,-0.5266890448932323,-0.7977765344335481,0.2874076701813387,0.14432585949535198,3.5918250429769505,-0.4909331910114998,0.7504940460655068,0.3053332324885056,1.4911604835209387,1.8584333289999733,1.4469881158117743,0.7192222200422094,-0.6915934456340348,0.24079720811909014,1.1087611374912665,1.2316754673687733,1.8630821772779842,0.30633541403869796,0.3018813057001972,-1.2669922870575367,-1.183346860388213,-0.16233841985067726,0.6599302178655724,0.17230945617162624,-0.4651934623304763,-0.8574953909121964,-0.058321986872566955,-0.9326454544537556,-1.2016567972873842,-0.28396127234512325,0.07407817015898129,-0.6138692642156744,-1.2876486079939462,-0.5828515874364883,0.4813795286378526,0.25398747148479633,-0.9909127486494795,-0.5992388987238936,3.0
2.4463179586887023,5.964135242876097,-1.4410979042050773,-0.8520123140780567,1.8279198383357185,2.954491065054767,1.3121280315792145,1.8630235065597105,0.861006204529802,-1.5341032032748823,0.2703660406080102,-0.19138163790277068,-0.7383243364134382,3.4309466436811715,2.681244375874474,-1.4291779623024514,1.8574750603344905,0.22044948357668892,-0.9806150766137489,0.7838673651061023,0.2005517709292296,-1.4301881577768925,-1.5595055985637993,0.9789405599076255,-0.4069567029636414,0.7091838224541219,1.7696944009847269,-1.2922319205484452,-1.217729083062057,-1.082424021377231,0.6467923418098986,0.09522290822021685,1.0103219187309607,-0.901116723454631,0.08028281413871437,0.627128791236608,1.0844583302894697,-0.7910550564974013,0.5194340827710815,0.7984690768580176,1.5378562765338368,-1.1494818333673313,0.3562186815102237,-0.9991499855032044,-0.5973708677748635,0.9581295558671451,0.12781689389075324,1.0340345260459114,-0.5128421970423385,-0.45896323971699904,0.25543752580958345,-0.2949837007164367,-0.05467639782978209,-0.3548024603431593,0.7953705859531458,-0.08842052324506029,-0.18673666700862876,-0.11299846809968446,-0.01475092658775058,2.0
-2.59893865844374,-3.590955963880228,0.3814350587028236,-1.6824077191828664,-0.74237811453361,0.4232586420861531,-1.1343965626368757,0.5307800956866623,-0.8301070670852914,0.8077741222121149,-0.7445026041588412,1.5976075978586415,0.4665993299946839,0.01452270452450227,0.975190483243593,0.5396137806086899,-0.23497947418360557,-0.5070189367405656,-2.0805937990503014,-0.5456424461843395,-1.5737087056919914,-0.6141183560387621,0.9511567647029519,-0.2797716024868205,-0.4467642197002441,0.5250490480576026,-0.2965054651213114,1.2587272140201125,-0.3734506510534308,0.8389566451873145,-0.6898965296411715,2.659650619600213,-0.6124260698387326,-1.5956715934222432,-1.0006284622203532,0.01747580305592401,1.6039504804227458,-1.117099423896067,-0.15861877188283305,-0.3307056933400095,-0.41835031592082644,-0.4871491289406591,1.4792609754386976,-0.5096380023106745,-0.8020047481616077,0.17752907002825644,0.10873157239999838,-0.8028503080284158,-0.3514416169120687,-0.5262093336031639,-1.0259665204895114,-0.3622312832151689,0.43247007809881477,0.016462135459727453,-0.39971921739402394,-0.32660442976919923,-0.49087406915383447,-1.861153612500172,0.40267302079559253,5.0
-3.845585755909936,0.347163314109772,-2.801783126922674,7.277577976998172,0.3920977441427181,-0.3625973328059913,-1.0161255719006537,0.6093031041177686,-0.2742280369978066,0.47631543003115673,1.7168919728362215,2.881716361321157,0.6494237446533483,0.9946339724453104,-1.0661114226873294,-3.3668132786414193,0.46152855542601284,3.2689886078510257,2.2596231325628833,-1.000510505205661,-0.624988915379607,-2.4122779767527187,1.1099398915782686,-0.740112227290752,-1.4382325487639287,1.5742654771740583,0.3521057608153908,2.3503345331208347,-1.5026738861110496,1.5841382687451286,-1.4672894063679127,-0.602289246121096,-0.31369650644265257,-0.2468210009415443,0.7548789424549729,0.6221892832343939,-0.048364200836513466,-1.2417950995435556,0.6992750022096688,0.2634188761556429,0.7015026339407651,0.862483743162735,1.3606067079514739,0.24712567222778237,3.2103404972985925,-1.6924997582234176,0.11765704482780875,1.717483517146085,0.21996327919777264,0.6742971135112605,0.5967043182270162,-0.6164831367690667,0.06982051520632199,0.6599603915759302,0.4312907712417658,-0.6275509077776157,-1.2801170370575914,-0.19550711752460534,0.01755855895977006,3.0
0.4574103086395985,4.725374172522896,0.5602936722878632,-4.041503350573254,0.16821476088964107,3.655183524797177,-2.904864110027718,-0.3019527433072008,3.6719828038886386,-2.1531326523858265,-0.23552417181568117,0.5531083346377987,-0.9145004781655786,0.1961568503032009,1.5253659845657996,1.2728672914401342,-2.1665848572960824,-1.1355877632047873,0.2016105859170715,-0.6359309550146968,-1.5520488413043942,0.7030065425868948,0.34416722746388606,0.44834141370350505,1.3276223510798366,-0.7716418782492255,-1.4857451916396318,-0.3050007143137598,-0.021535659075109525,0.48126419942144855,0.5415606224425045,1.0348396680236014,-0.5881988249493946,0.38145378427198195,-0.3304328907339358,-0.13616201777664808,0.24113272502512892,-0.47453244911060966,1.7521112637455887,-0.06725922883035841,0.23936396390023773,-0.36592904067071885,-0.11191387317632974,-0.5060182000799059,0.31819570348229387,-0.9191665014921989,0.1862772429123771,-0.25357958735888,0.8409578564481067,0.9130416163525092,-0.233801980717784,-0.6502564689721025,0.19066865161599514,0.7492884005902603,0.933514729526915,0.1749925442871057,-0.34222594976213944,0.14610889038569827,-1.7550849748115365,2.0
-5.399167229495605,-3.085914981022493,1.0042422242242204,0.7190285774590227,-2.8033633153887214,1.6314170789318982,-1.0253314571897207,-0.21279673846598418,2.5359154787610434,1.3850260351503358,1.3205419398138183,-2.059837195878626,1.244116806884944,-0.6077970614524557,-0.3863454540105449,-0.17972988068953294,-1.1393991439657665,-1.0379438521460518,0.2244031235146983,1.1058287936715216,1.1989426485550267,1.4348459338128838,0.1892646963664364,0.5201728797560957,0.005801953042238816,1.1359348605011665,-0.7364593247766299,0.1953843662719073,-0.5495631703542039,0.4935940600301545,0.08750414303567425,1.4716866803459778,0.11620995188458708,0.3031553452749777,0.473186611441138,-1.8258558466424808,0.1365723992281853,0.46406766705671626,-0.45092339670369636,-1.4552057412543693,0.048152822652248156,1.2261176167069336,1.079512558307336,0.40719489812213777,0.3611391072266673,0.12244350114569391,0.45961115143531556,0.8019432493095722,-0.6433419339304243,-0.11466747145158958,1.1972413233782577,-0.5216677053759636,0.46675034749151256,-0.2807022957369609,-0.7724509557240901,-0.25403102843939396,-0.32003819243605736,0.4501511207118983,-0.345479745990429,2.0
2.614598548182806,-5.30430748761612,-2.399401858849689,-2.74977988052295,-2.9843057728453672,-2.2340833423386544,0.3553655888583155,-1.5101376576060677,2.243800485127397,-1.946753768114176,-1.3553409757302242,-0.7051958361275249,-2.0617632816754776,1.727831044179244,-0.4054734268089676,-0.895049540019849,-0.6411760265821792,0.08750666326404188,-2.5093072198652786,-0.8735732013437791,0.19716984967587287,-1.4900635039549681,1.6681236075353882,0.19340767808837112,-0.060566697480512924,-0.255525890752432,0.05736501298251719,0.6770153442776127,-0.12131127657212026,-0.5251379879821255,-0.2331187964533433,0.7072413581003705,0.675120446210858,0.12366709353764214,1.5727279134680074,-1.4284555479562215,0.39618420230980655,-0.42926947923132674,-0.0068797217233949,0.2704674506921183,0.6139431914341023,0.09210945070755915,0.9594860508841572,0.45657199124416586,-0.9331513291635284,-0.7443809738092826,1.13157040659079,-0.6371885701264729,-1.375934634024535,-0.33688008428664706,0.23212019755001603,0.9561321020196837,-0.40499460078288196,-0.14664954343362116,0.1380633204542105,-0.2975573949625051,-0.054815633164451844,0.6978577805582341,-0.5077081532933637,0.0
-7.523221374852294,-1.2265259177258283,-1.8081542766629266,1.4828589875810079,2.8111057492860194,1.851868556686529,0.6881041302887226,-0.2895905399596294,-0.5036516612824863,-0.2319485133030042,-1.17889116256747,-3.3589802709848664,-3.2912599546698647,0.6198814075521462,0.23272710905641644,1.1657056003635002,1.3993072387111596,1.0242175908397986,0.6396847241239082,0.625007845033733,-1.1945534318626827,0.3608713542751314,-0.775332119238127,-0.2624315749127859,0.6217604219924356,-1.146538110307489,1.224613730490696,-0.5789371168472899,-1.693121946154966,0.49326746939268157,0.21117909043498231,0.6227188070370827,1.9986298593990481,1.3959185803020426,-2.786469957538293,-0.6306775668615615,-1.5719298018407821,0.8553224705202117,-0.47508160288536916,-0.7477627060760613,-1.329882197367461,0.6845113581628798,1.7047755985876487,-0.3547766956491169,1.7003107951336278,0.30445646203492854,-0.45373898746759106,0.29951353262868996,0.40411051098716366,-0.12691440410067706,-0.39616113394296276,0.37250381561432266,-0.7162813009497864,-0.375866907297468,-0.22097746151727296,0.3069600680910286,0.1089512864781338,-0.7561740227337738,0.01128613030378026,4.0
-0.4037065176876429,-1.3930432812950984,-0.7516443103548339,-0.5852853081317639,-3.8859584840393406,0.6155471697263604,1.8596624509149364,-3.41731754329456,0.5189799223007943,-0.11808883651976143,0.29724798059477836,1.606373617126867,2.1752992776753914,-1.0161589304297256,-0.6705493247318076,1.1271484302446768,-0.00018784522004961296,-1.396475728754064,-0.7986860908878151,0.3029864122539007,0.4973876575504623,-1.4915043172055424,-1.1553157105037901,0.817116142964628,-1.3300847350798535,0.17961276502420384,1.0389358020972685,-0.313715960698536,-1.3927053533318174,-0.813009506674768,-1.1185288822694373,-0.2912850013495935,0.4098185715443354,-0.6842147920823664,-0.1244335025652095,-0.10798038782713593,-0.09449423955689201,0.8730257626699813,-0.05334951879507425,0.5764834299216322,-1.1261062670691095,-0.3638553828767906,-0.3625734424846347,0.48679179040955267,0.6042831330608899,0.8036374502515029,-0.2758336423329093,0.3185046806660143,0.221535950328618,-0.854922236655522,-0.03600022518505556,0.5212882796627273,-0.2669647116865387,0.11969413663835195,0.21561167514365437,0.46886103117677613,0.43226018248286435,0.03827484949568221,-0.07400531019779137,3.0
-2.843021938281687,0.9684831433600232,-0.2059704366604527,1.6470123838072082,-0.42710154272320894,1.0604985190096452,0.2582467010600953,-0.11288168784922702,0.4939735702071521,-2.4959069413140305,0.992912950411595,3.550315892272737,0.4547420939798561,-1.578531914039289,2.2110130536535677,-1.2925035324501402,1.1563601253704294,-1.3822128215562797,2.4478776128139415,-0.06213462725292927,-0.19382655250925637,0.8571691918579206,1.3259434466067632,1.353211114534482,0.2283478580186788,0.1939609152532923,-1.0303872050848244,0.15987155293571326,0.2748143254546202,1.388885085956294,-0.8744392450004368,0.9686960706504516,-0.20429254831552585,-0.906447233192452,-0.3813344340134592,-0.15875900056657058,0.22818099946751616,-0.47760776440364494,0.24587789515923208,0.7102093537793229,0.35230185459806074,0.527161382155569,0.14547640900074113,-2.3101005428206998,-0.6348553882529356,-0.2948860506970213,0.24613736196033392,-0.640122155164772,0.07390048893072312,-0.5874840188517892,-0.7028114772225297,-0.35823886773798724,0.5761557301668065,0.6244437877922943,-0.7216303547541024,0.1381041517093739,-0.4495447830717852,0.25479483771255024,0.49408693228575296,4.0
0.2964082567804845,0.15551358487105918,-4.47309137442139,-6.057168966882867,-6.676648758417658,-0.37494767483442487,2.4942933900916326,3.4032054650042167,-0.8491332747699659,0.9113349868451285,-0.875846942067301,0.8693978691173936,0.6093897989907862,-0.24063404726758575,0.2997520114879431,0.6611321451808299,-2.1700696366009504,-0.7502388318490416,-0.22503248270655818,-0.9252845305647042,1.3927701633148926,0.029369881429729305,-2.2768843760005786,-0.10395746600340228,-1.5864046452127711,0.4785900830018707,0.29359913009967314,1.8328484227971338,-0.8026982313869355,-1.024243174189295,3.01879323801425,-1.3772561738246631,0.3829334137771676,1.5681974419985765,1.4538077301152832,0.009237571545469414,-2.4658622064573015,-0.21733325691788158,-1.6327670542825463,-0.9615979988438178,-0.027799535209204692,-0.8189403348208121,2.2713487992660295,-0.9089917488009042,0.9837030380026531,0.9097325822732857,0.1885600993205312,0.8768994717538284,1.0767822591281864,-1.0130661503036034,0.16295966972132214,0.7872181487765681,1.2850468058831253,-0.7438457810669162,-1.3233540776282708,0.2920360114350786,1.0720610715029217,0.9355437946347335,0.9143740999094989,1.0
7.513760465603642,2.0699035673209445,-5.058738792975895,1.2255982078899847,3.5117029521155887,-2.5412905464278635,-0.16564086605040632,-1.4730793404133404,0.5380133485092199,1.4316570051692832,0.42721764201442103,-1.1622620851716512,-0.09203219966687062,-0.22556706294567072,1.00372410465952,0.45947378954388673,0.14555947736433317,-0.7111076338091963,-0.8814629568763317,-1.5353258630025206,-1.6585654104129892,0.990679637792944,-0.12615866693671768,-0.1060905260029979,0.2976864991730654,1.61214263891523,-0.7343123265397626,-0.3654762265677963,0.31321529664237097,0.615100588884296,-0.19181414655831105,-1.2843830108248873,0.4752758230443719,-1.460400452873774,0.7549928868940637,0.3001646750140242,0.5153661859559444,-0.2652253050917535,-1.212843620982801,-0.054995607550794516,-0.122604745286463,0.13620439504380577,-0.4539574447472771,0.324595362016441,-0.21852782362102313,0.18884026681604532,-0.8568199739747077,0.5842465124924651,-0.1302588051522068,-0.040887971587132296,-0.7754020948279876,0.5703404081068372,-0.07567955663599323,-0.3397690055901406,0.6087236946497628,0.2694621964438551,-0.7340152475609389,-0.23634640805083182,-0.5100054790530774,4.0
-4.882557522583828,-3.436287791654915,-1.1262000947728934,-1.923900867867808,2.5215235165655776,-1.8752940694778462,3.225938562210132,-0.9126344288028503,2.1353407466473016,2.139475889275341,-2.2938417348240328,0.5050823601672794,0.7839925745628641,2.2908117071765384,0.6845152935347623,0.010569732355708128,1.17011708543662,-0.6171025918138013,0.30082665296812283,1.0991211889116868,-0.14940508238912437,1.0393996982095806,0.7902615422418348,-0.8985352404969639,0.02197049397680236,1.2868095458691986,0.8378775044062131,-1.3738191384487624,-1.4511164288474274,-0.3067837061094779,1.144405121546117,-1.1560735329472394,0.5316448731998122,0.4145204737227756,-0.40385993975674433,1.2648729209858147,1.5615136449261178,-1.5169179129351142,-1.3986077772699166,-0.023912535012920493,0.17442807619764558,-0.8935709706198346,0.6033730304980751,0.7032084001745773,-0.09840014062544222,0.6092332226809958,-1.1656912080715545,-0.01995916404647033,-0.1583838639229338,1.6054110255959615,0.7086041972163544,-1.7170440306825483,0.3620089091088393,0.4595947534119091,-0.08966092371393022,-1.0056235661462154,0.5374822436191274,0.14592621689775095,0.6630042839352362,2.0
2.0745445920811547,-4.645817352871144,0.9297499500933226,-1.8610529078837987,4.263525508492618,3.340762232059455,4.482106341144592,5.038009367417621,-0.2881805898455405,-0.03742712731982082,0.28711626649129285,-2.983356021054637,0.7244817916608223,3.5260904933199155,0.20393793384243,-3.2114361831385,-0.4846571821995034,-0.8434005093011301,0.9789086890154582,-0.7210626082118753,-0.14876153931736608,0.8641908427158611,2.2431244949866884,-1.1330433662268693,0.1635592990779918,0.4870388593005871,0.8722163351248181,1.0054656353433284,2.8381399273980956,-1.7607641687171363,1.185013086042208,-1.467188046812912,1.4958098602425547,1.3268382055319312,-0.581637915925649,0.2038412572749823,0.9325432282394243,1.0195771823050082,0.20157046873264087,1.3498083178978357,0.3001653590379907,-0.6012094069340329,-0.43642531885139335,-0.6024938176863184,-0.1436874112060395,0.8608372047361313,1.4305361495736109,-0.31159097567108357,-0.5510029379871738,0.29330000244370125,-0.46015690882087085,-0.5373013957810303,-0.5135620369103054,-0.27186749856198605,0.03858662615362118,0.15964745062665406,0.20460204669438936,-1.0419010872878303,0.8974229306167739,2.0
2.7293176892146147,-1.8942280940739984,-1.2579734406820149,1.9910921615081905,0.1911538528815319,2.2363170553456504,-1.3450299229166227,-2.1311282836667416,1.280844047685356,0.23060175612974854,3.9601438449716753,-1.12014695686843,1.6133476694604945,-0.8481791303905085,0.054818627676192395,0.2178226308756554,1.210827024770147,-0.1022210875680575,-1.1122375374142957,0.29575505753055376,0.02418557257945055,-0.5755920725284861,-2.254470582136763,-0.08895138236696665,-0.3448553281669695,0.5197557125606123,-0.7528252848979897,0.39782337846933535,1.032379324854312,-1.0145194897797056,-1.4606666300449542,0.032655033858466055,-0.0012911714743446575,0.6423904663684658,0.6736729784287929,-0.5417406692469748,-0.0010272582148694782,-0.5777848973619809,0.12831879262193413,1.0430313356010021,1.3115012336998697,-0.06873747313189871,-0.23799197002956435,0.5009897336523542,0.8509042812256687,0.1379703553898522,-0.8033791336105809,0.2769348246063958,0.8081710137851167,0.11096664707062438,0.4083401481780689,0.1785488681492395,-1.010520490532036,-0.1781008812767549,0.5368137676395558,0.16855214690006884,-0.4620977575205017,-0.3022112802285196,0.24849181118416283,1.0
-5.918668556155347,-0.4499153155661841,-3.014827259320771,-1.5084306808623082,0.4590278395531663,1.882660628270569,1.3611584188581212,-0.5058546194134758,3.0073938337197093,2.3420371109633846,0.33604868155602585,0.7619699340784937,0.05260029638755387,1.0580896394340014,-0.8378992482989416,0.9909516758478022,-0.09881021621519719,0.7019270733588651,0.43607558200884733,0.07434727817516389,-0.3454493336382777,1.567952171714768,1.4705895967449605,-1.5343785022994376,1.8126329334509674,0.25164667882565633,-0.39240490673631334,-1.2415543384127667,-0.013146901749424922,0.21461319675627194,-0.9139582492926747,-0.2356246214791565,-1.226937906109676,0.42780474253547784,0.3396416675004985,-0.8630099982349521,0.3457150215806604,-0.5401093997988187,-0.12290263968160306,-0.241294317499717,-0.10689679887898822,-1.265438345662988,-0.34080880878132086,0.22106597783586726,-1.1243043766914402,-0.31787742276858344,-0.7950232252909131,0.042498793677322205,0.2657691930453964,-0.34781437190472336,0.24728820296649764,-0.30854784784187156,-0.6035859588075222,0.5324689548867299,0.0276181621817605,-0.5204266980820106,0.6022242355112912,0.28171662735663744,0.5124747107051341,2.0
-8.27658496911873,3.764438241287243,-3.647955654424387,1.6326877825103399,-1.3162559372733647,0.06940408041308335,-0.2986754688227875,1.7554061367639817,-1.3614672400095644,0.2515000558004992,4.194740422604545,3.2775649195556067,-0.6501090020855307,-1.2397855881490607,-1.37177361780417,0.8408324321561492,-0.33593465110289716,2.803476427464195,-1.088636676134124,-3.4904444989324768,-1.807188969246678,0.07444057087115094,-0.3191381589372348,2.004250323097434,2.7700151075886468,-2.6850751372589676,-0.2488755009568031,-1.8115188241986158,1.0150576549202404,0.7417908286499271,1.8173728898838293,0.8792058551470114,0.04231595729035929,0.6866108499466593,0.49384506928032873,-0.28184198777495645,-1.4732841658551614,-0.09022897920683734,-0.2644665842383927,-2.521563238404391,0.6043814951983756,0.9641077210376428,0.34699317084176157,0.5514713781643298,-0.6261024875387357,0.1880663600388312,1.3223698626143152,0.20137997871651986,-0.8983408478168893,1.6347732062206193,-0.35636276287547797,0.6395707974926144,-0.8912156215643757,-0.7347756430070043,0.23327708223626442,0.2944450925965775,-0.4752628018285152,-0.4752235891375539,-0.09416617738435049,5.0
3.0262724248417667,-2.12544724344689,-3.219658614584449,-2.727086520147236,-4.557336420454784,-1.1765160969458808,0.8655880770770384,1.0210177575177923,2.238702745305966,-2.3388071569415794,-0.7070145233954565,-2.0989092711658306,0.6916124287528984,0.653949029579899,-0.9468629333477514,-0.11321587237548325,0.5359058202795215,0.9892930086136851,-0.9810634297991039,0.6287605325123311,-0.3695136186406228,-2.657805593692153,0.22819624725185458,-1.081354041962323,0.18085772305395817,-0.40028076289099934,-0.8292528965897458,1.2604812474769664,-0.3643211448195713,-1.3314058508730477,0.3628046315975728,0.16970255395942294,-0.5247806125498711,-0.6445226106907674,0.004792577081044216,-1.547265036452305,-0.8422201967916096,-0.45375158902930013,0.05694918424108467,-0.1388526842524154,2.406102225165881,0.001666093446380139,0.5089141072333422,0.6807722490863598,-1.3531213748676112,-0.1682870299900605,0.6489745639324076,0.4320840115481394,-0.7613041390914536,-0.07280407068393975,1.1583549655592584,-0.4876433336162095,-0.8697115532866438,-0.39361232965923887,0.14509804356775732,0.8953085142778412,0.6861703674870624,-0.20220230779083592,-0.12098197038130684,0.0
-2.418706422917126,5.115463957793354,-2.8187648090499398,-1.4496602061364747,0.441800181048166,0.7490749252582893,-2.469083141874162,0.6991562836818471,1.6197924804450776,0.58722205934704,0.4611410518776082,3.357344772105477,1.5194621036658031,-1.0018862439618352,0.1322474761731617,-0.7174287803151789,0.7142144538387908,2.8899313881670925,-0.35455514087399914,0.4907816044678899,1.1520140488741286,0.26871149199807126,1.7255910422926113,-0.06346824730672075,0.8617645866385188,0.9766074360972689,-0.13827690881116497,-0.14375681125057485,0.8872201932456938,-0.7687244512494699,0.9723292490440202,0.5371772510873994,-1.395278082077321,0.398285660422387,-0.727750084114867,-0.285267061231322,1.0755827664657658,-0.22708123240696795,0.6128603830060726,-1.4373223996642004,-0.4564303596373824,-0.5603788774369132,-0.7678984046031289,0.5436629140183086,0.016477850612411655,0.20892937683165091,-0.24522848943741726,-0.5082942485580437,-0.3245066031478169,0.44322545796244717,-0.04691281246671836,0.6920375359113653,0.6522676818369118,0.13187745576226811,0.09577484129297334,0.25424497058236356,-0.7364803844667169,0.7197332298658448,-0.05029736032875936,1.0
4.743731930682008,9.04335955526902,2.189620137985318,0.08132954676137985,-1.3511356256682514,0.3453558835213693,0.07170430204982382,1.2160227875908596,0.21025863805307746,-3.6986106058970276,-3.596261934820983,2.435808203587515,5.877882651949768,2.65728141226493,0.05776158175252102,-1.5621906756512736,-0.9685346401449091,0.594709920851951,0.9235163240107993,1.27178571247783,1.4598213304246777,3.144039604376276,-0.3850551455462615,-1.0399180457760377,-1.0298095868569666,0.3195008477650155,0.4514009033672047,-0.3726758690410786,2.568309787147597,-0.4118801386374945,1.7789456462183506,0.19712818667953683,-0.9591228747866795,2.0142688624896947,0.450273313184767,0.0433406239530821,-0.06654949905447019,-3.4988838242686575,1.4496194464900773,-0.3256276520932218,1.0460979017265157,1.2105185301933288,1.0089377683687253,-1.3187468722023474,-0.5192275183778199,-0.6931864418581523,0.9016539888931596,-1.1009725905618393,-0.23478751339462056,1.6288945302143767,0.4061813964129455,0.6768341915419689,1.084471308646534,-0.15990375825653522,-0.15829245520736257,-0.19370391079310179,-0.4700103552753462,-0.8517061612103748,1.008765166592956,1.0
-3.2179175070559265,0.44326032129181303,-2.966997141837188,0.2659315408860075,-1.561259147081776,-0.14534586371897687,-1.1815454421026996,0.39800313174960156,2.09473519277275,2.081948604700687,-1.0282498922149295,-0.2103026636227513,0.7461108000400255,0.8364882253839163,1.7835648802640787,0.3314284430529463,-0.32751034409495217,-1.2126488157885111,0.38786085791914393,-0.052527165593079524,2.028988059604461,1.0014867934450549,1.1065447793755718,-0.7240100254109134,-0.2769482685197528,0.28318592069020565,0.6475193411832482,1.0163786992505992,-1.388650455197448,1.1367125436618035,1.156400992998013,2.294314287766896,-1.9275065514129144,-0.25947714186324405,0.765565377190152,1.2409943398235368,-0.6426421563003394,-0.18886976307458067,-0.23476420026555653,0.4150028293898635,-0.29051702176761035,-0.5236172136672745,-1.5501986150524436,0.4638607845455903,0.46367981317663537,0.3371038241388489,0.6610821485337361,0.4391781463796569,1.033588082316519,-0.19452261189242218,-0.42292654729375956,0.6666704633343411,-0.5414958167813259,-0.9588716363812112,0.2034090805471798,-0.18143465296781677,0.5427404350527636,-0.7689014744261836,-0.3328884147699968,3.0
-0.7786133700666531,-3.779469707071792,0.49751567934151414,1.932545939289265,1.4375667853715275,1.8555086691947271,1.6035945210431208,1.0684237459349109,-2.0850055010809205,-1.6218016362204561,-2.161122914943224,-1.1756920766919485,-4.49836289755904,-0.4748795648878165,-2.669693273895566,1.1415337022919123,-0.569698879845859,0.9301592278652516,0.675984215256103,-2.513113919078052,0.4714293019406241,2.4556651372262985,1.2493563301679487,-2.3204566993958107,3.8116333740249893,1.5439987595281137,-0.2803585531596254,1.0935870379766541,1.6772237688986178,-1.8229765821716943,0.20221586450873458,-0.30627953965173565,1.1826494787651334,-0.648007739227263,-1.418451381743906,0.6106956316947539,0.3120597633397102,-1.7349998781570106,-0.4452060156541615,-1.2108908547232453,-0.5060121137074367,-1.856875278190692,0.571349110617522,2.069639814505953,1.4919807735279655,-0.6486072318772396,-1.0017439962830232,0.543374203349836,-1.3896547755224722,-0.8932245907488282,-0.44618096059752627,-0.39864795603331343,1.4808943394972611,0.7874451196126375,-0.12498106832881066,-1.0416962401773764,0.23775184812198472,0.06477743589035566,-1.2779575460984662,3.0
-8.112202478362477,-0.909442033312233,0.6182982981720951,7.429440444650759,1.6799840523615936,-2.5523660517665467,-3.700532043834232,1.0384810537762557,-0.9217338892856537,-0.17237871644475736,2.9960530954355296,0.16518340306257207,-1.9245073988477333,0.4388154274057028,-3.2950342324040927,-1.6453026125036168,0.5730099989721266,-0.2740327512282417,-0.5429870392383703,0.7092850573506811,0.4731821737095357,-1.5070698696071911,-0.9195773078096942,1.4930546566236134,1.299490901764522,-0.8751690306219447,0.13090880144353234,0.03450505205579739,-0.2489222142864348,1.5814781678467886,0.8870823740883905,-0.6070401269099689,1.1909045808535577,-1.0614465541571108,-0.9780672149173126,0.9168035415239472,-1.1076906331335972,0.24165184733913903,0.21706348529884087,-0.4211948243888081,0.5043807979369763,-0.897663758406394,0.9132275538261982,-1.258096031275615,0.1790156962024024,-0.9613196445520671,-0.2473384382187511,0.4671757951123967,0.0557850403107866,0.0333566351932021,-0.22407853626892169,1.0523802289139346,0.34587399432195765,-0.5274130538072498,0.7391170505929829,-1.2654012060568105,-0.23326518142324296,-0.5926723988491858,0.04737990793670681,4.0
-0.39505183829142476,9.484019267268625,2.7432253100366326,-3.6388237439829427,-2.018912424472159,0.47380342825886157,-0.38804763838299106,-1.6604872466777343,-3.345085301112144,7.326700712735444,4.905871712957737,-1.2615148994920353,-2.324041324010782,-0.554123917789794,1.480282600365637,-5.4673999707983105,2.5126108441557613,-0.44003159215026433,-0.48123730864036307,-1.2851600320686758,-0.5157623434937405,-1.0168739214760347,-0.8308621235619477,-1.4924570367953676,-1.448883892330825,1.8569150613185557,-0.9958334955252757,-0.03136286531138035,-1.78443066889563,-1.1534882950001328,1.2368362710452512,1.8420632188800763,0.11706348604251482,0.9362310555879128,0.5822953737390729,1.6741997300429317,-0.27986836829320827,-1.820597251928295,-0.8943320448236983,-1.910268016982842,-0.05268572864420736,1.8366358732613122,0.5882710257073631,0.09164832249173771,-1.317728893537187,-1.826636258662746,-0.8622380464953717,0.04185314159903928,0.11686625379192743,-0.13404521721285326,-0.35449662246398345,0.7183181313330401,-1.6060230747270032,-1.8106781817462003,-0.3859676007766366,-0.17100088561971855,-0.6636734420597372,-0.18336962022247308,-0.698080381268736,5.0
-4.482252833784029,5.146395996933442,3.383858591062883,1.8456756031036887,-3.6533880577345643,-2.7407048990884926,-0.6590341024852383,-0.08646733275215002,2.1215384558086443,1.4797729577210663,-0.1848844481582608,-1.481292597171197,-1.9463832642923558,-2.8953843574617344,0.27971504391125646,2.423388217371267,0.12760653951271966,-1.182555311467166,-0.2695482393112133,0.053168169854099494,-0.147909401653833,-2.275614137313194,-1.013017387783181,1.6459063357418569,0.3363808771499621,1.6646414262105897,0.7436532978363561,-1.3229472145364818,1.8150510335323173,0.6529552698445412,-1.0120288027801432,-0.6992477478189181,-0.21247148851895456,0.6727335233220045,0.07413762275891721,-1.0392388066411162,0.0020268519581332642,1.2521444811564955,-0.4928825295735382,-1.0618305040850577,-0.8454065116045938,0.14452801719970054,0.2573341551888738,0.08805463009494163,0.7102627309946729,-0.4977033260459155,-0.09482984189347558,-0.35140951180114927,1.347045767563691,0.5310039904223179,-0.2633712740576398,-1.5834760012641935,0.4146374021747138,0.03637815699783428,0.2644138434321496,1.8648201169197804,0.3862248793459823,1.0691377383577183,-0.5929824544414894,5.0
-5.716386214814486,0.27959945949190346,3.452010590161337,-0.7088164241104835,-4.961276342697615,-2.5546110486806417,2.0721407260979054,-0.6346339184369126,-2.8796636839548206,2.9335807075859974,0.6185423638908225,0.36194455149124366,1.7307223255281126,-1.4942573448194367,3.220116830755752,3.5334298742915484,0.5327390667350259,0.25857199339201425,-0.42332302725833126,-0.44183263950037743,-0.0717616837858993,-2.4501208951022133,0.8922155604590536,1.5377648031623123,1.7706923302945643,1.1029568319000633,1.0506322562557202,1.4427238505657767,1.765316280952609,1.5979550692191182,-1.574471874942773,-0.327639865490294,-3.2310572858644444,0.7573622926766437,-0.20350955978578272,-1.0630203515683974,0.6511777154794024,1.0944342260971138,-1.0222170405325677,-0.0785899300597183,-0.3310208520051039,0.32271393950147237,-0.5492776096940009,-1.9422428408572163,-0.38404924598523243,-0.6611910600209556,0.37667350254033793,-0.16811950345150536,-0.31636502982175696,-0.3507864461213869,0.07146759532470578,0.39375473610429723,1.103786336219199,0.12489352847073822,-0.16272710847653155,0.6370258719399867,-0.3615868526272189,-0.3199325804811867,-0.08600630961068642,5.0
-2.96605757029498,-0.399899076203764,7.363445820271768,-2.9832356382964913,3.4054455296926167,1.6724587568609814,0.9312361295971464,-0.8377781321646085,-2.8740732800659905,1.707899117535562,1.366595701178315,-2.9250709675006634,-1.4364595900411987,1.5399369960058928,1.9590304556716895,-0.037333748983728834,-1.0371257763329842,0.5036720530965216,-1.773220663718865,1.0991221382404979,-1.9397443437565165,1.3786073380017703,1.200957651050684,-0.11820455489427423,0.015414840815095228,1.5697047997351363,1.3352758414450534,0.5085811754519405,1.677949471094532,0.14917664415074414,0.3252210284450907,-0.07435935654737401,0.6226057778971374,0.39548525135934826,-0.24620352434758744,0.5967997161904189,0.3833081345088589,1.1219906231668864,-1.1718837664829527,2.087018558947422,0.4139644024038306,-1.2836587721213957,-1.224330559053886,-1.3621827297990463,-0.518999974243813,-0.9502455717490998,0.9398828430523867,-0.3603769845758673,0.5221534459636377,-0.003299048098648823,-0.9058535170299619,0.3566440022341194,0.3536135213051854,0.2731645426186837,1.0026648048388747,-1.2457875688376578,0.205162963826299,1.2796416646553448,-0.13133560409936565,4.0
-1.5055572741723893,2.283840087203936,4.321783679564794,-3.9819935185864153,-4.001266774173386,-3.019336133206195,2.7228153966262343,-0.13427509429854306,-1.4132457106345957,-2.9391788630983475,0.19429780277475445,-1.3988174397048627,0.31081600598122183,0.7828500892610301,-3.6076716474154518,0.8644679785027857,-0.8820737107947704,-1.3519258251522919,-0.17766925466104755,0.8973424814375593,0.04004331655674088,0.19061496487127544,-1.710407029013226,-2.0259730246589367,-1.0922242800972135,0.26734015413515777,-0.5508026775914282,1.7941766102647514,-0.6530779918132447,1.7061270531063502,-0.05763059376642972,-1.3864745068271027,-0.4109799177889139,-0.13473705928891247,-1.4902833835256766,-0.8873361137983343,1.339514978018102,-0.005031301490040826,1.8187751799864467,-0.2180975497170185,0.8464493116522905,1.222919522972934,0.9327167788884407,-0.733032289619313,0.3962055783395254,0.9692267061140148,-0.07013718611069444,-0.04664412022667805,-1.17468033697927,0.1687274888875898,-0.41705199597689435,0.19419029906808036,-0.6821914763460734,0.5094770704190613,0.3140821173732609,-0.7264990394380152,1.1486590599800195,0.2794337085713575,-1.0043951253932573,5.0
-6.393732245950281,-0.9921918253482179,3.568579613326394,-2.044792801063317,4.70083283408391,-3.60987728073015,-2.1896676724744375,4.879415842141072,-0.7781462440921322,1.3477353645799506,-1.4129610597982194,1.7731761629772438,2.283063051784691,-2.653565005569236,2.3196819777921234,-0.27974658851869333,-1.523199272573508,-1.7932358189955577,-3.308773094421993,-0.9281527397021141,-1.9552760143595318,-0.2133343285660501,0.1872473730416765,1.099479475086287,1.3925974177507636,0.3042055496893111,-1.5238600273297762,1.6225905328305652,-1.467330548819252,1.610752070968303,-2.564908487120119,-4.219644056128367,0.6954554438924451,0.02906765304570882,0.3539990250081556,0.20266980438437157,2.548504996627911,0.8534350790340393,-0.44485886722011597,-2.5681262187122003,-0.40692933295498257,1.0870199255797648,1.529147001782154,1.1005208235473654,-0.9635249715194544,-0.5339049163722809,-1.3391765767993236,-0.8409942864173212,-1.1868069333275342,-0.6433712245063271,-0.1327786554068651,1.4138753663906893,0.5155350910938976,0.3289092677296512,-1.9201994431999991,0.6824603288852809,-0.5137253084073428,0.11488106839905916,1.2568551790749811,5.0
0.6311996503363133,-8.00608554330519,-1.5290948800262907,-3.601617190497891,-0.7955248891951852,-4.43674322237599,-2.14647312021648,3.717593745809421,-0.8729535105265785,0.20294727489322012,-1.7545091464342557,1.6093177069562212,2.555834487104208,0.809318390994893,0.7371413066758831,2.897828065972718,1.650573146435589,1.234415576136474,0.7820656563695504,0.12601335373954006,-0.30673314328181,0.5310389968736803,0.38620119826559884,0.656195297203535,-0.8416607704404453,-1.5638524240287803,-0.2857028041487986,-0.727051127249364,0.6636274896358607,-0.0744472921111063,1.0348931611830077,-0.24164558241662779,0.5974102249095768,0.11952593869967353,-0.9667716603213563,-0.5381393834897782,-1.463633751435236,0.8281666501903931,0.9491830041346332,-1.0191406928185247,-0.06672761219462499,1.3168627915867939,-1.346641851902191,-0.10719743308286322,-0.8962319327251156,-0.7302713772873547,-1.1486530876082541,0.54179946365969,-0.356050970529701,-0.0190768567862342,-0.4404715194440362,-2.02460764130929,-0.507028212506716,-0.6395475925954404,-0.8358089612371045,-0.7431019600307527,0.40301188980481095,0.9267670320360146,-0.37395167119085815,0.0
-0.01637164257125824,-7.035707944342255,2.915257661508291,1.9421668187199264,-1.0765698213690924,-0.5437219433932053,0.5637390961825882,1.5129874058461832,2.648769216223873,-2.0101759809936586,0.727941136545094,1.361283858113753,0.6341308445355457,-0.6651848069457591,-1.7381777185006915,0.12287994606679344,0.49940969027576576,-1.4800285123640078,-1.4912968318245592,-1.3048015396548083,0.17841409017971754,-0.7436632910625594,0.3802310818894484,-1.4217023202557522,-1.491645579194128,-2.4700333110045394,-0.012065415024252197,1.1884207709912715,-0.3774054326724697,0.6042398618044724,-0.031275042411038734,0.15700810996673323,-0.5310899515459739,0.29532968059632553,-0.2078819506206073,0.9123054545819836,0.3901266179407248,-0.7093858262228077,-0.7849319919340642,0.017230289886358968,-0.13151316587408415,-0.6547922054769486,-0.8475810669048247,-0.0051052858217467256,-0.4124777462269231,0.33259853246400917,-0.4504371723474144,0.19137928665903287,-0.2744539111192073,0.29931319986987776,0.5276783589565914,0.727843762964069,-0.01870132467302219,-0.8883266957073929,0.49799375045708455,0.7400990598089725,-0.17180204870196772,0.5067341585223133,-0.37788149897748774,5.0
4.6853843948910665,0.7204023643658916,1.8489009643436156,-2.7341236690182558,-0.04841263346578419,1.5982752378070337,-1.988362823227989,0.36112961005414457,2.5990652950823,-1.3023543651498128,-1.4660559169320828,0.2621441965182664,-1.3857574149294007,0.6580247034994141,0.8998623780897643,-0.9209225404803787,0.12429230171803979,-0.5937057757361754,0.8820007639149947,0.11978710751034279,-1.0565918598614852,-0.33653422581073444,-1.099708855667237,0.49018047275187293,1.0044140236403312,0.018583503142878096,0.030261507880376855,1.1461272569576293,-0.9385089375909113,1.7792538982953785,1.3220160299134498,0.39239076868664674,1.0689156728098301,-0.3358681476177109,0.3644933277590787,-0.9672354636431768,0.35702819185892215,-0.3086973015250276,-0.17380832979689165,0.2403427208074548,-0.42319659554403,0.2962082602091943,0.13313893831793966,-0.07406282349193163,-0.9776301853275905,0.3062539622496593,-0.10227859617122365,0.00848870327658058,0.43159175358511426,1.4366044027069698,0.6642258031308487,-0.5965092045011875,-0.4974076689168887,0.16437834103628554,0.4626204394661118,0.6930199678904283,-0.021132079038599136,0.37993614650142454,-0.4561678596629462,3.0
-4.467596000377344,4.79423752458801,3.514705939903913,0.49221055996441454,-3.9245373013085123,-3.273348677103282,2.8425133937751443,-0.10637447247297127,0.5711600257215601,6.5231954645276575,1.503931066560038,0.075906262239163,-0.4129800615926954,1.252568855722155,1.1617701600916372,3.4264823394253674,0.9436957838002288,-0.6833813469959912,0.4793874264504728,-3.28515489334634,-1.7302375491506987,0.5815813561261824,2.629849995972174,0.7615441328028479,1.2107753790315752,-2.1855074114734,0.8674058578112702,1.2018309763524795,0.9819592732876504,-1.9444493111533572,-0.6775308440141378,-1.2644204526114355,-0.7697853380936447,0.5204041058640497,-2.437331746472592,-1.573845200065602,-0.33672876799179596,-1.9788658021667815,0.6943828996890126,2.548151014558694,0.21669628322402437,-0.4737179573358134,-0.13435074815564002,0.9401833478643735,0.7495706564535661,0.5755203982200189,0.3508668728579572,-0.6602054302069321,1.0314022000541554,-0.012219730518039347,-0.04857436519942753,0.913703638129329,0.5174627602748821,1.0465598828352713,0.2306976721109848,0.30318883507787814,-0.09885885320891397,-0.6734643835543596,-0.7055934389517131,4.0
7.412557219647317,-5.405941817904843,-1.0124161760409258,-0.02977468352534649,3.2170626414082566,-0.8858841291406829,0.8582343175982975,-0.08173161148921244,-0.7761228954382449,0.4501770729138449,-1.7038639858027715,1.9595451373872572,1.0562193151633148,-1.8725243872821102,1.4082646869314404,-0.6274628306752729,0.4822572341123122,0.9431549170462438,1.2652438627694653,0.9665931857319235,0.0732747627971135,0.46345594728819983,1.317398649971496,0.4918815534052289,-1.2539609230955497,-0.01288115650580587,1.1573311582509136,-0.41876687207891844,0.38245753289611395,-1.5972582971622242,-0.1295126050970633,-0.7972944429609795,-0.8985446864004345,0.9036311700005325,-0.8116367248533624,-0.1713900920501514,-0.1388454195751389,1.1847059513230864,0.15983487300616422,-0.6114333107161873,-1.0292089817957504,0.5375549953332885,0.8178134702615756,1.4808878716562368,-1.113790064568052,0.2774273466750904,0.27093755776415734,-0.13247344970536692,-0.4500646871625555,0.2572771787135588,0.6370609429134875,0.7366842976972007,-0.15346490420259515,-0.2778795477746728,1.5317638596980307,-0.1309283057222295,0.8442809960979392,-0.5443080047233573,-0.3519866409597271,0.0
-4.050715742374086,1.584861601899276,-0.8857753600724256,0.6541983908977096,-2.8222808193821667,-0.2361295360847802,-0.029479288050294906,3.3780866455452085,-3.009980908001539,-2.309907686263004,1.0906030677231375,1.7141611068856328,2.3147182959717045,2.298525217079159,2.225658857587207,-2.348328973904962,-1.1237882164499968,-0.37338191448554103,1.0104050656675205,2.028280193155469,0.07690868676158255,0.2179813054790908,1.7915751340185189,1.6705830324461046,-0.24063069669955428,-0.29011687609183057,-1.0352874197218402,-0.39392330633548733,-0.5073322636847443,-0.9387307945432782,-2.1241048739587898,0.0685129086789051,-1.1183325280169392,-0.037438817075525294,-0.2549356846988797,-0.31321530797506364,-0.3853122239749434,-1.026803152856775,-0.7099143862117202,0.43323712759468375,0.39262266361782316,1.2968726430864712,-0.10100210630649638,0.8229705549348998,-1.0831335041597092,-0.3609591778643883,0.5739922544897162,-0.4941101709347843,-0.9621315416086457,0.8223576225700439,0.3340792545352613,0.8231856495956243,0.1015163070743788,-0.003820944074978814,0.07665465649547783,-0.5566566691647477,0.743690837044115,-0.9500015172600371,-0.19346492234630544,5.0
-3.935813721540413,-3.55668169668356,4.184677143826718,4.098787259803403,-1.3170133908467847,0.7595739384476545,-2.5839497409953767,-2.086045846380431,0.2353464574238079,0.22796737402768164,0.6961761991396688,-1.0624445241514697,-0.06819145404302326,-0.6052217575797884,-1.8139019605546718,0.3074714651666906,-0.012910913947650334,-0.9389513186101709,-1.2764725002163988,1.4499544373664541,-1.0450904969596204,-1.2312469707688667,-2.7291523209799626,0.9509763582414557,-1.0689713935938012,-0.33778672107331453,-1.9335332632774511,-0.13878893281983357,0.8003093605839772,-0.3387269079317757,-0.600485440582559,-0.13518922282709772,-0.9540846477380447,-0.3571011133708767,0.4664029025170235,0.2939782398796069,1.6702610363839026,-0.2713663938878917,1.4471672094996697,1.921327298933295,0.7239990366764213,0.939313238375568,-0.03941237632699759,0.8190038264239367,0.7250003519674657,0.05834092429145502,-0.10925990697125688,0.11382490651846927,0.04937806805473593,0.2511289290790499,-0.21232368807946564,0.4922769552156458,-0.024670007344833197,0.4218540788290432,-0.2036620685629982,-0.7332999838951426,1.6099812867621373,-0.5518962505318885,-0.43043961800540465,3.0
-8.001123666744942,-2.2655880317632637,-0.6955804774975153,1.7535483285064157,3.8106969021003536,1.0390245306933779,1.1081800055205486,0.8588392220211821,-2.065120171098213,0.8771767344765427,-0.8509624886725813,-0.7550388951057094,-0.19990061486189029,-1.0708989851936255,-0.17500617221967185,0.8261593930437975,0.7597171508682189,2.019490652266793,-0.5348532602148515,-1.0651947732694402,0.906345361742659,-1.739149051038203,0.6962603533307853,-0.2972819434463546,0.8903331761982389,2.192259745905398,0.5420196931494222,1.1655027326832523,0.10259619124309813,-0.7499874867323529,-0.09321701538764647,1.798903680581665,-0.22979212585955,1.455459933957489,-0.7995265703569088,-0.3469268348521777,-1.1073819457158125,-0.22388854517117107,1.1596938161787156,-1.3181354753775691,0.01903779147210699,-0.34983621801181186,-0.4314773896107857,0.8549050181286285,0.7269682119732217,-0.46934136072199373,0.3022840124711351,0.28162532811688595,0.04107636562754332,0.733955836069544,-0.3782983398174583,0.4283070292549364,0.8330010334350174,-1.3314006935527596,-0.30397287476357193,0.14914257629325275,0.423656565516534,0.5292059818258665,0.28297119531305637,5.0
-0.5926014116796489,0.705638026077702,-0.1439797149647387,0.2155638976140746,2.556121199625717,3.982763738133118,-3.3846283849158993,1.0404445524612793,1.1446980916502223,3.212586126832182,1.5968055192611474,2.822477626014415,-0.22405512499140812,2.8138407804867662,0.9496049871497251,-0.8857409068036809,-0.10396879696129065,-0.395987595897724,-0.728989472582585,-0.8470596606472856,-0.48801765156447524,0.8097711055307402,0.2819965646925367,0.18414561842282468,0.02820423507267362,0.25160607148623415,-0.09777650754014454,-1.3238300493947208,-2.282355205321808,-0.9272075569767633,1.299926764329084,1.4530580572479594,-0.5781634332613791,0.20187483771359976,0.42280911271933014,0.49087091337541006,-0.2202247298944223,0.4583062951713348,-0.5573577752519548,-0.782315640594655,0.647094827606082,-0.36335436791691805,0.5406998841017597,-1.2085345881839058,0.10016261886614403,0.1937372912061716,-0.16198346621542833,0.7279977164015242,0.22943597949580752,0.4541645334524694,1.6162488099530046,-0.6543398867700906,-0.08884552712712863,-0.15780157835091926,1.0036989060074388,-0.5982218867656819,-0.03895907797496253,0.2561472472656146,-0.374906627583237,1.0
-5.277814362747517,-2.8738474091261765,-1.163100216150882,1.2484020980231432,0.7607210705598256,-0.15786196898357197,1.8855352177325269,0.924863687179573,0.7030725816697825,-0.7322345849191083,-1.729614324786967,0.09162701855467736,-0.34962501367256227,-2.0620019520466433,0.3495195159404043,1.220860142101798,-0.8831335606434889,0.2795475375643122,0.5711509621589995,-1.2158675996154706,-0.1817816298355366,-0.40169342299422567,-1.7269135577877948,-0.28289427321628785,-0.41180829146190345,0.5246050955651201,2.56734481855238,1.3466930129183963,2.2939902137827968,1.4005733897104362,-1.394952357081643,1.6909123523781933,0.6918501072663503,-0.40938705693565186,-0.7269906464749778,1.1063879703451815,-0.22166525013330762,-0.006933964283629219,0.23455677674682826,-0.44977582563092355,0.8029532893178233,-0.9726554111058872,-0.14048013973320572,1.2448862146323652,0.45840299490080694,0.8457475764572958,0.41215854557988774,-0.06649796333216412,0.03574642837167884,0.1733707930858757,0.719851041631152,1.0058297189591796,0.9993297021053484,1.2389331949184808,0.26140468400798883,0.07594815982361365,-0.033230162217504175,0.030365187745880883,-0.06476029145031043,5.0
7.4746613912604225,-2.4198571191091633,-4.183265809808827,0.978656185686647,4.3985784383939395,-2.947954270736697,-1.3397710707292385,-1.4869305113501434,0.23646107847953315,0.24514918761278404,1.6185617879488001,0.11550344018513609,0.8962608422198262,0.42628165008797053,0.9126019154350243,0.9814169459678783,-0.5556835047358647,-1.4721392804787052,-0.3390259470428343,-2.3169032364364828,-0.10997068533160842,1.6751561145766682,0.44452896668821384,1.3585157450598253,-0.5238048296495045,-0.845914396888692,0.35103692528774416,-1.0423734776648137,0.02566042865970355,0.2769695033614746,-0.5935401930168103,-0.38506178257342183,0.10748731418648426,-0.9100975454848242,-0.9564970766498816,0.2967490476517059,0.897641081422867,0.9007564210170138,0.13381156610030237,-0.6382684140813777,-0.11384045987567587,0.45955607437085577,-0.10087458066942473,0.15812535570624586,0.48644521955174597,-0.43633619441357097,0.1348216727575974,0.6365352071594006,0.7957955994325042,-0.026133833463930112,0.33113452093048706,-0.724447548952336,0.3651735009109829,0.4025379518025167,0.6460983343208293,-0.008569664864618678,-0.1651069838638697,-0.6442065016679674,0.042843729267888896,2.0
6.434251730170199,-4.198378160396682,0.12107300238414123,1.5356587344577166,0.9896568056027695,0.16079141648651563,-0.24486818228439983,-0.4177638169264697,1.1721513254861773,-0.32905501249883234,-1.4319771485681416,1.0003975828481757,-0.7377662332554805,-0.08505096835647172,0.5540860298348228,-0.89752608983639,-0.7863021874804759,-1.606532880798049,-0.40846636931803776,-1.8020502624314358,-1.1683561094578256,0.5682338762539488,-0.9960935274925342,0.7136230193920797,0.01485530673304328,0.060397101208832946,0.6204071732871645,0.3485255422873723,-1.2273606021087307,-1.7849215628868467,-0.19653126844071606,0.36140110147192156,0.2337727793664163,-0.01940801357071034,0.22155354623057372,-0.7314575806714808,-0.6118938276871935,0.33828504025624484,0.4618083704592454,0.8672877228043525,-0.8403703359418006,-0.258151921349925,-0.8254151652032258,-0.944230752318687,-0.661465966613796,-0.2737497545826875,0.6570414367312613,-0.07634541744436626,-0.07417390646913471,-0.06970143733612008,-0.176556951653637,-0.6937310418301272,0.24945266090665175,-0.9991120778855956,-0.30498658391106387,-0.31304666533115316,-0.06391458252433443,0.05189783981611937,-0.23126944334300512,2.0
-3.114446835462698,-1.478947299295456,-0.8052550588358259,1.7318369035532444,-5.046759713669852,-1.6634620580165371,-1.6188181953364533,-0.20064831078236234,2.298909342461514,-5.00407735458448,0.583485147421781,0.3906457511880013,0.8467365329231997,2.672152197377564,0.2726383369911434,1.4359075871270486,2.0338173630352907,-2.1887398811557106,0.22594269862532024,-0.5191900708497751,-0.6450025848117927,0.6058234546010096,-1.708329309849425,0.23526210799989733,0.7985037995458091,-0.9195596870062442,0.45373280063991484,-1.6026656859694937,-1.2174914531623946,0.2744172246987028,0.7170445304601726,1.4184169550504135,0.1640067891524937,0.4675597138759372,-0.5093988555768987,0.669261856292009,0.08243927852371409,-0.1950713471125971,0.5946297151947616,-0.0332196298736876,0.6693782526509175,-0.12502867342327967,0.0862415929204031,0.932894602381922,1.331864906582328,0.3400582096725579,0.38446996672953404,-0.0713403438059013,-0.19585499386740216,-0.18084980441990892,-0.47441943049242036,-0.11520701582086684,-0.4775886857213799,-0.4994416775933034,-0.49146936174914274,0.6717786208198612,0.5802522927020046,-0.11205151986084554,0.05229573920122579,2.0
-2.192360007235003,-2.2204581238703507,5.700946556706055,1.785457820590814,-5.853449320932425,-0.9475996421710395,-1.073613642057619,-2.227616074967932,-2.033840186496248,3.525405650461566,2.0079231185532094,-0.7236332708025285,-2.977682471934419,0.6085875128189897,0.050070542458881255,4.784855042694815,-0.11223343843266327,-2.9456321630921893,0.5150854811418517,1.4143078622188145,2.4538116151096196,0.08793870554171135,0.4261428508958482,0.6346727006161172,-1.4227791104615666,2.9461678562054354,-0.031119956768312893,-0.2523953595299928,-0.0346304751491692,0.11822845162569964,-1.0115766740220102,0.1337342394384407,-0.9356806719020002,0.8152238169824757,-0.2998024219224003,0.15449817821180176,0.09301018639200129,-0.24158989346922688,-0.5169547269645197,-0.052322443395364474,-0.55603095883605,-0.43690083073140495,1.423389433112121,0.6677580840769347,-1.472708138461501,0.576796313387521,0.6571042308978153,-1.164640654343356,1.7335872122742468,0.6577334314979812,-0.4925232291907114,0.07743569546211623,-0.059260554322541584,-0.34353164593094604,-0.2683104118778358,-0.37136186541416455,-0.2625521927687162,-0.9877262286812633,-0.7638931533277845,5.0
3.5174768114776,6.123733921163003,-0.7719286579422543,2.2167398837059307,-1.4300152448015861,0.6073693398098045,-3.4981376976675627,-0.06469016480627757,3.7892399163736705,0.03886654160709905,-1.8852023590651235,-4.3650013253500735,-2.998492482397802,-1.4737016077279588,2.8374090705120243,-0.020794860171092788,3.0717287578030326,0.12857216629192045,0.32388038187661833,-1.4767410631652256,-0.5267378222799799,-2.069270419921266,0.6697015560525262,-1.0792659321369986,0.6265200188547054,1.7510213659928067,2.206978508675197,0.8631972223064298,0.403963388160564,1.0630048411769957,0.40281169042977516,-0.2223783353163311,0.28069734137261665,0.32668889205064977,0.5533801596985884,1.3231768293047785,-0.5129975716235682,-0.12176937769604218,0.7002588337207168,0.1079064341467598,-0.7814470302376653,-1.19248672592884,-0.7323471079184133,1.215753329859114,-2.204420568033017,-0.8562643729975049,0.1664711320216952,-1.0858992351015082,-0.0707222341498519,-0.2720229743626921,-0.300159121395661,-0.4511550456516524,-0.07900663484123684,-0.9850871822749118,0.4165912508415293,-0.9508533335973898,-0.3978230166883578,-0.7934609489456542,0.9449832855196506,2.0
3.4251710699757703,4.970243464199968,-1.263684665866804,-0.6294076415376129,0.25294215636755907,3.228610465125331,-2.488790105901068,1.2839345023559292,3.132823711091988,-3.279078790403959,-0.11894824599499272,-1.5350954864137758,-0.5413246751504067,1.0980666511201398,1.3556303071915634,-0.44805694065797047,-0.031076996723456395,-0.37173253774060544,0.9222917165931594,-1.9838028732530912,0.6958496541247947,-0.043734670746109996,-1.3509842256934907,0.7162117101821086,0.5106111629428859,1.9257656939804946,-0.6712729490225916,1.0255508892205907,0.34504036717111497,0.6870910005263531,0.07778958638728842,0.5173224073500046,0.82024049161863,-0.43844762316881114,0.11871675433740492,0.47721459938790484,0.09722860181361476,-1.2852131974860495,-0.24401377537875554,0.559378661873177,-0.09273764864852395,0.03925757319976617,-0.23705375514777052,0.6298080476501101,-1.4566241285948947,0.7209687795493589,-0.9386998694990005,1.0143045128028962,-0.4256407847348824,0.7715099007203982,0.19118222136087457,0.06624630695316765,0.34497517715399545,-0.5846048567509956,1.1438763549682658,0.5219601795198758,0.741503758611325,-1.1999952793586823,0.6161892317482639,2.0
5.14280245638299,-1.9288939383142076,0.5870184364733899,1.3252388198125635,4.588649312632853,-2.2149353304319925,-0.6705151155140123,2.6224680319091926,1.771640702999539,-1.1808165584539478,-1.762785505156938,-0.07085550800916943,-0.5453453868199893,-0.7436638813731342,-0.6900249923449566,-0.5535564226824347,-1.1095655603389483,-1.511858056465075,0.26538846831879925,0.3478102742828068,0.37051671318527707,0.31526779272460653,0.5841722235264953,1.4013214582099356,-1.6753181887831445,2.2190062277442255,-0.41438084187527313,0.2059288267350127,0.5085386186474077,1.2767206869282772,-1.248194936505728,0.28612307324729225,0.5984939183180986,-0.5183155761989631,0.1289763957287752,0.4005358107973783,-0.29422699992163615,0.34650162778135574,-0.950184659321609,-0.6893920787719029,-0.6536358533142599,0.34430571935140064,-0.0621535575860494,-1.5394080446541447,-0.23458936664431798,-0.40081061515430305,-1.344873079270772,0.28237565147530014,-0.2950174353582705,0.7062402836913926,1.104993414581537,-0.06303680815605865,0.1339830690842558,-0.04298625064586701,-0.10341382686986894,0.6555760945289726,-0.7166951630407872,0.6341880287137492,-0.3739194172402534,3.0
-4.134808261268177,0.3780632038906456,-0.22224871012911834,0.25288303029305265,2.0670213794419365,-2.2420434653429733,-0.2073988818768047,3.0584251459001095,1.6517752203016465,-1.543693856210608,1.8390412092415307,0.7140436080628438,0.0033751117817367284,1.8057751402625573,-1.7044987439687427,-0.408181789279982,-2.1502083566289327,0.26923778144650273,5.183064208490271,0.20517680711098354,0.8181345284031472,-1.045670916342885,0.6158441349118847,0.8129974720409548,-3.345056637723322,0.5751972862128929,1.2541738571311576,-1.836014124484189,2.6094861775574127,0.6769671739799576,-3.3823845313146963,1.7537983603025775,1.4831214650579632,1.9228940009859652,1.6012526049880509,0.9139185297125791,-1.3717892214673284,-1.015113664596568,-0.3465859455970655,-1.1817896969952955,0.1647319872904927,-1.1381229362157008,1.127587266608651,0.919140925658655,-0.8183387764890041,2.1257649271625207,1.1226581997437053,-0.2019928604512396,2.0667982555207236,-2.307008791739933,-0.5113358904785846,-0.315371869255437,-0.19674540596387,-1.2218271641846195,0.9819106129466743,-1.7759695906983977,-0.6487470761870548,-0.42979494832059917,2.1254071547843196,4.0
1.1049334527504033,-4.137350103609429,-4.032064453525256,0.4851293415903486,3.220957886281132,-3.896807012178517,2.245469900139927,2.6271846462140935,-0.7038908222038405,0.6742894231766676,-1.7360593887564364,2.724069975819257,0.21922556624317072,-1.16032756060349,2.169917993204764,1.0243236090404064,2.639617303779698,-0.9286380110839362,0.24536030494642003,1.0280573795672965,0.3875234397473751,-0.8017402986291605,0.8704197461699881,-0.06864189655699676,-0.8435040990187014,-0.9415441463349757,1.0421847349069173,-0.9168442456039908,0.9008891575991674,-1.285071060867977,1.868225366687906,-0.13707396014708062,-0.3708547102981188,1.0192385820629837,0.507619361512721,-0.25851713556668504,-0.3083688275366039,0.1575180951371027,0.23022652643627994,-0.7651997095532395,-0.42134956770872417,0.3951375825658938,0.3962801843535899,0.971720109247147,-0.3547698005157784,-1.1090318840978182,-0.09299624103166139,1.6486695289711413,0.6953916989515663,-0.08739103165767104,1.8580504360231962,-1.5380901531130222,-0.11142050601224156,0.2975173679699053,0.08597784364515895,0.535329351386773,-0.23152971945812006,0.04667891658427557,0.1517633510452635,4.0
-1.4523074910986495,9.667444650405287,1.2010998986906727,-2.807644521260849,-1.1541011782824178,-1.7156993699280882,0.9324478965435171,-2.439967332121906,-2.633040403316751,1.2297770943801651,0.10708190835061927,0.1110290515101349,2.2030033364724524,-0.7235283908245793,-3.54822301382464,-1.009185572326958,-1.09828158166082,0.253985739249819,0.7590822128972036,-1.131801497981,1.1392539772494277,-1.356328393849292,0.21264749571904062,-0.8751567837396805,1.300586870946204,-0.6096386270699676,-1.0153302850263521,1.6416093167147139,-1.9260799558205997,-1.817394948963508,1.3347931686459884,2.001557443965896,1.6374236466565752,1.8193133267663424,-0.6563156611822952,-0.6741022351357457,-0.9088168177087047,-1.5192152841467332,-0.2620292744539656,-2.0383517713749337,-0.5384838203684847,0.8395457684549229,-0.18919143495069077,-0.07684350855563982,-0.05558657428882335,1.328014272833222,0.39203397736529744,-0.23230143715203463,-1.2347180722225872,0.8097195624040541,-1.1348293747124185,0.261219694662058,-0.1043654599476165,0.16105614585426195,-1.3736938232702913,0.8157701128925566,0.6420309818260828,-0.017806409542075047,-0.017348982712892935,3.0
-0.7266850879928797,0.9779908283313911,-2.7471131475573256,-0.7524804418679073,1.4046112160750241,-0.13768565014299197,5.149658948524537,-0.5153995963890691,0.5276630897752274,-3.0969590873269572,-0.4903283928107333,-3.0456147853424924,-1.9569473454677122,1.0517940122728227,1.7567116577056454,0.982145023171258,0.38717553707422475,-0.5315676832460343,-1.538051177713045,-1.1707339660715743,0.91822375174323,2.069291912639549,2.254482069377862,-2.370516578911589,-2.7041306434865433,1.3245917568282386,0.08754052366317303,1.6973267065168487,0.31577720186970076,1.9613933846822023,-1.2695569010295187,0.61938875522023,-1.4587581492872996,0.0556085735419401,-2.282428634201929,-0.1894121993522102,-0.4410226553390002,-0.3999893931756218,1.06985249670749,-0.9001694140740137,-1.4109499107901669,-1.5257237990973742,1.141412667424289,-0.8312910149355883,-0.2715697526030659,1.093686092849529,0.8230444239656196,-0.050582100990903885,0.363562850889327,-0.7228121715770932,0.3632329932975459,0.03222885860037781,-0.07991836504309757,-1.3458955533627512,-0.052636782203923704,1.712878422618635,0.9531199035423132,-0.6933347082789386,-0.7408230748859364,4.0
-3.8720129432115424,-1.5173528147926532,2.3825004001617125,-2.051057472552322,1.006278531845836,1.7698395526673534,3.1391197449580717,-2.535663802879029,-0.8702955663656481,-1.116144391186315,1.5584380956293713,-0.42892852066374837,-2.8091475945725857,-0.8535580319420971,-1.3125833527031852,0.9001076508822673,-0.7385802143053413,-1.432694381297158,0.8625160136465424,-0.3616415562394657,0.49399715664927357,0.5802485449477459,-1.1208300815268384,-0.1017473891800648,1.0967891005556603,0.15666261105055904,2.482029435783133,1.088722558289919,0.058660523384301326,-0.45812948466579906,-0.005237435615965046,0.45388566085432286,-0.3439471089466202,-0.5206981856702867,-1.0460017226205325,-2.1762697609091792,0.13751663377797238,0.110232208705473,1.1190201215578415,-0.9143962080730323,0.5622352976263967,1.4106783338681774,-1.3866433529376414,0.43052153368167756,-0.7388951243879716,-0.43655612512874986,0.5377964354400728,0.024800440320347495,0.6934421249980233,0.9906163930092717,0.7072950466468685,1.5045329364566364,-1.6142749608186335,-1.1613324246490357,-0.04474640755519876,-0.9885461867920762,-0.740593734160218,0.0597742973372957,0.39275201016001615,5.0
-2.8614362052186326,-3.765013550334086,2.637665122798258,0.09162846650970462,-2.0463643992809817,2.2413489422215433,3.27951428551592,-2.9653646970686505,-0.03655272288060408,1.6927063137964036,-1.1815922989475864,0.07303160032516959,-1.0307489432350814,-0.11141317335023534,0.15005136276687892,0.8401862041609192,-3.7802445832217537,0.007038022835183985,0.9234467808375052,0.8290430949483383,-0.21442079456072496,-0.08815353047963377,1.2410764068412026,0.8919966543972493,-1.662762776077854,1.7444599205531828,-0.09710788228702948,0.1288358837850254,0.07130659654787558,-0.6791268871433203,0.11584175571306429,1.314411706049744,0.4824454899925605,0.07024524948593246,0.667568704350305,-0.4036750478991497,-0.8616063960257624,-0.014331071300547261,1.4381311851714542,0.5705527191385941,-0.8407247335987383,0.24391746121309757,-1.4222970057612665,-0.6415216551135448,0.49379570661393435,0.16655862321923257,0.47998073189224194,-0.6169630158882177,-0.6134841577482247,-0.11057058163441252,0.6218427189321147,1.2382600637363206,0.26714965742941005,0.7682820336979028,-0.12806343116576177,-1.149392135502383,0.1078154053056656,-0.5621395785444274,-0.12812953077608855,4.0
5.958962593192193,1.422479157497786,1.5231628569466347,2.152800443486854,3.4148217113038135,-3.2651638762949675,-3.508327471441111,0.07769045545695401,5.390979853001349,-2.777932094968446,2.040597145073257,-5.004382504501879,2.1938129965449473,-1.083019653884358,-3.7333959587251697,0.10982881143458248,-0.17123598288017328,0.12286736696830065,0.9036816597411498,-2.2943261232684753,0.28900182084417086,-2.6364013587189215,-0.4230359326331575,0.19518913651482372,-1.127841019821466,1.3197472111095232,-0.5310528077901008,-0.08305923854166887,0.9069286707904773,0.9947701251381116,1.4011054317431073,-2.874309121988827,-1.683609818191555,1.664767488619031,-3.490039390643324,1.1471879595380732,0.21103961788994038,0.3142762136526221,0.7170945985531008,0.3726649774985566,-0.09040244483438264,1.456989816851779,-1.096833806195204,-0.13380573825065986,-0.07250137605416536,-1.571440623906045,-0.9348581603823138,-0.10690604812247706,-1.326522720646516,-0.9529736495547081,0.16870274019670292,0.8130792938405428,-0.23171577245979796,0.9640790291979349,0.5040809536181208,-1.106643847350116,0.47493991627254073,0.05644335649728778,-0.10807320192294856,2.0
2.4699198302672554,0.843597009147989,0.6514015071025868,-2.130559129645322,-0.6255637571400418,1.1645499184801744,-1.9244788624844091,-0.7502318250947253,0.7546146765783861,-2.075588489581257,-1.2432612829967418,0.9761912332998297,-0.6465501280189568,2.256030470343262,-1.191952074474554,1.9007859152505764,-0.39626581724229437,-1.3423589275736316,0.18045112625749246,1.3421196725901268,0.33642251381532434,0.6694399649443694,1.1810561675556406,0.38611937001216534,0.9940940420981837,0.9371133946362572,-0.6044297724154595,0.8622009805047139,-1.0319393527019765,-1.147222536701681,-1.602268458408877,0.40209123161478916,0.3971024136097708,-0.08428108978552623,0.42949336821923945,0.696029644665733,-0.6307250744811047,-0.5517501438181976,0.5934956485240619,0.05899108685760721,-0.3482002575156165,0.3814724719725346,-0.8601812495698021,-0.40109849454353325,-0.2355702164081872,-0.5538969940642757,-0.11532123012610426,-0.42401178980310295,0.7438330610791669,0.4916955439384663,0.48709012116971157,0.09266813234420195,-0.5000937324311265,-0.7144603581659935,-0.07126411208471053,0.4812294857471073,-0.44053407731673505,0.05396910686724029,0.6444573021123662,2.0
-3.16874923901832,0.163383011219795,-0.3636988560473638,0.5556713231510756,-1.1878727998300016,2.290282863767117,-0.12079831080977851,-1.665740283403982,1.5557338512765995,1.13742345784664,1.2016511984449771,1.399586782068547,-1.5914828558992957,-1.3390166827847574,1.4794468190756331,-0.9526709419462044,2.4289359462808973,-0.023154986285068773,-1.4402217241712736,0.8791190979386788,1.53146742220365,0.01208524518804455,-1.3215719922856404,-0.8464118508983643,-1.3061465935380172,-2.4093432068758065,0.1783787466549036,-0.5392623536191016,2.047938232691365,-0.18782689089550897,-0.43552429926159325,0.04450146290012256,-0.4251231323126809,-0.43796057295375523,0.1318929245336514,-0.29626882745022937,-0.21734914406256856,0.70722754263966,-0.05037026112144033,0.5592492145483923,0.13184230316282752,1.0601925455380699,-0.21907070548409532,0.258686611228479,0.6760161973926876,-0.576818135096727,-0.7754364084584052,-0.9820162805411818,0.3150702185588625,-0.23905018449598153,-0.021485582887237852,0.2991262231443498,-0.13902798860879592,0.2234152045399664,0.2695163055356428,-0.011495891439753984,-0.43055363520919426,-0.1492358227811237,0.2248445546428635,1.0
-2.3337356609905564,4.966666766104522,0.4486317934742675,-1.6859303093633604,3.0836664065045234,0.8172183321641591,1.5722846746612082,5.311799527481172,-1.5208696272857178,-0.9677395374460227,3.780351512648254,1.8988665039215247,-0.833436064801937,-2.3795121910539487,-1.181157446158532,2.6626332003953683,0.3921531393761914,-0.22884662726237784,-2.0274246070100856,-0.9630913587968706,-1.1773497771983035,2.6964163902008997,-1.2098034105081887,0.4331901227777225,0.7763468912959371,-1.359767061640455,1.9462053019770036,0.3377953963883036,0.9324660112146912,-0.18558371008668778,-0.17605212973850046,-1.3455069825095556,1.1423853319288315,-0.7578822788705837,1.1213202283516224,1.725559742744491,1.0367290432706502,-0.8881621967865303,0.7844479323315834,0.36297050584541135,0.45670617611977987,0.032466424587049424,-1.4614900797516674,-1.3474856140419007,0.006620678938786834,0.1229577223653895,0.23950067303844816,-0.13192775997413142,-1.206140548293999,-0.3888837040901564,0.8018585547852712,-0.3569819530977192,-0.6865409973587157,0.22939653520693976,0.4528505129986188,-0.5648282817706481,-0.45326369146070467,-1.0714549247696175,-0.6624633206435535,5.0
-2.9317356292759125,1.5342986718621663,8.054354528246673,2.6399924073107526,-0.25456817154051425,-4.626660503859863,-1.1961464732266427,1.7133727576327251,-1.0127466957993747,4.561164146920335,0.018353484374665212,1.3543233424875494,0.16646679881657495,0.025679151816307987,3.4340391746469505,3.7307738414548646,0.7030669823152297,0.6008020718019161,2.0983215123534116,-1.0256012732770459,0.7594618486523038,-0.06755667494637431,0.8831344122514462,0.7872634841786523,-0.955693956364915,1.251531643979436,-0.7241600147364924,-0.7133034941720301,2.0954482415400624,-1.8389560642600604,-0.20861214941418108,-0.6188648193543416,-0.4387009440236215,-0.19606044728238656,-0.0496029342672454,0.18878186387756726,1.252058762563422,-2.4616662145270483,-1.0245743706088501,-0.40208794475980875,0.499469102010158,-1.2791058119107936,-0.10820616020417258,0.9997936249249536,0.5743119335400387,-0.5323450834628579,0.5032342208003464,-0.3514628591389659,0.9602546997489074,-0.03591048833685001,-1.4984118153599661,0.36146736244870703,-0.9743018634944158,-0.5366062268737117,0.3832195641620009,-0.6123961986167037,-0.6190016789671431,-0.8626648423275731,-0.6476426648805915,3.0
0.6267902364356127,4.916356033755645,4.1341529238184505,-0.3648109490870835,1.0102122675973997,-1.355001778000822,2.085327427667236,-0.6608791149839129,-1.4059179662206924,-2.7191947030726373,0.8923323982295035,2.6971744647275044,1.005051948465932,0.686754845189614,-1.4643801654262871,-0.6843580287431721,0.7781052125794956,2.0930533166049083,0.39978170672301366,-0.5988740644996345,0.401841724596588,-0.13007132311352854,0.5078618679363889,-0.9257612158567994,-1.4830547899592823,1.2596397026324422,1.7114988157575515,0.6408794454719451,-2.833292689291526,-0.014830092190782677,-1.9348709287260484,-2.061567939801776,-0.612410193142993,0.3921908672220429,0.39168764215079926,1.524060701256538,1.2848058259710142,0.4251106365264818,0.4348307725957528,0.04472994719572867,-0.23981158610858647,1.4754052096149823,-0.9162063956803036,-1.7834913689661847,1.1518906931455746,0.5199743191630706,-0.08099363401331497,0.18227932393994795,-0.010204300290237132,0.23923044304322227,-0.31273354473138004,-0.2997844381692729,0.1893662402300879,-0.7621058809992961,-0.25165224207550374,-0.4054197116008484,0.28467992338055037,0.40192906820929486,-1.3462554874125325,3.0
4.797958965475721,8.058186303827089,-1.9711338638880604,-2.787050376340709,2.6821271421386284,-0.2832780045013045,-1.766555725941785,-0.05019760304888337,-0.4522229390873806,-0.28686858521468306,-0.11590934915108306,1.7582271791014716,-0.1614565974651805,-0.7173113263881175,-1.5116116933386252,-0.6703745383664756,0.162652216361622,-1.2130863858874343,0.12985405726650423,0.46446658367757715,-1.4688756673705294,0.02117185628588274,-2.2921131742003507,0.3441785037869801,0.9150424979998166,-0.1690526896204355,-0.8253844415996264,-1.6447702239485575,0.8018531198352457,2.5440567015808124,0.845965807723578,-0.718543461499278,1.4317826495755894,1.0638597156757348,1.3599280459344116,-0.05767822250855698,-0.6425596765715498,-1.0679249215581408,-1.5272189392927273,0.19934317525504103,0.6035700669991579,0.3445438550498552,0.027436197143707874,0.6617324444208014,0.2297601579324563,0.6841300020995392,0.27831321583782537,0.1653960248592061,-0.9397076165274814,-0.220551200453163,-1.2725155613604566,0.37652974722164384,-0.041832717488961405,0.49480123075055127,-0.09079648789274904,-0.20687773626083428,0.7420281673669765,-0.22009151339603392,0.2040842661046825,4.0
-3.9251198430420553,-3.7241603260200207,3.2869504509964504,3.9695806837640317,3.2629273192092993,-4.288857299225745,0.9810467408430775,-0.13361957568435742,2.671603454863597,-0.9865190391125825,-1.7624412336113306,3.6620772815890934,-0.44953002435387496,-0.8671142441847748,1.7721095832669989,0.6065501417808722,-2.9592572304615623,-0.5334800332712691,-1.6275076069399668,-0.3682057215079817,-0.6797693497929097,0.3847545366543759,-2.0520252430742194,-0.14878132567641106,0.2225648849190413,1.0599171254149544,-0.07901393768411943,0.29312349188289655,0.12553034627478843,-0.9953803752805345,0.0903627725109437,0.8765344586416028,0.5045854926479928,0.1949339833038995,-2.293213132428285,2.1313840487700366,0.9883983205910942,-2.2403158509746786,1.0190039607393508,0.022947491726325892,1.2233425032258605,-0.4708164488569121,0.5202534178856902,0.024347952143797414,0.08127750923879759,0.24359823523632781,0.2573783880032336,1.0709572277894501,-0.3281463400247292,-0.05976128066133948,-0.2172983803939173,-1.3115422524859561,-0.014794177183974546,-0.49023653697826963,-0.2641447039343569,-0.24538398101192457,-1.2000040470104614,0.07547472792162906,0.14430650538868317,5.0
2.8572186101046677,-2.8637126144283256,2.46258046979743,-2.8463457612233665,-1.1091460126139128,2.8634358322112656,4.277835486968389,-2.760776611263927,-0.05354785189710805,-0.8338015161764865,-2.3381454119488763,0.6121379778204257,-1.1392554080666537,-0.21123301476151818,-1.3111025374795253,0.36022103584056625,0.10176607036338574,0.9578846776742647,-1.0055867824081368,0.8543334629085626,-3.1102942413784045,0.06858163034619846,0.11329606846458376,0.13224960914761433,-1.5459459153321768,-0.04991286563489517,-0.394479566430125,0.7095410896312113,-0.24747967673414029,-1.6975558270848814,-0.5058290782804536,-0.5710011176157289,-0.9768334163799777,-0.29733198698814206,-0.41552988419548365,0.6999072109302369,1.7954137778522166,0.9926253645800772,0.9583344907650299,0.6849382115036071,0.9423469094676037,-0.6221575603618577,0.27260368133830415,-0.4424733149618894,-0.3068993776771439,-0.10301477559174521,-1.6894723010355104,0.32425490061855344,-0.16235710436100861,0.1573037677021532,-1.284465314900037,0.6554365436529515,0.26245888470933343,-0.1460789158474394,0.1417294865859345,0.8180344069329257,-0.6786388836541466,-0.652955431918706,0.5503227850819352,5.0
-2.174237270926329,-4.2708666110037115,1.2216621010922186,-2.2529853226297845,3.1511822830515346,0.5302257773345423,3.602733254890571,-0.4550557295856716,2.1391997088479435,3.1237765462409404,0.4925412008011231,-2.508837102754193,0.21384986596478675,-2.703723256809188,-0.5018357293871322,1.9584945478337805,-0.36229911240281404,1.0483144353808251,1.7864846794969669,0.8854204193177668,0.25561530912099517,-0.5327913553825725,-0.07831768826226775,-0.3207832910444893,-0.4478170687979179,-0.30939856709205127,1.7641916436866236,-1.0503610997437383,-2.3048428346493246,-0.0936564127708608,1.1806320459181177,1.9801556912389258,-0.7049413207428168,-1.5323213569740652,0.8671597081572417,-0.2375906109139699,-0.5312600901629017,-0.8514571796909781,-0.7596370548873953,-0.932375428500877,0.6703941370508071,-0.7840600745032493,-0.671828446214752,0.6948919852106572,0.39163444314951457,-0.27873382088620713,-0.6656389474224587,0.007958154411409523,0.4055692505622633,2.0883498926678326,0.6064285096762871,1.0410479890721556,0.4112856375527686,0.5230361570376015,0.06310672180924408,-0.039777990276408166,-0.4927426773258366,-0.5640522750158182,-0.5022083358209875,0.0
5.7285512584344795,0.8259714203967786,-2.7185584492643526,1.5589548369470145,2.8720608131628387,-3.939008818833992,0.4649689745551539,3.2844142722399514,3.1286446187493655,0.25563066057500833,-0.2510718182563059,-2.95372715636901,-0.43765140415834003,1.0216927188026799,1.1265564406685018,-0.2462811477800646,-3.1993402890031133,-0.3939727516483737,0.7171599819091758,0.9508346260157013,-0.11659257590911018,-2.3218457244594424,0.5431235537574388,1.981963476732367,-0.10428334045127391,0.4737551242917484,0.3899958253173978,-0.545774732157112,-0.22373871412740667,-0.8259662054733579,-0.7747325185043334,0.4639758460769737,-0.41544969284411587,0.30827158227073626,0.0904446295234999,-0.4257723120232654,0.12456425838503823,0.20642769434970837,-0.27553845666959575,-0.08983500891461887,0.09051344667223524,0.5915656075230029,0.21843231110756955,-1.143910859992962,-0.21888565982256722,-0.761410840707674,-0.6177983858949246,0.1444449449627417,-0.6321054630386319,0.6456117302084322,-0.01058634825608131,-0.5916288484908463,0.36366610069663896,-0.6953879798287669,0.6062370807367418,0.06401496706801377,-0.23463473231267049,0.4203501764846216,0.6025726408553639,5.0
-7.398753641605986,3.3657726927282474,-5.711675280381912,5.665042788028966,-0.3034516747193927,0.7510213855408934,-0.50330522628803,2.1192771385695637,-3.874437870187673,-1.5722580563608954,0.9586802874067394,-1.5151514021826993,-1.688716479553838,-1.703977255445935,-0.7086608563457504,-1.6398736653326969,-0.7831001288613033,0.30449322307966264,-1.0105182172609932,1.6466030261320346,-0.0708209629168463,0.44977363343172466,0.35956426434282823,0.12517768215644243,0.6897500550274531,2.2286417427361185,-2.014138378040873,0.2878747440980268,-0.16161593010756664,-0.7975136710280317,0.14760105545264024,0.670287819054535,-0.5778030798204817,0.8441373518130941,-1.1225565941314877,0.6475455732387557,-0.4520345962071295,1.1842632940863238,-0.07255604434244317,-0.7755459535318702,-0.16442350172812864,-0.12335835962379445,-1.1624173143829242,-0.26188036990480895,-0.8592141072785764,-1.418536884397485,-1.0585868553839952,0.8843032049181426,1.3403453330356472,-0.6095422367190827,-0.335986611429097,0.008288791211543068,0.0328874277455235,0.20682838765033662,1.1108792231819307,0.016033382654301306,0.1763362747112555,0.396112517947461,0.2237502587019497,5.0
-1.7596114591007879,-1.5684413048410355,5.224736483455784,3.7856346793300273,-0.6137845106464317,-4.117144500062685,-1.0426053518993823,2.9788683089205006,2.7246353309081472,-0.46706547694786243,-2.1111997357961467,0.3100856568932879,1.2297265359653755,-0.10643281518351151,-0.7607605765749504,-2.7471917645478796,-1.0246170606697063,-1.5642641992081088,1.2683970092588241,1.4307142246316136,0.4802723383352969,-0.9306230734648159,-0.4745578240845628,-1.244222986964982,-0.000342980120879237,1.2205338562378834,0.570931516253278,-1.8843998489430485,0.38764827514449907,-1.0141429995269546,1.3515022816707478,3.1121489178818322,-1.882393797652156,-0.3524886536491303,-0.9222654262342018,-1.2466184084530771,0.8201227595455135,-0.46982297310176785,0.5429675815203127,1.2041489994670356,-1.3409444291001362,-1.0934441870966172,-0.05624730466194927,0.426679182960289,0.5188095745364665,0.6131027749905368,0.497806497508338,0.23272030004660268,0.10436158986356071,0.28102688100666595,-0.5943838080647181,0.24634769754364452,0.11280377156644915,0.08356869368114785,-0.3948547585715653,0.9338254015814055,1.4177795278203864,-0.27214285210037054,0.03485927821933471,2.0
-9.424822993666993,3.6290488678220836,-5.5255181307624435,0.7518787390468218,-0.1251365362439599,2.1662547639610605,-0.8530162544785095,2.309705011117635,1.0845921177129665,0.7669579582379403,-0.01016743039374204,-1.5973890231729622,0.2500306106635648,0.472671457527665,0.469101165979449,-2.2083283117523926,-1.430356577479659,0.036993987369807954,0.014417974066612592,2.4007311703265555,0.8184030711888199,-0.2237345178148224,1.5686425921835374,-1.414062801635059,0.155006941693403,-2.6330828730654714,0.15370600509443252,-0.8954573993984414,0.8158203936258832,-0.0922664713946503,0.01412283294536168,-0.46043127810324685,-1.247199900297094,-0.7725206619005118,0.1450214803346374,-0.26553399120518306,-0.5547967535060134,0.5208237813942496,-1.122240016590911,0.8488978975375532,0.07869924079112658,-0.279432334406728,-0.44117909007907535,0.07759574024909587,-1.0733188395290492,-1.3312099933780008,0.1662544065860099,0.2962375830028121,-0.45326636073300247,0.49257665380966936,-0.4836043951464033,0.3765241841881423,-0.2423195292571449,0.6425117233281018,0.9735240463526968,0.23521074096409178,-0.10446703044196964,-0.246126535921091,-0.20615846698855353,2.0
-9.201543777938038,-2.8618519125946067,2.408472095029068,0.37628686350192997,3.1840616991402744,-1.6951964915720545,1.6261121463407016,0.09504831516525909,1.6598276968572776,0.6806387757917255,-0.947124437118923,-0.5603380649741989,0.8170543515308066,-0.10858647510841568,-0.037367333104081676,0.8435798103699282,-1.1030939952484942,1.7518875028213043,-0.7059677837467184,0.3302769687713171,-0.49464622600968416,1.129278492108266,-0.9446437258612547,0.5567255245398824,0.8432469328647969,-0.380084330265686,0.6903348980224044,-0.40346267569502053,0.5030000857885395,1.5442490179618287,-0.11815851468093291,-1.3578531724814438,-1.6186964750263642,0.39821675182413324,1.5009125906372036,-0.15106406950757065,-0.4050750739556826,0.8972214714847234,-0.06883050549969098,0.679204661720954,-0.13427129086886833,-0.6619349746035471,-0.6418520588555489,-1.1362819277704814,-0.055303915694809816,0.5600386058306057,0.10333996739891661,0.38904600462681727,0.9588089680810445,-0.800911056023607,-0.3253178228175973,0.3777297399241506,-0.4128459034872349,0.30120046141131374,-0.6283162612590335,0.6085973217179099,0.4763655378574221,-0.36085961864111465,-1.111519308826804,5.0
-4.574434910928274,-1.2210480158477783,0.9327971384697225,2.5719703001861287,-1.5491525318526878,-3.9388824716758553,1.0543462039604432,0.41317510228267396,-0.1567998286516029,-2.5461012429437146,-2.231890773989287,3.0094577900406536,0.052636084853684026,0.30822094409808304,1.6681641837147274,0.14172418284993413,1.4063277753596062,-1.2814905770287117,1.3543184429030035,1.1675899145069935,0.6343714995449388,0.011275112031419085,-1.081537147894974,1.2639275122983378,0.12973098174769404,0.9605991967661912,-0.4422228780903648,-0.5788277802468802,-0.9188388482623672,-0.20547893012308058,-0.023581276538125775,1.627157081406018,-0.9790898980094552,0.5233115147031382,-0.24309679822278166,-0.7782895426913276,-0.44726021936215515,0.8242771050280151,-0.5684849527346958,0.2676971195541029,0.5125070861816057,0.8546565045385406,-1.0210622350482104,-1.5569863883255042,1.2003108211517721,0.835285915147763,-0.5043419611470058,0.8139884208870829,0.2708611508143789,0.9669220546767141,-0.9361691496918382,-0.12480071696098642,-0.049622232335933304,-0.32886968947451406,0.16874156553819022,0.8183924407647044,-0.5425147546235018,0.8085049398031315,0.419447372715282,5.0
1.6596217136577396,9.709331424354604,3.3423622814237572,0.898046821914395,1.092751383784046,-3.5586210722300087,0.8038310825437455,-1.6483380377069154,1.2396075973067597,0.5052227211187937,0.05170585170688199,-0.6659031422916908,-0.37463282066850234,2.587353948399807,-0.3746711436645126,-1.2035125366316681,-1.1083330979482249,0.8445432286860829,0.7889595977188578,-0.679029922485227,1.9778779396674921,-0.47027761456319106,-0.029064798373666552,0.717235811626218,-1.8112807352323008,0.435659035863688,-0.6229836205811041,-0.395895634202901,1.5155397437679647,-1.259207856166378,-1.7181264924234414,-1.7046879163283206,-0.49471874845621616,-2.0332934296655734,-0.23420569631342267,-2.3646114815220454,-0.7867157954341417,1.208477389153414,0.9323117566609872,-0.5695853965624182,-0.056061643666012205,-0.740916391154535,-0.9192360613059244,0.2043361177879555,-1.1297831610316624,-0.1358635123040594,1.3254980928611564,-0.08325187132620694,-0.13726181639700616,0.9840836441826355,-0.43166408989176364,-0.46782504168401856,0.07070169979509748,0.5592743814864641,-0.8024114907502607,0.292587807434101,0.04290755924012806,-0.35579210907738124,-0.5516780051475073,4.0
-6.264836797661609,-0.7357118814630998,1.435866982833747,0.9811759130402766,1.9794117421079171,1.0703597354938084,-4.53741943815121,-2.229198490872828,1.328355043539018,2.6614552367588744,-2.649751308603478,0.8690003400825417,1.4209649289042434,-0.6365274213078572,-2.9807373742286742,0.3947535633959459,-2.485793722779604,-0.5158242852737019,1.0011378216202969,0.831446616497378,1.090491975886218,0.20181031515382497,0.16223667384985144,-0.9042129188340627,0.873025870663356,1.3258271545794806,0.46448966541311015,-0.028799381111914345,-0.792887726648917,0.599483608151035,0.15482257331784857,-0.3604101181716411,0.19980321797789435,-0.5421686325312264,-1.4654225717994813,0.5088921013648702,0.0015453932845588816,-0.6892410856473442,0.3203812408726924,-0.23019642077889726,-1.0520018732809686,1.0245372788872915,-0.13363652734467812,0.46051809290943535,0.2638103459478466,0.3291050932095104,-0.5000591880291367,-1.0443649234236707,0.9427692980358823,0.07313151744807248,0.7343649395637382,-0.5291825204075339,1.1812031484297514,0.027390328794080595,0.48047750980654086,0.26305885161186343,-0.30198243012693554,0.30987552162680587,-0.5549527295846716,2.0
-6.20051166955696,-2.026493765033229,0.43024902434693785,-0.6631034631231588,-4.246964535575102,-1.60006529596237,-1.7487429110271813,-1.6240594553547993,1.9340718909446415,-0.9817529886858523,1.3870926852517267,0.6665247285676407,0.391078543625875,1.3478851546496229,-0.6968968579329838,0.07954596434402135,-2.4580815698108367,-0.1289215683225555,-1.0118734801324731,0.21488708741560497,-0.4759704682088777,0.26398476988802794,0.5773394030269621,-0.44039125709427235,0.9728166133450528,1.062304329506088,0.7623847447415575,0.4606025112347965,1.92698239737413,1.1705501150818876,0.7724271702319588,2.5868507980309587,0.4196749705160397,0.3915825283874868,0.3635341085693462,-0.7706707047116296,0.6678143329314971,1.8850244569322847,-1.4944062388298724,-0.3664514841741557,-0.8662833320019662,-0.7770283753999261,-0.7804178051106687,0.9646234929625207,0.974459039831192,0.2708561730056291,-0.12327119620467454,-0.16515329228745,-0.35254609857955116,1.4088430788597237,-0.20684455560678836,0.0007374611579186534,0.6138624129089353,0.05797241395107608,0.1353032944779066,-0.5564873396013915,0.2114797949045261,-0.01621757226109509,-0.6605279538631489,4.0
0.2195177100055303,-6.8044573462489595,-0.4188297216660713,-4.818557902616151,-7.857406676127842,2.18364032398804,-0.9262974437829478,0.4008988488931705,-2.060449933565408,-0.030088525661188466,-1.5722791287144626,1.3673694935601786,-2.4271806097301147,0.13205865122930888,-0.35937713559991175,-0.7037608177127611,-4.024426499132243,0.10323894096782943,-0.28396189536477207,-1.6272766061998043,-1.0226819063953727,-2.5763579085755124,-1.6595173043037792,0.3357414354253483,-1.0487551856540862,-1.192195485352461,-1.343457687324909,1.0867447422703973,2.1328318361129543,1.906537325724123,0.8270717590281781,-1.239612163802867,-0.7995338495897135,-0.46998719852948134,1.247928826964645,-0.3402061899161626,-0.26245057273245415,-0.6410621119868212,-0.4125887635081155,-0.6153337071947171,-0.42728312027826865,-1.216859166929902,-0.20474747989388914,0.28125319650902436,1.5517394323921998,-0.05857909182852096,-1.6297882399879395,-0.1996603016898516,0.3699942254079761,1.1507014473487773,-0.026584616613926228,-0.2066756717240435,-0.039403739600575305,0.16462339741549134,0.5113808773774723,-0.48895026661120955,-0.3734936698757093,0.16316583472089172,0.27788883391109076,2.0
-6.947747503520213,-1.6477467815780087,1.7654553561663944,-3.123472062444661,-0.7292456456155789,-0.714751974515526,-1.8023340545454352,-2.151751325449058,2.4452492727814326,-4.887956202161033,2.6060505910476643,-3.553880655187197,1.4832483643069916,-1.2524177589940135,1.4264691094507362,1.8813920101933623,1.14075214173387,4.572891173079896,-0.03481864262137031,-0.4437145359409959,-2.6901379317302783,-1.713099553669662,-1.0962305078713772,-0.18651928842743348,-0.9452201878330916,-0.9739348595553982,-0.8490309650201745,-1.4450442240824362,0.1009997307357225,-1.0968577524104144,-1.3516775131130068,1.8359909284863838,-0.3105886290824506,0.7750519221875964,1.1848528845684958,1.0941137070031508,-0.446687372792302,-0.06745376838004451,-0.3848300672508821,-0.8614772489046773,-1.306397467300335,-1.1139523492529584,1.6269283136967907,-0.6217334691656842,-1.7272159938915443,2.0004715807802467,1.1662544979593097,1.2246511659401436,1.7831388408000242,-1.3234744012814839,0.37615324450834875,0.35417041787729914,0.774810838406202,-0.40827451934338876,-0.2192024160738449,-0.9865305909041269,-1.1538060739891576,1.0883882700412273,-0.9791860462364966,5.0
-2.75473272447085,-2.7047137961721712,0.38914812787262104,1.175547769134446,2.8303914306315154,-0.39986333814463487,1.9062352331608505,-3.461653199849905,1.3458221280210767,2.716414553276674,-1.4136468624997733,0.3359048870096821,-1.383007829205044,0.2253986713511371,-0.37291838635925106,1.3846216836245724,-0.5215101964629274,-1.52725159126283,-1.977590811889847,1.6521471274007438,0.4749076128827895,-0.5054190360369183,-0.34642338917441245,0.5369021352852298,-0.9649764935944872,-1.3860704960355117,-1.3919952095506125,-0.7693273367510451,-1.318066244707769,-1.3237136612358626,0.5467984376035842,-0.5711102175361052,1.3696441204295888,-0.371497053031658,0.9129238050447399,-1.0147456579915577,-0.1717390827425404,0.23789655176975438,1.071266868621013,0.7115364493143637,0.13035950727932422,1.6791311878571604,-0.7969419132282168,-0.31112744905873296,0.022301936711873,0.36814724163490176,-0.8314981549786967,-0.29261154891982105,0.22972820169506428,-0.4790734619734937,0.7602701325203739,0.13390158739598132,-0.09289751972789478,-0.4681191301887691,-0.00728444149057775,0.35633793933182406,0.5449009045117588,-0.4418077810617887,-0.16850843205413538,3.0
-6.281167422242187,-0.5441923711577157,3.5780470300751723,0.7001556089552357,0.2625120817904558,-0.8990639880486614,-1.2706965292184629,2.3061147633806804,-1.0270110774353147,-3.901338824345605,0.732108333759047,-0.271682712832577,-0.5206002296486151,-0.5773325383261121,1.724999585571952,-3.1008938337336645,-3.252865323725127,1.2837125633485644,-0.8268697615509644,-1.78597386004474,0.8783585818014575,-0.7215707463499125,0.12282003112104377,-1.1628592666622843,-0.5079472765266986,-0.9674347971922352,-2.420589807859162,-1.0924633644604989,0.9719133148957674,0.18235497219620997,0.26353014712784,-2.5090707444187967,-0.7055178249986696,-1.0820145563444379,1.2686438603494716,0.18095163414985563,-1.000144765298269,-1.144560049802017,-0.11721831779915345,1.0730621311837312,0.41863759368917725,-0.07863182771268498,1.1570787366582054,0.8725025213351496,0.4234361718972239,0.3220641139223461,0.3193818593941585,-1.0273533277106095,-0.14185274410082166,0.06377677555400697,-0.4817435744371104,0.20234223327652132,0.7892360713266542,-0.3454556558863008,0.6114449376310352,-0.9765296991336447,-0.15425971376858255,-0.03495886562776363,-0.8001814614804387,5.0
0.7279343575749868,7.509734452371959,0.035302987975780666,3.608790843589173,-2.5075118685259636,-1.6432792964325846,-2.430745896088646,1.9663492143832975,2.8510704449967164,3.7734441899170523,-3.3855277131623294,0.40959094757939507,-0.4038637553324734,2.6047349856130664,1.0469797676009898,-0.5511529873689528,-1.426650601317585,0.7081723247224432,-1.9733444896528833,0.7859437760141986,0.3672477443016367,2.5356456200370228,2.205972325683584,-0.8288216219456962,-1.5388272861209624,-1.502213885967769,1.2796861086522149,-1.074590066372924,-0.03706917775277953,3.2430584771865876,1.1306789372101733,0.3036786310440487,0.911056548570717,-0.3814801399769692,-1.0520951437677188,-1.4131025579358234,0.10172373248878734,0.07789662315938133,1.330456808367749,0.542872200862789,0.7142829831238136,-0.5608633139524042,0.2931933218599603,0.6449398419437201,0.7192488939297242,0.23938091605498701,1.0949650648139713,0.6108512918447793,1.136973924720152,-0.8071883603562846,0.8252319082314564,0.2765629988453395,0.9328897099838958,-0.19957760469934965,0.31771107868338405,0.24033762528276006,1.4681893838124829,-0.14288924676275655,-0.19407824899603537,5.0
-4.9481335820707875,4.136558971448332,-0.22308240514709768,-1.0079099515647483,-0.22066758215664134,0.9033164919028137,2.575434845465762,2.7511005604130574,0.7320145332603887,-2.549669733376314,4.801449805817814,-0.0847351451402414,-1.7635151134123401,0.43531879915293437,1.6814309881588159,0.017990236348142622,-2.641676842527972,-1.2121594451464386,-0.0895599881298873,1.3075583561790571,0.35442280690056305,-2.395413903608729,-0.6913904787526437,-2.19931077691191,-0.6345008499607804,1.3919810858527717,-0.02438956720553233,0.5561596312187068,0.15316859280868664,-0.5435300842176137,0.12819204847252552,0.39676984166425433,0.0009663601578721614,-1.1662034741960419,-0.22382769326280152,-0.42664944762954515,0.07499187553524192,-1.369421217173712,-1.4416207308745648,-2.164915812179454,1.8333613810632603,-0.22113744324770082,-0.5949670109840569,-0.23285380542646325,0.6374643015981525,-1.1117518475064407,0.7691228600288978,-0.7547833875285377,0.1311143472999331,-1.215506404478754,0.494617024863624,0.8660277122516783,-0.48687890537719736,0.4725322135911817,0.6114708848153034,0.030362664594304745,-0.1444890402133708,0.43673333637637124,-0.7494078590191645,5.0
7.880695869586477,7.2816803852781025,0.9894897847927954,0.48721351106554966,1.099776040832401,0.1644715544588259,-1.45082739880386,-0.7182030418803866,0.1538918937262555,-1.2200291762949784,0.007740660546382356,2.5001687170152125,-1.1516947574609744,-1.9313497530777204,-1.665039676990656,-0.3465508627375483,0.7964698779442728,1.8144866392496823,3.746113821779373,-0.1604104777252341,-2.116449627593141,0.08005114727661226,1.1818405522785616,0.5001512398510829,-0.3960645977002254,0.3715419951112602,-0.9395603715209964,-1.8454289118112808,0.589838026869501,0.9291524476636912,-0.8815054305003032,-1.2997354899722007,0.1288568522706789,0.12296296634074873,0.3685286086221211,0.30528725659533196,-0.8511393176374775,0.5801100388828924,0.10074749589179166,0.3399610336456214,0.9526809784589263,0.6760601779748211,0.3495831040340906,1.02641078406794,-0.7697430851631851,2.2591213092049065,0.3441440705331839,0.803467789297428,0.5831937605202203,0.4048454736701611,0.912312517663541,-1.055116220635331,-0.9183698703037602,-0.2840943566477222,-1.195755667488839,0.4767787528047657,0.15313556840564876,-0.46182754897362266,-1.1919318818684268,3.0
-6.350327928176537,1.5126005014926789,1.0713683119886728,-7.119602567636289,0.8919045690088121,-1.2211602709828666,0.39218063562250366,-2.0034902341642007,1.842248043999512,-1.105725238019977,-0.45159117371254404,-0.21090186868094557,0.7749537229828098,2.1189464498031305,0.38792950548698824,2.681460886583051,1.0144252154709177,0.3280646542690698,1.246304230978289,-0.38113589315952257,-1.4849509133601304,0.34791581305202596,0.9822231592646024,-1.0139031704098544,1.1423306254550791,-0.0918133130368058,-1.8262369930231126,-0.17681488648193366,1.258726570296186,-1.2761217710537107,-0.6714177124116668,-0.5267164959575358,1.4631613513677897,-0.4332278934471801,-1.5459441424553517,-0.2506567741652148,0.67768203421672,-1.1255102692403496,0.9690560095334997,0.17808452728259927,-1.8527593369302258,-0.2691517387857435,-2.3005232312070434,0.3154804357834806,0.07853117182442623,0.14099934748109164,-0.6899477478706039,0.16697908673419395,0.8620910006550015,0.5000565261748984,0.6998990293475373,0.8154178413620163,0.2572966808347585,-0.2091178764959754,0.03316556727458207,0.32299881699013566,0.7263616542312775,-0.2608734861716491,0.7261819782341818,5.0
4.7487248553505115,-2.105163217121327,-2.0091751489287457,0.6632725802323893,2.460835055343728,1.6111534954777786,0.02910915330910443,-3.0783993598028134,0.22568612216806042,-1.1569440465343297,-3.087911613933728,1.3944048352633127,0.962054771840969,-0.5015507697395423,2.138148455717388,-1.26335456893808,-0.05796752709575199,-0.9996526598129383,0.00801679558866278,-1.9126326700166376,0.08577936807981382,-0.25334588138068714,-0.5736300936818985,-0.05078589035333828,-0.6041125744775531,1.117025077533446,-0.33682617142253374,-0.5006856564624328,-0.6455542095081018,-0.036069154003207766,-2.1067651228335476,-0.15671997245417882,-0.19424567063980208,-1.1460510154074912,-1.0932560133598634,0.6982051813839327,-0.6436819553339309,-0.14523422091740928,0.13347309986417585,-0.29466318814138975,-0.15261960817909956,-0.011067009620962564,-0.01370631310218381,0.15226200912262502,-0.24989878391083603,0.6768719794362777,-0.030479309194450608,-0.4067370620845726,-0.06619758154232394,0.2028321431354013,0.6320437876808144,0.4035307565698645,-0.5720455003062676,0.1770057038545201,0.6556329834345417,-0.3324465947030539,0.4471260060788943,-0.10125662575747463,-0.22192019006967256,2.0
5.621830204484569,-7.3172961952230136,-0.476613065680352,-0.6566065824521964,-0.2408528654954822,2.2372902350091746,-0.9654141424352446,0.27213801243949076,-3.6966645435880356,2.3387455206588386,0.9977097746772992,3.3874588549690685,-1.3405890056305538,-1.826552174572514,-0.2463054826958768,-1.1261463630420454,-0.23442716148584433,-0.17669766480835405,0.1662504214955159,2.259145286740773,-1.9025300583132,-0.9600228348597343,-2.083359866360876,1.24792069109962,-1.734976865824482,-0.954866169149676,0.4307197217156366,1.1563126070719025,-2.4777598277161026,-0.6328424075834026,0.3840203197070576,0.4864682093760565,0.04200831701341215,0.37929812239032284,-1.7638413010224763,-0.17144522025574657,0.7954642903925886,0.3465330088503805,-0.3917801393787498,1.651544046225001,-1.8271420669509066,-1.7333133046965241,1.166521260037694,1.3540261091787862,0.2772201328007429,0.5222876709603957,1.1985892781362668,0.13961298010904588,-0.21087753157797282,0.7114439198194045,-0.07568080826081316,0.13053259649765944,-0.5342250941242674,1.2810914878141961,-1.1596829216088522,-0.9676448839059862,-0.1740718209669219,0.872476412513393,-0.569928537148283,0.0
-7.051162972340621,-3.4896866037608647,0.7788140666640355,1.7240128847907954,0.36435930007524736,-0.709999374568366,0.8865844798502498,0.24632058640387575,0.6465431999821676,-0.35878587171754184,-1.0224499667172304,-0.23292807837963797,0.9592340910262407,-0.8409236387702501,-0.47612067310550454,0.39758072355733814,1.581159577994448,-0.4566177483416919,0.030532227457604994,2.3310463683252807,0.9468133540699819,2.5974135203450133,0.2889351699136875,-0.8923024422604278,-0.21405186063642706,-0.02494008187975179,0.6906771171383365,0.17383950378791674,-0.839293834475006,-0.6933372625416689,1.5421940342772777,-1.837575113888012,-0.017144967312774897,0.19129456191660923,0.9156861640426649,2.028220912854077,-0.27026216887658083,0.09991745731241888,-1.8079623813622039,0.20158038916224336,0.4999710230675509,0.5978744038715517,-0.7765548677983171,0.45558555695148983,0.21638770258265394,0.8262071562552535,-0.45929108650832917,-0.47101981546126537,0.24386991485929063,0.7928710893294003,-0.9894915532333839,-0.793250197155543,1.0548463956803131,1.0362193770839123,0.49912946439548334,0.7426393632048744,-0.30556220726275246,0.7596623244743614,-0.7812882635818207,4.0
5.808137508171814,6.397062126385218,-2.1135202835360842,0.8698053326458001,0.3782238785181145,-2.308607040282244,0.146723448663379,-0.04560290588510795,0.4935475909744231,5.505205231540411,-2.19189805902043,0.48508804421955176,-3.600343121446565,0.07325795042209103,3.194386320195843,0.9677398161218208,0.24552602931313883,2.2162790167643758,-0.41902480959245514,-0.6147200209328596,-0.7737080773812948,-1.5345182964049393,0.16180815300067483,-0.48454303483332645,1.1797681892616902,-0.9856990442781441,-1.8281568719938992,0.5419514585360367,-1.96035843433521,1.0842135934202797,1.925758608410044,0.6820283340815306,-0.28567990207838595,1.8985220986157945,-1.162441415303017,0.843797726131004,1.1156478365379274,-0.07451145140431727,-0.9593593246472021,-0.15998387933361125,-0.0022256220453262684,0.6397441501957442,-0.6065759627676602,0.3882934577514266,-0.03855009947231277,1.199587608826691,1.155789043252059,1.617979456570131,0.25977329330583765,-0.7574722954533989,0.32752925818780093,0.6699190431750004,-0.41825463444620137,0.2715211150682355,-0.837824534891543,-1.1105532667779303,-0.08399681782582467,-0.7602466352630377,0.7236429133724263,3.0
8.257336410589792,-7.407219473823698,6.80682805557257,4.437580576434066,-0.5042967861964611,-2.3852654800382163,-2.680252149204082,-2.283172103008383,-1.5136042296193695,1.1498965571368547,-2.5278341002909466,-0.7046083605045518,-0.31182779717216935,-1.129851781600032,-0.7303273727366998,1.015650643294643,-2.398674852425944,0.28975273605124713,-0.4404012722977853,0.2750816337592258,-0.2141715986458964,0.5889932982564876,0.9318881453527497,-0.47365519419196855,-0.39728121285543183,-0.5953291016730049,0.7125605928428612,-0.6643848505462201,-0.31467039510998146,-1.1887960647668707,0.6188222344052892,-0.5957168695072708,0.4533338459613704,0.5178005867062424,0.8963052697553553,-0.9473882337065653,-1.0353467137090016,-0.4832476817642129,0.6752105529236779,-2.109732520423218,0.9654488289867585,-2.567086282626349,0.0011384204763661655,-0.1635595794621915,0.5106495227708284,0.6224283390714163,0.5791278139972159,0.4717783268680032,0.6472824951115876,1.6038594029987172,-0.3832991647428658,1.3020297210735747,0.09511785939172195,1.065015553735284,0.49335790993168394,-0.03725459002938901,1.0689575144467915,-0.642001740723857,0.7926190147678845,3.0
7.757858932861002,0.3332894650457516,-5.8642246126850734,-0.0935293153707909,1.466478794788165,-1.9484774595361445,0.9022566702921092,-1.0839609720336891,-0.7466664385337439,-0.9021935128776939,2.122329253171519,-0.47809001840046733,0.4154545145980984,0.8125547941785478,1.1077234162767426,-0.32175373630145465,-1.498291210635543,1.4963345695161014,-1.0429997561283582,0.3716635112571184,0.5481217731088236,0.9824401453650116,-0.21487801567493475,0.4103471658232632,0.2344660891070532,0.9861720057675724,-0.5204778448001204,-1.0540041016990622,-1.7209473747084691,-0.25661260927972784,0.14957060749813836,-0.8860229203485189,-0.3889227103756108,1.2095126381830128,-1.5718181280677401,1.6952736999175544,1.6110388535507547,0.5245683625057964,0.16053196188106045,1.0237400339401164,0.15310039424864477,0.8312691319757108,-0.21612500021589126,0.7831900861385508,0.10619376210649041,-0.615116486565595,1.3275583001176872,0.30750264302471475,0.49969946306312313,0.6945424835308223,-0.7415686875620239,0.321592833535241,0.5396763244197365,0.15285747020056917,-0.5218256406392412,-0.7357569872224504,-0.2539305299673196,-0.03042580061289378,0.26956930695554926,0.0
2.970451584205502,-3.747018907654595,6.118231496978108,-5.684687943792355,4.234873117725776,1.0800779426682992,2.137659116241691,1.6942948989537914,-1.2450220845784363,0.8562253115019438,1.8671700441843972,2.0817009434702953,-0.9362655807993799,2.3853348412628916,-1.1574671452153795,1.4694063435476878,-1.5009672107559728,1.0330182218329484,0.5819394449464617,-1.3205027549408435,-0.8723655158666082,1.4660213935536535,-1.632764098425814,1.773499135757107,0.026348587456991444,-0.5110697386086224,-0.8744746929762429,1.1852154735698484,0.032846785948293086,1.8314649407292687,-0.7949984958689308,0.7422675257214635,-1.5559979011654843,1.0572783019010632,-0.7804571153085932,0.6209625219828253,1.1714432854346284,0.9546322288353664,-0.28311808768291086,1.0818300695635579,1.3774231014033804,-1.2407726146384024,-0.014916276920198111,1.359809906012788,-0.28361447638061593,-1.337039140914503,0.38871470303781314,0.854245601027407,0.12304801057187424,0.36980793061184786,0.16508908589825605,-0.5557134074064785,-1.2351103547002544,0.05874833422965714,0.0740267419918217,-0.9863898732204845,0.026011408613110312,0.5648825684579052,-1.4456156478742062,4.0
-2.2397084383276296,2.171952634593382,-0.6974507382180253,-4.260117166145007,1.5082191835960033,3.1181146041389893,-0.8914665912420318,-3.5523554209634436,0.9462382685219215,2.2387874147131077,0.7161888322371937,0.04538238246701371,-0.3989377974039635,2.1698327150060486,1.5886146255758131,0.2180030312642955,-0.4072016126080709,-0.2519084269560741,0.4494565268474593,0.9114039227025439,0.5119062558715127,-1.8268394698458643,1.1120739643626236,-0.25509192449509754,-0.5726787931555231,0.2811889121722087,-0.35361540737310726,-0.02565844960431571,1.5208107385289944,0.12201896901781067,1.011072281924532,0.3649215796137082,1.1715712477997184,-0.8498732761819081,-0.5068567987514832,0.5003979520357787,-0.03490878104052185,-0.23239967623858473,-0.9717451630845718,-0.9649098843115103,1.2262408346295857,0.2550562052211975,-2.029959302587351,0.34675398640516913,1.1265616717064177,-0.3333533456110273,0.687524929751781,0.07156042287098069,-0.7574188164118929,-0.19933773694944712,-1.2432999761732477,-0.7817206463555308,0.17421019066565996,0.055271675252139996,0.7622353402611345,-0.006766012446144183,1.0356155353831353,0.9993121042848299,0.4853919265359403,2.0
4.849144418988956,4.583509996563362,-0.5997242970364427,-2.503816366385965,-0.16652090836333994,-0.0002514697515722655,0.9614933369931316,-1.2787558817850944,-1.2438211201605363,1.6260412589944857,-0.7805813567853488,4.323120176284294,-0.5589447080866133,-0.8034027638974185,-1.9649046351553758,0.47170439662491326,-1.5405597358844598,-0.03367190070758344,-1.7066839226792803,0.12417741866294667,-0.6165235046978076,0.9426245855860655,1.3945435091938148,-1.4815466675771864,0.4497210376628286,-1.1898270033318339,-0.3833368470946527,-0.9475395209111386,0.948753900573014,-1.7784636488035392,-0.6330453415354532,0.3813265811982921,-0.6611201840517168,-0.3380764215169606,0.8182077962613948,0.6961512118336137,1.1249502934288391,1.8189690034662305,-0.2731949550564806,0.02202525330432972,0.9288022104817313,-0.35095740356323923,-0.5555368362069597,-0.7418136175395411,0.3901848319255812,-0.006096409603950972,-1.3995046856469207,-0.32038091024503507,-0.3659944838817806,-0.2617388085140773,0.1853141915943224,0.7472699770966207,-0.5458523192285071,-0.8495422822683873,-0.18572992933680382,0.9203341817162796,-0.2514220060537978,-0.2768181871906104,-0.23093114068226955,2.0
2.1083790939987486,-1.5735791526234315,-3.808122525656555,-0.49447752430706104,0.6225861826023533,1.588675371548316,-1.2594315212896428,0.08578114994926922,-0.8880196736909234,1.681737307569903,0.1936772139477261,0.4920795421268685,0.5000602368818708,-1.6459132497336422,-0.6990383355746672,-1.522076002903921,-0.38332347884049844,-0.7577226932652658,-1.6349638687031678,0.1305571719303266,-0.7830908107523921,0.8814209336092202,-0.4239990060164842,0.21051251651942998,-0.32201345360232414,0.6850564131652069,-2.267522660491735,0.9976982898389753,-0.7460192446523016,-0.09526378731875497,-0.8788902891478834,0.1339969089673415,-0.18871912325082188,-1.0516815585388959,0.9728033229273743,-0.7439373810660146,-0.7950322329551591,-0.6113004410546761,0.6400622867644276,-0.3903949439972556,-0.40154370726314115,-0.6204049124043356,0.8766342477470515,-0.33289525900649075,0.45408406973515214,-0.17503553017931306,-0.3543223013624462,0.10332661464597992,-0.03609001659235191,0.13528478105953845,-0.1306434231022662,0.2806719403683526,-0.6768052577365464,0.11739949343782126,0.09531298453247779,-0.13844004818844202,0.66105653002865,-0.5697984332612451,-0.0034293189306167783,2.0
0.3682619766839187,5.565075230099114,-0.15798528536877013,-4.0159687252850595,1.0874261611958005,3.8809230425327295,-2.846665266248895,-0.5329680100221431,-0.7232194435504445,1.856526590136072,-1.6426679384531337,3.298325985875921,0.9183757395222001,-0.7285775843189808,1.9478880691865177,-0.8203952183584075,-0.5336059706202003,1.2391208815409043,-1.192206667409868,-1.7991179786159857,-1.6768265809142335,-0.4814336956601656,1.057952191161466,-0.5355606637792018,2.8549655487856316,0.10331821591214543,0.8929079625205477,0.16678946110489917,0.8149411899427266,0.9665672717844148,0.7210697349948074,-0.15515305184680558,-1.891006527666062,0.5305526197392962,1.3381762807748285,-0.9931973472201495,-0.7369232661618856,-0.4556609946873166,-0.6068891328008359,1.9598179683958838,-1.0706803313954913,-0.26161955209424087,-0.07349862409119717,1.2814724437219016,-1.0974169090764567,0.9927124944136788,-1.205918123920097,1.0079325923057076,0.04396803892937041,0.5584746041467826,1.2921346518227832,-0.44439426185936703,-0.29251210120838034,-0.6815250718106698,0.23027293805245724,-0.441774502304009,-0.11074910676244457,0.6906341475932363,0.11179255282880543,1.0
6.122240664788938,6.792809591389866,1.0054262502455524,-0.012246390663733139,-1.237669358178908,-2.4053650438507037,1.4218171150376153,-2.5086197169675426,1.1294754317296525,2.321717522212361,-0.45456133628797113,-0.46099105382897526,1.837001889797844,-0.227528877305521,-2.5602800467125797,-1.244123481420764,0.558540328434457,-0.007803991837809961,0.5340010045984385,-1.4125307898347963,-1.9471316935552134,0.06270584170815416,-0.7627515343785433,-0.29978185075401054,-0.29043778326967995,1.4015099128985784,-0.3103983001535013,-0.462435752514903,0.018483396928866837,-0.40208201328094256,-0.6222410827306556,0.22060901353469106,2.2096635157882893,-2.283725071964766,0.774230802411263,0.4092941071881672,-1.085732989194192,-0.11728878680058004,-0.7534472510685082,-0.5089186053186497,-0.30311593532923115,0.3823942298319749,0.037109188384005495,1.1755013902201665,-0.3005434246622966,0.4446015350145491,-0.7334605118506624,0.024213235442028917,-1.030844282560134,-0.39214112086335856,-0.5569138419091856,-0.9547660220749945,0.7281625367665432,0.35425984441511243,-0.27730507560501416,-0.21525762019320976,0.3842536740690608,0.2265729749957911,0.8002387502465665,1.0
1.5483421880705441,-1.2250558625910324,-0.163825538722402,2.423418556987632,0.7615507079581302,0.5228671991051864,-2.6943210730227998,-4.002758006182789,-1.975014690873252,1.2372894398585228,1.260714075285026,-1.9461529311410297,2.1694282625371297,2.1251585890234375,0.22086795434996026,2.304650680124274,-0.24938741506076145,0.720452015409844,-1.0220351912198617,-0.6869935679049729,-0.3885812547858965,-0.03828424831578769,1.422456978021061,-0.5649514239240605,-0.049742762339678684,-2.8749405834605577,-1.57276828241799,0.725821872697336,2.097446132757007,-0.3411352238485161,0.2910965307946066,-0.3128621595991575,1.243298232075022,-0.040127407595855376,-0.2587567199620939,0.0855456432446555,0.11991852765434856,1.24996397979859,-0.281364032173745,0.7565746298956094,-0.23568438873118486,0.8479491658315126,0.6390714221376977,0.11416260767009338,-0.6565690292098801,-0.9664756995470112,-0.396854014289921,-0.3635920430221537,0.2177077876365762,-0.6667555790196559,0.1571701669672776,0.9571492130139699,-0.046001118068650385,-0.6618565169702054,0.1813291760641924,0.7469824397071464,0.9099446492127405,0.36686470252347925,-0.3463886255551782,2.0
-5.235743906536778,-0.06024336346585078,-2.8535798956255127,5.874135247105299,2.747253595675474,-2.7463064588989146,0.9648121573928431,3.24595078377447,-1.488649437590289,0.6933582364226828,-1.7326482876628104,0.1258033555431278,-1.0474789887115252,1.3063302114082944,-2.530168619248306,-2.317210449557749,-0.4892850193002359,0.7782338411771054,0.9136842612399136,0.3402004879489985,-2.2739903152648533,0.40477316335044605,-1.370489607084409,1.5680520059299476,-0.02664330408970381,0.36164024093861635,0.38686255383534807,1.4153780430144154,1.4671851540930394,-0.7617409450327022,-0.554914377398713,1.3536117838279462,-0.42153223373284204,1.7341328040802146,-0.12303215767587199,-0.8511214891310442,-0.45457013593617007,1.2310123962622261,0.5254998328442623,0.46362875645987545,-0.19495324396521477,-0.6573855482369185,-0.18143889887789305,-1.3281165847041612,0.4993003015624412,-0.35006253296769363,-0.5562891497950895,0.5835342024174711,1.5312440831509937,0.45619760763768974,0.047363417748235916,-0.39917310086325064,-0.5913825603810022,0.29051365432216614,0.49424465910615806,0.3980139372914045,-0.9972159506551728,0.2178961080194541,-0.16441477527254822,4.0
-2.2118106758071634,-8.530971706559937,2.212159679828317,-0.01531564091092642,1.5547293805037345,-0.09470138203372738,3.157888881112603,0.3843339470876077,2.7848265173191993,-0.3899556709744391,-2.92486256356747,-1.6264475304461434,-0.20784921998003802,-1.2643895858330583,0.39661235889133506,-0.9676205521943849,-1.4561348752852907,1.4258182413696852,2.6376417588929755,1.2347529040462704,-2.198405386163257,-0.4216242749324249,-0.29465389220178156,-0.39841157426338514,0.6567841930763605,-1.305594643818654,-0.3688215437872162,1.0946881303593343,-0.4279211266446582,-1.2414550328314011,0.21630988983097876,0.42714215479433854,-0.37231029738571914,-1.1863182939547119,0.5431419038043606,-1.2126834163091729,1.0754762208532065,0.37029376884734005,-0.5805960983384951,-1.3453248990784306,0.21869458757214683,0.9425209044867221,0.7631984206205524,0.6606937209731703,1.553765561919053,0.27080128637582324,0.22671375797675553,0.9630843003947461,-0.5679335918004931,-0.12083538566630526,-0.5564583639900608,-0.733252725805193,-0.3621089493343483,-1.19453123983764,-0.25460158348936723,0.4624686961054388,-0.07307171918636413,0.2908268397037428,-0.2891672897690495,3.0
-7.21336432366123,3.0410688872226186,0.08858069796690587,0.7077742524391863,-5.193808002305253,-1.098025085579523,2.7815729831183296,2.950731456099853,-1.173384186633509,0.2685191658550939,0.1978267050650122,1.187977191672327,-0.7971559338042601,-0.6693973528575952,3.8994646348203923,0.6009051407008482,-0.8851062134579376,1.781400427202888,1.246380954613149,-2.046108511342311,-0.2025332635359158,-0.896880742539812,1.7461036751041512,1.4480644939211238,0.2795773507263497,-0.26664352860092955,-1.4399506331529315,0.49726891289509406,1.0968735269553782,1.2856387277930137,1.2163474395193776,-1.8588078374592802,-0.7088868991303392,-1.0823872909366847,0.020425391439737713,1.5905084554482876,-1.8491416589183869,-0.6248385938701032,-0.4886676667303723,0.17284025606046804,-0.4249114175779079,0.7836800346285833,1.6537946050043915,-0.8750099317695111,0.6064043503513692,0.03499842970816129,-0.15019333807652507,-0.5030638813091626,-1.3896450430831737,0.3267713862411575,1.0306421135401658,0.3463387737771941,0.5038568859739381,0.5298935162548886,0.2882042243551448,0.834765639440546,-0.04000756022640871,0.7619509420075152,0.5970309443808121,5.0
2.5369823321417195,3.8115170027543854,3.445816107811067,1.050344722498787,-5.429768249166025,-1.9937917301665196,1.7017730320069417,-0.8108202361297097,0.10967257253354885,-0.026872291607812324,-0.11536102208356466,-1.5341287290411734,1.9151303047351962,-0.6163645399473271,-2.699436242975916,0.8267842786194588,-1.698455668355848,-0.4151911954453524,1.5610381613724869,0.4016829795997759,0.49054233022484256,0.9207217323242294,0.7833356148949515,-1.571003792050564,-0.5284683397848985,-1.546519564765057,2.299514364592801,1.4739101913753354,-0.47082315766388566,0.8066411318863068,0.5319357406285211,-0.7932886033669868,0.40112911964028974,-0.8825433362226515,0.45824650596456445,-1.471009339003566,-0.2888804289372639,0.17258254247163476,0.2682332193189964,-0.89086209361519,0.5114907573521892,0.5362240644970453,-0.5845741434566145,-1.4162190885709631,-0.2602132622487622,0.8625074563263083,-0.43787225164538246,0.18696655470678356,-0.2392637226482587,-2.052243887301312,-0.6432683337027756,0.04024757336418057,0.6918505194952648,-0.17699720043915704,0.7660208028783067,-0.2074248967520939,-0.43744733793664875,0.3086605708465576,0.23447829038531365,4.0
5.233914005917277,1.2772572171040846,3.706484345020923,4.532035348569159,-4.465782220161298,1.336295801679447,2.8078571652876994,-0.7974706889403056,1.8060834718475498,0.16341207934849614,1.0126273610975658,0.5941556214536169,0.19927089194513922,-1.086954551455713,1.59379514906558,0.13160505088252458,-2.0778601850718372,-0.03579006785586387,1.822072923774963,1.7647791127507793,-0.18921596695114776,-0.34762288697547034,0.28736268756379524,0.2500831415736296,0.4693940375021325,-0.024885657563402407,0.7546806169920824,0.7500839080658652,-0.1192775832761012,0.12502899501928613,0.7029728428996517,0.616021208166608,-0.10990483263200322,0.4839426072843358,0.8793052856866613,0.08172319099232923,1.9193927597117018,-0.2950878838790463,1.3508236566763563,0.3465774265832885,0.2741855635463483,-0.4231196231294348,0.42567471786510136,0.28747888887535655,0.6337472270436645,-0.5135472742898204,-0.4796477369191305,-1.1301978379472133,-0.3812875673758644,0.40673992388778785,-0.31996921066071227,0.592522931817104,-1.174306247563028,0.3168785796902021,-1.7290633315796875,-0.9092125202721337,-1.0539168756211312,0.42003951931119854,-0.47981706977276584,2.0
1.5727679710118285,-0.4419269116217549,2.5561515988944774,-1.176572260730991,-3.9450432238416258,2.788450203433133,1.6288403926469919,-2.0052612353120374,0.554419889158978,1.501105396787057,1.7287646371620264,5.029988610150878,1.2035927754679947,0.11599351880417201,2.437452980711295,-1.0620537650010455,-0.2774470854715958,-1.2250247354976846,1.180199700878328,-0.7529908904523195,-0.3866709159245468,-0.29343806007907985,3.206398004753818,1.493345990541205,-1.0349318680989645,0.07677422744017996,-0.19627453679431775,-0.893236688691901,0.6650233260246198,0.5893913891649916,0.3406985662394024,1.2381202941287561,-1.6490664254759293,1.8125584403559947,-0.9318112815318511,-0.13990435658204303,0.48277077506739996,0.46718961498566614,1.3273125211532317,0.15442935072567837,0.6277794831284967,-0.22970518381898597,0.9692334055987591,0.40148159890325374,0.6197104040586223,-0.12899193887546412,-0.6198881495587737,-0.8995384169919486,-0.7856613825155585,-0.42700464445965663,-0.08189395206799176,0.0034204237887511045,0.31061811170302017,0.5146171746500419,0.015059623561831536,1.0143434627362895,-0.6573405296197545,0.6008460051465407,0.2506668714913603,3.0
-3.952515726790764,5.813006424390069,1.304985760443866,4.174176379172638,0.12385444110943325,-3.7478234065966514,0.6012693043404455,3.4649940593481157,-0.591362463916312,-4.696337831135354,1.0858896741194846,-0.19828467763924268,2.0411530599146612,-0.44467890122436504,-2.5364010411735327,-0.9049446164256761,-2.3207324287276156,-1.306825066875905,-2.7851497881358527,0.8687325098566748,-0.9565777023009087,2.345174523401671,-0.8410373800756326,-1.1795542567700006,-1.0661501349433211,0.8830771807142233,0.616522366936138,1.1992524536289377,-1.8969788664622294,-1.2250634826193518,-0.3845651781684049,-1.240972939526166,-1.6279421021524032,1.4656453426519134,0.387780770440332,0.7669786320322476,-2.560483302551144,0.4258985456757909,-0.20126645491447984,-0.3972400643977855,0.89847042774853,2.3437487643892725,-0.10675576915393535,0.5768158044237631,1.505341323103887,-0.7016949093276862,1.975613550586955,-2.0587687709673115,-0.5542867276054518,1.0663667741393166,0.4558441220748419,-0.04689758062151691,0.41288729841155175,-0.6071606691209622,0.04828630415287625,0.8680263155367621,-0.7154207468495324,-0.5942559379164486,0.24811377810137716,5.0
3.178725940685043,8.810818663350723,1.2855452588988057,2.820176120193365,0.35089121578507354,4.849824262728337,0.18773321781060562,1.022874925114568,0.3106309704341626,-2.599179009611274,-3.1886416000055466,2.0685805283243868,-2.509610797092854,-1.2254092543610142,-1.063028122630108,3.7882672746483355,0.006587772839829114,2.184198848442075,-0.23527993307525094,1.920172050300777,0.704080363583906,-1.6834065691819298,-2.5023776408844083,-0.12951281508009732,-0.020357857447028,1.4536472364225255,0.2323950577675586,-0.6301251928753345,0.946381335460854,1.6216910314940496,-2.540158933976852,-0.46192765593945173,1.4077732481581908,1.295967820274071,0.9539247738407737,-0.9799851322940121,0.3334779060255413,-0.3098094979761903,0.3532514976622621,-0.6370034009172374,0.0452435790407103,1.0069894699819275,0.0351662710079498,1.1431650234090363,0.6837407060711131,1.1335680127410563,0.8299390613546914,-0.8723784745530445,-0.6913985183630189,-1.1542172205909564,0.5146343892731371,-1.5351588041694546,-0.8054840125345858,1.0153340417546086,-0.14001010681757628,-0.3546147935314511,0.6324263382430091,0.6160740143054263,1.0287057389999688,3.0
-7.057589055386189,-2.155426828515431,-0.8510009073468743,1.5022162032105604,1.892450010110928,-0.16999696402734032,2.9122612326467454,0.723309867552586,1.8216325078576368,0.4531300819578142,-1.9080079002872958,-2.3290844129449284,-0.34943511608605343,-0.410306383359761,0.03410101892955766,1.0100488782910941,-1.8021434973191128,0.5677248939894833,-1.1399157511406213,-2.1280433417156774,-0.683508581203102,1.8584514166261679,0.20306780733380742,-1.7614780703220858,1.3758624141268223,0.4558706428284764,-2.113985412073521,-0.9695454814750558,-1.1431420596708175,0.07391690972476403,1.2019500160553136,1.3309609988616427,0.6639746107224939,0.2613706416892488,0.30849843606728933,-0.9899574426495195,1.0906438419155353,0.20738648582231733,-0.4130434513064591,-0.34920817426791945,0.7174549544563876,0.7676035192117994,-0.6038163219031039,0.6462521286630003,0.6448437044185799,0.33762997437904396,-0.69891497721076,-0.08293909115143204,-0.26319115114747094,-0.5216591706568225,-0.3085054953665434,0.4618405762449099,0.39556060685647726,-0.10617155541856434,0.7471030199435975,-0.36544655094979006,-0.02653682502509311,-0.14991461170485182,-0.30037856637725885,3.0
-4.319399188632684,-6.406270344133032,1.5815441858330663,1.4437281153926762,0.8168551344748384,-0.06900682628643584,-0.7798256129706642,-0.20105883750643896,1.0385691579468053,1.1160891282981569,-2.3445059003584783,0.02305700734912332,-2.1761251601113902,-1.940331051248572,-1.226473182076299,-0.12806942268648747,0.3128170285572558,1.4186448316604716,-0.7408413448637581,0.10442954806831097,1.7045806213897392,-1.1023025282452457,0.8415256230932571,-0.7938886336578309,1.8908050528265965,0.509856098961604,1.5877140041286035,-0.5472741059717241,-1.8698423742676273,2.6834152651011003,0.6655729810826492,-0.7958488060309938,0.58441549205836,-2.7809389868063072,0.29141862354247444,1.3355295350595076,-0.8816140546467274,-0.981013553893784,2.187273297446983,2.0171069831097537,-1.8391154868336879,1.0486558438050066,0.47343673654635116,-0.6346414255492326,0.6327957451448644,-1.5237858661423,0.6595642378003778,0.40770644418736174,0.5892291456773596,-0.6324200057849095,-0.6173585720420439,-0.02945205360462018,0.15447049687416078,-0.5360788527685701,-0.21200451208101415,0.17343659028137137,0.4828392424180384,-0.18626955542574125,0.42504394289936115,3.0
-0.0714614933875099,11.080535553132282,1.172601623498364,-0.8308809813911873,-0.2892900923169523,-4.472456676422119,2.2062907163340544,0.66133032340007,-1.1598663629837849,-1.5835212285471176,-0.5158370596399854,-1.3390875245141716,1.724667134479839,0.23639078562530869,-4.236618250044681,0.9804225915931922,0.9621263596350916,0.9047344185804738,1.4278719789912302,1.1837460365650996,-0.20732192091412596,-0.996532993506633,0.6715793876897754,0.3933618536778706,1.8670085506937768,-2.145374236328023,-0.2497319616759523,1.2804525644813625,-2.979599159389121,0.011441259743025279,-1.0656253995100309,-0.8951876159335201,1.39528604094007,-1.6948059289971469,-0.5230302445181297,-1.092091668672599,-1.0424006151608634,-2.1189953938921247,0.05165527157966463,0.9314038417948963,-1.7540201898619285,-2.3632190194884077,0.884331986514999,0.3146244326393472,0.7364829334383058,-0.6600671314571767,-0.548603920683648,-1.0100701563520338,0.45452807845676274,-0.8259681872884591,1.2627848792965108,-1.0210310589125962,1.1718716115193397,-0.7902226520483847,0.2780842838115367,-2.025998905609172,-0.22181827908070453,-1.1309310771869518,0.6767304416297972,4.0
-7.055172996993321,-4.077140227880634,1.6836558418403824,-0.3180445129354879,-0.5798438495742372,0.11718851285812233,-0.6176799641665062,1.0918772665600727,1.27514650438468,2.628179424224153,-2.29596917302732,0.21495072299982976,0.9932602648227187,2.12656657605497,-3.8021060729801026,0.9445069593334949,1.4680025933491054,-0.19196833861021717,2.3256548005350393,0.5342985667950273,1.1316469943691292,-1.2331619835249952,-0.12384441340797087,-0.18397863076903814,2.5667359978119606,-0.05612522302522766,-0.5686289824439243,0.03423044114533449,-0.03474100853986523,-0.5832970039373939,-0.7336930584593951,-1.9933277808855652,-1.1385921843477689,0.7894832489018934,0.8191277991421319,-1.1939887060518377,-0.2930285046238049,0.35381556433959455,-1.1208384504138222,-0.5394712102691116,-0.799483218944965,-0.27357129558334775,0.34449804956996594,0.11908277535720806,0.2994591596510177,1.7214946036484386,0.41089746178984515,0.8244955514052359,0.1369379012130639,-0.11526249661878181,-0.8487837630185184,-0.1511541594037931,-0.10513325933727825,-0.4579403698881348,-0.5493027224772307,-0.041277288769448396,0.42096066551007066,-0.28417802159684463,-0.552479181979561,3.0
7.751579016347348,3.860665899281238,-0.6548544807824115,-0.4073915129338551,0.6498826060002884,-3.1132699987976618,4.0782863780166325,-0.021313775924319177,-1.7870664190068624,-2.126872436403997,-0.09987951776250191,0.7467942685684565,1.104923819338306,-0.08975865192187553,-2.2012036784981506,-1.9062053529660126,0.2999859187919421,0.4940595428258387,0.8852088117212585,1.4508728449965478,-1.3454967628316958,1.6391693691343072,-0.1675397414012008,0.6927156610207297,-1.3400911521796603,0.2574642650433241,-1.5542689737409494,-0.47129667610306875,-1.975614531449672,0.7858034543718653,0.06771266838703596,1.783929933669456,1.0397515743349621,-1.2888323395294203,0.4648548793787678,0.28120041018975095,-0.5970910112889826,0.39908240070670176,0.34209895231748877,-0.10276793651396156,-0.8452823220072809,0.08261538938066694,0.23228683256210259,0.22918602061479362,-0.7514794046184312,0.2247012546954363,0.46224397608432743,-1.0818030129915046,0.9320124204107649,0.20163747892083986,0.3779166202266531,-0.24368331501274773,0.32339655162397407,0.0006192120515764331,0.5004493171145316,0.3636010387546483,1.1417514499997812,0.5536937232454888,-0.2529374526538925,4.0
2.178717362553546,1.33008555109645,-3.4372985422349043,-0.09975218250779704,1.864619849701172,0.5816972020499356,-0.6611618009771225,0.16285603161434908,1.8462533752956296,1.6481195826240507,-0.9908956715398408,-0.18608642494198058,1.2874682884413706,-0.7046144710417526,-0.8867533785158442,0.32124858059770867,-0.7647044097073106,-1.1648507999308546,0.7162376222500845,0.7365813810588658,-0.3290958409588275,-1.1445369301619286,-2.433310973511206,1.063455003829708,-0.3041379298283727,0.8615388565766428,-1.419471194573231,-0.381450993628191,-0.8035538105887391,-0.21612610631727955,-1.290594110925608,0.9928268338757552,-1.2640395288399806,0.1359761279931151,-0.4759411294431076,-1.2283685289080353,0.07316311291205585,0.2376771160950725,-0.3238140853238687,-0.7072976922082351,-0.003849309323192789,0.32973320217061847,-0.14845397567264265,0.3213563944985496,0.42674800073778846,-0.17386831538153683,0.04223146833906842,0.6878877190342955,-0.07242782417040923,0.6192308192222987,-0.22894325329611587,0.30351193457462444,0.24053458403689668,0.4928674381691038,0.9375901871209459,-0.13335031072658923,-0.7191199922985786,0.04038986198297145,0.4456727780814128,1.0
1.2299711958574806,-7.610536587758443,1.383493682028184,-0.2580247827877651,2.7394109356674803,-4.471605191511942,-0.21228045214409277,1.482784359371441,-1.9362372126711311,0.8207263651497336,-0.5487621282722612,4.041916283999564,1.821085463995107,-0.046578383005993526,1.6705050325132846,-0.4220098355359976,2.1756207665411225,1.383905656902494,0.48958201894520237,2.8108439269962555,0.06226386934726219,0.06940695364028104,-0.09192472407264715,-0.1744107130163828,-1.092145868610037,-0.04366462758895794,1.8104215359388123,1.2943334573463499,1.464163159173521,-0.16595580555842793,-0.3671022198119675,0.856253665816706,0.17686003284500726,1.2968881597374162,0.6702970464110478,-0.4612165503876926,-0.2020683758259355,0.320400965082497,0.14504235328278484,0.30636066848696986,-0.011735769667939601,0.901196265278649,0.3846515457125892,0.9737888465237324,0.18759874755184058,0.13870925001264336,-0.37043762413364106,0.09636064080357289,-0.2627971124782447,-0.4019768235993019,-0.7465770246799992,-0.15986844919777551,-0.2742596971665835,0.03244472649838313,-0.09742540808878399,0.17161366686068827,0.4866871970030846,0.48057287390179954,-0.5944411098585853,2.0
9.092121308611038,-4.874760913876656,-5.815406428720026,-1.8584976467816454,-1.1254102364402654,-1.660950185422779,0.43653187088499473,-0.5485254344976781,-0.11935827141711997,1.590860893110484,-0.005056250230389733,-0.16152137759541702,-0.9040442869321156,-0.8816277174893086,-0.24365173990900293,0.2740549062150416,-2.468029937660422,-1.1775592677627595,-1.2337955431040522,0.26290679601926753,-0.17690505445047208,-0.3588736050039806,0.5998387794351875,1.8269466392014146,-0.9788421598750543,-0.5037592189996316,1.006738569242267,0.44853162318859763,-1.0422470753456088,-0.8929415408908786,0.3289221846359303,-1.0555800312012877,-0.6469823387982142,-0.12019113623074282,-0.8025312150255794,0.7190475558563985,-0.6056791136376473,-0.08408920902346596,0.26750566354540123,-0.5739904025994076,-1.16328935193706,0.41448573407793515,-0.674274713262542,0.8891294841890753,0.7755162287577708,0.15318083690585538,0.17951175140162082,-0.6133418043788466,-0.8825009048304718,-1.327130999284141,0.1407828854923713,0.061240802523738695,0.24435257624565154,0.22039972351692871,1.593700816301931,0.5454542388783422,-0.14719430041385037,-0.3740613416832997,0.12270540285503242,0.0
-4.09656724913757,-4.898786095616959,2.4784697316991147,-2.594902266464742,1.6903325511448484,-1.5968809140974718,-4.566021499601571,0.12148577395839456,0.4844403556825128,1.7609856847822891,-3.214845872323742,0.7799251014409101,-0.06371082572090496,0.9242871259031906,-1.200296488747482,-1.969004586377304,0.9300779562803203,1.3152370141831644,0.2658273667008323,0.2801892242977184,0.12539373450282262,-0.748775146530113,1.3428586141557346,-0.5317091118000797,0.6614461464519752,0.9009243777969624,-1.636457625657771,-0.0090449350541983,-0.13681172327754937,0.46712387505212805,0.736689177799002,-0.2930208572817286,-0.02154505720651438,-2.2192516484761895,-0.7956968714818906,-0.3778398869235151,0.475622215773568,-0.09528720364004985,-1.064230309750217,-0.11629109900747348,0.4498128355777192,0.7175861718483777,0.08236389308560689,0.560876734074603,0.1529883788379994,0.5670106401160663,1.893153140081431,0.5323260515418754,-0.15127528779642993,-0.2016354467364484,0.043845549568670275,0.040501805086637296,-0.3421467004717503,-0.1887326015306858,-0.3315559473768605,0.8938447711566769,0.7095778512886787,0.09040605614054958,0.36153431635591865,2.0
-1.5352954438205397,8.650343592339194,-2.2028218579094174,1.8508832823483239,-1.5196655498748628,2.345374212901602,-0.45092907894383366,2.564369369370342,1.0487041979438223,0.6576064350766385,-0.6098523193441908,-2.37355490144244,1.116338171278686,-1.0367093458538243,1.949290051723463,1.119504741656571,0.8127276337788673,-2.408118421252741,2.3197532285519116,-1.1717464035488656,0.08823408598961621,-0.1102807933215735,2.445234717506314,2.2652334114576576,0.3245104879299704,-1.373708717327774,1.2870820013665087,0.5447219349724363,-1.3462074076737094,0.4762894861138597,-1.3154567659361327,-1.5980901410582153,1.0093872763959035,1.5151184408517244,-0.31042747304998924,0.9529810592059259,-0.34110989917400886,-0.6655701741754132,1.8028984462712287,-0.7673531652827494,0.2050932008711848,0.5215842559118588,-0.11339681182304169,-0.7892066624523816,-0.11668001310568002,0.2162826109755045,0.8891702151798722,-1.096666278110162,0.16401237862725143,-0.34636483048590594,-0.4175166560943846,-0.3523269921329267,-0.7600876908642556,0.18633396423534596,-0.3250331681987697,-0.26480094043613933,0.46434056123790013,0.6692910994560616,-0.15781784567164597,5.0
-2.096249314856005,-3.6870177116732026,-1.314246159859143,1.985988188092594,-0.897005073468091,1.480199899389729,1.9056453601812657,0.436730994045827,1.7078400681905168,0.2558295473782143,-1.63370026594619,-1.5781455479302928,0.10501311207298032,-2.037506028595377,0.07076171110683056,-0.5099457679699346,-0.1810743913672728,-2.929800371113782,0.5605628099241128,-0.8054289765118058,3.5416854805972298,-0.3468827923338741,-1.2624597686023322,-1.4974330645497345,0.4608683030999819,-0.31646518546562663,-1.8375474626020176,-0.46265436255301023,0.3739219248201227,-0.5241917945587823,-0.30941021505184946,0.19343279670299834,-0.7839860664151141,-0.6134111547072504,0.894377328313758,0.5019037314748971,0.7349618727256207,-0.7464347916565384,-1.0068707234934058,0.8492646970357963,-0.2628397137823054,-0.5730696508655204,1.0347126929982773,-0.8957969884848811,-0.32914113640991755,-0.853872442816186,-0.5529534891743144,0.35260459137783573,-0.9831159552514867,-0.16196130474471293,1.041172805025575,0.638902386038915,-0.4045665709784021,0.4975888384692343,0.17570010721177748,0.2399297454611536,0.7558016450608823,-1.1356038515430296,-0.12336274949146672,2.0
4.734215618102631,-9.81861108205923,-0.5969092066428333,-1.375334646257436,-3.6457634583742373,3.3093973091377498,-1.2309502254205344,3.030054852568362,-3.9939673243758484,-0.40881476421040097,0.09475906730029882,0.6488041430192488,-0.4077718119244779,0.12287887604209795,-0.9134080109153387,-0.5670624246788787,-0.2814632734680033,-0.5835441692217874,-0.782508293952179,-0.6252233419130431,1.2061513904889585,-0.2511641252613718,-1.0375738648837058,-1.0905877711669918,0.6835288951071171,-0.3099436103559432,-0.3881661356243828,0.6351759164088782,1.7536300337347643,1.185117275768117,-0.02097751721987602,-0.25365964558441995,1.0607710893883553,-0.28411232260582175,1.0259317384694322,0.04685416424676954,0.7269601918493511,0.26357754190380256,0.43183249549380914,-0.2050566608184734,0.1494338258571328,0.004119014738677872,0.3328742649108976,-0.4192386130225236,0.4083870999918665,0.3549892016402614,-0.13682418837811955,1.051336138489966,1.317888817592202,-0.26835765005712203,0.029134826475439652,-0.3855659134791354,0.9964182072540752,-0.12676421779814062,-0.8932500814259318,1.2772677469962246,-0.010812452730459032,-0.5424705578600494,0.06919078729396945,2.0
-7.958912144928241,-1.5713678137126825,-1.5718500615636897,-0.666585230060576,3.7621357425592143,2.0130213277447675,-0.6773994038101012,3.9279027300074416,2.6260487309533347,-1.244903639612752,-2.079380599248346,-0.641741569974768,-2.5685222378766475,-0.844060145213903,1.8076167673244417,-0.37904252860565885,1.4274398683900957,-1.2208197389636561,-0.21322292405272303,-1.2858111725007253,-2.0083898997747327,-0.2211048965090034,1.834163325193142,-1.4084847845788526,-0.18439569983182302,-0.5249866569603576,-0.9940624007342342,0.4296483960811406,-0.6912988487413563,-1.6892394240495945,0.8773410582666813,-0.1157254069995505,-0.3783474201138797,-0.832499228526864,-1.5139330416089651,-0.3424160925449639,1.1610437889620029,-1.5580129294064122,-0.574652349128832,0.2762943361686217,-0.15120917287663857,-1.0098398244779094,-0.17150810526433272,0.7666443097475366,-1.3003968849981817,-0.48251282305304766,0.621365459381122,-0.4058048851747976,0.70494275107848,-1.6665238467973613,-1.4148569202900563,0.040653564873534366,-0.5114922063159356,0.21589637806592094,0.5605990744564249,0.8284219939282166,-0.16752618269055972,1.1800349436013333,0.10869619347433616,5.0
2.8262546383795866,-3.2752092145911504,8.172713411856648,-3.464973445264063,3.169413758161448,-0.5341776224129878,-5.317858042542419,-0.666926186531534,1.913784728690703,0.06293368719379207,0.7820699798946994,-0.04791131012216579,0.13491906277866247,2.161249171738917,-0.5930356149996787,0.19586227182980742,0.5363881197082108,-1.4460783362840182,1.2535711031616055,0.8614966835835535,0.6784941586277708,-0.6569286191133653,-0.783930218781406,-1.699134198479691,0.19953518526206404,0.5265237494597953,-0.07950784081945537,2.0904279028128423,0.6051361084950527,0.2519260962094091,-0.3136117143325132,-0.7775655095043826,0.45749070767564554,0.05946643920162249,0.41599135684245186,-0.5595849786536249,-0.24743432538457477,-0.15407278892764192,-1.7803564034782764,-0.691106106929958,0.18223266454135167,-0.3453673438748668,0.21888468053242768,0.9660943634537033,-0.04266089406987021,-0.5066701252377779,-0.21521456647271697,-0.2398325107331553,1.0118161859947175,-1.126252918425667,-0.1524702272707475,1.209726199093016,-0.3241966087553778,-0.014257022461589065,-0.4948249987333215,0.9538831910361867,0.49964244696410937,-0.5810389939150242,-0.6188430142303923,1.0
-2.2536571600408095,-1.640169495846685,2.6560558603397695,0.5474803636391535,-0.06831549078053596,-0.3838879547037085,-1.7522340255964697,-6.204044736405788,-1.6167649806805524,-1.7978973248850036,-1.3875572298860244,1.4362849938592466,1.5591215069628503,-0.7988530136116275,-0.7049611138998247,-0.11271664573065872,-2.1725468550124347,1.903365068019714,-0.7612381200801869,-0.14571875722299582,-1.361809814415723,-2.7886653509873134,1.7483001542254384,-0.09624546339778395,0.2847863324240877,0.8780913776232809,-1.1868702485562386,0.7685974023628682,-0.2243539341178942,-0.9958439693411325,0.827106874070704,0.4817054329459093,-1.0821422762915713,-0.21882606310690975,-0.11554682527547444,0.4954709933769702,-1.017559316014376,1.2207540881479615,0.6191768902998624,1.0328590117807526,-0.08916575291396868,0.04922349074705288,0.0024335444112756227,-0.08090064624820172,-1.9086649119449186,-0.5428852413002143,-0.5916287088830257,0.2337734589058318,-0.5382502904988213,-1.5259375226917178,0.013944344669522152,0.14335926429429716,0.2882902433962274,0.39683170506945586,-0.4864919866927827,-1.1764688065630768,0.20374274559417113,-0.18899583615932228,-0.0717317912289208,2.0
2.4968955805213353,0.1979518621663736,-5.744212901612659,1.4845958005672728,1.607162030573367,0.6466190358709286,2.4688347291615216,2.2346123269483686,2.703260653679238,0.9022121704207512,1.0274395286230773,-0.4577002768151938,0.3574541915577459,0.7922936657991692,-0.6761607314569067,-1.037074251192642,-1.0465436403586208,1.426881199603982,3.644128166437636,0.6172040765008356,-0.025001994372077736,-0.3514369568175661,1.064979558418601,-1.6363209520760027,-1.225996973969297,0.907777960826501,-0.6672741492203268,1.6990522094215688,1.0246095590122064,-0.06647061523728444,0.33384081887475314,-0.2507612116739752,-1.3773666709137753,-0.539916308739452,-1.896831164400719,0.13982558994475383,1.2840343635447253,0.38841516453916697,-0.3453023097740311,-0.5875886021635748,-1.1662652664207078,1.0152307850948237,-0.5369967711251968,0.5411333504810945,0.4532179305895648,0.45734696749767895,1.1089424725881014,-0.7754776709184841,-1.2287199836349363,-0.510695416015351,-0.3037781870096789,0.9306162044185092,1.0697136577119202,0.2895784826773235,0.01889617062052801,-0.9149951092428514,-0.14425972598383394,-0.22396145799795458,-0.24654205470026155,2.0
4.809536953791228,-0.40905240128826625,-2.809933769280487,-1.9198407026364237,-0.6308457514906741,-1.121067035168448,-1.8918311652713726,2.7663311320203876,2.3325377236482128,-1.7789595946575258,-1.056005408710498,-0.7937833939979373,-3.0992653615080092,1.2516854270793312,-1.2248056224180683,0.4120933433180725,-0.5094546039859128,1.0106620659729608,-1.8676010723987282,1.3699172599093932,0.4123684390997594,-0.2162933457470827,0.12907657324399036,0.7881788827908685,1.960858704089289,1.216732657222134,-0.004143288431141866,0.8644963423834594,1.517794041672852,-0.6241134581800656,-0.9744926506244399,-1.0406997902793986,0.7112665989103141,0.3737694784042715,0.798883926541598,-0.714867819352378,-1.1973384134146436,-1.1953348582010934,-0.16494275306206452,0.9267065381266527,0.1669522616526706,-0.4517495104178442,-0.29976658793180044,0.5097476290717862,-0.8411174925247066,-0.2878738267683464,-0.3860663789508169,-0.20850407678645266,-0.008983525065904855,0.31300911278252774,0.9021720787993139,0.5206120616897976,-0.6694442573321585,0.8018379148504279,-0.293634034576476,0.019492922098029296,0.10394311076127875,0.11936952183883187,-0.4755878973036822,0.0
2.0628967299257583,-5.610708077865189,-2.6294986409397065,-5.911540672067375,-2.561867562455379,-1.0394612909842362,-1.0352470037065915,1.7561296421483923,1.1031667584355425,0.1150787134392333,-1.736415768479242,1.047929303474266,-0.9857460330961624,1.7894332671759208,0.5913825875169347,1.5379163117802725,-0.48213751143375166,1.1169455046665158,-0.6711898877908525,0.10620056985549475,-0.6990959226944098,-0.8106689656283927,0.780817689643736,-0.7134825298675239,-0.08234573057545046,-0.9748614193057127,-0.9242007738175719,0.27416373017792584,-0.11636842863259655,-1.3013295505345608,-0.3914838977589558,1.1377542669398337,-0.11255531781317187,-0.23405035426420615,0.1651026253116713,1.166330996418483,-0.9066418466274512,0.3325722921858021,-0.20460338193342556,0.6688094971233686,0.7392271021111697,0.2919127939381998,-0.4781268740439852,-0.8169225102127033,1.0591857107926517e-05,-0.6708152312531852,-0.5744463272061184,-0.6685485446088681,-0.13786251756924708,-0.9410362987935019,-0.07553704440339548,0.5158108810347213,-0.12858363798874176,0.5619431130426779,-0.6893559592280526,-0.5470623754792914,0.2017509085800855,-0.05211477636848961,-0.19234003485705942,0.0
5.080587301488738,2.2578900617372875,5.457787647772483,0.4539330656292012,4.493796870117902,-0.22293642527702096,2.7264451918683523,2.354361147816475,-0.6420514831941907,0.8904723480092509,-4.573869349709857,1.1524324244897663,-1.0897000210963947,0.7747132956498676,1.223833440443324,0.1387327138903475,-1.7230287652436598,0.4280125558802772,1.076506391046577,-0.6062706460056382,0.8956555686627781,-0.7122436424603237,-2.8268439082994385,-1.559846604678914,-1.4710275750160644,-0.4871968748281774,1.9201268978821195,1.0877189380401278,-1.0178265442152639,-1.3080216821750192,-1.995946899980804,1.480363150347413,-0.6586444472305996,-0.7249141947040753,1.2651071992217928,-0.3818494317275291,0.3183485460546711,0.30462142403894643,-1.0485786818360299,-0.3053122011965129,-0.09777906946368321,-0.1396256400559045,0.561354945500666,1.6475804230613893,0.7117392231759182,-2.6322942250242467,-0.9048416748478152,0.0424570026686084,-0.5460541456193154,-0.2475817546299749,1.668762427813778,-1.400607619798808,1.9526476510976665,-1.3670640164302341,-0.7949208703737936,-1.4319251439788052,0.04930849095027949,1.0125621875776538,0.6739193433315437,3.0
4.057236521677826,-5.013195393529431,-0.8984169736069341,-3.367960755099617,1.0712802584966645,-1.5937162821431734,2.321122437115605,2.744567865150691,-0.1842592325220617,0.3070587121902404,-1.783167812452764,2.129086292592564,3.6484383190991,-1.0527064746496615,1.4558703173948073,-0.1806024525700137,1.1464320752981632,1.038785526110606,1.5690060775576675,-0.28974480298755595,0.6817880324778841,-2.038048601285075,-1.7780557983611402,-1.572192075289096,-1.1174553861046528,-1.612751459192967,1.5270307012574629,0.24199042169013632,1.390292784101985,-0.4442179908211313,0.7229179621483531,-1.392889080133483,0.038909521682367165,-0.3259351792948981,-0.6292365698725032,-0.44465785017550474,-0.9673123871882389,0.9439298567433205,0.025208664985605204,0.6726420630036064,1.2528968336753203,0.9192523374349745,0.1330267334424644,-0.9790243894279717,-1.2760031064118824,0.5602091264501731,-0.765628520194932,1.2178889591119142,0.14244958082267895,-0.007586707525407082,0.6089630135443103,-1.2980364046090547,-0.4406143849806196,-0.3821499339321841,-1.0956760093163727,-0.07922951580487964,0.6562675713324535,-0.30136459655578013,-1.2089830544122855,2.0
-0.7025514397020692,-4.663684101836389,6.8489518239945,6.140792371306825,3.119685022216984,-3.032157580826622,-2.4489616152478804,-1.1943252054873001,-0.14731328967283006,1.119768453100266,2.4438375565520607,2.7050792065619453,-0.6443757173004255,2.9397122276412864,-0.33711823100916477,-2.4525748610842872,2.650627204043192,-0.9128566367014946,-1.1251907254960474,-1.9486638467934805,-2.4111469934862235,-1.049144186242435,-0.44762225182852083,-0.4758177414148727,-1.388357971940877,0.5429695373766563,-1.2437851453767301,-0.015465534497561967,-0.956020027546795,0.11388122105661988,-0.27514939836351304,0.7287247750955916,-0.6979177720138646,2.926276977535038,-0.0003295583804851915,-0.5442723401363092,-0.4128802246086523,-1.3327784556503675,0.4087361493278786,-0.5375068526641343,-0.4010114681392119,0.3804886291235738,0.18758158388452936,1.0653313454727906,-0.7437684647497207,-0.974534925489441,-0.18951041297113586,0.5734413103268867,0.18993058029198062,-1.466258465992305,0.5267205412563134,0.05867524361896344,-0.2728173635220129,0.9451462056630228,-0.8372685511530438,-0.3524297757917434,-0.08720674210985371,-0.29641547215209907,1.074805050596041,2.0
-2.994477919393999,1.7866190220396527,0.5580306293827352,-6.252244356002571,-2.3449585040742678,-1.4362791917938318,-0.9679250510534129,1.1971133928309903,4.749869330409709,0.15262519610851163,2.6656989275420098,-2.081481389884849,1.8533332478816058,0.8952880028014831,1.1141790190553629,-0.4103706202857026,1.7967755655288205,-0.775202287799008,1.4242197442176092,0.867489581619602,-0.9650494359614299,-1.7618208917296805,0.4665167588172801,0.2562614904696742,2.937932227724058,-1.160090877443502,1.1876231294209108,-1.385803139333811,0.1790469455686652,1.676883611429541,-1.9335385502365696,-0.949848063737661,0.5514530959002043,1.7888888266283143,0.750608807183745,0.5386020695960039,-0.709692838610337,0.011610959295345563,1.78587250636449,-0.5356524939206718,-0.22007994254720242,-0.7928489981128609,-0.4108422558148316,-0.04628831536325463,1.7601644898796458,-0.33908291428260157,0.5281523291833755,-0.1668855278044163,0.07700241523868606,-0.4467032518425865,-0.811155824357697,-0.04362130290436634,-0.6997651096013474,-1.6164060858490106,0.174462038133875,-0.021555624372165894,0.1296148138178471,0.7659877132800903,0.6243831460764381,5.0
-6.164547828272227,-2.9285879045267436,-5.896570198751896,-7.175722347704674,-4.300071432261134,-4.191673234176828,-6.528028802675081,-0.8975326830378549,-2.839851756663308,-1.2975673720470848,-0.5918446520903907,0.26866887657500677,-2.9212540152429103,-2.3301076487810843,-0.7712829394632679,-1.7452295970608467,-0.18787126439695817,0.7780786764146932,1.2069129448974691,-2.3276502008595465,1.3044738214171845,2.0462936457510628,-0.1564658644665882,-1.0265660922306727,-0.3486611083187587,1.1312838059883081,0.5403484920141423,-0.8588630613029816,-1.4390008831141117,-0.6166598368546261,-0.6975463551855907,-0.23825809063141776,0.3245464253969801,-0.6042723546425451,1.0379602014766947,-0.3426941268204395,1.12237726179527,-0.08738503858839898,0.6292581651750477,1.1644003414438648,-0.7784146974534432,-0.5311128705611962,-0.25292935945489964,-0.3477384253981562,0.3222075580912677,-0.08389361387413995,-0.18476192787059698,-0.576048364616074,0.3694371882316848,0.012470911864794765,-0.04450127158993105,-0.1322362032139742,-0.4850725704208278,0.1941089155193639,-0.09513760086306874,-0.41545327979108393,1.1127074473098386,-0.01772236756047498,1.2439357977827916,0.0
2.6890016986836196,4.958355610576592,3.406205201289081,-0.44628463770907556,-6.6319876152326,-1.7577387307669212,-0.6442699594446405,0.8161095863710437,-0.265302099712758,0.0921426140181398,-3.292033240302544,-2.890780147912589,-0.6885455645505622,-0.6680222496281908,1.435707348158321,0.04203226357287934,2.327420997543495,-1.2997245653684815,-2.5953704213798545,1.6110854535560895,2.22218689186,-0.5411811914300738,0.6365685891803406,1.5760339588891255,-1.6712075330955496,0.7751645584305396,-1.423327455838382,-1.001012956590288,-0.32323100835964536,0.028881889348049822,0.28425748193330524,0.04038355211519698,-1.173321772275281,-0.8893389552525428,0.0153297485172491,1.2146712016342964,0.7321470238602708,1.8266816461171163,-0.6169642084752074,-1.822726112244864,0.02431848437445717,0.03743034471966769,0.35336097303475844,0.23098366218752267,-0.24531184654120664,0.4095890164399113,-1.518246753522926,1.5204690543667738,-0.16367438939341755,0.5782734433593301,1.7065808205069488,0.38079718304356686,0.4448511449686875,0.15107717023166878,0.5212414695393024,-0.13683085028037617,0.31100527096800384,-0.5980704914976018,-0.39473624859423784,3.0
-5.127315085943306,-1.1948970554788974,-0.4878160715005899,1.9739782094854152,-0.10319756220358785,-0.1445781220326443,-0.9255991112667467,-3.6725778605808532,-1.4144519738302526,0.7967661019430067,0.35410614119251044,-0.7532466920012237,1.6215390512063144,-1.0244373976425287,-1.734829969456732,-0.44351136997654605,0.13248646911959797,1.264654756614248,-0.589652091204511,0.09060495715909476,2.4723778101560603,2.838192703669566,-0.5526482843113306,1.167291375546186,1.4101904381946404,-0.2367431405796814,-0.34853441762980625,0.13808430529999152,-0.46762665191188285,0.9648024050121522,-2.2385538554687128,-0.2485874361306033,-1.2024615434156396,-2.9493031072343725,-1.9250088112754333,1.3869965098106847,-0.4651880521281543,-0.6233344136578165,-2.188128750372064,-1.224034147344024,0.5601583530497257,-0.8205889075296262,0.6191995643934545,1.412144345052425,-0.44788316396930994,-0.5967317064014961,-1.2842873666480121,0.46449250085748395,0.8332336722836792,-0.04122327466323131,-0.3395515984296194,0.5305649342741556,-1.3809957228402638,0.11106154922931943,-0.9111808884270359,1.009970986565028,-0.17371124881944414,0.2540386170557081,-0.6878105397844787,5.0
-3.413459259393039,2.637341495302713,-2.5419479826459823,-1.5114751300743832,1.4319623199255662,0.928074496215927,-3.726404556228192,-0.46310249916506024,3.393352423441208,2.1797696056476443,0.14819077938687208,1.2154256761641864,2.84496307726517,-0.758563179838541,0.7909700976628772,-0.35953391516696764,1.6515758310130875,0.7643584744763323,-0.8724600162942436,0.8810688323132333,0.23104940033711338,2.040301149137277,-0.5504381831577373,0.7777013013303373,-0.010843254107801651,0.36739405722051355,-0.425499855158869,1.4056276749486452,0.6522479469310937,-0.15655387571514215,-0.449205003840713,0.1558857945309532,0.15263073721285833,0.026397867911417214,-1.4087224941038279,-1.5410307302797368,-1.2039704843619383,-0.46295186906091534,-0.4887018977556804,-0.5351499462673865,0.3802302366890636,1.155532980290436,0.4767189052038899,-0.45482468153761285,-0.45602104245350134,0.06993916089307727,-0.8177420612603262,0.23809400913050624,0.4487290588095643,0.005702813896687941,-0.12544623500151528,-0.7665645790384825,-0.21578361325336268,1.2674732506266464,-0.41439691731106776,-0.20263999304884633,-0.045712911593053886,-0.44840680390683174,0.1521767068748875,1.0
1.7794717526985917,6.748018643094711,4.044916029436253,-0.4373054973341711,0.7620109598826972,-2.250249523946418,-0.2204374551795387,-1.677146378954628,-1.8317267019436942,1.0901419213281074,-0.2593950428826212,1.106531974799231,-0.9161423686429223,4.4649595402335445,1.1667417641608198,-1.5778284158640772,1.5510658137668578,-0.25104079802043283,-0.22063405960129065,-2.051541879464764,0.9614195131358012,-0.16547526227323853,-3.361474650575445,0.5492365853572632,-0.3052533977566267,0.05885254377948502,0.9208764729601359,1.1935891951072979,0.6507199798763088,0.319440671363056,-0.1702333107388459,-0.4177818998870083,-1.147130763595469,-0.2734572622622904,0.05151581293996005,0.5846938726870741,0.8252153780216333,1.0702640312990168,0.37938013702046947,-0.7735006433147968,-0.48999725651982595,1.4843783843191145,-0.8600555864820852,-0.1420708121484129,-1.204524305039899,0.39159808374212973,-0.46847092059587486,-0.014968530190134229,-0.38467965053125597,-0.7055671987062011,-0.7833891918767913,-0.44529139212052,1.7293712433966963,0.3611394435766705,0.1107848975207914,0.5780293636707402,1.1107600940201765,0.01942868871121909,0.44343741019416505,4.0
4.996239480415753,-1.4697839505582402,0.4825859318738708,2.558763956270305,1.408870895963907,3.6894587579146747,0.5633466341458369,3.8683304249049315,-1.4725664518325734,-2.5895172474832395,1.9321202619440918,-1.8528228841564083,0.7753841048843413,-1.673364201046059,0.44684943356745765,-0.2271633289995442,0.4743526734854023,-2.235414200895459,0.9283129009418716,-2.5831845476963187,1.033874896995069,-0.09491451824234198,-2.2596246031629206,-1.6056470843196906,1.4424298876836703,-0.7549622330679701,-0.652381704605531,0.9945549602882057,-0.4358872277330836,1.1440472899658376,0.18588473359180335,0.25214719439716116,1.6952204214504258,-0.942047226476024,0.3377149131994565,0.036848683065853254,0.09751791782979141,-0.9823849357059763,-0.09759813310949822,1.097014714713164,0.25604655734428855,0.09317410446387683,0.31073195644064305,-0.12109023543015789,-0.4711082849144222,1.2744095132674003,0.3471913367246063,-0.31341888058893413,0.346551659822442,0.5584593146623594,0.15326916608450786,0.5530576407826647,-0.5071378026141851,0.012588799302327649,-0.4150464753304302,-0.22630857440993118,-0.5656555821528937,0.8555413699998966,-0.7083685155101016,2.0
1.2710190212920687,-6.2654814241754915,1.331716692251595,-0.7459661021914556,2.19915608081349,-2.7857268429677315,0.9067408964199345,0.958572689620572,-1.5534737845141988,1.0382814628890753,-1.341120927794321,1.2413114316008886,2.1022110053411756,-0.22387579096913401,1.5483238435949134,0.9412792382971323,1.0249525167493923,0.5893339289406686,1.370226873831131,1.6355623320123605,-0.06917280587964351,0.0711186692331872,1.2855589842413317,1.1761417118991178,0.17711437785385808,-0.13600661832033803,0.3204090423445701,1.1094525754136917,0.8739357167208526,-1.0848279164370764,1.2867767780860815,0.17468415961945444,0.43968125737799,-0.07217911214514125,1.382191962414868,-0.577533545961053,-0.9853890655441183,1.2259643626988577,-0.659524911821321,0.175259108187992,-1.3061374205527214,0.11292039223015807,0.29827057417151304,1.3885016463170023,-0.671836889764058,-0.40627857419744723,-0.22695642780898076,0.7794859291580181,-0.3506563292688255,0.201274856875563,0.48101830295139164,0.28206682962673046,-0.120166659092032,0.16923525800130984,0.5190078520288983,0.051699024177104196,0.21372292996132802,-0.27967425136190266,-0.00784312327151239,4.0
5.945052643941744,-3.109613552172389,-3.3043720929643996,-0.7495047000869955,-1.8716741087851891,4.014842859084692,1.218249073815888,-0.48487334966763473,0.6024329621048355,0.4191390827205253,2.380761752765095,-0.77886664963528,2.086246471574295,-0.6556687010046942,0.37204447131234014,-0.6576033053983508,-1.0926564679312134,0.466102941649885,-0.36144246306486333,-1.5694680721557754,-0.9128495070512421,-0.24179921135709623,-1.210385806891257,0.9421793151127267,-0.2758794024079838,-1.4363966458880162,1.9331010121902852,0.3634506289278884,-0.7945662551535866,-0.6261859761507627,0.7651607338025141,-0.8004631507465266,-0.7758263726275498,-0.264084423967114,0.8180737683434747,-0.5151195761177637,-0.20711627580061984,-0.29245825348912374,0.48473938777504955,-0.18936499991075945,-0.9416611709437226,-0.7099231162762766,0.28113736080765267,1.1273468260818316,-0.7673961517596121,-0.19135704341212403,-0.06810626831748458,1.2718695471355999,-0.7778591295336006,0.9244212308842984,-0.7664395694218105,0.4238985286868093,0.7926594776149553,0.17977688924621,-0.1474421595700618,-0.16433014018652203,1.124955339705234,-0.5659080676997853,0.17638256995362506,2.0
3.4235656778760055,2.4294119677036297,2.855529902386753,-1.722336340707002,1.0667035013482247,3.4047634315790187,0.6215642502763704,2.2139629550921263,2.8271710594910084,-1.4382216702356858,0.4181383564670715,0.7454961583289667,0.08379419846579676,0.4333969720790566,0.6691366364918289,1.021760326377257,0.8807234849402511,1.0756461261314691,0.286736437449804,-1.1301595289483493,1.6106034600561698,0.8487900807533377,-0.44649257792539404,0.98555773634071,-0.280489167945388,1.1879032552824884,-0.4057746200884071,-1.8626885086111358,-0.473820171452609,0.18339763365024944,0.6869731368529839,0.4775860042188425,-0.2923566993746981,0.5591987787231201,-1.1211927142046183,1.286295266644685,-0.32553889040222855,1.3237675873009624,0.6602814627461654,1.3078984819279773,1.2329877264050668,-0.41129629097328796,1.2111984206896609,2.344419695496757,-0.02027799845232306,0.7072487185008179,-0.4864657048473616,0.7287189086135284,-0.9866370602176956,-0.8563894497230642,-0.5292331508680682,0.16247706560652858,0.4385772822516166,-0.2471038096758075,0.7270275058038366,-0.2561955012075892,-0.3556323200060865,-0.24914012532485313,0.4590657158662948,2.0
-5.868397780634417,-0.26039382381197357,1.5876993698803386,-1.080754001557841,1.465194910311537,-0.5763370571609948,-0.25277560202469634,0.46158048379189487,2.6149887099851687,-0.23748160581765526,0.4296999964464638,1.4982871233200297,0.11621966526944097,-2.3340783053236995,0.008541532041072452,-1.3464845835206853,-0.4079688723554794,0.05445363862117791,-1.0041014982715781,0.6516203930093152,-0.1344224993630161,0.2148766181537358,0.18357903483441707,1.187760393712231,1.4415287609809009,0.4177317023263455,-0.1089447669365373,-1.1646757597568957,0.222952968279544,0.042744991335740404,-0.09303760672013187,-0.6077500145879527,1.0729177977299058,-0.535429208009944,-0.9360464803908843,0.7651448936692745,-0.3511873072116789,-0.6214195693668882,-0.6953882867446436,1.0851591984976547,1.1775245499574007,0.3876244809112718,-0.584942749015683,1.1030096254503454,0.49492880892491986,0.5566733446037497,-0.3269133855199599,0.25197891863508404,-0.2551433699786853,0.10055390749238254,-0.7533936150686535,0.6415921585953802,0.1399332233233132,0.11338628431473988,-0.5911051396856905,0.45251329607061036,-0.5999190266009137,0.30657056325517906,-0.33126121538532693,4.0
4.851672396895583,2.471843402926887,5.078892921426597,-0.6977014071259925,-2.5772495427577273,-0.4575173220331164,0.49290706098641285,1.5262876506082095,-2.007578483346038,2.2784440227893006,-0.4172662844279681,-0.4291917568994255,1.4665304996943622,-1.049924505739354,-2.5244458812159674,-2.6192267167979204,1.7757992710270913,-1.4917526501434522,0.9111560748734482,-0.2204450955351855,-2.2684099343779995,0.29253134513397305,-0.8025051081440004,-0.9107555789057085,0.9215742064086253,1.2738360111760199,-0.6603435820378563,-0.6359027460680586,0.7211282850735411,2.0730374435637065,0.06404051524032084,0.7767866610270455,1.403952251806426,-0.06299351141572945,1.1778852571150022,-0.18518183835211058,0.0897600778132915,-0.6202315696002785,-0.6247899767271987,-1.03377553047968,-0.46424570179207547,0.44666982596064864,-0.160506270389443,-1.0691514347903974,-0.19919377457158205,-0.948704453174603,-0.8038620034007471,-0.27219220083260653,1.4256098960166437,-0.7885856240045704,-0.6006325262434995,-0.38305534285649834,0.11605656987481751,-0.3853032006762488,0.3408126594686194,0.8059645881595754,-0.37879449811160704,-0.30107809523901724,0.28873965511071625,2.0
0.4794958350316891,2.996663715631873,7.86005603639417,-5.916936597344277,4.612660637097626,-2.9336629722308927,2.382980060227078,1.8418278959245427,0.2682631190202203,3.9755660266244837,1.392986514379233,-2.107506100227175,-3.0412537755804405,3.036903403076009,0.565348723711817,-3.8322128695029374,-1.4664755023032336,0.8918328452115812,-3.1776143658003293,1.1411172205542768,0.22393223369208048,1.9928235867850677,-2.917551492769115,-0.20922439580685784,1.2033258275043797,-1.4672340893802223,0.6637344512452964,1.0439583486896455,-0.590091796712827,0.005961950493802932,-1.8462438860104722,0.42576062240501766,0.023732323815235715,-1.744381704194442,-0.5855363920106804,-0.9723381448002161,-1.2324806085859055,0.6314627904227429,2.5188367357579464,-0.2634289153969422,-1.576076029142108,-0.4693869662927899,1.6103242422282877,1.3967825767919122,0.8170849838963176,-0.4126139198645604,-0.18553770103110953,0.04561557481070472,-0.6194842477755653,-0.6632531750269243,-0.25513965554886303,0.7967530822837562,0.35810115253486763,1.176051974219312,-0.22653465289271454,1.2963789661612515,-1.1562068290765435,0.16180197077229433,-0.2611088769955306,5.0
-7.510806995991974,0.9092453188813274,-4.19515607203612,4.317028951215101,-2.309899050362804,-0.8694494685907214,2.2273718067050834,1.3755362079173494,-0.799665752004064,-2.275416428718473,0.9360505419144902,-1.4185211259283372,-1.9920516436660451,1.284686275393214,0.31709780123192416,0.1399331690832988,-1.8085545860536008,1.5987088207386035,1.9350460389772322,0.9507214399103152,-1.2677479048226572,1.5667793640172265,0.04231862788737061,-1.3311087019857766,-0.328023593133858,0.743783535540006,-1.7840838562598993,-0.2059187450329755,0.1103115054734148,-2.895695953498874,1.0012307961560134,-0.877369525164624,1.2115617996123202,-0.4693266693702405,-0.8777468878825364,-0.9781979778891282,-0.9923907614572174,1.421415067280131,0.29303710312083514,-0.9836429076367291,-0.3117366211002916,-0.20857808390574203,-0.4398717951707791,0.9556378465075331,1.5543955022391998,-0.23988194123356316,0.40603726322120814,-0.024573034834896108,-0.04566589720583628,-1.5750875171297052,0.5447360900685265,-0.991643753048884,-0.31556640758421567,0.34339189503954504,-0.6875966309162361,0.6869838841777823,0.006702906619048027,-0.7278587075537929,0.8223089050628328,5.0
-9.143816430771524,4.759912582753805,0.9112481026160593,1.4780611733261915,0.6212576601795909,-2.50297464109224,-0.008336033681063875,1.9711027756577817,-0.39486349711804763,-1.6929810050342098,2.8989105523273446,0.6655745836733646,1.9365724164809845,-2.9487875318208947,-1.1419535852012486,-0.5362864618368113,-1.8492715191879179,-0.4190454720062587,-2.437981571118754,-0.45046762040797145,-0.09341117282982357,3.5517999872141495,0.1356406593305569,-1.7074908092261363,0.6950979249867121,-0.9826158598734426,0.7413070787489174,1.3235662827062638,-1.406179856271021,0.16068960926686127,-0.25222449021788546,0.5025795664389605,-1.1021560535312755,-1.4863828222768087,-1.2221616938970667,-0.6011589480329862,-0.4206178416183593,0.624586796954094,1.2371040750951527,-0.07534079066156234,-0.8452383872289697,0.0013687777875827573,-2.0194069105582724,1.726782554889937,-0.551690031041961,1.3378971613870647,0.008429495506041216,1.0097351910527066,0.6483015422908165,-0.36211079171823235,-1.329642066115485,-1.398851738545598,-0.8619623871997429,-0.2348213604060397,0.9423397409325652,-0.8752540523195378,0.27688639128723186,-0.7900203264650676,-0.08237289918029081,5.0
-7.028715499553064,-1.9243544596012987,-4.721839532243226,-8.28121584679904,-3.530367743720176,-5.597185636533276,-7.2317678866509425,0.2526171880299939,-1.0225369667737645,-0.37736988416633527,-1.1126353937876121,0.6244403346937137,-2.133802423933038,-2.434301205059254,0.053011753775037675,-0.9648028381593371,1.1860005759332133,0.46540589280787215,3.180613417975128,-1.6021118420341693,-0.20426642015123334,1.2045907931450908,-1.2602571937489997,-0.4726918612151649,0.03135225809562738,0.10280890790583122,1.1666764180905416,-1.078750640994349,-0.26217104421360915,-0.374933716283999,-0.7439516468492735,0.5307838529979942,1.2370199762852148,0.538593174543817,0.9087848687638795,-0.5414860164929515,2.2489391411778263,0.4955650530827993,0.30237852662364967,0.5071186189220457,0.4335501072464063,-0.31244856500029705,0.37662315931524015,-0.5341770581855824,0.29391785319201874,0.5580276664254621,-0.7348691103292357,-0.15786670108836168,0.08867221535696532,-0.2418214210523728,-0.33051512391779136,0.5932605175492707,0.026976209681460195,0.1423324007963749,0.6133121525335851,-0.4975166385293101,-0.3850035471529138,-0.5749634001965048,-0.1813167537935796,0.0
-3.5254147506327476,1.736693436533427,2.3927255985113924,1.385139072116559,3.670279206872847,2.537479587074295,0.3770116209707821,3.4176476078781644,2.965319288416745,1.0475278592291588,2.7749883081276967,1.196158224463157,-1.437263672445953,-0.40152548480894107,1.745557502246643,-0.9681298394368827,-3.788279501094421,0.8653574770637663,-0.19546706836250555,2.903848794276556,2.2324002688487705,-1.0633368040584963,0.5008527130556177,-1.59198011549603,0.2912667523971943,-0.021431141129011542,-0.01512362303080756,-0.9227250936616908,1.1577391099888974,-0.26230105965423156,0.07453080684153937,0.5020454902086289,2.2093751524541623,-1.7707125505982124,-0.7129581728997492,-0.14678052863733143,-0.5157624404123494,-0.12228585279524287,0.005374014413554135,-0.7627716923750624,-0.13417815423526547,1.1743644283285346,-0.07484558045537075,-0.0686282337814974,-0.05738611019719089,-0.38790410921733026,-0.7119289396175466,0.8673382737873558,-0.5353328611839071,0.3401969872780478,-0.3075034645231121,0.5613392068197781,-0.6799462331021523,-0.4998557799399545,-0.5939404613948145,0.10720917642086689,-0.060619146347861086,1.61553885418812,-0.9551382536739161,5.0
-4.570057261356944,8.190964959712941,-5.310417748012889,3.931783661735205,-0.3840232487126394,0.5075815633524651,1.155219703217849,2.3011953276806056,-6.636879005743402,-4.804618416181004,-3.240605531941673,-0.7453235108019578,-0.7125645581457826,0.6093616706304269,0.8035835177229155,-4.292753428586002,0.21700309080801844,0.5708155333016602,1.8371248039353592,2.798177700244984,-2.866217821561877,-1.3885808482484179,1.3720846089729486,-0.6435937040320561,0.9822232136961251,0.10965282136683159,2.0820997902029537,-0.32295766303965934,-0.6572044136518479,0.069953198847829,-0.3638859347370104,-1.374365459425606,-0.0744571115917928,-0.012007096859519157,0.20751256011188493,-0.2969932115453644,-0.7339592831307333,0.42592067790114985,1.0315017015829204,1.3194637520216939,-0.028827719328749765,-0.9838283749285586,0.5825821145673261,-0.32189164062257414,-0.44815320869634834,-0.17723036010810786,-1.7774996626498867,-0.014429912777247486,0.08860044889548925,0.1755786181849058,0.22308330198386225,0.5718825987599143,0.7591146997245607,-0.8223058706534316,-0.15050206780994144,-0.33191940626970967,0.1371294548204684,-0.19247993813997083,-1.7652684305932083,5.0
-7.9718460808920355,-3.8863111072114136,3.47819050968553,-1.472990315934112,0.9333332498548149,-6.491152192980436,-2.2821068941940372,-0.4915836526585897,0.5251385526785204,0.07620629367752116,-0.1561113666898235,1.8441332748128405,-2.9967070776883125,2.048184041733448,-0.542122275703172,-2.596515158133135,-0.5386304372648214,0.11755835232044487,-1.8333204349761207,-3.8361139011003265,0.7373415007360072,0.19291209699790043,-0.8399783580247855,0.47203858350519,-2.657623855486983,1.342337043666464,0.2630102352334167,2.3536901946559086,-0.05292448066789158,0.71735028936447,-0.31492003627844506,-2.0215579296763804,-0.09226377377313891,1.0008458155422892,-0.13960586103349762,-1.451041064260843,2.7451813340473326,0.7529435988881362,-0.8449833681370649,-2.4227504341751667,1.5523981469362431,0.1847475773977893,1.6118239401894123,0.19840735730579823,-2.020832551614413,0.28911400675036336,1.5209646237364576,-0.19865384707641057,0.14381202076225327,0.4852817879157928,1.015962018566574,-0.05885292272772398,-0.08959599108091658,-1.5353078996256477,0.06581655195247292,0.07471733138274662,0.9827582247855667,1.5154128255933796,-1.3670385880377958,5.0
4.1110745050908735,-3.7281633518200548,-4.656614327110581,-4.282736468836223,-3.4857725704963953,-0.17599200237925386,-1.374842329184263,0.5198715053014071,0.6166266169076814,-0.7515589834288497,-0.19223115644139416,-3.0437458034351863,1.2690007121925397,0.22447124551331235,0.45543844718513354,1.3402731171693716,0.022273430470577848,1.0486303464052367,-1.056142010661817,0.4732448726217114,0.8652841283735626,-1.810779609624278,1.3720832294784373,0.3281543407968449,-0.5094409725750969,0.6462858887487287,0.43562665104734677,-0.34590820374593917,-0.7116859603466222,0.06865975898209419,-0.455388972407252,0.5156314372940094,-0.269604311679446,-0.4921302598185813,0.5198257287508613,0.24272937893719743,0.13741428747194345,-0.7587290476281993,-0.23973074077490414,0.5921088123894731,-0.6265521284456402,0.3732053460805838,-0.5934994194938981,-0.9920701825494865,0.7936462902255882,0.1656816042298927,-0.4608313462418575,-0.2909697178561533,0.432298907103908,0.6450697508770502,-0.7300855470685604,0.039953997639850254,-0.08555930106740273,-0.1612775836931137,-0.5667219670780766,1.0133762560864799,-0.8196549099368869,0.45516197097775185,0.3545515999836138,0.0
-8.175746537237528,-1.565096233250296,-4.662323907409961,-0.19257005566100918,-2.540734843966611,1.2021823471280666,1.7834382272892644,-0.6547388255150771,-1.2634988483359553,-1.2103813933100305,0.7086829956855969,-3.746537621796992,-4.418245950302457,-0.04113055591324899,0.24908637961959365,2.4335820116477507,-0.35197431066252916,2.390164703371025,0.15311789973796844,-0.257305418979204,-2.3177144920932364,-0.5435965055443871,-0.2941576880915024,-1.2200691251029347,-1.4454650768320307,0.23950825271502219,-0.30803014336286405,1.3561013876883081,2.273599879308287,-0.7203240574643923,2.8931192712814013,0.38408471674705275,-1.0529702589392411,-0.028969428131546123,-0.4974412279650462,-1.4920214860054848,0.6630272631329277,1.616338171308749,0.883713627843196,-1.1995381343077074,-2.0108450864203653,1.002880191212785,0.039362279388242376,0.24122309929647417,0.4962562396245596,0.9541104660010215,-0.21612235396503937,-0.03700681692982576,-0.08794599423660417,0.02373245704083,0.29530039500995237,0.39877931334597605,1.0877755425901097,-0.8077809827593322,-1.1238154332707717,0.8960930483412234,-0.08683962526749017,0.26659172986364327,-0.006119757402309772,5.0
2.711579026629895,-0.4652350780462232,0.8920546794934348,-1.0161471903020793,2.6762816678674524,1.7374987128353363,1.2155657944208624,0.8026195388641373,1.6685532132483147,-1.1472194562918814,2.5619672560314597,-0.33266738969906323,-0.2325644575911766,-0.8687288642888161,-0.35965027974991365,-1.453128537708812,0.6534755254352789,-0.13721050612326174,-0.9566628933429552,-1.0046931399690266,-0.6167239035463048,0.2886018138774386,0.09262926432707451,1.413385520667497,-0.42732302926596355,1.5020804663984602,1.6373662693905133,-1.095396226143066,-0.3064053075027817,-0.036488193375331025,-0.17992833704429406,-0.6531655257332627,-0.6480856001206456,-0.2065732339989824,-0.46222880076292056,0.19358371186484885,-0.6548608766211007,2.0594951304493003,-0.095011472738835,-0.10215411396008474,0.33958495292098556,-0.3121957489019725,-0.5932379806465531,-0.032349683371498836,-0.4508436726986738,0.8414169088862996,1.0063164412957042,-0.5091177223411236,0.9232379418413327,-0.17277345341381964,0.2088760169777508,0.03414184130609872,0.24733447187872376,0.05095341674769995,-0.032002706873812306,0.4517675237339478,1.0813327402724076,-0.2178563015931601,-1.0829296391927443,2.0
-1.676278255299339,2.2926429200531455,3.1528599488821945,2.3245523482083406,-2.780458356562648,1.8530139969933266,-3.1116535829466745,1.1607240204937683,4.345210235321643,2.6063970970913743,2.885116269640746,-0.9863710076053739,0.8035744330725128,2.0874687295033216,2.1837661561847432,-1.0075607211059168,0.22708968468154905,-0.4773579035967937,-0.9651596541784485,-1.7246505551293052,-0.5221966626157796,1.810086591100936,-0.17480107459145666,0.631140175681535,0.130763734712482,-0.6353678262124769,2.7412560447101098,0.4198045889695435,-0.6644285806716509,0.15666472633247863,0.050773738842019245,-0.13171768081569207,0.43928267440701224,0.4978486748291634,-0.9963809083281859,-0.3111916817060026,0.6409505109271982,0.32458658655401007,0.04367840699272594,-0.1518152119897379,-0.9856071847836898,-0.520430655591283,0.6515253522792112,0.7804621194249434,-0.42297934883795235,0.03305593884860297,0.05640926443575603,-0.51187484202451,0.7016927658730003,-1.2102626690315894,-0.03818572501445001,-0.9832750139313463,-0.7182716504015718,-0.6203931683519167,0.39718622693378586,1.3004205150909776,0.8429750060450423,-0.3244099086044737,-0.7965862871088881,2.0
-2.767610853033226,-2.2623666602187216,-2.5538171461847465,0.8548425248007812,-1.1533748214722626,0.6016002793771231,4.27203201406252,-1.5457837347302226,3.1689667591675947,-0.23418470356662366,0.15744732828220948,-0.36632835935499747,0.13980434574408065,0.6228027682083589,-0.22152852422050132,-0.45432388937799223,0.6139101871307054,-0.4162362208131722,-1.8136775097562046,-0.501804273033421,0.8686258540360221,-0.12384933443236176,0.8212566830238642,-0.259694185212923,-0.4991976449564156,-0.923912979706152,0.8225373718060298,0.22319395965083003,-0.40757987046369,0.6232411314657883,1.9359167720858017,-0.9445859953145015,0.4998245671691422,0.16995985840830952,1.737039686579837,1.9457453091323869,0.5407022089212299,-0.21421893351367496,-1.0090116317178226,0.7249482495343039,-0.43268948747443203,-1.1414911623947634,-0.4777100671386598,0.2311300190670016,-0.5188631046477118,0.05459509145843181,0.27241485889153727,-1.018325337785572,-0.3577523849216934,0.22355798978898855,0.30609452336965404,0.23014687825056668,0.20346048290892166,-0.19790967280960564,-0.08417369626661722,0.36499933359756237,0.17484184194620192,0.1710790756934906,0.40343977950721016,3.0
-2.3503516692099895,-3.543286473364577,1.083126552435528,-4.42698664689669,4.2160021880586145,1.7477521135325909,2.1096976999411567,-2.0804927042407284,-0.48302216559140077,-0.30477790582863207,-2.7016484743093905,-3.647714907969856,0.32535112880932304,1.8856999203659233,2.060713103893523,-1.3946093928187946,-1.0573613291732613,0.730727180328703,-1.8763957966662927,0.38464486884247445,-2.0873296295090498,-0.7647894107268225,1.8052761121300838,-0.48312638528626095,-0.8902717251359272,0.0622003762030482,3.150162872957422,-0.3384208217864016,0.9247351878282186,-1.4856633185813903,1.431153695519383,-0.06804305885547877,0.8361827985241725,0.3529337386512502,0.8037095901092636,0.1762524221573718,-0.1587068070792466,1.4069086178714207,-2.0050729066174897,0.10422681197818678,-0.22318479952730308,-0.038952100514350135,1.9848884085881695,0.578156432991353,-0.10370369470154303,-1.6198233143851566,0.42568944250322915,0.4438405464039921,1.1468337071100327,-0.322677482771874,-1.259587251409288,-0.19267136517147937,-0.8329653818462657,1.2513039653419389,0.668476022746118,-1.2649584168339951,0.18066436565055335,-0.4205103186839373,1.0436903171127265,5.0
5.317216898725183,7.432934808177062,-3.074014137238269,3.2369766058307947,0.08700994630725804,-1.3902047165071323,-0.24349902167454382,-3.03000743203154,-0.5654830380791616,4.322950446161632,-1.3858407419726693,-0.2682804934754323,-2.2877793324700133,-0.08230131715791361,0.3751554039188507,1.0866511462467228,-1.6934500190084636,-0.05917385358933812,-1.1036536980742304,0.49865826628857496,-0.18197732582692694,-1.012365294079905,-1.5936453587446844,-2.027155321758142,2.723857877453473,0.20957639761831118,-1.0219074595408566,-0.8082534081558689,0.6745758007431999,-0.5385450547344085,0.8215218157255633,1.4754666627875028,-1.1583336391482753,-0.18381304978306126,0.4201318416526024,0.05081667710684555,0.8682391970910109,-0.975028194728016,0.5660884396721036,-0.8839058987392086,-1.0863744343479431,0.6382414421539707,0.42267753675582465,-2.3954334598142935,0.9044253436968595,1.2293064872598058,-0.4736192328074036,0.28347628788592016,-0.40897688295518864,-1.5548144027705593,0.10889013246829377,-0.9561052136024978,0.26990868333903384,0.5385201674267,0.04995772183633038,-0.35232799911216306,1.006322119589974,-0.10060015923371164,-0.22366203389878891,1.0
8.191483629274474,-6.29482229376065,-1.585313692887045,3.0365439324698755,4.718963999818798,-4.653717582698001,-1.68072958621476,-0.48157321324802915,-3.305059770622117,-1.4755131574564555,0.8425279070704857,1.047391609799057,-0.5188472827332583,-1.884846938261345,1.4676908346543247,2.636128161469879,-0.19060245553876035,-1.5538636186311168,0.3702244926726092,0.7286609011485405,1.4157715160806643,-0.230120239281852,-0.30526273944327176,0.26157186053415743,0.5006497741458013,-0.9063707579285912,-0.12898869869100194,-0.41146984382668245,0.31392764930685,-0.19839902281616345,0.1653188278281921,-0.05534939855775203,-0.6598809774846622,1.4665064781643131,-0.4180179692325479,-0.45886526419305046,-0.16789054402473053,0.32546573675023216,0.47406398367633323,-0.9507549875691297,-1.574514196391719,-0.023535525992662128,0.6960771346301176,0.6376257281869374,0.2938802335175049,-0.3850649349549112,-0.4260200187502511,0.413296132723692,-0.102813143531164,-0.3816615590636735,-0.25900556056409757,-1.6901335921754401,0.5449206072902243,-1.1932908840541725,-0.32913344204955575,1.2701954975035898,0.9421778686457796,1.252294018666661,-0.4497597130576255,3.0
4.5432046223620395,-0.2239356868112456,6.42720461658078,-0.8163845906020736,-2.0248224938149737,-2.2203260791616555,-3.131959524971085,-4.216637428787789,-2.4491767884153663,-1.426933475223737,2.9505886162952053,-0.16107075835436444,-2.172514743847718,1.9527592220433068,-0.029170284138217623,-1.395078596183124,-0.9993942483800585,0.32617331742597055,-0.0008883462706209781,3.9453789879393155,-0.16481216485540726,-0.38456901657622133,1.2772913855314538,-2.012443387581619,-0.459521651458269,-0.8733594561787029,-0.42941407540105814,1.2397451981600442,-0.2205378089844728,2.5964410520885455,-0.8929127169566609,-1.9370673110642909,-0.16127817913687623,1.6417782794319251,1.3012829992658093,0.02209671840457594,1.3588618063387117,0.8125536137333275,1.216377473469924,0.654580264083336,-0.3976045646341159,-0.25317025175322533,-1.2583228511820457,0.32477207109006,-0.8477152591805177,0.5619124416289393,-0.12265555568766395,0.6012855807407712,-1.075150323931956,0.17866710579645473,0.2932145676851919,-1.0973806452538777,1.0719342967907304,-0.29551358061797894,0.031019847105468946,-0.6980325650384924,-0.8536691932539483,0.24682123926160093,0.8079994892936543,5.0
-4.871760467991923,-4.328134657136184,-2.041052434267967,1.5479869172528777,4.036061652968444,-0.2042255648263399,1.8785329671777224,0.32845939666974105,0.10652232723422875,0.8684622236889497,-1.6961935095473077,1.3327289457212264,0.3844076836686396,-0.7932081522876001,0.28230444389254533,-1.2713396577140004,1.0773120717828775,-2.9112805589695148,-1.094729888652503,-0.6011562122137774,-1.0616002924302854,-0.9081171119091281,0.7187340910940738,-0.07267771095558781,-0.8620446056390396,0.5173660748621635,1.199318941751341,-0.5933428727756591,-0.6055373625705748,-0.46157767921610326,-1.2924943378437048,0.5035750640346284,0.45898810153218744,1.9582012445513564,-1.182470900879753,1.0946115993878296,0.34511600397783404,1.1024403025384255,0.027365667508115265,0.19199666190988093,-0.6040940222344356,-0.6264154245059842,0.39539371959906316,-0.9080514654448913,-0.4838594896979295,-0.1581261484352659,-0.03622809293776019,0.04790874841981684,-0.7702782155596423,-0.7341720431857132,-0.29596224256535114,0.06346115009781113,-0.27998740057054516,-0.3681850789794818,-0.19411324149531284,-0.19875724566810782,-0.2842705238023102,0.787108113238533,0.5969652330037333,5.0
-3.4733554203852974,3.9437666215545195,-5.235405585868773,-0.5539897318455475,0.7925806988907812,3.4563585977264917,-0.17960950752995847,-1.6020603768548753,-1.1922593090811975,1.7770319150506724,0.4762492754707331,0.5659792971638978,2.9810681658479616,1.2152224746629137,-0.10205911460875224,-1.0482639434292735,1.3115774919783731,-0.8817186197490599,0.9705524919584294,1.3254219464141221,1.662292595130898,0.16792818036226534,-1.0600439605039693,0.8145062269778262,-1.6111152144170449,-0.8460669405564657,0.30595880803308234,1.4739489479563272,2.3136942311775877,0.3891948935691642,-0.7353318114741686,-0.4197887684850195,0.07056019090181626,0.1658883387058335,-0.6585710330248067,0.5499245325643689,0.028587662168019903,0.010767977450505293,0.5343361511961514,-0.14519670096918683,1.5375737052546974,-0.5106745224358138,-0.6802935824320122,-0.7906357453265173,0.07503578376165801,-0.6320830639000515,0.8274277115852736,-0.4259849970863044,-0.07307407724351991,-0.20400181299858328,-0.3133282961343463,0.14381338792632675,0.6816240549848404,0.12741484860629063,-0.3667205395848634,0.3582236486510333,0.25768260298493717,0.7107699360332103,-0.21098992142169498,4.0
-9.76638870448295,-0.1447125948661359,-2.4898744906025927,2.6054788612867066,2.616655315671908,0.5114210681862603,1.4238460669222937,2.5637619340309197,-0.65796727331706,4.249842870446874,-2.5891652220089476,-1.3986395325113377,-0.5731370957660293,-1.4275454946827904,-3.47370869811656,0.7795644617126681,0.8480075410204329,0.22607392101795523,1.7674981936314107,-0.09845807120143926,2.182114024722559,0.12743352054022317,-1.5056539929726582,0.7964564241182451,0.9678092040845132,0.46949939129775226,1.1765114448706588,2.4599558180011996,-0.23623502196677582,-1.5527794597062339,0.08548994335143625,0.6442121065500628,0.5088195272508615,0.2933716491418323,0.3508824756505331,2.1584151826751943,-0.1236150112676104,0.4929291119934176,0.5780773705426803,1.3603469019010606,0.9809679188305611,0.37732269897934356,-0.1327899010220175,0.5158203890830909,-1.7635092942681727,0.7500204982226316,0.6142286846018112,-0.44723365142050264,-0.0720825272328628,0.740521692705387,0.06371303017484069,0.4386755175370443,0.9357946914080711,-0.308412139404402,-0.23318054520777812,0.7226367616957369,0.14523152281790366,0.017317192691264024,0.3777094803773294,5.0
4.453947787780556,4.68588195261711,4.201814522323388,-4.376678937149073,-0.05311808174588005,3.6739834598167422,-2.516597929492771,-1.6816746270959906,1.3411242933552838,0.16775403555426457,-1.668981381093259,0.40396627035497024,1.5456687564210962,0.34544088796949257,-2.1224715794195883,-0.6415216887903163,-1.6543082149617252,0.9467668046590918,-1.2953599083590919,-0.3143579010717784,0.4818399495798836,1.2043780353880673,-0.5673871338810247,-1.0755825688187388,0.1795663319244813,1.7999769762870588,0.5596261841031528,-0.6560214901480523,-0.3552675620111128,-0.13762287783287777,1.1315614512435506,0.456040107440067,-2.052588198914879,-0.2161521004455075,0.6214771090202318,-0.41006942585822703,-0.8018057265604799,1.0999301402026078,-1.1862063371104299,0.545710221815072,-1.839134689119266,-0.5323739151518669,0.6714344116119085,0.36853133081079115,-0.8345552813720729,-0.31588908365086005,0.4280647465452126,-0.6874223524844734,-0.17999355234440095,-0.854985641331013,-0.20831912250268583,-0.12677823155296417,0.006399080652065517,-0.3365053141578603,-0.8606562350499269,0.5262602442666342,0.5966416537892207,-0.06081057539731411,0.5579935048299015,1.0
5.463919324238631,-2.1004420776942734,-1.683960507032224,2.611471110196004,2.6312255246966725,-3.0241002789903875,2.045892021923128,-0.2885259425350221,0.1519240042135553,-0.6145717849188822,0.9104859729922679,-0.2325020548349324,1.0129236207248187,-1.7938018232847324,-0.08158114708942464,-1.4239849086246605,1.5558327980137623,1.4553035907412275,-1.5231715932709484,-0.2184280428913872,1.373634934910682,-0.5661786213291523,1.3778969190122399,-0.14592867292552927,-0.02507550936881773,0.9008039148714606,-0.5079990595571461,-0.326840076408422,0.22473169868571,-0.1459899235808145,0.6187820171439479,-0.6966656473256401,-0.5428977611275032,-0.42461547789241416,0.5081237093832109,-2.0082748199759686,2.217462633065547,0.8950390435910072,0.22193979375649078,-0.46682024153441104,-0.2546168331333663,0.7525567670043194,0.7500139953720262,-0.7004174854883137,0.5536904008797464,-0.9378942834591305,1.18263927417138,0.2935603561946021,1.053202397993386,-0.1709307929718037,1.4827682974806,-0.1193292406965025,0.48420781946607655,-0.5604304923241437,-0.06901774645287481,-0.11033240545512484,0.31406243924007576,0.22367774502220286,0.5425606496516394,2.0
2.7680877312345515,-3.779188512611255,7.60256167492209,-3.195819894037117,1.9572733168788918,0.691983489718501,3.766889232471889,2.3893678600744996,-0.3375797276769056,0.9235822729331958,0.7091152304809977,0.6829982902528529,-1.1572223012608012,0.6771431298371301,0.3539364171147432,-0.4793688934940058,-0.8764093197200109,2.005570435536614,1.246741300773653,1.1952364358513916,0.8600515829691332,-0.9370661512147942,-3.1158420880325437,-1.1647054507548413,0.16615377847929622,-1.330676445846012,-1.9055560353456902,-0.5561510401411277,-0.33118769230800404,0.6035363994584697,-0.17643305591489475,0.315777193312432,1.0692790450803533,1.4891583564491968,-2.32972031769153,-1.4443607255842432,-0.3487597730437784,-1.442881479843957,-0.7891136958348476,0.9373348013757795,-1.0230947822600294,0.9193900708789102,1.6866304836462556,-0.051002875169376224,-1.633068064584369,-1.7250749230299296,1.0886985021945073,0.9785546718893966,-0.4667755497507423,0.11809434310542054,-0.6894428347678413,0.4826827226358883,0.5211217344748579,-0.22167426079900904,1.605675835738906,0.8977802959291578,-0.8398281219724536,0.2462174726090007,0.1649157813047547,5.0
-0.02891193675303713,0.3706236501980304,2.754369803201363,1.3160472280647006,-6.102482873156663,2.533301247456158,1.7412383765770578,0.10707491929807864,-1.3188181205100522,-1.9412854242764714,0.8376557445423406,3.966226130281611,-1.6644625902824117,1.2986978961959599,1.3261343071933356,-0.5500695201149002,-2.5343079117984733,-2.2985872719966958,0.706622253517429,-2.7860104892403412,-0.4479312405980693,-0.1522883786206094,-0.8479308983494721,-0.3252727698569955,0.9259132351667928,-0.2948103402265869,0.11760246595393349,2.172436618384184,-0.447809342036416,-0.39097263421884954,1.347566635535612,-1.311646782454723,0.82675663370069,-1.0492880347689284,0.2725622260213729,1.7241688105887254,-1.4011703472706731,0.8331608275879498,1.1514221594276455,0.46730310855749063,-0.06542417545664797,0.5846337252694305,1.2395984393680894,0.695046967371037,-0.21333717709800198,2.251132765124815,-0.40295753340882995,-0.04744007724623156,0.83783094946385,1.2960999715575854,0.7126668102028604,-0.17940590984413324,-0.10836002938159874,0.8618471296895347,1.8469172007995647,-0.5453004916786154,0.5980091067752106,0.18212828923222668,0.32435907886613324,3.0
-6.404732198626652,4.041145814449014,0.14925557706216502,3.2736065000330195,-2.5600420910022113,-0.6767819402566757,3.133750972094659,1.1969752551775752,2.471094009714952,-2.4985884463394976,0.6512816083790418,1.5020263896097943,1.1223812752204532,-1.4362331052340418,0.6956467873254305,0.8465870876648233,-3.365514965170698,2.136834892826953,0.9007386357567063,0.7847411039071364,0.19365497480938262,-0.45737020201057305,0.3404295288321776,-1.21712562118604,0.06241866202009398,-0.5895426048003812,-0.8502324706058233,-0.7053555863054637,0.489315094258181,-0.7404854604519983,-1.3617239148028648,0.006271304558709005,1.6808127555646886,-0.9971384925283446,0.19794824898954522,0.8743100950336428,0.47377587969263063,0.8393260153049846,-0.5533005520218679,-0.6206894396697377,-0.32392561530805397,1.737258031398968,0.7121738573595506,1.2102562212981782,0.42268725810419333,-0.931282547058023,-1.9183049648697912,-1.6102697996038036,0.716257277929661,0.8097531694780077,0.0330211010051676,0.07716095544958279,-0.8876443331953292,-0.83143327118968,-0.7233098939970551,-0.10232125098018278,0.9263557551220328,0.6614746313715772,0.029947373117958476,5.0
8.355091483101432,-1.8614024110009466,-1.3369420765794149,0.7176348635131881,1.6177784276156628,0.7193982727593653,-1.2407749192335256,1.6157817514340997,-1.5309854669594187,0.05000160954163933,-0.41595831429552427,0.025197948000453135,0.5795832437028929,-2.414002151460523,-1.3261402134470979,-0.4020308558084043,3.7302110681615512,-0.18120777338957586,-0.474050324408543,0.033260078489649535,-0.7627715526947582,-0.46362254731535124,0.17923198411339053,0.45088987982521594,0.5257564639181762,0.7885616046996752,1.6631680699372673,-1.3775889172710947,0.06909401414920459,-0.12124376767693137,0.8954693275668187,-1.4214987640465906,-0.48081048247544483,-0.7993850869227107,1.5234673663768663,-1.4690797591238778,-0.3288729035441444,0.4359453078636453,-0.8217317477942814,1.0910591590033327,-0.6273331599133266,-0.3250286024498094,-0.02681923218821104,-0.07519224857326273,1.5478052405558727,0.4020983535292745,0.7081480959074389,-1.3774385987411772,-0.9597149534821975,-0.19338434588488307,0.8065677566087556,0.19990109579637896,-0.7588470688950458,0.7679247903066421,-0.699665574330532,-0.8886720313176075,-0.6131557597552607,0.8343866454722298,-0.405131642107247,0.0
-1.4170632429368728,3.6110037483743858,5.2691049612793055,-5.285852856481059,-0.5440211912903292,-0.36619851135183873,2.3253209241829325,-0.9934328441586963,-0.30067719226800643,5.030361046350788,5.487785647830933,-1.934457289751673,-0.4953497890813561,3.7796126369512884,3.2619205947349847,-2.8496646775649332,-0.18870124662746815,5.53013311781624,0.33721984007535966,-0.9494629824809031,0.8684720299808478,0.9451348230762595,-1.737575279962092,-0.10904744792882853,1.1722190135545454,-0.9193608266319575,0.9798220108356137,0.7186824965680468,0.30365949027654177,-0.9427949751534721,-1.2140324027837501,-1.915851538688746,0.7126160598971447,-0.9435768739903925,0.9547151737902161,0.49836839649006714,-1.7797523707979495,-0.1202783054179788,1.7816266738691164,-0.21532795363470394,-1.3141962480645466,0.5965272041106443,0.5062693634492742,0.3178224249639151,1.8972569967408388,0.07499946636747724,-1.0403162203427017,-1.2117011310687846,0.36406067957151755,-1.0735061058753141,-0.358844286839405,0.28889537300464707,0.33166106082558927,-0.03049022916420281,-0.25136055213233643,0.7014257621573317,0.09415488501632115,0.5521835182395256,-0.21407490261876072,3.0
-0.016153247250539144,6.210030756452907,0.6671465269887827,-4.877654232743183,1.1896900800802168,-1.119345330523555,-2.725543632440448,-2.394263252605929,1.0967474387948983,-2.050685441453086,1.5779854639881892,-1.7436008867248862,2.079688867470786,0.41398904884160187,-3.6528249123563175,0.7667569734896491,-1.2616369642172123,-2.0712710450905973,1.727186412598497,-0.04699157158090146,0.7101606272302455,0.8893811391670043,0.693638510735548,-2.5751889663704266,-0.47776196417131334,0.22215144704996723,0.13609974445321532,-0.37949718062649723,-0.02782202105152911,-1.1382909379351778,0.7054890823762179,0.057061499255296154,0.14082670777479364,-0.3822758856576763,-2.535458983259151,1.8616023451033366,-1.7213060223744332,1.059612025775289,-0.4688230876157989,-0.4749088562428598,2.3489141671627203,-0.5065993760765135,-0.9823655272243325,0.34670740482082574,0.34344264807972325,-0.47151665564058043,-0.04658538569380533,1.543600047805904,0.6281116659504179,-0.1873362484433257,0.06381999770105566,0.4032545557324528,0.26359617698408794,1.0726178738540335,-0.3817413612499025,-0.060894188218550874,0.5105299765458278,1.1430353696756907,-0.16397385208979248,3.0
0.037662220551887955,0.6692746546754609,3.6282834085957294,0.7232711786943696,0.9376428538984216,6.058634365490474,-0.5912345284159285,-0.9569723888663878,3.5799841068315623,1.0253076048582486,1.476644975604899,1.4803229534033169,1.6613638259415187,-0.5357921090681306,-1.2006409851843969,4.869768058673608,-1.6606452991277463,1.7236883493106288,-1.2826630490372237,-0.30442144913975666,-0.8189410628348899,2.7485636138932312,-0.9038779416705408,-0.46295264299437644,-1.7331835372476088,1.5449480777957003,1.2301826367896704,0.5989796715520205,0.11110930515182842,-1.928503724822752,-1.1551403039711834,-0.6221642311159974,1.0374170861471526,1.2788064935342482,-0.7209340809607592,0.9888080822048607,-0.7542809417763413,0.26642322653772804,0.8652005688336147,-0.06527352970839907,-0.2585103725994019,1.5155481956288546,0.07751176723127991,-0.7778815645703322,0.8361171043051363,-0.33540772656343326,0.1891492244893636,-0.7493389562388554,-0.04149590835447489,0.39580590925125114,-0.22201651507126158,-0.6232269957129513,0.6560787583359028,-0.5499903346362297,-0.6838186792958602,0.4423114428598516,-0.07316189245149506,0.36581315633560657,-1.1530176566666914,2.0
-3.958444913041318,5.527332184634192,3.6264108463419524,-3.7160668213910335,0.40782829709219226,-3.5857115938708692,2.9383199852798687,0.10659096167459545,-1.8139303826455155,2.7616012757056794,2.387374133586773,-2.489366536874542,-4.681375595037517,-1.795928846544924,1.0080911266481534,1.3591026239340684,0.9999451702539802,1.8589617868262045,-0.46968501530574275,2.3684495348312464,1.9916854344369914,1.1087749097029083,-0.23354803812266833,0.6756107332401947,-2.1510665853351765,-2.918784059761773,-2.422470588172429,2.902832570247629,-0.030654876065002244,2.6807023937873304,-0.05081866479372996,-0.6698098722210564,1.1465547873138193,1.1317113691564962,-3.2249567176514913,0.3415817451282378,0.15494803055983905,1.3355540326701028,-1.490632102546272,2.2005532757764006,-1.226288274522134,-0.38584208184097485,1.2027949953672188,0.6259912190048696,-0.27712541151402953,0.8953819454634191,-0.32817581194618695,-0.4661904750906537,0.2387140574649242,2.9315855458807434,0.6960083352724743,-0.2779479254976087,0.1790326218530018,-1.4329479248855548,0.8779442988779129,-1.2552890639280812,-0.4209158172242328,0.6013957739054698,0.3624476587204859,5.0
3.37283437138641,-2.434593262614643,-4.032659543580682,-2.1596790280845735,-3.0703337516173628,0.32372742862190446,0.15595738193992068,4.251237844637361,0.23296626210546495,-0.17141802868905215,0.3531551823863587,-0.711656918274559,0.4435697228514212,0.8012080277716178,-0.9662176980402633,3.0588268740848785,1.5910975601692408,1.4568378467125072,-1.020770586915122,2.1792844324227376,-0.6945937722001916,-0.8793888911344407,-2.352808352148887,0.6036623639505115,-0.14576477948658395,-0.04566112970574496,-0.6637974141922115,-0.5105067463722716,-1.116558823262465,0.48587545974335,-0.6838399000155634,-0.6044229444620338,-1.2964374964277967,2.2467661847567815,-1.9986796812074645,0.7344380455250068,0.2580562848510208,-0.20509867251892677,0.2375197178149242,0.8148569374004839,-0.17174033762891525,1.5634310807763792,-0.5459017622491749,1.3603422945626737,0.6700223863580934,-0.799272658605602,-0.4889394924659727,-0.32638762143295263,-0.9240095014275915,-0.8624734815575559,0.8575035715460689,0.6578024041771208,0.021533485503010832,0.8966456821494662,0.7235057795787134,-0.7280116595126748,0.8486231666661981,1.1210167310312962,0.27286348714224085,0.0
-3.056016532852527,2.2545528069554144,-4.6584854410732275,-2.80181832359762,1.7294400210541654,2.682768111991806,-1.606284195003324,-4.133936550809816,-0.9683215403885387,-1.0983790256554709,-0.9963866551088455,-0.08349379536824902,0.20078512419838346,1.4621369035635048,2.8252779482305175,2.8278511555141352,0.6729093594719583,-0.9526358152245078,2.594142567231088,-0.7455784376818129,-1.243837019081291,-1.3524355651439781,0.015522876000871193,0.8395929099987417,0.09928954867843005,-0.1794662536921221,-0.8757025418349847,2.0919452599786417,0.06512267990752994,-0.42307499992943226,1.1535808044572469,-0.3863257864310608,0.13750102106174372,-1.0999132567398158,-0.5399800782729745,0.04150145265361863,-0.36496480505186873,0.5663024142841476,0.05528379162928064,-0.4016639637111645,0.5573406722291538,0.21855002183007535,-1.3939812503625584,-1.207335554842421,-0.38292621145451394,0.014040978556816271,-0.10212548807188242,-0.16520390958085124,0.20634669131344235,0.6771438605513512,-1.5152432113027239,-1.2241229090206107,0.6442530133800705,-0.33671968770937916,0.07698506279413816,0.20255520217794087,0.2944525474591222,-0.27831479060401765,0.2359506436790556,1.0
-3.6083034174091937,-1.7363368146019869,3.9485016950524217,1.5578792611821894,-6.295820263839239,0.4474641522608025,1.2653220059985573,-1.6178082526705506,0.8568046581901955,-4.548124472603774,0.8053825413382404,1.4938099268272103,-0.38478234861520244,1.705710235844626,4.465772437213146,-2.010232710699275,-0.8265307469069798,1.121146155960973,0.6780795633314307,-2.170656966337246,0.5598849594972171,0.6824905881599448,-0.605069913347772,1.2432977710305595,0.15905573618104674,0.5900851184718907,0.2045529182919512,0.8179256518135984,-0.12200595343686241,0.35877585772297166,0.9275413642729988,0.37536261647866626,-1.4710714712152848,-1.03580996183921,0.29778075612396177,-0.5987003507838787,0.036966333222335654,0.25909423809533244,-0.8989874830309322,1.3924353712355952,-0.6432838010958597,-0.42316136565444684,-0.6688487175024849,-0.15189568956661617,-0.9996703035790321,-0.2834136839867662,-1.0276250019396282,0.5832864827471637,-0.5785413746973164,-0.5764379351266464,0.6832416725212116,-0.49994366449969624,-0.04874180711086587,0.5302681336490304,0.2579829573270157,-0.4630701139357163,-0.5662661006577487,-0.3656125469470358,0.05692624271375103,3.0
0.6769318943767892,-4.816242667816918,0.38711627471639093,2.5597860943657738,-1.1790583168209952,1.0275328275520517,2.25158951874701,0.8415575416891334,0.46480180014571304,-1.5487725261381997,0.9802660164781186,0.7203678481589562,1.557552424839154,-3.022631735859576,0.22326210097902593,-0.03209884189437625,-1.5611366161460802,-0.48282141175076504,-1.7245268411272359,-0.9006959759796653,-0.28527170649083566,1.016628998261941,-0.7869099360982024,-0.7654527493038793,-0.8561827632114639,-0.6325673836877486,-0.14634148840313746,0.5018973038274526,0.5200458515693818,-0.8798378557578079,-0.47856051219873136,0.5423404062412304,1.5759851713841497,-0.8961683598386047,0.12530009435261627,0.3179618087441476,-0.37267088526129644,-0.1792851067137049,-0.12060661205500328,0.7266830257976,0.08101301263198363,-0.6817137161390315,-0.7700357366186134,-0.12996580522486983,-0.9437609989989005,-0.4021514948751386,0.8571872045053227,-1.2854234064837635,-0.3638210687955215,-0.7968328301371355,0.5150690664825666,0.18393449391417713,0.19432337684158865,0.015757025000143296,-0.47577248723890087,0.4395328767667425,0.813318130142524,-0.2725568030147534,-0.3474568950030796,4.0
4.713024599412304,-3.889258805504381,2.3490508428575136,-1.8291278834407538,-3.859685872877727,3.4071903545497806,0.4238432166174363,0.32630330313014605,0.7056025524251599,2.7074677054054446,-2.758894286058873,1.302187764509381,-0.7263824841639919,-2.4513412511465082,-1.0278343507970065,-1.3877431792802886,-0.9092580889802382,-0.28346469482699427,-0.6112975019959479,-0.8114496185824092,-1.6640146366023467,-0.21319898255467123,-2.2405733220145914,0.17196289084689922,-0.6508943636146747,-0.6912046518653587,0.18443660143029414,0.3196868944778532,-0.7629969191141602,0.6902727960224938,-0.1262459301334734,-1.5105898390977934,-1.263280949872951,0.1765575161322793,-0.7343593107094293,-1.2749243212791626,-0.24934223533922661,-0.15626041706704275,1.130764346071492,-1.4520988946323827,0.38541211860703245,-1.7242765229655939,-2.7376311170095433,-0.7398806449328976,-0.5343494039156224,-1.168145432485149,-0.5153163022528185,0.819983505329656,1.114176373072117,-0.05108110982704319,-0.7214411332868812,0.36984670908363293,0.1115585212464191,-0.10207163658913389,0.6265679791137443,-0.04062475706577716,0.9508451250741645,0.4949831449137046,1.6218731495655607,3.0
3.2841650228972274,-6.260998071900867,2.729903240879614,1.0208914332618446,-1.6498691139053907,0.38315206861546863,-3.6568373889009833,-3.3909240466090917,-0.44397033578064626,0.6538899941506031,0.6517643006668462,0.537425667843785,2.1337689478377584,-1.2197589297668534,-1.1599666774734174,-0.14310163257258451,-0.8662775759423009,0.31723084853554867,0.20415443708506492,0.32004010341722117,-1.528165643794609,-0.14667839633654742,0.01719833823046018,1.298045560424662,-2.14435921028495,-0.7484000521906577,-0.9335051093101322,1.4492488965215067,0.6435874798074308,-0.5159449068777594,0.19887509830004999,-1.6476765351538114,0.17017812910005212,-0.7258631990418022,-0.7119022746750381,0.004151352402479094,-0.5648387951528898,-1.0104363695556076,0.05656621351569631,-0.3100295954883153,-1.0239926716764718,-0.7161692281311085,-0.5107658781850003,0.5440703677893314,0.5519141091850999,0.14395751344820915,-0.5293722685065101,1.3416112711746628,-0.45407030611351956,0.5998986183613307,0.5857386210649059,0.3608023906663241,-0.5406306993066898,-0.13065682917858815,0.4928674830209675,-0.006218972419722201,1.1955736585611805,-0.4440735021370061,0.966205537664231,3.0
1.295298949951695,6.492812465535391,2.86333880703737,-2.9628632583619705,-3.660493809258639,-5.739915198036327,2.582170676968326,-1.325770376017766,-0.9659036647204002,3.522717109314576,0.7874443514403623,-1.171191322053348,-0.7453094535432012,-1.0701131461905424,-1.0161197470553431,-1.206300836612539,3.2101460712950276,-1.512300904366883,-0.6662385870899644,0.2619015511487547,-3.1521538885735305,-0.008926306596003703,1.1183428978564482,-1.6871892163350117,-0.7795751665321289,-0.2607056114453728,1.9826931332675362,-0.06570713523275534,0.1927098045523782,0.9753282767205467,-1.139162829305064,0.4497030218884473,-0.1417034534221543,0.7122582264285222,0.12277068897126485,1.4604391395017287,-0.9640160993938578,-0.16303661693772595,-0.014303212445177205,-0.4155824696127149,0.2536308765187216,-1.0544497774041757,-1.2443214023267464,-0.07407889410244686,-0.20514570171334187,-0.4318018435699483,0.0388929246541218,-0.13866459484568253,0.20050470669888376,-0.45148365413095015,0.9990280068300644,0.009413575733798741,1.094063159986488,-0.08617102842231314,-0.2166004792710941,0.024531748632910588,-0.8663439597663982,-1.0919506068389069,-0.972983417470383,5.0
2.913432582071325,-4.265567730855895,0.16136614353177295,1.438856996987802,-3.6431601922834487,1.4341052556917606,-1.1036929142650256,1.8462090725773288,-1.128405343795446,-0.36904169083971405,0.035428146638123444,-2.3206034373487054,0.7184259554953989,-0.5358437544570587,1.3311079874511933,1.0165129231161967,1.5756317955489783,-0.22973004464384883,-0.015419591855076726,-0.3772072959054579,0.9860366031291609,-0.18515323523334257,0.7393523707498431,0.4100144584335916,-0.23918887582024748,0.7740234800080582,-0.0685026090793467,1.2773384664208733,-0.35810658641434084,0.1933771951363016,-0.48366748837896195,0.4028358076166778,0.7405015487181223,-0.6146741778636629,0.9298357735297397,-1.2169081673208095,-0.7474184500729554,-0.2631981785847757,-1.7099772179435004,0.5013234353636311,-0.4230820679419983,-1.2826330605688516,0.13021014160948235,1.2440382144399724,-0.169716817034445,0.26886660681692165,0.1604265258071061,-0.5187952217318792,0.616839229677837,0.06679255989910594,-0.4485884644271627,-0.08373516285926463,-0.9950250762349669,-0.08917882865004795,0.46977167554862215,-0.47103822715344174,-0.3297689644701136,0.6579482277861893,0.294584012229474,2.0
2.92042782145732,-4.645998710877687,1.2034578234736102,1.2771440833244332,0.5491133761747088,-3.003294716363503,2.123533949583112,-0.20254761610391528,0.579452512371618,-0.964670119404047,-0.833126669735449,0.7668343142444571,0.28528831312449426,-2.2724042109428226,0.7178530910701549,0.16695562594225868,-0.5210550164041305,-1.873720510526923,0.28520772838083325,1.0099090703980436,1.0874730560311594,-1.1058034845744376,-0.6930498720792092,-0.5060980553416705,-0.4389929654459583,0.57557512192857,-1.3349073110115972,-0.16648992043980915,0.15897070095051385,-1.057416943879148,-0.9617353243177351,0.16805152950923602,-1.0529994377733813,-0.22245379637286386,-0.3011164282126888,-0.8701873319083676,0.6429807777135047,-1.5239048318771644,-1.1314372078035568,1.786397623955422,-0.9050643817043104,-0.8243874921174436,0.5882518772575115,-0.41736685632287623,0.6693000417812182,0.6101705953763278,0.6625832603444839,-0.6340980661213577,0.8490480820513979,0.18682806486696485,0.4726373093418954,0.22086044557459603,-0.5095420817058274,0.22954070622948622,0.34788506445231354,-0.3295063139435455,0.048517334205127285,-0.335216545293382,-0.2906716372651978,3.0
-4.299703359888915,-2.0599665885174767,-3.407678759943893,6.086297588563949,-1.3510482334640037,2.77946623487649,-1.6391987773870096,4.338486161889982,-0.30361843204758565,2.5642937816169455,2.460335227653806,2.5446371426938654,1.2149383449999465,2.84144593130111,-3.096955143428359,1.3395685227090148,2.6701957256835906,3.0500465993499795,1.3053963992469975,-2.0924355479000294,-2.8130710781585533,-1.1541997744903256,0.23045066478225842,-1.0166843868771613,-1.9517219963604078,2.238976341702825,2.7397749429722293,1.5956753906487628,-2.8336037583056854,1.6562353504883256,-0.37539437455357305,1.2452433992393153,-0.5946609569355272,-0.2683661732704131,0.7291472840128895,1.3875352615407008,-0.37775884915579516,-1.1846032932552595,0.7564286931988629,-0.2732391111594118,-0.5230450820195324,0.03275326147799929,1.1115917054725977,1.6672216082311537,1.2367362462504403,0.02239464287518697,-0.3994752123774485,-0.5243038499087453,-1.3871817635373045,0.15351721978471236,-0.5587185668697916,1.0058474315071917,-0.2700692379070768,-0.4494858867193711,1.5695220945874804,0.5467967839215114,-0.41425648684387756,-0.28176599702144417,0.15135444810641163,0.0
1.668360373108463,5.757056215374889,1.4425805614179807,1.042539538696029,0.9500164931675782,-1.2177693180648042,-1.24846526137816,2.936722265351098,3.942053546894998,4.368146960243372,0.10970750485893707,-2.8212714097101883,-1.031614590904406,0.8332969435764904,0.5808922776197473,-0.5035962978246391,-0.8188770551270097,0.44151264095588966,-1.6970117660756605,1.8285023954013315,-0.35496139579223046,-0.6004751067418023,-0.48908702397599435,0.21348238952697615,-1.1811499040667233,-1.3401909698870185,-0.9315936401198539,1.6610168301912658,0.1857287352042766,-0.20527358973674248,-0.6929467180116418,1.1988555798804568,-0.579347388279692,1.1158953268330207,0.4631362373660407,-1.4051542357273812,1.4884792517257657,0.5746336043782562,0.526710521515419,1.1938676378877586,-0.12630654826705162,-0.9161393669499922,-0.5201763241368821,0.1691734611970403,0.06346883031662229,-0.4727485434899495,1.0029027262814287,-0.43681939986808294,-0.08415176165910271,0.13272853028151183,-0.13991130162196688,-0.14941075445621124,-0.526066370596456,0.6426806674784022,-0.13880823050443983,0.1700832203843642,1.190920979705396,0.43627597747114055,0.4255069928463856,5.0
0.9115796316481722,-8.367283276768818,-0.6337148124901771,-1.355380483722949,0.862884015503345,-3.4704401555509694,-2.6529598926938034,0.9845714763791374,-1.235891736892143,-0.9703680872877873,-1.7099517494110803,1.8420891273042832,0.930130763500293,-2.0364995455228945,0.5902829408578933,2.569656305489855,3.212539255605715,1.2617065358926027,-0.58301402220016,0.5440271342820205,-0.3632000617361908,0.019775925737817092,2.042484527687233,-1.8915227049973862,-2.010848267317637,0.2810348872461598,0.40936328266187166,1.3576798289310334,0.6030032603362866,0.29082211371122146,0.31625572553306086,1.5238382230214758,0.3707830084005097,-0.740217429578658,0.7542001937159075,0.7107310023816809,-0.07979846135398902,-0.34861889535790386,1.5315282293316803,0.5868639138121802,-0.001709598494069328,1.259777083316553,0.13142364400305612,0.8940417274560474,-0.13584706700711235,-0.08946547207227602,-0.09266905503066135,1.2272449615622902,1.1578563349879487,0.3912213708362263,-0.36201878469446896,0.10181156082138308,-0.3481452993060866,1.3225116891073416,-0.05621372277315681,-0.010058116634309283,-0.4719084411172882,0.36147602873130774,0.7417867584629364,0.0
0.7736269570390407,-3.8588302347022947,2.925732644594551,0.2624522625645083,-1.0954361578456722,0.787590608841863,0.20936842822461837,-3.7617336060428492,-2.1968083007789336,-2.3797697787673475,-0.03752699062717269,0.9753302890264506,3.195283426905524,2.4899907772933054,0.29247718918326815,-1.5503293683832837,1.4097959407233518,-1.0188467237920356,-1.7617628622902621,-1.4241775028528323,-0.11531005976027435,-0.578241284825602,1.8070637125099955,2.0914399800635173,-1.0455331982983047,0.36930808406114474,-0.5887717385089705,0.37151441173847755,-0.9494599627622685,1.299562686510701,0.7485712864680026,-0.7196174353427874,1.6288423716699572,-1.4467763330200278,-0.0935758635176544,1.0014393038857665,0.05047136926670959,0.6028035091710019,-0.8954640665610817,0.4994756767417625,0.2888539084862911,0.18159786213846338,0.0737972900503633,0.6022210281025944,-0.2246118923850155,-0.05917577047722893,0.39141149393390773,-0.25775075859810276,-1.2186015329949185,0.1280219583580233,0.34936085898635183,0.6329806001409086,0.8467966201838999,-0.6494118188336988,-0.06498330290487575,-0.03967651833178785,-0.7920145319073109,-1.7357587156782779,0.18251628607680168,2.0
-6.592529766258641,4.587759011142247,0.6683427041756458,0.29177323187458043,1.1829464179477736,1.167584827442519,-1.7018370216460332,1.3163731252444508,-3.033833300544939,-1.6652039273083978,-3.5332522611151904,-2.0373202313453365,-0.47866514886250244,1.537545175858684,2.4206966151220075,-1.0965418515368732,-0.7571768248564478,-0.7769903633846565,-1.4469629919655826,-3.17500448549596,-1.869093598831679,1.0364495379408887,1.6700447613958604,2.024835276570535,-0.025605096167930122,-0.5890157382381853,-1.4118215548314224,-1.498027947483281,0.5279279915703912,0.577495997086369,0.5840777879155029,-0.8927332360345521,-1.0598098724647713,1.0060828030875861,-0.45580719972267764,0.9443106407197004,-1.4599434850330761,-0.43053271828415735,0.4619133503223137,0.38354409532618416,-1.3617417362395021,0.30832073629617623,0.4699819893577174,1.1727717559490634,0.8500945610231782,0.37935769875633407,0.08751817288010114,0.40448567231916666,0.17681535375277369,1.3563320433543242,-0.32350334949589965,0.27052487607747294,0.12480229029724453,0.8064349137893693,-0.039235281404250685,-0.007268889643264735,-1.2176615490820322,0.8869616676014086,-1.4164941290361337,5.0
2.638355521663616,8.381171712728719,-0.9552476182991786,0.3984482573900237,1.8928743181742247,2.5824785590382358,0.245884160014155,2.3327786445943883,-0.2490327564498629,-0.8764049993644579,1.7855869789349277,-2.8868120710147926,2.032413842990449,0.8624113812305714,-2.490330829126161,-1.4390166290568964,0.8464814996310775,-0.19662039096727446,-1.4044397020547819,-0.22325458121061328,-0.8833779220067993,1.4938387606145616,0.3476634708670238,-1.1254295262944913,-1.5107256111469909,-1.1457819512858132,0.6935095370180181,2.1132187503176256,1.0976796292136528,0.06286264415947355,0.9425241167158156,2.078622226164499,0.06630425276580232,-0.47244451441511554,1.4456871389717563,0.35970371739949686,2.1978666801109625,-1.3520861773878448,-0.6723524899561896,-0.6217733580802961,-1.676606091841286,0.2212821038364201,0.6018803468403872,-2.4138430382271188,0.19105231385125018,1.7072389257520586,-0.21738729269023738,-0.3758895086393481,-0.24078540725868125,-0.6669614140080375,-0.1902891955845654,-0.9812599183306029,-0.7385005095596566,0.4556944252471974,-0.5297417668798167,-0.31096301805880433,0.3323467810847954,0.08628282859104874,-0.5279285712841284,5.0
-1.1117190012817777,0.3327585157560406,-1.079351276238441,-0.6761108121613252,-3.7334491435846164,2.2211317659037038,0.8231231880682375,-0.1288097113432365,-0.4784034902216625,2.523217351815359,1.9638053977400782,2.1480190551097453,-0.09894160584412842,-3.3845430578812072,0.23753205443442718,-2.6492224563546305,-1.0768119458692427,0.9294553489772243,1.4790608410786132,-0.7119888654887396,1.7171691880827444,-0.4647409538512369,-0.0007801269032042006,1.3023929832856658,-0.04620844775507591,-0.5876580788624545,0.3111024692992932,-0.07043429749918809,1.0575238449938404,-0.8178665885747104,1.6568082488119156,-1.5028055710056598,0.7571237628913519,-0.8853531457559488,-0.412316961185316,0.04388100392417049,-0.5256916666448513,-2.0083158336244082,0.7511369842760119,0.06666209479311905,-1.1937237519906965,0.19054968338448364,0.059071130872598805,-0.30563828161580664,1.2986218779041887,0.29530099638403556,1.0676178540798174,0.7852180023623014,-0.10125905904075655,-1.4951401849142643,0.9480297476601582,0.1288313753687787,-0.31082358434739077,-0.023544832732312802,0.07127191745457731,0.7352993932216484,0.7607383162494396,0.029665397433963236,-0.4570069184448374,2.0
-3.6820743265393343,-3.729783921505667,-3.9737923956765493,4.3818183362247956,-3.728607406304072,3.9446286766330165,0.18663084855239573,-0.1796141597648301,1.5913675571838541,4.044940004817216,1.9180664588569156,-1.406473569990228,0.6769205414297091,0.4795835530571016,-3.0835908459652934,-0.9097777086763654,-2.243135325327896,-0.3456144089938287,1.2632103503405319,0.1367150105504055,0.5857641230434024,-0.5789906692949384,-1.1563408750540463,2.932572953247627,0.011404706380700244,-0.27471758858038026,-0.004196222577225956,-0.925594851578561,-2.0331993968620634,0.1991439928692012,0.17348759968544497,1.183321575536161,-1.9812674955387253,0.7786058962912248,0.7130048319880006,-0.18547258596333993,-0.46009061748425445,0.4960762322552671,1.3658302185948181,-0.6382741612870454,1.336624726290289,-0.1256915394907533,-0.7270045109523925,1.1827582832059342,0.43544666786119157,-0.4820763271334634,0.604508898549055,-0.5891280205746857,-0.5661301602193023,-1.1871271612069028,0.9437343946100203,-1.4749108994590772,0.49670908098054806,0.4792072734133413,-0.31013968010273874,-0.8688286267557959,0.01087390594434237,-0.07941177708077195,0.46825314754011854,4.0
2.5032359899718006,7.6805282368187004,1.3161468408600785,-0.4274635024275463,-0.7290822478111487,-1.6672650621336547,-0.2802033274594844,-2.8444267400816847,-3.7135279457839503,2.0992596287444267,-0.9878056270673109,-0.6448949142017942,0.1873464011417741,1.0128097587399554,0.6143343576842887,-1.2427464615413226,3.1214034130272323,0.5284111468336342,0.44400164644636814,0.2793249072338486,2.76762536956936,-1.4571438800867915,-0.10618655371592688,2.629022937663419,-0.9869849788544856,-1.0024947522891963,0.6436846960490367,0.09950770999569358,0.26208598201721284,-1.4248921967943238,0.26241701507109544,-1.1707553236024344,2.085549974130496,-0.5600831216828465,-0.04051086539224753,1.574203370143622,-0.051053239352436934,-1.7575672107024962,1.3404327259392588,-1.5399511627240596,0.07780346156463959,-1.5380908040452292,-1.3996204645422337,-0.34265287414687884,-1.145887945387494,0.48517559667612536,0.37851480242014685,0.4188557332526993,-0.9092244252384913,-0.6401855342289436,0.5830069884957589,1.5871205980771523,-0.09976485828050152,0.005361565001878169,-0.3589126041555625,-0.4294601110043025,-0.2518883831697682,0.9941568161260407,0.3623220163489226,5.0
5.814898199241002,0.7527555080600404,-7.178322403201121,1.0219536304947376,-0.7638784569403555,-1.6287207250951805,-2.2394295670680138,0.010395204377849583,0.30421943528717693,-1.3172620671619082,2.042636750691995,-1.9049877719551551,0.4206225235312306,1.5055489234223731,2.9230998478425376,-0.5014189875013115,-3.1173458383537547,-0.4392565213269206,0.21510140223551322,0.6795328805047912,1.2701752599687353,-0.9336902745405604,0.44964424845644274,0.18764088463030215,-0.5294065208834718,-0.7392590917786237,1.494092109692192,0.8017689785632204,-1.1746862769078508,-1.1239253361938237,0.6329482885642252,-0.8656206768755464,-1.210321578239792,1.5085121848130534,-0.9155897125148115,0.7048548017668211,-0.08012027016538255,0.9157916659397901,-0.43233943495867094,0.8739925687696813,1.1621671161668405,-0.41111980744458515,1.2280591134493868,-0.07315644986353716,0.02608323684827817,1.123681073903213,-0.7065168942423997,0.028039443312896557,0.1352937791000307,-0.08086854250043105,0.6618503697874057,-1.1645657840610653,0.23387237686614507,-0.798219518699629,0.345980713363473,0.20700976497311016,-0.20732541093097498,-0.008138928459193224,-0.8345686503767162,0.0
-0.7065856032160256,2.312408942162026,-1.6358962094051661,3.0031730932868608,-0.9605974823844259,3.9036560443311554,-1.8048564316401778,-0.7294084974575641,0.058504550414709255,-1.7846876351182854,1.616639538563142,1.328164246958119,1.4515146310546336,-1.1273095828206465,2.2224330553176395,0.4879338404053424,0.7281187507176824,-1.3030853538820244,1.1334758291384328,-2.619623078473788,-0.8743681673799776,1.8502752351319418,-0.631447096329133,-0.817881403422707,0.4398217059473114,-1.9847350999259694,-0.2256997437037725,0.8070719040900474,2.2179616832371156,1.120838374069747,-1.266388197890067,1.2210355336488974,-0.29192252133250896,0.5643434209070325,2.0195070190638296,0.17006227250051156,-1.400820727076198,-0.29661184306025,-0.5781239993376724,1.0588012296323241,1.1548589332937043,0.8809185220464687,-1.1097608220848425,1.6358316578666003,0.4909682124254846,-0.25429084668247626,0.5992836077107947,0.47126371563269537,0.2403002038327166,0.7471119304499859,-0.6121815902647949,0.46209021538697,0.5658383374701816,-0.29080225985353686,0.5274920389557818,-0.42778861655388,0.12567770951773607,-0.1252579153060211,-0.22122280104065775,2.0
4.449158617197618,6.689277137484847,-0.1576206807689367,0.2555146128722164,0.3546900269539897,-3.5087804647313185,3.4909478994441274,-1.3622613817259939,1.6627596182330995,-1.0449021345584633,-2.1746634125613,0.6581019634692491,1.2363167265429078,-0.023195243381728604,-3.2434967647994553,2.378882145298961,3.216210383969283,1.226896957991407,-1.5669997514965892,-2.6432340901860245,-0.7796183408080185,-1.5016634614448081,-0.758008837914706,-1.2172510900692404,-1.285604474685886,-0.40002078704523436,-1.1399738360403642,1.4449038813127748,1.0944822658828803,-1.6596433868994838,-0.20030893523835222,0.21877153764594795,-1.904380018172506,-0.8056447800090218,0.8344728111224158,0.6603497028393889,-1.0661472330930184,0.10841327474367503,0.1380651094396366,0.3155700371318249,1.324553619613472,-0.2679636387261304,-0.5917034260122255,0.678402704811271,-0.04251885295508247,0.9064773322583642,0.35975583843903053,-0.8623479753424705,1.292507248174419,0.8016502089700874,-0.16614995802351562,0.8557215998865015,0.6677255873721817,-0.16212878637330788,0.3511103257338294,-0.23871901931388834,-1.2478685651610175,0.4087944312908516,1.291598888089749,3.0
3.7956661231245516,-0.6495999660948887,-0.01157950724202281,-2.72667042928884,0.4528169645687932,-1.6588618994343676,1.4039820325716605,4.111813618730038,0.21887293991865564,-0.18315713117318988,1.7432418706385777,0.5065752700543518,-1.1682226206288873,1.845157425662866,-3.543324849989188,-2.6708081623891324,1.5481852261466036,-1.5993117903324816,-0.5089225653983237,-1.369432125767651,2.388571935392997,0.2906444199808951,-0.8767617003449353,-0.13952994942006117,2.2313851052090725,0.18135901150840347,-0.22652006583347004,-0.22099239776075832,-0.7748787278482009,-0.21785260989621064,0.5494966145748387,1.5419061942221743,0.345178255642302,0.4778148966140473,-1.0262558396924462,0.7969112668677534,0.0864720427393217,0.6416902381471606,0.49949274940554617,-1.8138786683581032,-0.021476475832493003,-0.008895545933654034,0.009131785293584738,-0.3814508811029325,-0.7457789332189421,1.7170508438290193,-0.6106518202885403,-0.4936403116212259,1.4341080414509235,0.7418472557562212,-0.47868863076307916,-0.5109297022503492,-0.4095838185062829,1.2966303944131254,0.8962097010091947,-0.14702032706926466,0.8152804239610707,-0.38453270950674007,0.06712761153602445,3.0
8.743582866392122,-4.238809174971735,-3.725314572403533,1.0420846410671556,0.43310288118101825,-2.245825497091296,1.9021419219633204,0.5313778266397381,-0.19467682603679426,-1.241290354390927,1.1256605917064482,-2.783079543912266,1.1385500469111716,0.041035929830591726,1.0003271767313684,0.20150310175215652,0.4761909625966154,-0.6456069370550741,-0.4241182275647115,0.2683041426751822,0.17728864239790992,-1.5211424084295708,-1.1625049890091932,1.0303427077556855,0.8451068211495499,0.13096655674837246,1.295365382663428,-0.24373647843601082,0.2993388389544107,-1.3238176764585226,0.31570343222982045,0.45661098202466227,0.018938526898537186,-0.5555244128479092,-0.7168046430478133,-0.3216179202944435,-0.2689176310285983,-0.966386856845864,-0.6278515190580956,0.11334135816029092,-0.009496118279526797,1.2891424926898267,0.5257058748568523,0.010141939243636565,-0.028655169782513513,-0.3606597600385741,-0.3806653035884687,-1.2694670866640312,-0.3944786246776889,-0.24255126226908472,0.39451271229815804,0.2189211667369679,-0.1628193029497934,0.11221049118645858,0.29772077163318533,-0.815671654264552,0.2661433680569777,-0.23615242974069686,-0.12830820740031715,0.0
-4.093822049294875,-2.9584354763555374,-0.44730147098119905,3.23418380802718,-0.14104204126843345,-1.0568585964211186,-0.2883151506922835,-0.39042886798144893,-0.18267056994875294,0.02878901562771256,1.410721398506053,0.9027598656399803,-1.751578442301691,0.7226575365266034,-2.4425812607923207,0.6879200266126231,1.4645798897487101,1.258742350513505,-1.681434144562358,-1.3365262935613789,-0.4692892524325072,-1.5202904979058205,-0.2769749570912752,0.43101951300688396,1.1050685310605464,-1.282249380445479,0.510054210040746,-1.582995164740375,-0.1707564246867619,-2.4232433603340473,-1.49455297589645,0.5858397536362074,2.366460012353282,1.6978909819457857,0.028841785848712106,-0.23064049536204695,-0.1483590363660087,1.1160186449902394,-1.1153354832058462,-2.618911899961909,-2.0073144831751217,-0.8816721110230116,-0.5492072462293283,-0.3595892348655951,-0.8848132806622899,0.5977758711604041,0.5099828045544024,-0.17927241838996982,-1.2488544826399068,0.09162703746696628,1.6579627396969703,1.3018344340744061,1.6725327134877517,-0.23039106268822965,-0.8825252928938498,0.12789354029857775,-0.8571238680597492,0.3599213346809511,0.2993385294182779,5.0
-3.1104943812023222,-3.086586769321294,-2.7981343306303503,-0.2095812828049386,-2.769006533697759,2.2971232511065933,2.5791441442152023,-5.994624960076701,-0.17415966674393382,1.4575225799935492,-3.44823851045529,-0.7787277480753546,1.4376586642906206,1.3259309416911,-1.0865242227576921,3.4843786004182355,-1.5342961578590146,0.8430243203386101,0.3693171687254617,-0.28116368614072856,3.2310710628374086,0.8026363820646164,0.20532537929013583,-1.3130039935275013,-0.970408728885466,1.2353891357743125,0.08618432277674504,-0.5287040374690316,0.3601051662533446,1.8215060453972314,-2.6751292248535408,1.180558846512763,-0.5277406550480289,1.5314189588103075,0.5973138892173104,1.2455938504850181,-0.5649606384401623,-0.962383124889032,0.7736293001614792,0.8465816411800475,-0.44051222488240616,0.7780036025522968,1.2663460990071278,-0.1493242625574136,-1.8112534988243782,-0.44352256942352725,0.08758276484516486,-0.3177314490755187,-1.4439924607187686,-1.641007848116276,-0.05067630745056098,0.062371398419911746,-0.6716547857848765,0.1369166064617379,1.5246830670712737,1.1025390959852674,0.6886861063170038,-0.044641837832113035,0.467324208717817,3.0
5.038757769964857,-0.6030170345718586,4.378887802205151,-2.9502598379716365,-1.211072571211468,2.399069090994498,-7.0746740199431155,-1.887608737796533,0.5581349523235141,0.20139352718244746,0.6148003966179214,-0.9815085750086848,-1.2323096297887177,-1.234986987235165,0.04735708868434253,1.0324047525350526,1.0634495392902508,0.2113471336045591,1.6118160486256956,0.8171876667408023,-2.8039381344755006,0.08314261704317895,2.6758806593317273,-0.44402772703536236,0.6388577816375334,0.15482860837541493,-1.245754130089994,-1.0974642968127164,-1.7840907180000112,-0.49244662442940257,-0.2671763139791254,-0.524756052926516,-1.8939659760609522,0.7836372833543679,0.45801726618841543,0.9072144332490972,-0.6548950608155372,0.41260996935932903,-0.913441869877224,-0.2160247549245979,0.42152012389616084,-0.30191851847495543,-0.35755539444985723,-0.34760633658515844,0.7147350077544488,-0.8939811880704491,0.0439718758399967,-1.040204600263952,0.8145232674368855,-1.285906861523301,-0.4379280614458069,2.0509501475124647,0.4008907893325501,-0.44726873071672546,-0.6750895008489028,0.31704492713184107,0.4568668127753959,0.3156739402523022,0.34926568432625615,1.0
-7.678732633032975,-0.3883412188137636,1.836121256757137,-1.1280783715747633,0.6647592801379306,0.10969693195010576,0.05177050855233835,0.17294602946562018,1.8870431471365225,-0.7755518102946998,-0.6360638849811779,-0.8662789265422064,2.8367290383226265,-1.2817692525580033,-0.3705145443322892,-0.8778420202571839,0.6093508489832471,-2.5135532726741423,-0.5748645221529678,-0.5234813720797333,-0.1412453694449409,-0.0505107897636124,-1.544583909341881,0.2857830885015266,0.35155002971643445,0.0620353441913856,-1.3980342315208396,-0.3385519975013858,-1.090838752311526,0.03794200865638266,-0.2877966977992917,0.6503892883285493,-1.4220217193105138,-0.2638733372682621,0.48397027307338314,-0.5195821230914287,-0.1373887618102309,0.07391197163877061,-1.3981259612125911,0.8428335946372886,-0.30010647242824096,0.1750511760341489,0.16755753381159094,-0.3842565223274806,-0.09139815235089212,-0.4767072767891076,-0.3681626130069294,0.7143990517840612,-1.140113590230974,0.7323133528823611,0.4132847415511359,-0.36593306025394123,0.586479910544401,0.5581900368976705,-0.7015213662857793,0.6235372824234188,-1.1879773365057305,0.12990503240412765,-0.23421794898079784,5.0
4.017983430700925,2.086570662506369,-0.013563360572621353,-0.07103504189228631,-1.3610642446797323,-0.9341078097277319,0.05463785615594323,1.1339701515619598,0.6284087012440267,0.6800464285072445,1.2605042025465583,0.5233258696718751,0.9511384528535387,0.7455278831952525,-2.3870188730692323,-0.9256169750057092,-0.5545651309161879,0.1627895167608691,1.4385873877592812,-2.276841103347223,0.8580168768780715,0.858593484646648,-0.5513185365101646,-0.3397775181007496,0.5771550722020571,1.682105490693525,-0.5852942863518619,0.21029879991160627,1.166728345925117,0.3498381911867382,1.2805740107205636,-0.3343443201519568,-0.14993394715328073,1.0181480246098602,-1.0633973908645533,-0.20685459218988866,-0.736071788894421,0.9458974909495343,-1.8315025682838324,-1.1307212984859918,-0.045492357665369354,-1.0822558039468213,0.44505365362483384,-0.6295243210692371,-1.2380751294094277,-0.1673108241250677,-0.20884299606830445,1.1700046763655596,0.6067312118991975,-0.23164927901407031,-0.9649052703032486,0.986790281706111,0.9374905471724709,0.48678897361702933,0.6845625052156178,1.0058376416565877,-0.013920914863200538,-0.8277090040704986,0.05405757559024488,2.0
6.633970448312291,-6.373434261503645,-3.877152658703486,0.5732811384033423,-1.291976995952415,-0.7052282965242485,2.4464669757089683,0.9953410458214185,-1.39408288697853,-0.8760828142292365,-0.1412764945961649,-0.0834829045266885,-1.9522395637536247,0.5549092180509398,0.5124578385543416,-0.29207134379002353,-1.9845023624741,0.20011017191795244,-2.2657330432392513,-2.055587406187105,0.38931536245496845,0.4430403726303819,-0.4878669480086729,-1.091692569192278,0.008771213131197055,0.5263264056812103,-0.48317220968214275,-1.1055290251657022,-0.5155287760110454,-0.3132291499296855,-1.0242793748575847,-0.35284213545714044,0.46911468783999033,0.298740440716889,-0.13201302351142138,0.021510678409358316,-0.34219165271011176,-1.1089271713314381,0.9361960866162639,-0.2979548066239752,0.4760230676545102,-0.20881837876508413,-0.1105814578009651,-0.5724785310086428,0.024377700431369827,-0.6713303943535834,0.25305797750104014,-0.041087198808951085,0.2721203243310387,-0.01286523280239523,-0.9705949959273993,0.05589655235035352,0.7940924007454009,-0.10064311295837035,-0.734838875380851,0.27490605129944773,0.5453048833247344,-0.03993991467263671,0.9072167978933436,0.0
0.0704436079629716,6.970736386470466,0.3926564220733684,1.4885527842526212,-2.045317264324136,1.3220553042529999,-3.3036982816833715,1.1947460241118422,-2.981731001188827,1.0283785897799524,-3.292238975982092,-1.2432723753017745,-1.9986821490508284,3.298092352291559,0.025364910011500427,1.0281835727552686,-1.1551246455904938,0.6923795224348497,-3.28912889907136,0.1868171643874888,-1.304405356990323,-0.4229041154842546,0.005125653493763528,1.3132423102980864,-1.346239393085111,2.503089829492247,0.10647104970347142,-0.36033671451132315,-1.0159305845250644,0.4139431293019967,-0.011841870676277464,2.945513655066899,-0.5605915125367413,-0.5616707681515835,-0.031109781165420524,0.995086113619273,1.7647909836358107,0.05796531745670714,1.9997365577866997,0.09876478533755353,0.4109678389204681,0.35580524925517054,1.2323944857954043,0.5438147804680078,-0.9035483537074166,0.31735406535433247,-1.2603047425493237,-0.6129620647999605,0.12576149264117578,0.4043912611528584,-0.2513640334484223,2.0136249361856993,1.5105177354826367,0.2520455965951331,-0.7449327270684301,-0.7358310447361888,1.5371250920364203,0.626986612874984,-1.1985861063523586,4.0
-3.8140358278666913,-4.65766350702616,4.099943530776747,-0.6855836500776292,2.1708183966253904,-3.106783413353512,0.7668142403897825,3.526758048885119,1.3887541314238383,-1.7597056541977623,-0.5250117072540486,1.2572888167394103,3.2881000575800967,-1.0768416762253306,0.6384478768938782,-0.29601033696822826,3.3301358604160973,0.9394631966003287,-0.8541816197750843,0.7540289241041604,0.4101971608541025,-0.21700681762961627,-1.9196107334530084,-2.1722873215070106,-0.9816115620615018,1.221810372440199,0.2707667469320155,-1.539909237611291,-1.0723832095806614,-0.47503387863132684,0.9778411947860566,-1.1821391938678962,0.5578866257864676,-0.4701511181691164,-1.6274778559279315,1.5147260720275049,-0.7772700515438863,-0.5674219157102435,-0.5339413714177265,0.652501195836499,-0.08609126143303716,0.1414860541576761,-0.5754834490422335,0.09501260952774242,0.7992118218335387,0.013513131539394955,1.5289999554768137,1.0547712717867925,-1.2023137720274526,0.5264653667350538,1.5878850794156654,-0.38468398825920197,0.0033665417640968125,-1.2115949206838719,0.5486916800732821,-0.6540798964895439,0.48699399081892736,-0.8987118086680528,-0.6578737867502104,5.0
4.896332003250669,4.385863751429202,-0.027610583514070003,-2.7517464442468134,0.10669513952959842,2.745415123333408,-0.778273216013212,0.7092575723506704,1.3401942480019047,-0.48060876006683584,-5.065121710247399,1.2568683118577044,-2.5852631388897946,1.8789496427722838,2.479426023430212,-0.03354494256015143,2.328825570573742,2.199090273223029,-1.7121498480189332,-0.3657102346002733,1.4943437057828972,0.20190586602574698,-0.42637780706690126,2.2420607293622252,-2.5696410751858196,-0.11619852833953209,-0.6483935871853188,-0.418752080738106,-1.125611068753676,0.2802598700863673,-0.2547133062546153,-0.33745058463282734,1.1036378546972274,0.5224268289347689,-0.9312988279291062,1.0509105884667365,0.3362272871557739,-1.6640300194793352,0.3540563381802557,-0.8688895170861459,-0.4979228710197065,0.6448049735935941,-0.6484262806638336,0.8465027820442846,0.48009420804833103,-0.9571702536553358,1.0224021113360033,0.35058222420262636,1.8962191485674154,0.02097754071657897,0.6246291396381212,0.01690953752577982,0.9320916580692492,0.08196405827640722,-0.27529007980649084,0.24023438131509112,0.26221890725081387,0.07910232073989591,-1.3625745703234888,1.0
-1.4710565393301736,-5.447916229305263,-3.560042595186598,-6.444126150506889,-3.901682762038191,-2.1775196950672058,-4.481870518988468,1.848812887667181,0.5268164817673401,-0.880956673781217,-0.3801705381153134,0.44878022845825566,0.1359485531628223,1.9806096239348145,0.4460967636860824,1.923556868341106,0.4124263399825999,-0.886428512399359,-0.5494960731889595,0.917573611193982,-1.1482067063065797,-0.6353522657641446,0.11617612931927027,-0.702024894296242,0.43215254239201983,-2.360857716383577,1.0619144707012278,-1.1091122034116536,-0.6417438405569658,-0.897292081524604,-0.8616496411219485,0.6178928284196793,-0.13524688854605374,0.9022095684780076,-0.5898365958309381,-1.059441290200472,-1.9074301437878065,-0.43369801842683703,0.17822808968815318,-0.5671055497677752,-0.57119231958051,0.17048037485223835,0.21990745118713872,-1.252228082963632,0.7675604265809844,-0.17146695835000292,0.40226893863259583,-0.43161449228205045,-0.017924571501738824,-0.8637206902847563,-1.0337610169645153,0.3116683810259844,0.2261392754263607,0.15575219070692162,-0.5702592436400343,-0.6629198163795049,0.6889306432678112,-0.5581721094579649,-0.7521707802029873,0.0
4.743239777354503,3.4826386526109596,-2.9632913713713243,3.4584352372777563,1.9521396756695777,-3.5699903612050394,-0.0506304703028168,-1.4417332343169564,1.93815968570882,-0.17784747633919085,1.5061183279930612,0.06869706995104016,0.6876229326574603,0.456841889402031,0.18580050459568015,1.2892186049853103,-2.349279032971614,0.5902512799387064,1.9035142927971054,1.2099024714921907,-0.6027884849651889,0.47393269839055674,-1.0173286930278997,0.27711745728448894,0.8746017476941688,1.15609907031746,-1.3962241586004016,0.12641123967397253,-0.026755689487519364,1.6984159429280392,-0.5786761484684475,-0.41762834457063336,0.26599229452460044,0.18187626845585864,-0.0041587755265142835,-0.4221101991984149,0.56073492635041,-0.41257875604749644,-0.8647067635469554,0.7036067974153737,-0.6293273413677298,1.5117331110599233,-0.8487200859235841,0.46810161762539054,-0.6258608826903607,0.45570032510536423,-0.9552914256978037,0.2357541150806553,0.2548803657898958,-0.141236968115848,-0.45457491198280386,0.9716040832584406,0.18026892662432303,0.5808935680685662,-0.5555255011461742,-0.8543992834055504,0.2746946044363033,-0.22862851414423022,-0.39550069816662886,2.0
-0.43100621084407276,4.610844780454889,3.4243848784275808,6.927772519674991,-4.2687318653776645,0.44391259705869635,-2.322844018591734,1.307164731816506,0.1749566898609651,1.8601892918246925,0.6358416739410795,-2.4189777817339566,-1.137692647767555,-2.634769992701396,6.780325358991816,-1.7101743410092713,0.6993561814777504,-2.665800866330471,2.9454900868786993,0.21723363789034864,-2.314162367633216,0.16174779582367227,2.35774881925956,-2.992630620692112,1.199646155819248,-1.7244052354579948,2.222281302277945,0.01139210554395725,-2.111014966030054,1.8163151034981477,-1.4016756364929288,0.6206999219466555,1.3323293338665272,-0.466553540331839,-0.7567729922393707,-1.110260473731966,-0.5871258652323182,0.6312685777284226,0.1294766166721361,-0.9776167311342929,1.2152206145540496,1.1523737542194985,0.860497971126732,0.6893188757268477,-0.016900163652678407,0.6783730839008487,-0.43824058691228523,0.3215742821966634,0.6954740846826839,0.8514474776518239,0.5063463557624159,-0.6135710389571951,0.24288602532450213,1.0603988144869974,-0.22963726177958277,0.382334206454417,0.4664917205919609,0.7245888222977215,1.6701618342494713,3.0
1.0764320700011207,7.6506823972474844,-0.5016751064963614,1.5213169816027077,-1.7848740050707352,-0.7072166814274813,-2.7630584231909037,0.17395340800492323,0.4447079633660297,-2.3714843730975184,-5.955598237094996,1.7840058315854346,5.047571061931974,0.10885941973449888,-0.7109371019499057,1.498857997352459,-0.6149179650043363,-0.6211579688354919,-0.611451618855304,-0.6876281050786263,-1.607082579248364,0.025277611099463887,-0.2842429684919991,1.29041460940942,1.460361799597731,1.4721853823368223,-0.2028361474597595,-1.1890595617570385,0.35402413847813063,-0.6274886569591868,0.5090549110426763,-1.549278194466787,1.034015954007134,-0.12146263445913229,0.4953595041644929,0.9517658033707445,1.1484915940036842,0.7908673939404939,1.0226130159401396,-0.5280615436087104,-0.703036931894675,-0.9652498148853904,-1.084780527385852,0.9237001099361848,1.8302949318694488,-0.042004402410711565,1.138135269259679,-0.26278591531006495,-0.42069931501853336,0.05738659201999259,0.6784409759704102,-0.44785771912367095,-0.6813668887922995,-1.0686552272984318,-0.5500454297007518,0.8590822820247714,-0.9725896691599597,0.8290483274627,-0.21298935180002188,2.0
-3.114548888316127,-0.8763051629141285,3.337748993388858,0.7979037683216221,3.1411462605182807,-2.4566563949904636,-2.169077941768139,-5.003009332525118,0.3237291597902859,-0.6607221016947272,-2.2008409172609755,-0.392499102138994,0.39360793693228385,-1.3789340696626018,0.012703880982330707,-2.6258391996466477,-0.9564441968465551,1.955612279816229,-0.9936668824868224,-1.7746271498349135,0.25377276861188774,-0.11534389268890356,-0.25302279050366777,1.0131205320883447,1.1308832632997192,-1.870754639719977,-0.06712597693536168,1.7629382731096357,1.5950673054033349,-0.4764286022915258,0.4792361378046839,1.3885683127978221,-0.2782516290355706,1.1682081178552426,-2.121171335856367,1.7866523912045873,-0.8252414039365389,0.44515284937590766,0.6905534699767701,0.2186955835648574,1.7013389055230859,0.4275362685267334,-0.800585766584627,0.5048643424424717,0.06357121511074706,-0.45879555364026214,-0.7171522414491711,-1.2701435875411984,0.9255742569874211,-0.32633463146920366,1.1706920047198928,-0.46348698399596644,-0.4044231869548048,0.3061951101288964,-0.07106104656647905,0.02476565502204101,0.9368450945217693,-0.7278806118713547,1.0386405161201742,3.0
4.118385792352566,-6.906986344563728,1.9799969745764043,2.7318003978830623,0.8132897636694748,-0.728416324099651,-0.18377317960836917,-0.37793513917641486,-0.639623807638779,-0.1787150220682017,0.6010003112013167,-0.4998491892940466,0.6734075953928793,0.24020607006250205,-0.13355262158013945,0.3309851536308422,-0.3076964107636698,-1.1378796920836591,-0.20965775877383785,-0.6940946034833828,0.15571568190483487,-2.243614898492192,-0.37462042796878925,-0.435062905245655,1.2095151512600182,-2.062859517834841,0.5601818639573065,1.6187196509449326,1.96831854813238,1.0912699077674215,-0.4613568945671971,0.2817491732391759,1.6251885182445676,0.2673847892497098,0.009073810820459601,-0.2772939943169439,0.3017415156745699,-0.4444725765384057,0.5934214895860531,-0.4476894122311512,1.0955267151949677,0.12814663974766133,0.12973490863348155,-0.11596653680429468,-1.0459963773662966,1.2001046428252984,-0.25792393192035706,-0.45274778630401963,1.0989521393029222,-0.3232005265150635,0.705675680314361,0.15130801152361742,1.2471433302949535,0.009796351611494185,0.5232911461976297,0.4808575528693829,-0.24899723272536814,-0.2487644045934835,-0.266160640231717,5.0
5.548348723170759,6.045221324029691,-1.9702430752266016,0.04186701247744305,0.639862945748161,0.9161549091118473,2.5325696923691283,-2.359297239187938,-4.026189856063381,-2.1331203380702966,-2.8435266040665828,-0.28999588539517934,-0.43229800143422903,0.03692259491268898,-1.9625733334690354,-0.28314999777907063,0.1480213259846235,-0.5587612346270832,-0.1078567284411125,-3.3316229239067305,3.20719365790865,-1.2093915795217003,3.1995813655046725,0.6294310072965057,1.259058261594636,-0.3129738048279334,0.9358772967679183,-1.5273826518206925,0.38789824226388325,0.9045261578646553,-1.178102238234385,-0.40595605206340873,1.3976474288747358,-1.775564297752413,1.6320297758531435,-0.9768872975600458,3.5467419434776173,0.866469506867286,0.09008410983286241,0.7752797546106212,-0.09140103929620574,2.6458889262436243,1.6080639674123254,0.2171739535686416,2.02749001537841,-2.9323340288752786,3.204640934170299,3.554414155040199,1.8681959817551541,1.05868329377403,-0.43130507693741693,0.1505306153600172,0.570561922022249,0.5554111163588902,0.3820487807841923,0.2678869647199176,-0.19174748375630787,-0.2811442375394709,0.18672513072809888,3.0
4.362444888305533,9.923626722636781,-0.5715337468131926,-2.652290735655986,-1.3977313243473777,1.882437731829813,0.5324091115196805,0.41976485641307204,0.7714852931291293,1.0857162430747371,0.21263772595000185,1.3972952242020098,3.149975064643548,-2.1256615998567305,-4.315108536510102,-0.3576644154356263,0.093789051594372,0.029315419341736586,-1.5926943842831425,-0.20522282471245828,-0.751914369379468,1.079006213868688,0.7857461738237427,-0.6710134042827657,-1.63488610198605,0.4167879548769796,0.10414031560110865,-1.3438469491103038,3.264659253059364,0.2279973557635096,0.2585284926279992,-0.042814104769340784,0.2707667982660934,-0.602948094603876,0.22304104916673367,1.3449305751099598,0.14326710522502845,0.9292832362153527,-0.5873789157761483,-0.5085359887661068,1.1138574081765429,0.4313089144282188,-0.039562045233567406,0.3471842417012213,-0.47126314949822856,-0.5651889168753166,1.439727615707607,-0.4458631880856516,-0.10575581746171364,0.7187235826822728,-1.059190268919659,-0.9070305621048452,-0.07699538974458817,0.0248382967639902,0.0927714134563791,-0.6369483074295731,1.3801401871252086,0.7817555151124534,-0.5336540280963432,3.0
3.17272540343578,-0.35116894231074625,-0.8640942778685725,2.0458017357211564,2.0363337457987822,0.4390657633804443,-3.615151291669053,-5.458676798887737,-0.8468094742715936,-0.6140057451125018,1.5272545728965856,1.9646653517280552,1.267793595787359,-0.47059947337805,1.1327757424429479,1.3952001681577424,0.31456459309318163,-1.198268817231539,-0.14052766831477104,1.3813760821111718,-0.9111793488176267,-0.47592174525844666,-0.24744809479529611,-0.9162962162893813,0.5586659739401988,-0.3586900231851814,1.227464039080636,1.3024280327151196,0.8521062413715275,-0.02584833313723003,0.6042932503275117,0.8271386678513025,0.22290040438248285,-0.5515670884191677,0.20517937707408943,-0.9418702875959779,0.5844308116517077,-1.3778850134749043,0.36701411986771826,-1.2781554676971494,-0.20331335465701825,-1.2225249278930788,0.8604738392207609,0.5512541375415608,0.5028766008747771,-0.01191016708281754,-0.4416410747787132,0.19796192197974763,-0.2265912373258014,0.7959790955296506,0.21836385355546062,-0.24325765350521678,0.14197159012535746,0.6424567377440905,0.21879716620179443,-0.31090648424657535,-0.41381258313328095,-0.026925383237397647,-0.5387576077484623,2.0
-6.205602751171852,-1.8183010587259634,-1.926111145231762,-1.4105989658642288,0.4660260646434199,1.3284364471248922,-1.8621091368958622,0.8084729037432518,-0.44748162617277154,3.074948715290643,-2.1542514052434374,-0.5400387494260904,0.45258519442194306,0.9120568583734983,-0.30611553010680287,-2.1601550974896604,-0.41880689062729,-1.0476289387343523,-2.1360047743949786,0.959357484683064,0.02905720966195948,1.056518414405547,0.6942371772871958,-0.8788280589691264,-1.1438344387429982,-0.5819924811193458,-1.4656214082818955,-0.12383267188343042,0.05600136082009058,0.4932124934988748,0.07050749466570454,0.5210089117792441,-1.3067811629560173,0.8375026386459338,0.17234401817523887,0.8725380321987587,0.48879693528281587,0.22844082911184846,-1.7449751208091036,-0.4112505409602502,-0.38159264439596835,-0.2960507849787597,-0.6097395927314507,0.1400230530156321,1.4172193097142214,-0.01118482932982105,-0.6928580548841636,0.37563809325727127,-0.8271842447576016,0.15789536897550993,1.5328758276484122,-0.012422583259974303,0.46254448653851177,0.4739499728555754,-0.18213224008966566,0.5879091541145846,-0.04589787018432278,-0.6816276790692318,0.4776274481652539,2.0
-1.066388644909851,-2.5012132594558794,2.7135712061017903,-2.3345939516548135,-2.4293864033387145,-1.3216608880870597,-1.9191163144806604,1.6942674016514767,1.7005550994402547,-1.836554427285119,0.856401416538952,-0.2913748450847885,-0.22309772010678341,1.9627042075251036,-1.4651699584188254,1.1015818581715506,0.7918198338610779,0.3344109338748431,0.593633324794585,1.468266110706642,-0.33012354023403384,-0.7925267228413662,0.06110839541405757,-0.24711294154809169,-0.4811570964663433,1.4358743288693236,-0.043857139450614174,1.7038183397989044,-1.1871104187192871,0.3331228251839391,-1.6427531649053904,0.011660820623370483,0.6805993295804184,-0.6706838757154434,0.7613071843824382,-1.0610585157409367,1.9116480446321313,-0.8038710637274712,-0.9511810675939175,-0.6341568301977499,0.41376623746495783,0.36599006865579164,-1.7274930916886733,-0.15079528781121584,-0.7367602584342199,0.799272249560594,-0.13415402714984132,-0.16095350096371594,0.3953634067569962,-0.3498597554696501,0.2765119589110985,-0.3006863464547138,-1.1928489019602262,-1.1982528382060322,-0.4322586420692642,0.13224217316248113,0.19792538721040448,-0.23986383987669457,0.48197440198742064,4.0
-6.53842518226799,0.43017182074655447,0.3328651002256249,1.1735869672104495,0.20556004442578774,0.17908725767413006,-0.7759386170902515,1.2828154880336637,1.0522118082244345,0.18901693491262822,3.5432232326146265,0.7647992795360223,-0.055467649171522915,-0.339787853686631,-0.45889468654684434,1.013605353688322,-0.7631629422629669,-2.900341279734203,-0.7094692584381731,2.096868032777809,1.3228980134678718,-0.29450797557379166,0.5816831193305393,0.9654824033158701,-0.44527460306584804,0.5478853495806981,1.1007176262047047,-1.1723841504940742,1.1648272523569994,1.1214446656669161,0.8892404559295698,-0.08431488216774419,1.3200108928880734,-0.18098020681729451,0.7851335220447421,0.10269803068472262,0.3792737527996639,0.5432156204153198,-0.42137747369057255,-1.2069130508283727,-0.2841658096528321,-1.179356916447094,0.44886910112451234,0.5480303827769943,0.0078543348815563,-0.37867689682804617,-0.15979743012808775,-0.26867963789992755,-0.278615184719222,0.11731878893682401,-0.0090504773110497,-0.1689361349395072,-0.09085224044404981,1.422936164322452,0.8706750444937722,0.6504030735518562,-0.7416021804810606,-0.5382440913227995,0.665010576698106,5.0
-2.511022501037712,-3.3981873525324384,3.8035650121402225,0.7298855942775011,-0.9138589964511004,-0.06434237994089542,-1.0268711044782999,-0.21821636992407828,2.351434648054921,-0.9794547196857993,0.8245375030997005,-0.24860626937821045,2.103635868777378,-1.1371716508325604,-1.35934425376151,3.1905146698311464,-1.1532456999001506,1.4865516836706079,0.6505707370451985,1.1012334313392642,1.1270566527815593,0.7829604616989431,0.25863655235250876,-0.44298189859521625,-0.6035329653938678,1.1924845287767865,-0.018472078603628286,0.9187168429486906,-0.8362448144942648,0.5434960769967347,1.573616106270303,-2.316462315146297,1.7788599526748052,-0.4295046010981031,1.7670199017800337,-0.25941271777865876,0.7741379637811252,0.4936638522265459,0.21063799452962167,-1.114357520655755,0.8686211740699912,-0.7760751872396553,0.8625097466755252,-0.6076897693650096,-1.1306208608171966,0.5947070064180255,0.858553417351051,0.03874531332282324,-0.6802220049663187,-0.44872244507528136,0.5367435498885947,0.16749885740974954,1.391469179763618,1.0315897340042262,1.4167661880338627,0.10932602043636633,0.6078864492871234,0.6896245929245289,-1.0016420611344328,5.0
3.336289550545829,-2.108537471154025,-3.5410478978650253,0.19286446280179012,0.7481780500181955,0.20372149289728841,-0.2738686186291458,-0.8971415427113447,1.4110732188531052,0.7755935707923372,1.43343013337781,1.1633716125786664,0.9982073530907707,-1.448142251602055,0.3524601006332986,-0.1275940853096812,3.5891232864818345,0.78863448383292,-1.5651630297401466,0.44024400141503023,-0.46288615844833175,1.5353225944644948,-1.498427183110835,-0.9477593598551416,-0.447168372963614,0.6834486745743259,-0.26037119104414497,0.3236748667846827,1.694489152009487,-0.2092362856299056,-0.5482141562901182,-0.5223654464824878,-0.18119236883792203,0.11886967177243954,-0.5907498406716132,-0.09713756564904583,-0.19556396076738658,-0.6556626015517028,-0.6226526471101602,-0.32865052096040304,-0.4329276654288982,-0.06058505553966721,1.8822924209905836,-0.8935964488683639,0.7290584717490353,-0.6670540310247931,0.03409048663659465,-0.8340721296897438,-0.7195952330136008,0.014885674681895758,-0.22222458763021105,-0.5927541211227532,0.04657192365392547,-0.854620098129981,0.1667288451843109,0.4446070762579714,-0.1691776494308891,-0.9085860369206207,-0.39264673470356953,2.0
-9.650356406029163,4.894155263963195,1.6746411501137355,-0.04990225578670886,-3.4255440950062463,-1.7800860130690488,-3.971807378182426,-0.17691108586512827,-7.465554724348239,3.88319904462814,0.848235621551779,-3.7547381103127853,0.9915962183319337,-3.180776465824474,2.2011624847534104,-0.16661150285419488,-3.478101736157057,-1.8848384964701481,-2.807860399812614,0.44967050231034233,-0.3470228268378984,-0.07269948694968288,-1.959967823151583,1.6688980010282464,-1.1732741694965751,1.683939708586962,-0.24878838181665366,-2.9180284335403814,1.3876989283293262,-1.576584259626453,-0.8716081731375322,0.7626857651478628,1.7644857409785197,1.2659330990690452,-0.07460434906604783,1.398724614870222,-1.2547653193658217,0.24776429998662775,-0.44200696865490624,1.4999056504615198,0.04689560514512843,-0.5969499521993454,-1.5850423718641744,0.757147632345612,-1.1392283024165117,-0.11305697789781487,0.9384590670685818,1.678963776887037,0.018771966981316484,0.6263273082138008,0.59174484164972,-0.6341453263805948,0.9086241056881181,-0.5580722863573845,-0.6225883096155657,-0.5863385813961227,-0.11527980247859944,0.30893282927491633,-0.5866054871704253,5.0
3.718099436512861,-5.587367617809733,5.121357556517603,-3.599678762201118,-1.7189862121844857,3.2420165153436877,-1.0880381015357188,0.7539328571808209,-0.13383118580364578,-0.6673152387484599,-0.253438681669943,0.43025033420522774,1.4812908475324251,3.0685597620367484,-0.6348442673904536,1.9785719243426925,1.6441459753650882,-0.4054852570815106,0.5273277482269152,0.14815754983663357,2.527488626901898,-0.6697606060458402,-0.7473536673920294,0.3211839226556064,0.2012760993505036,1.0163785011537803,1.2922782599454117,-0.5830075039678628,-0.8471502439481381,1.9679981331711385,0.7734618323019482,0.04634435757896034,-0.12094872934175574,-0.36118801810531725,-3.3503193915495952,0.3102796194831024,-0.42377978483439976,-0.31366720316219493,0.1473235803984336,-0.46655819593417813,0.9364309537979688,1.1611441210591649,0.009861867966070633,-1.0205853918398384,0.8073575249797662,0.8311299883267486,-0.9007091315120043,-0.5368844649490795,0.732497536413534,0.14359194569612016,0.29992727101599914,0.2097170693832379,-1.3330499703201681,-0.007180480255227574,0.23583237231565593,-0.3665786869839136,-1.1085550874878543,0.7803819486841862,0.35267326172777647,1.0
4.9855373462997905,3.6429350697139036,1.3068018496538487,-4.390044282425476,-2.0784717534387105,-0.770553283218864,-0.06021407190349144,-1.0635884855974744,1.440988333804381,1.2114249516199729,-0.5582366832255723,-0.4789893163198661,1.8675266085121376,-2.3890303874776833,-0.8670772153024853,-0.5426885002457833,-0.7127756331436602,-1.3747707355704846,0.21913429973813986,1.8608869494905094,-2.375141657831482,0.5247985114588501,-2.300950131362928,-1.40927718868661,2.187025275841111,0.05860075526856895,-1.0422006578758507,-0.8890261697423597,0.3900008555845129,1.8258425917137355,0.6807076445830771,1.060351665669396,1.9132707168862724,2.2029639177195257,-0.1968747259909365,0.8403091316340459,-0.7305549413354184,-0.43637009465392945,0.5874196187592977,0.4591613247550036,0.812315417798226,0.19817002474754475,0.520985140020089,-0.35543800442818635,-0.38503498630518923,-1.156308679173202,-0.4195183031487005,1.1244906451585623,0.38418597480740246,0.1999827855380937,0.424764452386828,-0.9518685317869402,-0.5856996581842604,-1.011643025396596,1.2234943650337695,1.4221984264840815,0.42851355495419496,-0.05976209169302029,-0.16770734934558015,5.0
-1.2702810901042725,0.4490285694465156,-3.602070471567435,-0.6934921757846073,1.2714313972707245,0.7889744715896391,-0.9815471522130229,-3.8495927400909697,-0.7885205740386412,-0.7369532544050097,-2.8001005435849917,2.6357619052998733,-1.039867850229216,0.8194263062500274,1.560885581415119,1.1716839043026925,3.043242276632658,-0.9764173701181394,0.9358104981570556,-2.148714972911332,1.5930802461445155,1.7407050673197024,-0.6862633247572364,-1.1527839480435458,1.4306637383087646,-1.011013031372446,0.2966339203881771,0.2553961805693124,-0.22520838880518446,1.0859666713186409,-2.016179000507071,1.709282850473363,-1.754170515778934,-0.804008467193883,-0.13792960150114417,1.1666355074586492,-0.4166652141878617,0.23194448735664597,-0.5612505905524622,-1.0022704317539095,0.4391429517146749,-1.0794620939845028,0.10714328477642196,-0.7418658193543505,0.009132541603190204,0.2571292496713504,-0.38508489623260594,0.1473521187014867,-0.0942591191011397,0.8318091509527735,-0.08756441472781923,0.7312505023923046,0.3815560593130377,0.28616591089333643,-0.6968943916483424,-0.6788400912101791,-1.4025252106740995,0.2098300311968597,-0.2897564958119921,2.0
-5.465519324000948,1.2249116845812333,1.2339749114739933,-2.62287925716311,3.0307786307354587,0.11436816772864584,-0.40882792861621525,-3.9752996554115216,1.4424523943055703,-1.681908304422005,0.23636559587506759,0.06445097854780765,1.3151460976627452,0.21906464308613113,0.24095273660594313,-0.5398333003062543,2.68460849553658,-3.630222744871637,0.43438692865074635,0.4414174872640843,0.17821530257367227,0.19868620261454475,0.8205401132118826,-2.840723126280471,-0.7847669009598592,0.8010073245611403,-0.21600447909836157,-1.3319390173059238,-0.39894608195538966,0.8541075088122484,1.4004182451807663,-1.1655659450173266,0.35822830853106874,-0.5423188713604328,-0.6531843840045242,-1.6965453964313393,-0.2833052495133544,0.20050386053809946,1.0889607522256228,1.2843439927776872,-0.4783509239075967,0.16489643649130187,-1.1115617308185133,-0.5233622703211268,0.20145697948760322,0.2252568706510274,-0.7773792379734948,0.5115043290297379,0.1819150794068881,0.218967633613956,0.556329330444808,0.26490071300375495,0.6011208720339785,0.13616544056898633,-0.6283820672409223,-0.037338439948161876,-0.6761856541088497,0.7919603171345424,0.8064424098466915,2.0
-0.4251581219923034,-1.0524171378060605,-2.64341504066818,1.0772132660692175,-0.837130469682992,0.08382151025621443,2.518815925289741,2.2698941625535083,2.5120368315319133,-0.2735966409836186,-0.5126373706987551,1.6587528675179,-0.09006512521816445,-1.8345127112098905,1.1298556840001726,0.7735294059135502,0.8636900957859278,0.8814171052244005,-1.1508858257971781,0.7039253530628575,1.2373889356721892,1.4512606914753456,0.8611356265084573,-0.13931389776730793,-0.021505395179373995,-0.4083381496824002,-0.4229312668056074,-0.6265241326781985,0.36936890446656945,0.1359893242576408,0.2672762318828251,0.14391466058608884,0.71736547088012,-0.6856323806468598,1.3824091503627576,0.07689677603178001,-0.6134789985757085,0.10472380129266953,-0.11241640890840068,0.18300339374678856,0.7319004095652081,0.39800131929111976,0.7483162486094297,-0.30764977875678245,-0.26905358699278636,-0.1040510399387809,-0.548721586848834,-0.46387987946575854,-0.31648963368224725,-0.46598786018408767,-0.09391720340563228,0.698459109817471,0.07927044708972851,-0.6376877601879813,0.0395292763543281,-0.11603302122920232,0.02961977233255214,-0.6033497704770359,-0.15100170524401568,4.0
4.692232780245152,3.9569265686955477,1.8965345680148764,-0.9110506927762477,-0.2992181523718272,4.290083283769751,2.464401420230467,2.3144241741498672,-3.5058316808923444,-0.47326743796328635,-2.0438910500597536,-0.36376464758582266,-0.5705958770726473,-1.2428113363180229,-4.313427561614292,0.23895860334877422,-0.21623689566044574,0.3474174100484239,3.426353257641062,1.7549382486852765,0.0992740221181049,2.114435654317584,0.04664676540313349,0.2698232784494199,-0.5193179896723042,-1.177043594660008,-0.7709550389736343,-0.816455888971461,1.3205375026849837,-1.0237466183974837,0.5966479850800186,1.6378142966734255,-0.044689379712358486,0.9696761206911154,-1.3432518348501963,-0.15025931655227243,0.38526206469320684,-1.8086208916235644,0.38499833152407836,1.4480411414228846,-1.8171410449361323,0.5780266115116616,1.4817432803493014,0.7215458121877782,-0.41615959331912833,0.8328081948104755,-0.05108960771592565,0.2847331137739155,0.19434410767729396,0.13579089561873608,0.6032704880640349,1.0546547050946842,0.46530483480721674,-0.2635957703133969,0.30046077096188195,0.15508245819624264,-0.7838935282937618,-0.05637829526187893,1.0918889718107931,2.0
2.600365209230299,5.516444807421559,2.589457734344953,3.9173323134200655,-2.051203391062456,-0.9138847927682106,0.7916174356301677,0.7266651343852111,1.7967667515469126,-0.3923781416139489,-0.3737113417128856,-1.3756892457038248,-0.176570061866913,-0.2057169400965188,3.125651936455715,0.1142071494746827,0.1783102555043222,-0.7060201834901185,2.7385758768665425,0.7655976938844146,0.3574741391221026,0.979011210979912,0.8252706875593091,-1.3545857476307699,-0.28990184028404165,2.5995081950099728,1.1140910931389065,1.0925594448994387,-0.8048477929240361,-0.19990806738082295,-0.09687029294652529,0.5220821955889573,1.1801178308896454,-0.2330748494226256,0.9396532232179856,-0.5364176930930848,-0.5290354772759568,0.4248674469571916,0.153965909028786,0.4573201271649185,0.311820017238903,-0.6383743331088668,-0.6908263654666349,-0.1932638170260871,-0.015089311363109602,0.37024347953658826,-0.5996525014015536,-0.01104836092871253,0.21753776492035914,0.7114250431797416,0.3701233686633819,0.2415026883570996,-0.19438985350636487,1.234275664240638,-0.8557194666037486,0.21816793311514784,-0.02078920883900982,0.19627017122079235,0.029260574825946264,2.0
-5.88717643951946,-1.920492692507009,-5.207708145724385,-6.771690961721825,-2.8210407381323934,-4.458548329445598,-7.828756244514076,-0.9045095385463665,-4.652428728553305,-1.247155664399533,0.039455761250265294,-1.003358495749116,-3.155743102130984,-3.6219934458450407,-0.7238226914834209,-2.0865175773475184,0.09706034549116592,1.6287152577381836,1.7923408608810214,-1.619789913164264,1.8280258042169226,2.3645030883394007,-2.2036439089679685,-0.1358490354512641,-0.6933356041643486,0.22406808018809304,1.4230514674483628,-0.23602938070758986,0.657132469949051,-1.5924864169626987,-1.3900780761825116,0.0975938733090514,1.1457126477234698,0.17033246662522397,0.287717248475467,-0.2286481160948223,2.2856498276592725,-0.3062880995642335,0.5866322783101817,1.4843521348076751,0.9519619853150117,-0.2416613100576691,0.12504118488571794,-0.45626029127869333,1.234439159781557,-0.21148858772805718,-0.36785330243701053,-0.662947388538944,-1.1649671434815547,-0.14957642084442707,0.2538814862953887,-0.0028155502987195166,-0.35473300181813566,0.6500812933698948,1.5093363053979612,0.5865751675346376,-0.03232762388103983,0.03745654690414599,-0.20618842874536503,0.0
-5.498758282868441,-3.668319782811393,-2.189003672370745,-0.3523657246466848,2.488090325102427,2.597670050711444,1.5192703096176476,-3.442417145627751,-4.6859009101140945,2.733933897296736,-2.2144254749307537,-1.5618414610589928,-2.949773471991546,1.4922829127144108,-1.9887613248912126,0.7116655396247024,0.09607463835167122,-3.0071231166181196,2.36678327551552,3.361664060878066,0.770979683658549,0.6811471024594355,-2.0421743627866187,2.529392411301095,-0.6299113963256576,0.8768504539137026,-0.7238319275211188,0.9239911642095328,-0.11490299162383164,1.0630827868256034,-0.33138422588234356,-1.5250115799220996,-0.8558055947542736,-1.3226074027281842,0.43811461787316874,2.1127668959149757,-0.8065947310782732,-1.0600908185168607,0.7244554692132038,-0.7683046377652386,1.127117618373336,0.36902514391496033,-0.05695064796541304,-0.002214253241084892,-0.5890936854571426,-0.8452488583836203,0.8798758107706647,-0.4764833508896293,-0.6926494661758537,-0.2307452947224249,-0.08564508913401453,-0.9336794171738297,-0.9328624884567153,-0.20010789211587793,-0.7558089230675176,-0.1840080650224985,-0.6185230406362879,-0.49506239504575206,0.20451934090718005,4.0
-5.578113760952197,-0.31397666630869986,-3.808045054768177,-2.614705730108015,1.7386367329923602,3.7523544771557438,0.06457525088635808,0.7456773279885337,-1.1095081321467173,4.03180069177625,-1.2518343678479404,-0.5919388578948431,2.270270076074202,1.4815091805454232,-1.2869639113001576,-0.24292411315616627,-1.892815576297112,0.7988754578145849,-0.21197017304564827,0.06790562285384029,0.7847681706484163,0.13150949488725508,1.8024363946685198,-0.11641871710537449,0.8023905717836783,-1.2755989492996171,0.46939130691889985,0.018165995588887977,0.03514621698616511,-0.2713057008672879,-0.3899975771257274,-0.9494522193138814,0.0028596249506503725,1.226083930296005,-0.6723175711387515,-0.7274120079042974,-0.5049955971727367,1.7674434117383566,0.5531547531634315,-0.34548971645253995,1.4000854341564275,-0.4292184210285294,-0.02912965473845221,0.32785468321028777,-0.602109711375776,0.8207574970956837,0.5121551433230835,-0.5355051777554655,-0.693825919150059,0.2846704861945835,0.8211228735295762,-0.4200665814956464,1.1060461478480799,0.7117920211748856,0.01841836628557741,0.7598110646123756,-1.3870067449414554,-0.8859174699851243,0.20329930590193296,2.0
2.121483111488668,1.6973095532646456,-4.813753849963462,0.7044027798722793,-3.9623596601100464,-1.6792031372347849,-5.71231774254979,0.525744421243793,-1.0103266515676657,-2.4005462963962128,0.30153913393531495,-0.9065622666979682,-2.9479211954880498,-0.15474541591672028,-0.13230455048320802,2.241324610353658,3.551763197469917,-0.7151883533328957,-2.5511323415260447,6.415812911402827,2.1936940835639733,2.3615169799143048,0.6714484715571565,1.2633806430925114,1.5562212475930517,-0.6574011416621297,-0.010437291184686455,0.6760537194533357,1.3903692841384632,-0.9225906854680892,2.7677093374475765,0.7199220140492008,-0.7211717166239041,-0.05885065896314175,1.0127781721258888,0.349660115022333,-2.227592013380422,-0.7468651732340794,1.6038518066338592,0.4407026666487931,-0.3382520820205866,1.3321193444104873,1.6823919280874386,-0.37577741138946336,-1.3216329500320525,-0.9550000642628378,0.07750651240500338,0.19564792858900198,0.5845675472999359,0.05284914147552924,-0.2706157020191295,-0.006194599131598422,0.6383074377984885,0.615919666236506,-2.2951239264539693,-1.3322192474463155,0.4740760070556408,1.1909058585619345,0.37596348766028864,1.0
-0.9319877278362333,2.909070464534037,2.4554566523383605,-3.198189028353373,4.6185310793411976,-2.2056559412673127,4.879193153178655,3.700462355069609,1.2771332595261573,-0.6585023175987386,2.670854976831286,2.6599201889262694,-3.689387723962179,-3.37358297171083,-3.5723740633820245,-0.14583889323366833,0.6891207031129416,-0.8809131181694341,-1.7519183640573475,-1.1118919229012556,-0.19043590329248505,-0.30169455262016004,1.8242193275291463,0.9845632257733777,1.3304708432658146,-0.4158885583376,1.76750548721427,0.9229015381605028,1.5049689134081463,0.5020736232563928,0.6149877543442003,0.5503132485898932,-1.5936194011286433,-0.1972659143362739,0.704743754620637,0.6743900987802668,0.8901157752349406,1.107502791101536,0.4303811810002936,0.21734137931782235,1.6498212389343438,-0.49927679739866504,-0.31941269683482887,0.2338127031074671,-0.07303559621431138,-0.6927084500154663,-2.6128041229985413,-0.276918145187711,0.6439105037919951,-0.6086355115437526,0.5513827246667063,0.11664751943490655,0.28718903126200707,-0.6534324265449751,-1.1785204460800973,-0.6495129599207605,0.94834106333517,-0.2533118696782694,0.6485759363795457,5.0
1.1525229544263702,5.511218465684078,0.2975752355353405,1.6095427685013188,2.2400180166568178,1.0088278851179744,-3.2146318169959267,3.4903999951592186,-3.5741758339471157,-3.109147405451444,0.06105832212843192,-0.797998753002478,1.9852418969593078,0.18772540192029338,-1.3117054819362055,-0.9508333876709839,-2.2843183133484035,0.8532335281069157,-0.9249559091971133,1.7152273331771213,0.0899163596045091,-3.704024242523927,0.24177316557453787,-1.9613617969003176,1.0108454853145201,-0.1758246739632156,2.0211333234503934,-2.3253454250782792,-0.9744222528695835,-0.8718768204430827,0.003768499870255923,-0.7228482551713712,-1.5370832221634956,-0.48961156028507263,-0.32374234660173073,0.012547024641097073,-0.027763193514576536,-1.149205410850502,-0.19006625733960955,-0.3867226032812398,-1.826451237643693,0.3878272246127067,-0.8370256351879137,0.3783074569665782,-0.13873339491341144,0.8561345912751726,0.09567234394087037,-0.5037233848384716,-0.1017451817652395,-0.4363364327776292,0.4315166176747242,-0.057437514548150416,-0.39220237362958427,-1.9491617874019367,0.017406427223597126,0.8546955706006931,0.030756418314145075,-0.8201749925686882,-0.48281153734917853,3.0
-0.9399738074212958,3.2759563441522603,-1.163393538534398,-1.8664548174677367,2.7102290585630056,4.752963017734489,-0.829880246434139,-3.2821062679513644,-2.257402967144829,-0.8652253266337759,0.16247332921519225,-1.2474821835935515,1.2843188450514962,3.9357644941124,0.49186909052424876,-2.287722169718791,1.1937626855217989,-0.9264902418267578,0.19224730101239557,1.5389115522244738,-1.8095039140425762,0.22970542102210106,0.7254067481677073,-0.9316521635500634,1.7064416873253434,2.2046790474785887,1.2791741719908836,0.4921419257170982,0.6210676289975741,-0.7137354227276982,1.424135593587471,0.11580185045385091,0.7064530823499684,0.22754853522552282,-0.310713587130806,-1.863332239900729,0.11974341972389534,-1.0823027674387284,0.1162383593353423,-0.4605735903027157,1.1442402078764584,-0.41473573783663953,0.9961750536578455,-0.2657239368506093,1.3486523532096186,0.1007045293225908,1.1087107162175034,0.5962748473328309,0.02556650277965503,-0.11738350847906487,1.3608889573574772,1.0895220219744153,-0.12965634596847272,-0.22825536033905547,0.057210868373361784,-1.1099255975017845,0.9433087909796645,0.6151878629530944,-0.20023377432880915,3.0
-3.76471922871596,-4.180438215875771,-1.8589437244613827,1.7352550113862397,-4.42023361052114,1.7258954566452007,0.23801634793444124,0.4598645832688571,-0.153590907198633,-1.0454114498037994,1.7071095989852612,-1.5340960828883885,-0.8876718198378671,0.2529084720737229,-0.3723530535675184,1.3064705266745322,0.9138930510706771,0.2475605274279216,-1.3284281518000671,0.08313275513199955,-1.6127505110988059,0.9841912509192654,0.7395820837620208,1.2590313702973286,-2.0942450102586667,0.9160901883117062,-1.2384995261775484,1.5028799591616258,1.4520361761994736,0.16988541138297808,0.18759439045340867,-0.210780889146926,0.24723120040872285,0.38242141763000953,1.7472034238630656,-1.0687446898368242,0.17130540386447693,0.7363687861674415,-1.3880862455536047,-0.09667403311824643,-0.9127842629987801,0.5659018566913563,-0.7418362139217666,0.6654717698986875,0.756623965360865,0.1152210116564374,-0.03373343759504193,0.07770490419421293,0.7627510997257078,-1.4028772115717543,-0.21101169912276543,-1.3772917316511675,0.3573138867505776,0.18418617193771897,0.2111905982926497,0.4236894262754304,-0.07485248440013571,-0.606235250421332,-0.021947737503604122,5.0
2.7297038965559555,-2.164742407545761,-1.7842155754801448,0.19688991676870465,0.050848042503823056,3.33274817113515,0.5346825862404382,1.070727551245477,-0.11736341787707444,1.3198728397798745,-0.4438477530209068,-0.340497744254766,0.44404421559419005,0.6502170367937601,0.1376286230431234,-2.2848345391160367,0.6992965378251306,2.334883853683394,-0.8716445289991914,0.4379777306981038,-1.0727718069049466,1.3773775734248301,0.07016770573719296,0.3886702899394403,-0.6262471376359019,0.031705711643662836,-1.00110647732115,1.7943842402795045,-0.3868206761931119,-0.4982317451917079,-2.1153651655798438,0.020267137299612856,-0.10130720378032856,-0.47241325195328837,0.14074722075609533,-1.401862713778224,-1.5381093693461894,0.017213000495909243,-0.19384068455217118,0.09347863874495772,1.5406356303394086,0.3857842137743114,-0.643718436941034,0.01375173558002896,0.3163554074151227,1.5152134767477843,-0.3046759090599968,0.2979129426875352,0.8153958744756598,-0.1789594612444558,0.41240525009326173,-0.067722613584345,-0.3682070448539261,0.5684203231862058,-0.1556616299737268,-0.3489188406927486,0.14096615420839725,-1.2897441869547956,-0.6690952715305577,2.0
4.836683475808879,-3.2695272754509306,4.206871495109861,1.703554025537593,1.2009668632659853,-1.1388359682621252,0.13856496462823384,-2.1549491440865265,1.6571458516518103,-3.356531131442434,1.2104907348557752,-0.24282546635969723,0.022160509730540318,0.2550698581935295,-0.020545350317840824,-0.2484897022316303,-0.5192429610722057,0.6539700172582483,0.15404750746194015,-0.6195081516322537,0.5056346967559173,-0.3866454827086672,0.5748693041573371,1.3922247629193283,0.20817706818603735,-1.9508218930605852,0.48350803894277666,1.8603242115801788,1.0747985001671339,-0.4873527012119556,-0.4778233479817699,1.8622610821786048,-0.32801313372337343,0.36978110192219915,0.5852473514676668,-0.45274299697319725,0.6173314222961386,-0.5371349855106325,1.6069182061208267,0.8860282716682593,0.45412427195329463,-0.6916439239343616,0.369191827971127,0.8300131368156988,0.21616712279119432,0.18647965703882877,-1.2205888103231823,0.4743504348087483,-0.9929281556261588,-0.6289796117659235,0.6870476815229282,-0.46026676231178826,0.39272304679897246,-1.2421251806762956,0.23308915048119877,0.286329690197835,-0.46232270058118385,-0.4077890648088813,-0.17338516702860055,2.0
7.831566670891673,4.890453341805583,5.451314278929963,2.1200771381630914,-3.8229073947459287,-0.10030970926075197,-0.03625663814617895,1.0109061477113381,0.5307757270162158,5.511891657788203,-1.5733680986043315,-1.3758077830332593,-0.9066306076082111,-3.4354079011197776,-1.2381283946614567,-1.2728714658585363,1.4930914164822338,0.2448445051009631,2.158860507245109,-0.4219063099651712,0.5315429994988673,-0.6207177269118845,1.9832253822999817,1.2980299325096716,-0.08942105201066465,-0.2662650335871117,-0.46092667265174425,-1.3638778717497606,1.0383486686618333,0.28417863610633987,0.6876228795931454,-1.5614226440412395,0.10365468557508865,-1.3310493704212174,-0.9699417861560687,-0.2538017866954434,-1.5630930645926204,1.220593911649962,-0.23098020927985433,-0.35278990929714893,1.3059005757759712,-0.32312339994986494,0.38754300060106217,0.44284037128785503,0.6692659858088044,0.11055923907707939,0.8580682854554185,0.8069867783013771,-1.2742524754963271,-0.36538990331709387,-0.9147917622011669,0.5471411886342453,0.04242112186911424,-1.6124720440179001,0.009656257002465949,-0.6457139484926898,0.5950604438740594,1.0746249327372486,0.5426710646567334,5.0
1.9578509668353692,2.48029499025424,-0.4846647063591414,-0.25031847711863714,-1.255938847495132,0.19512491573497398,-0.788255633628678,2.933176300145043,2.9727355928991095,-2.3864519967195545,1.7016465007051287,-2.637754015920766,-1.3677530275034635,0.5306383099146066,-1.5324146721317855,-0.04564616171089587,-0.6831413229336843,3.8967862306174816,-0.8417689889143756,0.8090849410072942,-1.0241498291827937,0.2254248757161175,-0.34487244936160283,0.3445785591084909,4.0352196094542085,0.2652345569540975,-0.11403468671897385,0.7067644025335921,0.3369975514887147,-0.12082724690201638,-0.5957287100459642,0.27192663142158907,-0.9330612563579037,-0.4215264172078041,2.5224370432349965,0.19928770853941363,-1.014373347773307,0.19495694181817014,-1.0145787598413514,0.8074001706283143,0.9086723887185252,1.363047983962828,-0.186320594604555,1.1270241128078697,-0.9034565649428659,1.570901687642284,0.6315220240471443,0.2847509174814128,-0.7932290531309869,0.19841405526767836,-0.8080039708873157,0.6785761943042662,-0.4868300707385925,0.3517811727915022,0.8331545713506618,0.15407125043379152,0.8161878432238564,-0.05056100484251029,1.0224987964669652,5.0
-0.05900015626436924,7.03730529956371,1.0556558899341322,-3.405178362939922,-1.3446593393778659,-1.317104649237673,0.90873629088984,0.30465860958812757,2.0955215328711336,-3.5422193619818514,0.6748624762031633,-0.7056935106353173,1.94897775670787,1.5947998220646715,0.208431835509345,0.09770496166682796,1.4754722200297434,0.049607434315483694,-1.7610360174409108,3.2506482037386304,1.5659521566725265,0.8170406633125648,-0.6380234091019255,0.17570454362997198,0.27792143574669437,0.3889871483220848,0.5290904787365087,0.4014268969131303,-0.7299461252601613,0.34198791372895493,-0.7352353826971262,0.8595527808676792,0.3726113507922809,2.1163198730376704,1.1553889873394452,-0.6860750846771824,0.6936463283705823,-0.014723818334011596,0.04178124402773422,-0.1287029321762743,0.2810085254239827,-1.6594799557858704,-0.08674822443350727,0.3752623638082412,0.048933048250889816,-0.9295440082560013,-0.8699564876091372,-0.5237429896618212,-0.49480211582908656,1.2850532936091963,-0.9154398418690636,-0.28925105077669766,1.9501359312980024,0.3542388591254335,0.4423759538673396,-0.11850653254222908,0.19995003893284533,-0.4729996002430158,0.542840728417684,5.0
-4.365917805494691,-1.7918971264967585,-1.9320433036040277,0.027789070169897893,-1.9497517414674579,4.030210736956592,-0.1693636993991173,1.2850060663765568,-0.3414221311881953,-0.6553436973820072,0.9595365084774945,1.89441766557978,-0.49032118883990605,0.7029295555177961,0.16374629806843377,-1.6209787004365606,2.4286882623703074,-0.23382549093310326,0.6679025321602503,0.28363591132477267,-0.7810577955007968,-0.58501511025087,-1.2213653011813723,-0.5422927894271525,-1.023419698745069,0.03586373076154389,-1.2909528120775067,-0.48580001703184533,1.1587260867758076,-0.3992770834806121,-0.7585136354108064,0.15739856961208304,0.5698787818643597,0.4263077335018935,-0.261791866541642,0.8841849203614522,0.03576739222755272,-1.1977916142633445,-0.7491311547717557,-0.00932637699593394,0.7812701079721746,0.8563165342253112,0.6690700860168618,0.1445431329014614,0.26509698361615097,0.4027169568828961,0.20897249217451938,-0.0786729268227995,0.2305884456446327,-0.44476329546529253,0.14370450759419068,0.40800620897064116,-0.29139842231571655,0.03145459739125267,-0.22606326458202503,0.036594073961875806,0.773318735222645,-0.43539284288920355,-0.47387281565692063,3.0
3.5405981381060045,-1.395497220826026,3.072178418170218,1.6644065422050547,-0.2395925728763334,0.304634110872551,1.663634313759051,-0.018614207361946213,0.5040737491310923,-1.191213596167873,-2.284621820956987,0.80334773178035,0.9890624889688174,-1.0144747031279213,0.32471455462668525,-1.774527196075986,-0.48658424048734833,2.1301321415406114,0.6189287976569161,-0.341181950244732,1.226389009731502,-0.2544782634544356,0.7917242831152435,1.4022822923648037,0.5194203244829176,0.7528323077380199,0.4631955966257044,0.4192531247654933,1.5772265797409508,-0.49681713227072194,-0.22431205575346724,2.0939611617339207,0.521108158984177,-1.201376291734667,-0.9242952297412224,-0.5986189044463298,-0.04367327275947409,1.8571181746267147,-0.29998524064902554,0.18929829720362887,1.2922862705755114,-0.8536202582629615,0.07783615970844117,-1.0665491231035307,-0.4325782295043511,-0.468185798935558,-0.16192662590652998,-0.2513341032495868,-0.7965116516897579,-0.8428150713253488,-0.2161740329406876,0.036490001387602326,0.6287453379618324,1.1390456735336292,-0.20510614416648462,0.5015891324359424,-0.20231960234359794,0.2645252667832249,0.029113116876366342,2.0
1.420634452760161,2.29458822220162,3.209430610682203,3.956716886039411,5.00425594874426,0.32614646794202046,-3.072727825622064,-0.3749559376509079,4.097397178920549,-0.7098096708617649,-0.38654147313063275,2.392265409347799,-3.3062945600700324,0.4465400358244611,-2.9144069024422676,0.695471616233241,-2.5623636848514444,0.49851137884744606,-1.3887370543138553,-0.5818660017999666,1.173698789997331,0.7585241375871248,1.1533312987950242,-0.019891057280201747,-0.3084091511791449,0.4237161940098114,0.8227890672907994,0.6759566762234104,-1.6820425784266544,-1.2639333472172865,1.6052319914089375,-1.4002884728357214,2.289483465948355,3.2766775777036727,0.8007776637043669,-1.9775215401694937,-1.0259412222119524,-0.1418909833486963,-0.3823060800628615,0.9999560785509282,2.519265488813156,0.018645629677022928,-0.17589054559673745,-0.9606456857777663,0.05847848484917711,1.1295716770436517,1.5608737948436076,-0.3708256309262144,0.46126369068903544,-0.13870894308327608,0.7087025309165028,0.554463629577079,-0.611406544416512,-0.6383358011128403,0.3197253682878545,-0.25096761642880167,-1.3358974425233783,-0.0006565845381546756,-0.14355543438152035,2.0
-5.309268463425084,-1.9453709838953193,-1.6705128364130015,-1.7688758306177734,0.06707342364332496,2.3420231237654536,-0.4476356424774118,-1.2299248154857336,0.2177157779303441,2.6641997654666576,-0.724244736313786,-1.2457310718541101,0.006963129425283777,-0.1130906980917444,-0.7563650676873882,-1.850292055049247,0.5810887170398569,1.0438020914900736,-0.4238196001742712,1.3407169183153491,-0.07650253515097655,1.0516911799889237,-1.7146943372374124,-1.9688562492734734,1.1861849246073575,-0.167471182730904,-0.015730524583595397,-0.019695806290894086,-0.032058768916564374,0.4521485297536745,-0.39942697018142254,0.12341743684418989,-1.4924965742550726,-0.9026152071293745,-0.33990695536456844,-0.27209882505290345,0.0545879673124334,-0.3418857903356107,-0.09067047590334293,0.4982878095464447,0.9182366818942325,0.5354256648867406,0.6494636353171097,-0.05405273645765678,0.5361505615399546,0.613228739714271,-0.05263483904486785,0.19652490658772312,0.20817317167346905,0.2113592996259966,0.833562297419113,0.4029693219909616,-0.051944771726223575,0.20151810643921125,-0.22699896227533198,0.6894071791922997,0.21846094526196075,0.37053237679907275,0.06790555220697775,2.0
-1.5744433765819794,9.222423961161052,1.8614871468267673,-3.481649686128883,0.41706636498012145,-3.3893736047664262,1.7633557743122141,-3.3855324973606518,-3.333110932548499,-2.5815605962067467,1.2541931617853133,1.2505997120762404,-1.771829819430184,-1.320154991235873,-3.5139536968949487,-3.2260151954396035,-0.38529143263041593,-1.7669287638412847,1.300157454694305,-1.408440804776913,0.5955577041214198,-1.83370885956422,-0.8870264154093388,-1.1287849378519406,-0.04665641326811778,0.033737813167644286,0.1680356207194231,-2.8834652205941675,0.11914701231532347,-1.2007364720995193,0.7879486100228525,1.4024537090320477,-2.343984777571561,-0.8693809059881038,0.7491636661969864,-0.8216852892612364,-2.8967729773430064,-0.5422074252124782,-0.2564571930360276,0.408257646221384,-0.5759042911685742,1.0210325698906408,0.3657677109764718,1.122330247876544,-0.5038807035022408,0.37917040543687397,0.4605806049349223,-0.22665762556812236,1.2110210549613396,0.4408392280523315,-0.46712851615493267,-0.8967986922086117,-0.3766674621747455,0.4067518314266159,-0.3233362207372329,0.5077980985760584,-0.3914996447160121,0.009446171795290347,-0.49719898942619095,3.0
-6.243537716331064,6.796226836020439,-2.1263394674750353,-1.5355150791269412,-0.6225999862901068,-1.6105700777028131,1.4977152269537586,2.8890499390170072,-0.7102811478282286,-0.78232129639802,2.5455669258369684,1.7326275051520765,-1.1823484020817667,-0.7728240642046385,1.5971658555756028,2.5104806707121474,-1.499740048490084,-1.1449045562260913,-2.7596414664935844,0.16617123501122713,1.6113409067808584,0.7505815786153327,0.23599130369418067,-1.2837914627058369,-0.041354205594620795,-2.220702818886948,1.5460423069696405,0.06026597767523776,-0.5002212310095355,0.6609209013553231,0.13150783767799604,-1.366208780666266,-1.556135527266304,0.3755761227001282,1.7528848913918065,1.1796418807684428,1.4664015393116516,-0.4487088500373462,-0.1904484134270279,-2.003616719324483,0.0879913900860232,-0.4788105747995291,-1.208605277908251,0.933375894002873,0.8942449649960716,-1.1892533564145207,0.3829805197703258,1.7421853916257994,2.1140149294932473,-1.4000153690357329,0.9849755512765518,0.6030132963078155,-2.4683669746941375,0.18212119806670618,0.4839559638225898,0.8020796237456997,-0.6862253821535893,-0.17629875750389057,0.6305133402547678,3.0
0.13530039250957196,-4.247632081137797,-4.04467088441771,3.162124368775418,1.6038903401353233,3.533383604923647,0.46898134178007567,-1.1726448669851666,-0.5162613966328201,0.34250341925949507,-0.8347251060513133,-0.63380868929385,-1.8663189651703787,-0.8151598382826769,-1.5413932732006346,-0.27019128620566885,2.1696744316593835,-3.2935196653186054,0.6422090546152096,-1.3397740408026129,1.8860419078134605,0.9162473243636311,-0.07991812092513005,-0.5260048179409381,0.5137769611538215,0.5764138874008545,-0.035608837453388754,-1.275007309358121,-0.6446874108674858,-0.4490329944288334,-1.7041061864163085,-0.9441897672405128,-0.40777787067520127,0.6669309189446602,0.7768738334850875,0.22417331122050912,-0.33427644304925924,-0.23092152919817133,-0.24259111138993628,0.19569695175969018,-0.0182039114094938,-1.346958505852435,-0.6398165722655054,-0.10332943664225286,-0.10732491812771505,0.032114685596191093,0.5485821481780245,-0.7551823599282219,-0.4442079102873741,0.04760119089491266,-0.4637783704294137,0.6611449164099154,0.12762150927231722,0.4892469802561208,0.4988810294366552,-0.03464049955301451,-0.05438872336080659,0.4724349598846869,-0.3128628279695111,1.0
-3.8740382200527086,-1.7754563104507726,-0.5420799285490735,5.7573991640328,-0.6766799288936641,0.5751416436069765,-1.811400057424535,-0.6013178788748307,-2.2226892882209914,0.05415054441985058,1.5011406530761144,3.725419872771117,-2.2153766995456157,1.7230390773560702,-1.6906839443072652,0.46514465573997366,0.7446590596953012,-0.8401093506372278,-0.2906053644232822,1.7994032345205508,-1.224845255536149,0.326353793982706,-0.23815407547419165,1.8962916044557532,-0.03172887843919696,0.4680823831325985,-0.4434298181382768,1.916656526841402,0.41406747437994523,0.1691793689179822,1.9989009020879094,-0.43832175945444596,-0.4418710464006134,0.5841566425602278,-0.2104425299180531,-0.10948722759600323,-0.15182406357322492,0.24007110901952436,1.5426255681904155,-1.1288049355856737,-0.2143071407634577,-0.15861280971422048,-0.6568054710674008,-0.1710018492051212,-0.025905085148787716,-0.016056280292198646,0.7005808755801403,0.02036992496213872,-0.3613309043697283,-0.10884124471273662,0.22269405009661486,-1.1728645406674718,-0.2135748121922255,0.2670823791525391,0.034608089515348495,0.22373811729114312,-1.1727278178736484,0.6822654012120097,0.4344674261979283,4.0
10.436319040780482,1.1814871315173168,2.7760305576679443,3.533577535614176,1.3820145358916007,-2.2238141769045963,-3.0036632850458735,-3.479540618326792,-0.8004541399290882,0.7189112305294143,1.229181711379815,-3.0804484873996127,-0.03016424369003007,-1.7861196968685582,-2.3298861786746365,-0.6378987248219995,0.4831876331678748,1.248887889733611,0.1256463040578499,-1.9248633312156576,-1.559451818016184,-0.5158905034200836,1.8039454355971525,-1.1545185719886901,-1.046577049738414,-1.0540974343491671,-2.3036236876608904,1.4727462524016781,-0.6398837768133679,0.4026573424169828,0.6798701481634626,0.28989166875464467,0.18704163938709265,0.9906990591608944,0.8989718516545079,2.3411480825964786,-0.22264780193155417,0.9547354715431159,0.05273450138808822,0.0420875041963341,1.6677552312611947,-1.3219385065712956,1.334397952405696,-0.8968519755246768,0.3556178886019263,0.4360585887787307,0.12133234013996852,-0.15075474862843438,-0.39677281161634487,-0.2710018205536945,-1.2213284713209323,-0.994457261230924,-0.5003404189524243,-0.08195846222033086,-0.06489618211797044,0.7054131815142617,0.0940552149752913,0.28203752589812253,-0.25375794445585204,2.0
6.659589517145206,-1.8174838464398433,2.0452883558379313,3.7316469989842025,3.7293916095616444,-0.6481993387061944,-2.120007915335033,0.6611599542684908,0.1004610704458985,1.413041263855493,-0.4658053286676992,-0.48597033604607426,-0.9871182433867037,0.5975597299929664,2.189329033171388,-1.3637011953217588,-0.08962038871036057,-0.3663700586663137,1.1692388250240595,-0.9824708051807535,-2.3683159386631254,0.4744466118332396,0.9821893743830612,1.3188041741549537,0.38686424975227934,0.4328085857611059,1.5954620769534942,1.6601581468547748,0.5556660057246908,0.43208009594142205,-0.13891010087902442,-0.3148029944898122,0.605554189095659,-0.1351492504257867,0.4393713241633747,0.07213073517979676,-0.46644276203117235,-0.1973860439826103,0.03857393119384912,-0.2880318523507762,0.16190990825746773,0.4545339571966213,-0.36622648351008663,-0.38819300482122,-0.8756879741261192,-0.5067713428819871,0.1766433112571132,0.15779626796722054,0.6624456559818028,0.47736957137889896,0.8192404663029065,0.00831683391220464,0.5006813247011535,-0.015359094097703701,0.11610751985536089,-0.3678999577783134,-0.13907841963061207,-0.16496793165511317,0.08177050069456604,4.0
-5.521233010868014,-2.3868786318496347,0.9852493431564232,0.5920721225536275,-1.2925431161984076,1.4792988682222161,-1.142283069226825,2.69208215210037,0.29107075962393264,-3.3627334338336974,-0.33266187654328916,-2.229239852679315,3.1584678625689233,-0.15011894511274426,0.7200993899288781,-0.737744407968373,1.5231224775139252,0.23904912499914194,1.1830464773492841,-1.3173668870689483,0.6321783668706823,-0.7311348915505633,-0.06946319436422653,0.28147462548384133,-0.5698955986554148,-2.4073306046640783,-1.0689522129606182,0.5650762937565935,0.8630829267948447,1.202799477660825,-0.7868854797983174,1.7183467831616699,-0.1967608148457706,-0.5087474094344164,0.3350975108541472,0.9620731357911347,0.7673891579138271,1.7077711809232639,-0.06661853770434392,-0.6380025406379704,-0.6682095445348345,0.5098629342906859,-1.6652242472499508,0.3798483774735941,-0.26214439745840096,-0.0752509050395516,1.14127413464962,-0.622215176127057,-1.2826982099294004,-0.3490618087094273,2.3843097152913066,0.6831506576322327,-0.35595452780647363,-0.19384317469689905,0.11041535885742916,-0.7136480852723569,0.8221315363040419,0.005514330100395515,0.38090612187286077,5.0
2.5645269266781328,3.350214592932038,5.870729167828818,1.2813972472954713,-4.009536045165364,-0.8664712838466099,1.308209432770738,-0.16586805913666108,-1.1345458966716677,2.2861974300499086,0.5897285167338788,-1.8953872835771601,-0.6664211599588032,-0.5527972388803694,1.9377461054917708,-3.163827521670777,0.48256341120663687,-1.212926774137399,1.2772844596741013,-1.0324821626768572,0.5993943312061195,0.12876239435525003,0.6707625180834483,1.0483759021867367,-1.1205493821575607,1.1687677513305403,-1.124154488245941,-0.04925344163819514,-1.2519170394467538,-0.015149116497372076,-0.5643512665692412,0.34130614783139196,0.49408456760133357,-0.7716393279075919,0.6894341093696853,-1.3144727042190074,-0.4507515892753403,-0.48580586747169446,0.11387540780021829,0.13766156028710969,-0.31834636344695855,0.8225065619577664,-1.9848584097702267,0.027986403649521235,-0.14620235339026616,-0.09093736666279638,-0.9814585273905463,0.438866894754992,-0.15259315585447947,0.408875094858339,0.45137019342818047,0.3546981380612985,1.1747152389234081,-1.5295527673225828,0.26205818191382896,-0.36510239449832216,0.9846966001305717,0.511092337483186,-0.4232855234293345,5.0
2.7298426558804265,0.07675074597225001,-0.7900370929941667,3.340875276607757,3.8765793239950765,-0.4641508190061174,-1.151100123446582,-5.170359396536355,0.9504361875151287,-3.652667607086528,-0.8488766753787975,-3.5096104537167165,-1.9469934559921016,1.3102600372298179,-0.03956127606475399,1.356476513843772,-1.058599861806865,1.1671687333844718,1.2141832545439146,-4.135295555039093,1.4093520107000195,-0.6971434107915476,-0.23753344551288094,0.06668720052080415,-2.08265022744781,-3.001353369844892,-0.5541838160875308,-1.334734195540718,1.6319818659771494,3.01728339324085,-0.33390544559732427,0.9920585965267538,1.0276603559811077,0.6597941433956666,2.0418995287306867,-0.2137990965159073,-0.7244906416346678,0.09820040349424462,-1.3965207737164336,-0.36693826717360223,-0.7685418796080002,-1.069411039892179,0.1800100047834035,-1.278926847520688,-0.019356632149182377,-1.5107821907861252,-0.39309908425545015,-1.435956922776575,0.034224727536509326,-0.6194171539493669,0.7798879148047918,0.07287258181154235,-1.0996383377707604,0.6588264963388692,-0.7557856827406816,0.8202953373021479,1.3038794423909763,0.24902071798026246,-0.6494702359327446,2.0
-0.18801208479495488,9.154993753738863,3.64058287610189,3.325571425869726,-4.718431415671355,-6.33675031063337,1.241402637696743,0.3452921569532602,0.14105452642596342,1.8712030372114858,-1.9898603160834014,0.007825848489417172,-1.128669709041741,4.2152147879520125,1.8970878952601553,0.28843934301144253,-0.026239946179665703,0.3595472896173545,-1.2976986877006986,1.428034087888423,-0.9388004123043545,0.7481961819108192,-1.1952583578927023,-0.9132164892803348,-0.9740441860978566,-0.8094221270880722,0.7367194901218769,-1.4725131478180922,1.9735701160322916,0.6052049102257837,0.08239004840389293,-0.577897888267731,0.05129312305252991,-1.0852847407223685,-0.42750162304543105,-0.08032109999154763,0.31256060198174923,0.27239132957424933,0.14599891933130588,-0.2463959932839706,0.46204564796895803,-1.285607142560886,0.009643351229058378,-1.7634471137937076,1.4319228197473635,0.8216420749783558,0.8013881966610338,0.3997537493901553,0.18014393352440283,0.08254576362766389,1.202218046398577,0.4713849660749262,-0.8651296328331464,0.9172561050048347,-0.15006647934839015,-0.6405013104034772,1.0071219512028933,-1.2525527985905038,-0.00626207836812825,5.0
4.529711427341946,-1.5083651107362785,1.499887358365406,3.942239202397562,-2.771799139430825,-0.4657421999897051,1.643434500983711,0.7804760785278395,0.01495870634219481,-1.0244527955592941,-3.135787721250141,1.608281206787496,-1.7913560280444625,0.4079467257793249,-0.545142385726733,-1.746931163987155,-2.1360813337918616,0.7367437679619991,0.8231574277428737,1.5525479183786852,-1.3504626299355316,1.0341069124092328,0.08896265501313541,-0.007076030919937703,-3.1661514243700455,-0.2183389228325415,1.5163204856021266,-0.8541321410705297,0.30352214986014564,0.8835160395026923,1.6005361666521238,0.1311414836728337,-0.7221823051117289,-0.5066550615171648,-0.6195390623541008,0.2978237561647397,-0.7808557434092859,1.3717453585490689,-0.6073534348382906,1.4562389317014275,1.1334022656901839,-1.010323257370196,1.195655220971504,-1.2336235080199562,-0.25260786935135754,-0.2777564681739103,-0.7283808092741629,0.8126758317889945,-0.1571997235502949,-0.28090076413556647,-0.9670099668710458,1.2569636970201805,0.44443453918014403,-0.39974442728886683,-0.05902328305911919,0.7931568605691882,0.029141922198247378,0.04086358969027348,-0.18980557707019693,4.0
-9.396749371401564,1.524186450025739,0.06900292452942913,-0.6320584874645226,-0.7723946118420802,-0.011531037022224286,-0.928665493639285,-0.37744385696410426,-2.537953184486661,-1.661401479839639,2.172281921945951,-0.28392045750632144,2.4624395416812557,-1.9553920289094868,2.3926436504727335,-2.2405153119029975,-0.7965266366074009,-1.1343795658558777,-2.465264763715208,-0.2812827758623998,1.1011706311769573,-1.3103045717560318,0.527255753251964,3.6330629214135888,1.0220064091228076,2.6803624727740583,1.8077634574529542,-0.1796310440618693,0.916529723717863,0.7098886382099158,0.6153825098283399,-0.49604109087696463,1.558705059240879,2.1868685347553924,-1.750074137445315,-1.068709535180896,-0.6042786060099481,1.1253469297525094,-1.0973482729205577,0.07050187973223383,1.08340119305321,-1.3544672669137632,0.7436092730007935,-0.6797261636289893,0.3823059399566284,0.717194630483539,0.17288319538440786,-0.18120838837028902,-0.03598628123259047,0.5454324819929505,0.602334085656351,-0.6735786481759564,-0.0122922833563573,0.9954242554036802,-0.6909867673040049,0.8436994117182497,-0.007569545079225495,-0.6923185071733403,1.8167110079726585,5.0
4.65098016267166,2.149613928339595,4.96646215843711,3.855374938971764,1.145968921324772,3.2955485531209887,-2.8659323351831345,-0.4084848112387062,-1.8957534901622057,-2.2480569831378787,2.750562191963103,1.2111536948582307,-2.6448756349680553,0.8224653089667958,-2.333183754547086,3.246025167602589,0.4145327505096265,-0.6926486008465608,1.9531980353650231,-2.4462817677532125,0.7731698012755007,-1.5661193005086447,0.11825746273170176,-0.5320973944993003,-2.212410600475069,-3.1137224098379255,-0.02673899458212588,-1.7028083263060128,-1.2630480942698132,-1.6326320526053744,1.012711264282224,-0.8462974014643361,-0.3568809405262953,-0.623233508437005,-1.9859187784455503,-0.07496472757904715,0.3509158167357465,1.2365645516985946,-0.3097853079293498,-0.3352764302473654,1.0614194473878935,-0.26080419302506125,1.773502488037515,-0.3623664101765363,0.10244515087546704,-0.5121955190208638,-0.6118952147403576,0.522915884982732,-1.7054005757566413,-0.2846002237096733,-1.1425010863374978,-0.41536723847174506,-1.5129870772424125,1.3122422460068155,-0.6465384388882295,0.9494002436871463,0.09679399249564205,-0.2737388910422117,0.10559856402115793,2.0
-6.568092306540832,0.44186526733986786,-3.132395216883447,-0.3970112624173431,-2.8705579805422783,0.8652770882479265,2.3395030594314368,-0.15646344370146922,2.2789380045523333,-1.449258472184678,-1.0867587534810164,0.22796152704019948,-0.6946366861246481,-0.8020705072391566,-0.3687924997859845,-0.23867399512858137,1.9888513485796053,0.615943645264253,-1.2700133111524983,-0.8572304735945642,1.4163764198461075,-0.2799528148332289,0.5407011855805561,1.3219395575015398,0.18042364737786917,-0.34555807459078364,0.010249161436047443,1.43693138662876,0.6360862875050165,0.20449319230328103,0.05698752407264221,-0.8279870079678846,0.956258516132616,0.3800773251616774,0.1935966668526946,0.4244541624230403,-0.13308256732300197,1.8584810104403586,-0.09593651657004683,0.2871181822723538,-0.5056121700782187,1.0359636330488098,-1.1638804938400715,0.4534346089080831,-0.1438545038899264,-0.8195316780188369,0.27675892000358665,0.6799825926650652,1.1504412087043054,-0.38679489359715585,-0.0753979457169316,0.6816784331839266,0.44075112940154126,0.4223253449407685,-0.5506307142351754,-0.06035352694590379,-0.13030724553663142,-0.3285466649750067,-0.3932772947968509,5.0
7.358610018510552,2.59812330016589,-1.7788608821444158,0.24282371327846253,-3.183524400843181,6.297551514728877,3.7895950307816353,1.4299620288998498,-2.9274252387849535,-3.7366348013887283,-5.396771152594163,-1.80222666366148,-0.49389590407118,-1.563768201960741,-1.867378960127765,-1.3782330373638216,0.7577597211681799,-0.8866537282330914,-1.0699948971087416,0.9741280873653587,-0.5802690776173958,1.2317035451464364,-2.2479967222922714,-0.8712053867384671,-1.0487312393940074,-2.065807867303571,0.035298151225114996,-1.5585268789325075,0.7132544090461191,-0.11001716864414311,0.6219367408320983,-1.6271514127349918,-1.2095962656491468,2.4935033982414563,-0.016973076083389327,-1.8007078450887903,0.7478898874503919,-0.8412413921826105,-0.18078258468287625,-0.5804689841096818,-0.2398945201502974,-1.7179563816581347,-0.4791279872306857,-0.9444913694627471,-0.09312034749914673,-0.2649196483439116,0.30404106776654405,-0.21125431633956787,0.5773817992530578,0.7714118912253694,-0.6875047803853475,1.0665946005931195,-0.09467935842634732,-1.6622603984828321,0.1891114022188252,-0.5028309874551994,-0.49819985589831633,-0.3582746510154695,-0.23689369269358482,2.0
9.69444326201928,-4.611620455406299,-0.93975360693104,0.9992197123170173,-2.1463429697145235,-0.11856339684092393,1.6044864697766181,-0.9784812266485897,-0.6399367696662895,-1.553374559385091,-0.2515440466289806,-4.212879953608262,-0.5896166278621197,-0.5050873939685948,1.6502376122736488,-0.19723366359734293,-1.3772888837262247,1.3420310044101635,-3.2123641203397266,-1.653590068613706,1.8100931999024816,-0.21120343970009264,-0.45925293466721595,0.501491553170601,1.118277146510983,-1.4921325209798486,0.7613337832126885,-1.7761305246051107,0.6909518966548293,1.4713289439682107,0.12002143323043273,-0.5589561755916599,0.6735088497657666,0.9647560829893288,-0.7435384144195394,-0.4410119019892743,-0.15049013683610868,-0.9909598500880673,0.021811144889712423,-0.7449725174278173,0.3074135714917385,0.9807346634883215,-0.25806121701264934,0.10501656194628724,0.1318521689501953,-1.1028499312965492,-0.045761423289177226,-0.25252387108098884,-0.39860340083351475,-0.5989667739144356,-0.3665183602514513,-1.4030749754535123,0.14706712761089927,0.6598650912080326,0.6764456418333108,-0.35189162895764237,-1.444413458132226,0.4597664723936517,-0.963708338711062,0.0
2.5007016222276337,-0.8221588844899947,-5.3178149906452115,-6.416052076602548,-3.401833055096029,-1.856615330278497,-2.8947721325729905,3.378732227010045,1.4171740564792383,-1.823445074573067,-0.5538209569338194,0.6574889214165403,-0.44076559582562896,2.7007241333853025,-0.5560900332586425,-0.30545430152342945,-1.2841326624363774,-0.7730104642175815,0.6981649807849107,-1.3131361872515301,-0.0012629583226503207,-0.03668301561267398,1.213089660564706,-0.4584793971495706,0.9942577535387804,0.6478624849089525,-0.04124397344420641,-1.544304555745855,-0.7778494652233472,0.33107445469511354,-1.725409916700316,-0.6024568299411831,-0.7351329533478225,0.5100647531575219,-1.5367963164580556,0.184034741322885,0.10546491374758138,0.13277628118847987,0.5865033195961523,-0.09403924431788638,-0.9623541055734287,1.4238009925365598,-0.5421980940023313,-0.29801395368057054,-0.06471675559167292,-1.14926936414479,0.6315881665769254,1.0376018375553622,1.7888078035190293,0.7022409256416949,-0.7500397891401712,1.2699336383337503,1.1613801046336245,0.4042896979261483,-0.4488529685419611,0.18056408782383102,-0.1970309340252725,-0.7092177879907734,-0.5130858640549346,0.0
3.254357766326053,0.22114127241989046,-3.673930244589981,2.0912120714762015,1.1369363184609989,-3.701089338514553,1.4261156188767417,-1.8586348898883807,0.7994271543496405,-0.7827750742608314,3.0646228087683456,-1.5768264384585207,-0.10320229985770711,0.9982789201754148,0.16807848208010884,0.31308610176323043,-2.3480886484825634,-1.0681349263681355,0.298716738065804,-1.2162097212046805,2.235016573522517,0.3419883134645592,-1.028298961622153,-0.5908368318604795,1.3859161229681094,2.6035879673595845,0.01079408058371324,0.3680465440873316,-0.2675194034487215,1.0143028890329078,0.874886826414189,-1.3014629482664555,-0.7129870989749404,-0.37004998737980743,0.9248983577206283,-0.025485907610525382,-0.00550023349961706,-0.394150396893057,0.6100211234800385,0.24028162993110527,-0.8763208059827362,-1.2250002593264329,0.20131250405369852,0.5749819393401936,0.3221653155275995,-0.21729303982115764,-0.26116511090857025,0.047282278231859744,0.27610807463312537,-0.4379861905306947,-0.22369209437915133,0.3940494404426343,-0.0677927146296334,0.24543608332698477,0.10204315270579001,-0.02665998823214646,0.05989613561152297,-0.586510575006496,-0.3953087735939042,2.0
-1.799244760316352,-5.278848889547512,2.3033170545705386,0.47487891313550806,-1.1046262880904343,1.6748819993935942,-0.1529084459195375,3.3782494919018915,-2.4294523030922743,1.0664205408925573,-0.14110914976386651,-2.6516220590770843,2.7912261717026534,-0.6043391437134567,0.5522712578381221,-1.5850523544213213,-1.5102435235497478,0.6359267335347282,-0.8345520879604537,1.4681659812883754,0.5040177004364926,-0.8803585739853438,0.7823245111689187,-0.3965822117844801,0.9567979262238582,-0.8342525746665806,-1.6352744581667518,-0.9517582944657833,0.2297038732497427,0.5187158518084362,-1.2626307945146906,1.6256112453095546,1.2678221493926187,0.24530805318732016,0.03618771078168094,1.350492902851596,1.9434787729930239,0.4010532544182317,-2.1103266870500326,-2.697899051480035,-0.9691220511799052,0.7525663444878631,-2.5191880750644096,0.25287894844377806,-0.20751230040530805,0.4094292722895944,-0.23462743211249296,-1.7710226664690059,0.18585299080909576,0.126049966162027,0.7573849683421422,-0.5188368876244637,-0.5230786393189361,0.9119907239298283,-0.2998668830160291,-0.6459690948595288,-0.4847186762915885,0.05789364567388104,-0.3327666970627852,5.0
5.297036263378973,-5.714970689038014,-3.9173224992785345,-0.0752514859907174,-1.082739457993536,0.3941046712572757,0.9959539615607818,-0.8131048395342425,0.12871110165898003,0.8086046158589087,2.248039143434635,0.48658500234385815,0.8252394038451114,-0.773033758076861,0.20805276483319038,0.7313593124130622,0.5728150417889801,-0.6894088372763957,-1.101077359096833,0.5274259662599251,-0.7582223558939866,-0.4230653531653525,0.23009162031719493,1.769018666386328,-0.4113579537247329,-0.6114085530702607,0.4991904429232225,0.21534920338193403,-0.08179569781273413,-0.7424997555530602,-0.07550155193356693,-0.31525275940393993,0.2999195395792615,-0.24597404112116159,-0.03870812164583909,-0.6631528140122718,0.05651381932591094,-0.7963568998923077,0.07653590411631452,-0.923991788030235,-0.2671604435793392,-0.6801013501523271,-0.062120537477908896,1.2440948587595324,0.00394787172592702,-0.39258334582601484,0.12357094190813324,-0.7683447557543702,0.09070574273204092,0.49427422013103967,-0.29288190178506623,-1.3235224658858302,-0.46427786504305646,-0.166526934127106,-0.30892918686518234,0.3836084272387675,0.6360171165507295,0.7087582654107454,-0.1458472069610914,4.0
-5.63117370242576,-3.731711677235958,-3.3195173968557032,0.5268708134481809,-0.2497504975790634,3.8397032215102254,0.518355545580305,-1.6057027906569452,-0.8476932889082004,2.080011158632269,-2.398050228186422,-2.2199743375135332,1.3226113938539137,0.1379724087517135,-1.731918668699994,-0.2026198492367159,1.0896697347401194,0.46051953430580206,1.2130700124193206,0.2971078448004823,-0.4731834000038538,0.4363049856764751,-0.3479323791622375,1.076007715882903,-1.9763542948668797,-2.358851127046437,0.4293536396783136,-1.1408727620491126,-0.9298558512055676,-0.7596815634583046,-0.6719729487725691,-1.1007748201094765,0.6447302311289879,-0.00840485851920733,-0.21927997329441049,1.200638143103315,2.1858877048106224,-0.21498798333952543,0.3725022917797675,-1.1511916216430387,-0.022869037841493856,-0.3772007754646295,0.5826381501699488,1.0602664440571337,-1.1982538121098611,0.9609885939752387,-0.637817766466352,0.6030637981763121,-0.5316299179567426,-0.3888889272674331,-0.054561555872322184,0.02014177101217135,-0.20132476446991723,-0.3976025812734207,0.33215108897901685,-0.10389019800858415,-0.6053757667107441,-0.023240760236611608,-0.7567152122418143,2.0
4.195746625972111,2.9997881585690522,3.8851366449879547,-1.038616192619206,3.848751632633429,4.264801831427007,-1.3158964748776856,1.0260051346648849,3.0199372781047145,0.1562571896612856,-0.6793235269590977,3.2253190042604647,-3.6409385781832944,-1.3543635023187948,0.04932578746392679,-1.8291285429330844,0.45641846734418745,-1.5135206697647177,-0.0704962852120409,-1.8826983045264198,0.8038416459885772,0.4655654292752204,-0.9350095083483015,1.0255577564672063,0.6594554095303445,0.3276839918630078,-0.5799571753082744,-0.346233340762007,-1.176646447973871,-1.2017824412632157,1.1281048514206717,0.6809410840285905,-0.5601537608701328,0.6641929454035933,1.0286736559861702,-0.4814662384486161,0.3242865822736978,0.04045460092481114,0.7244538944461301,0.16685528976748354,-1.4957871301174241,0.7623212639961822,0.0569639860905495,0.011146916338795188,-1.4361396916629892,0.6902640024307615,-0.49154867345143266,-0.5438387863670443,-0.06409523916686828,-0.8131848883773957,0.9570634807215547,-0.655777671680274,-0.1838976666369309,1.423953434557276,0.1883522109495561,-0.6263689355090335,-0.0110930466943388,0.21341236889405227,0.19988137008289694,2.0
0.7927920674035871,-0.9865600360765187,-3.6965946182181533,2.241345276149338,-4.283098380342959,1.3462051688429544,1.9076106562388846,-1.854679929048391,1.5823810458890781,0.9843728801115057,-0.2364305703386432,1.3111750460673106,-1.2365398293464769,-1.2224944530925717,0.9008437388328216,-0.4914826258126219,-0.16021794438109754,-1.4489186380238537,-0.4538654861201843,0.2042152003600378,1.1139879967828266,-0.11530618619644598,0.1010468899982261,0.5425770177528183,-0.4704461864152933,-0.5105503146523835,-1.0681236601117408,0.24620422186180393,1.4611342347751402,-0.22607216041693162,0.34761418020251444,0.04860170926274197,0.4756884051723606,0.08910015939870342,-0.19885159952146775,0.3242290367134428,0.423631098887044,-0.6178880677654194,0.2903579983790652,0.04628473964767609,0.3692301010691498,-0.4537320771092294,0.4488629177285167,0.05162073510787414,-0.1256253682596817,0.2553436048057037,0.1709096393388629,1.0737661363848598,-0.3506101513501971,0.6738896489471538,-0.5670953371047524,0.4260661964483287,0.20401855849307618,-1.168758825098061,-0.04210608969342411,-0.14848772203034075,0.6631364143029479,0.13314417858863983,-0.18446667868592764,2.0
4.3834323475624775,8.032751083942998,-2.089244018959786,-0.765891859380447,-0.20580760826547997,1.6083392138963213,0.8821194642519623,-1.160821018947294,-1.5077152512582948,-1.5581714081323448,0.20096760893499027,3.177738452621937,-2.9468341082416916,-0.3963481035362508,-0.9149469794030475,1.1077952084497853,-1.2541841563755973,0.35668894260640793,2.244093287092586,-0.0598860982143484,-1.060147076928821,-0.20884688916846858,1.408023487688579,0.7702320887693314,0.6760017503203194,-1.6928262930234328,-0.2097906483900299,-1.4903947857611424,0.21362084086268374,0.9008427677098572,0.7420518117631933,1.72801572011848,-0.20757256663046897,-0.8740987440218232,0.14070769695741173,-1.9664336920701173,-0.5436307649168388,0.0623362356763099,-0.9813973358294831,0.6011176898500155,0.583230123049999,-0.020313815020889116,-0.6174192699070562,1.5450175473814236,-0.17297628251528666,0.19508293556651113,-0.1112447724365945,0.3944264584614888,-1.0906621103450296,-0.9896014500216205,0.6571494900059406,-1.1527129184661054,0.7081403677943336,-0.11105692213232429,-1.1986905339324896,-0.3086825631306093,-0.681660953793659,-0.5768351413849496,0.3829206224425099,2.0
5.769994171024589,-0.4384764094275288,-3.4455349783504725,-0.37427504132157563,-0.18881962843349379,-2.6886694805165328,0.5961588683564277,-0.4527142002263087,0.07383200657533778,2.0544556665013856,-1.4266001663941332,0.8256376520064888,0.11413083290959762,0.4772016533730568,1.2600573114932456,-0.14648857587001515,2.4923728714052324,-0.5024082394629976,0.30698091457432997,1.472145831497081,-1.0009454275919873,0.1122913473446535,0.15917191685337037,-0.19386202719092777,0.707462656656566,-0.11738896331343215,0.943623392243231,-0.7983003388725547,1.5035012913194314,-0.29819222836693987,-0.917776754288962,-1.4858907836109798,-0.3334832456821113,-0.5584588523153458,-0.1740659747832856,-0.30428036424948895,-0.4414544953609846,0.07213907391323197,-0.4365029197070213,0.12360607366506447,0.15406858402147014,0.24686071329884607,0.6213621231586985,0.662177866102244,-0.15652058421845094,-1.3900820410276737,-0.37515227681087776,-0.3299010242008838,-0.2727046014048382,-0.2627209966302799,0.4821620669303864,-0.13096902573786082,0.07525701501200872,-0.07339706581307338,-0.17075980264208812,-0.6914878192878721,-0.09994448949584925,-0.6723396961066892,-0.5754733868066453,0.0
1.3775871578594452,2.3832123572628845,-2.3337263433912576,2.7321464988143713,3.168115477115947,-0.4674509731446103,0.643862699817015,0.402443662579582,-1.4141803121928442,-0.522000214930534,3.485054804375484,1.7620953562788753,0.4647823467203078,-0.7949169990279891,0.8437184062094892,1.2913443711538322,-2.1894136033928238,-1.093404758198157,0.048657282477060124,-0.6871196567101274,0.12122931195670067,-0.8141447963635028,1.5208223730421355,0.34676676545561197,1.455488808382115,-0.1731491763079791,0.6296253943585836,-2.64180390629142,-0.16869315260062095,-0.4592237851613107,-0.09151587235623466,-1.2839498700269252,-1.7876198446918081,-0.7306416985166257,-0.5756278756523954,-0.9943892264045809,0.36310698340098174,-0.1546498678588903,0.6057203319544476,0.4678912046876736,0.4161313840829618,0.10069326403214399,0.2109045245990204,0.02592084600356477,-0.6902276961021416,0.475820873071448,-0.3080311737755244,-0.4427751059222196,0.30616079477473007,-1.1036795664403267,0.36865327221655814,0.46477265638785237,-0.15200724552572067,-1.078282398133514,-1.1675706275225752,-1.0552174825213703,0.9504188889473079,0.6877224696171118,0.033112140275291156,3.0
-3.347623605689156,-1.616865145360294,-3.4262828977145467,2.957227508083227,-0.028094578753833168,-0.6903795137968649,2.8946281935584537,-0.500370274375733,-0.6824466495105751,2.6406788186408248,0.3351332222439349,-0.6762239720590382,0.7646068700764364,1.587378457618542,-0.1757253522061491,1.168400992039069,2.185152948712159,-0.5338538300486076,-0.23467388964484123,-0.7553225938171294,2.2981381981614915,-1.1332617210317255,-1.1526507911453023,-0.4749173184088785,-0.5880531891806101,0.587917865935028,-1.3034186641457046,-1.308985059645743,-0.06609875261252765,0.1636715910416528,-1.802213744323624,-0.8171793157961482,-0.9370196024211924,0.45862022576005473,0.7780679644362134,-0.7091525217402513,1.0784627015872978,-1.1528799139582477,0.3599068773596367,1.1696460282069348,0.43223705400976187,-0.7249699620830136,-0.05443770702802837,-0.33211130921259485,-0.10111072357526338,0.3979614123205257,0.15890954312547917,0.7040149698889846,-0.25414599012950084,0.36354091282044293,0.41725150553211926,-1.1999272482300052,0.046529611440793685,0.16747838370888835,-0.6628610944199073,1.0248823524831325,1.7683179323818428,0.48255854711145535,-0.2715898135516318,3.0
7.009344607967452,2.658512775599623,6.077392126537108,7.355652012360537,0.2825206538100957,0.4215850065082445,-2.793916032941108,-0.5101942151228952,1.0113329712586703,-1.0267531708473703,1.0540740632103003,-3.5625799525516255,-0.7453771049291119,-1.3753957705446707,1.7092805341087964,-0.7668047998667801,1.1728315347968563,-0.36503418578053926,1.4916362939896053,0.10569692965065665,0.7676537361955931,-1.6020553486994864,-1.0005211126228606,-0.26436993753846594,1.4020644959147288,-0.18461362794334182,-0.2916708394468032,0.7209471680837328,-0.9429486046293587,-1.6163170227516444,0.2994953919748093,-0.6596322623564105,-0.11144373416920461,0.9326809905433627,1.2824712368217674,1.0020384869305161,1.9545103406212954,1.3426927092440821,0.4167070431597438,0.5740956552645714,0.7882883547969086,-1.4512680099482402,0.8815448979983196,-0.5334190174092632,0.7248836295576868,0.13656105760668552,0.08915065184110889,-0.5905526169404927,0.17340360260860918,0.45751423511708805,-0.6176372010353739,1.1416203092827772,-0.43819502736838406,0.8175133525684749,-0.9268794519072401,0.5026695387905641,0.3222301885263552,-0.49017280723260603,-1.2272734403551477,1.0
-7.0144467622356395,-2.0601229698808488,-5.473271530342277,-8.069843242446153,-2.9455714658234036,-5.088076997883077,-6.969745785958417,0.3643596418349304,-1.944152017752157,-1.0016101878347063,-1.4064228608663123,0.17583298462972385,-2.0780076992861263,-2.791050873128943,0.15608793477493965,-0.750206245384129,-0.12750448239213694,1.4999104347516923,3.3649311670500834,-2.0360580953549636,1.023591659473829,2.22960945196127,-0.692319494511876,0.44694646507489216,-0.9327860748820794,0.5142001284292175,1.2877712175036156,-0.12304467498612491,-0.10565579325892627,0.16715991519038062,0.06606648241350664,0.1307735265265714,1.374554428604288,0.3768156715044601,0.7792436768930796,-0.6938820866702227,1.7893486482037941,0.187401544618388,1.181108125396645,0.234803807259031,0.7472923250569005,0.1612425202843025,0.44005040010430174,-0.2099565575933018,0.1358655351179878,0.2935439693705426,-0.5296877005115507,-0.49628934028363936,-0.7401627497743893,0.2177387017755274,-0.4772829548802463,0.2656164365014385,0.14149532698428657,-0.36199526451219743,1.009536681476459,0.2552984572634635,-0.1131224869539659,-0.33452723972027304,0.2235748932349884,0.0
-2.27188466993562,-2.5346073762602646,-3.21320027347508,-0.7189783099119995,2.5142434313815847,2.9015020959077757,2.3949284917730713,-6.2631597611976035,-1.0351404128538442,-1.1353317935518676,-0.5863219344061713,-2.556235595843204,-3.34459773128733,0.0023441820945109253,1.7720253112133288,1.4565426631260925,0.7813536277176589,-1.3022971152758516,-0.41792987888425476,-0.8274559550589624,-0.19777296565827163,-0.009823299883577793,-0.5598944624341207,-2.112440329235399,1.1955410887273192,1.443023261676808,0.12446400567591526,-0.6079586665132666,1.5498442970442834,0.5424796444004752,-0.8740016939840217,-1.2201933782365129,1.1253974978504422,0.527034442445807,-0.952393281031816,0.12998804825050234,-1.8153777332175745,0.002805466717584658,-0.5124978526186899,0.5212105243993139,0.5870247797939399,1.0666851217018223,1.8776190542602162,-0.06368021351777314,-0.8206281785412113,0.9128397898106467,-1.2014881965550217,1.7571778413001231,-0.7980474918402765,-0.34616367347704313,1.1996111251123167,0.3609621973905444,-0.824677367894663,0.19744966378777715,-0.655371895361764,0.15579972678730544,0.4025355700827264,-0.6555930958903233,0.5403027152502559,5.0
-2.0588050734315537,7.132367929994133,-0.3806393223553034,0.3393915587873957,4.115383494814636,2.3691264875178857,1.4328084630711053,3.1986381008497458,0.9350926165949945,2.1315066669041545,-0.6292892083971995,1.953416266843323,1.8205159287119113,-2.0185178798408447,0.3828652742561047,3.2002712372358615,0.03704151882707002,2.399761097821449,-3.345261987607413,0.21722325173057302,0.605257207762458,-2.002425302113757,0.1850250948657565,-1.3319721887821085,-2.157280418366393,2.3019348693996524,0.1269999336984599,-0.14297262561504318,0.772344784995763,0.08924167376604399,-0.5551395795004703,-0.4257149730214914,1.8104681101127862,0.7983472576448195,1.0528571687866946,-1.887536347605574,1.1810067485602318,-1.4033074722856853,3.4185523271176548,-0.8493572796936837,0.5070319022695073,-0.17532544895747504,-0.10431506623053481,0.45312753975388925,0.0558575903061883,0.554275144488326,-2.2120558875514114,1.8929695598562752,-0.7540990402074922,0.3391568434240808,-0.12786079416235194,0.726616031701589,-1.2695581889841545,-0.13482411930434413,-0.08966509381098477,-0.402990020435709,0.36364611523777046,-0.0032375715414790928,-0.5879557905333926,3.0
2.4199926397467753,8.173859070471046,0.0523244518243907,-2.111523372429326,0.6722849755455168,1.7465461303237177,-1.7296937139409452,-2.6114252058866394,-2.119514536241451,0.6522045066748058,-0.6869874739057051,2.278498785706315,-1.5145467617538724,2.120633184832541,1.128851746451727,0.2384627319735909,-1.1712351658985483,3.19909390684395,2.544560329721558,-1.2483178501931427,1.6420209857194787,-0.8329074529618901,-0.8665354936481973,-1.1019385455810016,0.41383777303093766,0.3155457097723724,0.15219631687591778,1.1374339907504178,0.59248301406974,-2.1194984808833057,-0.04316157633986955,0.08403149528442726,-1.4787483989567989,-1.5693296866614328,0.02456792563686489,-0.762420825004458,-0.87184448961012,0.4795907149858938,-1.0626151580049061,-0.5357597100028132,-0.47032877490628205,-0.2506381804531085,-0.5854645250430555,-0.6233482565044999,-0.3959491046789173,-0.34267336338391086,0.718190548654487,-1.2411418340695002,-0.25012934178250035,0.4143381285723788,0.03449665870115559,-2.3074201461325385,-0.27211136622333454,0.903650862239404,0.11224708627966644,-0.55880042952689,-0.5011174381851196,-0.4626129949771424,0.1943006608428322,2.0
-5.85829603462883,1.0465218349367171,2.016594566693418,4.309290411673598,-4.067953319332886,-1.9398403812802376,0.19244372204346316,-0.37125947270463533,-0.4136637941072207,0.5571563664236007,4.889814677718721,3.4174857127333667,-1.4328300887049366,1.321335785162151,0.9701800242205568,2.320280209051286,-0.0471933154463021,-1.6075004904688912,0.7637369641324259,-1.6531141622656649,-1.8962068230475193,-1.8903758365020427,0.4587009140240949,0.4937700686144793,-0.09429621990592914,-0.4119839680673547,0.3809704139427871,-1.280908268696009,0.53750973397253,-0.09168309109273064,-0.7797269159168978,-0.16427068660211244,0.14991357132524838,0.8441375347587332,-0.7910380210304697,-1.2059583121647774,1.4993707990525251,-0.3282321393100137,-0.6742729403475003,1.010561379162702,-0.8007650236283201,1.6389970051159635,-0.22961588471217523,-1.5527145191294482,-1.203447410241417,-0.5889856787377441,-0.587941308714979,-0.7217269842545468,-0.8584079872977362,0.32642601023474993,0.07709115236026699,1.293533357861032,0.2715475099971183,0.7473557883229113,-1.3558385317788275,-0.44520667518021,0.7790250685833341,-0.8309122515035723,-0.632470169447669,5.0
7.169765428889867,-5.405366246862045,5.978207034680852,5.400509328949002,2.7072506236991583,-4.692643661807577,-2.2266609548927123,2.98383396694319,-1.6870252991828043,-2.063607197843147,-2.7672502669020798,-0.7808814516265588,0.3852059589526161,0.7224325785407023,0.6932677810013589,-0.6992991863360707,3.4233991943259516,0.6948791689226776,1.2688002037945763,1.3585646845205068,-0.6073559099450258,-0.06271360866427873,-1.0288409954752469,0.5792466193965775,-0.3064673691656372,0.08156567085772434,-0.8844317795149437,-0.6075465825440463,0.8576446294372493,-0.677615581929486,-1.0278808706325806,-1.3468732068817921,-0.032495492934921814,-0.26705051089146725,0.9582581471331181,-0.4721522168725088,-1.144565712753872,-0.728737871329073,-0.8859483742948615,0.4681774606942091,0.030795040608406547,0.09729917158478142,-0.3205805941242977,0.5492163278135643,0.7666397122870114,0.17747845625995562,0.2655104539572164,-0.6481462589573335,0.7872954555369895,-0.12373115460327017,0.04995522056266581,0.5699757263582108,-0.5679696930991363,1.5242410812151446,-0.023686487698234778,0.30247489455278675,0.823647151467804,-0.29848546691063965,0.4814259765899752,3.0
-2.8584835410225375,0.14508700477885628,0.4405888239012777,2.677852854702046,0.7759931522665929,0.4652279779345314,-0.8691151254349527,0.4003165696519145,3.0089854666003415,-2.582506040753677,-1.849240848237573,0.1538221398199068,-1.3738152528984298,-1.8460563476283007,1.1289331945634453,-3.2636418063947947,-0.20236559232240697,-0.83415804814127,-1.614460824050311,1.019553989290882,1.9809121905506948,0.4869258259419606,0.505263268606155,-0.01677452566215859,0.26598982079503725,-0.9978654825645011,1.8868866324647093,1.1076436068772801,-0.25508837497178094,1.6511177136974287,-0.6081171250307377,1.1608419363741989,0.254834737297355,-1.4249119757849553,-1.060118768821495,0.5208494680185763,-1.0083637025731322,1.299006044679899,-0.09444000053409367,-0.7899233308711728,0.8482204575817539,-0.4891335616867695,0.17337911502837844,0.9574916371997745,0.49786009329059083,1.2573213262013072,0.25056234330552213,0.07436111264907486,-0.71421163272009,-1.0555333434869139,-1.861673701115583,-1.3644417767462294,-0.9373518714764423,0.3895581592037768,0.03066239549647514,-0.3985216641221099,0.03894984896649538,-0.1666391221390597,-0.6457491839498137,3.0
-6.023790451419047,-2.014288131581463,4.527452543577149,0.6830055887797204,-0.3327018771769732,3.4549202403872292,-0.21951110373812352,-3.1096776321942516,-1.0921887672306616,-0.6169313392881169,-3.0018421490925857,-2.495098981980315,0.7140168790523134,-1.0922924895522146,0.5092075267134796,0.8379441563158232,0.2223978268252346,-0.7544322270005962,-1.4234733227142091,-0.03231153264242356,-0.24653271817090333,2.778595657093941,-0.4211423526783071,-0.19064825321864906,-0.03213824070392854,0.9711835963752206,3.895529170602248,-0.5568694188678334,0.2683593401577884,-1.261682725501885,0.704192053609755,0.4293721581461088,-0.44498104106013897,0.2892239682947594,-1.0188345634856888,-1.373395494418248,0.4027634584193229,-1.263968087663106,-3.06722225580991,1.166737917543519,-0.4821647569876057,1.4757291512308275,0.6838187280067721,0.14974572411707038,-1.2574258395176903,-1.0149232820021052,-0.000708065507284177,-0.5607580993909865,0.716032820769336,-0.9744678003570897,0.6140338080248756,0.13804580615907827,-0.37603224988589845,0.7655851700743385,0.5315214136372696,0.04516589589848127,0.43029349948157847,1.245157465635065,0.22723954692517576,3.0
1.8609607390523584,-1.1497312527853452,-0.8398795515810333,3.801978626592814,1.6702757633516856,3.0862033059095215,-1.7768199060290444,-1.4844271899823864,1.8033573993369139,0.19834731212674592,0.8914445267813417,-0.5642258466311149,0.08059882794406323,-2.932553678125486,-0.5241284036666229,-1.6121220173278412,0.2672195545625364,0.0325980305131897,-0.45421090827210414,1.869764581697436,-0.07198119236921623,1.315353419533458,0.4648050970635993,-0.8500759885327891,-0.563545940547366,0.19109415344765088,-0.6419070752560542,-1.1960622252271733,0.46773953841376764,-0.0936252940452352,-0.1575032946893385,0.4332536321217453,1.0373742730473356,-0.7966899401224959,-0.8283112967962787,0.2894896809471838,-0.14429632892519534,0.7104175995995173,0.37656160433933816,-1.5584903867707411,-1.542591310009563,0.4188146964090498,1.1181273230218045,-0.6586959424459113,0.9000839732367745,-0.36270526459094654,0.2308827393204936,-1.6394613183364706,-0.3969651152463051,0.5764747257382149,-0.43106208010532526,1.0627666769444224,-0.7162637384963072,0.24884847005533514,0.1532818288185496,-1.035194926972844,0.6057758804990397,-0.6622214091403742,-0.9557437890770512,2.0
7.1491424884234425,-7.281569759162598,-2.2159882787627736,1.4642388027827276,-0.5485025156999235,-1.0914281300819257,1.1287682749726524,-0.5432025744164848,-2.79501547587868,-2.0906154749086117,-0.22142987320573576,-0.5835774076035053,0.26647146332223914,0.2492958584541896,1.21270640612882,-0.24741017547702443,0.3085063211305936,0.8392794160873582,0.6750597183092237,-0.6436853260327968,2.038322423336507,0.6724243869993775,0.7987543294334811,-2.2560067104887813,1.068243113822405,0.6028470071814331,-2.1319233850633936,-0.4373452339720457,-0.7501260144481736,0.9076682545751976,0.008785146379046115,-0.051998391354368546,0.7012753725480081,1.3172440907755527,-1.6097378222392609,-0.020650363733343485,0.7826230626360711,0.35948350912477284,-0.3309918018660094,1.296446445984533,-0.45311087373422243,0.08765847271819618,-1.3928663906429768,1.1586303048887998,-0.5406563020973212,0.9843946250339717,0.6669328653280253,-2.025923989480887,0.31218467312051207,0.2302318981382091,0.11414295340546704,-1.3312214131221707,-0.25995305163897336,0.0068573725053741605,-0.8958396613734637,-0.3065058067385779,-0.08883317806430306,0.8554032065752217,-0.08242556422359859,2.0
6.272772913012114,2.041007318200394,-2.909813454332125,1.6197444786872885,1.1714039994097107,1.9738091863388316,1.4599581477258399,2.988878331711629,-0.8128192595019228,1.2889214866985903,0.1682147887785645,-0.7092050622969533,1.6543295342511735,-4.127956980723793,-1.0682515137962674,0.06987012685199562,1.210828591620829,0.0673833967673274,1.1795719849154802,-0.9858472494969376,1.0836685783692617,-0.612727106574309,-1.65667146276142,1.8306369735847843,0.4967760717621308,1.4790891590350352,0.030227492229116564,-1.5676497478705025,-0.5699950221863288,0.20174253840234588,1.0236648553672776,-0.42175410972074695,0.3909291086041565,0.45687937766109393,-1.8828238117374392,-1.0159193527847425,0.28668536431865393,0.4335098776760953,-1.6716770032528934,-0.23623889184065214,-0.31392821539555277,-0.40688986266851523,0.07030423795723023,-1.561399718121216,-0.47914297409942913,0.43930101771435315,0.405539320433397,-0.7071017225674275,1.0714685235045325,-0.6438923885742448,-0.17154147416513268,1.660301106744384,-0.16933125012253802,0.23776766487328796,1.5816857138894072,-1.1178538935040612,-0.6088506627038481,-0.12384275307184998,0.3271222002724863,2.0
-4.212652408026809,-2.913523473512091,2.2943811780520607,-2.0577598939051254,1.1328846260078407,-0.7074804808373621,0.39230448327568535,2.4285323343629015,3.441029666847749,-1.1937377703354872,-0.0914057655668312,-0.4521548118876587,0.09838793692615752,0.634300111534844,-1.3423208724204383,-1.6464411876323866,-0.7106143608811681,-1.3291895207712916,0.9574416574807264,0.9449487030887843,-1.5244937935577596,-1.0355702796838568,-0.30227908620058885,-0.09402282704050541,2.2329898481747352,-0.2957819028273032,-0.8065592162988644,-0.5282746145309972,-0.1387785145103684,-1.0738717203949952,-0.7971543145815811,1.4450863106907073,-0.20599705705075094,0.14801838620913454,0.4512294045337515,-0.6610280856182721,-0.8642852027111196,0.6325137952539486,0.0013919391501393127,0.7923159960101506,-0.01073172250394582,-0.9480246911863585,-0.22557457413390533,0.13170803562251754,-0.44496410593236624,-0.2991412925423337,0.11770035331118228,1.102157007534784,0.7147875041097796,-0.6966605441167726,0.29890674694761593,0.31189996034146605,0.20698676419453263,0.3032968865429894,0.38486638402313716,0.31252584553058177,-0.8184133523350763,-0.24415073122614092,0.3711861353941481,5.0
-9.487206384990625,-1.0177784036430284,2.5922223636458552,-1.6537408657674317,2.8963687061561227,-0.9836752285077586,0.9689579627385868,1.2378336849372902,0.08296969032598303,-0.04873955169262241,-0.02319126211457545,0.612123497925024,2.423286531530827,-3.902788023142235,1.3082770728423434,0.9191378344442939,-1.2379134119460145,1.2942703352736682,-1.614970932643644,-0.27939349220965093,-0.781768311293329,-0.47435343139373254,-0.40323958371559226,-0.211068117222902,0.9671083876813497,1.4304738577835634,-1.3586408178750378,-1.055867522867489,0.8657819145823467,1.0472688086475799,-0.508840459755278,0.3848856408408276,1.1492027383079062,0.23090032256998516,-0.912483560713494,-1.7629960339873003,1.3113080895296678,-0.023216299068554692,1.2447170819874924,0.43383435631191114,1.0142976869525422,0.12879369364465662,-0.8000171489376536,-1.6773453890416434,-0.8095806946573209,0.39463704188545456,0.34280521986783563,-0.719166340029096,-0.15539485251499804,-1.1093135685833917,-0.40533761314495964,0.15087863436152418,0.771900882812297,0.13757902045272477,-0.9637434251003434,-1.9465330306181778,-0.6127928412015319,-0.9802260707704407,0.46926797368929435,5.0
-1.630939438992814,-0.11787384662343214,-2.7969686627515675,-3.2857049252788517,-5.659870307430623,-0.9117026443622607,1.2006802787496045,3.178363212748647,0.545968341189446,0.8516682085206088,0.03799356551919924,1.489630530381382,0.5125856787912854,1.4554866971465825,1.286761654392286,0.18877838828941948,-0.23093469888377866,-2.3147393857560536,0.9400448458916943,-2.313517677459005,-0.232592304919808,0.49775429209422184,-2.2874345821362767,-1.3014789632036108,-1.0784792156232308,0.7401093610888354,0.10543127509249257,2.9349729095020116,-2.385232309053659,-1.3540040051064528,0.9104561825168351,-0.49960102638630377,0.3514061271294879,0.5480306317463581,1.345022589142193,0.7321388812504261,-0.7880618531155934,-0.5404866049605106,-0.3642106980595582,0.022489074044970418,0.7555911758046102,0.3127050975044367,0.7769069850016658,-1.0498968794395138,0.7599819769983022,-0.3597707699188914,-0.39571077005848593,1.4137885729528394,0.3868294036345015,-1.6892843943189286,-0.8216555939779181,-0.10149920195057778,0.24099658777725078,0.4532627676776559,-2.096566796208195,-0.999566126593141,0.8532540926339929,1.2294339261883427,-0.16408637582179428,2.0
4.534262665149357,-4.937585091549138,-4.639128115552632,-0.9079564567158255,-2.5535171704244957,-1.304073698250251,-1.8131395712054978,0.040045711099376755,1.088779088971447,-0.5512411472198926,0.18650648137156187,0.6839759354484704,-2.275577290096922,-0.011035964806526157,-0.7402817985204873,0.23378425463189723,-1.5386093851853722,-0.4362764227161626,-0.8583699237370527,0.34589864616506444,-1.8531149038602182,-1.4629796675127675,0.5362602253187879,-0.17237310542608866,-0.7582339399853806,0.39201993908196375,-0.470328570322908,0.6581561272248827,-0.272490977478425,-0.5583582449255403,-0.4979125657030083,-0.1660229590181252,-0.08878509594219078,0.009647816400146905,0.9585624862598657,-0.3537866692515958,-0.5837689794604523,0.4413356467407156,-0.09530467547388971,0.1516819095994648,0.9236119928399481,-0.06951427851857822,0.19702630490882875,-0.1602882606515951,-0.6569810933426189,0.41545366604304157,-0.6573634056472453,0.1253082165440947,0.11904630435616337,0.09418746868234647,-0.7624883416402263,0.749758295201021,0.17808991510614275,-0.3910267593241144,-0.2810082348134989,0.5226869582230111,-0.36316615590944623,0.24946893361305864,0.4283162059871831,1.0
-4.21643779465857,0.18702008743681955,-2.6189066149250517,-3.042046773456944,-1.2348265040619526,0.682683465704595,2.0097051256930816,-2.4339162143812603,3.2712206732655345,0.8830077313631987,4.2350363104149125,0.35783972489123866,0.19919111917317853,0.49781193655757117,0.47400099001117724,-1.8839439924657375,0.06717907550123768,-1.4157847686959426,0.22813226043501977,1.7764128405915858,1.36048010322648,-0.4040648499139585,0.638315184455226,0.2576261342131331,-1.8349891018219777,0.7043663130164841,-0.21152952447733633,0.44860847884751437,-2.557314141015364,1.0101894557617503,0.3389814009618602,0.23449053919097299,0.4140276849146837,-0.24545112724148146,-0.8995902089166067,-0.972126176878647,-0.033771470901456824,-0.2656246079664977,0.9846131258593315,-0.09422580525529353,0.75967242587894,-0.9552361908567333,-0.13777430646227914,0.9914710493087782,-0.33198298110033214,0.7295518237342069,0.06163011892129907,-1.128876552241169,-0.09302627552762371,0.23097209960925355,-0.054916316697485465,-1.0063695893928137,0.816879419944182,0.5837792098849467,-0.2355907701560871,-0.6661471516691165,-0.15723545819382873,-0.6049264699814441,-0.10489693361315366,2.0
1.5416576090858198,1.016223343465246,-3.7306919056561756,0.7895757133438087,5.139441989779897,0.2678903904616774,-0.9865784570233225,-1.7644609892651646,2.310117240237928,1.405796722033441,-0.7867297818964923,-0.4333761739404333,-0.5020065907518054,0.83449935819915,1.0955927834301336,-1.8684272316478914,1.2225915009588249,-0.23567735924691094,-0.722248848519384,-1.4175805292839012,-0.8532855001659997,0.9432765340988473,-0.15834963111203954,0.6677730294670804,-1.3773685459975207,0.6600591338196461,-2.7431561945206764,1.3723713507054642,0.8421800803606281,1.2570321015983585,-0.18278199846080886,-0.11409557356136187,2.2072884174299063,-0.8084236891583031,0.13754945427604065,-1.5287073607634447,-1.2118985573744148,-0.8206709660917766,-0.3620170101265097,0.5344290885991388,0.20053257277965936,-0.26601905885122734,0.3128573573674049,0.025704337575736202,0.5853804694203508,0.6120986239764153,-0.5894969813438186,0.036452223357157455,0.42511311465636253,0.3621924591734077,0.14391263750120364,0.5268198012594948,-0.23839113023445987,0.1984756180208691,-0.6545418458267998,-0.2443332490377665,0.22010194643696274,-0.27353372993516584,0.3100915883196754,2.0
2.5194988162343446,-2.4024792317919923,-3.7337181623150997,-1.4278150859894048,-1.9948101691101396,-0.1358774000430005,-3.455308161862321,-0.6870623790771561,3.525449450352922,-0.8465641184992295,-0.9771647968189124,-0.3911568095325219,-2.6595382179247653,-2.501822346935719,-1.1914404101068894,0.7334228184266767,-1.4974321758955682,0.7126011982833873,-0.9667021153865869,2.487868633427815,-1.4594274613358327,-2.1690824236285438,1.139035130225909,-0.38121093613858575,-0.49233792041421204,-0.17040302413789718,-0.4074067427602981,1.8915100031209735,-0.4252535259747113,-1.1206072882510139,0.6600984379692832,-0.49562229152217047,-0.34899286588433254,-0.2678664863129637,0.2832527167357825,0.27982742796446536,-0.670469006773102,0.121735737379262,0.34826522433241797,0.42386684540650277,0.901518204142774,0.11543921303082129,0.10459377194096901,0.009497335802052276,-1.3641743382739508,0.2515926454111222,-0.6099946844382222,-0.03591742610437331,4.210118266333725e-05,0.7779910922400972,0.05094324666189861,0.19267335312042788,-0.6423800864938232,0.6023158650197323,-0.7125940549973954,0.5333852393430013,-0.5007672174892509,1.1054737924180262,0.07607524030327044,0.0
3.9187837342140295,6.751847982761881,0.6624863895660933,-2.3026384644287132,2.467678114289333,0.36354320942601553,-1.800351220213171,-1.3901305903513506,-0.06854112449589723,-0.6473254675143937,-1.2623285482721145,0.8059748638967975,-0.9836582123159762,-1.810760824684823,-1.1549315017924324,0.535451697206249,0.1367098933905938,-1.0454765272769415,1.9295626237090686,1.5403220341833073,2.1807906389683187,0.5464267246318607,2.6002788128448935,2.262652247453421,-1.4016984853589916,-2.1735963982957536,-0.37617072171628496,-0.40171725877008196,-0.9211070238941543,0.8953727253272542,0.754465431988176,1.3318923519851837,0.784821571982114,0.874883176272906,-1.1665455968011345,-1.5839617494234643,-0.5392410425353363,-1.7684200561114443,-0.5915400992605808,0.9521654188669049,-1.2906327666946331,-0.5542200737384946,7.155444415729166e-05,0.8124624082929979,0.5907279298310989,-0.08647541621106226,-0.04429451047754243,-0.9080361001978927,-0.6266387816476139,-0.9230131872243884,0.7053035166275485,-0.49366418066486495,0.7408480428375837,-0.13500829304523843,-0.3605440316450713,0.7408670097553663,-1.127224198899752,0.43722234383231917,-0.2306519381328116,1.0
2.7755055194565466,1.0803684163593656,4.162696658924144,-3.468008307005538,4.134197811105213,-1.5488894008121874,-0.6682680366493048,4.052770863892494,-1.2415827151225294,0.12618300530610885,-1.3101299579052,0.967736010305958,-1.3433028445600956,-2.447613165231231,-4.250710940317886,-1.1249910258453453,-0.04978184229625998,-2.6309050721107488,-0.6032659777596157,-0.0068567088466672975,-1.1196805381990127,-0.6045651823412749,3.120448845705444,0.9540469215383446,-0.561793418538781,-1.2066086027622758,-0.5925199770120446,-0.23967940361218704,1.0479850866642078,1.2001516384927133,-0.037378240288965275,1.5922574683125599,0.1072997020608352,-2.525852122245365,-0.6250863800746508,0.41075093916824146,-0.006242097925070346,-0.7919015546127997,0.6407952562041156,0.34027865237726085,-0.4936299788508088,-0.10619745491791865,-0.10208101326036402,-1.5614301232758594,-0.36359764636201064,0.7846357384890529,-0.2237460626335996,-0.33605081751637605,-0.02227126964042479,-1.8967070702947448,0.08024254864588484,-0.48409516406339154,1.7889973810363025,1.0407114830580424,1.9591432259986061,0.3095626640367425,1.3680532716166385,1.1816979922392805,-0.3019785584133495,5.0
5.732563627529997,2.9873231300102074,1.4491091633212159,1.7702470396383285,-2.0144799498378627,2.2796810862678196,-0.8581845826024306,-0.4054577782465542,1.0559425305477232,-3.212036448834131,-1.1020090574211785,0.21116050706031178,1.301600759292229,3.3543745452065963,1.2345823292108544,0.09787856960432342,0.6242224047467656,0.46039867958984365,0.916732240455754,0.5088750645612503,1.900552054315622,0.8044838854676791,0.12656527413668367,1.3974071448833483,-0.43759181513019835,-0.36951162710138596,-0.6633629866927261,-0.5681165615025692,0.1009262123769573,0.02940018786142826,1.9676534068850418,0.46857629322918354,0.24909138967597916,-2.1752603730752287,0.9448456846740103,-2.5621849825571874,-0.13723082240448675,-0.5265637545436768,-0.32334023407845,-1.6763095945400257,0.3303302279901671,0.2929435594528821,-0.28389619339083283,1.027822337923405,-0.6866339971210498,-1.1342912731495742,-0.8677509466802125,-0.8623295306682993,0.2909059486643252,0.45426027827332127,0.028838984442574888,0.31278532669422165,0.07623603655193607,-0.9794471715819263,0.5181869348114847,-0.08707111197434313,-0.6801716188164008,0.21930697601031857,-0.11493669917148905,2.0
6.415572959326152,2.1618950526866008,-4.2237660278074465,0.7419441323641696,0.728409737711664,-1.5434234211737383,0.37943102750937935,-1.837539533593197,0.49616898442161533,-0.053911373777723245,1.0140177522147913,-1.060192347402551,2.12550605903414,0.29086497534864253,0.704958520449937,1.0098089119636293,-0.38270392274794246,-0.7862889090742071,0.3253603739339332,0.27563500721207407,-0.8939456306460255,1.3341351096910585,-1.7410112410557559,0.0895478970762727,0.8432080529906799,-0.42569907060713974,1.1542967428820388,-0.3148385318429895,0.6098777990545402,0.049418049783558356,-0.015618728076299859,0.49717294085564195,-0.2658086204941088,0.0062197568401078365,-0.24535857489180832,0.5753900781762477,0.6232537975197199,0.3939899057538466,-0.5759355495004156,0.22020482815507028,-0.9353254099984033,-0.37791949082145626,0.492720536375515,-0.06561330265945134,0.45180725408078126,-0.7938391751103564,-0.0945140647378591,-0.5057973335355718,-0.10839608427160487,-0.09486979539759308,0.3871349859469636,0.4568751314632462,0.12431145806359507,-0.557783364647678,0.6038597779324797,0.14214835608850865,-0.9866099225028493,0.3707589921781623,0.0971876472485029,1.0
-0.41866601518661956,6.931447173492647,3.2377388351585106,4.910558758551195,-4.308409333993796,-2.7710227155971507,-0.6028594646593641,4.061647653314646,1.9375641384009186,0.14949102204432838,-4.909149312769269,-2.176103110600172,-0.5849054260580864,-2.5430268362573467,3.6723572778751277,3.1889048709574532,2.131042032957371,-2.0002644819443867,2.304931248477127,0.5367323454672535,-0.6290513671385134,1.3028329016158926,1.6060139242106009,-0.7359761173406874,-1.4132078247110755,0.8411602815414975,-1.1235970525130508,1.0942074074151522,0.021185941419383913,0.15014143689699863,-0.014534212209233068,0.1876306326873853,-2.3278100007891496,0.21531189458734168,0.8687785109820487,0.25367469323643577,0.3853506610456261,-0.944876201293787,1.8495646169094182,-0.10436819843202276,0.024640067306090627,-0.029634123711365243,0.11943504821205841,-0.006096038715587848,0.382009779453719,-1.0496109203444604,-0.2660844586804659,0.005726980262775633,-0.7450897785502328,0.07097196282290377,-0.40274913685431807,0.015138356842383956,-1.12165832294802,0.9651761208709511,0.5962599169143488,0.6586239955500478,-1.0998137930515983,-0.8973483536057636,0.007507743383417718,5.0
5.752102317861312,-6.192083388792635,-2.7394749061920924,-0.6051675996479499,-2.4012300155678674,-0.9570968420625733,0.22699876713826728,0.09081324213685701,0.4976058352296667,-0.5819568748443877,-0.6300373986907036,0.21717956612266648,-1.994442277035115,0.07835717177950746,1.4841455311133578,-0.9346068551556119,-1.7070986727811974,-0.4985407833913657,-1.261387081822208,0.9346659210640615,1.1622354931881438,0.38119995063716644,1.4817111818913327,-0.033878806726051834,0.010901337290250177,-0.574537647691174,0.1464033027832428,-0.35682739898813326,-0.1264831283149531,-0.7803759171160819,-0.9593041704271804,-0.3666533493738145,0.2992366336128181,1.070381796580999,0.4783177456191519,1.1244476997736317,-0.8389986015795475,-0.7095930870012437,0.20176709640717272,-0.14826206944292608,0.6369009098749191,0.5090727791915659,0.12779033019200492,0.369203854272392,-0.02212834074872696,0.33543412774244885,-0.3179212390689747,-0.08319130905169402,-0.7722233336351105,-0.02806912564787888,-0.4631610199794511,0.19131506711904409,-0.153462201423511,-0.5763439744540195,0.37765368053405113,-0.20886862768906206,0.0680801028211622,-0.14463837897897186,0.05964511216928063,0.0
3.8027676837686695,-7.2262790332719735,2.563272051646238,1.5852384803341946,-2.3176037077161515,0.5916850877547085,-1.482395332296444,3.7796057489713504,-1.760274792239274,1.9892306226047425,1.6338920445309764,-1.8533888910172456,0.2393574472923976,-0.032481134134363786,0.614381100871639,0.6011065539961998,0.9963173875950082,-0.09497921580623583,0.23880773359600901,-0.04546340201675706,1.5042374037983204,1.5905784697016614,1.2247406827218221,0.15856172567487525,1.1403687673134006,-0.3248557063572888,-1.906183036164031,1.3214272210493347,-0.10593347168266619,-1.2249625879860397,-0.39075357243618325,1.985312104785447,-0.007671159744700543,-0.5105186759367841,1.1514709248798514,1.222296697209399,-0.13194780327559055,0.868236306560303,-0.43098274803672165,2.66873531555088,0.5551180147249096,0.3684602930916608,-1.2256071190977138,-0.9882532510862541,1.075679264788805,0.4753582767239622,0.2696795210430629,0.5116574453448169,-0.9224458244858683,-0.282976331670485,-0.17456632015535206,-0.31377466972652446,-0.5769623241416902,-0.7116632205888904,-0.07128302029325513,-0.29188746710705654,0.8212354314878301,-0.013397448281011979,0.11061012598407453,5.0
-0.781810445731091,-2.5863110014332684,-2.3856254719785364,0.7224585110764054,0.8188004465203157,-1.232570514222629,4.397960400067934,-1.1102573472589399,2.5584727107245655,-0.17323923652209566,-0.05039121185105861,0.5642381544293354,-2.4276571584833118,-0.09267449353362583,0.30670755277161615,-1.6203070664274746,-0.3076952094770898,0.18062781464769745,-1.750192963623862,-0.30490886803853234,-0.08840193472571181,2.5384506929153807,0.21244122986550298,-1.8714400114816345,-0.14073650041139715,-0.5155559978665971,-0.40028302315913006,0.1913914601830855,-0.43210978998411376,-1.0192228228246247,-0.7564680635878056,-1.0349057692274766,-0.3545362670799681,-0.5662860924606644,-0.6311324519168713,-0.2462874010229596,-0.5222883067815961,-0.29546289416741073,0.7163644419753928,0.44639451029297195,-0.41614676526200023,0.14270628185575746,0.01889277006516315,-0.27955865450127715,-0.43488178393929044,-0.664913426785811,0.4075851922496212,-0.45204156647639665,-0.459509267908871,-0.7696869087172232,0.802293322506114,0.2455518007310954,0.499014892441888,0.48989690144531717,-0.705442160982554,0.17329275638078684,-1.1187951380375936,-0.19789837786096767,-0.028351970985222057,2.0
2.054494418185484,2.9141935686465907,-2.766848240873096,-0.12192813473494048,3.9303328629756527,-0.10243118622105248,0.2221449077166958,-1.1425570130776994,2.375685366684882,0.06661219929870973,0.12413777619405028,-1.7027845142316052,1.6442469863645413,0.7307198161876465,1.3498158921373247,0.5079861394698935,1.3383875130880494,-0.38877705178694044,1.2711723558225583,0.5051447990274417,0.8174767839676531,0.8560151759715613,-2.153147064967076,0.6816528545543254,0.16695708211851787,-0.9109685288559202,0.6581441389243101,-0.8391259385719412,0.39006213417082763,1.0665601146914705,-0.1253787248390152,-0.06487598429015579,-0.5589389641369039,-1.209239912532029,0.6573013876346102,-0.5515438397029366,0.7940525879459789,1.098057269211961,-0.7048510720624879,0.4023894101142219,-0.65430493265611,-0.11369786727740633,-0.2227624303958695,-1.1518217127019852,0.29773408119997974,0.12766761226991494,-0.6526239258898338,-0.39514317657053166,0.4462167544887808,1.1369643469941526,1.2046379732389,0.16852801632587153,-0.32508833257508085,-0.6575140324281897,-0.8091521671521876,-0.34466517601065705,0.4642189235895114,0.08767441927857361,0.6658175074063263,1.0
-0.7581167782675254,-2.831803540139813,3.279980543742045,-2.7077162936135735,1.3968237660519562,1.9844317250286314,-2.836620259123055,-0.007603335320372103,-0.8447360382261172,-1.519357524104013,-1.531451221593002,0.3816067682912237,-0.3690505737234156,0.3959628334740186,0.9383280493983456,0.3398391721987484,0.7636931804286193,-2.100908235096058,-1.3722823775368427,2.2073676147381764,0.04270595010057209,-0.5888197209810985,0.4389036716025439,1.5927035666402771,0.8201579677913301,0.25700575431995126,0.25943967242243626,0.7168147111935813,-1.7603110906214363,-0.21187487713403663,-1.818338911576786,1.3033191267420754,0.19566668486953245,-0.8788172517642698,-1.3128905518917082,1.8932735484487173,-0.5601135754466756,-0.9482307230719533,-0.9286579946580336,-0.3344713776985016,0.46956953437717064,0.6714810757226833,0.1445377576523463,-1.0876967868550158,-0.7550244852612455,1.0933823566950671,0.04671643227757945,-0.05536999952332704,0.5464941178032863,-0.9927122005951485,1.5101878121537973,0.4475770233693638,-0.04378050511659094,-0.07007855527601752,-0.11574159208594298,0.3655071802857202,0.39268915274064375,-0.7065956361206612,0.988977200774983,5.0
3.991808232141254,8.806798984217378,-5.361403367418683,0.03799497491473712,1.417343254953866,-1.6568974164212908,1.2779371089967768,-1.381970844825296,-0.3304686060659367,0.08170552266579308,0.9023481252677263,0.31475307184852186,0.8940760338454455,-1.101229116412369,1.5308009287486002,0.3488950962279539,-0.923624290131747,1.6474573226884677,0.7555011771834594,1.7714121602704065,-0.8719073353138856,0.36067880903849897,1.150326659619693,-2.29408492537804,0.1786642767070128,0.09486304103069632,-1.2643655119231705,-0.8680435681330166,-0.9967072430037552,2.5953536149954193,-0.6037135430602952,0.009963170683225138,1.7891052487606414,0.673360098930124,-0.984164889350628,-0.09537286247798357,0.5547934075163792,-1.057746526906974,-0.802048072428724,0.9390034916679486,0.8449963014527819,-2.933572563076446,-1.101376553022949,-0.594012865645412,-1.133597610773855,-0.9276051304481602,1.6208719434741001,-0.3741716332882664,-0.14132409088185768,0.8929205963224509,0.25793053849529,0.3218357271972326,-0.6673593841998754,-0.736466270211235,-0.5361336531131896,-0.17828319635901402,0.06448728803054621,0.5505538626449963,-0.47885234846717517,2.0
-9.751920103271313,1.490000185177962,-0.6362126699635837,1.5453022433186636,1.0954284143731514,2.6034117811310855,0.04884898111521808,-0.011284747826016543,-1.0753727313272863,-1.867016573664337,0.7865978500382357,-2.335019541685782,-0.3774442861835209,-1.036862276829145,1.0530401867900214,0.8591788146453766,0.34733548530991654,-1.3275905036398479,-1.5372019603856688,1.2729750686737744,-1.6647887116830473,-0.5403166473416765,-1.6457987180404479,-0.24204459037170398,0.3197082104151478,0.9830842039464402,-0.6550146617642058,0.13620955434657023,0.5856180334291242,-1.4557040359281572,1.9666598834159938,-0.49849525684311097,0.5789570218148364,0.8645308875187093,-0.7141826359819358,0.7978628589949678,0.44811341389350373,0.6751003985759026,-0.0938934932000174,0.8661931815667635,0.27783262549042215,-0.2530188880537749,0.29639570624671413,-0.32900154200801346,-0.322448147712421,0.13767604448075382,0.3011803214467079,0.8183169470221838,0.4002645356195488,-0.4634571214665863,-0.10180293968305439,-1.255623473673928,-1.041627363460972,-1.086549804968107,0.12709549581761712,0.6442242339875055,-0.5481484979586538,-0.5880771266242204,0.7234799162155731,5.0
-2.9331439505670365,6.297071051038912,-1.2730617056970555,-0.10803016341392603,5.372310703121636,2.561566697586782,0.5768226824251943,4.987259931034491,-2.277214946850983,-1.6056277611600158,0.0410923135804634,-0.5490113793718083,-5.5773765620594045,-1.8188595639204985,-1.6014300194626139,-0.8669724500328599,0.696202869003616,-2.901612784670255,-0.6413954188436959,-0.33932050239581835,-0.3897553117587751,-0.7005255074977147,1.6400780455597477,-0.2609597091236144,-0.5134915663992087,-1.5331836226773417,-0.32278993209098283,-0.27667409277324057,-0.6678651373694457,-0.5942800922572045,1.638521366578637,1.0612753465005078,0.8391813276291396,-0.6951766936273307,0.6777178929599437,-0.24865937219745066,0.05037567611990266,0.07210094715988931,0.36975886747283915,0.30866076441534573,-0.07049191982895034,1.5663999119066816,-0.5622358875786124,-1.0805706269449524,-0.6306700774150104,-0.8039399829646648,-1.1382045720270373,-0.5833538844790517,-0.21978438429516806,0.03964677293808057,0.23705626727935258,-0.7454607394564252,-0.9364474500312638,-1.4755851572146468,-0.012815092166509038,0.730529154103048,0.3910698848726384,-1.3240822672611658,0.6508570352237626,5.0
-5.563365661911375,0.7542769549434005,-2.22064558087165,-0.3034466672797319,-2.1334546903679286,1.4194035519605945,0.24515495132632442,-2.0803156599670527,0.9090608185930028,0.9705677707137267,-0.019719271890987888,-0.3271866480134335,1.752854975560017,0.49694506697804064,0.2698514000779808,-1.6388540289853197,0.7711290369947928,0.6158046442202721,-2.0903589428097313,1.3941737995789008,1.5520722927260353,-1.2959409542724372,-0.7280669518821296,-0.7502463238758553,0.20889375937674373,-2.065931506763844,-0.30776174573211623,0.021590346607408318,0.9183576783530014,0.8534526685536985,-0.20393970712006834,0.4337437272303624,-0.453111264695012,-0.9902398453630997,0.43918484051378676,-0.61882612726182,-1.5503227484049777,1.6109936348622593,-1.1170639086499008,0.9684164886912928,-0.059517362343413,1.1489399683019068,0.7418974174256573,-0.27151924844359926,2.1808887175804488,0.18928702859521904,-0.6790390830938474,-0.9258370700697103,-0.48290772579875796,0.6252676146854602,0.31401832470826374,0.7826349529055244,0.23659920603021564,-0.5767258446936891,0.32145587028725486,-0.2644256168522114,-0.7335684567016924,-0.5944334214376991,-0.4677483320685616,1.0
-5.198642643982619,-0.9275790002931131,1.527346268322234,1.820994281334757,5.849177917793055,0.4272778240468067,-2.0070863389196303,-0.78442394072357,-3.434610922240391,-0.07924986466542576,-3.963861868209415,1.2277104204552114,0.9522511569470192,-2.354222759898154,-1.5738095872378979,0.7394432957208661,0.428900919717255,-0.27556782159058246,0.4857149770481502,0.16518294923846555,1.1665086463891894,-2.7303139347813072,-0.7699928626546887,-0.034887414243616556,-1.1658152979565901,0.37884339475178047,-0.49466158327487386,1.3191563693271662,-0.11021752891979335,0.5116457701707675,0.15500118262142,0.13448910168918699,1.6741436564424936,1.2374674516175554,-1.0122185586820063,1.008938421037977,-2.2361027087638523,1.695651869589108,1.3049923421415834,1.369953594306109,-0.07057542120035919,-0.04125958033349585,-0.23495501612206945,-0.2903935829494834,0.3121439907134693,-0.48427617024705993,0.8565613878296956,0.09994650279210929,-0.31314647348028457,-1.2995922517256384,-0.19077468033242656,1.1270307596587539,-0.1356407826990558,-0.3556503570642808,0.3820194441516388,0.616010885011859,-0.2781560990698587,0.48296476638122926,-0.21907569671212193,5.0
-0.019667828235259564,-3.4638521172045027,1.1302031361848,-1.9062020471206933,-1.4475982947118344,1.9487563250122666,2.082125586864189,0.9461201370824665,2.4482272615299014,-1.221204518639712,3.6054614120314414,1.6890195538812607,-1.868329454686008,-0.9072039663073521,-0.8054313976222741,0.4476106015649848,2.6282078819555483,-1.5023313572344852,-0.8055001498684651,0.809164777845985,0.5105734655203659,-0.8808330575528952,-1.0611270712143794,-1.1987667607915111,0.35619082355575676,-0.34778153403846773,0.9334060113543041,1.4593645515055518,-0.013261986998698558,-0.196077978145616,0.41199032984049694,0.1889176434686591,-0.1278864206148606,-0.7718445081780378,0.041567932540350294,0.07354621685544104,0.7708727465672784,-0.22626714072866574,-0.04674085727247945,0.5856109552553532,0.3667759461412067,-0.5886631434606128,0.05184407623453495,0.09464325701718532,-0.4402795023389375,-0.5537387337453239,0.09307574432013337,-0.10409590440254975,0.9318669076895223,1.1265070366318282,0.4852250597708531,-0.15157380787732366,1.673051219416726,0.3022303435053458,-0.07591547326241731,-0.8974386873981732,0.6456305397483754,0.9699045369409892,0.364249596885925,3.0
-1.3480450247420939,-2.5970833486858798,3.4695414271358853,-2.0786972887197783,6.324897310110517,0.38035519318763483,0.7878479422592982,2.022414048959299,-1.8412919606371476,0.042437651001393385,-4.557074632738276,1.4540804217404857,2.323574828400328,-1.9275104394810834,3.0051215728563796,0.19330222955382004,0.7821249811364263,3.5423196042770293,-1.121583717911385,0.11125678652310295,-0.3737516656403908,1.9296591332102648,-1.1279688489317228,2.197685479855834,2.077876513822916,-0.6563424891843183,-2.3960691428463776,-0.28093270876500465,-2.3289043065863884,3.809077206596588,1.6673989528425612,-0.4319149371936441,0.5980414560871402,-0.043847791751916734,0.4077051505294683,-1.822964141412262,-0.44605353508609424,1.5169914297068503,0.2190596461419425,-0.8703517219526652,0.4086300629024577,-0.7974467776899556,2.2276313416889537,-0.23026025106092257,0.43878920377415714,0.25935927175637175,-0.2110148992538063,-0.8848330122967994,0.6957597749849577,-1.0510705806209193,-0.4999260641065863,1.1022937078448753,-0.17056148547048358,-0.9735430888520891,-0.9342970177886838,0.38917030575571904,0.03190028777092524,-1.386940268557273,0.2632972993362844,3.0
-1.401214734691354,4.170285946421792,-1.6655356467680316,1.629825215219747,1.7296382095518728,3.3034393484761226,1.673231064811428,1.649280635393286,-1.7584056630659628,-1.7254360749476094,-2.7855547338347866,-1.6101114164273116,-1.1080682977709504,-0.22332446088867217,-1.23097462666591,2.3470660617255126,0.023009088032048028,-2.9372120393081396,-1.0462160130043814,-0.018540082917820756,-0.5465454523579256,-0.38212715115169393,0.5211386519633827,1.1431992476712785,-1.1441861821395747,0.230655277464647,0.450601949259471,-0.6854598551807132,-0.23808015109695385,-0.35979286375240777,-1.8600108543521836,0.3429380093478883,0.14805444044859084,0.508832326546891,-0.2451870793121321,-1.3221317524521528,-0.675621541796355,1.8882757407732007,1.7690974015873822,-0.5985428795001307,0.8902436324734119,1.444496772408597,0.3104384034986946,1.6091558249087872,0.7948019659422424,0.5444239101230064,-0.13353260197882028,-0.8108907382314348,0.540844992862848,0.6838407225937474,-1.6002407218953967,0.6040075577405606,0.1973719783326511,-0.2738949108465885,0.352230550974983,-1.582974176344901,0.9391192401383793,-1.271429852448463,-0.06554726446812262,4.0
2.0664893452352926,4.404812204208037,-1.0647158887023007,-2.565391682739547,0.2020622708658973,1.0109736501778646,1.8411439719580793,-2.061177932508918,-1.1848091070610267,1.3797480452859368,-1.0064767614007841,4.168371522313256,-0.8350945743980467,-1.8754809756144666,0.1773337916776524,0.2870920588813726,2.2443768257219947,1.1540062299275509,-0.5156199805141027,-0.3912157421256868,-0.7457469527631293,0.6938865410437302,-1.8609669594530704,0.8949630159318833,-0.6778609067603607,1.925202943975849,0.9459782580255703,-0.214952724579363,0.9179398415833958,-0.14894574346135742,-1.127945710658375,-0.10455430315325544,-0.8070991927140932,-0.4417294557129587,-0.6273836210052273,0.4977880053435798,-0.33710113652712104,-0.2088490545289091,-0.6527863807207904,0.5065004087814456,0.8428609508388524,0.8814044833682427,-0.14990446363190596,-0.22251042524987696,-0.10288992955416343,0.5861189857222777,-1.5724021041625535,0.6175264707017789,0.9034530104136826,-0.011144286222866586,0.08150044245544433,-1.1966618880972704,-0.9584733889463172,1.140875180264145,0.04940780048830771,-0.30629251772892263,0.41073784170197775,-0.6535893665922233,-0.8768390591705282,3.0
4.528838631609122,6.041025723676292,-1.9464657875798776,-4.02353721587006,0.7955020062253865,0.22863621165963527,-0.416889076006686,-0.8334727714611985,-1.5292327239355812,0.8563246952828608,1.4102575140179399,0.21885744505430066,3.3431778043959905,-2.404258347267531,-0.688274177164273,1.1850287502508197,-0.40106519834933274,-0.1747680410081762,0.05309188981117304,2.3049257527999023,-1.3877427532928184,2.627405618738283,-1.908476350298391,-0.8947658912699504,-0.17765250198909652,-2.3029034761089098,1.0658636940801882,0.5527316953146673,0.43536406473382666,2.0893901689658163,1.7253228571205368,1.0436163969952688,-0.20708089245436626,1.0316721687231096,0.7287321727577819,0.08173127460013008,1.3063174092774912,-0.7858902392638104,0.21391341578304401,-0.40052034298956296,-1.1667590516220112,-0.6650908466853717,0.08072026603405531,0.16027593707401697,0.822400447550308,-0.0545153988585618,0.5500778176376444,-0.6848302188072828,-0.5350202506647853,-0.13318554932711768,1.020154793688493,0.8119388031629068,-0.27459718668531985,0.783191965029607,-0.3152641509875352,0.09984523077821146,0.15089868289981606,1.3546627257282247,-0.24823095461391026,1.0
-7.763701354952854,-2.832265386099602,-0.6849589935768807,-0.6175429472439934,-1.481482449420622,-2.4008948407378585,2.0214121366231,-2.7203176431512754,2.8325894907113427,1.56132683558261,-2.199115146430127,-0.8082757300423978,-1.8317561906583286,-0.18606984139300703,-1.0815708550817824,-0.8829939072362839,-0.9547065770619404,-1.948997382023919,1.6062638116206198,0.6005158067111478,0.47419550876843153,-1.042417753387077,0.5629122087554411,0.8006635458880274,2.930464936479843,0.16470501007962907,-1.0491619020439609,1.5170928085421376,0.4644586098527892,0.10148837529730988,0.5012800411190657,0.8639234673980758,-0.07391073958329615,-0.06562918630757865,-0.011422587853575942,1.1472894992539917,1.0418460986029552,0.9410944441165482,0.8094914521038967,0.8732212425575318,1.1976403204062973,-0.8942445596582324,0.2826046693356563,1.1440206392966978,-0.06506587475457896,-0.3790876087399869,0.23582731385003908,-0.10079887669109969,0.5110559069562044,1.0131653327065413,0.015459881415998798,-0.029845990982961406,-1.445943763581813,-1.047608720614356,-0.5130997617779867,-0.807970284002367,0.42480819571980716,0.1604064659164299,-0.021245642398358182,5.0
-2.223449878733796,-4.05567419484447,-1.4387342241446168,-0.5583035854327606,-1.6307988163098055,1.0564179572016854,-0.22215021147869266,-1.510231349750572,-0.8784420905486813,0.5465198290379185,1.3337166405370076,1.3511529972113796,-1.5443837932924034,0.7595075742613953,0.6611677830637789,-0.03347484529582895,-0.5693016272924921,0.5615813997365946,-1.918560151590678,1.3554214586460367,0.1055561931153526,-0.8675389096041145,0.5885026689880141,0.6058394112036709,0.22890328083625483,-0.5546467520278301,0.23230481198622738,-2.1718265937710712,-0.9663009720578705,1.6710971908303074,0.6118806503933409,-0.39956607068947514,-0.3650326271358029,-0.5046210013387167,0.4663465624480931,1.8340192224207386,0.4379945107219032,-0.8148234342505742,-0.3950476254988069,-0.4940942281924021,0.5679842136160245,-0.6338058969291392,0.11290326280731575,-0.5823809883662321,-1.2679512950648515,0.6374062702720058,0.9415065573757321,-0.862929213531601,-0.8024438366336365,0.49600705383624566,0.9346422178937106,-0.9596871808215789,0.6745202282314604,0.24196071473531827,0.0985756119863853,1.1144847736772598,-0.5494962710611732,-0.5151842572927904,0.31413318823724157,3.0
-5.381525200759218,0.777429031966167,-1.4076962654394747,5.309547450509552,-1.286982419111306,-0.5347024167266813,1.0304994572467432,3.8758602379026157,0.3636257567826706,-2.5149132652050765,-3.2450281016474567,1.2515873540094666,-1.9993172530766092,4.554043673427966,-2.206511952344905,-1.7603304140416869,0.6874709279344914,-1.6202798866025365,-0.5121342252439182,-0.85926045468303,-2.0358979702773157,1.1486444382035983,-0.12390750759989633,1.6121587964516635,-0.3661512136516067,-1.2116656456002495,0.12856586063821948,1.9386779597277515,0.6886267191572384,1.5811187640391364,0.5686500064463855,0.09070912282509658,-0.1348461925066709,-0.21721701330949733,-0.5738981228393983,-0.1775261201328288,-0.36512172008736143,0.42314001933541173,-1.098684717784157,-0.474110741772418,-0.43967800067876867,-0.7927620265770513,-0.35168904892013864,0.2153060548715086,0.9427191301532211,-1.5313771349501988,-0.28141685197221106,-0.2290388750972985,0.12358967165382612,-0.34073026353349256,0.0775597255603077,-0.5840550836531396,0.010593010452304062,-0.671470001145197,0.3633244868468691,-0.36146259465808916,-1.5445110897661387,0.6098363783440247,-0.11186628224753925,5.0
-4.2799443006500075,1.0736184038557584,-0.8863476126839653,-3.2029668203481947,-1.4150432371616029,0.5845320230217921,0.7363254595197465,-0.13730037316126875,1.8787497550868328,0.5560462161161378,1.2140228894304028,1.563483087433071,2.028351539926523,-0.16464241542470068,-0.7404417293466278,-3.217563618098776,0.4116978257495178,-1.8160218977570008,0.4703781697685984,-2.0197736846696053,0.9765987118680487,-2.165899964160111,0.2417237027387572,-1.4910744655008683,0.22254623759856543,-0.3815530052861491,-1.85670959620749,-0.22947310308813682,0.10587248431516985,-0.5846772856400159,-0.08959649372827058,1.8007220310696868,-0.38978448699943746,1.8933966251507584,0.11091936301967385,1.395951039413182,0.062489423767860645,1.2416076921643304,-0.10412591981689552,0.7857245879059285,-0.008979401428708032,1.498735925661713,1.6109366955843063,-0.9049984344591795,1.8302338526674553,-0.3708878510461379,0.6282075200697439,-0.04054204832591261,1.257021551580647,0.7594657582530797,0.8747895065531439,0.06472532264510025,-0.025745675340751367,0.08743140652040857,0.07288272099632995,-0.8146208618881527,-0.20929981365379746,-1.2731531155919233,-0.19973636905405157,2.0
3.4220385683911476,5.7576999824912365,-4.233898261104053,0.8216431776403877,2.7175932795514717,0.02157953810073434,0.9502150024220805,0.21527704212315366,0.586038711348391,1.33203824722106,-0.9555413482088954,3.5934281263499948,-0.12947289165172693,1.2601593464326746,0.7129416059792775,0.5381698682431753,-0.3681504998616628,1.426674702408489,-0.7193499786531175,-1.2780278509345502,0.1867781762362141,-0.42331461482813154,0.04064873070466176,-0.5608090141718327,0.38082306158457,0.08752301570933083,0.8039652326096072,0.9258022858874055,-0.6372292499870053,0.23941679352910844,0.33655829700297557,0.03360637905675056,-0.3183689207815705,0.12195951714676533,-0.3482682692008822,-0.641905230639661,-0.5166072101584158,0.28599167000417564,-0.40729070790615224,-0.5762041282425151,0.24267462155734515,0.3624136720568898,-0.14364380630025256,-2.1140271172336216,0.8085409658923299,0.4393908207690549,1.0740618103845283,-0.6260390254853295,-0.5729973798839154,0.023051639306760918,-0.6836309097512359,-0.2965712119092388,-0.16056624411768147,-0.825783732267741,0.25989462173439287,-0.49085955682893073,-0.3810077877795284,0.029263057713706676,-0.1359731471021376,2.0
3.8876015992073136,-6.162252625081513,-0.4458121757797022,-4.047689685597145,-3.35482956164976,-1.2635901537946654,-2.542539056272027,2.2790182107921884,0.11015693264893343,-0.6234189660362978,-0.20479330422091713,-0.032903664132926405,-1.0965519651646476,4.112214531233228,-2.2482855280498915,0.22201066992865473,-0.8875233575816724,-0.629082910983163,-0.7721680409204655,-0.316224654230187,1.301315658857129,-0.7506243738976416,-0.07482024642814376,-0.9622038041017787,2.9293970822803557,-0.8111796616697521,0.6946007428705234,-1.376092038108575,1.909763079912489,-0.3381178535347383,-0.7181884004248625,-0.045671523070071364,0.6105902259157976,1.128418282282103,-1.0547992748415438,-0.28920218584066515,-0.979582193374913,0.08733501329208346,0.840738460237032,-0.5977043390599331,0.5011758110587115,-1.1520063128853426,0.5634614185405697,-0.10461464880710417,-0.3407740768205438,-0.8527150286915466,-0.27659934012059056,-0.2506103349786821,-0.3226633833145916,-0.03911082983411452,0.9521019950133441,-0.1298598508304348,-0.005683838209487195,0.466305392587741,-0.4125974369222425,0.1561577351719103,-0.29852207996828656,-0.1349460212680864,-0.06534015398769108,0.0
4.34472763516654,2.9029809764614827,1.358099660469122,1.9211702484271505,-1.7818497958822153,2.9494054284395417,0.4538809323171825,0.8140004468735819,-0.12655700707085532,1.4472675248708629,-1.5616048307204902,-1.2239603400552581,0.7297042945224026,0.2726517602667711,0.7767794205404845,2.6309696401401474,-1.9262794686402058,0.09809225701127312,-0.7712627045502528,-0.27248859984282753,-0.43663806590742577,-0.865645630893126,0.27122841856887625,2.344197954501594,-0.4896943832984808,0.30926832500399565,0.03738104650449421,-1.0529162931925553,0.05799699681592354,-0.47597440811680397,-0.17357589557760805,0.022162690029150438,-0.4105192709861332,-1.0976241305370507,0.22641547408227608,0.8027849563971995,0.989129579463797,-0.6846739339284778,-0.8150295478558159,-0.8819132811354674,1.2742615695837956,-0.1546265157833257,0.5350412804785192,0.9654876500024255,1.431618729451346,0.6206392466430687,0.6090313069262194,-0.08275585806798287,0.4320383579836593,-0.08037598041250439,0.04843697913524178,0.24628445975019175,-1.4175038864350222,-0.7673116576161275,0.2268701675517221,-0.04764163647920893,0.5132735714295862,0.7450983587834911,0.8381403456615013,2.0
-2.175033705971505,-4.925854578210312,1.6653805776594632,-2.482819133958609,1.4613098114791208,0.15058427072484612,1.8708875225502521,0.27231175965836185,-0.4835938610322745,0.3811218162335822,0.807655859309288,0.13384532227994259,2.801718999260119,1.1449167773358215,-1.7801819401857593,-2.6258987907922875,0.7104921031027098,-1.4351376277894452,1.2393782952963242,2.1073620790918706,-0.8417933620652791,-1.091380719168176,-0.16178212177771017,1.6452372551432919,2.001702958942182,1.5260114142031254,-0.19196192202910306,1.3651208586786039,0.3451017449703559,1.1722222435230258,-1.262304736317848,-0.8646121116848762,0.2759220475413333,0.6040248156253645,1.2734425101048126,-0.01904778269925532,-0.8168618619300635,0.5853101790098075,0.20534983268893023,-0.44446046472378536,-0.29306472270867445,0.03341247834756745,0.4590482191856779,0.05017314403779444,0.12618790258815538,-0.1579775541129716,0.6946619461180348,1.2106827645815939,-0.7393464756051058,0.30002656160152236,0.3071250199503414,-1.1363359979761556,-0.7272119536673621,1.4176951637074982,0.23498820493492778,1.0792501058377595,0.2649880377358144,-0.2938322924628214,0.41709810710381534,5.0
-3.085721486219045,-4.6541651505677155,0.4889249882574617,-1.9573508829895223,5.4647013683272565,3.4439345924112654,-1.2133819928833083,3.4014619803555948,-0.9030458604906045,-1.447267938857631,2.450975926979048,-5.122340973303021,-1.8732365537058682,-1.799835693729279,-0.11904331632204389,2.0219705170498155,1.098751652880964,1.1148420975607565,1.7583361285452035,0.03297309034199478,-2.873787803016034,-1.6723760918299002,-1.3985639873335818,-0.5967373600969154,-1.0050512365366235,0.4530796179846725,-0.1516296520959404,-1.0794829344911363,-0.8460181134518941,-0.04075605964524881,-0.7207923347370448,0.24996358478906833,-2.423664125839294,-1.2942923755694165,1.7282015482287418,1.61534559950618,-1.1647839531965203,-0.3253790709990332,1.521442626554877,-0.3605785655273973,-0.6129624073178875,-0.025650703899365027,0.37643547590234183,-0.5743558033838203,-0.36182665305165,1.2288729696325142,2.176387353725014,0.3212701325520254,-0.8601121399515426,0.6357677602167351,0.6058907715911311,-0.29458528419358654,2.1217465108219296,1.8419602538090545,-1.0517562821737418,0.9027870506448636,-0.26218669294450114,-1.0354123720228539,-0.9786728384356791,5.0
-3.5035863635336084,1.5264087913348192,2.7714129085290478,3.9937817566972664,1.1647521879133627,2.4773632608933718,-3.3063496310070097,-2.756997941949706,0.4413160388559942,-4.85753300219267,-1.547707991861065,-0.7756149775975172,-0.20029499360702815,-2.0746403644545217,1.7233359719245902,-0.8810007577664571,-0.5992359185241775,0.8396024085241008,-1.3660630884144611,-1.0665978450587956,-0.074050214858287,-0.700018039784014,-0.944059223782883,0.258675299051292,0.14486275500528267,-0.9218630365670522,-2.3333529051215387,0.6262457029483468,-2.6367761990761696,1.573503015192584,1.6333043536268812,1.202583405390158,-0.11249311740155324,1.3624337418647512,0.7056561200825991,0.9224727889349776,-0.11170229495952784,0.6645594664839729,-0.522689415357863,0.28427067927496463,-1.072926142506693,1.3029450826265874,-1.9253095439602226,-0.4243328130374666,2.1448391739769663,0.36146081332402313,0.38689293467328517,-0.415924136093508,0.7327649671215385,0.4507627964181643,0.8481750382688145,0.5608308929022915,-0.06382637379816074,-0.44006977391156715,-0.287454505351332,0.2514977508418196,1.2668624163572986,1.408478917326508,0.504330525696533,3.0
-0.050198846655244656,2.816310122163341,6.232257528443031,-0.95533549215444,-0.13051387448365065,-0.6202888755059993,2.2021025103538467,3.47931100706453,0.8824189542868047,-0.167707661006764,0.11899991065934212,-0.5010251428550114,-0.03455552797525893,-1.6832692352489604,1.1810265457068463,-2.6984070332783747,0.4230455022948245,-1.6880994237292266,0.7458702264702463,-1.4720111463773986,1.4278543938524497,0.40090966975318815,-0.08941576132649236,-0.04268273570112384,-0.6490226519083843,1.2118785734207955,-0.9837368961835063,0.07959969802450294,-1.343393579898408,-0.8855011892253732,0.30894592150411193,0.2574366150349381,1.0812041886488761,0.8377695213323391,2.211526765427562,-0.625043147570433,-1.409880725003024,0.6894974790191245,0.9593169236517142,-0.7370695622321742,-1.1174243097005983,0.8393373751038,-0.41456730582271895,-0.6474059329233,-0.5658278556094162,-0.8369431874486474,0.581631556012363,-0.6863494435745569,-1.8090282002464309,1.4900328396804963,-1.2019351265140992,0.014336298759666882,0.8497754515681107,1.3241854622418516,0.5724356882847172,0.4960691071504986,0.33413460840664794,0.07098934580974757,-0.17097435172761527,5.0
-4.333656435332123,-2.194716643716091,-0.473259114770006,-0.7488375158494904,0.40935978952492985,1.1552548800486433,-1.987486644105905,-0.17250633877756502,2.18374361147367,2.4188549599511657,-0.6674299055816548,-2.5014366226298312,3.8782395621048447,0.12615294014956363,-2.2872031882662722,1.1269991511535997,-1.7441973414954115,0.5705498771684728,1.3491931280660836,-0.2804733901539941,0.43082651149511253,2.765483749739882,1.7439461920433017,0.19248590719908942,-0.18753231023903755,-0.04121972558797893,0.804235508447284,-1.0574244259774106,-0.1475085895555461,-0.421786134881581,-1.0179338652624492,0.07147197576598241,-0.5466008742929245,1.787221663383582,1.7169484723156778,0.18918078144780467,-1.0011532407264492,1.4385777263316244,0.7018007680778869,1.2001458018377813,-1.4179222289154874,-0.5020222674992291,1.2439793010339517,-0.25709648083228015,-1.1242443712696462,0.4940397208673057,-0.3174880988216539,0.45198428780330313,0.23430722981438523,-0.48243191489828546,0.9141710084266205,-0.16849536814281008,-0.4621931045596242,-0.06496799810260404,-0.6847475774116494,-1.4208286131655496,-0.42023080061299856,0.30392669067878125,0.8163881826915247,2.0
4.451058208933149,3.891425914695691,3.722861600319599,-2.770380231366948,-0.29402348408658807,5.763922066855184,-4.922994319965956,-3.5205653021200964,2.2429873163146485,0.40269647125788377,-3.161342451645016,0.30500804213555166,-0.7005353768048181,1.908918227863072,2.6114179975607987,0.3344534128302738,-2.8716150111569108,0.5381590853692805,-0.4613275800171742,-0.21858716435606465,1.1388367968297957,1.159853049680261,-0.425706859455561,0.34895838361479586,1.0130638589295686,0.41695584554611365,0.360882426150263,-0.7296397736707797,-0.703190480909859,-1.0404690226679216,0.3321514491719485,-0.26289627666158716,0.4023982081163538,-0.8862398329234197,-0.09949548764638173,0.5636648127388119,-1.0929680217012405,0.11604939721046129,1.3835655582358477,-0.017175895457566846,-1.214294982815899,0.9851759599343679,-0.456013255829996,-0.8136488314741327,-0.25146483855673984,-0.06409950778670867,0.1483138555897358,-0.5331630515688082,0.774880815949572,-0.3844981381205473,0.7700555662547279,-1.1175235728247137,-0.48230002788717424,-0.7683661807473441,1.160154960953745,0.4105588061059597,-1.4343594538210533,-0.45407395597327943,-0.5451034634359938,1.0
2.701073239092428,1.5276844130592522,-1.6556218765075155,-0.37294886882136197,-1.5962301741991525,-0.20926926669791596,-0.9593835569610825,3.5869637190840384,3.8103606204622698,-1.0938466840652972,1.3709273140480784,-4.2353790815672365,3.6295147698978867,-0.1688559443334409,-3.0716056482636303,1.1314918234518785,0.4352485352987519,-1.9593975376225918,2.561063504485628,-1.7865929342086473,0.11196505299273143,-0.7631751145434584,-0.22038557482135168,1.3751673410536593,-0.8562703086681092,-0.6932447745154336,-0.786797135617639,-0.06095392788979379,0.559201864306481,0.29641322610850696,1.5720050266478285,-0.5820959874850254,-0.0801459299051715,0.13815206642749644,-1.807441878169091,-0.20599058037635584,0.014137384343138689,-0.46333033301490434,0.3702216153197764,-0.31581926498425306,-0.5009079555493471,0.1331065372756858,-0.8378327311411475,-1.2021191687395008,-0.80015443147981,-0.8652539522019944,-1.5808042801967186,2.359789236786487,-0.6526165449128409,0.7148106262989234,0.030869236250700684,-0.39575316112956965,-0.9756292828390754,0.615865161029093,-0.3865581479099967,0.07063179713749863,-0.10519516727459331,-1.1048646518966372,-0.9110102752085466,5.0
-4.4140955283221395,-0.9639995713063748,1.9819252028561343,0.007989065741372718,-0.39643631378785493,0.6174571837682997,-1.3873640211046978,-0.3269795979851676,0.8373211388315045,0.10873838883020197,0.7358281372016037,2.167189079470355,2.8618707286891363,-1.181612958337996,0.20120123482833457,-1.7280519709901516,-0.6384743288242575,-2.3029311936433996,-0.7821257840102077,-0.5669429128707081,-0.640439282031972,-0.69452983654468,-0.5331847232741909,0.20344717541526067,1.7286121464611892,-0.12874644643010144,0.26345801381277656,-0.39387030834741704,1.0020717260741578,-0.6861247780396669,1.2028287605528363,1.2280437475374455,1.3479990679916336,-0.826166486382021,-0.36654159203963776,-0.9498716106835746,0.8809515557582771,-0.43925479499881087,-0.520508050862252,2.1549155888850873,-0.3740588994322549,0.0005814552139049827,0.4247177696404003,0.6832092957925472,0.676473059521785,-0.36884421433849524,0.31681577480348366,-0.39164894384910454,-0.5389369301025455,-0.48937045488426306,-0.6527425957746288,0.49841515514664575,0.5038724632389392,-0.40965578143626163,-0.6976360442021794,0.3743721117854906,-0.0494707142350534,-0.014925285756546338,-0.48175530319271176,3.0
