feature_0,feature_1,feature_2,feature_3,feature_4,feature_5,feature_6,feature_7,feature_8,feature_9,feature_10,feature_11,feature_12,feature_13,feature_14,feature_15,feature_16,feature_17,feature_18,feature_19,feature_20,feature_21,feature_22,feature_23,feature_24,feature_25,feature_26,feature_27,feature_28,feature_29,feature_30,feature_31,feature_32,feature_33,feature_34,feature_35,feature_36,feature_37,feature_38,feature_39,feature_40,feature_41,feature_42,feature_43,feature_44,feature_45,feature_46,feature_47,feature_48,feature_49,target
-2.580423573595939,0.5844124777380889,-7.527079391725681,-32.72688633183215,-4.019053828740325,11.108509129639055,8.838949641208712,-9.78407613714942,-16.211684786549913,-11.165909195296722,-10.413456608079652,-0.358418586438183,-2.1496705662083033,-9.13060127163694,1.1564099246994233,4.414902026728955,-6.449967278148002,1.4274474155993624,-7.402917780067669,9.848243514502533,-1.0791279716214521,0.8036646973198874,-4.783288804894371,-0.22730112000314992,-3.774788808007575,2.5790378982589806,-2.4622731764840164,5.273115528626635,0.9303908699290416,11.630201221020162,7.25910839257731,1.5172632908821673,-7.3035739526082954,-6.838561461926415,-7.995978272059878,3.350653852120787,9.13556868616382,-8.335201388790262,3.8656023263447126,-1.1933880677839857,-5.812935271150501,-9.997991518623381,0.4254710251589996,-2.948192735396054,-5.713627658372674,6.930007968336297,11.668859707991954,-6.115247737603666,-0.590559525409118,1.4720195781014036,5.0
5.725639941998299,7.255970622908238,31.474926997186742,18.695405659527868,6.243592980139662,2.293909013340804,7.768696165239639,-8.79208188940234,-4.999859660146511,-14.035218887072114,0.34775211253646743,-1.3269613365785524,-3.951901655127983,4.117048132427966,-1.4652525702171306,-2.4189370236336023,-0.8128637399031671,-7.086064741358011,-4.374879599911814,2.113918170049422,0.06235436994803511,0.6086510629986561,-1.8667090405092523,-4.31001457103318,-3.042965389791966,0.18074565987884333,2.813401813591269,-3.956461580169813,3.9205740939064975,-1.1641234252417985,-0.06937809104533059,-0.7203894080183627,-1.1157622497869748,-1.7029470555892203,-3.46220156979119,-2.1067483027146725,-2.3359947817664333,-0.29059515954367665,-1.4287177831333862,1.2857507146085776,0.270012090334015,-0.2921933603783749,3.520731290180617,0.44266740217222844,-1.003642009569922,-2.2980985495138704,-0.6358561849614688,-1.4652852118350166,1.3019979814052058,0.5442549655239943,4.0
8.503570776685725,-5.373431729441268,13.418014563735904,-11.8577496644662,-9.841876193895821,0.3836187667330381,-10.398147913789797,10.933388912580883,-6.196353018236685,-15.25233612659708,-7.151681612218069,0.30163514616971965,14.892992147023058,14.738354793061474,-3.7747745448646133,9.326163848269305,5.622592872762561,2.351098049237977,-3.3256760936182057,-0.128023873303405,4.288999959033243,3.468261051826466,-10.826888795887923,0.12485544500169189,1.6275311889497892,-3.0858174542293284,3.709388370284585,-5.079469600156737,2.4581392807608404,0.3695001048324132,2.8116582495430724,0.8416658635677008,4.57499204695468,5.540265866405279,5.480073187605634,5.031275381334701,-6.645633562067484,3.853010914411251,0.09231938385202638,-2.662479214460538,1.8011968685127333,2.837215161240223,-1.6982978208590913,1.3828404907812373,-2.2240858575967475,4.812428562627992,-3.7158724512905352,-0.3463561804094117,-4.202093998099749,0.09594265415865284,2.0
-4.040126739198732,-29.086362326826222,4.606232695953253,-11.075772863288552,-5.817291248619436,9.719083003871061,-1.2118852179352322,-2.6260880398670925,3.7924783984671695,-17.965132012767004,0.347288791938711,-0.06952442914380136,9.859520242514744,17.395346155305837,-0.9393804697589444,7.110359390112351,9.916656637376555,-5.816381292235644,8.00186596452577,-3.6122948772270496,6.745596213290517,-3.5556707311916487,3.6934363149245826,-0.3045968206131117,4.4024062628072285,1.221607061911253,-7.189467324080053,-2.168551263717088,1.3748379832851856,2.3281553426562525,-3.4773778508793356,8.431302311323423,6.627176993816936,0.5479266565917341,-2.857186416741065,-3.789812150681546,-0.9164586774212006,4.032406502384726,0.44210444281737116,8.35011050471218,-4.899711483662158,-1.3431895286539313,-8.676876566884793,2.868563408985126,-2.3364492719887227,-1.1788515514399505,2.174270968291169,-8.81977463406942,-12.992540315551318,-1.7577956190301023,4.0
34.08507707375845,2.4685843609618736,10.974403340522294,12.483162272626126,-16.71355900280277,-0.701717218776919,-15.498362994767453,-12.810189995055591,-13.524571418457743,22.300486577550334,-0.28898825288598434,-4.675886610086854,-4.546438213853029,4.414612024968882,18.65187522167702,5.676432356154106,-5.1617505019363445,-7.940889795630303,1.973318442030386,2.7582160110906715,-5.707295328731536,0.5600048474414732,7.807993251219476,6.770402811740762,6.895469717454147,-0.9767670316271948,-1.0850302272576438,-2.191075614840232,3.1732285169828076,-0.38557630209409527,-3.2904026283274352,9.953211122864278,-3.8918073269399125,-3.0701135033315015,-0.7694249324682552,-3.177185902226463,-5.196937916563688,5.253875859468967,-2.483168060945158,4.030230885381985,-4.042573089971422,-6.300429477856261,1.4515305630280775,-4.207865412667994,-0.32915546733728923,4.438288125371561,-6.754966739531046,-3.4349634754357137,-4.323953711137061,0.6335923975673313,0.0
34.22903380819471,29.863996578394183,-13.27676351113792,-7.161930021256087,-7.544511368698501,-1.372280864320893,-0.752898849759823,-6.329330481211425,9.144299861421773,7.086896657289319,-12.900064040728232,6.381892769937623,5.764157213961129,-2.8073994771420985,-3.6210590202812987,2.6705841352686868,3.1226684465866503,-4.472755302667916,3.63092802706028,-4.2963264665157865,-1.286588543839995,-2.369013786330152,-5.538652813928826,-0.5135111410096075,-3.352324470026947,4.160174543370612,0.5925211678540144,-1.4507140588682153,0.6325969182266526,1.0933172128557913,2.093613278923273,-1.3260077147572058,0.2389812690739223,-7.429714988402921,0.3806504974666276,-2.9496102133007245,-2.843772670942714,-1.8953114004552618,3.7755224214130036,0.8868852202568311,-1.7876374238470778,5.356784849987649,-5.236082834578975,-3.5883376700259064,-0.6885529463130862,2.2224090906230534,4.896432008489078,0.3960680428889751,-0.12452165332993181,-0.40220130249853536,5.0
19.395702750461854,1.6362278334156148,-9.58810334690847,11.679109174670447,-5.5826889092145695,-9.52011422288772,-7.960900103002852,3.1011485160538266,-9.432544574083549,-3.4015395594863644,-3.805515829559741,0.6039228679175922,6.329212745496257,1.7573690395101216,-10.21342220635588,4.584108202159426,-3.4139733402024746,9.530325957704548,-2.3275846534478046,-2.6531573275810896,0.6295854309587893,0.6805641080171562,-4.716272148921748,0.21917215482467226,0.48888223597063474,2.0922505515830045,-1.3520158499101291,-2.4152074122015064,2.724748251011191,-5.101443349486994,0.15091799928219643,-1.4627569590290306,3.2515448431649823,-0.9908192901677383,2.7010274782225596,3.5979933042862666,-0.16515324367593381,2.2914587014108414,3.4040363917831566,-3.7269909136034878,-4.037364866547459,-2.300697509147616,0.8742351256888287,-2.2513213376512735,0.15438267627341695,-0.43685748566468874,-1.3796079685443685,3.4329204984195894,-2.3362912307924146,1.986016519971542,5.0
26.393641114476658,-31.611924962961798,-8.898046931131418,14.730350792128878,-2.328325502886233,-1.3777814454628965,13.58709294788361,-1.822235383378665,-3.3335817462477424,-2.8933166855122705,2.1867898086193707,-1.2422066342364868,9.848279712549571,2.654803779915185,-6.300543721675536,2.7817302834844098,4.6536202174214365,5.866787138370378,3.903409051963142,3.230676565386889,-0.8759908857137135,-4.209005262023717,5.061092713459793,4.459103926391696,2.3321965991686304,1.463720538478134,-0.41707140905028933,-0.8830143158722455,1.3454993447546642,-1.5089829310108038,4.579939362800844,3.3558445340050573,-1.3899387664844063,5.409452853846824,3.207746926042364,1.8028662221656357,-0.9862798393272467,1.8381326181620203,1.3814465605340716,-1.4160838999860443,-0.7157680118759406,-0.2375025557203462,1.648964324067299,-1.4635450323464476,2.4089232037239676,-3.1996148533239577,0.9044542570474398,-0.31200742248572894,-1.8407002794684768,-0.15878259985564727,3.0
9.613328579609995,10.649580198047003,14.436020040878926,-32.01040855421561,5.444994562534505,-7.251730536001563,5.800478461233999,-1.718984730979447,18.76804792851007,5.5991633908543275,12.192407042838235,7.861369930847653,-3.650707692629661,3.761169433540925,1.5551331158943908,12.561142406389115,-1.7422084500376371,1.3260596927827228,-1.3612408376207494,4.873036610577057,-6.144033294809851,0.5305721656170114,6.095789402792121,-0.07269006030308256,8.257695598423018,3.97726716111955,-2.6808999081784677,-3.0467309437412915,5.856119069383829,-1.23874758169917,1.0036535720567437,0.049675154174303,3.473132061722885,1.1112399817776402,-1.4310612190254937,-2.502291067231801,0.36710454044856766,2.4795879117572115,2.637208795229648,-1.8176844284970437,-4.984096879275225,-1.5625679132056096,-0.9956480811021232,2.5552590711902847,-6.952292533347989,3.539385559007966,-3.356334377581553,-0.2352973605007756,-1.538841234479248,-2.4778325512238815,3.0
-6.01670327055799,-29.08231088750057,35.23951764265612,5.426301900361815,3.8386996035782306,3.9831340718407,-4.820154117300502,-1.720243375589754,-17.456023924116494,2.0382400845912083,-3.0042256460669745,-5.312556361820708,5.093431049291803,3.601080498127632,5.016195791450474,-1.858516668238442,-3.714590646163377,7.809045526487125,-3.42619160495013,2.138367021017306,4.511202813819322,-7.408319717040502,-1.544596690831776,1.8651224278994125,-0.4434645921449381,3.2764933491846624,0.20865684872257678,-1.580181448419057,2.48041268309715,0.816797027486087,0.6150556312100063,-1.0702139990024961,4.382996478285406,3.494577936377699,-6.207507707786577,2.678863743129063,0.7826943086243734,-2.8643062596131252,-0.44964585515994293,-1.4601085271144811,2.003898675164628,1.123619260814448,1.232363286367052,1.7611374710523575,4.6412175008832595,4.658095122681729,3.7668137652975706,-0.7678003227983531,-4.496630260956657,1.5669539006907802,3.0
-32.78283465840713,-33.80016106375503,-0.6414086070619599,-26.365263178391192,10.042946334544752,24.88165959391988,7.151273501671498,-14.349607449585527,-7.836597197660686,2.280496901743336,3.5381659892166932,9.804503933855992,8.687100686894903,6.62866129164078,-2.3201708620993347,17.802963808344884,6.665095569423302,-0.2979374935842335,-6.64089098039685,-1.3556551224045457,2.2870364839609465,-1.0246822653838166,15.066250376831976,0.3627595012222244,1.8740740446167217,6.889677704806266,8.347435606708851,-6.346911587571239,-1.296631954076709,-9.854777554774246,0.4301011582407037,8.469616447785771,0.9635741827132123,3.4979473208520595,0.9600846768537146,2.5324561625886295,1.5391430593514739,-6.342472707768333,-0.3041220786002369,6.106529917474338,-10.704543954642253,-11.82124398919192,-5.372893017969093,2.16821062491317,-2.709333218223306,0.3643128420943042,-1.671007915767967,-1.4165191701407909,15.488895574804124,1.980305038097749,3.0
-47.977668872407705,17.305771926606923,20.900486254415885,-1.0260402710003167,-4.062072133954819,10.64311444467161,-8.229142033362864,-8.771428000135305,0.34423041835406165,2.4547933483443294,0.6107827904704278,-12.72966209309835,5.709869800597377,0.8529883109510342,5.215966440842648,2.3561848671019017,-2.39652103611255,9.413249714684518,5.500081755496701,-11.305703257298042,-3.9372815996023216,5.130321271748649,-6.311300627525693,0.16080904448259833,9.489626532285937,-2.7787471720091212,5.762365575610294,-0.37557064449057004,-5.3244190277954395,1.0315612058416657,3.284051380012502,-2.332283523253918,-0.940961379854516,-1.60478861102822,-1.4986206079178088,-3.950854786708489,0.8483232080068807,-1.2621000166453722,4.002153087206774,-1.9602687661446427,0.7892004906622455,-5.9966592797999105,3.0387139178522817,-2.181018829488752,-0.2169816661802587,2.7519830230773024,-4.632354277204632,-1.0552782929715583,3.9491342494672734,-7.0978527016674215,3.0
-26.843662196083795,-10.447671517154852,-27.940630303533837,-10.364063691742988,-2.9904360627390876,8.460792850413474,-12.982133737606235,-0.4381520987139723,3.753313045487986,-15.06252738328841,13.874729915193223,18.967014644936327,-0.7706348428872168,-8.082026484627312,4.041574673593958,-12.30080141756213,-7.0668532107699,-1.8503879932106013,-1.3771477016563831,-7.0999771071743485,6.702804726278938,-8.164790662429207,-8.716491347887489,-11.698757005434487,5.060065860658332,3.4743300296903237,-7.100723028953151,4.242589830038985,5.413658541573781,-5.009758747585977,7.859708719836252,-2.2828608994104482,-11.40234809170289,10.413085633276593,3.6657753370518105,0.5307257121892095,-1.007195719834637,5.777950785256881,-8.80257062643852,6.4467026677283386,-1.3311433681539502,0.1820500391854807,7.405345511733297,-3.0798755899023043,-3.386704330209983,-1.396328636256006,-1.9808595145990342,-16.530871851383193,8.983950331178718,-4.268282221792781,5.0
24.929708340025677,-45.204166233518514,-3.8492077716579636,4.3135064763911535,-2.49502159203116,-17.937019594612405,-16.96009391419148,-4.498876114371838,-4.8572499876077195,10.391144448909182,-10.66241027977402,-6.749539427303494,-1.8160328604877807,7.886085417127674,2.860999206178104,2.599488776044715,-5.787523526416273,1.5285123278455177,7.199643837943735,0.741335004790245,-5.386357088215336,-11.230445691160732,6.039190536902917,0.878328169645584,-0.9172986417278803,1.9703467679680002,-0.21534750158094798,0.8032313069742903,-2.744911882955368,-1.6823585099330696,-3.0943458166422952,-0.21102399821814685,2.015073799453551,-2.923199931607311,1.1438750328561391,2.709267246840274,6.643887634643179,-2.1677578061130105,-4.209918361209558,-6.769691453350439,-3.2554269676942726,2.6223994481405892,-0.2603298267196643,2.4335038023409905,3.3425394222861025,-1.732934340747209,4.537479497522353,1.1859245166325647,3.055430018708838,-2.7868103095160133,2.0
-39.707257606109536,-20.614751542154117,-30.11160562445023,-1.7269179539185413,12.247684590852032,4.070366931446906,14.76667106037379,-3.4670979663248467,2.028087129797538,-2.861977588882064,3.1764592098880096,-3.831125803646069,8.64634302967625,4.911747847242822,9.159515413145286,-5.4045504214200095,-1.9613226376663027,-0.3167390089175223,-1.452027159397393,-7.083011563362174,6.527327069669271,-2.4753762200861873,-0.13696232046909326,6.161603471877258,-3.061129993908788,1.2475516292893092,-1.9038028301925247,-0.589542762690863,-0.30459940433659705,-14.741987013232437,-6.747599693238703,5.220879422479938,-1.9866529168139635,0.4483142717275851,-6.819051409709025,-13.492616522395473,5.593577693655867,1.3774835775514682,-6.377465295380151,-3.201206244821281,-0.9077728656984063,1.070429299235387,3.6943883364187444,-5.554523742598676,6.533432673132803,-10.327081966230836,0.5018654230644211,2.1837850782521455,-6.211222367021283,2.3045654916986136,4.0
-8.625291555896203,-2.254305091296106,11.17975952085458,-19.883614797691166,1.1833886054113327,2.851994702112177,21.535215735027087,1.6608856186168253,-6.892360395939433,-2.7548222282203825,4.317255821867426,-3.9373403197284147,-1.3283675500102299,-6.445287802053485,10.020674401273327,7.649699509763551,-4.171643945327802,10.583132392608492,-8.229153361957511,7.039141202428638,-3.165471180543992,1.777197455743831,7.24733109675346,-1.2360034958883983,-6.009221538756981,9.521056325864695,-1.993979162551814,-0.5340844450516983,1.2934769178209773,-4.6768718615775855,-2.817750019809853,-0.8134687185713187,-1.3908338073766828,3.128032475342892,2.6948634966288134,2.29407295429186,-0.3831858271979314,-1.0747216702119993,-0.7364460316339103,-6.460178032931536,-1.1784675508273095,-3.155476034105619,3.139377448936244,5.42195037147337,-4.850736988653416,-2.9577808574610187,0.1684278141818032,-3.923606365220101,-2.0200445327970202,-1.1876989263879807,5.0
1.3701867415823215,1.7048425134107512,3.656889804197194,11.040735115947058,9.46338404525314,-12.720927401890684,17.06540997188546,9.57456217338481,0.8316079458111924,-9.047485540460107,-4.222280632335808,-0.2350750750722564,-2.1090082575788567,-2.344171211779438,-0.14562853239983262,-2.2776954646892196,-0.9546087245509309,-6.64148958377941,-6.281069522652085,-3.844263858304402,-2.187625642111335,-1.0208129780045012,-0.8019692922081506,0.857995252571646,-3.334158460786592,-0.8824034343091743,0.5214909734281564,-2.2386638197698234,-0.12076729372913018,-3.8029004650752087,2.8119702525692882,1.7634439549442043,-0.3799221289408505,-0.284135868513308,2.239455071665686,-1.580712424104738,-2.4652598498360074,1.8668034924444166,-2.512651676165165,-0.13943390926234653,-0.919066695927341,-0.775900948644816,2.0765982663917475,0.991465793088338,-2.025930775139981,2.8777141767021717,-0.43714861954626105,-1.248640110962152,0.6647034538477831,-1.2971674266125721,1.0
-30.47749158043838,20.04541373288722,-1.7630656115224912,-12.33074832285536,8.077916042935058,11.46262621769684,-13.821669858030067,-12.481520987627633,4.262581369175334,1.3263494651084624,1.3477490724499288,7.434328342235966,9.105108832665413,6.826859782930726,18.64259096256097,-4.858598460244312,3.369774811265405,-8.251583625312682,9.919007958884897,-12.267642165481826,3.131256526014023,-0.6382425494269979,3.3851563066826786,-6.0341047963467105,-21.642068390713824,24.403552496209276,-7.798828073724804,7.948313601770833,-0.5286392263745292,-6.333420617310193,11.878103995278652,-7.191584504582186,2.53144092546929,-1.469827356187242,3.9141930907266835,8.61975687104853,2.8727703420621515,-11.770098018874995,-8.80765275488703,3.8253535781924404,-12.56728324407798,-0.43879260605690323,8.578376980963919,-14.275396320862804,-9.934406349734822,0.000743748690450373,-6.852553623471855,5.888042662426762,-7.960628616191046,8.288407031322851,5.0
10.08897670252512,48.07916118352858,-16.155725096575612,10.377068398749913,-17.986031219574077,-4.473443956563281,-4.232891551237943,-5.197490743527991,3.457027520385082,1.9988529463936804,-7.0678409654070595,-3.9213725564685933,4.324383357601109,0.7940174570457499,2.7596841112547024,1.5991017782636825,-7.226750455795649,-4.633374458184579,2.9903187515679885,0.6043235899145777,-3.8562142099187744,5.901529130541736,-0.580528806485055,-0.5611889777338005,-1.3948048894665563,0.16741287857484446,3.631548232365411,-5.945526082373531,3.6716606372501963,-1.7387707428998944,-1.5524227852909525,-1.2505524532432561,3.725323819938787,2.0985416920943396,-4.176806811075467,0.21018183246065633,3.0455289511633725,-5.774799941977858,3.327059598999763,-4.742186484279284,-0.45861147437659655,-2.3435799995704616,-0.22648797178421803,1.3015800927939203,2.7064663090762173,0.023310378038023518,3.3032853324032563,1.857455255858267,-3.7666471705899007,1.1211925821572248,5.0
74.15831882318638,-11.899390316629074,-3.96875890965262,-13.374465700122249,-4.765871397449047,-6.107486737184231,-1.8543439374432213,-4.655124584126775,-13.750965019807929,1.8692779100933044,9.164737612238262,-14.252234625696703,6.427475793298513,4.949009037152715,2.362070975400632,1.4781761861162872,1.9603347771910153,-2.244310595290588,3.7136215218356483,-3.444219167391818,2.9717498337286528,6.9159753527079575,2.9399134345020284,-2.490578877235176,3.6909248177288982,1.7187007704766981,-0.7682960865587891,-0.8308758761530193,-0.10733107559050692,0.3874524683391595,-3.642067346656774,-0.42017621732823973,-5.897602301468064,-1.0163802903862797,1.954035412029062,0.7040999947828227,-4.856483713131382,-0.0047912585003997525,-1.0221124024344714,1.4936101139040756,2.728893819559603,1.4266470533636424,-3.1985165242912688,3.4531920066971145,1.2036269078147288,-0.1053243342233754,1.0168173898150854,-0.47322294097870893,1.4644272924097275,-0.79228697351235,0.0
-7.15158620783193,-20.943887775624432,-27.126845510387426,2.0425662539425886,-10.819537918734499,-4.3429705517449975,-12.037233361840666,0.167756528735025,4.084156293985269,-10.088969441541217,8.026987817138544,8.345923066743909,0.710642366834182,0.3450906277468716,-1.5115840491641594,-3.3184775915070857,7.001712577201635,1.6672739089216497,-13.583062439751785,9.997679731000353,10.032764466428244,6.604086241416548,6.8374233460355285,7.604865301063006,-0.06391503670976707,2.1200867024233263,9.71026348655601,7.9310108087692,8.17447541435378,-1.2609991649128784,-0.05316947525270318,2.2310458950726586,-9.96582496286338,3.6591516049392636,5.605429728927057,1.3070369977066079,5.556742497270807,-1.0103770248178823,0.8046769986953574,7.481119042768917,5.794844323418833,-1.155220454773265,6.7105175240167005,2.3733602523313153,0.4616007892097079,2.557576002816024,-3.661820422376466,-5.835489551452433,-1.5080802802617757,0.9421449423345416,5.0
14.813285177475574,-8.738411861011853,-4.142414354473234,13.509026844735951,-7.194549126977517,-7.097694219114954,5.650307433269723,5.066013032144369,0.41268665791484394,0.5755803195006147,-5.056816060979514,2.288638233545948,1.957927394824905,-2.964365071772283,5.365278840846322,7.3514864068197046,0.5628438625283628,-3.9877030449248374,2.9175489360244744,3.2804315972128224,-5.381384420210975,0.635128578975865,-3.275706101558205,0.9270713780973578,-2.348017929749879,-4.573809623857354,-4.617444543735893,-1.6816355756794736,4.315102919397159,-3.614144707441138,3.760891232894978,1.1452436427431,1.0160706260761299,-3.425433810547515,0.372798561126901,2.6625053411711592,-0.021742874907752802,-1.5325945950757536,-0.33373294543638643,0.9921534335280161,-1.3430215458444672,-2.497689572935578,-1.5922440553528026,1.0714833960455987,0.1454458898881607,0.9693679320729394,-2.31169500945463,-1.5421798200710233,-0.06799145680404953,0.8623974118375544,2.0
17.832558803856507,-7.713239649793613,-25.51551338618262,1.2587977282387102,-5.108707097020463,-5.119351571815872,7.384234515817066,1.641447011494422,13.609533909916372,-9.729997698957837,-4.057991937639479,-1.1796100866915948,-2.498961305220164,4.667942003273027,-2.3908804073308936,-4.178307058263738,-1.8677963737973335,-5.4374937539589725,-2.0227431015093535,-4.940411058789155,-1.0234676580467683,-5.420391686764236,4.576526098241856,6.455547742661759,-1.6809070270567132,0.2000529441368817,1.9099556759679386,1.275759529864267,-2.1742188437799177,-0.011780607672313738,1.3907994910381865,-6.179790850434059,-3.7338067324098,-1.2009661403978393,-2.0442526852753446,-6.036435124978391,3.2693267792954948,2.3665746189864283,-5.597371320271063,-2.584944700571428,0.8749161512033696,1.1152186267442885,0.836338922764309,-3.5482885182566837,-0.26960149244543785,-4.143312306005596,2.488147585636223,-2.08276064205552,-2.3300985525885105,-0.9214028117012483,5.0
-36.0917710135566,-8.404725960025232,18.47419680402047,-11.868196232069154,-8.095867588094926,17.506257075435585,2.599840805298664,4.074367736626954,-4.224320725404127,-9.467028712916024,-7.23324065073326,-4.793150818739127,5.484941653999229,18.014589721841663,1.9436999079081536,9.209097819567239,-4.34823832216631,-3.387454145262218,6.855983396181843,-6.390558584504189,8.183512068933066,-2.9023541591560957,-5.576287478379028,8.44197930441978,-1.1280767212079819,-10.599616162225972,3.1565818071626883,15.384281734957353,-2.034136342626907,5.559724059775608,-2.6549847174663985,-0.25888820181961364,1.7566239738849603,6.819203786495664,0.3616097840965699,3.4700228597909275,7.362679744443302,0.008301319487085169,2.4556611540988595,-4.350939073833399,-0.1459104669397626,-5.372309305101912,-1.85979208475163,0.9867799325099021,-0.5927385872325371,4.227876285443103,1.0016737675893619,-4.539522489362059,0.6476291960709919,7.264182327136309,3.0
0.2577137206677357,5.73870403421032,-21.211339201643238,1.8489297711620842,3.5901915234959643,-11.530415279718955,4.007176346886166,9.524810593800483,10.545789407548986,-6.807057641699539,-12.033505424364659,3.883610030328909,-2.589247832594403,7.694632707453125,0.9927495934838925,-6.775422436346252,-11.312932325179617,1.573347451761209,-0.007217236256850486,-11.91349846543188,-3.5415150813828618,-1.371223182248402,11.79318013766632,-0.5838263165948853,3.058906659602561,-0.6694342301684477,5.4801330456060295,3.7484777075785582,0.39587481295343524,3.054806102155858,1.136026040377785,0.8431660018444117,0.8678869855475416,-3.6587388984475657,-4.398823670798781,-3.130618455922588,-0.2833177967755612,-3.7172178679324612,1.815215724794201,-3.8750128050053223,-3.2849835259470064,2.944887769732629,1.1659444553781826,3.8453006311383633,3.6838329497107614,-1.958118665355832,0.5754174153353582,5.770406359108967,4.278039135294448,-4.3984426106739125,3.0
-34.15175813805552,16.633133677873946,0.8006746359868717,22.035003273902603,5.898380058213123,-14.808999139428948,-4.19622339489319,-5.851502028831055,3.5866068643610007,7.408201091836903,-3.518990387052771,-6.581490199048382,-12.939577802926683,4.78203169313904,-1.6101768698375287,0.493296437084836,2.717837681259208,-2.4904124857769014,-4.781366311207537,5.5819502413703175,2.141059665342845,3.7801289832741927,3.0206563227707766,4.023961878452069,1.7306920277172981,-2.119109497139863,-4.740730681322457,-2.1278328728518496,2.966242723344177,-0.05999823265932365,0.17093799249647276,3.923795931729036,-3.499564715954799,-4.059664590669962,-0.18298738220902058,2.482053177350242,-0.447722643939767,-6.303547952975032,3.033344857299985,-3.803895610203125,-1.76948561432015,-0.6867576981180871,0.06093672118574421,1.9272338135767513,-1.1112521457750166,4.871388451814224,-4.87242347806905,-2.354986749829271,-2.6097163735244466,3.584050589426094,2.0
-2.097110539843151,5.283920807830177,25.657968932143092,-4.214077576506831,-7.7951524519701545,2.0561859104253606,-2.0122435867084123,-3.1889960331021743,12.76192701104199,3.9790522383867684,-16.435219209236795,2.832677895264577,-1.3987611883307087,3.4973827268945388,-0.24493906817351685,5.450201439544247,3.8695785559551954,1.5786424341873302,-3.236092623569489,0.8735332521725664,14.925170984195354,3.3927011638696203,-7.355230050109726,-0.20435056308842825,-2.730839160935962,-5.893391001765412,-3.949338829183398,2.6392045678721323,4.254337395608728,0.176517337004419,0.5265697669349373,0.5649206057544015,1.0579402739815953,-3.066256454674225,-0.29230425230062396,-0.33000459885325134,-5.769036386386211,-6.585475917756698,-1.8499850183950746,-4.072897013587465,-0.23249075740329367,2.9505722020342917,0.5218611667948011,2.913637716083607,-3.4762252558512468,2.7856318770277566,1.119740353744479,0.33992061800722606,2.343592247503025,3.7497685018581084,3.0
24.37744766177236,-15.672170825339357,31.688071601914938,17.48271392169504,5.740339297370413,-3.473979556629333,-3.71596291770491,-11.057783589462574,-4.947905271437851,-6.547585735338978,-0.2900355944414612,-1.4164235261207625,2.691526104140139,2.541259953763811,2.225688270573407,-1.7442958913151188,1.4584162319622351,-5.984862614816756,0.5377370191524671,7.642636909601565,-0.7193942887430359,0.11049447597532479,1.8268277589692168,-1.373091318014411,-0.395843618856925,-0.24768987519765953,0.8993036878002408,2.8678432773932445,5.049298471642455,-0.7993316894123738,-1.9745443045831024,-0.026744261817373854,-5.017232144513747,-1.9415025359473652,-3.431180974721401,-0.7530133777734669,0.6601240576505195,-1.7117794514912448,-1.629495012718551,1.44654840706566,-2.536984509929875,-4.656701252869586,1.6036681383670384,-2.955782678086968,3.353904117474546,-0.26558180445408563,-0.06790799216002018,-1.5102069821490514,-0.783228416809606,-4.22957652058376,0.0
-14.57029595906141,10.414615075205047,17.81987180604799,-6.2130771508204194,6.9151936664949725,-0.2241039667897795,4.9332172516737085,-10.876044841277482,0.5253849770723074,0.36241001756532826,-13.996700109473975,-3.8766035818057634,-0.5227313131887609,-8.776037613670624,0.5912323014160704,2.277250324203426,-6.517206147126023,8.728253514902164,-5.79765971430102,-7.685676166662201,-0.14743217834441813,-3.244030414809241,-5.668516300461019,2.992283314158693,2.601431504461715,-2.7983079384261913,4.439682518802752,-3.439321967710664,-0.7365931245679846,-4.531950010628401,2.4396443170248507,1.11466453490232,-6.43260094967741,-8.430699657817224,0.47833292751415724,-4.31555379117525,-1.9708255692711902,-2.3711541814679262,-1.5472861699054117,-5.752173926186548,4.036818476043833,-2.2942289493246584,1.6703212084859453,-1.9758634874519183,0.9584281875326106,-1.9824852981677634,-1.9480530054076288,-3.14192539650067,3.113499520305306,0.3049998319478411,2.0
60.79844460397404,4.666521585655656,-16.99569550026806,5.408805103682239,64.98859666733723,55.12099903019113,-19.00756247287444,24.13721466018522,11.128822139729733,0.9274852918760254,-10.078240512389874,-12.723617082119945,-12.491918605921958,-5.211382349070447,-0.3853979289011673,2.3949954533046234,1.1962395435112858,-3.2087270179500917,-2.816788394141035,0.37957008654278757,-2.5824616079654845,-2.9073936523907142,1.199625936645507,1.3153137168931688,-2.6100357717363276,-0.7731019614473259,-1.0913056959302279,-0.4472838407013537,2.083213158817205,-1.894885669724253,1.7939874350466798,-1.5357579116473445,1.4638899515086616,2.33628747985812,0.1038739162939985,-0.22436181212340534,-1.5834912248737385,1.358961797700121,0.19289943913437343,-3.2146387936327185,0.9673683455593168,0.13889200010629035,-0.6964921938001742,2.667943086237646,-2.151844934493519,-2.436706280277113,0.6853341072463354,-2.499369253561755,-0.845282317970371,-2.4107077432507324,0.0
-22.946614410095385,1.790485607347159,38.85954943520939,-3.5374461091135587,9.4843975961092,0.9254570889822294,8.814639811241417,7.498157350196856,-2.196776127933359,4.930269248456927,7.755494492859723,-6.043130644443078,-6.30658903174686,2.1583852222213133,7.6115582422000925,0.1458503016621221,0.40249331373312897,-5.0341671924086775,2.1301484528996384,-2.2222796026296088,-5.6498999329030966,1.1969740619863585,-1.8283926663395669,-3.432700967067681,-0.5854185895894359,-5.283286592973352,-4.971794166592823,1.3222476071868445,1.7797330607438233,6.073479356469023,1.290815940835082,-4.787736976649693,-6.0481253127176915,-1.8151542403641643,-1.5098294540806458,-3.30129387401964,4.4331477863801485,-0.2957902718699085,-6.569880354914904,-1.3931445175128394,0.47384520465953406,2.4616052580562675,2.7591467280843593,-2.4973796891646756,-4.5888056878679375,-1.943922607345663,-1.4030079809493212,0.658263089228726,1.4376365345555204,-3.2952826708272815,4.0
47.008711486488586,0.12809093170939911,1.4622268984807916,22.787997370807922,-17.803208606591266,13.715067031982883,8.220885439760595,3.52387006778835,11.393891172220208,18.556537577537778,0.16822105645077767,9.945793292348172,5.110301047185927,5.531290358789673,2.3212325106878473,-7.150810651980687,3.8394726231124414,-0.503092839778979,0.6532965521964432,-0.3927497144797855,-0.6403882461343269,-4.172852795470848,-1.8895826444185986,-0.1407453513332581,0.19339451272875788,-4.876184200403677,-1.1518959464523664,-1.093301498328154,0.820251005179657,-0.8607211707157817,-2.1435258905719077,0.1107503381029251,7.268902378318203,-3.62389693880661,-0.949673292053421,0.2080853826890276,2.356816071996617,-0.5732810362923987,1.3558920109246875,0.25046831731573166,0.17820218805508492,-4.6086310822625585,8.714614899245873,0.4057952768542505,-3.246183371044098,-1.6510447314525751,-2.612297709703821,-0.07808397511755166,-1.6943537267552116,0.8320335397568429,0.0
-35.11171797474745,-16.924401769867817,-1.1879539477248227,7.094823792749941,-0.3661838120092751,2.3272116523088937,-1.5711518029245999,8.146398751966501,11.369929058714547,11.289797158566667,3.5309251473092043,5.656937803034504,4.081781670283782,-17.980011795058324,-14.471358576588992,6.562861852157858,-12.105396218527178,-4.6949188358338,-2.39191335702371,-18.709354141059553,5.989325399421016,1.5685138095945725,-3.063527166544089,-12.391899452952556,3.288424469240108,6.799370510927882,1.2517565660268428,0.17606437255205146,3.43820731251091,6.355248738818698,-10.175541834516668,-1.162876565357522,1.274972521000344,4.758120165638954,-5.296882336860208,-3.937156117283876,-1.8055749284872256,7.077595862180632,0.3333782419524243,-2.366025522095167,-6.565877204001523,-0.7967126168250274,-1.9216828733798272,-2.55992815535368,0.15341891010957268,8.731212544023,2.329798323018197,4.157378630761661,-2.765580560871683,4.891083840902917,2.0
-14.64280241647768,-16.48003917151729,-12.612845733788316,18.40635243276696,-10.500404564026848,-10.881953689794535,-2.066784218481762,-3.1713459202187315,27.173827653209692,-2.601112962477917,-6.401774430976823,-9.684322348305392,-0.1249422164636901,0.37739148181433446,2.735696078022401,-1.0385553728438497,5.137950331845052,6.3975180577261845,-1.5614431063737595,6.214179015927523,7.650680118591966,3.592090965823462,2.128657816677247,6.399238904016999,-0.6355200902730938,-0.30008056343879275,-5.070403413401076,1.5526412120598563,1.600832166430465,-6.310657368361322,-1.8227413774197225,1.5784230131156065,6.966593949732508,-3.9680018404584096,-3.288946155636819,-2.1567516038981243,0.029320157573384943,1.0840048620082088,3.2337480691998244,-2.817935232937298,-2.671510937604161,-2.8224942865335714,-0.3128118188484749,4.023456039380182,-2.892925197550524,3.8698057117495943,0.6618725619984748,2.2720157723746093,-2.1618777227222394,0.1323843295120732,3.0
-21.585203309203134,13.482220678774787,4.405006352800751,-8.51676849058131,-5.748555680975234,-1.5299172681138242,3.7646220840496554,5.6445963501634395,7.533423635492653,2.250098156625294,-0.031244967145829285,-1.403497418488802,-19.49945385326248,-10.445627480313878,-10.491028070801669,-4.645832076919129,3.004931392582127,5.154580902514783,-7.370776617142282,-10.813595811906834,-4.089981598953964,1.0900458390267769,3.5196447111817633,5.422578390571209,-1.7788552877411894,-2.0714176218177647,6.600520179942311,-3.4511766546800313,-4.6650184700724076,4.054972983231917,-0.07749603191848307,-5.595241393130078,-3.3044192742242116,-0.5279189317719428,6.723581170989383,2.352069599603295,-0.4185018996658491,7.0418772145803565,-0.8178370704681217,-1.4806999423147384,-5.257992109085987,-7.9799145515727155,2.3032796412610415,-0.029552552856443356,-5.402853936449902,1.078660228813701,-10.956849374435837,0.41038344992708525,-5.136683357239384,2.5651433223539524,2.0
35.33906913848182,13.66355456159653,-2.3199552164604635,-28.758675987051607,-1.229765337851413,-3.974032256925932,16.28085988913517,6.441142494548196,29.211927941117466,11.289698044617586,23.505220365467633,7.220413502488832,7.6760890533326975,4.35487662433733,-0.34997840057087265,8.86659759923664,-7.289275442088172,1.988819217204187,-7.254900020976886,3.243062002776589,-4.813283818057475,-6.325768326869513,-0.21796452085697518,6.993084912181345,1.4700717452184486,4.475969260621942,-0.7769636777745746,-6.9426567500778384,2.7084923240894216,-3.36721487174456,-0.2716678892217362,-3.1307461155764558,0.2409032344694636,-1.3266229233487647,4.512497166414422,-1.2432254549468669,-1.5418665708360328,-3.049366008032102,3.4729352361547634,-3.3522264269940116,1.8379480735904905,-3.4961228345921795,-0.3449860449433873,1.2998588645432434,-1.365809342055207,-2.0961251514451082,-0.15674293207606052,-2.5993031967906948,-0.9916589868905039,-2.3917515924668304,5.0
19.97998465738542,3.5936521933501604,-19.15908202730211,1.8007001091950305,-7.0087646472433835,-7.168463163570985,5.3362472328845705,4.777898676310936,-12.31988856697296,0.03636898726451882,-4.936749487030198,-6.936957927458792,-0.5645758960199343,7.266524129300158,-10.358824163289174,5.401417044442083,-4.890369302614538,-1.7392555747667988,-2.756926766057283,-3.899804785491596,-8.607994144445428,1.4379840810925997,-0.5832849231222701,-1.8685341236551074,-1.4797146513628225,-1.2347105832758376,4.3124307669748925,-2.4113203957465363,2.8365396868142567,-1.1776420204578129,1.2592166819802653,-0.8470837242875698,-2.5893457503847865,-2.036281872559685,2.6729427798182326,3.072568392594849,-3.5140795342101994,-0.5546359774991618,0.7076388004105565,-1.7548244145682268,-1.4272166841414513,1.1773807953398656,-0.47582690212647166,0.7047567779415087,3.6163915072969965,-2.4646674326840166,-0.08723118076330372,1.821096303031967,1.0632500097706414,0.6041245371327124,3.0
-36.8340774183484,-24.83906943997324,6.605885156460858,14.541811913663468,9.800449194856274,-12.507518918281985,-7.090836988126195,16.838340128166195,-13.18334030681225,17.96356241568058,2.6247387962279407,0.23736524305278894,-6.53508401375309,0.5379979185675243,0.7454008762273817,0.07093399074631115,-1.9155468821735953,-3.354583021153723,4.901900633676351,-2.0038985440160535,-12.364281867196352,0.3451675500108006,-6.3857285296579365,-0.06295164926412661,2.3560293753254298,1.661568312545011,2.4818290367984694,-7.14087809592578,-1.951798285201044,3.3781808398713777,0.5436882920422366,0.5921254995082978,1.6903373855952706,-4.441130955447049,4.029380651351058,5.222575447419402,-3.8425712006610464,2.01494147930127,-3.2782231939971793,8.165231839962283,-2.190506870811139,1.2110136464694998,-0.9738356574852604,-3.5284753546086214,-0.1725135803982103,1.0089118068131149,-0.15394604044494217,1.7045643855629093,2.006528067384524,1.70343164605871,1.0
-20.053655982361477,-15.915276894962819,24.22221513964974,2.6448223475318544,-6.071124395869545,9.367783489050627,-15.93618320926303,-3.9139298333625465,16.593914629635005,0.4354998734493225,-5.925119807660451,-6.747484401096587,6.35478398584736,10.655811622345626,5.299542090062591,2.186935500891243,13.713302126099824,6.186043735525902,0.2842039722197899,3.0594535068617073,-1.2104819825817636,-3.3093768852636765,-3.7945960723213537,-0.8690126351542293,2.3440295800993054,1.6269810131715035,-9.812422321848702,-9.281430254823258,2.1743003929382665,-5.179516952870588,-7.610621907368732,-3.827963142994915,-0.3760493284148034,-3.9308985899902003,-3.2513545419807652,-2.96531555917846,2.0933211318327474,8.310168277949549,2.8239933172935276,4.041552459954505,3.486712833549424,2.5347398906872547,3.9812842401889363,2.2703870840377585,2.646836309799189,-2.813513039903111,-0.04097147746204858,4.2583166175336125,2.4958026198073364,1.386143599416165,3.0
-7.156956159560465,-15.37517229732281,-23.63627194853916,-9.72726559855472,-14.858508630383104,4.952361540680992,-18.241693675405628,-7.151277114766027,2.7673941299775255,-12.97754775517363,13.304401778739878,3.381072692196685,-13.902597065226422,-1.233890621164027,-2.340171359952538,-12.905071326682984,2.915937698019825,-0.9317496307811238,-4.011270192034892,-4.918118166547385,0.7066143380832093,-3.657258731536865,-1.5980226976885552,0.7555792499114181,3.815622754857218,6.58298113957508,-5.0962395647146,-6.313065790507182,6.62580119902936,4.6680924338920775,1.2961800686540186,1.4797999483632316,3.423197610118419,3.9685974289814534,-0.9906209271366275,0.921244333383226,9.972140375533394,4.901380441730208,-1.886557221356345,-2.356210422108854,-3.0712672940967307,-3.812791690692478,-6.959627500593551,-2.2614653874227897,0.07348066370019463,-4.855485043173754,1.365114616024573,-4.794399425983545,2.700834218559529,6.379915283220666,5.0
0.18415260157260233,31.587070066104566,-20.561453261175238,-3.4491482487040495,-5.920537659524273,-3.3551868756370062,8.314512718911427,1.1769964585119668,3.2177231774153277,14.821385647979316,-11.287399541168655,15.74120231649417,-12.160238259021925,1.9902077931928126,-10.640354918340138,7.108031410196939,-0.497065153313495,-3.2700081754172543,-1.2372929199769551,0.9946789502370196,4.082322646139695,1.9249664364948031,0.017415068268752158,-2.4579708916704286,3.584548497217888,6.115202395343164,4.486143057171607,9.086939658698192,11.722063904024447,0.14171159793046012,-1.8328683140383144,-1.623330184016039,-5.882841015378441,1.3740959412670117,1.022885462788079,-5.140823287590988,-0.9098800418263077,-2.9706222099706174,0.3055749666759197,4.18695033503022,-4.161344080828497,0.6758641633723766,2.8040791514319108,6.479640221846706,1.9824724150424342,6.646352044810363,-3.408587092312702,3.0680359757856146,-1.2222993888731208,0.18011922375413356,5.0
39.3832572896806,-2.3473260788581727,-39.07615559802777,-40.24694433429486,-14.133705113488649,-7.875069895213811,-15.473102209965294,-6.490847013200632,6.316757126287707,-7.622224388857263,-9.269619130093098,-2.0564478164479216,-11.823217478533094,0.48049438522436594,11.595083745142782,-7.6289428006633075,-1.5726381372788847,-2.2598531922440857,8.207655250256856,-1.58739716165564,5.3967690411859355,4.174153998850634,5.412063600343467,-6.614223006712883,4.983483020446519,-11.073452424812325,6.935506469918742,-8.367638813498827,8.801239893006608,-3.6880464938579935,2.4589066981500123,-6.797161546522742,0.3527500429849947,-10.872300971802904,-4.382966454380612,10.13727651211621,13.050021897326959,5.433241076445798,-1.971334473288912,1.7708918791770636,2.271397246992948,-3.3032779040695224,-1.9110652596527793,6.2548156327505025,-2.0308846828127467,-2.403265453904724,-1.585353053025681,-3.5162622461984827,-1.8369369055414493,11.062903249503027,4.0
19.78765098194599,11.310809484501121,-7.374295822198617,20.182901611445377,-0.5419805137127984,8.941301939544317,7.250118379156824,-4.051962857171541,-3.3378115608072263,-3.8152747834194423,3.2924068157885107,13.953167156572976,-9.560495815103842,0.2342346005607848,8.470789179996023,-2.3193334200367124,-10.941201929164928,1.078992021963971,5.093260341974203,-6.392941008825879,0.3591724901003017,-2.6869312730625254,-0.10073127332560529,-2.036571058605179,-6.078895371692228,-0.44433185698990346,1.5258917260265623,-9.019392693352929,-4.661575292397911,3.4409670722018983,3.59348822162385,1.6811537229907,-4.945302283533809,5.884735296957693,-0.6867217059446796,-1.1739038013389735,-1.272700372029256,-3.972289651729107,2.0930725635056975,-4.045433366600512,3.1603298579004115,0.6482632726091121,-5.81049363051119,4.10954214264029,-1.9567103025855366,-0.8894903281294821,0.5730970403692996,1.7679808226071947,4.679793744675159,2.7042713915845775,4.0
-7.029566797024423,4.543318893008771,12.2543995487448,-13.157485675439098,-2.6965753850217657,4.364553912798991,-1.8873904542554283,-15.323054053287144,9.853686296241296,-4.553582010237256,-15.14400180126948,0.933567207138075,-2.8291632343548083,-4.271791268790959,-0.5493326384493532,12.248422323816595,-1.89535174668377,1.705907683471032,10.223152632401094,-11.900638368857967,3.9971444587764897,2.1195628946838285,-4.051840787040694,13.287174733288216,2.650190554375221,5.525761263035638,6.974498927942102,-7.956637915441974,0.6288211907035242,-6.987781012368678,-6.8274192469505515,1.816123757990713,-6.714302721677071,3.0641423502604,3.6700384369512196,1.7501318884254307,-5.285782254811519,-0.9972257903233611,3.9883458607181144,1.4211130344690222,1.144092052894323,-1.6216125621662518,13.950484065361543,7.642956526812727,2.535360255351482,6.8477596717724545,6.759477650494121,5.904141755312943,-4.230445105366248,-2.062836031198138,3.0
33.04718113898845,-10.214273641913586,15.991485778968787,-1.8538326235717375,-4.911630756522915,-5.588328405502476,-4.785016365962764,0.07489365625532628,1.2861088435319799,-12.348280679593667,-1.7793728473181563,2.8732504891565465,5.720142778141452,3.4436930872245215,4.400631168520662,0.07150448419207114,7.891024365291003,3.038134837389611,4.505230465852746,-3.9079701924885146,3.2425939238648533,1.9862415308351837,2.3368499019835554,-3.5188665866752813,1.9827346439716145,1.4114828060090632,-4.3464392603189,-3.028315997403262,3.0975061116613167,0.4515153685223154,-2.0408957967719887,-3.567474560310324,-4.043140659680873,4.039126391700108,3.0537011324691696,-1.967740504894824,2.575872303475164,1.5365252322991645,-1.9457732149290066,2.549097347427838,1.9189481811340101,0.8359709431496518,1.4581850789607465,-2.0915254530030905,2.5623207200859612,-0.8725890395567678,0.7244548825107004,-0.4113296008633098,2.9952090099675974,-0.14507011060111097,2.0
21.322084777413444,9.191986122101996,8.599371757558643,29.03135940050878,-0.8128981181823318,5.573070718693783,4.317371871178383,-4.7016849936351095,-2.8917805678662147,-9.219284910646724,6.692140536410842,12.947845739186134,-3.144391985761016,-4.61346960760902,0.6449036960314866,5.789116784746099,-10.640318617473525,-1.3246973085987737,2.998981232630201,-1.4212136480921267,3.366911127561893,-1.304302048549319,1.2775461888371462,-1.1625170182299782,-6.349736500635387,-3.5807651331040167,2.9087301324546093,-3.519022444910953,-8.158201742445856,2.714970551713737,5.087830456953653,0.5175302352912241,-1.001424973669474,2.7361661791794507,-3.2232224688317372,-1.2224223685916102,2.9376225413041146,3.466322181071431,4.3861014250050685,2.5285221737984185,1.4553652657856866,-1.1742858644053504,-1.3007689311411892,4.345965630245556,-0.046233237637508404,1.647664781750825,0.8194895536165426,0.3732771331940115,-2.0476621441577616,2.2497773444061604,1.0
-47.358141942505036,59.09944640461755,-12.90082838403966,9.611079422167618,5.0621880923962435,-7.564670999436089,2.351392292556849,18.511728606500686,-5.762882869399301,0.1279444464821633,-0.36755163665197765,7.65359505593637,8.933236673012136,-5.264688994331123,0.5899488852007214,-4.608141347845838,7.29080644756777,-3.3500285254745004,15.941407207734294,17.264246713783375,-6.695992232387498,3.612822370213891,1.018163228827593,2.9028758074764482,-2.4765256351761344,4.080548300192916,-0.03445272543446772,-3.98598774732571,-1.4787713345970717,7.659839610363303,-3.6854453538413496,-5.751201502380729,2.9435035998793646,-3.791579791786549,-1.82641837840469,7.58365044912306,0.6531355171236182,3.384248326055071,5.4331449774062825,-0.7063334487254663,0.38864629277789375,-0.8009617712087702,-4.541427015643197,-1.7063438324947626,8.50732731484726,2.5810116033544834,-1.5214697721700126,-4.953034281032686,0.4939782291627772,2.6771275765733313,2.0
3.691699419108453,-20.243109813265985,-19.777759567489134,-7.9409275276253855,1.9978997089348993,-10.925088940616051,11.813387113232169,11.904792978470132,7.561349376145991,-2.1256268982343856,-8.496209726349193,11.864012332988784,-1.4112703335269223,-1.8390628587531948,9.45711909383651,0.42917907028377705,5.296883943090528,-3.3597483769668997,2.6356603777342014,1.1756148846254995,-10.005231280873454,-3.040682691274688,-8.430066992307816,-8.149824910268718,-0.014248002128542124,0.556277057500708,3.1077633348979163,1.0274933288369958,3.529459202466018,-1.1211982021694522,6.590603147494952,0.6044847125349612,2.701216979285687,-2.2048932886680785,-0.5422281674995141,-2.5945846395622922,-2.225332363687872,1.351078920020156,0.22027353416980355,4.777126915800196,1.7253732301200064,-1.5173812695851303,-2.582521659976974,2.1931700211157987,-0.4435434049527763,1.1966671530966757,-2.8003518240881555,1.1537221729600333,0.3548566960330847,1.6845346662566085,5.0
-26.666960781107694,-19.915568064087186,31.183697895465464,-6.396725293705342,-2.6518606862817427,3.3362468403789363,-5.431988512017453,15.843732844943602,-6.073069370978093,3.739155350236047,12.484955701859052,-10.391127980443368,-4.122387150915614,-7.724488277390112,5.260704433980325,-4.816124318661488,2.7692141425930896,7.827404894791825,5.330120628886181,-6.997517346626042,1.0623393394728793,12.29391710086115,-8.02302403218622,-5.961838883633541,-10.103541305668953,-0.9902912920722774,4.604060013672706,-2.5232372292124214,-3.954414983463399,5.889654667040865,2.377613042522493,-4.972916919855847,4.46508875438705,-0.2908511531622214,4.547644146237364,1.659707274216783,8.44786318392376,0.4013333580847931,-2.4091163677758476,1.4466830068693146,-0.6852918792893348,3.7486155483520442,1.1978663285787665,-0.2855757120478502,3.250942157196754,-4.572587759190655,-1.55209423377749,1.096256005903869,4.082038057991449,-0.9351810607230214,1.0
-21.74662901567464,31.73935485946001,3.435330478232241,4.47537181485325,-1.3519241068383703,-9.932715603826805,-11.205525761792831,6.098623289848965,-3.0034886537788226,-8.893891545923301,0.05063814152265245,0.003074777737289556,2.6628988771999236,-14.64305040670682,-7.204134506550136,8.07956587175403,-4.470911778846619,-5.129452813981773,-5.4287974579933875,-2.6672362327338437,3.554448984351391,5.700364175926304,-3.1156075530710896,5.6412662616043034,-3.1295690390953794,2.82066499479606,-3.4541258609145404,4.55626760749398,-1.282400153632681,-0.8371163086292168,-4.02321595754652,2.6535125558121164,2.9116249570458628,2.2674151336389654,0.8371510178893524,-1.8580646251478574,-0.12273124283359957,1.1398864317704676,-3.9933583119459386,-6.725654924462541,-2.4899346612328745,-7.258052600785705,2.164231911355769,-1.1485101873889627,-0.7341608794488782,-2.084914878878629,0.20774316331543455,-2.3830469179597653,-0.8504230025191728,1.7212501021205109,3.0
-16.26443898686097,-40.91749144662766,-8.34673915491495,3.085552008456828,1.7264326596008668,-1.2746258661060457,8.23028007769871,12.84379357409895,-11.393629097731656,-3.780515225693368,5.355151906330938,6.18695688113934,4.67928111070776,3.4111577422131862,1.2260851355196571,6.754063404064393,4.277066916393541,-0.282320675966469,-2.8803318240709013,8.678593996517174,2.302912037006364,1.3807868221592121,1.193131669144592,-5.241792482159764,0.3718330710413011,2.478859882469004,4.3453100421781645,0.47402068095656785,2.8627606053618297,-2.7095864956778755,-1.2086969010599389,4.339406928880765,-0.21809522305202125,3.4096114338038386,1.7420831124847866,5.458106494039737,-2.050731582026408,0.8813011276575494,-2.0011114125534175,-1.5229079813454274,-0.5977235523349981,2.9880448496236096,1.6939521418363244,-0.824763371222948,-3.2948430950702465,5.027012617999983,-2.0377977851971028,-1.390763985493795,-3.784725252115503,-7.263304452251492,3.0
21.53361094194534,7.177403677804022,-12.011586246573103,-32.103198362865015,9.997852795830442,-22.722433983191728,-6.81275058350556,6.357828203382926,0.7801701530937223,-4.94151110300653,2.4597998527225737,2.2050798446069746,-3.2140215756158708,-5.439759486172817,12.610261950451525,1.7021026084962625,3.511850662526502,3.2407650530715983,-0.0005408210316664226,-7.490571941493376,10.474393347934155,8.817226788708785,-2.01313978997664,4.963357988296641,-4.739968409847753,-12.839156178032287,2.668062373760394,1.2444770754868577,1.3539590984970418,-2.515912727580025,-2.3510473916691166,1.1505426218904145,2.099477674337767,-1.236473373198277,-3.3333789211053375,-0.8825252935594866,2.5350020270030496,-0.29593241816092414,3.8218460313933242,6.224299763376525,4.264946187435267,-6.0060510581375235,3.7950778685800914,0.2756038984534128,-0.5494866129253069,-3.0546769210199427,6.835131243842802,-2.344570624464648,0.16046911548217266,-4.3969464661068205,5.0
-33.65900768255013,-3.519887077808601,-14.826065977580145,12.536652182889505,4.122891574269,-7.621551122779446,-5.538714499819928,-3.5762658896701245,7.169252195279583,-4.5967246183400094,1.2854919370194635,-0.011506441722055881,-6.903598011283143,6.2757830460814334,-2.6996965722137087,3.459164064865294,0.9126412998128696,0.9433881800428272,-4.351266762202518,0.7126125969853557,8.410757279316881,4.265887808862218,-1.5709009547972912,1.503679411128035,8.61137783556566,4.36739819862576,-4.863781038946389,1.606919190619032,-4.917690997628782,-2.858435191364024,5.3436437442458935,4.4543489200719675,-4.780321797567403,-10.367734909568782,-4.029484032686261,-4.063763442342905,-2.213225832440351,-0.5537522597779506,1.4975438515976915,4.44127346146929,-3.2194580930823262,1.9202679668279645,1.9919185660303589,-3.253292654587096,-3.3628588390736405,-6.298948386530152,-4.655333193398874,-0.44758923217876206,-1.1416708750848343,-2.1194540214734974,5.0
-19.33070375531312,-25.10580158571929,-0.3656672703532442,7.733016103354167,-13.060016719033257,10.44696017078732,-6.391518727939218,-17.10760236012062,15.850713478019067,-8.797305227391877,10.64771224754858,0.7749647677862587,-7.664381571216314,2.9596818696613436,0.4127325628975335,-10.354050011400194,11.587923223709035,0.9950649401173314,-5.447145289976764,6.460314185582732,-9.643793694401168,-2.3072745638737953,-5.160444224532149,-2.8533278238105635,3.847814291832207,5.1569379823504,-3.948526769264787,-2.8518932290434336,-1.9271049549262143,0.8758021718532908,0.5182780057355207,0.0509675776607071,3.863035030559442,0.006004449115920087,-2.8393344187517107,-3.2980302227760054,-5.003843303104159,4.03803247286057,1.0837321977610173,-0.17287042510523568,2.489160530547296,-6.166111232112253,-7.4930209776448375,1.5338931211119766,2.544867816285225,0.03833148792660654,10.120005236925799,1.2428836786949724,-3.794988746374606,0.6936100682355223,5.0
-3.645920003612742,63.93736050945948,-3.1319472716093077,1.73694972303802,-13.635621641041821,-10.769208521322405,-9.735246138509394,3.1781679648957675,2.621785364006183,-6.86858313551669,-3.1658511308757946,-3.910592838180213,3.2603275714219553,-15.438925641500784,7.187322346137322,1.978453885767815,3.703170795776159,-12.345416838539036,2.8644242522071353,7.199423481020487,-3.1235518735501264,-3.741932041551159,-2.8650792251298567,4.507021958725739,0.9167827448735804,-0.795673208611684,-6.611069479367751,0.04459517469394518,-0.5149061128952044,1.1967790632231758,-1.4240492470980561,0.8813234791180901,-0.9927544030264102,-1.589792003311941,2.9340050661610095,-0.2497197198877242,-4.996289575021282,3.044914609971922,-3.354200032385899,-0.04225823962070611,0.5647315108478606,0.7968578553721108,-2.8674974462651392,1.973875073286195,-2.369443315420651,-0.44398268061109086,-3.9347341049522417,-2.3123620035163133,1.563765033333293,-1.774154581338452,2.0
52.442756611282164,54.963196983226446,-11.878880941100038,-11.911998143659554,27.65321847897627,-4.911702743361939,11.076204042670621,-18.617241026396528,-9.683988243076579,6.490819002089228,2.6211982559735247,-3.0593060232609064,7.093336607502864,-3.366284815563415,7.978824799465565,-12.337221187531018,9.248769403025063,-4.044769379916693,-2.214177119144616,-11.50504075523246,8.55532346476811,9.84436776578567,-3.990582447439493,-10.088209928625346,9.76742895947765,-2.847254001956281,-6.764784493438134,4.3398512887631115,-3.2507535332675106,-4.186674763496239,-9.59883903087258,-8.571547378961638,1.6938676628363072,2.506304250135907,5.427332701510622,12.756250416533726,-0.5777148629590035,2.9923716703056535,3.2013289280563453,-8.413911301919015,2.221899824016625,5.953988977389871,-3.1058696570932485,9.46224567235802,1.3517182536983616,2.831802635671287,-1.53139076809144,4.245010575864859,0.5095375670013483,4.635461805756484,1.0
-20.402579927035905,-7.466166607218329,-12.734104186350876,15.032220010805007,-1.893055360818629,-5.603862511105917,0.8546472214425578,5.151175011682519,-0.1540245067515288,-10.722281380086857,2.166855771249775,2.478665795580141,-4.503611189858894,4.659691354546947,7.722133874951811,5.4183774962521785,-6.245094631840714,2.3896975725262974,-3.013773088066923,-4.6311935119045,0.08145169469701632,-2.7579480748650145,5.4588991325017515,-2.82618211491647,2.2103822068626164,0.5304504953080658,0.3983779728201401,0.08909396588188678,-0.08439028908017132,-1.2668358929075654,3.8304823393643175,-0.4127458140977866,-3.2307948640007886,-2.745464662081293,-3.193384799259955,0.04692366673226748,-0.7862921892326509,1.0968739846016038,0.018675607947320663,-5.829031113599912,0.8716426716910032,-2.509162036715915,-1.145782234214192,0.11040096993650009,4.31967440101726,-1.2048792368195724,0.5779830185643292,1.7970184355705947,-2.7585438283441586,-1.5957394869682018,3.0
-0.8603013478970731,2.0453848564757733,-15.983380879861244,3.6510198091976274,14.550053607667575,-23.762277747725552,5.964276284352241,4.524877537939124,14.952523594600068,1.230479846372985,-18.5736413335847,2.463545211488136,-10.690607802250977,2.543717569691847,8.738606043898743,-1.6694428247151833,-2.875450097423673,1.1356268553833062,0.20106468168143266,-2.5576383526233966,-1.4946120467153836,-1.4573860117009019,6.30603961006068,1.9419391494904623,-4.461655752376058,2.441635253442186,-2.544071795229713,-4.932988170201459,-1.7467048951906274,-2.16285390295179,4.664260954491552,-2.5916400612602852,3.4987471623399875,-1.4672699693978606,1.9891266410303918,5.627651886684713,-0.2770737169564611,3.253825317701724,1.3386008296258636,3.3293327177117726,-5.516377308175521,-1.5920574609102147,0.19211973085828957,-1.0074948772907746,0.009137307186760923,-1.6496697610891087,0.7619210633798583,2.3659939746881085,0.5847254580593889,1.7801606262704388,2.0
27.32188221186702,26.253408452628037,-1.2570812506406455,37.73752556963643,-6.292093583836193,16.923949975319257,4.908784969388093,-6.9809590581016945,7.313593358503002,17.3977435522558,6.490715496129052,24.009465190474845,-4.340551593226458,-4.723060135797546,4.570721164599843,3.6634051838924395,-2.1129941115149102,9.862942966531644,7.529287409286799,-2.994128500982154,9.160276816973024,-1.0612082636499194,-2.315255539415497,2.6649148765199615,-10.108039550089703,-8.356570792565124,-2.894191531976311,-3.483523834280525,-7.676458611023427,0.7978010581396127,3.6546599719757817,-3.208659203149174,0.027884535026689916,0.941929062710373,0.8234281240036883,-1.7615089888714135,0.1879263245597557,-0.35535318276602335,2.231622604938767,1.1933751776674166,1.0503019654115182,2.1781132490492854,-1.4651506756816552,1.9274933570959831,-10.017407857441757,-4.5744663101682175,-1.6006213737029218,-2.3933351496247455,1.2093167411164019,-0.6862879917031917,0.0
30.769227277028648,-2.6290000987734388,-21.215140952674755,-15.199343438308594,-27.578122796743706,-1.3505499143153639,2.4071708968091006,11.55727887768479,-10.070332585440566,-0.38067066811419287,-1.7372579350239927,-12.973627225764718,-0.4754684239966801,-7.044945823779452,2.1127065728852483,4.574796187586771,2.4200744676805765,-8.648613058822235,7.108051617025775,6.832425986519151,1.6452112666832437,13.30432157355261,-8.901172709407392,0.784362968980789,-4.171099869438031,-6.094771787977964,-1.5304862367410619,-0.47397008512518995,-0.45181346066073574,-2.633540529277538,2.7518595314327254,7.100758682829209,-0.27499361248641346,-5.721755589302812,-3.8241799625377397,-4.19427672669091,-3.9610419722993653,-3.714998701360023,0.46113656251331614,7.263213732896752,0.9752408988890251,-0.9638160480062952,-6.000238676451268,0.7859488746831462,0.659823023503986,-1.8502877089650236,0.17949112506302514,-6.9589580741888595,0.08918142590192714,1.7271229684816733,3.0
-17.204319442402895,-17.2371233018146,24.655688078861086,-0.39512362738369833,-0.08943528579992384,3.760685123257627,-1.6326334998216858,13.249056702944817,-5.689733188920105,-4.565320465867038,1.3590830496274864,2.3040408886907655,3.0293848536283416,3.3072881776876644,-5.863007976189054,6.630464659080994,4.5775298525540355,3.778123632478313,-8.230710286437532,-10.682708374642749,3.028449005291557,-3.1925136891619856,4.70917523025127,-3.780964302367844,0.18444572059285658,2.60589607183844,-6.813509620758313,-12.706782004667739,-2.032136092100587,1.943954889968853,3.8208034542353384,-0.0346903910519835,-0.8663077547396324,-0.8374264697452414,0.16026827229272306,-5.525546728362494,2.6144971261353795,2.1468125970275187,-0.7131643664087892,-4.371075132152572,-1.1169412454318242,-4.930243669272283,1.56524415211801,1.9132379443892338,2.258045017108465,0.1645736792286668,-1.069502628901024,0.8610431526175146,-1.4587655432000932,3.0774583844591707,2.0
39.71635955700739,1.745278239926601,14.545097347025406,21.667600862283976,-9.687099889672277,2.8510802198619563,5.745833646380808,-7.906375757577006,3.680711728139999,-6.1032570616210835,0.8489955091627082,-1.0085987226919733,1.955291367234473,-2.4396285729531,9.696336892448782,0.6934831943835309,2.0756123087863565,-2.2049948930373495,1.5077453572485031,7.719556986133256,1.4130220096287516,7.477787327146162,3.1912584790329728,-0.37156336289174025,0.2456813946759084,-3.949118524918256,-0.9755465063548989,-2.2078168133240546,2.060182258976156,-0.7165428871772034,-1.8030642635300849,3.805147209301425,-3.1686559895304165,2.083367749946743,0.9001855112621954,2.5826316800754867,-2.6586859043284368,1.2218184083752148,0.013392151287470934,4.940023082321976,2.6811371553259735,-2.388586425061443,-2.4577504050536603,-3.511080219080785,2.5617460849403297,-0.4874498999164246,-2.775059553427831,-4.762666090007826,-3.2089370545239357,-2.929196724123316,0.0
-10.88355634946761,-33.368561165185305,-14.239828814620735,8.292660436233366,-0.4688188584971752,-8.817958773073133,1.2743508651658904,12.811088331642058,-8.340710537277252,10.7161083902589,2.8756486452356573,-3.4228265577246195,9.687871792480378,-0.3043410987426348,1.2217128196407632,7.411705654041241,3.323342069563029,1.4040161165385328,-1.1557022304354876,3.4906116269834464,-6.484265189634901,0.7213596580057556,-5.833273952369214,-6.320741166287913,0.7160947613367167,-8.017036210957704,0.01535468606352186,-0.21746186710748494,0.3054384724815547,-3.5210684641706242,0.4452501553725455,3.8033916921410817,2.030344957215564,-1.255636129029613,1.3877425069836087,1.3375100219844562,-3.0653839471286917,-0.042561814594505,2.950073649350817,0.5646771035453971,2.042407030573526,1.7748887449241983,-0.2226140073707234,0.9625513878176223,0.7916722228640553,-1.1479409626099348,-1.1395116327149981,-1.6845999163003484,-1.4999991064374605,0.22466868540168808,1.0
-40.06386013112397,-30.27874746350105,3.571524332267745,14.424635611912839,3.1924824531963267,-2.696692053913899,-9.33504449073604,5.124042712628692,0.10817990034963355,-11.578034754908137,10.976103593083016,-3.47326482124167,8.173763626883584,-12.1085684092328,-11.07409549515243,-0.8460265914836393,-3.910441305004321,1.48828481617814,1.5874399909760402,2.3283079060062764,4.071657242815025,3.661943488779873,-6.483989121540694,-7.640330221955301,4.175097883053462,1.4373030133482465,-2.602962437684696,2.702285724988632,-2.028570004795507,0.023217204700150255,-4.686037240721776,7.502320714730566,-2.539283892733549,-4.969278333028574,-0.11850210588349179,7.78319676359456,-2.274716087362265,-1.193017917615056,-5.7049974475309035,6.102773602492817,2.0980051817195084,4.52323846286531,-2.4301764623777005,-3.6508530941168664,-3.6969692751820005,2.9538677400716415,3.949082121577376,-5.143114013999489,1.0764570577006558,2.043635770535338,1.0
-14.839456546953192,78.63022421630265,-2.5078826098609253,-5.723725821151137,-16.04290894287629,6.447201425346106,-12.380372781888061,9.555514845654654,-12.904665423910052,-13.54472874523979,-2.2194088190584917,-3.208662115664006,18.517976906671553,5.326669288016158,-1.8860122902872838,0.08205604959758982,-2.840991852946482,1.8040536696418683,7.592756744327456,8.568646428871151,0.5412752235534065,3.9457634768217322,-2.5225438120951607,0.617494719337815,8.073834714230125,-4.206259552203255,2.398516889486546,6.378039509012563,-3.9992718017588045,-7.011544648521427,3.611991847126861,3.5239442420587634,0.8340591153357121,0.1224815730772638,-5.348644000219862,-4.248395506117667,-1.769523298885166,1.7184491341117174,5.209636198275435,-4.162082836165346,-4.478397480766614,-3.217335594248173,-0.9431932117886698,-3.062301575851459,-1.318979762225902,0.033352763722012915,-0.23599090038682152,2.4407939814222197,-1.7912600627345794,-1.9846600694891157,5.0
-18.78405265561131,-5.344671616239766,-2.1149438512093672,5.711048831051666,21.701620372087824,-19.96950858892802,7.454473597567096,12.305816165232093,-4.4584636921233995,-2.237743968069183,-6.261203220130697,7.015678972191819,-10.223753190035207,-0.32098905530139427,-2.035511647487408,-0.15243138278468757,-2.104844652852525,-3.4515249020690235,-3.5444028267602308,-6.588381274906552,0.7879782279048564,2.8655127526239257,0.7850857547833073,3.360696742735551,-2.89699626206918,3.120890339272105,2.697336140879524,-3.3900822140293587,0.6995508800938347,0.8798704217697672,2.3650450858553187,1.5475385385655094,2.4453494534184883,1.0943663155660117,0.3793453957384154,3.890836492328588,-2.2707799790101815,0.2855373960723381,-1.6810969854899065,4.5499098191456735,2.104335507512961,-1.9131774367325618,3.1351137388713832,-4.068519152754565,-1.5927880139464188,2.2464774008242796,6.539104879642276,1.3342143298677038,-3.7621396825820073,2.24355501156039,1.0
67.27184722882266,12.02777260620474,-18.05961349121974,1.8178647100522884,63.124068431173015,46.77835571299591,-15.74614808033939,19.347763520926872,9.292259331220318,-13.399328690986353,-7.6652591785647886,-9.739188914913603,-3.6197580976995236,-5.775159363792948,-3.326284165722594,1.4521251105781705,5.12822789539893,-0.6643619548800076,-3.195864109099004,-2.207396836360503,1.7565925801121955,-0.4216238750389482,-1.622888712674155,-0.6914408462174778,-3.179143619868385,-1.1979176701291858,1.1279764142733892,1.3116449684918907,-1.0799835268712528,0.33517627255527443,1.0282544531541904,2.0908394357561173,3.7752583454030684,0.18081146968555453,-0.7162201209286798,-2.325197410936627,-2.8298171647995556,-1.525164007944219,-0.17529336154829805,1.6666665532707439,-0.4299300222018487,0.5421141289777687,-0.6580114588334677,3.032314661143836,-2.1794105408920923,0.5823079080524938,-2.4375414890155165,-1.9407185935961524,-0.11545348919281734,-1.3370335960795505,0.0
-2.567653222068248,62.1940247771099,6.211068202351852,35.43934716617466,-2.7024000560774644,6.970130476730951,-4.036221510336399,-18.36005188851588,-3.4695922502324033,-8.945439259875384,7.244589522201967,3.1794596501004437,1.3632946070918421,-3.8052926052450338,5.960604683869409,7.798316010567618,-6.481520511972755,-6.482022133133934,5.495092535417233,7.197397581042956,2.227710787055802,-2.900393016903763,1.5500775141298726,-1.7221690272875392,-0.7538281423809295,0.430191478296857,3.407109343722238,-7.189198747060378,-2.1686558899354447,7.648479430251464,3.980752030260326,-2.6906332261453287,-3.2020836945386524,1.6642445035802644,-1.760722316699565,1.232329949000861,1.5480746533851348,-0.33064619589228367,0.47521256700552256,0.4126453697428675,2.5641745246377776,-1.6375746066816197,0.28307770680387584,4.8170785768975115,-3.1713642494792342,0.4905829160299467,-0.9243831891780661,0.9153514981072944,-0.3751701074576034,0.5048300995716877,3.0
6.099736353175866,-35.95746173552345,-5.433373500353018,-6.8304581847393955,-0.6115444584455787,-13.920669825300177,1.865934777478748,19.949526227834124,-0.40316391024744264,6.107812026075005,-8.230118473454905,-3.195607785570129,4.863423234400104,-4.132077318836029,-3.2476326521761596,1.93690286767214,4.215471245187597,-5.374305330080109,2.233454329020391,4.108080536630454,-5.821026721926414,-2.8386853429223606,2.0837045271075927,-1.4718972354749207,-3.7024865691779056,-12.320055446199019,2.0199290946777704,0.3143716114763601,-4.132077010879625,2.347520204735828,-1.9014921918148369,-0.8014168659013607,1.6296942169822817,-1.870976095318814,0.29582339827946297,9.182146401353592,1.7731004776950563,-7.0747600049292005,-3.739711524048132,0.6680500685523494,2.9014490197374685,-1.6480547194517052,-3.5768258378512736,0.05496777222517601,3.0716828051782974,2.6105284754593905,2.0945880702390887,0.335150661003932,2.4461957765967375,4.586018452353096,2.0
-46.411201864548254,38.65760776018578,-10.643839696658421,9.827408326149513,27.53161420814965,-19.327350974484915,3.797941731498062,3.789716519175405,-8.458086532260022,-6.51846284889393,1.4946957982285816,0.8221321975668497,13.062743458770033,-4.904119416112869,5.336895887645187,-0.5651357618895176,0.6750755381618724,-2.1449170170821668,-0.6561576654494694,-0.7785681934591192,0.13402774914613078,0.9346489850629363,4.536164956264352,1.8736315827451882,1.7513437465054194,1.365480053882825,-1.9447401738238317,2.8441869175719914,1.2119736183677736,0.3671566671987797,-1.9517406068241223,-1.1877507939010805,4.238773281200013,3.8176827668862594,-0.6777193436998653,-5.093272973491359,-2.6894690726654495,-1.8144303490690863,-0.17533292583042306,8.533437285508613,3.2748730630296063,1.737001297771548,2.655224374405901,2.269068445372338,-5.7863937879129175,2.9765240815049507,6.7453807521189155,-0.9057327732998098,-2.0660795007512314,-2.331716776393135,2.0
-4.854934869704725,-10.085016361384787,14.777182883503132,13.176969055979974,11.245429574197834,-12.850610432993893,7.992225915675853,4.345914922187987,0.49249618476700724,-3.5667787057587583,-5.32501240652035,3.280369705617954,-6.002053268150699,-3.911195721213339,4.334781109873887,3.2848306216446206,4.028068286412486,-0.6561435268440661,-5.555397574131922,1.3726101726258184,2.190491674038357,6.26734042913761,3.202090908917459,1.2847564926638593,-1.8319891530033352,-4.166958476251795,1.8864010368509527,-1.934046241978815,4.123466812195363,-6.35990396916796,3.0238830018474303,0.03523946694284179,2.363009559044976,-1.2516609505014564,-2.7786056265953105,2.539759776470115,0.86850005325919,-3.441180135412267,0.8300046670750932,-1.2485518791346237,3.3075531146500174,-3.0817466432982354,0.8351564898892561,1.8649084732201504,0.6974982094232612,-3.0925743555890586,-0.4758302181022241,-2.0112417065651624,-4.142662746317696,0.23375530861619698,1.0
-14.718836148627426,-7.438522466201309,38.11952104495532,-2.7740667860790187,10.31785870294519,0.7464377246706808,-3.924031288469747,-4.382883554125146,-0.33169603338095394,-12.147500343723124,-5.4672018912583775,-6.812757637614271,14.576285003430197,4.236202953224297,1.7111522271931439,-3.2350110631820175,0.8930992004767532,5.547127570870555,0.40157967092919683,-0.8893683119023145,2.202517787789802,3.526966889537197,-4.856675885695063,-9.46427805299717,0.9962714556934357,-4.280094298499321,-1.4498971044476938,5.166498798210795,3.666719123309348,-0.9533902342984308,-0.9084302168661234,-8.127894381140976,-4.495317063105237,1.3451130490373546,-4.42914978826475,-4.184606579716115,2.270081210777223,-1.7564778073281162,-0.2599472744469603,0.1398752367630764,0.19261066991465145,-1.8787226718474515,4.8297402487779,-3.4424718644050833,-1.064171743680083,1.5875797738095128,0.14914368002347653,0.8401221401462917,3.9901233029249843,-1.9712935013837607,2.0
-41.480104768962974,15.042417674980422,-15.85304768303031,-4.935164743738229,1.4950242918935281,10.85454881840085,13.389879038139112,5.504364135124821,-8.095347009811421,-2.986821503194941,1.837447021959612,11.563339408270554,-5.068800580366765,-21.005607582727123,-6.048284487204591,4.099424893724569,-12.477880715355555,11.87364524957618,-2.175348466143426,-0.6947945611983716,2.872644857523108,-5.772016983595924,3.213087943401132,-0.46208837077798465,6.681948650966174,-0.652988526689874,-5.137913321854536,-4.5797046137310655,-5.488719692269149,-2.863928047451044,-11.437764373357314,-6.179281546090617,-4.792376337511604,-3.031704213882523,0.9914186995712011,-1.5124239889747673,-6.652732702410836,-4.3117549213398325,1.6742663640221984,5.339915796834295,3.9000172041866596,3.803527859534749,6.673647199481085,-1.4521696984442727,11.039781239663824,-0.3852268993863877,2.3020226515637763,3.2171860489975757,-4.546256128241824,-0.7762604312355207,3.0
-7.508453864992762,-36.4847316467226,-8.31612015152904,-17.85392005006126,-5.9140136200501425,14.913482545274857,-13.354841297809223,-21.977754076226347,2.2527067309969864,-9.612696991988287,10.734647252196087,-1.4175525250478773,3.0488216657300935,-9.10411159187687,-9.162361131097397,-27.751663651023552,-7.648126891443172,-6.397522206642208,-3.493636247842099,4.5408102492597,4.808769684324798,-12.934230123549229,11.396143143316912,4.298877046890751,5.097474303513452,-14.254423492074872,1.8142781447280159,1.2693363681574905,12.566361381703533,-3.387213469910654,10.686267643111417,1.5821960730442066,4.088735977412259,-9.473613342314861,12.860638904756817,-3.5755483924377023,-8.713402367406777,9.726246702640191,-0.7389414710053014,9.636984183885033,-0.18601686238844206,10.597699109628627,5.0329348394916416,-0.16024987343797067,-0.9313092246950279,-6.122420855699372,0.936077084312706,4.622519858766447,-1.8723631512952346,22.436186568595414,5.0
29.677503830876738,19.40349237972843,16.75275171374543,-10.522168870530773,8.118833745551347,-9.192931845551419,8.812563449044227,-2.9647926991522398,3.821959287823632,-4.865077590225846,12.500939791169627,-2.4909753103353496,1.5741830685167353,3.7796257303314857,0.6953691950679369,-1.292927184762365,-2.749553100526476,3.836527225430295,1.6624649323462566,-5.324410298951079,-6.133972262077101,2.0615856786582047,-2.1492056665167163,2.146605655602223,4.922265787680479,0.22541237375022433,-1.0458987815331438,1.8720272820652097,3.2200440802206307,0.48788223764768635,0.8593177525111084,-0.99258050322815,1.034042194658152,1.6740616486165396,3.4272185355212734,-2.4075553359311126,2.389548073659731,-0.25553874284703343,-0.5274938773197553,-1.8668416618678487,-0.3317956120735587,1.0862142408520314,1.083814465583323,-2.0382177316989045,-1.4323381291636177,-3.4481567640223236,1.8635699670326533,0.36285347930443745,1.4449848752642447,-0.16102996310776596,2.0
-9.483084203899724,-21.26179524062002,-14.10627337584102,-6.945782921351769,2.6223731348900294,-1.6015913036970475,9.897337923279279,-16.26172094970502,4.396459603649302,4.39714497331578,-6.65349784114235,-6.375375727158476,2.2007103327700026,-4.495664585835949,6.806087853222835,8.053314011529169,5.894657528376449,0.10552873787194549,7.499926146426747,7.875392928613576,-6.4000658715776755,2.3934062175825956,-3.9983024811055743,2.906425989868768,1.8425626195001086,-1.4072428831551453,-0.4171555600881966,-2.123528154587702,-3.7949509426120467,-1.6020406584933244,-1.3863625632623309,2.6201458927123147,2.7817190801513925,-2.39293145474293,5.1319368219781865,-3.6141393235757415,-4.367529937861792,0.4911651700710883,-2.017292929858274,0.4117015145547419,2.5796468605331113,5.961913682233438,3.8973726025112754,-2.644339882498401,0.14257008489966624,-3.0243105230537966,-4.972120326088615,4.892072076413908,3.585027874110871,-2.3812936901074373,5.0
-18.29058935251311,-24.380837916464376,39.648576920434515,-9.117127517003041,-1.018598065776587,5.456513064754745,-2.752068949006524,12.669073726622086,13.87649803814842,12.897071404275913,-11.68676367306975,-0.03543993636633959,3.944971805636441,0.8406080222977445,2.767382251412272,0.39370165809604213,4.964399811459038,0.21599543934327103,-2.382808683816903,-2.413680426273208,2.4113850940368957,-8.1012133981823,-4.901631738685486,-5.385908472575473,-0.688521298278332,-9.932547929052937,-0.04589801149081766,5.255931100537092,-5.078709804456731,2.025416788085663,-2.743203172393353,-9.615093808377685,-1.4922140417730576,0.3712578460362617,-8.005024343180608,-5.281291618352102,-0.8563626352675959,4.133196834894259,-4.601662135431251,-2.3638252222686598,2.0199373095712545,-2.880055667374621,7.019945651654042,-2.6290962884152704,-5.182717614024816,3.149067581785226,-5.013630556143755,-0.10984177838277379,4.103438113526342,3.636311001448873,3.0
51.35172800536863,5.722266439960364,-21.831340473506675,9.52799420144047,57.00117092740847,62.92852361546425,-24.06522965233197,25.761133968317072,6.8447451823365455,2.226857794734777,-6.833494603681813,-15.118323470323272,-17.17455899918086,-0.7047096888926216,-0.17613495355946188,3.3781904170284447,-2.6409654700420635,-0.5760883901392115,-0.4104281439914958,2.712819613138908,-2.8026549976673216,-3.7680533983028304,-0.8256740275137636,1.2206862845864566,0.5591363006233566,2.7319187633288404,-3.9469265146771826,-1.526137954410305,4.6966341092929,-3.9902942630458433,-0.5586765064297777,0.37454906444722896,0.6555935981542514,0.41204805920072457,3.1194140043782688,-2.009007669133226,0.6978829028426836,0.28958612821157725,0.35610531154479474,0.754623109025733,0.6984949765943584,-0.941423753445632,2.2658518162995387,-2.1206317578355116,0.11365075953478869,1.4333746930862907,1.249819507961512,0.32960866531794103,0.9893268321870698,0.2938679463333092,0.0
-28.439862216253704,-20.444402299385377,10.987195384579932,-13.30022426631414,-4.285756127631262,10.595785235333716,-19.399040193055235,1.692853965738099,13.096619630469734,-4.535368729088858,-0.8884847434526799,11.510963505203934,-2.2603283956623406,7.877050057440558,6.002176121562565,14.016556268539405,10.99953112641999,-2.4886789193274965,-2.8686318630679595,-3.9439192714485123,6.221636439555488,7.769446448421642,14.440969513645136,-12.76433379354685,4.07801676396935,3.6743303484312064,-5.892358838316533,-9.990607851634316,-4.83798934874759,7.665634583354741,1.077104913999005,-13.519869946493968,4.434177685133607,-9.919800238569328,2.576779860118424,-3.874736191490917,-0.7843737008729177,-5.557995650651389,-2.5306416930263214,4.407493866970413,3.3875943736693483,-5.357065035616854,-8.860048453669982,1.2987091264203114,3.754156192775346,-1.2376247143847556,-0.6144745174285463,7.713151642002285,-5.769916017164673,5.768390589634781,5.0
44.88152192270141,30.004683594427924,-7.010291623770889,22.58407809305812,18.21806157719368,17.113945292161326,-8.519420754059766,-9.054331902836154,-1.2955574799140033,3.87436351333057,4.820583624944599,15.91113364570209,2.8752152259131054,-4.182394063172563,-1.3666363150482554,1.827638052013074,-3.249598522916602,15.289813715322865,6.966697969089804,-1.8305875472417261,4.3280081448941266,3.3390556325937943,-3.4964984485126402,0.01826894345042581,-2.258295929755961,-8.549422116855895,1.8539690661667514,-0.4433610169068132,-6.530573379764233,3.186504211732965,2.107569542133618,2.18361096560065,3.746934186533461,2.511286936202924,2.3603696551237494,-3.380951592648659,3.750702821193074,3.9165088443155622,1.9704844778257604,2.9831460758289556,-3.5035498801757354,2.0331673491309745,-3.545086530022792,1.5818505330154633,-4.834885179042447,1.6925479638437726,0.8912185301654825,-1.0478029479051274,-0.7816051122810281,0.7878135809844498,0.0
58.41490747168596,2.9576534438171636,-18.50734702598994,11.648116567676688,57.047784538412664,57.46785449004491,-32.32686117937044,26.39048491732132,6.040181454882921,0.8869924740508945,-7.584637158569427,-13.132781651673202,-7.969926290232175,0.31634480263063586,-2.2494539849505997,4.262657928736779,-1.8191441119615646,4.421919175462928,-3.21487967234984,3.0096615748845927,-2.8951498380521494,1.8076169252986447,-1.4166885944030023,-0.1861112524754035,2.632431959492004,3.859460309870153,0.9219531687672847,-0.7088108805685069,4.934470632400317,-1.5819433127503137,2.2229064121027564,1.2929016951119476,1.5085628663880664,2.150650769710303,0.6864685594987766,-0.17213855601618763,1.4372480140573765,-0.622100024314623,0.5446578972410171,-0.9668956808264463,1.3727449596466321,-0.9854328361790934,0.918638040645287,-1.5794042691788017,4.937785327873429,-0.07148218798627033,0.6473998730296148,0.5390737119481744,0.12627278714831053,1.2285831244924752,0.0
-20.873799573741113,-29.740986260124725,8.720759947928505,-8.067625982026648,-6.416910534935411,19.02815589466392,0.799760986857668,-6.9968988824553,1.931169932436072,-8.077292999907636,5.058707297848387,9.61855741163227,5.534068651467084,-2.74675191261417,-11.891666249821588,-4.649160604680417,0.4854496398185055,-15.764984094512593,-7.867759303411231,19.241473876983125,-4.156947101412752,-6.26184127006019,-0.15236694685866617,-8.908570165973412,0.8849804098286559,0.6973895043903665,-8.412718962799387,7.552244788195369,-5.938507891941591,10.850089476585014,19.9232717191999,10.525787770560555,-14.28615287411719,2.145319018185537,-2.9076029382057342,4.531416964743228,1.803278917546471,4.576523986201256,10.675088730894728,-5.554659998078573,6.990168350343275,6.511952406370194,9.84709478052869,5.324481644131113,1.279973608285027,-3.6333694571122788,6.065395241915272,0.6589154379566131,-12.445814422709468,-1.7499219527499714,5.0
-15.420387220787411,4.896967682300267,8.103486094015729,-8.599700131335737,-17.198489752921212,14.890167266603616,9.072446121818475,25.15445502314098,0.04182479637533215,-3.635828122610738,-6.383925726322086,14.559136205944265,6.403441099334984,1.8021863467643764,8.909276439169918,-9.252678244101286,2.7681359731921673,3.371092358160207,-9.419123435715848,11.505050903190734,-2.54483032052714,0.16475646267319352,-3.708917851476794,3.0248096553045394,-3.7069463852812556,8.501222657583293,-2.2494670410015596,8.027542915523112,-3.1152046112519383,-1.6638797379890555,-0.8481664155406367,2.006548025259315,-0.17848306250143225,8.369269874851721,0.39983371179428134,0.9213367137505014,-5.774582369534428,-1.2110623115746644,2.5324045119216603,1.707480007619857,1.6226287344207082,1.2825717870270248,-6.540680009721569,-3.182812776775734,5.353661191127571,-6.77772858975181,0.8058836746660674,0.6934550503214569,3.6961693116923127,2.681481144420855,5.0
-4.5256175694922165,0.3693941418315668,-2.5882827705098084,-0.8657568535432194,2.609603505065589,-1.7717590781925483,-8.394579307099551,-5.166184932139356,-3.301694799427255,-3.1263829828224248,-2.108780105288613,10.430912564833662,5.729169396176585,-10.096490622132045,-14.272884437666368,7.692443595632327,-4.806140819573086,-1.835251281777012,0.10197574644454452,-3.9050453116831467,-10.164817116199705,-1.068977790348633,-7.641893408646377,2.133261325970803,1.9409533341639391,-0.46411441307948353,-2.7218799147935204,-0.8762637865833847,-2.6802041186818935,-4.9438202673820975,-1.007111017068631,1.9888555831844414,1.433770509569911,0.5943138349214215,-2.088697898424652,3.070921688151575,-0.10150324063958847,-1.3734105513509918,-0.4351903580167592,-6.382266340191175,1.3830867664317295,-3.7121661020938963,3.4579227936992627,3.2460616985797532,-1.9205817792918212,-0.704967928827919,0.4737361794573713,-0.83501501274713,-0.29960798762543894,0.29616667138582603,4.0
-48.40621298385886,-1.4800755325977526,23.952520933820125,-12.342538519006242,-2.5050416016085633,17.540260202784605,6.587302562218071,7.964313690827479,6.237785550655241,-10.769021995249203,-3.9917784461181953,0.7506995031635203,6.85819935922038,13.158986154922772,2.9141314798778777,-4.012958859691617,-3.5581865392863303,-6.783086692659945,7.355774153723547,-5.589463598993184,2.4045599121317105,-1.7942147382797877,-10.483809466241977,-4.16654913292828,8.022322396394268,-7.784179854827135,1.0109214240552338,3.7619030796046404,-3.543412723103981,4.85365859006366,1.5966413962561468,0.6547633914868822,0.4322219330881585,5.473978467116428,-1.2796090586097009,2.7693330842424726,-2.6671507013280817,5.350221098886879,-1.018624708031389,0.7830928064379509,-2.744878214954939,-0.3720098715758617,-1.5287139408691872,-1.9480039860915324,-2.6993110139989938,0.6143444325900328,0.0032030127797090255,-1.8973004729929344,-3.1480217253795852,-2.1659365415043292,3.0
28.834511681042727,8.161638253767034,-5.204378650604459,5.919617996028888,-11.703539155143828,1.4649669690931828,6.748128660898639,-1.4155452037191913,-6.074432458450125,-3.4522480211879323,-7.010554643884882,0.10610301608841106,-1.3353021649833376,-1.3533631833335644,-2.4756320187937098,4.368705379363309,-3.2409985433672075,3.0316524717563382,-2.5352066257872887,6.080835597331402,-8.156563022354915,-3.583769476339051,-0.3783359842878488,-1.8400643618131423,-0.5042058107962195,-6.245354297917744,-2.6717700387414953,-3.192121713369392,-1.832549513218268,-2.998965920899272,-0.6126767210362811,-2.606462058068806,-2.9801992911665507,-3.201381809045189,1.8339445156862118,3.15032352714485,0.7066651417260049,-2.5977035114723606,0.20702062064455118,2.712163180128305,-0.5699545992066,1.1285410984819062,-2.7333531292730098,3.61287039390883,-0.9116339629206319,0.9660740348586753,-2.0735493810953916,0.32722909857263033,0.28156976037732045,0.3310536021058509,3.0
-30.84606394129093,-25.097989083771413,-17.1480371375879,7.461434377963029,13.925743490021578,-10.716921956743235,12.968633509278403,15.570878529158469,-4.914701377774421,12.140215790241049,3.4291644288714185,-1.9532352411107574,1.5014749398992764,2.152682612124213,8.181448965510222,-4.663969379264327,2.4725213000365818,2.703752890817292,-5.926786955042301,-3.1378185734991053,-1.8402086495834387,-0.8365091887956783,6.409630837957273,6.736966655154953,-7.4907060932964695,-4.310287159216766,-1.7285665433223636,-1.210368679207908,0.19579778354077976,4.308303299699969,-6.107891827474202,-4.08912990711267,5.481645937668696,-0.2764627853257154,-1.9989499302400942,3.18559142917156,3.096505101697201,2.1878223117084685,-0.41785258595122854,1.452768101103072,-1.7273527494707146,2.3517909983633176,3.826327224100848,-0.643845269953365,3.5260843331442233,0.37514643744026765,-4.77628833729445,-0.7506496588051195,-5.640397640013301,-1.1429264636627745,4.0
34.838515320957015,1.1550998615794332,-11.281611109270898,-23.2088993954767,7.4837795867994785,-19.537194880418447,16.619080483207803,11.623577347198124,5.860354090913235,-6.57275777808696,14.158814808749144,-0.11200890119768878,-0.3726667755085749,4.605721750114745,2.9072782963994777,10.129699124393692,-6.348844861221937,-1.7418994184584413,4.3910426680733625,0.9869632856881259,-6.451146849785496,2.5316931874889717,3.393876825306531,-1.6515169913987144,-3.327204602466308,2.086775943593864,-1.5336234042818073,3.37726692425135,8.084796607744636,0.46224007111223786,8.589010731527937,1.4003729109093959,0.35480692180403584,1.8660172242219029,-0.3408981431927996,0.3866318964649945,0.16378781360076552,-6.040596674452925,3.8790494650330185,-1.1498951808504347,1.8766598140548139,1.3824661523372421,-4.547569412698633,1.2664889825182781,6.079417198785326,-1.1284409804523992,0.8975600393139599,2.663834300885764,4.33322060313476,-0.5595578035141268,5.0
-11.049642055388848,-7.141132691179251,-4.798222082874025,-2.8428792737606106,-0.8540182232123603,-15.282196800038765,-2.815589216677939,16.843341096434727,15.275071193865173,2.3185542488472244,-10.098512544075685,7.698747753562834,-9.859247368093678,-5.011703371691656,1.6117657709858524,-4.881682988249549,-4.397232707673067,-7.6743271286729255,3.2294174917523577,-0.003536335690503655,-4.161822227856619,-1.1647414726371534,-4.41665764051728,-3.103176948157574,-0.2062931718587032,-0.03257701644426631,-0.3045112594461824,-3.099742648712898,-8.191668388967143,1.819743015014957,-4.112007778722323,9.547154529534557,-1.565622663237862,-4.755167889805312,1.2575115990351333,3.9758573743941303,0.8931354014971339,3.3896406752552593,-4.154601792525321,3.310410583216109,3.280975548955502,-0.6553003721107004,2.6263138775290202,-4.975522457149928,-0.3412836641057123,1.6832440537648632,2.6009178660208945,-2.8010959671392177,0.37037571368266825,3.275693462663397,2.0
-8.860981372604074,-34.586904284134754,-18.450266989300765,7.750690057487877,-4.223382769469932,-4.479256195755477,-16.26301841122978,-5.580534047488297,-3.1370322171433385,-0.12131755228527513,9.050761333699608,1.9417665547640763,-2.1969721183005824,7.0608604077759685,-2.6000367253377825,-0.4721243133102685,8.42782463455673,7.251947672628583,0.6248629134306467,5.6746957211754285,-0.9201427937286625,1.1435403430327429,-3.017878937785207,1.6041707341317448,1.1593403262805557,5.9386719490684765,11.644425390934686,7.228754429382769,2.040881812784488,2.4940048775382255,-1.158590051514419,4.142631272230576,-4.27140833345746,1.0358305470164366,0.3224978883271884,-0.8812157206535622,5.434698827616356,3.575390977686552,-3.8878835768494224,-5.52576689411805,4.151948336102647,-7.072701725654056,4.255756471194202,1.6365521053858356,-1.5456107227175313,1.9445249733787588,0.45595481514218844,-0.8551389301482987,-1.1466753957370517,3.2731058269459874,2.0
26.650374677998087,-22.41141534482202,15.041096213476125,2.05743768803903,-3.945427801545587,6.84524531242614,1.0467109112767805,5.242500235081134,3.3076829216829426,-2.5864844866792205,-5.370911762233942,7.196495871412628,10.009453388578597,7.948833221707975,3.0307255646238755,-1.204363996272441,7.87214309841835,3.1378379952838844,3.579317747771358,10.085053228307414,4.530067496290297,3.5061230384830386,3.746674758144541,-0.7827492036672856,10.962251268900728,-0.4381686421824634,-4.774285706880833,-2.4858062080084946,4.043059061814402,-0.8560230385550833,1.6639109429345478,3.0972381733220664,8.313246442031625,1.2503366122676645,5.729518091726968,0.7485187958520977,-3.6371852553059756,2.711026885494059,-4.267524772553192,-3.3214546545708497,-0.9457467109396686,-1.1037542064115753,-3.4294985084514935,-3.7887253084411645,-1.0381063109957267,1.14638850325101,-1.4761199197373933,0.9031675138594129,-0.43916239542435836,0.14287984288585268,3.0
13.747841303577477,20.93820162759244,4.7874652136450235,14.386211120494096,14.099127909315959,12.90346548420342,17.059822665632616,-17.232224917135053,-11.863576450976403,-10.10022951828603,8.732564584667708,0.8438844765671141,-3.23475075900042,9.965201624078102,1.5983372778700722,-4.516912041538392,2.1328482953788344,-2.3460225237744368,-5.059213400062486,-7.737106228160233,0.756225593108387,0.3080815246787711,-14.071468935196918,-6.752529501905003,7.556838697102246,5.267824114195411,-2.477705019896902,3.2919149883991126,1.0333177557922868,-0.02382818213879404,-4.8408695424970665,-5.369049533134792,-0.6079676466942716,-7.266204502082464,5.662889068843447,4.340028505474273,6.925230670862344,-0.28188217587209174,-1.6840345796071219,-2.3309141310086736,1.3811985784123366,4.263040688455034,-4.160222526575147,1.6074618614938028,0.12926538829289153,3.7189702195850742,6.659112150282322,3.3110782726708257,-0.502403396572018,6.422123935976234,1.0
-25.526796916261116,-20.50404881789501,25.90680831142759,5.04630997851878,-0.21834558368456944,5.336387430334274,-1.8283735030033266,-1.8190866052489607,-8.40101747106815,-2.580808218538826,4.4341815680345675,-10.541750276106066,-0.0826269146405448,-4.037584028640439,-0.5751783769844045,-2.813319546283999,-2.9564929583350024,1.0418611721424176,-1.7183463673862747,-5.611614084818626,1.4402650451610268,0.5666982557237223,0.4443957977800791,-0.9878035998737268,2.7461804511783137,-3.3909181635715826,-4.34459993012975,-6.024855924401574,1.883309463784402,2.6258320813482148,-1.1901405771671256,3.507348285774427,5.846981804150176,-1.7727429381468554,-0.16680324568996177,-2.5657009730037417,0.2975955962758893,-3.7511206551167757,-1.4573845203600455,-0.9476343721004362,4.136632682273206,-1.6087978810027,-1.624350556382461,-3.048682197125244,-2.9667355885845956,2.3612689479897484,-5.358596889546962,5.809308429460751,5.349515318434438,1.0380908007813767,2.0
-52.26944044132274,-20.11396296950711,33.153563482317395,-8.96550709926946,3.7658087425322138,17.71269698894253,-5.531705593719704,27.704458278628124,-19.432875901196375,8.225919027037984,3.9910632761561953,14.404996081344319,0.9912545760595926,6.679207193496721,9.546901113418945,-17.29126187907677,-6.251628260565163,-11.553127991647198,10.19686369558372,5.754941831973685,4.3097686687260675,12.180497827592285,-0.8753034388910171,9.544392455099825,-3.009364861312138,11.90340553088394,3.3056364161602376,8.753656344317175,-7.668200328242923,3.834696734915852,0.5004137451536548,5.650693291194645,7.957455285090566,-2.3220050910856154,-4.582558280454123,5.32094906176334,-3.426307044007462,6.820853108560466,-4.0628517666970705,-3.0274766619923437,-3.5503554479540944,1.0382266313018444,-5.094360235430678,3.3569194685772716,-1.7643329911500305,-11.066175832951604,0.4768102038983993,10.056457678809396,1.200486173274195,6.198098184865952,5.0
10.813131244435615,-12.755601647271414,15.62616128109063,15.8067733583035,8.461911624591,-11.191183792041093,-2.7649076865665987,8.122115118188285,-15.376520279407915,7.514028289099627,4.213346590101691,2.9595455811072617,-4.305094710478222,2.8897851129554604,-5.803232112682182,-1.5817580680739658,6.957736919353296,-1.638930998898409,-3.6194501474516705,0.09615036727382602,-1.502813859347102,-5.701849724359095,-1.755348435709526,4.581344635108217,-5.729701099643728,-1.9010359560593324,3.0043530523372723,-0.4721280676679695,-0.7022593458950357,0.1853629882149862,1.0514399076690188,-0.8381033016078305,3.3348237163255403,1.5320871467542747,2.3318479666272194,2.1885664783790064,1.097967951249931,-1.6353481517390789,0.46639126114443075,0.3911407111222333,-0.046419135003782634,3.5147788297786344,4.992439336552749,-2.4793208265243605,1.1967477269269353,-0.6286594892313706,0.4511630970599143,-0.6563097845936448,-3.4046414153271325,-0.8033151147874716,2.0
8.07125634719802,6.738659617697291,21.328821838627483,11.110430681307836,-11.148894165149517,-1.8981662895814122,-0.8545787227827666,1.8066577953150147,-2.260854712802762,-1.0084475004898155,4.751174671614353,-4.095320702835687,-3.218160018248949,-5.586352384512207,2.6586285064086,0.549193478331721,4.0975897082510615,-1.960935424826387,-8.753623746165921,-0.20866716771271215,1.911438664491059,7.8629301433779295,-1.3257645044884832,6.810579379566606,-5.9022174484722765,-4.029629879487851,-1.2632062137287146,-0.7846522909612751,-1.6024905491528,-4.826972191716318,0.9394458710687879,2.312968845925417,-0.587791638268869,0.9935349194983513,2.847528706608283,-2.098579924877843,0.33834927657565667,1.1378089322519467,3.0629517672091957,2.8024897363137757,2.195172987059171,-3.398734745153598,-0.9791234961260074,-1.8943183001197292,2.9043491088603925,0.8575221201303531,0.31644076570506563,-4.014959842186354,-0.3577289709311241,1.7647584227556108,1.0
-7.944322574169684,12.938567089722033,-18.05044921861721,-2.86001772077998,5.954685313294141,-16.968645601577155,-13.854925265594934,-4.27279705835293,-1.7177409636289491,8.530039470968985,-3.2985960632483566,2.9122787811105586,-11.130612029308455,9.32289014855991,-11.136311607090922,-1.249000411369903,10.324806696672098,11.356552975997833,-7.74032611806339,3.659180073746067,-3.5044837217277833,4.774322296227874,-5.986812200001353,3.536233442141734,-6.167112242220773,-9.870467158732142,11.955923455591305,1.998511760972455,-2.5182980982435135,3.2111154377736346,-1.2362185741417706,-2.814163703227799,-3.705927233779937,5.129554975604611,1.9386141256858418,0.44865556476840596,-7.677755835642096,0.5372943445364601,-0.8174676035354814,2.8363706365405403,-0.3245097800511316,-2.9231141629256325,-1.8602193188059468,-5.4201039999127065,2.232308526438353,-6.278376431394984,-0.9040623299314478,1.971999219609029,3.671377897649849,-1.2039138983577935,3.0
-40.80070123107689,-14.23754618038041,-7.09259975383069,17.828943648974654,18.120290052351873,-12.21072168967685,-10.095976614507965,-5.439752635692001,-1.7901245033813427,6.666133241195102,3.006348306131603,-5.184753029076284,4.193890782313406,4.309643694230776,-2.2346460762230222,2.460865350514954,0.7707461909860475,6.623711666641133,1.1527048823593915,3.0617545016951215,-2.146370868481964,5.8550111606559305,-8.800490107644093,-2.4479320285274904,9.143411189488873,-2.247788740736008,-0.6117882294923405,2.4441313316739066,-7.187158879048995,-5.100462256842256,1.7288433615491996,2.9052071030817683,-1.3289800327441923,-6.7068666313802,-3.217115922411744,-5.1094138769332,1.2964139351172135,2.9805287159679916,-1.22295233013412,0.4937109135581392,6.371074429576436,5.127785576188404,1.7242739366523883,-0.2731669895267327,-3.7058627562090627,1.6237493717892844,-3.3196940983515777,2.9891216371824725,2.42913968897557,0.3583015980512994,3.0
-4.741838346948338,-13.45899022095781,-4.151530660683876,-10.213420655415678,5.837534447293076,-5.781960326891381,-2.423180559453075,2.3234077826719597,-11.606196331739872,0.028148758465820267,3.036313287522138,10.94108716739185,-9.17928081875158,-7.564956508577938,-4.665881711452309,7.562865350408898,3.103886285677911,0.5553322212696732,6.489507545281483,-11.16949867508511,-10.480284147313291,-6.579036875327339,-3.5880467645537184,0.5763349679131029,-0.16210155685363023,-1.0267611006458481,-6.143187541422443,2.0611212759921345,8.550814513791572,1.4188147832123257,-2.0016302158797368,2.654087353014391,3.5309563415764202,0.5958262828008347,-4.562942696463848,3.087810643065498,1.4976544241600038,3.1468061803351373,-2.614692298656723,1.5959039553445722,-4.374624859275076,1.8310308796231138,-4.502504755466418,-0.653753818579217,-0.30427722554364345,-3.047591440789226,-1.70425822611139,-2.6415467490929014,-0.716410440698962,-1.1140751997909204,4.0
28.176716706446104,-7.74347056924529,26.3396785986035,22.86469717272217,8.4631762214693,0.6851706268631408,1.7706004904228216,-11.502569264289424,-12.646794235044707,-9.132195738062954,4.792600819527311,-1.339240770285652,3.9420418772580517,5.052844318464395,-1.1904789733391108,-6.1864868665695525,1.7465648944909753,-6.366464671869944,-6.00498697913308,6.996560331562378,2.5558901245988914,1.2021800597089554,-3.580322723756615,-8.32190714600172,-0.1137615084005162,0.0585695359654698,0.5704306846157037,2.0440715721873635,5.584523441148753,-3.68151690808552,-5.192364660970301,-1.6369963386435662,-2.1067072304521903,-0.2876023657945147,0.4295756204891642,0.9417973705672663,3.509519470937347,-2.089614946458178,3.3518563038750115,3.326466486896054,-0.5189259918327155,1.282719889232874,-2.941692119003572,-1.1028166352100082,3.019351647350284,0.6470152333360113,3.028393072144509,0.4297032097322607,4.324447661854096,-0.0006506828761480258,0.0
-14.22434965891328,-3.448388318796174,-3.315157759705222,7.8714110086149445,-11.648254570613027,-0.3090947582695784,12.519829344913703,16.463120096449256,9.005333949768621,-6.666073545506113,4.159024266267503,0.6909354466334118,-1.2955672791936208,-15.264233302251055,-0.6946460952991271,6.0697733905013,4.481811921007745,4.184717232970864,0.8878839057299673,-4.842297829132653,-5.138171582590894,-1.4296125859012534,-4.8049388068995915,-6.074916400469825,-2.2779012826864116,-3.331232523133932,-9.242011320988171,8.492772165604531,2.419441960009519,1.0378378228628258,-7.278890259089525,-0.9651059872177877,4.066645130447382,1.7364861323852574,-6.895076140043896,5.1485772681142,-0.5369895301797643,2.7743810951177816,1.0027927191072776,1.0594286734088736,-0.055188568767077846,4.049229438645243,-4.936070064712564,-1.3974973796653607,3.6232379514321202,0.5413607972102326,-0.00822566017310524,-3.009573855836079,1.3994021062505504,-2.778244783659646,3.0
5.543365414302589,-24.340220508270203,-3.192769943909109,-24.530550637494215,-12.431193823214198,2.7931468039379754,-26.402921237054482,-21.07755918620694,6.588555340412883,4.690816870637211,11.71204188003146,2.385534794559959,-12.596811145786477,-5.486302048748382,-1.488383921703091,6.031761987931202,-2.814854342415993,-6.341170229826896,-12.748050084108952,15.820063897893117,4.742878638071979,7.470187444335114,0.24818295141264457,-7.136096931858661,-0.6432362658830652,1.709547634331978,8.409768016605808,-2.4964324619222054,-5.733790409574763,-3.345951152040507,0.2861465323801971,-9.864192224161004,3.1487003516923293,1.9690346868403668,-2.1972217426820873,-2.758367217694768,-0.752574824044517,-6.937390528405127,0.04502102487425202,-2.5945006418330006,-0.43494176051646366,-2.5326639424525483,-3.42467100851709,-7.396572950466449,1.2785342958527581,-3.640702911503008,11.557319209015608,1.8191013999681742,-9.104122280179103,-8.267782477771387,4.0
-32.27231397438668,17.56076040819417,-12.94140745398781,4.467002988422471,12.250403687558645,-15.11145422147604,5.430796544470505,10.072263716959881,3.7708390403547116,-2.7353358810186923,-7.9787275698908,0.8007455013642479,-9.82796763863781,4.726385163161635,1.3352568597566288,-2.459185806878491,-3.7881651818104296,1.4310216235735458,0.20712938448245463,-4.16140345569514,-4.613828170737261,0.5532620901320177,6.143774472447991,-4.102134505264411,2.3115917228242577,-0.1539243572202307,0.17132282634633247,6.596960026183229,-1.94795553436062,-0.17141217775218578,4.119758047593692,-2.266450627933184,1.5337167788751662,-6.836123657788503,0.8597523672034227,1.250173196889085,-4.785651767365117,5.546656048049925,0.17629787498954558,4.139152183268016,-3.459299934732923,-5.983030417686639,-2.559887431126892,0.6497389756814983,-5.063956348142178,0.9961209027805163,-0.16219780552594246,4.248883376393923,1.7233821766507,0.463211292805456,2.0
-27.1351919532097,-0.3293751013836806,26.12545153614632,-2.1850200133298294,-3.9821426891340606,4.141809189909238,0.9464908081644534,5.200708371814928,1.6638702970566537,-12.563097685209685,3.1330010025053703,-6.014531074767556,7.197979387029467,7.732613672507467,-0.06010837539927724,7.961106893813494,9.46240764768326,-0.26184629590246544,-0.4042159625729998,-3.4784453749563764,-3.2100220981755547,5.727309563626355,0.948788306492792,-7.046599893874215,4.958512789601326,-4.304581951235215,-12.500244233887601,-6.47351017129608,-2.8158012782403326,2.8649596310017724,-0.37609782409980796,0.9003659980489296,-2.4734336812459436,4.757809277471938,-2.4810059432382086,-6.150057834645482,9.135080963092292,5.748412549129648,1.9513663633412506,6.952540590708362,0.3546982104478103,3.404619977330492,6.202151264094981,1.090444893614551,4.297033760609188,3.0872475479296155,-1.267869569849422,0.42658147302368216,2.5822587626294813,2.5666135573865683,2.0
-7.234452484806577,2.521962897035563,-13.336464131481629,18.708614863663755,-1.716773820505648,-18.313339516960568,-30.927099683053974,2.1727721617194593,7.096614910641854,-11.050871882293846,3.067934926794868,3.8858932395229178,0.32380336507497104,6.770172101461977,3.9251519466475786,0.9453892448848674,-3.4173141605917476,12.826957655918442,-0.6431074422029869,0.37869739509782896,2.415413139103034,-1.3550998826010194,7.119087086360065,4.5682233126535925,-1.6556248913998086,4.003974959092723,0.04183489857523178,-0.015030126173656294,-9.476204217955706,1.9923001230080855,-0.2801974921240709,4.986868432998258,-6.822615977642639,-0.8114860032378106,-2.2730909595697657,-2.858292566145195,4.4465850135957945,1.3326983850830536,1.875209576576362,-2.3295807830199298,-5.547268999305676,-0.1174937302399522,-0.9321401971410649,2.7273585031378746,0.24486182018624666,4.89978759623639,-0.6206630285102643,2.081325214225182,4.08471063793494,1.724110284906883,2.0
-7.657057863792077,-32.211516626464274,-3.987206109739929,-6.122197767030072,-13.276466997074806,6.87361090889145,0.28418726920909826,14.159468714309673,-8.819136517033186,14.221107969955758,2.241352697341011,-3.6496595095258795,5.214604295151004,-13.647495315197737,-3.7876497938973874,9.150955365174575,-2.080354015706687,-2.243148044612077,-5.778579774588556,0.3435791701183388,4.883977567265335,-6.367948134737296,3.554667235637067,-3.9628272064543033,-4.870618177043018,-5.373489455230691,-5.575645331287185,-0.34693126245009787,-0.09078414867518225,-2.2247309542280593,0.08253794528833708,-0.5930566102133689,-3.7535892114221965,0.7856704307466181,-0.8442569624765459,6.129243318690775,-2.707777926552355,5.986200956563792,-0.3696293437918835,-2.0985468646521745,-3.5137812468562615,1.8742573306120665,-0.7173777465820924,-3.171921396041775,-2.2368813896258515,-1.804699608094221,0.7456450851353315,2.0494089924594086,3.61468144336646,1.8805899284679697,2.0
-30.345125832075347,-7.045218551055135,30.124577560980327,4.307597184565476,-2.072151094827128,10.843532555829727,6.565541695693718,-1.0147424178232616,-16.81023305059606,-0.24653077021112627,-2.6663639588614054,-11.311409560501716,-6.119764892793784,8.108482282399253,5.60927174421245,1.2366223110054593,-7.364480538336691,6.456278057454234,-4.185399986484074,0.2760857664430572,-1.047181619747017,-4.249406960275305,-2.5891395239680337,2.1505473037566474,3.7438105883755273,2.301265515682171,6.010125060464,-1.9888201628366273,3.0555447637592117,2.9626808855625835,2.1444787044768567,-3.8173087143541555,4.750533533534879,2.5040097980697475,-1.214012041730601,4.0788445069185855,0.3185280054253663,2.7956489546955345,5.516634384422909,-1.2016715981691528,0.8361982204224337,1.5218600880278161,-2.9695239603862715,3.871757925997291,3.4892404153718615,2.409909897138681,-1.2501820281298435,1.7945726200224297,-5.6120845829184285,1.877718395156989,1.0
39.245531504831746,33.38101180649846,6.109513369881688,15.883287115240709,11.727323212141254,-5.0795662446281495,-3.3856259927439947,-12.25097355173227,3.6759825490446194,1.9326154543149636,-4.046697080666212,18.034967142891098,-3.8807473975710276,-5.06752764216594,-6.862685067575965,0.5374211494977954,-0.6986634204541017,9.537274241922097,2.0772252077858657,-2.9361768696351693,12.471669513270195,3.252714622713314,0.2980210536427557,2.590869817584622,-9.745615984149008,-5.124805599078512,-0.5954563444464797,-5.050311081617031,-7.628193571753103,1.2075033073095978,4.116578982584342,1.9447735644627955,-4.790860871927479,1.519046518295043,-0.6584084543215204,-0.39905868240531067,-0.894620191128969,2.0248415974441962,-1.3220902986457432,-2.416663464354372,4.525719269348478,1.0452840782634878,-4.045934924022862,2.9089385786126867,-2.303175877750835,-0.7183298579540941,-2.203985870784962,-3.1825340734157046,-3.120085363101573,-0.3569424151669463,0.0
-21.543212745229884,28.041114348661687,16.770432409472047,-0.32327966152624726,-8.106264271516354,-0.05716147121805579,-14.155039793159036,3.247787889348796,-12.33832503871973,4.509671842117228,-5.619629563550967,1.8830004783296497,-0.10023466942519979,7.345720552479285,6.8877168636430435,7.314541320727361,-1.889962558128062,-3.2481212867240714,-2.6529436933884054,-0.5507949547801019,3.9987014225322173,-7.606713682764734,2.9113714478855495,8.573821766669324,2.822512369739743,-1.5514695508447847,-1.3577779922043876,2.5102029245969573,1.106627493273462,2.4417180568627543,0.22625525282087527,-0.3873185949445756,2.5453084170464937,1.8514204285898603,-2.748484763964689,1.1891915820703498,0.9892702575125402,0.37226976196021627,1.2185442365550858,-1.9576790870883751,3.4036636037745924,1.0416379773944133,0.05290382080334367,-1.1365431264817307,-4.000643222310663,-0.3459358574264628,-0.040417700739657995,0.7419342840843478,-4.223356564521319,2.2875574572119626,1.0
-38.98360448193033,21.069176271888182,21.406146038606497,5.4925897447677166,-6.305001827239251,12.264480886578559,-3.018578016741385,-3.7862149569268264,4.574365828175043,-4.633923800549499,-2.5247250340278136,1.4604302260626225,2.100308678145327,4.67503852755293,-0.8966283155774807,8.715656386360802,-4.149870930331215,4.166085202152693,-3.337460213379792,-6.259311643416208,1.7781169620611108,-1.0203458670281718,2.5443127618909354,4.551511580529238,0.43373158445005733,-2.3029954334984786,3.6295826240198803,4.952158617205775,-3.935957422024865,1.5985435776933241,0.40121610561532123,-3.8223760125721937,-0.5512222827789446,2.4076834093793242,-2.6494311493023743,-0.21275782652788247,5.061414134751914,0.7130848656674316,0.19608959213788957,-1.6525143481040399,4.007732525522952,-2.235934345478666,-1.6082099562231902,-2.3742079787295585,0.3547676568020236,4.223362777758597,-0.8132138518291285,-4.634125881198542,0.6208010681746625,1.9264863413813476,3.0
-27.19169935900573,6.576052487214637,13.028059762267366,0.6325248452467346,-18.085560821635525,20.734947045921423,22.283317701557365,9.256750843162479,0.7320908196637116,-4.63212302270852,1.6623757475710486,6.096631967169792,-16.043544677319836,-2.6093692075846753,-3.811657108622567,-1.6903031274477953,4.0863229626690005,2.052600786637873,11.870424297126094,-0.8111996087935337,7.035775181080824,2.67370578580663,2.9865836504257173,10.554587981800863,-0.9928279850253228,11.704800060217302,-5.647809350274822,-6.344812802044023,4.560677923750661,-10.381834720582791,0.3491979453850928,-3.0850688299368514,-5.210244170779365,-5.858879630660165,1.7370081809361364,-2.6170075808649935,-0.019108811984010515,4.722813496918879,2.3386539492942573,3.503287013448988,-1.9213825686179173,-5.84654219745308,4.290469792629671,8.92229701971935,5.170611607740093,-0.9097423115687528,2.917098608671602,1.3456736136937422,3.520050807008584,0.8165002273259482,3.0
60.502073502615765,24.015394346537274,-3.495435070422395,6.370807355170434,18.391991883310983,5.083013756944164,8.987281944570267,-9.819585043266065,14.022763186566147,1.7785450008501043,5.344881954263401,19.542269802306954,4.881964665010386,-9.50694697229692,6.177141567248897,-1.670171508194086,-3.2001932621145666,1.2033608864767427,2.8311709957043867,-5.727934024579665,7.716879310884194,-2.070967901839263,-2.1469647757001464,7.568615496285763,-2.2955936109487918,-7.02260782111087,3.7150033137338068,-5.982848601086353,-8.577552746033597,9.311939102271994,9.486503381290325,2.742317141036833,1.8422995611199118,-1.3360261717639892,-4.948071041712891,4.879793236519392,-1.644094675251587,7.821480542267563,-4.838961710259205,-1.3068704911697686,-2.350992283590952,-1.9245011918559807,-0.1449627073137179,2.96090154215626,3.187670967241653,6.098616309483778,-2.9279555592138875,3.9100835903224196,-0.060034822893487154,1.5660389000572874,0.0
2.4596561684050093,-7.16511746121062,13.580574397879039,19.152400273815932,5.872950065586615,-9.768964655647272,4.723514864801978,-1.992770518369678,1.2661337663398953,-12.443793940831423,-5.826653646297837,-2.6194185308965166,-5.992259148344093,2.9318329842293225,2.712442583958858,-2.4556455421101226,-7.220606704051128,-9.18295412849642,-1.9166759598706982,3.4740862511439463,0.2643942766765181,2.010768005351525,3.312124857472015,-0.22676118464626516,-5.7244894288758665,2.2688060948702202,-0.30119797690982986,-1.1918037940434691,1.953015976356864,-0.9106935164091844,0.8839551021355923,0.25981990914317715,-0.1577048319894305,-1.063676542015955,0.2697608671475057,3.0007130683581704,-0.03685282319630818,-0.4931859011728836,0.18691898287756506,0.636069180059639,-1.8122349288851611,-2.7436162860824287,1.9393090962936579,3.8831415832667506,-0.8109948483098104,1.6895541589806595,-4.270919627578697,1.9320608539397401,-1.5441332712620786,-2.4105444810320664,3.0
5.830720363726849,42.9658720740558,0.9636417241426358,-20.370111145290643,-5.9641036109228995,-1.7202134772287245,2.5420670253042834,-4.072306289659689,0.12710961367660734,31.277749799365687,-15.274231891762046,-12.486241064884531,-5.309557856923538,-3.46146547525813,-8.888438067779333,-16.713045243308514,-5.22541528631367,20.426996805173086,4.00660453404357,-1.964415847775921,7.843110006754092,4.124082612107676,1.917699947369961,-15.61717918166426,1.11992325859755,7.559951582637951,7.748736527418889,5.072525506084293,4.421510354920083,3.563757465043584,0.9460252641597048,0.6514959838909299,-6.877587308045822,3.9104081256712595,-11.656103878863918,-11.012626617005902,-1.50465625105752,4.400243065601962,-5.643119543358088,-1.7850271954206864,2.6369364096414905,2.7772434066923117,-0.6202858348264737,-0.6410294006932006,5.695071675629603,-1.3361097215599862,6.006203643327092,-4.781730499912194,-8.038640751240765,-1.1164045343737303,2.0
50.89876474802434,36.34211269404883,-11.349788726728539,-21.652673820224134,7.181695894955708,-5.9698336229352895,15.982497659549278,-4.996577004965411,5.076286741531308,-6.668809345980736,6.980062124560141,2.837589076611681,-1.0979598517558558,1.2880124640932022,-3.0032251757960924,-0.009701602744917966,-3.196233024319613,1.8694366031183764,1.7813143538636886,-6.754815089350212,-1.7356999039697003,5.670701493754843,-5.881754138987375,5.407835822433285,8.759432429535087,6.077836534939483,-1.9727732644437315,1.6163446223603926,-0.831838302292281,3.288535086231024,-0.713716319735687,1.2441549872957558,-1.4018018645726007,-4.222929868876207,1.315306877343145,-3.1636026750745265,-1.8174771554789142,-5.490208142802488,0.6261280106899468,2.711378332370767,-0.35029011538137034,-3.423643902151665,2.390867094746513,-2.6641093607094155,-1.444066488795266,-1.7036931290529083,2.412547304193266,3.2303542110978563,1.978095179805682,-3.5203455698897494,4.0
22.66329976631364,-43.772994403845104,-5.820723292456594,1.8014111882821988,-3.8156970227228446,-10.724378827082386,-9.583367911439279,-1.633660208259753,-9.425509098741365,7.044448110708757,-2.55546431053088,2.2697850972781684,-0.6213169168520484,0.9490694714786585,0.8038274665093684,8.061352669734763,8.015110169354044,1.5133385300816218,6.101255040871288,4.992542827638042,-4.279255140795897,-7.304775046407515,-3.829671134642599,-0.24259807994868085,0.8865268007789373,2.1057645818737467,3.071913779975215,-1.7958635651528874,-0.08726131502052417,-4.393016444865798,0.37505226139581765,-0.6588655414336364,-1.4879388332264152,-0.08629000180998997,2.482579808558192,2.5529528523988008,0.21843106216247624,-0.9018659574839774,-0.4272652419506904,-4.11133609351984,1.0794831461943057,-1.944268014690657,0.3817339304886291,0.6937067402783487,-1.1473086726475015,-1.0328049229312273,1.0574699508764125,-1.6432054407434409,0.20992266937977155,0.7772716107794434,3.0
68.77497999469868,-8.868131809151107,-6.315500095432208,6.438613893347536,-5.935715172502461,12.002085018366536,-0.04169591147410701,1.6746022147946111,-1.3494819508153888,2.569589456156136,-2.685998843475367,-2.747680171013848,7.578501888869031,1.4481497108466919,1.680512246573609,1.352534322683056,3.0202652229974296,8.190756608586035,7.433248270181024,0.5927795057875834,-0.5518468451469627,1.9576875348072111,6.4329866208290065,3.431167551371638,9.37063508801545,0.5514508595922242,1.5412855337203497,2.165173375289201,1.0581946407527791,4.59833635531598,1.5732749640154455,4.415387251417178,-0.7468148078109255,-0.5420145986066741,2.566245656203773,1.8208400043797222,0.9674876893031384,3.4736775410809066,-6.521882018727616,2.899736106636837,-1.1065446428989096,-2.56461636792421,0.3256818894218335,-4.003993079472821,0.3441264472356642,1.800514831263009,-1.6060933167598543,-1.3064522304172148,-1.304177271136584,-2.421660843444109,0.0
11.094653841098406,10.220000213243443,-33.846972746084,-12.6074022836465,-13.500127125317684,12.04497413982642,3.592143515304535,-10.747442759580665,-1.5080453268588678,-6.638491625391507,8.793593592723944,-3.2524808367461246,-24.732182370809678,9.927289319091281,9.401105301846206,0.26608251360029167,9.237958616439663,7.393302737900103,2.9187859707335244,4.972239970224218,1.2410122127350507,3.760779469142888,-5.317288482476839,-1.710940756176458,-2.8494670146148997,-4.316997336892337,5.195313472312771,1.5257177302182956,-7.032192506290124,-11.930394772089775,-11.77622153962029,-6.716390028157424,-9.234904106459222,5.025767459713198,-6.097958571759654,2.1901628755204303,-1.0007507619354947,12.365614637088596,-9.371102681075064,5.688754311988469,-9.03589740270431,5.3944871924771745,6.859585248772845,-0.5121083347461132,-1.0457811048366632,-0.5776621868438498,-1.7561344559455447,0.8095628866794083,-4.984587392858571,0.934932745936588,5.0
-31.615624560833425,89.87317462883841,8.681078361568241,7.525548186168462,-12.179328456429136,1.7215301422160227,0.5679656885907106,10.879637629094281,0.40338891293113055,-0.9270124987214277,-1.791986603124472,-14.28293129502308,10.06083101139559,8.185452103147979,-2.509645414875803,-2.33508140532861,11.025951754042897,-3.902660306525754,2.0211824982578888,11.701504017652836,13.860177855458339,-10.863275828983403,1.655910051991255,-6.204875813660396,3.396603507975692,-3.9069798903286967,4.626582516598629,-3.0437427773065595,2.4679919703435793,4.319226706381922,0.4428878289172972,2.467857773237925,7.144738582372392,5.705194905880986,0.4130195596886816,-0.6764374032068855,2.9600398633911094,-3.610065053138278,-6.000892635855553,-4.776538523140165,1.2501980034681919,3.7203325379633916,-0.1467188341512835,2.612676667327026,-2.6341243939326064,-4.578058027725467,-0.8466176352890056,-5.694533626515974,-2.3098419621574497,-2.2346653660740605,2.0
-1.2405178865574027,3.6182985543004054,0.3971024255744636,-1.482398572553897,-21.907213196042157,7.703326283605845,-1.7009937014878167,-6.3457284290516425,0.9678056270393307,-11.758608201109718,7.8350687577296565,-14.870263161298748,-11.925209295097963,1.071171613014456,-7.42748232431982,-5.646529010078434,3.1289205423054898,1.7639366624968997,-0.5010531470639011,-4.089305062480054,-2.651030687095871,-6.578289826225521,5.142139994978795,11.51199634134009,0.1710168772138093,-2.6517813745078267,-3.2298286509907093,5.818231619721905,1.0270055709955932,-0.8563141888535641,4.456458209605934,1.9096885781763517,12.241058751129673,0.10623476271318182,4.753935972393925,2.986345208970809,4.406054224715725,0.1471981106508021,0.9467483211222577,8.391433272419368,-7.556760862164762,10.736943750091895,-0.6053479811457225,3.305121726691656,6.768317609955932,0.5472761882497625,0.21351195328416878,-4.011312602234453,-4.695429458779346,0.2410057576021587,3.0
-38.923816479665945,-35.48187554265332,-20.863313628020055,16.246788274259615,5.374250464846033,-4.590989051875264,8.705531198648641,3.2268305503082915,12.470121923281111,5.82309440279371,0.437756913243124,-8.272793327358265,-1.4943330370898302,2.476062048636268,7.781517309777259,-9.108293271616652,-10.157622485914825,-2.724862066909025,1.260741920083808,1.201504653727554,8.193015594406898,-0.7001815258538081,-2.6477747582715403,-3.201658004745348,4.01321300061137,-1.4593518296010608,-1.7182883763997832,3.8620335650190345,-8.368552259393715,2.4567877000618177,2.4871929020362655,-3.567668677860171,1.8738246179574776,1.0803681660254294,-2.3810275828150815,-2.018395766434838,0.6274828113927169,-2.3304740857760113,-2.9678348404407826,2.1422413608314312,-2.583704651455294,-0.0979614652989321,-4.349083665076024,5.177873736394379,-0.6206326368389461,2.7968479441200107,0.600418348117164,-2.012533964965712,2.1697623455990644,-3.4967541138408835,5.0
26.753945850186646,-22.914239411121788,19.78187296350151,16.05302673965829,-12.357685062274728,-3.0551597894268405,-2.460902553086025,4.891728934446094,8.844359908536022,9.42766294784657,-3.3731294230271316,-1.6340797025945497,-0.45720891772891986,-1.7518500603810623,-1.5646589731456215,-4.990473332173747,5.090287488061408,-12.706561323462347,-1.181721613178788,1.2549687129715006,1.5515169053331719,-4.706722755529471,-0.5373572849096412,-1.6498462503718756,-7.9876073495873126,5.575438771711885,4.384840910067359,-1.2007244751727537,3.4334965486591122,-3.5154863091223834,-5.740670595221826,-1.1350749395502948,-5.345272173262216,-2.912615701456198,-1.6608124158859632,-1.7289749105136536,-3.8380254016311888,0.2380656904189206,0.33029869763366065,3.3246283506778362,-1.0176736958556525,-5.08400858865034,0.5983541750313367,1.313149110973281,-0.02685974924614671,3.431633872372916,-2.131539439726158,0.7572575717615367,-1.1115393835547476,-0.9740373897291862,2.0
-14.049068940850987,-9.57737140369697,18.942122681807582,-12.363460133202638,5.974993106455573,6.539044226034679,4.057469755873112,-17.982540062093207,15.347664910356434,-0.3718569626087184,-13.390524412554504,-7.851133381143673,-3.257022313030689,2.6482974685123937,-4.077969301654931,1.7356006352698683,-1.5823581463350491,-5.209395632090079,5.617322527195374,-7.551527666549424,-13.137813950234762,2.1536013527294404,12.12578379202613,4.057551555184472,-4.20605243488671,-0.31508884116479885,9.069008746065856,3.868377224249862,-3.625138218853313,-1.2814655441402314,-5.698010684719652,-0.1406641490631971,3.248788418652253,-1.462943597187506,-5.889308183733321,8.635369906031517,-3.810553971436603,0.07175064384456273,-0.9509006361192668,-0.8476881920376689,-2.2404061089970604,3.1168822749149006,4.691632121153517,-0.4210277850806203,-1.145069109370043,-5.069058533187804,1.3994155277402744,-4.758128180015661,3.6972935715783186,6.97870796824361,5.0
-21.896437137292196,-21.210784819578574,-19.749052174170913,6.578662507018714,18.308581471702972,-2.511647297072659,16.512318829205878,8.262510406523107,-5.845563652779254,2.5164330538449033,2.1354988723581076,1.2494190486442784,11.661701284184687,-2.093593410115793,-4.97974847049334,-5.751111224878663,-4.644869117103066,-4.316971642575738,-3.024699944206471,-5.425378987386048,-4.297384721997922,3.8320800161579585,-0.8571374933289808,-2.1978914363805,-3.7476834903789342,-3.0908096820439135,1.2274498491604922,-1.3964345800828606,3.4432762161084773,-1.6326231273283398,1.2282124385272704,-2.3206197279388063,2.654892369028414,2.420076731880375,-2.6756936228282897,-0.002161513710480329,-4.779459263457611,-4.142081170966175,-7.043639019256991,-1.8424554879122708,2.4308484146281333,3.515681139398764,1.0013300698665086,3.617893613165673,1.515769946675835,6.842197867193408,-2.554408988299795,-1.9550231191076992,-6.962257397620234,0.0955963206088391,1.0
-49.271062819859026,33.84797031545861,-11.143251497540126,6.86853163722377,12.53648389355457,-18.702558544571826,-3.8836624739072727,8.298026576809766,-1.2035000715291484,7.158314034393422,3.2676368295811344,-6.842813816022496,6.936522991354885,-8.031698036830587,18.72602847366326,5.1627871829126395,12.598084756359532,-3.3523978914836197,-5.591432966489394,-4.439770608137367,2.594643721985492,4.078891931430436,1.198568721986478,1.5662744424144355,6.107829153835754,1.4230540702287038,-0.4579226186402575,-0.020586198147643515,2.3439611995489824,-0.461274135795825,0.6130311539765607,2.6730867882304787,3.7431808417738006,1.795501731752683,2.323627026139825,3.584264677560691,-4.117468383412567,-3.7635093462986906,1.3253681368616008,-1.1673044365778449,3.9296739680295816,-1.2299311977571938,1.3291612879347954,-0.08314444254085121,-2.755023949698606,-3.232201450752288,2.9441297493015157,0.4422316868926784,-5.791455347374373,5.301440099010047,2.0
20.33679726321525,-27.643783486316785,8.691791846651745,28.90978771352405,0.7638345308765478,11.16185141938604,-0.7176360879633233,-13.147473143421479,-11.937518001285026,2.927953324378957,8.873121064760916,14.34425398132522,-4.535124144412939,-4.52145839997895,5.968894576410122,10.399079363270591,-6.670795778706925,4.204114667836413,10.634928030898175,5.440639587459624,5.045365447616614,-5.5335376403540275,-2.9019040102879936,-3.7206327935223737,-8.755846433020222,-2.6146763997096865,4.524815500714637,-5.128781475942524,-3.9415447274861912,1.3878978796663168,3.6218557522187753,0.7875340286092216,-0.21189388531294945,0.8036161391147841,1.6815674392986488,-0.1252702105815447,4.826941829980846,-1.9026698796962873,-1.046611995251022,0.3507518709097911,0.860163644420002,5.592143601666116,-3.705394477327,7.957171365407588,-0.03698744697459985,4.464242333694654,0.5122550296995164,2.333788960451355,0.7492630309524348,3.6932966136719316,4.0
-40.14874085940798,20.432183392377784,37.882987155227006,-15.223889206049513,9.075014997502027,1.5826630477863566,-14.75912340584845,-1.1263112888359148,1.6979203582253881,3.740743198310458,-19.62658651980022,0.7735294854760089,1.4924735014670631,15.326541757319486,-0.46185051617242007,-4.9800101123676495,-4.485177500556539,11.762815402897154,-1.1801114191448465,1.9103624380119533,15.265264797827859,-2.295253580879883,-8.832478364655675,-6.599338783660175,-6.2919101592483875,-14.739059084318393,-3.243068354258729,4.673535429721927,-1.5224995591188313,-3.589212960727964,3.0539376106580582,4.780357364203513,-5.439803199662633,-0.22272996023457803,-3.0602710051004465,3.1532334643185975,-5.647463272572517,-0.4140417565045799,-5.995254325524384,-0.14746719045366183,1.4998949954433194,4.025346139577855,-0.9896935934706446,-4.31783545161183,2.8302872834082358,-4.824392895828027,-0.35964184177798686,0.660875710074769,-2.182116900934556,-2.0002571233781663,3.0
-13.51319243599034,-3.249756051866301,11.50842224889891,1.0905026522567007,-27.294040132401275,9.138851952505359,-1.8865793089675664,10.263987670597164,18.59607222684095,5.2634881610075555,-8.979309862618019,-2.0989968199031046,-3.6804337074172566,11.658145102319079,9.032077241920582,4.939318050223435,4.964678903847978,-4.779638029834189,-3.4836714926852728,-4.368601517978543,5.750382796933441,1.4345706404400131,-0.6206293035052444,9.570440924975362,-5.045363422731096,2.265569532862491,-7.549479994843937,3.117513987570111,-2.1409019442606807,0.06377243709778894,5.418249957054491,-4.501255210708386,-3.3115219682009744,12.118482810883584,4.703985818964152,7.744197363725054,3.5232425719435363,3.488123469665522,7.1694237788694055,1.6036740928654323,2.7542744694338004,7.767174027848519,-0.7109493147712478,-0.1249220864217825,0.9122476191709646,4.284978732654903,-1.946582160922417,2.3101536062288384,-0.557429910396842,-0.9201347886770289,2.0
44.54875803137373,20.53307489528253,2.2228089324282765,13.922080572474842,-20.31105879475286,10.478044397704299,21.684209127311217,0.1877675248380813,15.50413345137385,3.7506194643026074,1.332069641042417,-1.634921353030371,4.686863771593424,-0.5200962874753251,8.954203021548867,-4.9080988371304946,3.6541923805948984,3.626354241869006,0.016078812254930647,-0.7724161336412174,1.1179381569449283,5.3498064664845515,4.829013308228959,0.0047401677278191235,4.680276113565584,-1.7569779842645634,-7.683079245827727,4.355131501424679,2.589662660097042,-0.4844747496446817,2.488718602574838,-3.3083225601460318,-1.0560401465196543,2.726228889034393,0.14513945209924972,6.280575358242401,4.027812377008163,0.3363224761387163,1.8106379578649858,2.1488003503316264,-0.27065386339773545,-1.1097702492144073,1.042773943364171,-4.081658012456067,2.083456222724479,-2.580982460269205,3.0697308406698958,-1.2660192394910519,4.141162992580904,-2.165501156556896,0.0
-13.511027958437499,-16.187310120174793,22.008145042471227,0.9869007795666022,-6.7942875353491345,1.7600723624060939,1.3074569124924227,-1.728848455145603,20.383202747396723,5.314957930273582,-8.277194204922633,0.3932288064404348,2.0896116722524996,-13.751973289043702,-1.9592779562705158,0.05910854867275723,1.3398227350459155,-4.8129440564755015,3.0886092475063784,-3.255063206749177,4.714008760722963,3.4685811914611713,-2.748516175416252,2.463569293973667,-0.22558524805983868,7.154789959701457,2.7159099759909164,3.102706406416636,4.652627768830937,0.6545312742092072,-5.192480568294539,5.643110610080335,2.4935317327463693,-2.6290274997069134,-3.85119670631014,-1.9008076778101362,-0.9223023995497002,-0.5957778903849181,0.9248441652286339,2.683699725769505,3.3910313186770664,-3.512468477346942,-1.9800003266324866,1.4577434889362084,1.399599159092367,5.082290366513545,0.10587009242313301,8.66928468534015,2.885555604353162,1.0373478868027113,3.0
9.406648815966156,10.247213448207882,-3.5028827086117396,-0.9799178107034554,-10.259716248788656,-9.13237311733793,-23.457727278300464,0.4404376139926736,5.7983531962508605,9.660462033265565,-8.157030402174769,9.780100173195443,2.5760316828056125,0.37647147554013666,-7.3938801930860345,-9.63612780298165,-1.3676077716581716,1.0324819543413168,2.921789384216528,-5.090252354815866,-13.956481920212289,-2.412883086188608,-10.881170697281627,-6.690676404046575,-0.12210376697238631,2.7582033027283055,-1.0412753992701635,-4.965030173461436,4.966636331933573,-0.5329417540740273,-6.582777915016118,4.6283539428284195,0.9823573455246687,-2.029184101167806,-0.4961819389324091,1.1747136226496362,-3.5685420952863156,-3.5187637910665597,2.640073754677825,-2.5207877771348004,-0.3486546833851109,1.0348105102336265,-1.3801921192742415,-1.3662789457100382,1.024376090287438,-3.587585960932028,1.8060800113229951,-1.5403788734442772,-0.5485844592337156,-2.4282574074504515,2.0
17.900387129029273,20.379696716007828,-9.652506247264636,9.712488396540149,9.036800299336518,-14.171703833231023,-4.774035875631431,-7.585019409137616,-6.992931003129844,8.75682798049211,-5.945601324248837,2.2025350590883273,6.897188187326,8.589644694050879,-11.797435896597237,0.7567405051407831,0.7010435120689477,10.444974934176432,-4.524651597656306,-2.8686992096613326,1.7211206861635662,8.880004953377378,-0.13144912408586013,5.880436924300901,-0.9260113588017448,1.996378072169176,-3.6738555820043213,2.7886524526053034,-1.9805065568294995,0.06636568113529186,0.8385824860057132,5.998169712306868,3.078664261398716,4.9792564430064,1.1323386502256925,-2.689054170232738,-0.3218508674114508,2.436739952662308,1.5477984495385078,-3.060175042321824,-5.795782564341671,-1.4525555977871767,1.0417949497421193,-5.144066284068838,3.281961185100549,-3.9663212379646726,-4.083546830379802,-3.732362987533972,-3.278505901062659,-0.8873934318613411,2.0
-38.19857945986228,39.93412177791973,9.57026759981301,-5.15673374261767,4.018020235794061,5.829690633693084,25.491017451545154,8.321428419150225,-4.41656813631662,-12.00813701134156,0.7082372102337138,-14.055871881589553,-14.324213131040196,2.072437572172984,-24.795462861464607,-13.148959992868605,10.862108279042017,17.374563838979444,14.092485097831176,5.708126789607887,3.019508876067042,-0.6767513133129822,3.0808427039166633,-15.86303396681143,-2.6074193346250034,-4.426970595509923,0.5418507219313741,-1.6224431641927064,4.634347820546619,2.3554194571260174,2.6717503548016825,4.772404974893882,-8.83739729440578,-4.315505490873924,7.111210973386161,-0.6137352301414838,-2.9954173720308908,-5.500169318788327,-1.913434714063278,1.7893450806828757,1.9598692478483315,-0.4315935119416477,-3.0248601858097075,-0.720755240108701,-2.077750830851583,5.434985519684457,-11.062839132705518,2.992209107166308,-0.1447860161882575,0.5248727081897907,2.0
17.749522524231924,-24.571536063731706,3.517693296290993,2.7790609377921807,-16.887919236144786,3.9560852507951916,-0.9548455779653283,-2.3714111076652644,14.219221514138813,-0.2409561529851875,2.4170369359355752,3.606186827284798,2.2553130960068017,-2.1569973533130944,1.315780992311636,-11.720783804878026,10.885584272646714,5.0813207172343375,7.966024139672425,5.468123259360162,-11.734013489504791,-2.40371594600442,13.01692270958153,-1.9522401738637858,-9.729684989866138,-6.256939269545439,-0.5887902078411217,6.097326576546395,2.701909310429274,-0.40811177127723375,-9.062768274876145,0.3031579830758458,4.144326926320491,8.510211191743805,-0.9531747277134923,-4.8659046248284765,-7.2092644608148175,0.681354553637249,-3.1439053921135174,-6.117349837431241,3.1916181094188727,4.017008849631126,-5.523366796910901,0.9956581971201512,0.4522215043045,1.1429941096665936,-2.020550433000324,-0.7838437415687122,-2.895533677130603,-0.2331003217324287,2.0
-17.023896730282488,-2.552057487328928,-16.692763319363653,-8.884011381626156,10.441536555184568,-4.669316137389051,7.618915133058342,-9.567904793839888,12.681894755684702,-0.8162675706566482,-10.901941713339026,2.0495752918291332,0.06958394972046451,-4.3871782462641695,-0.5129800767882717,2.100152478241172,-6.654393784032024,-9.267970770481188,8.776201287328348,3.7265411074703634,-5.507223968071805,8.478020503177982,9.674476718004712,-1.1048558714608896,0.3384242268309241,-4.7497983167152595,-1.9456829136259426,-3.0881274779021424,-8.551173882006998,8.104992964634114,-10.472741537653228,-2.623972818900069,2.0686029300247215,3.174466217334353,15.94073897273178,-6.378999063709161,-1.258208658637136,-6.198286015034566,5.727582801183438,4.385513384723713,-7.109903384886547,6.650977612459331,0.5320433939112974,-9.069182910697336,-1.4537712980435331,-2.4784317294161338,3.8269904104402963,0.23516127252894728,3.9321059933987303,-1.4183662099682437,4.0
4.338683285731157,-27.27183028492576,-1.9087353029485075,1.8921516733052097,13.660577186749126,-10.4470031854025,17.024857266685746,4.628947505760473,-9.447354936481688,-3.077970435596838,-5.811510991897523,2.92062592341871,-0.7754869135429019,1.6332286730866783,5.787682760125033,4.120557451527694,-0.20717972902093867,3.784132324629895,2.6627892583223263,3.3878934233100733,-5.230426787971523,0.15702064828620257,4.7905784474712725,-2.8815030028307915,6.494158853662074,4.628362121506114,2.4272563849287163,-3.656373791325343,-1.8489693564746816,1.0476156173051017,-0.31934679974455926,7.052914179463952,8.870782359331049,2.8396873060700867,-1.371814032267171,0.10210149150844838,5.128095910198168,1.954160187527154,3.513316790414303,5.016996514429356,-1.9932969373133766,5.067935821494916,-1.6268572708600724,-0.8131559325361442,-6.462226436395481,0.5386054863663114,1.9916442806990897,-1.688299000284175,2.27092859998732,-3.696206688423945,3.0
-51.67118223083318,10.995615631725016,-16.98567035299417,11.939756229394915,10.565875150321675,-14.179733747843889,-1.4008298054396107,-5.121702526405849,5.872058672990688,20.453114034391014,-3.5307339949656695,0.6174447745072054,-22.11057992783916,6.625659806235263,-0.9749516450337674,-2.0769419782207383,-3.1236288548115723,-1.7759803339099793,5.683326760823122,0.12791614648843114,4.504496910373572,-1.1728298986987362,-1.1962295127810945,-6.556263395923117,-2.3874023772478186,0.3991934637931278,-0.5537773056902474,0.47810919590889184,-1.1666921151295753,-2.5370576418013915,4.028229181292928,1.2471358503630177,2.720829521682998,-0.9430976254094213,-0.395502270293494,0.6406423483133818,2.9485488844076633,4.872229040680472,-1.398737119389779,-6.200597300303214,-2.776498605627435,-0.7735732006694842,-2.8084207022768,-0.6662578267949948,7.056621034439678,3.9312537935439575,1.555649204790551,-0.3428350988539091,0.7713993268804068,-7.505773099017829,5.0
-14.384909171761922,22.145983745850128,-31.68736578170371,-25.92877739180805,-25.01603474652965,19.5490289369607,0.23676329312581462,-3.6550442653741477,-26.172690061390455,29.426766327167645,7.506313313267939,-11.851635334998063,-7.532104994955024,5.156879498271134,-2.8683093963313637,3.3663707846650373,6.18751756952596,-9.510380912796217,13.520232573009471,-1.6526860361254563,7.679587686163224,6.416067860827155,-0.1733665197834666,-3.23056452939392,-22.272274998097068,-3.674758116065442,-4.669808735398443,-1.1762759083572918,8.133839021825278,-12.73235970428728,-2.181460194738074,9.162823535985668,-4.656679403843876,-4.243467504920299,-3.6920861483007053,-4.904924492018353,-1.0542717886887196,-0.9266609402714217,-5.15727500439786,-1.5502126480101406,8.52099469649044,4.507338497973462,-1.2360425640245236,0.2624073830681894,-6.231813438736089,2.278991784002746,5.518641167302729,1.3003820489225566,-3.6750474110617546,0.08546212642825501,5.0
-6.769267043595355,-5.296704720816278,11.270409548347713,0.6965350015189394,1.761370072563215,5.083499640370665,-0.05268700851461623,-17.41203103216857,7.799024164877532,-14.101825830838665,-4.930961782692052,0.5154446217033761,3.603189820952547,1.217565124250863,-3.177848113515087,3.855901742152985,0.9971995483655035,-4.806069813623089,4.8703170911010725,-8.708991283378651,-5.249006637746785,-0.9303667228036475,7.042489385336902,8.402135882264979,-5.690492628909214,3.356644478533692,5.048390546679652,-1.6007945188572035,0.6065133215277396,-3.090302949222896,-4.67403190991014,0.4324277421661497,5.104011491111302,-2.25635289265613,3.0092912512980448,0.7372579034030808,0.6878064536417352,1.22328762243397,6.071951116726774,-0.8814055832926748,0.19094171218609657,-2.961333965606826,1.22846549914797,-0.10732217648485641,0.373422850727588,-2.887361060099667,2.8556500248158296,-4.651196014333682,-3.4991641392226756,1.830038314947361,3.0
-1.351305721791983,21.098639523706616,-31.159595759978455,-12.701968754781834,-13.191773457912271,20.152484243277065,13.665609004474007,5.414528482721094,-17.0053011619185,-5.815055655124369,1.2501697832072398,4.76849518381137,-4.318064961629799,4.423796497774257,-8.117785286149052,-4.40293526448683,-8.900674378534838,9.589080054654573,-19.094002373367346,1.8475670059910334,-4.0928900217816375,-3.4857531043406422,6.606605748337132,-1.6440216880029501,8.507071987335785,5.879321316547356,1.6833767018024808,-1.9091349329414433,-3.3019079771702295,1.128192288026376,-14.10169065423776,-0.28916133691284135,-0.9964185739323668,-5.315292312421534,-0.14851421387593775,8.305010014422628,0.3185127621001101,-2.957911817191334,-3.1439820217616363,11.117564994268148,-3.363531659891261,1.632618133069741,2.3865207698183157,3.107874551669685,-0.916828599101999,-5.623091138664605,-6.448903627817203,10.136431119697821,0.29281399895191673,-6.8856405907892695,5.0
19.00423257905313,-11.469712250528813,15.41226600226587,1.5729697390974429,-13.360143254272419,-1.1889875084095902,-16.673106067826666,7.350733986133694,-10.14152767633915,-7.346540372284959,1.0564143777202577,-2.301986241908498,12.422442202103623,10.710698601082248,-4.384234003690197,3.3961008086549875,0.5111404842123035,6.27493008162967,-3.0593875669186725,-3.13096531161519,3.064334765002871,0.7179584479771711,-0.8793059650266283,2.5257329558665718,2.7206011379673174,-1.6484508058532792,1.3189087266531156,3.6291807350754928,0.13917779553395915,4.001592844984399,1.3976851642578088,-5.338720633375601,1.64352349173025,4.046844504849473,2.088761225868898,-4.460223997144674,2.542546803616464,2.209755636395905,0.05605955276320394,-0.8460553887084187,-1.1341817315761258,-0.8767553427136312,1.8845171275588106,-0.29907052916294946,-0.31616575312024847,2.283289212908518,0.16534517346011024,-1.7194382043504244,0.17588932597939105,-0.1519031895026616,3.0
-0.5657785414089781,7.889880935771051,-2.511947510894351,-30.68153562655921,5.4671305984580405,4.598830460851131,16.00149998889913,-14.62597221646379,1.7429753666332113,4.2701539127471335,-16.444112474853544,-6.778974718701559,-4.014858938569999,-9.823357919004675,1.5043130692112079,0.3230270165822195,-1.194997289924141,8.757769153476428,-17.896029315697888,8.700920493190106,-10.072729157587837,-0.40084143411158374,2.491336899707416,3.0713862936166287,0.12493967613564606,-5.1330591746343535,5.9823011663274235,-8.238733631638187,-12.388051843494871,-2.9064033878313533,4.105158578065309,-0.28862973213260623,2.9449272917701963,4.206785455686199,-2.603834263900862,7.345075003068551,-7.479768601308548,-0.9234071348805805,-5.401485044530172,2.539346726099974,2.919620069564585,0.33772289776702846,4.254621523522585,-0.08999939041299011,-1.0268040328016674,-0.3109135799930967,-0.9521058720188726,-0.39801489314271377,8.832746310957056,3.200529493499346,5.0
-25.24704881257774,-13.518421141967796,10.705930646437364,-13.978558435175147,3.8098167263348883,19.022016705227397,26.13693598215781,-8.713703965962198,-12.586848453378835,8.08125327442525,-1.5315168375725072,-18.87897688169299,-8.551265238435136,-5.3176620149192075,3.694401750162322,-11.995102810533584,-1.9525691317528213,17.55772792147221,-5.3577315774153025,0.24451625330994717,-11.553436495561366,3.2133656418937435,-0.94046654165053,-10.229054196881396,-4.383905967918495,11.742252860005392,6.775276214482754,1.6535302946246138,-0.038269219092357844,10.1849780129363,3.5170687726978374,-4.858971431407305,-3.0893403390241665,-9.479262062261197,-3.6007638740262498,-3.2107992219668584,7.388711222205711,-0.6699935596289764,-3.4749049741197715,-2.625891003828339,-6.347119939659414,-2.9542269017593377,-5.809182446956432,-0.5577728366954432,6.752007665919989,-0.16574558776094278,-0.5373829584057278,-8.367123804036405,-7.5569901847573675,3.6164245585280654,4.0
37.2561418810463,10.26332188614706,-21.519380804565042,18.96680508579851,56.23679895993187,71.43627627343949,-32.09264435286856,31.180440356510807,10.890242629532402,2.1763264290833613,-3.028518780666002,-19.62744305544614,-9.526312708666078,-2.6717558946549005,4.277738628281052,4.6264323526881626,-5.504271647931978,-3.197005316928042,-2.2401274573322016,5.157798243401908,-6.226164810568962,3.565619663181997,-0.9357021444178196,-1.0040969831500082,1.4259372095975016,0.5880782956063082,-1.9084791945680948,1.5801003794530823,4.334879319054472,-1.2266566272310964,-2.846105508311452,1.3388543445814722,-2.2110399020052762,2.5583498299628644,0.06353551728239772,-1.929949526229676,0.9033170548934678,-1.677977410327804,5.732720844215002,1.7635571261976033,3.0223713663483247,-0.9902209244438976,0.9119465216033227,-0.487512692428798,0.48264922183347225,-1.1599987966354957,1.493629113611682,-1.3988471811734222,-1.9327572851193633,-1.0418507210669303,0.0
-1.1431835503750338,40.46502790805412,-12.554711876035705,-14.326219045615714,-10.45293585494786,6.239355914998625,1.650658605507188,-3.377754507540098,3.9349974524330813,27.12285191531472,-13.818487963105781,12.948947202162952,12.657092588638664,-6.647967664782997,0.35779385801374924,-8.84055897699929,-1.61512137980838,0.22328734052751198,-24.274915269247728,10.469267548496815,-10.579863871523429,-8.809867042475716,-2.9905412908362865,-2.7009617469836282,1.246581756484287,5.370697187651792,-4.936176788640732,2.626120020752388,-10.983074407389067,-14.275532806845325,3.0511866630097093,2.80256332488077,-2.7021736508019663,5.194202282029879,-2.2160961591757897,-6.429323849042787,1.893319427365958,11.195329902615338,8.620164958766736,1.95703033381564,4.231491223863443,1.2809619095002478,-0.09603304659699662,6.928584732939072,-0.6749533651596455,1.061302337233142,-5.8964722567338566,-3.647905200042293,0.037433921875672745,0.49434292705170696,5.0
-45.443463246729024,-28.33600636125394,-17.580270816527584,1.0251050047165453,11.513391540752359,9.253790398889741,21.785236181248013,8.772844462749694,-0.6736997370611687,1.822839466239689,8.854104847617432,15.291998319056068,-0.10840710198293585,-0.7097557226162642,9.158028031717889,13.44834795128732,5.229183469904808,-1.2619695144414729,-2.0157177963534547,-4.074958645384852,0.041405812076119826,4.338294728747691,4.014251607766789,-7.290836659460631,-2.2349785293275333,1.0053988434074332,9.530270356662307,-2.573858832588327,-1.7014410482576012,5.510937473249538,-5.868926954848923,5.180914134664454,-5.364867931882894,1.651542934692073,-3.6912980984382457,-4.477879141718622,-4.778171341311915,-4.893291277201869,0.9310184932326323,-4.283456244049453,-2.6780221796603945,6.273517347460535,5.753497700286853,-1.9481314729964618,11.445612016371385,-4.191248978739812,-6.009891402341315,-4.298252788162619,-2.0172155783911547,-0.08405513637390062,2.0
14.258307781120834,-35.87069639081817,-10.675279222107358,3.4366234187510094,3.7357335478970164,-10.917047433323022,3.317277893905489,5.5298060408286895,-9.566551039859817,-14.958275608437177,-0.42047119256391513,6.986344394634119,1.4627242775750053,-5.214930188563705,1.520736837917562,3.121338062088494,1.1626714993342135,8.48826875423981,6.556088676491961,4.8172922957474285,6.834006062957686,-0.5543319150130109,0.46663177495416996,-2.529689294730616,-5.12831223010928,-0.3764104974606625,5.956848922713063,-2.0675986298002442,6.039255954823111,1.2111814332705497,3.6605810988296805,-3.246054584678743,4.2185929547791625,1.3145553755326052,0.09616497848327234,0.7318297583465191,1.292833105855421,-2.3930967376367085,5.320931993427138,6.734409950477408,3.8598962960217733,1.6786051480500657,-2.2958230981497607,1.7802688264608513,0.4858762135023033,2.2107961950121227,-0.4944895712841252,2.9275314455881,-3.194376086603296,2.242808968617403,2.0
-29.721362343022605,-3.646821517675063,10.718264723743196,7.040987083346823,-4.670104350633117,14.205651351785482,-1.1648359202857541,-18.36936134744561,7.676331318084254,1.9527001458253472,5.462120151211271,1.720700612678084,-8.756894876977771,3.129109820587861,-3.8124268945878157,5.252427709413794,3.5433408881711825,-0.294879326139223,2.2796714258394064,-12.397863985642278,-5.717183465170994,3.650672575001849,5.526740656553569,3.6674581475685533,-10.793104480016172,2.201244141225118,1.4894022480569395,1.6783875053307122,6.544394390757895,4.05980415348832,-4.373376430644438,0.017000214566292467,0.9391885806565695,-4.0061281258034755,-5.2543077003967325,4.4751500069907895,8.661381151922507,0.6071519188658071,-0.4814075473060676,-1.9679474495478524,4.360604939523251,3.4968880010015457,-8.013556947317547,-1.1682405145456154,3.386225903268197,-3.429926694511432,-5.957191474438298,5.0660375125271315,0.40849069243395786,-2.996915206312004,3.0
10.146190768373675,12.351938457014585,2.7582698074810303,-21.075252756323426,-5.667562401246158,7.606070639332283,7.944482835264806,0.25834550847084925,2.3908070097227845,2.5160224536482003,-21.992057474815805,7.116453898572054,7.0645255044315745,3.5944876981966534,-3.4631640413154443,2.0182702852174503,-1.3301463066005943,4.175314700920012,-16.57884846247999,10.848614508532318,2.0204999574206655,-6.3451684726626345,-1.7417583798945526,-4.990769399007326,7.1490802532057005,8.267507395973865,12.895230963221971,3.959858897221001,-4.13744047619213,-8.37545730601985,2.1870928252710153,10.379560807645928,1.8437026430609413,-1.853678527755306,-5.381454628236913,-0.5519657366945774,-3.7987524760102547,-4.876988718451461,-0.4924863420648847,5.893374124548913,-7.499933483400292,4.578834935320618,-8.394091974207955,6.084288973639884,-12.005545126059458,-3.3871994882241316,-6.209126618861691,0.9456180131983265,1.0529427176517026,0.8096967465925491,3.0
-53.64784250358292,-25.310313623682216,16.516692336758087,0.1594508443630551,0.8346436505145535,16.382712775762982,-0.29655572004317976,-6.5976274083153,3.1188777917747386,16.98193427461749,8.257874517910118,3.0490932842633796,-8.580814289401797,-18.48089221768514,1.7851291162536387,5.5720409514750875,-5.510184400791118,3.51698324566031,0.7535101572717948,-12.794457602565835,4.76058337138809,-3.676550989458192,-2.1080374927545393,4.084064077738111,10.028617903692979,-0.8041626803040132,9.560396238262596,0.024873146181636843,3.168530232712228,-2.2834953270298333,1.5430071030821566,-13.576815351791408,-4.918754441326453,0.2594382487984514,-3.1552545330498374,-0.3826024137147973,-6.672085509884218,-0.800201502179114,4.470696544188454,-3.063979607032802,-0.6032283428040552,-3.343435568576345,-3.0997680482611343,7.936800145356033,3.560876130422232,1.4724693887443492,-0.30715128890318505,-7.2240522368842335,4.140803014668511,-4.9066702083138924,3.0
-8.084941182140312,-2.7789636967610725,-26.40192025752542,-21.134775061752187,-18.550052499190386,21.137097697354974,-11.78187724314159,-13.051560859581238,-3.7615197889990757,-9.566762291326148,2.162657970265726,2.783569349150267,4.302932720379949,-4.744730989579266,2.3499364921354626,2.2528601989005064,-12.202296493381228,-5.0614378465654095,-24.643395115536585,4.42168729360797,14.818859766599928,1.171664565402895,2.8518707982516815,-7.578571486740663,-0.5093641111426659,13.431940080112454,-1.948245947249581,-2.3847585402094347,-10.917664348122432,-9.015388740144344,-1.7869591710768107,-1.4838895088246926,10.949504803056152,4.315075620594966,1.769822421211493,6.114731156056481,7.025754842510991,-3.6677488828079814,-7.737575627001457,6.6831881896447,10.645098489132087,2.9252544113277508,7.210972643041523,-4.090958746998933,7.571244739166316,2.3123122550159256,-3.5918611982923725,6.349192557194752,2.127753362445396,-11.679593571905912,5.0
-33.25000600267917,-3.902442374871588,-6.216072368868872,17.407538568956767,12.397491944022901,-10.312562136960482,11.007922839462562,9.019264741225038,-5.238957790746776,0.5550099284694426,2.6692362773675713,-4.610468150266049,-0.9429202555590499,3.070015503380384,-1.2622332047690992,2.609584882663066,-1.2447818734637468,-4.196220056915701,-3.7607027451175594,-4.854131339105327,-3.84592665181608,1.1852949360389173,-3.0331571889064253,2.2700277891829486,-4.737761843347746,-3.3331630603014064,-1.8805020331458921,2.2851476773606696,-4.079165653567693,-5.1578315634825085,-1.5138288322077411,5.297759015493245,1.9211669513491303,-3.3488316640465636,2.488691908992855,0.9866395909588038,3.1989130952032925,0.6011893438371416,0.2648249607977203,-2.8460508653728014,0.779335506749216,-0.6055734880631483,1.1453113635670449,0.3970326987015587,0.17192496701304238,4.995541339514685,1.0861718805974754,-3.341650502420427,-0.7487251259955053,0.9676046150063973,2.0
26.75276996409213,1.3372706279431763,-6.697482667711578,-4.837841313111594,-23.781925183069973,8.875849874561375,0.251407040918751,-3.0716252021822856,-16.336642468926474,0.3472417600445584,-1.3924735924994158,-15.512274746065529,0.26908289862212453,1.8492355019566957,-5.221279941990595,7.422891668394076,-2.5907949713009395,-3.084078784314713,-8.476780201168996,5.022519368322883,0.39198690159645666,2.040041842384615,1.5198624380136743,-3.960450269972996,-2.0019916105096454,2.474685764577012,3.3754427211143914,-4.654009287445181,-7.687119146116424,-7.241980062494997,3.4537635023094913,-1.393171298764632,3.666387558533218,1.1448595886481112,-0.2104708001610456,-4.315227959856597,-2.6205285154678117,-0.00946991071099303,3.950285655726971,3.578867478916413,-1.8648700510203333,5.580575964076946,-4.693398908806617,-4.162358156910943,-0.12909280798463102,-3.2150937927217367,1.1317226093735062,-0.375411028187036,6.17926248000491,1.135297420733358,4.0
-43.16195756107339,34.83527311975321,-13.420304853296729,9.255525941441029,2.749357498166464,-6.826583659298588,-14.544246965626577,-10.279190302616538,2.3204171373147,5.958610436244847,2.3030363834013614,2.5961769254909597,-0.3582263581093027,-0.7973467455038132,5.55050832078888,7.887027004990911,9.941446108159914,-1.302888622864305,1.2693346806026922,6.95117347519037,-4.11780479767041,-7.534737770730924,-15.369822733204366,-3.8944764451871814,10.321196584650826,1.9999175981978499,0.5732885312536703,3.3827808140026225,-0.019779309789755402,-5.8503580998623566,2.7363989046690844,4.392053527996431,-2.9947569726188243,-3.9878866337543184,6.091001624368086,-5.353807777694711,5.232374188520522,5.370028151828102,3.258310200642478,-2.7534307767726234,8.573451471937013,-2.9981377862628484,-0.31275971557455273,-5.156459438712642,0.7007611506282516,3.6875290851233347,1.95241983620256,0.5878771692664532,4.233277444337038,1.2148537383109406,3.0
1.0291088647102908,-10.100129288647159,-26.495169506991,-1.2728569197888884,-20.183257008956073,-6.945567293840825,-1.4106642482044485,6.819100022310143,-7.655828715842725,-6.126018647672839,2.980184911900692,-14.887131940032761,-11.276164226677215,5.9600412355257415,3.633755055503214,-1.485505135370382,-6.537839663408139,2.863946865107259,-2.3412782987350425,-3.73601007962215,0.4468835612295648,3.0483159832331452,4.093400449853981,-3.468643491500496,-3.1257593161021475,0.6698000685394769,-1.535825804069808,-3.9527747575002814,-3.0249788687372305,1.4765053734837021,6.943213000225862,7.617512022743972,-0.7424340312347242,9.13869766694742,-5.88422075870718,1.2239326054787671,-6.3217469587644475,4.04367347528484,7.82858507691524,-4.420666687460845,-0.10649042634503036,-2.7227938435819765,-3.344139378234297,1.5000254023685418,2.209478025900598,-1.9776970142163082,0.500371209061757,-3.441254937317908,2.633913720362678,0.30157189853708005,4.0
9.650024099253045,5.37859501252581,-5.196930576687675,8.418499703151154,-24.657812074750396,-1.8389937021180633,-11.959086931076609,3.056618730220978,3.1980675861619874,3.878782832419581,-0.16333272280986758,-5.546381269363027,-7.141109109698581,-11.332514048128685,-3.5626022434420723,0.6625949589843703,-11.726210770003906,-5.407319270311496,-3.555608412180513,0.058976033198857664,7.030590233476015,4.525097685779382,-8.793892130990994,-2.5310330828255867,4.158751641369558,3.279315269951559,-5.306702919080536,-3.2377470919262494,0.09086010401459717,5.214748892500922,2.147383159149277,4.460742366826697,10.46077158054652,5.653630271903964,1.9152041664065296,-8.89909233849268,-1.6701236086608005,-3.9064979888533964,-7.048871530848331,-0.1504740024269293,-4.413223592286999,4.791933349395586,-2.427059992846737,-0.13508329025873525,2.6210798718075807,3.807417923788001,0.06990139736262711,-3.091168931926487,3.1780323578004617,4.872340258195876,2.0
-2.4832209358970774,-30.505203685156083,30.359079244433065,-9.48786961790571,2.048096800032836,-0.9611031131452225,-6.997274259417371,-2.844744398714115,-5.860091628065644,-1.697136951287677,0.17711967654317246,-6.552463288524571,5.469015278358006,-12.028454963935001,-3.827016125015615,-8.631882094848894,3.868021168404325,2.250316649032378,1.7957881483577085,2.028978374277437,-4.41034980904873,3.7349256170872205,3.616286453420649,-1.303169035591663,4.295210094024188,-0.1637032900192705,0.96588847975127,1.5651203538974738,-0.02532017943066662,-2.0526539384265323,2.3908552260587057,1.848865013346308,-0.0031637060468541153,0.09285780842847553,-0.5116913067346109,-2.0914183314097934,-1.4963313060665213,-7.096144067719676,-0.17354955854786655,-2.389066598025254,1.0044755523000541,5.287223223873053,3.824171077510398,-0.05459688307529336,-1.0938496019369597,-0.2618979373995136,0.0955076189337856,2.747608059642458,-1.0431533091151615,-0.06404297451424126,2.0
5.350505083038998,-7.899025484497614,7.361059696701323,-25.655284171215683,-2.2790193328931876,4.763737447920195,-15.002350455120808,0.013302491416624363,-7.664501372993362,-5.633789465480472,-13.016547842808633,12.9985603939779,-1.6413764803089101,15.255628275652453,6.165142753116,3.6807611297829883,-2.7199860628045807,-10.128673444194856,-7.454664721470289,-3.2298319907177473,6.176442216385747,-7.423695796721321,-0.06066257574566251,3.7122399066600837,7.766659477681209,7.907352532955472,1.7581411919205858,-2.627369224951585,-1.349920484021884,8.790146665425844,0.7070796873293054,-7.408968473560755,9.137344153180637,5.6962188479695115,-2.46061843727681,2.3966112923250957,-4.761866042952824,1.3640797067392239,-1.0168100892894438,0.35167129558079624,9.901526012899128,0.07350327661691419,-2.69005599313104,-1.632500723904445,-5.172712489058986,-7.3135435031543565,-0.17597248705189,1.3829986275271535,-6.401188970468453,-0.6887730151448429,5.0
16.10730537218133,93.8921832189953,5.02476782434396,-27.14862604242252,18.268127301308365,-24.31698427007623,-6.535554548101203,8.830335438387493,-0.24824058408177946,-3.9188573560648856,26.016646572432087,-17.035788697030792,6.294616266330988,-1.395022782508462,-3.5024792759021683,0.5855396679128516,6.088004829276707,-0.7151439812125499,1.1334011416416574,3.291818510409306,12.073275676212445,-5.641030254912988,1.160437267423397,-2.0876155078784375,-3.42697236609077,6.4112937193217565,5.584584744719433,0.15098076696533028,-8.230345194461737,9.289572791334558,2.3933279679250536,2.225400063305716,6.1832162996436715,2.620687829231588,5.239762757886253,-3.574785432655077,5.0746253201274305,-0.004208354964329119,-7.451672553085529,-1.009818773717321,-0.14828927287800178,3.877907773278128,7.537347374307843,2.9689544591221244,0.38487443251363335,-2.821057362236868,2.341430932991438,-1.4318277774671724,3.0600453369145857,1.9108628376862449,1.0
17.455149238020123,0.04257364355079171,-24.501976576780308,1.6733559775100517,-6.870336576720833,-7.275112970354983,-2.2547768697302817,1.6643405508168394,0.963596629068835,1.322368684151123,-1.6045763450260169,3.7863627815020218,-2.7520434519210646,5.802694828789106,13.355750935763206,2.3358236384032423,7.249816229755657,3.609888120983825,-0.06112438150513363,-5.607657742354335,-6.585964920749785,-4.887946827611798,-6.939197862149642,4.340865667453679,-0.7966852156542577,-2.9816557639556587,-3.814981339268601,-1.0196568387910288,1.731535074035593,1.0758782400821383,-2.4888126722008304,4.907820651788705,0.5587777277422898,-0.3001011427233373,-3.489782498891754,-2.4760774006585744,0.8573346109502987,-6.040346123027816,2.3934804241997543,-6.722132786520721,0.24834851521328855,-2.6676989702164673,1.6673933821640647,2.5482357723057016,1.8629889866882647,1.821710144837452,1.2261585794541099,0.8860934531086534,2.9084904586873352,3.9424330811117922,5.0
-0.6732638825295639,61.85744499867479,-13.696968904378927,14.31813629388226,-7.854861669263922,-14.864949435540131,-3.474397500020901,10.906532057879216,3.1708655315065233,-1.8887218094026672,-3.8342449406713377,-9.679881710657762,6.971543671813447,0.12989470056426505,1.2393765724842587,2.165461679521311,6.8412424048575495,-5.258674305979059,-3.9284194177842977,-0.24165292684237602,0.8642623004045077,-7.051972115136098,0.8882360251459083,6.0153567662280185,-3.499667217841565,3.7293802920395374,-1.0912513215430892,0.14474900066174545,-0.6208060902071234,-0.8092300215800872,1.7326611368155906,-4.5070646534986185,-2.1072988768673118,-1.735914598060914,0.6675222741134506,3.9275234266756978,-2.021858203179551,1.7817301463891821,-2.1661067502824456,1.4220029722473286,2.1741948439333316,-1.4368732360852554,-0.2893606517324904,-0.6116387076922983,-1.4948396193695987,-4.320050447645712,3.6300204856741676,0.0817228977659544,0.3384580838578925,-0.30039332206898617,3.0
-25.64072224636903,-13.995996368023796,-12.413882245246393,-0.9457721603866861,3.9626656459827134,6.074276311974919,-14.955417406905468,-12.484747527134148,-2.670979285266499,-2.0902837402699226,10.209885664218469,11.954109871994271,-2.6214028292509846,0.048063547204608835,0.6536412295769197,-9.090471226173541,-4.6036650523137,-9.153193405829906,0.757260496006197,-0.24550490819953927,-9.146135134667952,-5.423625619349676,-15.28795651690222,-13.999542509929391,-2.8479510032498507,7.0349127049241105,-3.071821965586459,6.871381213113846,5.366842947586807,7.7025545053730635,-0.5793207484383217,-3.786541368033698,-1.0171246856893374,-0.3834467117760137,-0.4618900863310002,5.482555530079566,-4.208803461073165,-1.0847883476193507,-7.0119037068991075,4.130414096286514,5.211274508771031,0.36820300776130654,-6.6752483089910974,-1.1914910074045986,-5.134859356138971,-6.533144718085055,-1.4605230516497354,-1.7228183211969208,-0.01719320586975448,5.0998756138659065,5.0
29.818583631343607,14.107140961700452,16.649472804115238,-27.34202156361532,-11.422226960739549,-14.223027239729701,8.399914839199834,28.05787087352006,32.31855640556597,13.799233860274354,28.621179527448778,-10.358847177579943,1.2765795423240296,2.6443657352518177,1.8806595992214838,6.408070703685291,-14.474267857659655,-2.959401670806316,2.2722882991004063,13.565752975820036,-0.6640601550929872,-0.3525399268596867,-3.5378423816425766,2.9573328678839768,-9.453970162718623,5.306796887094375,-0.5845196672050339,-1.1652377555099127,0.9572471085201654,-1.4581881008136,-0.48484261583922317,0.8229710258671675,-5.558664347227284,0.16996367207973803,-0.7748369596943007,3.9985849540280385,2.940548253687812,0.0706852648302124,0.6409306794604389,-0.24991268865009778,3.4397191867983405,1.2826536814168303,-2.5810459990123693,-3.246507852946508,-1.6258557528272806,-0.271469656136393,0.9345613762713356,-0.31022956131031637,-0.6938083232413874,1.899700992303214,1.0
-13.370621377744344,-19.23155557828199,-12.007550118172702,10.587917525820538,2.1863356052318696,-12.55229684868198,-0.9736754305025025,7.425442530030581,-15.029954174155991,5.30915527733311,-2.8985538221996467,-7.276652840352848,2.543720892098579,5.861933760308174,8.503362551129808,-2.4314661361298207,-6.929658741474712,0.5254678329409234,-0.9471485185394736,3.972608083426745,-2.5706278577405364,-9.929525173950124,-7.620363392144848,-1.4437421485506112,1.0979668301484586,-1.7535670557682217,-7.87837565079064,-2.243961558340661,-1.965832421218348,-2.6324563612725314,-2.100270562895575,-0.42023915934079187,0.03594435784464192,-3.781857099005464,2.2082257869115542,0.46558543555207355,-3.4476500962288057,4.915660036588555,1.9453044609901688,3.7117371702038113,-4.532402553994439,0.0076496621236195,-2.35396868296393,0.7967836564286397,-1.0782917871759718,1.9985245759298182,-1.8670712649697003,-0.7701362380860698,-0.848936721207499,-6.171241546356475,2.0
-33.911071348468596,-17.33311980243695,-21.201206531585267,9.370674316244685,-6.273637429693315,-1.6024583635937306,-16.485220344398236,-2.2736483505125773,15.780485919837076,-5.231910656251304,8.36936190194016,1.1146466018187797,-5.3796857756064504,2.9305411426902204,5.5420183776171426,-12.270558388726698,-8.888594753756433,-3.7338153348902416,-4.611650554795263,-1.3065307388682594,12.390721412150613,-2.6794527647023547,5.953119562853173,-3.85204904069417,8.752382903273142,-7.407568081794922,-1.1558811327106127,2.9150531946995253,-2.317852596347802,0.7915296570288096,1.4054847370454664,-9.037169729589367,1.5479667409920357,-3.4874177037709195,0.0829595906676586,-3.251973316437307,1.0744962511993184,-0.5825917500402401,-3.1347374259716356,-5.722843118948049,0.13433742371568677,2.486742910573663,-0.10969164053941273,4.591462106372835,-4.665486801085986,-6.678483679029931,-1.0801456914770287,-8.405407983181737,1.4107861424180435,-6.104738016539854,5.0
16.354080984157438,5.36209080183941,20.384665248236274,15.703482898124687,5.532648083401579,-7.926237365332711,-0.8723905439241898,-2.472766369727084,-5.752656288562059,-5.012487757425976,1.0272384236139138,1.590575746043355,4.290043480152155,4.6746374099580335,-1.5468479120286374,-5.48824833787608,2.390779952289342,-0.8076946012984435,-2.7733038084690365,2.81573513084753,1.9110535557518848,5.740210001794208,-2.6842755499743958,-6.76513846830729,-1.7939390834283808,-0.058706596849565904,0.3753335924716227,3.1935382602759947,7.32585116246651,-2.4987833600207785,-3.8794533806131226,-4.628555941208362,-2.0975326884003618,0.573180288235934,1.5287658091488925,1.1692596635549142,3.322606715610049,-2.2960384589472285,5.411134362967295,0.18167926982357707,-0.13828994312176152,1.939614262498734,1.8401135259343524,-0.6185895287244219,-0.7744225269433453,-2.7143818853393133,2.749332081913852,0.8584135492427167,2.3488449474811874,0.25944157101223314,2.0
4.117900390807609,-40.02278141573651,16.028204709186774,7.2407541355264335,-21.543465105950467,9.872240559022949,-4.795769624922551,0.5702875109315709,16.36843977081172,13.025800251997449,-3.392472475125165,-12.988612161637555,7.201234637159669,-3.348003160691728,-11.113430818198488,0.20206732145071654,6.127890180473673,-2.3547861302873843,-4.199618828195415,-0.4007866630867908,1.9448569140508642,-4.066142796821201,-2.5847463525044483,3.5852127218431393,2.283226221842401,8.413616912759032,12.76818917184961,2.4798934708221947,0.5005292956997627,2.7396375094475363,4.015439438371694,0.07120080535363255,-9.049040661732052,-8.716514485985154,8.330022171711509,1.6273604716475603,1.480302055158157,1.9392038225773358,8.986464505174235,2.8099650502271842,-0.3192103706071795,2.80059574564381,-0.27220728416961926,-1.2456501525344668,0.6783689518534565,4.318028950067445,-0.06427184256360852,-0.4343892251373326,-2.4756332670134755,-0.02692077150008211,2.0
1.4679318287911534,8.263624093873503,26.413079290254657,-28.686537981621186,7.68316784008514,-9.700867232210046,9.219590808136402,10.43776118947354,10.92656390368339,-0.04524585061699454,34.6007245991494,-8.706507571849576,-6.229001651925957,5.619917391978985,5.286284508696293,8.963470137781298,-12.850214630355376,6.914975194113619,-0.4967337927291249,6.182528896880011,-6.2707985897941,3.4568789402530227,-1.6997305452888183,5.663740869782534,-4.272256602583187,1.6589843942389388,0.2100311918679733,0.09083191004252589,5.5889958392604795,-1.700349617906002,0.7205386520431449,-1.5936711499924103,1.0223175576722747,-0.5847065523085253,1.4502848503798589,0.7753329359841872,-0.2673799495548195,3.879868718320596,-0.9519090879595387,0.28755754977266335,4.416637095595924,-1.8498963327998306,-1.1995780716444746,2.372597371275472,-2.656584157560683,3.255626104549582,-5.999012278399586,0.09902162461008339,0.9414197421067537,-0.2103585144897917,2.0
-10.763212808154154,-13.465513598287027,-11.666532917812864,-3.5576679984023682,22.80129323117993,-17.501028065588176,3.2253905407547716,-18.074591738227387,2.833602848298339,34.29987998903579,-18.482098418250178,1.9870918625477063,-15.018476177896966,12.46015922205277,-18.64782568341405,-10.273940141868204,-1.0886473289262808,0.021388078776830258,4.491835770963941,4.758390163327653,8.826649020517925,5.035565301982067,3.6086670215868515,15.195658650244578,-4.822949307362334,10.348133380970326,-14.736938711816787,-3.2629074455425244,-5.731714637541282,9.095911758902103,-1.908637459160692,-5.969182801767678,4.76905080557996,13.317557884165462,5.936089233945693,2.706870661748522,-1.5191861882075888,3.599815840179086,2.8244658113775913,7.002243000057125,8.040663026525552,-1.3512510685080426,1.251108539832256,1.893109508024048,-2.437589455737908,-3.2884660487420945,1.2430632019485295,-8.38044367818689,0.9425582930241855,-2.2127807206850325,0.0
-48.80440536050865,63.663990614448934,2.3295387228236635,-4.024309733075143,-8.311948555765179,7.844339432768392,1.7361626751676282,8.896681109825995,8.697409688699352,12.34817386429193,4.584988095200496,-1.3136734428940753,7.596741770236149,-3.0013690590186735,-5.8145917919351895,3.2639478437611817,26.460856096496624,-4.7755547145382184,-0.0061179660300459925,7.375227839310278,1.9381305591878197,-11.86058263275545,9.603471092408554,-1.521510906283894,7.675738997435,1.2776548192883055,3.9353703294871374,-8.179215695801155,4.474734633467852,2.506127639579509,-6.735420318908311,0.7410733569869663,-1.1019019905723773,0.6462254795954027,-0.025186960322897654,-1.260253708474221,0.46608547686393875,-0.8970529261351808,-5.787556276296057,4.417531947207978,-3.5378661932697426,5.469460437950729,3.1959800092869113,3.425894689849856,4.761676400562038,-0.8368837377574424,8.380019226148615,0.3547240890079687,-1.3091883988799653,2.9029282513364465,2.0
44.48570201183916,7.780569009639345,-18.17543028848691,11.300706647179389,65.27244106496488,62.39695094646042,-30.258099087031454,28.546714390574312,10.116064644200996,-7.551667159147123,-6.615391316357892,-17.203654745046794,-8.304003583242771,-3.8478533299348117,-0.8050887166889481,3.4834277842284083,-1.2246807618685411,0.5179136139257533,-1.4740817166622784,3.2308018226889703,-3.6234559696219324,2.205375591467153,0.7856497689271451,-0.8241316460155096,-1.2401098919494358,1.1261561119739036,-1.1518838716320419,3.269617863910368,4.550074071941973,-1.9853396986735794,-1.3806560197177447,0.3794206310875467,-2.264082571456908,0.48011885409517036,0.053715805953478135,-0.5875112867045111,-0.997368019158163,-0.14895552443761315,1.413108845543478,1.466288619764967,0.6130599048124376,-0.6052312540752067,-0.5905647112887289,2.2463950551636773,-0.05808953439476626,0.49572395916130046,0.2385087432930366,-0.026219776351813207,-0.8263908624309755,0.0575219190115534,0.0
-2.5782209332094643,-16.833630757954758,-25.07384150282489,-22.08553868655449,6.466297022820696,-7.129115818952982,-0.25301054569121506,-5.322271835792702,-18.08247865133705,6.804709889610971,2.1492182992889455,-5.701640734379509,-1.8162592043506864,3.949165114215727,3.138481977710727,11.699623894545672,5.222757184499376,-5.5103091227990415,3.0477530719079646,2.08637782339136,-4.0428240144797805,17.26229052643084,0.16204687346475632,0.9650687060150046,2.8548358632190705,-6.419784505329218,7.981446046192369,5.511725605962116,3.0217934537406483,6.111809499953505,2.754348381192713,-7.7222521462277065,-0.10406098538437085,12.4834642900131,-6.352691578301772,-4.846923644872106,-7.159228839996624,-0.7427080664862299,-0.10983459146760731,8.536072965019859,-1.3442015396454736,-0.30065410458354536,6.694493180991155,6.190775578412813,-6.957058332613975,-3.2554555847270503,2.6486041090259422,-0.38835222564941807,5.26826007048685,3.5447083579702974,5.0
-3.138869107184002,78.75176401360808,-11.160104211271209,21.475432742037814,-1.0295639438468456,12.601154008080542,3.372834011719156,-6.9629788475399,4.224319446585792,-4.59514736014568,1.6288291454154016,2.0479800863115476,9.56515944698628,-11.614182754981407,8.974398829908035,4.856925705365433,7.340144865247748,10.136264780491969,9.453841419249352,13.967349510479165,2.8935598801891724,-8.654097562685651,7.409505887456842,4.913205438546589,-2.7611966253083895,0.21458083697867966,-0.46577937770697636,-0.5139018642887822,-0.7631336663606271,8.087628576549601,0.35467896633385343,0.9690276691239922,-1.0675810740255152,0.7440821569631373,5.209220273626995,-0.8741445551767208,2.801308220569846,-0.6834685101803805,-4.335740874879519,-0.36465801248152124,3.910672193630091,3.798030775923138,2.42888376096848,-2.006030324822275,-8.234017623893179,0.7191556543772996,2.168412348295027,-2.0445407565351035,0.5452116159009636,-2.444048811566895,3.0
28.57593934762745,19.675178864315473,2.0167883407455243,9.82375213581265,-17.764580745496865,-0.6130959400647243,12.661456737686265,15.607695555951679,16.7638694277363,3.261849401751028,-4.736879790655316,-1.510825026288905,0.844877403964479,-0.2890285946200983,-6.036274666201939,-5.729296611640563,7.190082723169443,-10.558611723032667,-7.658740626271577,-7.5110882832453,-1.350063917435841,-4.740023182174548,-4.607811424371705,3.704867408978083,-4.609944800239548,6.105702375414941,3.154331610275258,0.30144839371217513,-2.8968097683617033,-2.5778442756953366,0.6977799345597182,0.5949528094167948,-4.462243160740458,-2.3603734346338916,1.3348279541791195,-0.5776081314868744,0.23167600935620816,5.418439730067393,0.6121735649923977,3.668192871486019,-0.7264195038482479,-2.6493440316516668,3.550624735541217,1.0095257907367148,0.41195130652518064,0.15972404436476917,-1.2273494805362473,-1.4905750170007752,-0.3649425851075957,0.5677332371603153,1.0
-74.85458909962503,7.656838817376684,6.369130784664867,-9.407209353389874,5.874068566375939,24.585036713916693,4.1120103273473765,-14.516463581897643,12.35293026898942,4.183228490199368,14.393677225206758,0.08027552660372732,10.666634620336652,-5.063312600212518,-1.6944479199325009,-15.018267580938991,6.288893241024938,-6.305565196447754,4.456342467402519,-21.368280186754887,-7.378830911683387,2.385954864908239,10.31947323328048,1.91824587734355,-11.877934017785309,-6.104607027162449,11.366347163578638,1.0467290548508188,-1.1810772163071315,-8.908161075500445,-8.091068732986527,0.20399662414911426,2.9829236673620128,-2.426501495488957,3.9990521065760474,4.753324063209501,-0.36218657712843816,-4.542319789309821,11.007458817246112,3.5997070223928405,-1.283965022744835,6.359491768959699,-5.274258650685507,-6.219868901344285,-2.0096927214762483,5.119874268501879,5.398928535600119,-10.917338642887996,6.561562741531409,-0.11311684073294666,4.0
-23.634330343682507,-30.483574861829332,-12.98671286054379,15.76335394918571,2.1354772269359032,0.9829251343409547,0.6901455511344285,-23.061025800061547,19.848312416556464,-11.095097900903502,4.6469136266900195,-1.9115057370865798,-8.399305829084122,7.327725187971952,3.757443001986545,-3.8406009663365293,3.143593041285915,-9.151228861321561,2.1852965197049197,8.823201634589541,-2.52995041114464,-2.1633524977171725,0.9225718604368763,-2.1445652219946854,0.5159787803149136,0.4742591424013985,5.2069003241428495,6.974463512511713,-3.307210323022192,-0.7390114266702354,-4.8657723286161865,-8.05138093849492,-5.404246051971574,-1.2235804506714385,-1.1340605440088083,-8.35039631621061,-3.7860343276028097,7.8003662229782345,-0.7098519379590528,-2.620657221992647,3.5725888218441617,3.061891755214091,1.3221323867283687,0.14581114162878775,-0.5896059879891382,-5.686054812774446,-5.296699081969256,2.4167580998101656,0.5005963645287048,1.0233658561970742,5.0
9.76846912188454,-17.975806809144373,1.50761640774564,0.44229845731466777,16.296910670796805,-25.551227309697836,-12.56470912400128,-0.39266341585963366,-2.94105921562011,-6.361380122496367,-6.191647760393882,0.004109109699421043,-10.019189935370663,0.25764881421974634,-11.664980378211371,0.40117099220975894,6.273309785352984,7.4574264997904525,-0.8977567441903063,0.3492423036842791,11.425814290052486,-2.1219545723933146,-5.319272368563764,4.738953348549937,0.8549125008084079,-0.04202896452733357,-3.4013052014677503,-4.639536835468752,-5.843597029071131,-4.7481364840141165,3.3740806059896107,0.3488781585485377,7.679706437577499,-9.19636872035018,-2.775617433621922,1.3668528082789644,-2.2797114306330597,-0.9107298348930807,-4.277479421845431,2.1862664249710986,0.8745037352859942,-1.0707868548146289,7.27732392841636,-2.000586655890114,-5.6331371414027185,3.075795224635429,-2.019466097623771,-1.3709803137055008,-0.7095058513030112,-0.3041714980539917,2.0
22.561961272719778,-28.938165959388662,26.112562761743508,-12.16536606138142,-1.4439080673789368,-2.5489591877054463,-3.368909271477231,-1.1639582529618626,-3.0564293348689944,-0.8299706775311587,-4.307546784934804,-5.36430751040357,4.628810620190415,1.1524162932319317,-0.8832985421287084,4.995289330084924,3.1876487305424663,-0.864696043736093,2.1893231422294925,-2.6079564433407745,0.4555740522361718,0.038959801726915426,3.6387215599866973,-7.192507232676725,7.48770970156138,0.039820223331071256,-3.0223377602966144,-1.7721195310141906,3.1186437531274596,2.096117501601377,3.2940795030413006,-3.3901493313292432,-0.46244671549806504,1.6411244199667998,2.571877024889675,-6.304796832325759,1.3289568341863134,1.3536877466292763,-3.098513563261957,-0.2237101858463204,0.7356182079055896,-2.0638525601770725,-1.2960871139364585,-2.3503445046329157,0.6980658752441607,-0.13676114272526982,0.7553188123940153,0.9609110823479882,3.083359773725044,0.7904163360240372,2.0
-31.37530162265888,45.373196619265705,-28.671774593115984,10.760123497962848,-5.433321754570357,-9.732109443815146,-0.623632812262951,18.52536856042852,-7.06779986938874,10.513680157274937,0.37287881068375894,-5.716184264877743,16.440521531811857,0.7181840854730777,11.087402990989434,6.121777682670812,3.4883390559510796,-2.138736582101648,-3.8719093860243796,-1.8685942875431856,-9.514384264499144,-2.8584050796941773,-2.320083202263882,1.640154602065592,2.4860944346082405,-2.1543347823307966,-0.6814491747449002,-1.332351784832691,3.9911827218530878,5.462459821297121,2.6129429428837025,-4.948297903336459,0.07310977781538541,-2.2670058487953684,-0.011857623482110781,2.0663537187860257,-0.9187957393729043,-5.717783669145089,0.08277835038389125,-2.2769696666854755,1.201966056690212,1.3744462903204064,-2.4939882927766144,0.12001731023042388,2.3571563825983337,-0.4878844684901187,0.719611131916373,-0.22526227503981186,-3.4022041665678255,-4.3983598019379,3.0
-28.410508295981355,-32.02548202373952,-23.2311516372553,-8.473495606816554,26.098570644120272,-5.942951377148258,21.750696963015386,-8.68741456120167,7.66603368316443,4.7969457933591695,-9.564007883925274,-9.695472156609904,16.654842766127704,-6.72412000799424,-8.07937697321012,-12.105401128994878,-12.021908384677424,-5.331609452697354,5.713834714122114,0.12717236746256372,2.911587453070967,-3.273371790554526,-2.761307718025307,9.973545893505518,7.7248202016528165,-10.106721638758707,-4.45488748650676,-12.755197977221446,-0.22633214768125476,7.5952291298523145,7.526400685122499,-11.25635959207979,-8.341657345198437,1.5944133850108564,11.50691759316008,-1.0709290390211599,4.274367766353398,-4.176180458439027,8.705967274920882,1.343246935516278,-7.559503824291653,-7.343261212927933,-6.076407015278541,-1.9972102528652078,-6.42401785019198,-6.9378232592299325,3.69457290446438,-4.582407920047711,-8.896275839554498,2.202774805424112,5.0
23.194652846046527,-20.697020565000223,21.392668045864834,-2.2916926860833495,-12.607132974112337,1.253859268248834,-2.697080711284847,16.023504425552286,-7.666029109226308,-8.024025896618923,-2.273620453123486,-0.7048698738839114,8.862420420188373,1.7436799415627686,-4.739452246084828,-2.0401605386451442,5.100714125565634,0.225653842086534,2.226142490936842,2.8444428133170225,-0.5368699574042428,-1.4743653942259514,-1.3363354608335392,4.082291805441593,3.3009546403132273,1.2687167136736868,0.6290505388023367,2.349109528897344,-0.4711277296429978,-1.4962257117572901,-1.2820822760784985,-3.8784085795265657,1.018001235410105,1.8880536092536824,4.027387243552232,-1.8482084086914992,2.208002417897065,1.4769356228185855,-0.9223793063639358,0.2863528932625985,0.7725197243863322,-3.366721111872351,3.030613903475537,-1.2913693275038776,-0.0009754426484114785,1.439922153830843,-2.7181131203822275,2.3083958135407583,2.359396812893947,-1.1413339245125584,2.0
11.770530627184902,12.40385086282728,24.109080285305474,-15.263146580886756,1.480304058584068,-9.594413961266657,7.551329625508476,9.623981141805817,5.573565987216685,-0.7623661912093912,2.4693758886228614,-2.7672697818650396,-0.6758273607501923,-4.103735730413801,8.051208007358063,0.5831931732859102,-1.9130802204804063,-0.7897576249619858,-0.5882309366901777,-6.556806602521352,-2.3391089236912594,-0.17694186415422933,-0.16628353252690928,-1.3800075076402814,2.1729250187074887,-0.5487164868378529,-3.0852810477020025,3.9354087378418208,0.7469280693293372,-0.5898905606949703,-0.2453906069430218,-5.257849749039247,-6.152656752453865,5.096477248389407,2.874071972628455,0.5493858199416132,7.270503615975885,4.128267604056563,-0.2487746890397746,-3.1936621637847673,-1.0557221322202475,-1.2101873337881544,1.407495943901118,-3.479114806538675,-2.1465288462077567,-0.11675922308232747,0.9603155519875818,1.8327260888290544,-0.364898152475564,-1.4833836069447326,5.0
62.92637614625393,0.4864320397311589,-5.558990778877645,12.614427589831726,-14.271292683011682,15.344630062922949,17.42079367492356,-6.846936751875655,12.775495483455193,3.0374893784769563,-0.5441657427005532,3.7049791798418785,7.946023224495155,-0.7962331510406027,7.839048928056745,-5.858028790367544,0.4163153811604819,12.0353940752833,11.683231749906517,-0.7737964331576506,4.199146842135087,10.820058365348949,9.89386071219996,-2.7246304122599247,11.342906569040297,1.3040560348811456,3.656787911731501,0.6066773831213214,0.04178027074341482,3.4771599768677373,0.39030191378177936,8.813037060079939,-1.5087526435976564,-2.7282345034295594,-4.499011786954063,5.96544521249236,-1.6559634362829898,-0.08177277765497853,-7.803073084357015,4.787328616509564,3.4253333660976506,-7.260887820717828,6.221094246041411,-3.5021871398596502,2.475230998510515,-2.947230918360517,1.8782491919140363,-0.35113074576674846,-3.7846618103818184,-1.6950421767741353,2.0
-27.8432926873541,-34.09218976634163,-1.4054338639703357,14.880540756402684,8.666206110783369,-11.024757247284528,3.8056407820901876,6.580230005288383,5.250082968557644,6.260996663647114,-4.234073344696428,-7.740646190277955,0.9160261061322623,-1.5203401743859317,0.2799380836157939,0.42730316446611,-2.1768620281110116,-3.014282296925979,2.046211363508082,0.5388822052158905,2.806162842222902,-1.1549981006658339,0.8947115717276195,-0.8862202103426073,0.19060459390241363,-2.2352761341556775,-1.0852297916038645,-1.1946831088115588,-3.0392565334459882,-5.672602558962503,-0.09939453052527876,1.5150634520557724,1.6856499829667244,-1.0164198828334325,0.2741631731607378,5.0649770379172345,0.09444974332082488,-3.164470412218543,-0.1302003536394648,0.6515865597874745,-3.013072312486088,1.5107180182814057,-0.6705955403447159,-0.3641056729999624,-1.3548217458597844,-0.6938569687280663,-0.19390534300913123,1.8310758387480128,2.3884059210189816,-1.781712844488381,4.0
-21.795160889926464,-12.404552152182001,18.62072071581252,5.380719242205929,10.709783024687702,-10.320289965774602,-10.49466599693765,0.7096662198066548,-3.970363153848289,0.9521760792955449,-0.5390930237689523,0.17577118533524805,6.917542586760835,-16.519010983518356,-9.68495268334465,7.22099751908352,-2.344152979422745,7.4895083171370676,-2.018473545217967,-5.388419701459278,6.093730812600615,0.06365721742089306,-6.162629123596896,-5.4298092200175025,-0.37480576472372196,-3.4348811370185843,-3.1236894446283787,1.7182134760474057,2.1196040359246964,-4.6018632865313265,-5.286355995038803,-1.5819654712286217,3.305305448314899,-0.23817254442179872,-1.8752464298902538,1.2391683180021158,-3.403528767333018,2.0638706061239684,3.6745608002638246,-2.600401837941106,-2.8726394945454152,-0.4078812424099458,2.303119012612994,-4.190783973736623,-2.7037248739235418,-2.116141007629605,1.819761010280599,1.1991293869715565,1.3743671503780002,-0.3474190629863055,1.0
1.7345342123181406,30.83359005273005,-24.45942889735155,-33.802064857564176,5.8045214852573395,-12.049855810654067,-10.248799194559076,-3.7854551607805393,-0.7256352004345666,2.915246927800647,-2.5194717055048366,11.052837868559198,-7.866959717600805,-7.4301498561094625,1.361369565976701,-6.483085346394677,10.787647474641824,-9.307340828428464,-10.065296110605269,1.8128819132898597,7.498981385527549,3.80411694421496,-4.680099228128427,-0.11524314291174126,-2.762527870434358,-10.915377003252617,9.045892646099452,7.7465737864441895,4.779465458850194,3.049234839283776,-4.092293402911795,4.042179536305528,2.2303854449903784,0.5375756994713746,-2.2383340257958175,1.3231004298888032,5.649124769324517,-0.7783118547166669,8.466816990665519,8.216803575579052,0.007323974845565825,-13.489183256187454,-1.899582462466176,-2.0261505811554574,2.092488961584516,0.5072433077222672,4.695881075623268,-1.8074183883208192,-3.560767576760514,-2.112473122690052,5.0
20.33359992575826,-36.53804076477108,0.6837124091313024,7.214122859921295,-6.391750833531555,-5.757651339414381,-0.18238773780159953,4.770320232173813,-14.343790412288238,9.134191658520525,-4.6643191511162705,-7.129369524384151,4.427973692019925,2.830163859982188,-2.8308170704161713,6.1066432028113855,-1.9501514129083077,0.9732449914667015,-0.5978173688492929,-0.12720704301569516,-3.77794380488997,-10.072632355359556,2.6144019195198265,3.2353019972712485,-2.8889298274650734,2.225895244953193,2.8571204175068527,-0.05566478292136183,0.6194170322197824,-2.1578106118617044,-0.8391412803928854,-3.0029289375412263,-0.8620389808202928,-2.6711451309691974,2.009838254536443,0.8530457724272762,-0.5083375630549838,1.88897763167705,-1.093365320972728,-2.7998779007971324,0.0543351222513276,0.8035591296556601,-0.32510760570572794,0.7812160523202227,1.9944505425123098,0.7371618679960723,4.298446643119062,1.012468227125239,0.1159415491226655,2.266325108881002,2.0
-16.812955004888114,16.844489538246098,-5.468567625103639,19.12716116053651,-6.492443687843521,-4.549186665660904,-12.936793225333387,-3.8570253505453054,3.264698856619929,9.319419808678111,4.588064871544188,7.464923822262471,-5.287660014239866,-1.004311206714947,-10.476383530260776,-3.73360582298913,-3.1860797935038345,8.479161526726612,0.42696420794067974,-3.681167779372134,-4.988083172898293,2.6355980810791677,-6.108261596692494,-7.048288488466251,2.5758944672926303,2.8495773658391754,-5.618949111411972,2.7347062860802773,4.2287323721568795,1.5577363662472117,-4.238238426013429,5.360552372557785,0.9218396253689697,0.16271652254248528,-7.183956104339242,3.0762072322257388,-2.5999685444795158,2.7703017342084366,-2.8445863257016395,-2.8947794413079455,-0.6080449169101835,0.4411874441040283,-1.917895139458384,-0.7857058246251127,1.6022743946896385,-3.848762055254086,-0.051744396769179885,-2.9918993713472415,2.140659453154117,-0.9411219298059833,2.0
-40.4529657832574,-18.786163488915783,-33.15079463252036,2.085639456314508,16.96829566648133,-1.0829987637930454,11.905695995096185,-7.680776617712852,5.979312046711225,-6.043336515706232,-0.3903819631694146,-6.524856602027961,11.200946734617608,1.2419776158829618,-1.1203271237114,-4.207081565978653,-7.5151490994261465,-5.832627786792424,2.773387626986038,2.5321635811569356,9.432389531379904,3.5083717578687392,-5.849791436150497,4.730675524643839,4.164747792347105,-3.7325843341468,-2.974493302618514,-6.87879459568587,-1.6343906769025232,-4.747854560579183,-3.6407946072523365,1.9017969135904382,-7.586833133770235,-0.23794549397105172,11.290557040082609,0.6690806679589144,11.483460661343234,3.856597741283891,-0.306128166346412,3.2307233800474777,-9.306255659329596,3.1633932593220826,-3.1904437836354207,-4.323959374526391,3.7666972969086085,-1.8392093792251891,1.9489820377058613,5.413532484461475,-10.574373297521095,7.941099032887988,5.0
15.339850530263142,-17.924317639159607,13.088110942733849,13.463239739401937,0.37704653675111366,-3.9306091465822357,12.597212427568335,-0.49698382315572676,2.8839587379648877,-0.15822194525961802,-6.946573667605444,1.3318321866493439,-5.8073260610243675,-3.962348396181426,5.9997633707687354,-1.0048824572632862,-1.2262893840991749,-9.939385819353022,-2.919119665443506,5.095535304924619,3.7713382384849377,-1.4326898898523797,-1.652599828613979,-5.295418377770068,-3.7685006994409798,0.13984647620762447,0.5086468430940078,-4.2531529748512895,4.011635962288742,-1.590648095120456,1.8890231789112966,3.7678278773304146,4.782469172300656,0.6026117829637796,-3.479842610133684,-2.2524612578123953,-2.553715577523791,-0.2767159557050557,-2.5984037361970396,3.669377407853938,0.38228422346318963,-2.6948195722283885,-0.31528184439386975,-1.565355094513565,-0.717201556162875,1.8390070159687508,-1.291958357246559,0.7692465863088465,0.05922918661326972,-0.19915547561982105,1.0
-31.69678780888694,-4.737070237124779,18.879761390488188,-4.545586489127673,-4.699415759797019,10.337729592080812,-14.43824757968107,-4.267199036147476,-0.1860447173056247,-4.256378335503732,-6.792993628901323,0.6560670910036136,3.929458897102011,9.354090302437188,7.509673091615516,0.2288824591460136,-13.048417821636585,-0.1373391516419833,0.7099468426228676,-10.035468686067503,12.307346668490677,-9.547758877439529,-5.590134087988107,6.941701002527551,5.586842219688615,0.7510414546008585,-1.5125371402393528,-5.182931104902565,-2.836403543939069,-8.396933486527796,1.6909939669429312,11.306564345224151,-9.688534560630423,-0.04050401614110432,2.343876167708177,6.571146370648664,-6.756879243445164,-7.195313641103718,-1.2991309939742675,-3.151905442710564,-5.349391113657302,9.380625024599965,-0.6605014017720696,-4.045318103606063,-0.2691218208915473,-5.536350931012336,4.955875778638044,0.0647921440300694,-0.4789418350421695,-5.830321895090146,5.0
-28.131798400073365,-13.972267547700714,3.981501338647691,5.075039633876384,-4.441639603778984,13.935261338182423,5.934241448251265,-17.84135914487329,7.606733564015248,-3.8734231325109785,9.984640415658223,-5.569082124345648,-10.717753596873665,5.590615604477658,-4.7681193487909805,-0.03212510250202365,11.040709779021736,3.366669737852385,0.547207124602243,-8.037928253865164,-11.72549837348444,4.600183028050334,8.994829100912519,3.8716784783119715,0.011941442812868089,0.7143422818933244,4.749955385193904,3.045061010512003,2.882412451851913,5.839762050815718,-5.788050549720787,-2.2096242987110806,0.76502081887139,3.273895829771756,-0.32476715845780046,-0.09773695980598697,-1.964295367562645,5.19482184502722,4.443346899159051,-3.859425379975202,0.5865261476392875,0.5823950902956244,-3.711052869863199,5.379746880278768,-4.459511798556766,-2.0210373551099496,0.2507983480789048,-5.415451230973763,-0.02551764286001342,0.2096496095110001,4.0
-30.219537177184872,23.79495659520056,9.67850217318274,-13.301052720319397,0.07603121601889147,5.38726491625219,-8.492156140565568,-7.034275124423445,4.002295026834173,3.2905098871897542,-11.394989623180042,7.051703150130802,-3.3473478832746437,12.915151654604607,-25.415490486930825,1.5268907227588422,3.6307850592294586,10.463430608583119,8.079223839159026,-4.18806605231569,8.622853658168886,-0.0817576305880702,7.242046849271968,5.544153910251435,-0.7786332002892732,-7.347054117342207,-0.0989840747698354,7.182884143218818,10.188332557466644,-0.11889539722407559,-6.130573220099769,1.797459745512469,-5.978115570468733,-5.41199707188202,-1.335398890990487,-1.4205068771376268,5.936018935865992,-2.8649026540072113,-0.7947394572750214,0.9125572684717902,6.771798834148069,-4.304363446409718,-3.016216408110058,1.1426643814659045,2.927550309309897,-2.5046371134962695,-6.139558041892958,0.9058932009134051,2.4392079437216188,-3.276569969913907,3.0
1.2038691274521274,-26.878247580865228,-8.496060506997518,7.122723868017489,13.03665845636114,-12.166010518915796,-11.566454290897285,-12.458955601978511,4.824460666382322,-10.218216167159063,-4.7399757908292885,6.1984876057069,1.3721491198247098,7.612129646529966,0.22671878576071985,3.6208058488370036,3.6659652880809075,0.052097679037822045,12.507556732042113,0.5303741894354976,-3.6756120105363794,-0.7109283813520267,-2.7304208809569106,-3.764479277870503,-8.896956273785497,14.07874322453742,2.7916830462376065,-5.616525083299725,-5.361941114525233,-6.013493897768945,0.960251298523961,3.4553938643718856,0.9867149128583423,-1.1801553153381432,10.309077365665525,-1.733984180854502,-3.481907164916826,2.18349208815622,-0.2572241249369105,-4.571589881059499,-3.528938207409643,6.838203431890909,-0.5482619922262844,0.6834654673411673,2.6354900478801175,-1.7207233527671844,2.971040785328541,0.4307952617862967,3.1536002187905106,-1.8648529358201182,5.0
14.41775095910226,-1.0883815210080605,-22.62516080681127,-11.146425861999123,-0.8652280580551068,-7.830551086194875,-5.517082783683963,-12.144579115816294,18.558433061498743,10.121857911287035,-14.562585946177704,9.579337443526972,8.54505439573557,-2.590714744426234,13.74374731023301,2.6757451726519967,4.80106585656884,2.0194251438483266,6.399292143284946,-3.9544225981175134,-6.430732022765591,8.178064394877923,-4.572828601826085,-0.7501619905156376,-1.0672806310419565,4.505151490224522,-0.06024503216270849,3.6561157090308503,7.491918422124388,-6.8909800967738395,1.2686177491255597,6.183402046083084,-2.589478457571538,3.945167562621261,7.094514038439732,1.7110477819959664,5.398792492597137,-1.4333995354289817,-1.9257993492990495,-5.183380937825425,2.5024998597609627,2.602952997606289,1.43366001888289,-0.018770729319648606,4.613907205988018,-1.9177622106183385,2.03855359926993,0.7555332985195227,4.873798068389019,0.6145081543833263,5.0
-3.6985496171066776,87.78514416686478,-11.866388064793183,13.00607893451932,-14.616810533226971,-1.5391138302616882,-4.225032545095511,-3.3617249598284884,-6.757571554843375,-4.8642465637637855,1.2447632313057344,-14.836222977372605,7.9627042565296255,-4.314222038530844,-3.1146614623384568,2.4917624692471403,-0.9303703251925374,2.785342865956364,4.562128494218182,5.98676573915428,3.484630822421532,-10.632255048695693,9.2609715382213,-4.674179685774962,-0.8763022507834761,5.393482318692036,4.325382174850005,-1.7246135603074126,-0.020289725158041116,1.7595625007023195,0.9020362468902331,-2.7257835669584707,-1.2582804471602382,3.0262846090902324,1.6064187606381404,2.222200348212465,-1.208876397585895,1.9599166773511867,-0.3191975662872756,1.2344529221115808,0.637422803865733,2.2963249514414397,-0.44119721627235287,0.7265572582590142,0.20408923448110775,-3.1577530672751895,0.6927972857661282,2.455386060172255,1.3921727048825134,0.053358508300453494,3.0
-15.69563927500855,-8.066302652789044,-23.113041963376794,-0.09536833849626389,-7.97688696762037,-6.181145252544784,-7.408273712766749,3.06275045881217,-0.21858271747401353,5.587117617089837,4.2020672517312825,6.419145300391802,-3.662303511294318,0.8607982938888062,4.121831540409318,0.5360082091948327,0.23479612365638786,-6.009046004036619,-1.6568022918852887,4.507861740939592,-7.438547526735229,3.476905922530205,-5.246552505874913,-2.636026061258968,-0.7021390590534698,-6.767103342329294,1.689312727382075,1.507803781360364,-1.5697336016161667,-1.6387468796980513,-2.1981380801314625,7.1964566973749795,-2.2475670025987053,6.016697325594445,9.354207872130461,3.059892286003887,5.272914712064725,0.043709302100454275,3.672758078111062,2.0188124043614453,-4.102252700434719,2.491653750740206,-1.5658882598607775,-0.4289439702102338,-1.8846918675402402,-0.3892299783836478,-7.6346954405287155,-6.875913825062534,-1.723000529351995,-3.3257771097174667,5.0
-61.07393001539525,56.09865819838796,-26.5562507266754,10.66413635622571,11.580159686954849,-5.212374718386169,3.5781869696488124,13.600537859724827,3.733895214876989,3.9511751617973743,13.515702519089666,0.5225122354273364,0.5658763301734393,6.074266346015293,8.934153403809571,-8.701462829486951,22.912681256430965,8.965405976865812,3.889233835000032,-3.3431197914538813,1.9121007150796767,-10.669473883898208,3.5247076300999445,-9.480419525553648,5.264967378970745,-4.660457143596584,3.4522431301754013,-4.871520857274389,6.703375220166599,10.139724683371712,-0.26382611693072294,6.548390767150888,-4.499278280163476,5.2950010331828725,-3.469955782743983,-0.9602576168345852,-13.344016413257254,-5.3291000139051805,3.285329972078241,-0.3358993819460351,-2.1869407922091497,-0.49332427072426815,3.246909146598163,1.6372677273278147,2.873241751514979,-1.1533857001297902,-5.049561301410307,4.682075364143093,7.306152205199287,4.415441142486402,2.0
-14.672205708193575,-46.72733206067636,-15.022513149310083,-15.53732563642586,21.275178474334798,-3.8894471059674984,13.450937376262633,-1.1947831743091024,-4.083868679149469,9.787629052420652,-7.857725278695226,-17.37684665129391,23.116697105201638,-3.5854495160067557,-0.624912688373216,-18.79646329961807,-8.338183554428936,-1.6057359321451954,0.06191609501870028,0.4019562958752452,4.721062748340847,-15.011307281765966,-3.047447430656785,5.370818041589056,-0.3630608187437485,-9.758704579979401,-0.431273981044692,-11.073723022586092,0.5120719787672985,-1.3247312153257675,5.300535214223592,3.304101098275426,0.47756825774546485,-7.941900236020139,-2.111292307253093,-1.2182649438292137,2.731463099330366,-6.952140929363301,-5.111962712690462,-1.5108537191220093,2.239946094166478,-3.2602993632832225,-0.7346921840409224,1.0125090381169626,-1.9527999364420732,-4.287593616447159,-0.04685247366842705,2.214129546554971,-3.7066103992142097,-0.4530198095839453,4.0
2.2996709652738714,16.642247465567475,2.1589354720118514,-1.3536559766485852,-24.784070152079465,8.783686197649956,5.775200329151406,0.32088970569138364,-7.433861288848845,-1.426437824624777,-3.8626216182909183,-16.442841584303466,-0.46719638957908655,1.4228362642473922,-0.8303949548321485,4.787677369153952,-6.536920360516185,3.457182141926791,-1.168482099911694,-2.4971820626622994,-8.198760880342574,6.666037848172374,1.8444301476815173,2.390584950805708,1.5440334065985246,-0.3904006740674799,0.8422499162548851,0.3610770262930575,-1.2094630027208322,-1.3499169733955327,0.39439255593769157,0.19454935483217056,0.24489056648409052,1.3525263515951376,-2.4806642942963784,-1.0001723347738347,-0.1505762796475146,-1.5919802917967252,-3.343099029262943,0.7628233761039939,2.2740034925180015,-0.6180935408738535,0.7276972590200497,-0.2571716592348458,-1.0322057979482886,-0.5804677370958055,-0.3538442092443853,-3.8694888824815075,1.5017732972278162,3.3310244046101602,2.0
5.237836180077152,-5.6136174586689815,-17.920012543956204,-2.0901871412201283,-2.1045591062781064,0.63923188910703,-4.464603588269905,-18.33943454810639,13.955682830912233,0.6426177183801328,-11.302284953071515,2.8635538289267215,14.426046335403806,-1.338969849866264,5.348790510492252,-4.978036691367409,-7.8563285551444615,9.361694108823952,17.518013582446617,-3.8476080988127737,-10.241957893256068,11.074383684518413,-4.208101467692471,-3.2828702849416778,5.948837052408977,10.382425239507668,1.3631396979011896,0.31980636749539143,0.8759314635906588,-1.9193180204660278,8.732641329459664,6.084047232319482,5.2354804905862515,7.996783587444153,3.385705083157035,-0.07221840152982505,2.465893507018607,-2.3005728359622486,-2.7804040919803175,0.6733208882791804,6.081703802370262,-5.31909633210163,3.6607613912452788,-1.8648799916515277,0.0540111867467127,1.7920470323746485,-6.377812362880055,-0.2346851754731814,0.04973386524913657,3.8542982946291726,5.0
3.83847067253451,9.600033774736437,-22.38844515751741,-15.375666728182347,8.100846351225112,-9.563666362131253,-1.5605057858479332,-0.847715531615427,-3.7678475118987595,-10.799422064642771,-1.6427593598492065,9.957417834185234,3.866533320771468,-0.684217207016038,-3.7999520815387844,2.038972063579028,8.752946225304528,-5.271004455190275,-3.8927338706826946,-2.218894140776549,-13.139613679555291,0.5234686409654304,-6.801005185663426,2.9550551919892736,-0.754166946013883,-2.077270758942094,1.7213108452797128,-4.673048191241676,-2.839221209053659,3.500532339683681,1.5439976298105278,1.9705474633552873,4.2137809500324686,2.038495866699785,0.9871263414415815,2.580259760386321,2.913181109976682,2.1634480406574914,3.211485062367596,0.39534069481641837,4.856072008460073,1.7418214243370596,2.6671745768675095,-0.6064579473886921,2.654948004481526,-0.3327441313023175,-1.2751850493778332,-0.7255138041973582,-5.543027841135231,-3.2215412331771494,5.0
-0.5692170649388486,-5.525938254669976,-36.52116875298569,-11.90608443796181,7.223094369283554,-3.269966666463503,9.99228393637905,3.045518351367749,-7.265884906530244,-10.518644493046143,-2.1191432226580353,13.819280306810573,2.3241162529286252,7.214135017218558,12.312474412394689,4.9513480404785115,3.6966741517794115,1.8804336710911842,4.0668269074627,-4.851497640925291,-7.915222193601448,0.4620516989420011,-9.116847751070992,-4.863137674488209,2.5628183305089665,-1.3974094354089643,5.45212773825416,1.3254490951542364,13.295419190482008,0.6210480580356965,4.3369895758371895,-1.7193927873821606,-3.798590010755242,-3.2333384575310586,-4.860637971434541,-5.006387686539572,3.113906049936694,-2.428498741594792,4.018305749536704,-1.3337171355893154,1.8353040978528512,6.184246827287065,4.022196160495445,3.7128511861724425,3.3827215802837007,-2.83317101721203,-2.072570176021044,2.649724599077156,3.172448286198188,-1.3101272968024178,4.0
-2.637311308080977,-37.32887815461046,-5.28658301682717,3.1912244307420443,11.724578706642934,-21.948354609505465,6.498748723010969,9.667869514987132,3.2374805452069118,-9.308748882783492,5.567777162295106,-5.070381994226673,-0.4684747894530656,-0.6261491962431486,6.672492749029569,2.857500964121307,-2.3632979667981564,10.378346363473018,3.7754131386291836,1.4045770071027546,2.8901492598299052,2.590571963120849,8.216793970251983,-1.739149862766199,1.1313874443396248,1.0955303832538406,0.014247811015240773,5.141074401228907,3.3777479170219586,-0.2820321476421751,-0.5741867294425045,-2.983856477716737,-2.039736478664417,3.349213425018983,1.9328619725971299,0.3377912969372385,-1.8161083410307663,1.7887240488844456,2.2747178810446114,1.7964238502158645,1.752780125746244,0.20945714885883512,1.6819674723709805,0.7611676203804498,-2.6633264942109305,1.5953316243949285,2.791020910533988,2.8091886952856733,2.163574956692243,-2.906153175194032,2.0
7.72024412497441,-0.5864713895257782,18.36866865069754,28.762692924641822,-9.139209591583965,11.970445554421126,5.10780864863207,-13.615491361409278,-5.264325180167995,-10.346411982020285,6.124847113901927,-0.4669476585057301,-7.18495165301954,-7.744191121342493,9.23868625604125,9.54059473892741,-9.007719523888525,-8.195879304787649,2.1368405823605823,10.254182426180066,8.437064248188593,3.3422238804291813,1.483355350484551,-5.818605984455983,-5.996728603814063,-5.107536752275779,-6.258367759388219,-3.6593163580090438,-1.0086733884017403,-2.666113023261258,1.7793562653270334,4.946339487586929,-2.923450566417543,0.281868830385841,-0.25979264534921004,-5.630910660598284,2.6147609985622773,-0.04741241431172493,-3.029030689028986,1.415748802851947,-0.17098719239610197,0.9179419897742482,-3.4512633870220877,2.3792346717459805,3.7696597512860737,5.209481218658404,-2.3216611892482217,-0.34322058651296183,1.8868878661227344,1.2788247141182383,4.0
50.48673035842785,-1.0032161435323586,-6.634427135735966,28.315377801944322,-13.266758301553443,26.63350861008479,5.241577595957688,-6.552282841170004,10.541799686121923,26.69651061207705,6.270906091630872,11.915197446100974,12.834865772588175,1.4613626968304156,8.03698266400301,-12.727292198307877,-10.296647901059252,9.360531961620584,9.09926979102227,-3.344566738366207,1.895352400645002,10.180044917004167,8.631525337720896,-9.244465410221958,11.184523867575775,-2.239778067113748,7.618434126114322,-4.104237961498775,2.60655253377529,-0.13036685813268706,-0.32317708446276083,3.073940625160087,8.862768048512331,1.6795179275051244,0.3577166024383438,3.8469166788291513,-1.552476730150142,3.2736169561304718,-1.7072289138741075,1.902432413770652,-1.198168481416176,-9.34806282752178,7.927112133913819,-2.380418656793799,0.191756838392074,-5.359807411711631,5.738240857470951,3.631376854837647,-1.1404459577163932,1.0626997736478025,0.0
-9.475046558382077,12.28423849392879,-18.207328366568262,7.396324621471794,-1.6318825783277504,-3.2177537913616394,12.685977353263358,12.912373372064222,2.3348144003560183,-0.7312006946523367,-4.293289647244736,8.021947849756069,1.52689370166647,5.7335073019135185,-2.2186933056560982,-3.9331259276885984,-7.69433326514923,-0.6873601532324265,-1.170166005168182,-5.588522751504682,-5.496436818785187,1.6836183757315635,0.620275818498074,-4.3442935954245945,5.094668202439268,0.06650951737896635,1.3560006996692382,3.054396439743898,2.120499386060221,-1.1812836112816016,4.768128585655059,1.7958001683558074,-1.0439302221799414,2.322522645144851,1.022630069942155,-2.7213783594486345,-3.9494134946004906,1.7151622587049713,-3.1414385501270328,-1.4470837245518355,-0.8354920997239312,1.1837563336796133,1.2500290333469493,-2.0301471371538113,-1.1887282991316035,1.7787169958801918,1.8501805062697623,-0.9947503558550109,2.172631498936523,-0.7900446502393672,2.0
-36.30918112647683,14.22106390522329,13.947817004327183,-20.486098351955658,0.9480174293394928,13.877518976502667,-9.463087352926973,-13.370258133483748,8.42690225387896,-7.822594228199675,-10.7509293753965,0.9800977078931057,-0.6609042147226283,13.639325804146898,5.055823590915531,11.960955504846067,-7.4132152517908665,-7.383782840960064,6.627913477917158,-11.692576907019495,12.2554796246974,-0.9776519674970288,3.6341330088732047,5.824077938957103,4.240543250762125,-8.467935868807205,5.2229698319229385,2.398251757807236,-1.9849338999186517,7.23610206738113,-7.903324352059278,3.56782852271736,3.981649021306735,0.3799730864675385,4.732815746898112,-1.8714817128181567,-4.823356965580873,-7.258624920632168,3.646077381319003,0.7871888885693886,-1.4300688734329958,1.6643747781895506,8.45294537371439,3.0269121796871246,-0.45999420071594155,-0.48007109389453734,-4.903825832142729,-1.6050523540860726,1.0226590740149084,0.11692050394444985,4.0
-29.046136697059534,8.743637111892927,18.53602521284927,-15.094056853799879,-2.3898315891338,9.772497809705076,7.847904129729382,6.184917813833241,-9.227234214612285,-17.399253579952433,-7.138650798548401,7.990157001075233,-3.146704507004008,2.3392517402391277,8.814006057435273,-8.773088843890754,-4.486073385465783,-2.199164040141408,2.325955968365529,12.224991358532392,5.878105629562756,3.446749840149804,-7.838960343531275,4.308168712319857,4.335087376879691,1.0741228854961153,6.066676170285623,-2.384825712510125,1.5808586748850542,2.832256286134882,-2.694884977813961,-1.5582504928360674,-4.695030609436659,-3.7199606715118896,4.313413276504844,-4.192333864110466,-3.21135001395942,0.4328358236059083,1.5589817108115178,-0.1466397332244983,2.4508419973761026,1.5874875388953957,-3.5910505532895463,6.3665293080610335,0.7400451307280841,-0.3987122007843172,-5.841130235112666,1.1704893772973408,0.862541727069762,-12.805439992224231,4.0
-26.452637005649677,-15.598861712019128,10.707311208261851,13.283725483498745,12.90560113616964,-12.238575121833042,5.360221131212621,14.687746036194593,-4.9511797353780045,-2.8592502761806613,2.9713593962654934,-0.743150320050139,-8.746605148877428,-5.747522749126111,3.305779743784957,1.2260118562618685,1.1791036773338828,-0.27327550819932006,-4.450648844524043,-3.9593912985562127,4.497520490760535,4.051458085545514,4.609374064248553,3.103038492223799,-1.1701319962500851,1.2264048763351239,5.3568541249130615,-5.327471180372567,-1.1824151978841742,-1.2930722625780202,3.139504247338203,3.156261672065457,8.128922625808293,-5.637749344832956,1.0599927538734013,-1.8758539403949939,-2.725017112170668,0.016894832568373628,-0.46487405699777545,5.556944348450301,3.7530610743707693,-2.1339587419602,3.3716659085099443,-2.6377982285423074,-1.4383887108814877,-1.505496988904836,-2.6835609038464034,1.02947610472865,-0.9349215704998651,3.1548701145970584,1.0
-7.82661357626012,-19.24064667007889,17.55474637457233,0.33861264210270675,7.275076992406659,-6.415251747090313,-9.851717960696776,-13.69230995751501,1.5451050092277192,-6.789367922988853,0.4281656401626397,5.103782668866662,-0.4262669693102452,-13.365253185402361,-7.7766073514797895,2.6322318520012016,7.409525714894786,0.9806671866030975,-0.7931006606779866,7.165189417662514,-0.902965940915012,6.719330752417594,-0.4768961848514653,-5.212082120696049,5.757253076760315,0.7362519442634544,-0.8815426045502092,-0.5948456781693964,3.206540366656018,-3.6961008044789696,2.9460706380199224,2.7940513533292313,-3.7866532181597163,1.0180980302021296,-1.3085111259410853,2.6595731185862865,-5.0373723075003385,-3.048376774644328,6.2029423949816085,-5.991446985416718,-0.8660477326596432,0.86166115720248,0.4573981035525109,7.567155252518819,-0.34711539491761023,-4.352093161375058,1.138787088542376,-2.151123248864409,-1.975857235709854,-0.42674026698488315,3.0
-66.80317106778756,27.2450291985082,-32.07879381452621,9.074354783061551,17.6045475043036,-6.531814867556241,-1.7220137860253966,-10.430046279721976,-7.029099680550749,10.638440539055166,4.664455334590076,-3.10746417156185,7.9364131413071926,4.681710328383575,2.48076153199178,5.104829182938211,4.124083392574783,-7.00883599946092,4.667451999208384,11.433164107849532,7.321886259463752,-10.935642695632227,3.374557698098554,2.9063676430597054,3.9851710652690437,7.080086228436771,4.26846043358723,6.177069867844386,-1.6741489360322122,1.0893654529687973,-7.03634529537552,-3.325657220566701,-2.255903618051157,2.484983663125722,-0.6643942546487577,-2.742840764734337,6.837050958867461,1.8256583754433042,-3.4563918610003093,3.397332658786877,1.7685957727148163,0.12235549147121622,-0.010394162977376267,-0.33708418663050205,-0.2549265542544655,1.6696143408374784,0.6854772866662387,0.44557241910126755,-1.863326177672868,-0.6464524539347398,4.0
4.373877148865925,-4.743578793257712,-15.68774057815817,-30.13770964170886,-28.106032241798225,9.099128355036434,-23.783945539421033,2.100271966081338,-6.465028616241491,-11.683233253307954,12.542577550326463,-2.3710334790772096,-4.7163870113005375,-7.049215088472146,2.319932724740499,-17.487113459939255,-2.664567959258258,0.12374827734555978,-8.605361207549333,-0.7298883543721176,0.1844559666932076,2.052068588476847,15.899219694411135,-3.5879981055812533,-4.023206890407325,-8.870501197800765,1.018370681455814,-2.920990174549277,-3.9389480651638764,-5.746846658290195,6.787462408603172,-1.0017059473018461,4.254859685173139,4.280934838662145,4.052633436393992,-8.761111352635346,-5.047559745639952,-6.440579932425609,-0.44276284566677576,-2.373356793744871,1.774583531265103,-0.07633270150134429,-0.6664449605330591,0.7134021714845024,1.746375720107137,6.975887868308951,-2.2151210030187007,-1.3374964969708187,-7.724066090049264,-5.8249498598447165,5.0
-13.75160637817663,7.366414286855233,15.293340354418875,1.5627248732731094,-8.003873022684948,1.6209797269543773,-2.477717620564955,1.1138374987934037,-5.812159652228161,-5.3657753599970475,0.327151533195183,-2.702848875930909,-1.0216544212122587,-4.045591939465125,-3.953360190454569,2.0975411300201148,0.27746456162224986,-2.8784685792571914,3.3032954423031917,0.7477603969297335,-6.023753829076158,0.3017607707897162,1.3639137072947582,3.36639626763705,-1.1317699021770187,-3.0269383728074826,3.678156268832652,4.544810062419676,1.434622255951036,-2.462368691098213,-11.00949556219342,3.699368308840005,0.6813337407896676,-4.089348372527084,-3.614063980554561,-3.8926044001395943,-0.8908384766683632,-4.42789722402457,-1.4408167618316374,-0.24766815673797837,-1.2240464357406309,-1.7106127440310408,4.902570715550614,-2.4998349951774985,-3.4771185516580303,-0.39608555906441106,-0.8039510157803788,-1.0886203899561029,-1.196394197460528,2.819085189267199,3.0
36.01764747450435,13.631417624678448,-10.928724892714937,13.216358021254996,-12.948939065874175,14.48752795345659,18.972555400278903,-2.677747212605421,4.042096935912326,7.906272101529434,2.8447986201469218,4.8181048069393135,3.3602771564858522,-0.4066973742895377,5.758207186987702,-2.7445748202220717,0.39492814769542933,10.184751657840172,0.32569918860572505,-2.968224630719615,-0.6915623371533042,1.0948239253190017,4.040767927465342,0.3216462393972494,9.246732019300405,-0.8234422675044972,-3.960104630032536,5.474018028981999,-3.4937960161140116,4.5362780047406,-0.5712522479594605,5.8001860862936345,6.712819537873377,-1.4065268432252667,-2.5992111515911795,2.4772640633910306,4.604090019400458,1.4655828496209866,-4.5933654539764035,2.9871800447831154,-1.6812598783748267,-2.620248648233982,3.090195801221718,1.2497369436672725,0.6493184547548277,-2.0041957570706592,0.4951812260057076,-3.269330827074928,-2.202170747466643,-0.6707090045057311,5.0
-8.88775998278146,-17.404741634244264,0.7645871893333759,-5.269170864996848,-1.883298837405335,-2.306097035995103,-12.09481898195377,-7.358132907771496,-6.44307387717453,-5.742236846879056,2.3867198920594617,4.5201430828678415,-2.533039798102161,-10.058424664957029,-2.994279231271981,6.907047754626438,0.7396504604575287,7.8601839446143185,8.708337317562938,1.0535641533515665,-3.664348556796866,2.220438749326826,-8.40265895555533,-1.8595753600410678,7.967890961659831,3.1190748512521753,-3.174699744039802,0.035034368291133634,0.24324576387506786,-5.161441235088198,-4.8402561181458,-0.9856782170800932,3.752235773685194,1.912996164129004,5.71456770394848,-1.2200360623906372,-5.0829836641205075,-1.907493357932762,0.5733346247661114,-1.4056676795938106,-0.45188603321664444,0.12050801339596125,-2.5098617031965933,-5.597817113976366,-4.961149437290924,2.458513860849962,0.834357978331655,-0.8953819715911522,-0.4922326566342178,-4.481452774061211,3.0
-33.39493727636364,4.516946472618291,32.51314911790851,-16.92360936407587,-6.13838510183222,4.755241523228758,5.624284938673701,7.066997855741822,21.488121460203896,18.20637356136303,-6.972395464667052,-1.4276896327167552,-3.640463575658649,-7.491796756235411,0.5504984420693572,-1.4718003397236015,-3.901590237292013,1.0203768732476044,3.343451423077792,3.1802400286016055,-6.1520892944438685,5.9107297761819755,-2.885915793293239,-2.063585138020069,6.441990941467826,-3.5226553315089193,-0.5939830112223351,-4.612828459355508,6.327778240263531,-1.0514849354678288,4.974806891156842,-1.3493683521845647,-9.13405827869263,-2.9046258449963522,-0.38366865663675076,0.8184105234560862,-0.29164343573760837,-1.192427961341697,4.78276527536,3.2968080487691713,-0.04355561832686872,1.554352748820846,0.29922360783756197,2.233304602786279,-4.3964666993451695,-4.261130224877476,0.14623689321589856,5.92678680868611,-2.063226132089034,-0.8810694692160346,1.0
22.828896062433667,-29.205421412426492,32.86396709739816,13.378558384255333,7.379798888005777,-4.836151044580637,-4.3141804286662495,-6.848307229188862,-11.890464493185451,4.917713988488477,1.2818957234322317,3.267385231723413,-7.227030978238707,-1.7079875532553142,0.004043973411222547,1.7818910316681618,3.1277495610760035,-12.491094156780887,-1.0332518441777911,6.541683351687384,2.8806187202914453,-10.124784994014727,0.395701629065226,-2.660313065790089,-8.416546958400316,-2.1656547792416223,0.41452140643624885,-0.3904307804339303,-0.046353018637040465,-1.7319662272211698,-2.8478474455004217,0.768452082252743,-0.5763790322528018,-2.3522920270383345,-1.792723586227671,-1.019034180080623,1.7806513614421948,-2.4119032994284098,-1.902739265757817,-1.4665692113940407,-1.512160549033062,-3.5003914726502052,4.700145799295429,-1.406094418968524,-0.7011711780532541,3.773073447441792,0.575520982456985,-2.12852873076279,-0.7830757859688509,0.9488958546188573,2.0
34.85086100899334,-3.1768441244414145,16.01195884128525,19.749114904048692,-5.183665805066457,4.661489599081383,-10.292103656815739,-12.425309111043422,-6.385283889348028,3.841870861989934,-1.232592555476503,-3.739272155916678,-2.135173080019437,-0.7680515660027902,11.565861583906734,5.874804553235068,-5.206713697675896,-3.8968628870108506,4.431616462696393,7.773032763843339,-4.520693735376473,0.9348175937132855,8.800402192078863,4.285887605326564,6.5364952934662295,-0.7848681025761447,-0.9507313390678893,0.4794668932301354,3.0972121588231776,-0.20848001792609533,-1.7728741577141696,8.944031942678643,-4.9248919648064975,-1.1859131678236312,1.853119488589026,-2.4851832491076946,-0.4891494971917173,1.6434761652789858,-4.108859706774401,3.8670210900994846,-1.2221805436076925,-3.6539202990076363,1.244605345104298,-6.404720795017827,1.4809277859443228,1.861310911551971,-5.9796107109020324,-3.2985438596587846,-0.6881285001111919,-3.416086090151535,0.0
32.13315727376504,6.033749672913267,7.046644332147292,7.0092671772856034,-0.36700314334447265,-4.094648372032148,11.743034884198414,-3.7645813975242337,3.2799468489863677,-7.268741882913438,-2.9475039996443027,1.4527312442192866,-1.621893889800428,-3.186318315058327,-0.5320937235801113,-1.455006787874137,4.180930916217959,-7.124751763036449,-1.4488234913120361,-2.4102656054434974,-2.707662740599606,-1.309850035770895,-1.213603137127056,2.260639486847133,-1.4526666636104646,0.7777342966956826,-2.8013993102648787,-2.946855093829384,-0.7418943085494498,-0.559497549198037,-0.6426744206088816,-0.06142633951108564,0.4376612406562121,0.43235775026524675,0.9314786664592459,-0.2803719331531612,-4.047286644311041,4.067758158266862,-2.3217695080982974,-3.82482427352186,2.9171115867080277,-2.7041139601768465,-0.5781818830083949,0.5065313700606624,1.562840725709056,-2.947113855658889,-2.55688232575678,-2.8270123586674565,2.0396087479575953,-0.9819725921021,4.0
21.713512229351092,17.489748785713285,-11.752461529511574,-26.535704667181548,-17.607580910721314,-4.2286137342257994,-11.0488808442772,2.67809350373696,-9.850359606147697,11.02819779884165,-3.4201190607833154,-0.47489592291469646,-8.432175585588583,-3.9273498323110645,1.3919134420116417,3.566293611176585,-0.7156412002841166,-9.54018891083625,-0.298285369536094,-0.8049002161272858,4.142303413721097,6.256056608843326,4.170906296046849,-6.884919502120079,-7.993314758492859,-3.0333248225895515,-14.36645357228119,9.437384850004104,-5.618956909962097,4.545731039345506,4.002560344227365,8.600343200230656,5.218867171944603,-1.6110437085711702,-0.005698569789555492,-9.26787511481037,-1.6416993804204414,2.812521904238166,8.03638996552547,0.3097949059046466,-1.645164741083187,-3.780931173040874,3.2280585076915806,-2.9284539931665647,-2.9056973377740367,-7.540692662955611,4.110560515631208,3.5252336870266068,-0.44720755743134005,-3.0947357072164956,5.0
15.896343746080444,1.5889541273795385,12.985952945087456,-8.242439101556043,-0.38951971881494885,0.14464492469279072,11.795891005687956,-6.657544215345472,-11.718430326185349,-4.452773020999464,-2.3131784051983915,-4.509289553897111,-6.28311650006832,2.680431012133312,5.648944103985332,-6.19873335789623,3.172115450189331,-0.3214817069523021,-6.406727214581878,-0.8492889811619913,-4.892018161501002,1.6752146700294894,1.3726003178809163,-2.537366228122877,7.508909950503447,2.91987122943926,-4.488402980218549,1.0267901841752118,11.67482669890851,4.602631894511269,0.45071548954251905,3.6000538761290306,-4.458067916980095,3.6650314338256686,5.780106027364733,4.127267645463742,3.122147772066788,-1.3340346836721884,2.684557779780739,-2.0885261677852385,-0.12381310899218631,-5.12319930765192,2.688833309958227,0.6052279813052946,-3.538739861169571,3.146211405778167,-2.096943538814063,5.764930436764644,0.3884690520998162,4.377448827364316,5.0
-42.18633286484148,-24.161018619088594,-18.834124074188658,-17.807616384981262,7.578264954525859,20.179317205886996,0.8870859175505825,-11.705226058298145,-12.302182816739656,6.3898706200116235,14.083648341331585,-14.247346234750784,30.593341439738804,-5.0760803160676105,-8.432529392745359,-16.151367623101386,-9.602125760473793,-7.100085685837871,-5.019293336172225,-17.857481194711692,9.428701661363752,0.6990484517135892,0.10287866193113682,5.411773368833652,-9.506565964592774,-9.707653053154061,-8.623024989873848,-11.829587200246161,12.811071955027943,0.7607823917190474,-2.836266895783495,14.760483710412231,3.599022640127249,-0.984502554396215,-1.9978027924952197,-1.3049031014931822,8.937616689871092,7.332515616463311,-0.45497047779112904,1.1310113853293489,14.427734976993612,-7.253503792733041,-8.53454726359526,0.6375468130796279,-7.107076845531479,2.2266862016731004,-8.847872871176186,5.582591988165308,7.206485458678514,-5.122119557344194,5.0
49.468837977610136,3.045180073659551,17.935988642618383,-1.5333511924691745,11.305585422627212,-10.519722492271573,-0.5540173769417787,-11.878678923126571,-10.597458379310227,8.890587235558595,13.08484132422369,-3.737669467960927,-0.9948763492660957,3.280971799288593,13.215790273265656,3.404942537306244,-4.780696197885452,-6.210268185544286,-4.1773055836084065,-1.4610010379956604,-0.8135123493806476,-1.784510370397343,2.635879197131957,6.104554180723825,6.888676170917721,1.9885569154347327,-4.822308956110451,3.4376681862219507,0.5011572847213298,0.6814960342944252,-3.0070641271059935,-1.3808290780232781,-4.562693393357039,0.275272832869479,2.9057447022036778,-0.8228178721378329,-3.7632020577581877,-1.681429935955998,-0.1658582803476145,-0.14498020451151433,-1.2933285174621023,-1.167020079459279,-0.7469175910924004,-0.0901929784309913,1.6592223952826435,2.400647333320102,-2.014072994612838,-0.7813923661623199,1.449042510680557,0.43989423221703244,0.0
32.567355944977564,-34.32296921204669,-3.4770508936144613,2.358363961685287,0.3176096576151848,-11.23390648092627,6.045215143009217,14.872384825624081,-3.318441040687666,-6.366604222911505,-3.0942170032059444,-7.671369298167712,6.9976431231283,3.8464137629703807,-4.272532893393992,3.7245881506216767,4.205422862916013,3.8955750658767534,-0.38355619239181604,-1.6451800041901905,1.620669064426745,-2.646047283527779,12.54426290620023,4.053808332245865,0.4038181954685099,-0.23416134795805266,0.18405368214805798,6.196948282751179,-2.6964382491118966,2.206097024924103,-2.174770434138147,-0.5086533722296617,2.427603748822397,-3.2695658681797575,1.2573070588622899,-2.988626651499508,-0.1544787404222295,-4.084991948588691,-2.993283184338335,-3.0541906102388268,2.4320290536380123,-0.9449815893270194,1.2719862476486805,0.9178644427385934,0.09893391332921038,2.7340439101651377,3.663277660197641,0.9151918550747629,-0.3484689577593378,-1.1734568457865548,2.0
53.89045330333922,-2.4024606743627515,5.917884946248995,7.00411995611435,-1.9548230364331958,-1.7462312557420983,-1.8113904027432826,-9.778141966161778,-11.40932339380216,0.17992071482636612,0.507417883822549,-6.071008275632979,4.40508413677891,3.258108438093842,1.948127405601312,-0.2433424532237381,-0.26028381540444295,-2.6348769679150603,3.7377574633150163,-3.191978622150643,-3.620877644273163,1.6218785194851535,6.560267162147717,0.1937089702189668,6.3479032138011116,1.9942329472466265,0.5644391138810696,2.732793206456095,0.03541417955111384,1.2557008108041787,-3.901489282199262,1.0064867362908867,-6.60070838958845,-0.452796992854339,0.322659694833344,0.5578624513785503,-3.801854939086259,1.9684824325640358,-1.8336342732407547,1.6750924789853012,-1.959275863486972,1.5427549801686968,-1.8705869891383793,-3.4950517978736504,2.6909391080364045,-1.4731268044615284,-0.8340368143764747,-0.7391748992649815,0.03232679462063069,-0.15911191034723327,0.0
82.468963404824,-10.215540569155156,2.4322641424423628,-13.662898921048255,14.6407645631566,-8.54129580894009,5.527471237513418,-7.840213672412546,-10.923650165187912,2.910263825729388,8.085596649221142,-4.340694101281342,4.71005784727006,-2.5342917661586393,3.297296006944565,-3.1067455845520087,8.159991774789152,-3.740750061518455,2.632541204639693,-8.904641479161986,10.0907342563932,-0.5691582285907665,2.6171905325725446,0.04511453040958361,6.720245020814403,3.391519898888448,-2.264483040768854,3.199420831776713,-7.819589659022041,3.8391908415233345,0.555570518349081,0.6495684882186119,-2.0246465600306323,0.006070170998381262,0.6854761717538586,0.6818614271375621,-3.664810166182201,0.3048417773147907,-4.945363944174584,-2.6077543888400263,0.038092534596955205,0.4350858088985108,-2.9477578374410855,4.340623127482857,3.035004888617984,6.0511907261293265,-3.5438822771579295,-1.0640215927569203,-0.9915392464697844,0.15821416259655835,0.0
-25.232957972546227,43.53779835463918,-11.370177317326675,6.891237541791007,-11.15774105617276,-15.133278064662935,-24.592566304020632,1.6540509273870339,-1.1758266325004805,-4.534910696510282,0.682573731039789,-12.116301320737662,-6.662569298957753,0.24045683354487488,9.201804786613287,-2.226105990235728,-1.950558122607979,-9.125530134895945,0.10005558266761228,-1.5934206880189303,-4.085580298571358,-4.398687811810936,-9.568986960063299,-0.2029975225264289,-1.2002884086009717,4.874010021772624,1.5080199751727994,-2.4684158089289023,-0.5571608864521591,8.488147570527113,1.8273049419539036,0.9073426123843186,0.7239773956702787,-2.4025833520317774,-0.012428419670342764,3.124397889127019,2.959508645618765,-1.1033633470316557,0.05059859267144258,0.1635572349309895,4.000694444952624,-3.184129658802042,-2.2945017212324963,1.2332621442744516,0.6806568674020046,2.420579548771068,2.1439846083550957,0.9679050572170921,4.128392522266453,-5.7365054868315495,2.0
7.604909758783066,8.684794934832425,-5.82354393590684,2.2746592402504393,-28.740684768499797,9.320072348101856,1.037009246230208,4.171916053473982,3.879354655357761,11.47966051994721,-4.808869423875405,-4.116353920142652,-0.059587848605692814,-8.413245979838718,-10.832526571915873,-4.31090625919904,-19.749209583343347,-1.9409773897726337,-0.9249442553941399,-9.552568030126025,-1.388670697900889,2.1475488852304983,-6.131101810410045,-7.653241564643679,0.6292891298802994,7.964578622294507,13.809280533088268,-3.7746645733830055,0.939400406766769,9.804587179235472,-5.240535563993419,7.947994072356997,1.9580061626364462,2.3258261065519443,-0.04413261978174755,-6.10914631664221,8.659269545257315,-3.4338160097584094,1.0491578751620334,1.3490998803059304,0.8863900533919989,4.109841775350224,2.9995506504484064,3.03909792291446,0.45087788714784716,6.447791662733351,1.2167299351647025,-0.6620968455726347,-1.362011191080085,3.7293592168317247,5.0
-37.92790108908806,-3.5122506120282235,24.7299964193572,-8.061205763798881,-8.755749095068621,15.714415767817249,-1.9560569967799235,-5.535381762741973,16.812833620309842,5.346584546825183,-9.917694237754283,-1.257208334112535,9.865794829177403,9.398642299224866,8.440585516196828,2.434120769272574,4.557122054036517,0.01515420452516787,-3.821242810416859,-3.976903259519768,7.695111132346323,2.0991463787006204,-5.599038289694252,4.993287928584245,4.814616412926259,-5.280889319721447,2.2262771061280358,9.297730581530141,-3.075216324504291,-4.328369470021713,-0.7001131694270792,1.8986008404785042,7.379724622119495,1.357361275491792,0.05525011790164698,4.774772611033333,-3.907089363187973,-1.4317726360609917,6.081662010714553,-3.827997274590224,2.2587041201591873,1.298973753663273,-1.2288636849155035,-1.097451290650484,-2.240930605370168,3.2583941335431046,0.6692703326530184,-5.4080163336563745,-4.542146165312937,1.4281674284415702,5.0
-11.540818910203727,-2.7635638458622442,-4.990965831742452,7.520693333284318,-8.16432177588334,-11.60754475814088,-16.01810624386994,8.142740952487918,9.774036913603407,9.531492617743707,-5.67262338387187,5.149317739044288,3.3723323231066504,-4.3322045785359435,-13.827430318043485,1.2807511455092506,-2.9830824918668495,0.196225629026615,-5.026441353256899,4.099206422376239,-0.5670433091086933,11.422572040394922,-3.9971771504141542,-5.456174703663911,4.077161205983065,-0.8719504917676533,5.946393849209314,0.01610498245158126,-1.62096582431921,4.7280904076282555,0.7648530704699593,4.219356426085535,-1.3726953431341031,2.043873904213501,0.6384232570172715,3.1543418528071197,-1.0129777320924798,-1.0922724380479842,0.8846531441960285,-2.4792460973487547,-1.7702949937360455,2.796800134596511,-0.2029221508880985,-1.1377707823998389,-1.9196464722593412,5.20374950134161,1.097523499658309,-0.20634502272742802,-2.0101270204972024,0.4054965944781192,2.0
-63.23770340041185,53.06046928584217,1.9011291799519154,-14.333920726006394,7.273421234764466,15.509611254926954,-6.504588172102912,2.6300190074761156,-20.170560398369897,11.25548657993059,6.1440751438204675,10.393499064638158,17.62543979714773,-2.1967150217574205,2.307087622878839,-6.3120991619036095,13.511953679296605,-5.025800615567575,25.623250249983887,-0.1837312655172439,-3.2224309038744687,-7.229932393639566,-6.338613535576093,-9.752983711881129,-9.318034615004946,20.112776970890945,2.621148962982263,-4.173531510193259,-3.91352276988926,-9.356390607024323,9.678576457203848,-8.150762808844044,2.6819057705946605,4.39580635056483,2.814623869995362,-0.9467768430139344,-0.8825643352249576,-5.595921623428943,2.937232248284987,11.159009361084273,-5.367167934017623,-10.276942894663934,6.375185446666203,4.24544813884157,2.8539446898979914,-0.9964825932709409,-3.5423625579819755,2.4333239284884747,-2.6926919892887837,-2.103991434098149,4.0
33.06995669390269,11.215747808027183,-28.753477621364805,2.7319908704883784,-15.698929800154314,13.783827207571957,9.665051326719109,-6.023031745668482,-3.883866012358965,-4.838099849811591,1.2970283930681454,-1.3331371153406744,-3.1821604304669395,12.434225697950337,-4.579338883960037,1.8600535338083368,-1.5475855810201993,-5.695739549913316,3.207007549126799,-2.8800555032960276,-9.319966041529424,2.532378112427034,-9.765145374590622,0.2000685539350857,0.8456533056996431,-0.32454126490503127,2.1354184501890328,0.899915340533925,-2.403949506463191,2.738729092233873,-0.14104570016737195,-6.147556367268151,5.392757382283637,-2.995572667417459,-1.6087365773647548,3.2749289542191296,1.5544407806669815,-6.170505514864296,-0.6080604689127069,-2.361249296818989,3.97665579108012,0.4573058030313822,6.260017903408711,2.983215727596715,-0.7388981620269593,-4.3969581211835616,2.0737486984512055,4.091521959399496,3.8410967385585346,-2.5847142246978443,5.0
-7.132856516511355,8.192805784847545,-1.813475766743978,-4.11343561012265,-6.043854471023239,12.438835385122497,8.055018843621024,0.6571997765182895,0.009708558135562944,-2.5184031020295627,-5.390988581377099,4.231645335387012,3.9262642401276975,11.064301525021362,-9.324944760633601,10.494135932328934,-0.6894013056937753,-2.4587492681327445,-11.680651255886678,2.3710945776223493,-0.8201261248750346,-1.7997881303331233,4.613031451147246,-8.84129551728194,0.44622536545634023,-6.6674954814095075,-11.920482882867637,-5.7972522519219245,-1.8616536126647298,11.99222302745366,-3.0622514897285655,-5.321913381300102,3.087166117095502,-2.186844559140819,9.990699310764311,-2.191708256313047,-1.0475818703150344,7.815122917556528,3.7093656008522653,-4.955267935476526,-2.082646805812379,-3.0406201136398763,8.062369818154464,-4.041105468967171,-1.3914508617947798,2.232559701013074,7.180280829812132,-0.9303980329112692,4.467478083149657,-1.830663117857279,4.0
-17.08517753816151,-22.833537232842758,-18.348037751129873,-8.23767721570008,-10.594800427175334,6.009252853035528,-2.893854864556063,-14.020039185092752,3.364887898058504,-8.859126375358738,2.208606631494749,-7.793835155459827,-2.175950654627253,-17.824379194752098,-5.965589554961821,13.514189572240218,-8.108557031219814,-7.100513379434844,7.755030447857706,-2.5372291700289784,10.848130252348875,-2.4490168065182014,-11.6698168147906,-0.999031662163426,2.170750547322414,1.7904137634901856,-2.6519991740043416,2.322406713848921,2.723344256925762,2.218971548160782,-0.8267253106174886,0.4311965724129613,3.491572904199637,3.488783821014833,2.4962306722250296,-5.628210233591759,-1.8067936240191005,-1.90761102980786,0.29450490427884857,-5.528794928550781,-10.916780965532736,-2.2273563634217326,2.511737612572736,1.1487319559131417,9.143400022764405,-7.943941849871803,-9.214606236369288,2.168239921141433,5.55743140945696,2.610080133016062,5.0
1.2838729984631985,40.08914690239004,19.81710428811411,-42.71935348412838,19.34987936701325,-15.269653783693048,8.474262091254907,3.4280751305842774,35.57837279679774,10.208651059899147,37.693668874474845,-1.3635438459601619,-4.517667192983113,27.995565491997535,-10.557476745054199,12.904144428646624,-29.591028142214984,9.761034410683306,3.862964516663461,20.855720532382556,3.8179162241010025,-12.177636801310868,-2.366923286563518,-5.035456161220775,2.5983838146640754,-1.7575592893784948,1.485394357316069,-0.2289522077662634,9.963064432403774,-7.619779870818192,-1.208832515427877,1.0590915587492915,1.2439017628923035,-3.3977582112090468,0.3791970758906152,3.0667931339779555,-4.347989791422727,0.8186627444959441,1.3068166420160752,-3.782384735756019,6.1690406664428545,2.981733204474085,-3.7247833798093613,-1.6068027623555499,2.504177767025261,3.421045129636499,4.360014578571136,0.45353650882211877,-0.8755824507148198,10.094636171483886,3.0
19.252154117973603,10.134042463795295,-8.049963745708359,-16.922745130852803,10.980773720108035,-0.6330645306740874,5.0239506563944705,-9.418285893126052,9.427479358336212,3.444832776457699,-9.89082028905369,21.768563587091123,-7.341631563408657,-10.785150836888864,-10.202219655118551,-0.8675408166413876,6.232802935769688,9.457428723207393,-3.4742831550626003,2.5490567677821114,6.28763415439918,-2.928346570890063,5.198954352397779,6.510565399093604,-5.9120661922529205,-6.332934361737586,2.5339315166806937,-1.3161814072064828,11.29041240459179,3.875321988825296,3.6783362725838935,0.6156349282094599,-1.224437574602016,-0.17595471696875062,-1.5903147562099529,8.463785718780212,3.739483473976118,4.463218855937933,0.3381258281772626,2.5843948271111308,-1.3111492695085856,3.1537880320307297,-6.222168306245837,-9.071251309349938,-0.32673291429161627,2.4573742318833536,-4.372716514850992,10.191853577955841,0.6617552405309342,-4.120162294145273,5.0
2.095337075348911,-16.61332948152509,-20.164149521690454,-14.892161389437906,-8.465812935978878,-16.20314696236171,-29.580575613635997,6.684272842958219,-6.068407011642545,-10.723951034044113,1.8486987954304552,-2.543992410903709,-5.444071551516558,8.895582092037479,2.617039845978498,-3.389113175829088,4.421919213164201,9.371188377287597,5.273060653101732,-5.898923067165301,3.252087885174502,5.12114089198065,-5.621026550593431,-6.543016677859677,-9.671244121168561,-0.6709634421032145,4.137241626339254,1.4023570849386497,1.5239584806188053,5.383822081118348,-4.214613456910728,6.448348548704294,-4.592171139798313,0.04886617603283983,-3.257457517363074,0.8021641315229169,-2.180752359423688,-2.6140141217190447,0.4887001099521849,3.8851796245416943,4.800218393014398,-4.285452226831885,0.5062070070493528,1.24504640600069,3.918176565840372,1.192486533325941,-4.786820111320817,-4.618078877944631,0.7557882587565328,3.4635210099780647,3.0
16.77327412959553,8.07018273846555,25.276936971762467,-2.9805106859651382,11.334679578190109,-8.36955491746592,-3.848284385789383,9.610867592667958,-2.802837244935512,-10.772209473489937,7.254183289807244,2.879596426613743,5.394156336098014,0.6396760377495406,-8.671451287896016,0.6803098990301111,3.388227271251216,4.397469675446848,-2.8426636532526732,-7.515897871629855,0.5516277303883674,1.9401873065567443,-2.0097709118551936,1.3544158238670465,-2.8324563548521566,4.210299191159709,-1.3956533983174957,-4.091429712842904,-1.2019124865706412,0.616197091611826,2.949989061896244,0.48466351463121654,-3.7214246238911888,1.5271281593885453,2.407973003829164,-5.209954741089211,3.599855561299916,0.3394641171780582,-1.4233621016447648,-1.4008742213484477,-3.3912702873339167,-1.0984256670929862,1.9877720485164265,-1.5524516724544266,-0.7605694625783879,-3.201149901710026,2.1209407215523086,-0.029691320373557026,2.0037928811980796,-2.616815058546375,2.0
-1.093705246641584,10.588789742012995,3.9632648075906816,-8.198546861343,-6.969081863157879,10.304680098832465,17.22562572695626,-6.004016594044613,-7.06077468710911,-7.298860947421598,-4.914541397967447,0.16046247541113914,-7.053329564819394,-0.9910811480831102,0.6308774853717385,2.2104835749228577,-2.3227884275813366,5.549060202000042,-5.418392052845704,3.1976866320381037,-8.198860269402601,-4.189009217684312,-4.767975565279859,0.30462067831012,1.443277906159581,-0.5992872264278463,4.587545301983056,-0.34781918162943337,-1.5451497766245865,-0.578639722522401,-3.1402071174713266,0.5838375121443141,4.934075271144488,3.673156029084524,-0.7103671236823691,-3.4469689537172137,-1.794606924342082,-3.720644527698445,-3.4529673134460257,3.691496708648979,2.1374762050890967,1.4263836883565042,0.5621737886141913,-3.6088109954665244,0.5109490569693534,0.4614478300543046,2.3931052506568755,-2.4328151758522045,3.0204716060795724,-0.4240724145069428,2.0
31.999400562584384,0.2268891262964972,-5.49951116544831,-4.083041008541658,-12.6844115116026,-4.347308229980907,-5.7008856377449755,8.462768989358008,5.036962115924064,-10.036548634301186,-3.98199437982727,3.880208057412058,8.309252411340365,-1.262832688294664,-8.06426246104833,7.706208124706385,11.282214288447362,0.4892677234463282,-3.805396053215952,1.1277677043384997,3.086592978309534,2.7296775718217328,-5.363383545792949,1.1438881900585733,-1.6761673904680825,-0.09631326239943513,3.4704458609198294,4.391246014628338,2.3715865471632,0.04313585915049366,0.3937827636128486,-3.429200781094567,5.434393739455736,-4.7778878435410705,0.8729007824612249,3.8103330353569618,-1.9075955964933138,-3.740478474620483,5.183072689921669,1.0899909632534048,-4.720875137814774,-4.3748648472381735,-4.373003893973606,2.650830150696898,-1.7577043609177234,-3.0345658538240863,-3.6430124179386802,6.420279152468454,2.8583939491386885,1.77365877815769,3.0
-2.2681111906941065,62.515331945950614,18.655372014216134,2.440839514126876,0.7476036059808512,-16.986558604934764,-13.825133152818294,-5.091564358079307,-8.573177417197558,0.684100400294707,-2.2463110496547296,-13.550268119249624,-4.766424795633862,-16.672652628655694,12.667408257363913,0.7601113095730556,5.472570096481973,-3.3778121666921934,-3.9870023351842194,4.965968878713788,3.3466613742204316,7.437765865842907,7.2431513493123685,8.365758320477955,5.152260795062434,4.930470333109455,-4.0865244289151095,2.906568066359672,1.6894529537391516,-0.8157223430937568,0.27220911915898494,0.07252981547715753,-3.8320686115624953,0.5618124549120658,4.761848282515373,1.7180297818092956,3.7207435711899213,0.9770666093953345,-0.5953355729067327,-3.4553126066455246,0.13531538602320936,2.3922042826098964,-0.9507270707913055,5.267673365056209,-6.708087693435694,-1.339398682498242,1.2426868423129889,4.868594154091288,0.9135872051533473,3.190675447584449,2.0
11.830488953744286,-17.68150322939222,11.893639931132046,-23.411752384422222,-1.2571892534154772,-7.989020443991624,-11.334811568673947,-0.6398981107676223,19.2918657386609,-11.829088275876169,14.190880483558207,2.11040121160127,13.169509745795667,3.871594272930555,2.4277350393435038,-5.740588939324856,-12.526196570449715,5.248466480468807,12.27492081214256,8.8858861829053,-11.850480745111225,-5.282966853791329,16.5739272212485,-4.987573171377633,-9.231136650255504,-6.113549339169626,-3.8596118834060396,0.835389604318249,2.1155316211694646,-3.279707996872046,-1.827594589289227,-0.5029401997150388,3.5575893545388575,5.677542246540372,0.9727880661102621,-2.518112880577639,-4.987836209313185,-1.913825494035125,3.972168773842418,0.30555590710664343,-2.0059728234312897,4.181765225710133,-1.1782974589463227,-4.681259853003186,4.7536743294826325,-1.7572802421461866,-1.195870782291432,-0.11026122133365492,-2.7967103722801245,-3.329644216755607,5.0
-28.940357599702033,18.09532932887475,14.268046215165919,-2.7692239852477165,4.616688308839766,9.761874944755032,-4.411229095149476,-10.241800981913993,-4.553770225714187,-8.695157178486708,-7.5926265567126165,-3.3160029129154167,8.131694605077595,-1.8056817952665205,1.9491595095041439,4.362832694435668,-5.363837665055449,9.751301385559895,-8.590500666052414,4.038429632218279,-8.989004917372688,1.3893982677645986,1.4573309122855969,5.722221285568619,-5.260313589772984,11.858626521492457,3.870537984645028,15.03952951742559,-13.178196506596949,-3.6870674045686638,-0.581841319442871,-4.5448849917637055,7.214393078904878,-2.496755629332279,-11.100451962539587,-2.930521146036461,-3.26793259253136,-4.947246589349983,-0.48432292487540457,5.9257864674401795,2.7728022603754763,-3.3888802055233187,-2.8314057596692614,-3.9543211180034374,9.783238795832016,5.018907293437139,3.857864227924873,-6.564585470777491,3.730182638516763,15.6380304603394,3.0
8.716468486611193,-1.5153096155283288,5.721337354171026,19.72049019525209,-3.8070793715027738,2.8324192423930823,11.695498040393996,-5.224744302903407,-6.1012635767949694,-4.3740500997004155,-1.683916258434485,-0.47069867881562727,-9.143946569304047,1.0858499256983178,7.946018581030445,2.775061481963627,-10.597079355243501,-11.002339137024846,0.7159201711609384,6.687748399028976,-4.242844217616591,-0.16815328934393065,5.9659090356792825,-6.9674275953192915,4.7431703938306615,-2.7895276570973664,3.3895175172078464,-5.160242029815759,6.344263964403908,-3.159275084381483,-0.6259551325245104,0.9513694803806975,2.7292191706491593,0.45028528994904027,-3.908575195803613,1.9952617996468445,1.94411282563505,-3.6342066487083327,1.6986248110142506,0.5300534091951001,0.7105341359440256,-4.352637710053717,0.9362098795375468,-6.964762468984101,-1.80630922141634,-2.672658719053885,-0.962590252582092,1.5931029182292107,-1.382504937987403,-2.11610672646404,2.0
14.894658285353344,13.891885024939105,27.67535339850506,17.274927475261983,4.521348694020546,-4.444452060016971,-14.229049084658671,-5.099979012691696,0.668454908658135,12.207582937222705,20.593906403361853,6.441375239238007,7.346980489071957,13.417142909523946,-1.1055432948130937,6.707603483661686,-10.6618986783147,11.455104167948488,-1.8950014204158208,6.04310231038678,-0.4119715156644571,1.084193238133626,-2.004840658163798,6.025799759931206,-3.735002585372305,2.549081188057446,-1.431104137017284,-1.0552321655865895,2.230046461152572,-0.6667991534102511,-0.2879125293221445,-1.3249072202617393,0.27868017529526595,-2.191610737777581,1.2114540171317076,0.16859967233883977,0.7326383346250215,-3.3680936932338117,4.000073799989892,3.3112615164600614,0.9490020620807197,0.42916303045477255,6.335516721658034,-5.826579267563702,-3.2209247029750463,-4.570386322189442,1.5190922656218226,-1.715871502876115,3.6096333371118376,0.35270225310352055,0.0
49.474112898249366,-0.8990588037158265,-10.578890931811836,23.49818054924319,-21.822940729260807,15.711755728709635,0.389265118328508,4.522898020887633,-1.47084559551004,22.472796413925508,6.360173568716824,1.8746765923733233,9.907129204369033,7.941809003129417,-4.366107528449335,-1.2355454735714406,2.885924192681438,-0.7596023838423912,1.2378126157342715,-4.612631974027266,-2.3222826664116525,-2.387015147746071,-4.475701321910923,-0.76021401336093,1.296987754743664,-0.8074701477638241,-1.1147098904899766,3.0753035037405803,-2.7434792181198393,1.2527434984935455,0.9053370549929243,-3.436049699577395,3.1727331599502624,-6.0958276000718605,0.14352974155727272,2.762312979740153,0.4686769898311731,0.6821054607784636,0.39993567720359047,0.5278100933269891,-2.1061289547036357,-4.579256727703684,4.884275450633372,1.0256040460480094,-3.024712315593902,0.15532093504910738,-1.205533237599299,1.8134931504294056,-1.9721871856732394,-0.6787994130595285,2.0
13.155267271583703,-34.6418826576354,20.939096832364925,-1.5057929147081865,-8.04843048731958,0.9993511142436066,1.6626139025369153,9.726593400644765,-10.168804332926241,-2.73272435225568,5.672989753514687,-7.954666276255404,2.6587592588822777,-5.951647931274009,-8.72958821222469,-2.7182655677173964,11.781684615824606,3.756291627632697,-3.5838953378250005,6.2523476210101885,-3.94181390896068,2.7323501937611767,2.4825175349171995,6.261776104421728,4.052778097840442,0.7725009021974882,5.8005541171291135,0.13477858845898727,-1.9696362689623361,2.5579221663672578,6.093150560613231,0.8413326863315138,0.06520672806499071,-4.588884010077266,1.4251433003858947,-0.9726504736799653,1.3751412815442225,-0.177810408368954,-2.6597272460449237,-1.8887678543147404,0.19100462524867204,-1.1662916270791197,0.1323244694619115,-0.8717695815259006,-3.681645588854031,3.35216738315756,-2.2027461937132284,-1.618924582679433,-4.053630222068454,-0.7950175896958006,2.0
8.280982681923177,6.605233273682965,-10.96127783731952,-27.849136546961983,-18.591077701618588,12.76438485261034,-5.149038910059524,1.3628067166831517,-4.195259189019608,2.098292040665762,-11.082769038314686,7.006023138620466,-4.363905133839828,9.54401907609923,3.1548999744369506,12.302710787547367,-5.456256159100816,-4.2886512858836685,-1.3122733181221922,-5.667198006151981,2.255434293407834,-7.133720789983079,-2.464397990621964,-0.44903279960707176,7.3182737805100295,-7.655428445683425,4.014484324435811,2.656779894121257,6.439606738529085,-0.5505299600657338,2.4665983771723536,-5.674653401460211,1.403721176391939,3.5702219705150298,1.9634927462970935,1.393585742308388,3.303132220381368,-2.920527302270959,0.3950889805195647,-1.2510094151252897,-8.813868664289094,-0.2786792885765392,0.6576770111309284,-6.151625782550037,-0.8554896758404268,2.7062873439676967,4.512858341183243,1.5178693627596096,1.2601073156044817,1.4870111199389389,5.0
-53.36402384003184,-15.442847908233981,-22.12980321717496,17.53931126527568,11.977761470248392,7.041553000601589,12.048041248198755,-20.901269744503875,5.395516309962114,-2.5454733409514056,7.2139844560484505,-10.737915417943526,2.132208999486915,2.3469470245872754,-0.7817154338900777,4.811577689809788,-1.9000127624581435,-6.330792361084192,-5.333423433803657,3.447251139862264,7.786665589362853,6.947806727552773,-5.586916990917258,3.8510929269698315,2.9807795741463434,6.374941982910416,6.7781262711053465,9.815966131907883,-6.973856751822359,-3.6079315017502185,-5.149328521955884,0.2031077142914459,1.7644613608374746,3.030792930228725,0.49424362388031795,-5.3541084728277015,3.6969905021586245,-1.826490617730002,4.730039204422479,2.1173338596567306,1.430263911657044,-2.550335019718569,-5.14361127108659,-4.893592420718935,-1.6182130629256755,0.48518610778246557,-1.450460198576459,5.693162871778061,7.791770989204643,0.8672537541448393,5.0
16.703928559451814,-24.08357619279615,-21.3997220913919,-14.647349860385125,0.5628333697256087,-18.42637683715294,-9.231391235075824,1.0378255373169278,3.024098179604379,-24.370709133960293,-12.375513221791362,-5.177841845494375,0.7989206296392175,5.420833910205777,3.3640190189185977,-6.164904003238355,-10.109066625268406,7.170375969122893,12.11313093614338,4.891158210584885,1.529941395009514,-2.1596878966309108,7.061503123257329,-8.612736515581775,3.7729124450949745,2.856609890464513,1.421256764292277,-0.3086032049625543,-4.580205151700936,0.01352313822808852,-4.834536240665096,0.1019863431664575,-1.714362311250424,-9.356639255692702,-6.483355830417655,-0.20164621099298194,6.0997494888015185,1.7801069546862762,-0.48366111418350505,2.511811665454744,-2.0071991609910795,-1.9741175794404582,-0.21792419718148154,6.282057057141059,1.458926583440536,5.860481700654653,2.663261282016491,1.2483937807304297,4.571175216766998,-5.159514528612188,5.0
-3.2963114461591547,-8.885599721169493,-7.286670234281859,20.345536943084205,3.0036011648067675,-12.260178886829074,-7.3377555720829974,-8.254737039879378,10.284335180254434,-4.505895986562964,-1.5140081356353026,-2.4874959115191184,1.6399618559967035,8.200967962161446,-5.1491971812214645,-0.7918125574047883,2.537959041527825,4.290412631989549,-2.2839529430995413,-0.5297748138348889,-0.18831317759932478,1.0598183093641307,3.1155769592270586,4.242981441123666,0.08672619021861419,5.747098018007282,-1.9239045489488475,2.7982410593756653,-3.2592405529302955,-2.578537841654955,0.09505373143010556,1.180564940061335,-3.324055008769546,-5.8540977214700325,3.722858736209202,-1.9289695066391581,-1.5959823265287347,2.71663556118322,-0.3276619622132424,-0.18407615320730292,-1.8086504453600216,5.077267412053448,3.14095362073921,-3.7850704139047187,-5.312045801680696,-2.2306456811120356,2.4426375454471705,-0.2845643885718025,4.070909826615503,1.2298447967649637,1.0
-31.154062021207665,51.124979026305795,4.46884594666881,18.033799763595248,2.76724764113697,-8.108885134935685,-5.294474596693456,0.7366062062466987,-9.936315101407976,-6.181060171927796,5.12382634965421,-2.9252708290527663,0.049572617904347686,-5.731181711380251,0.13695658043915537,2.8003569264189236,-0.13029461567714543,-4.382560583425487,1.9060284624577226,-0.9809763742216866,-4.545764571020764,-6.196007508129685,-2.423831666182145,-1.1749270087632184,3.0733316429132964,1.3727634161298838,-2.0818782916126573,-2.7183670813551517,5.425376230611771,-1.1100613406786397,-2.8115570564405443,-3.457876627711811,1.7788206289640551,1.8163206106714767,0.045742598829837354,3.8658454635116923,-5.0685960311339215,1.842797901532348,-3.246081259024908,-0.40726741706844893,-0.6443976866939025,-1.840913502562691,1.1496678378858092,0.5120039361632989,-1.6965294919608451,-2.299298620602384,1.9045551821044424,1.226375384708851,1.1863339897005114,0.6025577782605739,2.0
30.14517060922202,16.97404806043081,3.6681517641623933,-9.672081795383688,7.275092306233649,-14.985149135296167,20.925961903814578,3.364699667039152,32.2000974926037,7.608409728228877,-6.002486555539288,1.8238378270156683,1.982614941723687,-0.6306462787968097,-0.8141950236174325,-3.4626501362195543,-1.0706269144455207,-10.691515484408711,-6.330869084619498,0.7348887868862454,1.059702790520922,-0.9992266665017376,-2.775447371162177,-0.5890802479772392,-1.601496341647815,1.611945003005194,9.374426315782786,-5.994186294202894,7.7210170199403665,2.035381870695173,-2.656578431593991,6.615262083718978,3.0184439916600376,3.5251325816153383,-4.181870684900699,-3.271978533567965,1.293587189959114,4.4513702621371865,-0.05990749620830062,1.0989933818221065,-5.453920539940716,-1.6814693095617539,0.877683025267212,-0.7098861386566926,0.8412580479147601,2.0750908643448405,2.6199020563631072,1.1226265083966336,2.9751158094085217,-2.0877611161456993,5.0
12.498957762136504,1.7552373037269247,0.6335702155086222,17.89740479198837,8.606424454383312,-9.413678809671616,15.765287243928352,1.8766196627963052,4.604925028275602,-16.562736664369456,-0.9212130587158802,4.858767991333209,-4.380659183271061,0.7174809364458036,-2.015295623254405,0.9381415487904269,4.507365358435922,-2.715227361959244,-1.2898242542998961,-0.31458012559029225,-2.305400898391205,-0.7364286224756119,-1.4738809937688888,4.473531177914446,-1.4225851878636215,-0.6179606725169567,2.241558597027858,2.655538271994133,-3.231025005165604,1.5930852562212992,-0.362821297916254,4.178854947031363,0.6083676129796337,-2.9639979461503723,-0.9643496525505725,-5.412936456015351,1.1370710619517905,0.011958188710106642,-0.8327507593592732,2.055616256603485,1.9314899465661226,-1.3057795961187795,-1.2943440899288237,2.468288337711521,0.09531092929917719,5.251085524180109,1.4907705579738662,-2.908261472158998,-0.40420941489470236,-2.770056925908472,5.0
11.198494112353073,23.397293248740414,-4.679083878712604,22.88570724620832,3.08581102843796,7.463350106075879,4.1252451596686885,-6.114058217242955,-5.247775353218379,-2.2845098161326787,6.199590755401287,16.31248992388247,-1.651681353388024,-12.131802140996825,-2.100751871760321,7.450069101413282,-10.864199325045988,2.5600727201866125,7.584720925966309,-3.893338235725514,-0.012340610557535901,2.799100084094342,0.48610342811866275,1.7164653774369294,-3.6034172180640582,-2.9092754074604565,-1.7551219279548336,0.3258419305332224,-4.944869193019614,6.078830627295694,-0.13561665464188977,-4.397746138699093,2.8345067249359044,5.077733248827156,-2.163218646829474,-1.9125764033184607,-1.3490980804800639,-3.1110565977093603,0.8000409298530599,-3.714413351822817,1.3057088543215336,1.7864011612981732,-1.8329747175458444,1.7384988308148817,-3.1922466655783976,-0.4093340617884808,-1.5672817839836555,0.9770549862090653,-2.021101225440591,1.9112372984566053,2.0
-20.05681397638539,22.27007170763722,25.987003931269445,-22.760249518026445,8.425568777633249,-10.477478843135378,-3.857775301872175,4.855878468966639,5.106456752529822,7.58335289229057,10.304949997570148,-1.717512614561306,-4.5786472654573425,16.757211933600036,2.0214321034677174,12.562676876110986,-6.205520168750367,3.166489481110087,3.6640423801582753,-2.1114359296251264,-11.583462069345119,0.1258471688220903,4.149622273248586,-2.9994446275954623,4.014789218493284,-8.219608870868667,-9.70323691166727,-8.015756691745693,-2.11255488816286,-1.1342702629523223,-6.146729470340778,2.6400561619524248,-0.3871877719679973,3.6924786849765376,-1.8351890901379535,-5.398312266726442,4.901556119220848,7.699330699340267,3.019905459323749,5.845146563457924,0.6884433184092319,0.9027711884770602,5.740019288282005,1.6344092894866826,-2.5919187645604183,-2.2941591157466683,-1.1871718108389777,-1.7011015977285584,-1.5220411149793867,0.8926234202239097,1.0
17.019465721466972,14.829416367751021,22.253124570685497,-11.596151289672846,16.627475312933015,-9.830752752647008,2.1663385609428967,-5.592345198868531,-11.763543440593068,4.3818008010866905,4.704421879220796,-0.2315282996778956,-9.438802343427081,-1.1232650974726237,-2.0252801363149833,-8.288527302901375,2.364669299680239,10.909486378070453,-5.246897687935583,2.6142748266394316,0.6636419611188441,9.890477577624495,-4.865226587835174,1.2681003919961442,3.6017695497989792,2.8345037021353354,3.8324959515438795,-2.724762949882966,-0.010663236045863288,-0.5945083140509169,-1.3860385202814054,1.5317057881795504,4.480112017504398,0.9692932273269609,11.535317962536812,-0.13413193769569604,2.3630127927319067,-2.098359798878592,4.887834656796006,-4.542828294466272,4.300324799220241,4.564909865152483,-3.240232291770512,2.8924957995163867,-2.339953669764668,-5.759755078708428,2.6096585497626745,0.8910197564277542,1.393888979953344,2.2298078724657033,2.0
-33.80262789209548,7.696241658276056,20.478665396618286,-15.372572144953692,-8.63217885634665,16.4101428711411,16.674894718244996,24.058566372442595,-7.2096473033011135,-15.005483499115094,-3.7184683335707054,8.880591013144517,4.533398337776839,4.459156764024526,2.2030111067729004,-8.92570824104274,5.273800888116857,-1.3813208085388122,13.321599998977202,9.770300184547061,2.909786632734211,9.62989322642157,-5.60861493313713,9.105382265809014,2.221062357909769,5.456704957233323,7.069970921342188,2.424611899477129,3.180921440093924,-3.0865048939392303,0.8208035579870913,3.673213609574741,3.836037745239598,-0.8149801402363516,-1.1567974529389735,-0.024465135522335438,0.8348622832362369,4.971472544193849,-0.8705055478395177,-5.64841313683082,-3.7870847764201714,-3.2230040164169953,-6.782581461882626,7.0505913142513075,0.6981193957730544,-2.0343959250313257,0.83724343354484,2.08743681368276,-4.88136111172174,-1.7560293094880832,4.0
43.12054923762067,-17.933393043553558,8.187707499340748,10.795977783620659,-5.568801081639664,-0.5076950428598563,-1.316481964916648,-0.01384912702861468,6.237038250900688,13.869344023411184,-5.636998764739228,16.129089593618293,-0.9378880777075113,-13.353132389624715,2.8310401939199745,5.225593900001741,2.342004302660871,-1.250573182095447,8.040771163694586,-0.7112809308532196,8.944098609386273,-8.548487607712389,-2.5130954521453894,1.5171036041178505,-3.408322216544776,-0.9039735615973639,4.017022030747879,-5.594039813242846,0.3702014321506411,-0.9810008211753275,-1.9735866730011302,-1.672808731223147,-4.45724543023786,0.13180370986595175,-1.8246600486015905,-3.2414367198866647,1.5019720857377694,2.1390264809407484,1.043280456385211,-0.07387508806213283,-1.5512154621495573,2.388502815730026,-2.1352077350257663,4.072705554806083,-6.237074109884447,6.735563622646412,3.7090176382021087,3.4159528469658635,2.8588207254887608,2.378634331560855,2.0
79.95614524263527,20.140706678300486,-0.32055552375463897,-34.06539405486257,40.36036693809956,-17.889806815047145,3.033191180540866,-9.511577562057871,5.568889060065479,16.230325499730448,30.584634417271005,1.5342756262852526,6.86377982009554,3.520444955185411,2.845924205184545,-1.1550823210362464,-5.922118719916152,-12.126177790125807,-3.617856644396018,-8.57108940795882,3.1268942061862837,-8.084180155179748,-3.706117697184916,11.232998428150655,5.021738848162497,1.8765422104267058,2.1978187253437054,4.205860539965741,-12.954066304210514,7.974277376396438,1.1304926887023345,2.846582297232004,-0.28345900159325954,-6.246847712779261,-6.872575485369107,1.5504134859025192,-8.531369679083426,0.046516204251119325,0.028928435532525682,2.7014327802600473,-3.8293798168673034,-2.0444575220496635,-0.38200507301029235,2.2834815456280806,10.543308469506933,4.186442428395353,-7.300122039485998,-0.31949812265111566,-2.904272308541525,-2.802955022455337,0.0
-6.771661247261092,16.475705685244495,36.45123294712295,-11.468842365407841,7.743768303255101,-12.450998313968817,-12.326803107540178,6.220473004783045,4.980278646465438,3.706762716187422,5.676470096366281,2.911465230059031,-8.684894628599434,-12.34080491251154,-2.91546617757306,-4.661781546524377,2.273951655235406,4.3086037348939925,-3.4757396389898596,4.322947216616694,2.6911962448241535,7.737842779678219,0.557318068258743,7.156072363949109,-5.220968616406356,0.5203210211894217,-0.8247909093121363,2.263357956698993,-0.6754530243405474,-4.116710721196991,5.894961322860602,2.331344345611538,-1.7660613085467327,-2.7446314751658405,2.2955442600238665,-1.2255885247219949,7.061354454958777,-2.751972550782852,5.795547881006783,-2.256167085304285,0.20248699811066503,3.1901991930283704,-0.8573780224201597,1.185437353910915,0.9661997076158353,-6.679994532266717,-4.314066538327743,7.506608529335404,-1.937611671208282,-7.074560559741149,2.0
-17.23291403605229,40.39985221756775,-14.81395553429503,7.684822297069268,6.143527507120315,-1.9517448810626983,33.43792336983101,3.5344959921158567,-17.15824084860971,-0.6637621094015999,-3.578251075429757,-4.500735986343448,-17.801052388802578,12.243783655828818,-11.680118883070651,1.1901265228510458,0.10780988820780125,8.201778598616132,8.126529052021525,-5.364896300905544,8.83497897926644,-12.057927214866496,1.2227401230367927,-10.632915488051713,2.009999274919694,2.7555605290032488,-2.767347648201958,10.290626813337502,3.189282667195557,-9.964947336838048,6.712559094466337,-1.7290254233999518,0.3922773594215907,-0.29762340106404994,0.5329029328350033,-7.11930344353058,-6.552456689403131,5.916826879871444,-0.8181952019950871,1.447376438023319,0.3013416851227383,-4.704475250177433,-2.751725887939139,0.8115304607183792,-1.669703942773593,-0.6158532228915398,-1.9296291931064482,-2.327163415812388,-2.1294200005248034,-2.034367245348171,1.0
-36.31884644796379,-18.789045232339227,-7.760446784886244,10.485355123380677,19.404691885857954,-14.93880229093012,11.815070205835886,13.267222644648394,-2.552651558600786,0.3498339674987518,-0.16650613989339408,0.9054619367994136,1.2175062265107535,-0.03270782530454717,15.468881031483821,-2.184232566405881,-3.1454549547882085,6.630347585889689,-2.488330135980311,-9.185698426687475,0.3940654619474092,3.3916386270327554,9.587007710341338,-5.309271809982413,0.07943632618615566,-1.864938002838307,0.4240821916501358,4.086346721003089,0.2151376378667261,-0.7744998595652047,1.0141114384737004,-3.4205463257514266,5.87442301248977,0.5328769368840577,-1.1412413031248245,-1.2458123517546316,-1.0509040904027493,0.681581400841968,3.7715100005968174,-1.628846179574033,1.8789861882766334,0.05549462065026993,-2.8895137419054904,0.9493206310897419,0.7070939812488689,1.2153788718888234,1.8771537211769274,3.913452918884886,-1.9768417743595688,-3.401300562998182,2.0
12.047394803278129,-44.01819555334174,1.1706575728514137,8.067227915942148,-3.748456313723562,-10.566968434509576,-5.310911741558451,-0.29288882945230243,-14.675528660290697,1.0140121719022117,1.7847593816017426,-1.6377863998875202,-7.519725633808363,0.16521037591482948,2.5551366184186715,4.76304352580124,-0.0074360194715676845,-0.46599961871580864,3.007795836136897,3.7728239695156436,2.9738637108336228,-6.259375201186232,1.1339721906740596,0.44233934302476574,-1.667665052524048,1.2474150000786355,0.5108676382009776,0.39037092822420466,3.8637388452365187,-1.1095134233208432,3.7949556058582656,-0.2482565718066164,0.7739793989451065,-0.517700277383641,-0.09830762429764882,-4.001044285723819,-0.050718824638926754,1.6939411066372096,-3.338236550770034,0.06885591725234164,0.7060080782994507,-1.2018826546034966,1.2586612862620716,0.018965483085837648,-2.962403014843882,4.697394547844668,1.8788260973475845,-0.36207227783164225,-1.4731552246415818,-3.422180098329346,2.0
14.673119675564127,12.57827057741284,2.0606276168210154,40.75782865284972,-23.632084464861343,24.43082370162757,-6.7764612563445334,-12.228326935520707,0.599162746510377,20.649227958693114,8.624866349214356,5.522650465797087,8.338943511335344,3.940367837109579,6.270055382833939,-0.7440128462028449,-12.399158898622384,13.239530886173792,8.06767629060728,8.57887316271911,2.050186612565457,13.095217319593711,1.0351950311028382,-8.720335833802892,5.926423208756279,-6.5635463302398716,0.046456903745095215,-1.1366722692126898,0.4306736403314529,-0.16955513481837436,-1.0645089686945899,0.5104820292506909,5.089985310115668,-1.6090796897529185,0.31769423221763377,5.536728188576752,3.8228978085716268,1.8974525726006246,6.223268744780859,2.7192569877881976,-2.6518308795580023,-7.672678645433465,2.3611393519704946,-2.7664569029141877,1.13256348649995,-2.255576871633298,1.5743565949472091,2.2076995512666078,0.4019337725081188,1.2683423379243628,0.0
-38.286167747473705,-16.589850061338712,-19.393470875180785,10.4586772707192,9.175381534478431,-0.3871235525908732,16.235798152318974,-7.6170868472738915,0.8988210524713472,-5.370108862366723,1.4988024947734249,-4.801164158110251,1.4279519043295696,2.8254452756549133,-0.05460225582634099,4.241611047530166,-2.8969651526152687,-2.7124272025738962,-1.4343506577670384,7.765402196243475,1.2307987046485118,6.97159783458374,1.5388853469303059,0.7230035788210016,-5.3156275690581625,-0.6766575270852851,3.989249793925981,-0.36550437434055605,-2.1007153554916256,-0.13070859356358563,-3.309053483641583,-7.7389472149116205,2.9224328831548414,7.416921813304195,-0.8606104794315707,-7.205507963034442,-5.87536878956103,0.9766506767651475,-4.195862273945805,-1.9361201956679985,3.4042736176540105,1.08013770026686,1.901925319207917,-3.130063845715233,3.492629347711153,2.0793123127600257,-1.2959490684250292,1.2862000874201176,-1.9003181505386837,0.7801516738960232,4.0
5.835513521137437,22.943050272421253,-33.07419675476428,-31.78642828578912,6.701353436500574,5.700287159321162,-4.26077294288746,12.07076462345898,-21.8430082623093,-7.496146557348218,-7.148429620659015,21.535553193343137,4.888303503536416,2.595856617952213,0.10701126643835597,-14.803061776677973,-2.023312213184889,-9.068184401809244,13.901414713383586,18.049013225983693,10.289272379916836,18.083625546653444,3.5083903031618693,12.681382592618478,4.687548397428939,11.702607533180416,-4.578867386392476,-18.583520840243935,11.59432455605812,3.726192352564518,-5.797847143856367,-17.90896354199426,2.5176425568516194,-22.61156190263078,-16.670689115635977,3.7296699330025196,1.6966473540122677,4.703425534145947,12.59768104958161,-13.864783765928262,0.3904238473151238,16.967796221866568,9.111174059979806,-13.956215765817644,-5.283404032785791,14.931225058635365,-10.847686854277233,-16.32651725372006,6.348178615908195,1.6346698214575486,5.0
-32.733125112096054,0.19457810140648243,-20.275220892070408,16.055699178503154,1.4850864804783748,1.4649833876638154,0.7026955692755446,-7.808828651569336,-2.5954719006774485,0.8359618173937166,6.063649968602396,-2.219461496914678,-2.63799317019309,4.920290794680909,-3.6617951112754827,5.287239519662135,-5.443992978992559,0.5636695403917457,-5.426925221631796,-3.7743101909399246,0.04435270014515207,6.03461449891045,-0.7293442864142303,7.779749022139978,2.975287045593174,0.23765388419477143,-2.9129413730345592,-3.475713533861581,-5.829790752904767,1.1595034639921238,4.1049274447108335,-3.8401315425102487,-8.784682150272818,-1.240953937777901,3.1656109885872885,1.0033839426564792,5.320458645383109,0.26844630526534313,-4.543492728051714,-5.076468521755545,5.025989025413575,1.045280073363785,-0.4586432412388931,-1.7092087906072448,1.031727230958071,0.6316890988423596,1.4674445148797117,-1.9896744006252938,0.16933486734652883,2.3801828478891154,4.0
-41.516530489826096,16.332006740820564,-9.651207056334249,11.580283970825292,6.905199231452514,-8.46331015815414,16.29469112405142,7.54827723997602,2.7954587017264836,13.181970764164932,-7.4619806159730855,1.3984208676860193,-10.340450375293836,3.396593182005897,2.518186051356126,3.2862728888776274,-1.0184305753378318,2.0055983133011583,-1.3484684600738892,0.272783552083909,2.1281783843370334,7.115268898935923,6.013610887276177,-2.9296372131781956,-0.2835488231370789,-2.5760412961256285,-4.084924013231626,-3.1098209071824883,5.509426879394341,-4.7362549407617385,3.5143394915439488,-0.26033195929748487,0.8728400356795233,-2.474424900060562,-0.391681255907725,6.6234261140460555,-1.7353752783169816,0.5286199285954678,-5.611391770480076,1.392588957288801,2.6894693637888087,-1.0468179176032941,-5.2406802875315,-0.7783313842475036,5.698223973689596,1.0255857421975352,-1.629776237772662,-3.612899240320917,-2.116114736985888,-1.366030782218565,2.0
-32.934759854938704,-25.156928998443373,-18.42500915973721,21.5584985332666,-2.215627474049563,-1.4147258896111137,-4.340007679512912,-4.87810205323262,17.409085899740948,-8.331813822021296,12.912042681768021,-10.375480238328393,-11.976750975238213,4.906118170652039,-0.15038585685368322,-2.558676371125215,3.1366112742993852,-3.030190138036315,2.377345226107142,-1.0050779396981442,-1.53843917293169,2.6376108556704625,-1.3305432877606007,0.14729455399604757,5.350979277013227,2.403684076224539,-2.03350151932667,7.81165986893247,-12.347430102647131,0.2007292796404704,-0.7113354684002977,1.9358461963779112,-0.4120075586369058,-3.339123606592749,-3.0196341903363866,9.774301214120026,11.159565836506873,5.944148525535058,0.25396007330408665,2.5626717502336036,-6.855559149822672,5.560074062118175,-5.767910448879676,3.4190535251594,-1.9021869794078425,2.8882757620158137,-1.8923907974501206,-3.8803964957809454,-3.6124707820739994,-3.7606036385466357,4.0
-57.43895107833417,73.49707452848362,-13.937046160797205,3.7634750680640283,-5.910526014767153,-7.016446771707486,-19.43720660961465,0.1817855666703366,-5.917415170937163,-1.2844471436329739,7.633331663693165,-19.36480926975466,12.553802691106583,-20.029503721310338,-17.463695051908683,11.458534638992816,6.167689860797654,1.844225103284129,11.725346015571654,3.254817134061843,9.615469987977614,-10.516352095125255,1.9069526213923633,-8.25760500155562,12.590223629668387,1.2875527883228373,6.616122657113613,1.0743582739836353,-2.722845856659172,-4.3659896094515815,-2.012956623054437,3.4881860362748687,0.7053133449566107,1.3578965542619124,-0.6141407249947508,2.142607766365436,2.4776923125855554,-0.35615121953175555,6.379826208329238,0.16125519456489404,-2.0680057195655923,-1.766468710182685,0.46357298533327845,1.7922544721877784,2.0624691642344315,-2.0907184521039883,-1.147395823439123,-2.552727904168316,-1.7339021654208082,2.8626756179708854,3.0
-18.645866807826383,-5.964630721926483,18.145669523071394,5.9591036260221495,-9.519629501511067,12.147623175513067,6.9012090586320305,-5.119765759664136,-7.001129533068105,6.8303151642919735,-4.476584738587261,-4.22626175328052,-3.3173562800838567,-0.9990861069265108,12.581566443231191,-1.0565896688940688,-7.073683873336228,6.025148217715643,-5.445472365761891,1.123693505381146,4.197165667707898,-3.2076102215380984,5.605421043212542,10.132052047650976,7.251869537394978,8.9216501539628,-7.250078544735036,9.895624021311166,3.4765968661203814,7.921281787005638,2.6084176586060903,4.578908995666975,4.884194967043358,-0.8867602195773164,-6.168031805404087,4.684143235548271,-5.220212854703547,-5.645691036010834,-1.1572252241900447,2.6131803149601134,6.028341465586752,6.503540414193025,-9.325915370029103,0.2025416380551898,-0.5636752838197041,1.7673052518058774,-0.3484381202825334,2.936167506432332,0.0453967537153439,2.131474482449986,3.0
17.29344218880737,-20.834853050083417,19.876941229707274,-11.231202072399189,-10.669207626112108,8.840785264080735,-2.4381034584820527,9.45228960765711,-1.7916380516277282,1.8735779040919123,-9.335671939599335,-0.25451522310654234,-15.13344644375972,-10.312165208025823,11.109893903828606,7.997832207449937,2.1228456469004153,-0.28679344138773355,13.502445406990715,1.5931762370559879,8.893066183819156,0.5929223690849085,1.2229100941746565,15.108389283898921,0.09652498712247433,3.513323787727298,4.4408027527911695,2.1879252338983295,0.8338526211114726,-1.7952571074699955,6.038140465870042,-6.775269073949839,-4.844527368152553,4.430214924969189,7.960780924553011,-0.8418171389468745,-4.858584348808134,0.7305500600635044,2.417001035311049,3.727878319876923,-0.7584900830739109,6.557578993223862,-9.287359337088542,1.68087949737966,2.763960834132271,0.5767308538500675,2.534054634129546,1.4241790275101276,0.3275351517174052,-5.432869302266865,4.0
54.889800439592555,24.94020899833524,0.44974044585468104,-0.2087032822255911,9.373427528235434,-4.394034444962696,8.463876127153895,-6.720485850778274,-9.695042829624697,-10.347231166980082,3.9657520851657355,-4.194740197576738,7.420490126419329,2.6524360797810527,-5.333210107010962,-6.750912721478761,4.477032532947688,-9.894971664816843,-9.146795275096519,-11.571319794748458,6.477163152067556,2.8730419985350824,-2.11477962347793,-1.8529965418171348,3.8553627600833025,5.038854322966615,-0.9921805954012485,3.6902085328686995,-0.9900029588184154,1.2550352305076111,-2.607377717379901,-0.94638887742217,-1.1973915202994294,-4.0762695694631415,-0.882800753291473,-2.844474406920743,-1.605777122848135,-0.4119951251799963,-0.5868129965872606,-0.8904841139836354,-2.309781147444761,2.166253442248403,0.20722410894182555,1.5106749052138724,0.29517255799531594,-0.1584591214386323,1.31054472008888,0.6233388241327048,2.942447681152703,1.067267862434812,1.0
-34.69933894898275,21.914980760084415,-6.078660835634443,24.16138670293259,6.417999841023178,-10.668495363513912,-0.07122879025059024,0.35309735106613305,-4.970180061190791,0.9652572160183146,2.070906984328765,-3.2163313454178106,-0.8268737545719202,4.111087297858225,3.4328483237153233,3.8524234820755274,-0.2886644899452288,0.006054192362584884,-7.438656489835266,-0.5103771790217274,1.2418638971923444,4.472073106166315,2.7313716686194076,3.522679702219298,-3.0145241872030963,2.0849242099038228,7.527582233024059,3.1439275044763395,3.48413637591611,1.444986621673065,0.5013514641558631,-2.650095645491754,-2.111639235374839,0.20345271591091024,3.901351057013952,0.6885839707375766,-4.4084696417958575,1.88187132844933,0.02273894947404322,1.9869148724984962,2.446488446591686,-0.2869895038749769,1.3841281273031893,-4.389114761659053,-3.547453649139604,1.727150782989099,0.7746123201400966,-0.8698512744209848,-1.8277099599623052,1.6635425410377411,2.0
-12.440817325802781,-40.49585846044044,-13.19687091720867,14.423239090083849,0.23924888245925863,-9.936409542277158,1.817176966818265,16.720185207921528,-1.0015771860468594,5.956744418250871,2.6223712938081,-1.2941899162211572,-0.7963205409909633,2.0058919494965055,0.39616763210990796,2.5938654969344714,0.48876173588476807,3.584942434938553,-2.138885168218958,3.3948407256379327,-1.1306253113239386,-3.496402883487457,5.0102096343533,-3.3670740908623182,2.1892097658498493,0.10037601263192698,1.9444178478969918,7.819264771737677,-2.2042532642272397,1.625520795245512,-0.47904319851150523,-5.291915948114165,-3.8871158350701176,-4.951228635202616,-1.0621660944304225,2.8849918386272497,2.3641316806077994,0.4171494665040026,0.040034707283915366,-2.4393032098103924,-4.017573917442805,-3.1991753501653966,-0.37127296302121815,0.5405626505446256,-0.502451795757473,3.713325699258446,2.679237478404299,2.161473295296502,-4.323467007274426,1.8884253671275943,2.0
-46.03793555166345,3.169215946139164,8.62966800973969,-21.529369020916878,7.818168708866507,21.573717790482743,3.0755480624672216,17.446685860767868,-9.284939611477519,4.346154985676516,-0.020545232933377837,23.3424696624607,-0.6490388543630561,15.732115494645003,-5.999321459878415,6.095320217491259,1.9056701321365996,-12.703912786756959,-1.136432752804511,4.632975317352838,2.16393062161769,5.859810664134767,1.555639572898156,-8.574903891649914,11.076726551428997,-14.938444500488044,-3.645993114045732,-3.0674512979805892,-9.892652812218104,-2.111168738282749,-0.6884186852244875,4.678325037760519,-14.555790349192913,1.2438154951373117,6.3837160290108015,11.47812555116708,-1.6493459398636128,-1.6340108262898778,-8.436705120468078,0.2257790297078684,0.7175787897570067,2.5488083405702873,-5.308752147419022,-8.19411406368781,7.0189019295933095,3.139033041848983,4.003478250433947,1.0671100453388884,4.586358162960824,5.774902260588749,3.0
23.637284223183723,4.410822529950826,27.07224223550445,25.343552142537085,10.457823286405313,3.9257505636797174,9.519766315984667,-15.736636235988005,-5.491773152637359,-4.513804905292206,3.77622939397077,1.8335705625123848,-1.8524104121672316,1.5061414470420997,6.431619684654469,-5.477915669016765,-5.467194830718936,-11.412228812186784,-3.4762395344811323,5.56515050009756,0.7633766708921456,3.735309842884655,3.279766175243103,-9.573961764957842,3.4221233776912166,-2.3095479094531046,-0.009800916749349462,-1.6133326485936408,5.222363149249911,-3.539200875259768,-4.247196758740623,0.5875134041878336,-0.7983549162187613,1.5041434198452757,-4.6497437973532625,1.1818629989889553,1.238179703886604,-3.9911253471325807,2.757553157605871,2.069163137217907,-0.6163719996699241,-1.2849348361219852,-2.9982596470770795,-3.624420709633242,-0.4570293410663217,-3.438662662102012,2.0494144409894903,-0.17005624329480806,0.7545565037037685,-1.1895607397658126,0.0
11.998157338470483,-5.521518837269289,-13.161971447477121,2.318295079394883,-9.572056803170925,1.3235272802067284,-6.6669654372168985,-3.5887313702013417,2.5515322594009326,-4.170559656854087,3.4211345651157714,5.179782803705286,-1.3528368809244395,-6.209469173048198,-6.225873863735972,0.4737758683045011,0.42641540816926865,4.015872814002321,2.2240673168779366,-7.09778396514513,-9.376373355756938,-6.223728006102388,-9.707945701967272,3.83449544499098,4.241005626861947,1.0986800463060733,-4.008561862176042,2.091350867640303,-1.633535034322702,-4.886578570865136,-1.5546800019062084,-5.463673635044109,6.239965416660143,-5.099644988268588,0.48263518188342647,5.057108441829974,-2.5997192773772766,-1.6468955701817205,1.3575310649356978,-1.9153370671616827,-0.7844529457193615,-7.559481836673227,5.119392871249655,4.111332897346601,1.953130523737365,-1.7242005533692617,1.3434285439661042,-1.2285020241195521,-1.7066381024927688,-0.6590889417569784,5.0
31.633140170806765,9.380372557078582,12.67750694109573,16.106965588317667,-5.347834617340338,1.429571266974104,6.561546329732762,-5.7285502822953225,-2.901055287786038,-9.70338961010736,-1.6679138989833364,-2.8672047662058344,-0.2943335842827095,2.727134091177747,-2.278158206103313,0.061408943909316636,-2.2291344873642243,-13.0858038105789,-2.9463687538586303,0.14083509306687725,-3.6374634325534476,-2.4159652003143033,5.468870546466073,-1.4567265816567412,-3.6582557110296956,-0.664733473173314,-4.338645315624346,-0.13501136299945685,2.8381752329831333,-2.7287389958366397,1.219282738668106,-3.7484032826395683,-3.381429052941119,-1.0830444633688663,-1.8064102519414504,6.451495855737483,-0.7253477875838029,0.21082048574622808,-0.3715348065900387,0.340663222803542,-1.6506398291162645,-1.4464284446775317,-0.4497510694633542,0.9349393750751189,6.937779145854492,-0.5841576251042454,-1.807002716071799,1.0289632950308645,0.7086804129545002,1.432015399532682,4.0
-0.045041802504471776,-0.8430050157145258,11.619744953358564,12.33927624273384,-11.170661745609014,-4.818788423987579,4.602417830103115,11.581445812905178,11.420158983832907,6.476431918591226,-7.469556293528227,0.5172601852270631,-3.4938213022296134,-4.571733489691087,-4.979754181391587,-4.083225802775239,-8.887228353060742,-12.241602437331686,-5.022769932066948,-1.367659485039138,3.2659411457448946,0.37576513405341316,-4.363190517000985,-13.395107901592388,0.3365765963065941,4.566509527320409,7.904855669729508,-4.222294802515136,5.248789010034344,3.1395486685310914,-5.63809202830522,3.368656488041216,1.485365189316076,3.3287907218585273,-1.8540825470353242,-4.149347632890876,2.50206748882165,-1.4171599558049552,-0.3321184625891721,1.3781189918153096,-2.5619663000585087,3.8716297231412238,2.1472575379525214,-0.19193492357902064,-1.962800062136096,7.988132666283168,3.1942265607262983,1.6650540138438092,-0.997705393086395,2.496282466112769,2.0
21.73465319656438,11.671976928523057,-25.345489303796555,-10.626217291578023,-16.96342338356595,-6.232142277130031,-0.0667453062914266,-0.9403077224526155,4.490427678130583,-6.014199216262266,-7.202562756105603,-5.6975370104801515,-6.5556000116550015,3.2601340075497363,-9.577188842175921,-1.4600076575456715,0.21029044027064303,-3.910888237776203,-1.8520091809709889,0.634131725155968,-5.408785729215348,12.263941436991535,7.008919146958949,9.24903037794639,3.2220253564292776,0.3662705567307411,2.6103148733229764,-3.078494394530079,2.0509640273506173,-1.4232478436835874,4.638625839139184,1.2026908517185173,2.5503291231183036,6.963450152774975,-7.094632226296634,-2.5413952424960145,-3.673961554263981,-0.8086448721858814,-3.39306477440263,-1.0817754504362374,4.41340943215953,2.575504157316343,3.8637477669986953,6.044826369615005,-1.8521097147276584,7.36725419789775,3.1552920902339707,1.1057370212414277,1.5134527632426955,0.8502178080299477,3.0
3.8392485972223915,9.303476818008734,3.2772137575079894,19.78260567620917,2.64256640150228,-3.3446626609651537,9.506295089636568,4.757013616962883,-5.229431351488325,-8.478651906064893,0.06566351803386285,2.0895716074473327,-4.722328867509867,2.3299078354867344,-3.656344717202232,0.8546131028356467,-1.8630974988349762,-4.410747484790296,-2.9370650163365095,-3.6669811931712943,-5.713077885614694,-0.8492667759731218,-0.622580506856056,3.7848180986180626,-1.884278099254513,2.3744799530205367,-0.24927373642624034,-6.427784370460266,-3.402848622836803,-1.78274177094554,2.637771714203544,0.5858497989091231,-0.6956512177830613,-0.10242629436969153,1.2549555478939676,1.848473474926773,-1.8519557832415403,-1.6486408149708527,-3.1711989957148767,-3.3072453583715893,3.342033649536915,0.8633138082809996,-1.6484387594769938,1.5598772223403774,-2.1329485958401855,-3.2461882156446706,0.5670640222931786,-2.697893842444288,-1.4170729700753208,-0.003150739312090893,4.0
26.11985064461984,12.9479478333032,29.71009327061836,20.216335285880575,9.144202093000375,-8.689738123654324,-7.046606131573851,-11.003020691634271,-4.820225325173464,-5.502417423220199,1.4038051346558613,1.3739181109086298,1.0848641498702463,2.6962140699164547,-3.7479770495331763,-3.109449885633509,3.258410516867581,-0.3747711293527356,-6.895143477520183,2.131433520071909,3.6187816681082228,5.010862980535572,-1.3964020116590368,-5.302811882115109,-4.799377337429855,-3.697569958612132,-0.7262978908221779,1.9628958278709505,0.4427441027762866,-2.991393853220861,-1.8729970747465876,-2.497385851770936,1.1065343032622932,2.8733163838131257,-1.690442327072738,3.236150156413127,1.927555782307277,-0.9323376155539768,6.005306656144941,1.0391352024332159,-0.7842625667876679,0.411513334960181,-2.8019990642120156,-2.5946248212548517,4.725441173829257,-3.762863107807259,2.626305073735698,-4.344245628518195,0.9428759254496158,-1.8266658579736748,5.0
-14.631902088432458,-31.75039822637707,-19.340259968123508,6.626407712969106,-2.162028932921843,10.339880030054475,12.196361273646767,-14.740171460470274,3.469394154489415,-7.613793115409518,9.132487191696661,-13.578965720399932,-2.045184846608266,2.1047778109639497,-5.670211833960861,-9.231856978657753,0.8030023755689332,-8.584669667745878,1.3616892785629497,14.07678823591117,-2.3249655791095574,4.248397912875918,-7.7095785562977746,1.8081987263386041,4.941946548056771,-7.863961553377471,-2.173898448103311,6.073006810281016,-2.2403788466715664,6.148151814460087,5.459877711041692,-4.999023889215957,7.027277833436049,2.291781693587902,2.9167338142543637,-4.287235835374988,-0.03990692189612655,-5.9023006531661375,-12.631391152466634,1.0956160057211326,-3.367195165803875,5.7986035964793,2.2047039268714963,1.9990300144756468,1.2216540634385098,6.675773310456413,-1.1952415239686225,4.0189544519601945,7.4333309649407875,1.790598783211637,5.0
-4.458578586406497,2.2702181654073166,10.340914768869727,-4.467662618871431,-14.12179534259964,10.237578058527895,8.932817030324902,-3.292809953456538,-6.864379110140558,-2.7206071897343587,-6.848796506000841,-7.544307923851322,0.5063358500183199,1.7480808971034811,-4.46201612068559,-1.3895210455538491,-4.129150760890886,12.13694257520547,-8.528070271352071,3.7734736310352597,-10.774017021802601,-5.4683371534725635,5.280254654640769,-0.22588178032203124,-1.2073691745865478,4.067842690617559,6.620747267663191,1.3243230661600338,0.5236086131463855,-5.468162985204053,0.16256439257759484,-1.2686413641486862,-1.9714328105684968,-2.517155454739491,5.7043765899234735,6.946832528687131,1.1600197479928336,-0.2189171332675816,4.037331329562996,2.474306913294692,-3.6289452462927505,3.7449745174154314,3.0859998630958727,3.9415758627841786,-2.177020872921192,-0.8147824495992658,-7.2154448796153625,-1.5259246998692468,4.514329404570124,-1.892732425422953,2.0
-31.77785265964019,47.15687778822879,-10.183469707536501,18.82881592030994,-5.105230262669513,-8.197429357425406,-0.04614195423249934,10.596032258460685,8.777635449107205,-1.6055055435658516,1.3456877507624154,-8.800072576010189,2.1430759441156595,-2.2848997959040855,13.856615522094247,1.9569552587535766,11.048546716610963,-1.706153796840953,-4.401277639299001,-0.08215963838673927,1.7814335898070122,-2.0917316887586,2.0220955202784086,0.5713592459171725,-5.294917398789987,1.6702698549544528,-1.8870530961930414,-4.120565727652994,0.7273654067907984,1.9435419278550998,-0.17015843800721522,0.8071161536033117,1.9922618010617625,-1.748054068911902,-6.940863875413621,6.779673727689824,-0.369118248559144,-7.675691109094869,-0.6216732822280537,-2.4955238450466033,-1.2922151584321693,2.1650399719179707,0.10433411305008182,-0.5852559326849673,2.6429846290192187,-3.8415754508624773,3.725263245160373,-2.1964748141583694,1.0069586147785907,-2.1524603054816795,2.0
-1.9006123314066905,4.383479343846266,9.111564672277579,-19.42119797121904,9.704300186180543,5.957220860806071,7.023936053721521,-12.621673475290926,2.7786060551241616,-7.905481224264143,-9.203236328582529,7.430457467515994,7.536205831369312,0.32875669960284437,12.408019233157098,1.7585528107628812,1.2279715185856304,2.0126380567250863,5.884460392869161,-4.0621688133305085,-0.1259700616522675,-8.028940707263958,-11.954084168399612,7.06004865787701,-8.874188016401634,-4.4495107841657875,1.194679213380386,0.9431528676612303,0.4001753785163538,-0.7370385634431789,7.396643427736561,9.267998879208191,3.852978780757127,0.8481620804918949,-3.004054235256252,0.26834649771051555,0.7786635759975626,1.1639431771034126,-7.45226862417945,1.313344507531324,-0.6417430499056984,5.010589996114839,-2.0527016211802023,1.6151797681308422,3.2388540996338717,6.247040955560622,7.536482187950321,-6.256716858362971,-1.5423006143220772,-0.3899016659820689,5.0
-8.105828370905632,-10.834103629823826,-11.840683022262683,-16.859955440610385,-5.357902716139953,11.97094155763958,20.64876083630227,-0.8446395345189566,1.9975721829565498,-14.73927990764066,-9.153943884535831,-0.31843251028665803,-4.0569620398536035,3.4367880441751737,9.34568813455139,0.01651033131548199,0.1651120953830997,10.499517611920702,-11.350848876415549,6.436070976539305,8.867139227314722,-8.116593110656597,7.834454742367591,-8.107348732395074,-15.85267086678578,2.8472506340304746,-14.050488297395052,-4.41236378887912,-5.7624937359478015,26.034913213172388,-13.525325828993369,9.58057325719348,-3.8262588108110323,-5.389932690733161,2.5119014038546927,4.697972414599129,-2.3322876366443066,-3.6013581476765575,8.43435744342485,1.3546093989086079,-4.664745250327509,0.7391984343681445,14.0415614995382,12.352071910601817,-1.5936879396212393,-5.844305281151755,3.402310301722597,-0.07010507346179473,5.178325059988701,3.361758472698737,4.0
-35.133749857367164,2.3126809764874574,-19.387532941737614,5.9190688074208,9.567859683124938,5.38165749504595,22.73127095405665,-10.752491786406688,-3.0248164790394374,7.817543340441986,-4.382332788919724,-0.9808533069226868,12.131627446647787,2.347377446798229,-14.945887455859886,-7.086298848700496,-0.5474534737808314,-1.393919227374377,-6.816292014156574,12.00485187478821,1.9381017374216603,4.449223204999515,-7.8175340452051225,16.481890323266843,-2.1797034233519663,-6.172818277473289,-16.116109391832563,-0.8450004156853126,1.294069376612545,-6.615414592266528,5.442864212268365,-2.0567187430140033,-5.082651212212912,7.911299798392881,0.17161063650024228,-0.6320463527233823,4.693359217388552,-8.670992651306438,-3.18921546199218,3.1568521266229856,-1.5218702947429612,-9.081121565531587,-0.0181765718201604,-1.8389183961342679,3.898542792171038,8.444308674992794,0.16783822649897007,3.6335205197502765,1.8486055741623886,-2.967270550729896,4.0
-8.361220676701071,29.042666149272602,-2.9548989675014234,-14.171180233140635,-20.26823977419223,7.677719170056542,-6.472257122638172,21.07869419139858,2.3886333338866135,3.8528960628997524,-4.215049682106038,16.57399871830023,3.5331800138094294,0.059635371298673,-6.250639561103366,-7.654035968526272,-5.04337186116,-10.151003471295635,1.734259954402582,-1.6918231754866377,-4.765148638449117,8.75433677441775,3.5234081330544704,3.149413958046995,0.7802050639163767,4.814374201242614,3.789886263439713,-0.5899729768735169,-2.2034183109482446,-1.6392984094616136,2.5030165764236867,4.6631574350722635,-3.929855952007681,4.451758722900622,2.0685026325082823,-5.356440838293647,0.7611890112297263,3.151069659682415,3.068391263391668,-2.733744105865747,-3.5514971584207453,1.2466363358547283,-2.1518383926811917,1.1669956834337127,-1.3008875289738442,6.0071045158544685,1.7954619824941023,5.838159138653638,1.4010833377213445,-1.1974160525608364,5.0
11.628606198592802,10.82864727191642,22.365346749193993,11.19466990592369,4.520711180741908,-6.659225362356632,7.771207724056095,-4.125696218834887,-2.3471430186829942,-4.965933150881614,-5.416121223463285,-2.121280516172878,-7.685708444885512,0.11916899772555918,0.6920107945924364,-2.2414816695512494,-1.95021926828757,-9.24738332586782,-5.502049653557902,-0.543814926832353,0.3773818089193062,1.425718577499517,0.4056270609076592,-2.024389876196433,-3.5362477803644423,-2.507643546313817,-1.449337842846804,-3.3013049681160647,3.642643977962073,-5.556426912193823,-0.7430770586686205,5.087090800650081,1.1539524575619224,1.1002365911989043,-2.340853905166392,-3.1554573084166417,-0.03210071894166746,2.186766416880441,-3.6092895289121913,-0.0025928184518778825,-0.816924558260467,0.6032388485874841,2.6378635412807907,-1.6048823921418551,-0.4575081982268362,-0.836593175428247,-2.6268089669396595,-1.6093741689837366,-0.30836359695601256,1.490278664282799,1.0
7.049479206213205,-13.662884642629193,-14.846724449682997,4.597359467588569,-10.075754743325327,-12.655127933974963,-6.129773119458538,0.13761769795473766,-3.171376779318261,-1.8646040339583232,-4.03848403662224,-16.726783441513067,-12.773132176810737,3.9487666355393585,2.365577431898243,2.247682116222503,-8.072762810822404,-5.159149920656421,4.846515323919376,0.07370614893341103,-2.4750356767235955,2.466321170269804,-7.356395468254099,-6.160988419309095,6.093213348603731,0.13110857266242357,2.691067985424454,-7.125697327604918,-7.030059757564147,-0.9034946706303979,8.604540599575593,-0.08286221468959895,4.790324908536847,-1.219186620167247,-0.7945701652921069,0.1068913389541983,0.19337949088283574,8.761027136312325,4.340932678163404,-1.6798506638970234,0.1287942706802873,-1.5353605942702722,-2.2330731156420187,0.47538123272578414,-2.3587181856034,-2.184396477177889,2.065074393558324,0.561484264233299,5.75328630109594,-4.6602083331065565,3.0
-9.164736376314197,17.47229119305561,3.093629082756682,16.74341487591035,1.6817372741355698,-10.225946201217653,11.67804454822426,12.904029411807075,-2.966411810628531,-3.0499048569709317,0.9999809173363916,-0.955130942650836,0.2106997459067272,-1.7442925183665243,2.5367278420348476,0.07135498438828776,3.003074182510643,-1.9751207158385675,-4.854925388305994,0.2187891140880532,-0.8974889087103712,2.9971910737673992,4.259417566584847,1.9242442111345157,-2.532381496112829,-2.225327792190158,-4.493823517436604,7.410191288910496,3.6695906365128015,-0.779447732079102,0.8251307971750278,1.249161370806443,-1.714367835707583,-3.213417759318119,-1.916522421768901,2.1324086745328277,-0.9233914290744858,-2.825195263388109,-1.593974263225562,3.528223295505582,-0.24913718550618777,2.984174343111092,1.6274142865252164,-5.313798109130383,1.3443127062053744,-0.712817968844687,0.8748540581323654,0.01962797172018175,1.428091022596962,-0.9606042429131207,1.0
15.144135567321685,19.94300198152605,-0.5503453781361956,-11.255660203303492,1.5578169415118333,-7.3714513511000055,-10.117770163640001,-8.30066058228475,-6.473300784435546,-4.481381553949123,-0.5596423346196742,3.1285165394058647,-2.8317136338646125,3.044223315426136,-1.1092609829916815,-8.08060105233197,2.1665358553391396,-0.1315311925309254,-2.5444154923244757,-6.716582212053712,-11.724528564365462,1.8681102188344396,1.7340353390399805,-1.1454909927528425,7.865050002826127,4.531447209791046,-3.752827163742713,4.728153315143996,-1.1861126738485874,-0.3184437034750305,1.1084824342291728,5.766091357537904,2.5277481101884955,-2.9767920686663008,5.106198086640746,-0.18876072361009827,4.561616138489069,2.6930149818040388,2.9365109223500494,3.051462086725371,2.5732412910256923,1.3466078126657197,-0.19747777146835746,-1.0998790244208898,0.6552688058718327,-0.10047014839880432,7.3899890918136775,3.2545548646508955,1.2406479579775114,1.1422380584193128,5.0
-8.821839489130905,-47.286786036956755,-9.885322731343509,2.780862539279814,-18.242775217052497,12.91150819476251,7.846735459009846,4.811378758373506,8.908092524281521,24.217362322069448,1.7937761754051107,-1.1457618637479419,-3.7046023917378617,-11.544683485030099,-2.635521064193893,11.348284144139871,4.387101887337718,-2.131627525955458,-6.761949306429673,6.952470391124576,6.995532976767647,-6.348746381773923,-4.23276917083819,-7.768423848335209,3.157920547429152,2.2325670921991794,-5.685735919106011,-2.7658554202734584,3.0893871510366955,5.486872281182755,-6.344411942996789,-4.48522309799542,11.516875597966463,3.4618334886630264,4.7745035649607335,-0.6439167340618492,-3.242206551917923,-2.0013637510605875,-0.8042688570605283,-4.005037962499647,-9.313323473778757,4.142265608200655,-5.282587045473971,3.4344122031230544,9.29833775009132,-6.690333605749609,-5.319034969492228,-4.673707358805379,0.7705044064894851,2.85000293800607,5.0
70.99017797508316,-12.319216592787564,6.276574023788263,-8.781562589772637,4.352621589524219,-7.928680170765612,5.331016097827438,-4.393612197561756,2.0498666111444845,0.42040400438373504,-7.037710002645297,-4.470833144785696,6.67529505149689,-0.7587192072351241,2.6199142299244076,-6.729207868001946,9.217001662688707,-6.222692035162473,0.31014227592936877,-3.7323379422406497,5.295278536630358,2.2900035175179463,0.9930909778404844,-5.087705727251713,9.75958045485474,4.275627580426343,-0.8341841953058837,2.6161879071871423,1.2817287751703659,2.7003170547970266,-3.6890240629737665,-3.640806610341949,-8.530690567335101,1.5997340144141448,1.2278032069811795,2.4770472909443564,-1.6324553936131103,0.6049410424659842,-2.071014364291416,-2.3913532936269135,4.594236201514924,1.2963571230376882,-5.313428887816503,2.422231569931259,1.9373616648980208,0.9663165175300247,2.1109129640818898,0.2873736755626257,1.6178802501280225,-0.42412585679487363,0.0
-5.766262756550045,-25.589989519682977,-13.991464718680652,-18.92932426312774,-1.23424094853839,-4.407397137784607,4.006628583901567,-11.41172749355553,2.4663118616018975,-7.966983367314123,-14.737668376328678,-12.827122597739807,1.6940199638959301,-2.134542313144906,0.7292406178992787,5.360244954502976,0.597636700544197,-2.5930167764385277,9.87270813182914,16.335350612098765,9.82055996310632,7.935253013801764,-5.577446407400989,0.47285679594882846,-4.096118504565098,-3.964162692462575,-0.4001541349174631,-4.004554089461516,-1.6707288261956406,7.068958553186335,-7.814243317986638,-0.06051720648605766,-1.9763854930861269,0.6292090773033991,0.18006385818319978,-4.128611588190578,4.349147620221709,-11.029650642329809,0.896583010389179,5.56614458186261,-10.277132909197768,-6.243963407760124,-12.964281928924628,-4.045359496616898,-2.1088152571534784,-7.5135342058003864,-4.618312962971261,-2.102610969793011,2.4095948772969686,1.729375500867046,4.0
16.872716851862673,-27.404851556861733,5.641797086781571,10.272583218895688,-0.8860831097265076,-11.979628651279665,0.5845707098959683,-3.534278949153647,6.492312034909045,3.8825656063025997,-9.892821396061976,-7.518823936662657,3.919638590774203,2.5171172041637035,-5.294445049367614,-5.787433340144196,1.4996676442652446,-0.9423838474614927,-0.47723481024288406,12.12623699249078,-2.0550366424184556,2.6882060910364065,0.018126802754690953,1.08864797466029,-4.439128359528501,-7.665654704202429,0.7764211887449063,0.5923997131121772,2.1250895179362868,-1.825978511407406,-4.603271515731932,-4.363154440690398,5.447702075756273,8.7932931479106,0.05825567511002948,0.438041754441325,2.774500486782968,-2.89348875162383,0.18221471763649805,3.6483506166792465,1.5662051198225,-0.34849672094705575,0.6042749805805748,4.164885285030523,-3.5943277818233192,2.06719864793354,1.7233580432874473,0.275635533604922,4.579191062689331,-0.9991038943426993,2.0
30.289572223029328,14.93297826577979,14.399499911624591,-5.23354714221042,4.45349919856844,-3.977459935421041,10.212955557777724,-15.035957531886798,-5.154674568745424,-5.6573108583811145,-9.39676303940683,-7.026846584483224,-3.06970619492048,-4.324331350358828,5.871470390750338,-5.936810562306947,-1.5717803372284513,-4.653455834343167,-1.7017570138054585,-0.12936713855484272,-0.048494717685427804,3.5608282310223625,4.677813744559211,-7.858784941558187,3.8039581523913277,1.0458446340077463,-1.308303487953252,2.757611504816391,5.424583038038245,-8.00881426840015,-5.8187462703290445,-0.05015415486308519,0.4471886215147785,1.002361785595748,3.298609889593346,0.23262031241536016,-0.4447855864085256,0.4367260393907017,1.4872518853203445,-2.6144429590763245,-2.3388690142765345,1.341047516852633,-1.4192843774465689,5.2341402490026665,0.2319473639809462,1.910263772863595,-2.36424888248775,2.446146413068855,-0.07212497677690301,3.907983598743779,5.0
15.96590700817387,19.77447694870651,3.133276813562448,-3.351203098209358,-9.423530743506257,-1.1223208628119894,7.877567408510576,-7.531033734088433,-1.1353254138738123,-6.83331396026892,-7.051692948236846,-6.8410933411434725,-7.046328665989652,-1.223228183100288,-8.236310443116405,4.3417494476757765,-2.8150339770861015,0.41516577318872844,-1.4159964182940696,-8.10237559728609,-1.330025570217043,0.99109361129589,6.146969028649577,9.516164265676764,3.3111319254606753,1.6799303506592147,0.41811263774344604,-2.5012414921800357,2.81648476721016,3.412447217111686,-2.576820912382625,5.106810540849537,5.37670839788098,0.35506610808935535,-3.2049580335003687,0.8526330744389204,2.578171480076185,0.6531187218401171,-1.840477976024937,3.1599829100810295,3.1174031030344254,2.8785393009507487,-2.0942156600869146,-3.1384675624159923,1.3615009554292439,3.099446591940784,-1.1333389340832096,0.8847538629702597,-1.2756049656458561,1.9207486260057478,2.0
-4.913298841572944,-23.969640924349324,26.41772765370307,-20.934280477041003,4.237461949106239,-0.5558336765735509,-4.959375200946427,1.661567196306737,7.276728557437478,4.291040047236531,-5.724532303754847,-2.6980692598899236,14.071074124282088,-9.298952330371764,4.849064404188304,-5.3846884398101595,13.25894195227937,2.775575200978856,6.582277501781415,-4.538490234920424,-0.07392028082414254,10.162771607027443,2.5409251492057954,-12.129911012053501,-12.5527777606324,9.101454349568664,-13.143877554154793,1.4008475375595875,0.08376692209489543,-4.69496362076317,13.346185704914827,-3.170841009581375,-1.6118910845176984,5.0336569012005,-2.2231686200538237,2.1532532790279646,1.3237602746460382,-4.695697439123334,-3.546769218375342,3.963572691772776,-0.5763402283749174,-3.2726347336364285,0.29946676803515854,2.8493984271763146,0.07732737943320044,2.918678580488329,-5.2035687395703745,0.6817752323626225,-3.138824468634932,4.6813855895553536,2.0
20.79494378566228,8.248842005485022,-4.477322581936354,-11.41992005666824,8.146621601600472,-0.6562025473276406,-17.030692296799508,7.842601245608748,-6.115816982960019,7.48883542187885,-3.383894134697942,32.71375374628531,4.448766009516556,11.96231121649127,-14.142590583765502,6.510137252360952,6.095757738436432,-1.7855419855948427,-8.441437100507647,-5.5410830311794825,0.24394204257282745,1.3097510168152837,3.8943180652121185,-4.5735444292277565,0.617595901378203,-1.0889330217765585,-0.18545570112021964,0.34240823228744666,1.7936529328642254,9.431818665013257,5.707236251939748,-3.202863907768476,-1.1269181841743476,5.931498201715177,-5.4696519951348535,-3.36098514372141,-4.89048465202305,-4.90508799489817,-7.696884945786589,-0.2965593062729765,-4.965694616606763,4.912108972100542,-5.598414893449596,-7.604045918744538,-0.27382642814858915,2.844333711645737,-1.5255261622854608,-0.9819909509246609,-5.628479098570542,-1.388373979136253,0.0
43.43077198730667,35.6791524508985,13.851203087617314,-2.2418079598202447,22.418627937453557,-12.491692157443461,6.60236423960011,-12.631964910838075,-2.3389288894895306,1.945825982948761,3.5685426706502255,2.626176943334943,0.4876364859040291,5.1445977690107165,-12.029456330696455,-10.754025497972336,5.342274802840937,-2.95496329517755,-5.437818332729466,-4.078848851389368,6.325041438825537,3.0639572059719127,-4.44059601036183,-2.9282467129201564,-2.805566397974725,0.21328968149871477,0.8117896296901542,1.6310055059587703,0.16477242418400212,-2.8700848052981733,-4.392669135090081,1.1375866762696372,1.5763023558330342,-2.691233616935889,-0.13537937628893473,-2.4947493919295143,-3.950386308130771,-0.30143131601440754,1.8484586051220802,-0.8961672415674258,-3.4341832450504883,2.1514824372253067,1.3797503827733744,0.5012120582022064,1.8580800386581173,-3.929321172998079,-0.6096733979879824,-3.379352099175506,0.91626724261479,-1.0759476601972255,0.0
46.115252133414764,31.89411826198283,1.103749489508151,-1.3930989015651258,14.322168981748899,-6.879826345798789,3.695560222057432,-8.13006569865828,-15.944051130616224,-6.241903439864472,0.3798062790273616,-5.2646388611755786,4.060555942423002,7.425258421810939,-10.855614095753822,-6.219887081300654,4.960423727291944,-0.6518394204492461,-7.170117985471134,-11.66750931657519,8.092017528339133,6.794349240420605,-1.4779890095831063,-7.365839597408525,3.6017086619214345,3.5526047912456526,-1.1904424276362302,3.3754870008491555,2.6011672927045395,-1.4422690031156422,-1.9296718632436696,-3.752663264361136,-3.9854858406532148,1.6808904811140153,4.817650127087799,3.2492953920144023,-0.023412843391575556,-0.4436576624819319,-0.2450930268859531,-4.501152785805639,-0.8220616350945772,4.20452510755804,-4.009960621728847,3.484712417323752,2.1600448518554467,-0.443052466767673,3.7116132333308762,-1.0477656376036635,2.386136945714332,4.91034385609031,0.0
22.408384252842737,-0.5655303348835771,-7.574775403028381,1.295485290211383,-28.32706388714706,8.029801118748702,0.7963928671192924,5.268601205779363,2.681687613729642,7.311310881461153,-7.515898746399737,-5.292381820171564,5.793750976549707,-0.7139751401673861,-0.923798440862582,-4.029827429428349,-8.475452690768483,0.3693999245445863,-9.04494113750789,-2.4788716328455176,5.775507848527595,-6.223666078704514,1.6683918317070439,6.759781310675933,4.462650954451795,6.712758141652552,-4.906784187710611,2.8017901650274024,3.989533847960167,-1.0289226238838776,-3.138544305647801,1.4798367227174252,-0.9944112883875503,-5.170002968737149,-3.160611501188033,1.0733823788287606,1.9726351538054334,0.36520648681649703,-0.14602991384914482,4.478694603528739,2.896121449350744,3.0122081363235136,-3.324487066657798,1.4091371015793321,-3.412884804700178,-4.259458012657976,2.322031559602531,2.8491873124823943,0.17848555767741467,-2.9458877809161352,4.0
16.877151371371774,0.7784124551941086,18.003289382375492,14.892223058516768,-1.571150522640344,6.606367299594636,17.22818243149838,9.597274864530497,-5.013795629150848,-12.245728452380515,6.087621090518548,1.489792457183155,0.24671914010177368,2.5947002166851436,-2.9461850435968566,-0.7851351741939103,6.009635106229368,1.7431183270076156,-3.0042334325593187,-3.3076390291194024,2.4055595832712133,2.028641646020789,-1.3658351590526265,0.7295697735446862,0.4929877383359081,-0.6681724252339041,-0.9022687110949449,1.5389652495547859,-0.476696752159538,0.8412533826465238,3.0962769936766104,0.9522428700451602,2.267902458920213,-4.4472016364715214,-1.8495745121744807,-5.582942451018044,2.2933785552091788,-3.2028182031195254,-5.845617569629352,0.479313113315703,-0.053597224424752635,-0.22815309500790992,3.9834706185122544,-0.27152874182983794,-4.131858549889055,-1.7286423589774556,0.6450276435442153,-0.7532968152538406,1.9838128247496214,0.21940047155039924,2.0
5.64646971222762,-11.102007865350059,-24.788937180409928,-8.184392289737497,-6.815343395218936,18.057643244194875,0.4579425112862374,-20.763349424129295,-4.720321290671274,3.092674146546606,23.320787737370477,-17.05732027596883,-9.920219767559681,9.001181916951307,-2.7202027223631573,-7.654418169380586,15.697698621517386,7.836469042632758,-5.143418055497938,4.279422162389303,0.7376189345062848,5.830516685382089,-16.252475609400204,13.532901565643387,-9.69481988040914,-2.1156163912766046,-0.3376738802276788,-11.933825953068553,0.6402594214582671,-1.021285508471204,-5.674972798192788,-4.3784839227127454,-5.329132325140603,18.11993125368673,-19.63055093675388,4.365134661897944,4.107576298746948,3.3630388906867204,-4.373141936134844,-11.792975308145456,-22.727715108669095,-0.3910815555826538,1.2290483571147277,-3.827662586876911,-8.851039930474784,3.5702981450604945,7.77789857725277,13.616815159636445,-2.5136997795408496,-3.754129231955023,5.0
25.008075881321584,-4.064102166191878,-8.263710975192396,13.98593126549926,-18.287510952104594,1.9983491948144625,12.13159933678668,4.1015265959446685,7.1156745081065855,0.9207747630387076,-2.8918702338683717,-4.195059152264129,-0.3910442614600644,0.21642637806704015,-4.330249222841317,3.8356990520626106,2.626788443741716,-9.3575174796149,1.2518694884762145,1.0063475061619402,-3.9439357031173743,0.4860788515539158,-1.3600203677745055,4.5410644056314435,-2.079777356448614,1.4512541677426176,-0.8244718122204816,-1.331831379413758,-1.6146254171371661,-0.0025992823424641847,1.4060025116986001,-0.921026512525243,-3.8929720946646835,1.8159487258072289,-1.1113340045265296,-0.43756175010580745,0.5985222511260747,-1.8734856465287044,-0.5236075818013143,1.2602345704732751,2.3874217618528637,0.5774371638879945,-0.04725680907571332,-2.409950863173407,-1.1402461349680053,-1.8197202847493874,-2.7425684272948447,-0.7490820836981387,-0.5837314605853487,-0.41391334617478615,5.0
-9.630837781297373,6.038029930037768,29.383022652268927,-6.551049331221407,-0.3929693725639409,-2.5263131418061393,8.548718295667317,12.957763823093822,-1.1797937630875763,-3.3512975387702073,-6.8662390215571305,-2.37604240045913,-5.158771034968099,3.6160986038224925,4.849724105264445,-4.7948548240136555,-5.2262797545530555,-4.152228398477867,-2.4119966104544344,-1.7974885870230706,-0.49939733824306165,-2.8784271892422986,-6.293449615873824,1.3779718277846373,-0.5598844696894117,-4.862600058162841,1.9077563499678367,0.16659494381794956,0.06009994435863451,2.542959028088877,-1.8931460080175857,-0.7300838215466613,0.7357341074681366,5.043597376144693,-0.512714959962147,-1.6921483407730278,0.1247602885695475,4.025055401818274,-3.840816673984562,0.06980552920133662,1.660370601737184,0.6696937548369711,-0.2538670360334643,-3.089344390826264,-0.678466048460848,-3.6535028465634904,0.3493226919115174,-0.5207175711257639,0.1277273832097825,-1.5462639206723354,1.0
-39.371617207528885,7.892919657286065,14.495586541158389,-18.91118153171587,12.600753849123086,11.387629828920277,10.037367307537682,7.0250363263985225,-11.926589489058465,11.680837890800843,5.359912565223838,25.102324660767287,-13.306762987403028,-8.153177457786317,-7.315910037393348,-8.733818978357718,10.502051509651542,0.1923054303474898,2.5320767823407455,0.08833592788173136,1.6612084083091672,5.714139942138492,2.471487344788662,7.922578290554617,1.5621662106949148,-2.627890055010162,-6.862353632700612,-3.6727074376113844,-5.639053901291258,-6.3826557311583745,0.7064636776814371,-3.6357054570640757,0.4192155141692061,-4.250438269891023,-3.480540927157025,-1.7488087803294199,-2.880810325183364,2.590540228355193,1.572442341949553,12.532656217093118,-1.8418155348014764,-2.4717743920914437,-6.471474831046967,0.301170256666839,12.30768538325262,2.105320657543756,14.837043590186516,-3.6848053641871465,7.317297240109413,-1.1004444276549186,4.0
-16.017328621425445,-18.289836334340084,0.13026324776684906,3.8385516813387395,14.286521804390581,-15.689521817678331,0.3175726826248228,0.3192639029325114,9.105167254021028,-5.398788735276279,8.94762829241728,0.8986585116760037,-8.61717995868643,-1.9925975483836416,1.2942470232416121,-0.6624217847199275,8.105686140465975,-2.844323007976137,-3.4393712021627616,-2.4784750063203624,2.6931270356497943,3.9395878866255805,-5.547031176777081,5.292104381223083,4.853677007643287,-2.0645773159222602,2.6124786854153093,-1.705478441249275,-0.4197537995506688,2.8625748909091464,2.6050191909785774,3.9478026892251443,6.053722306650918,-0.722337192894205,-4.964425039265033,0.6409750054093626,-2.7666810670285096,3.462598628816873,0.3634669349113091,4.853761219653777,1.46243420493823,-1.0146100416552772,4.582334774527239,-1.4618265446877752,2.4346545585540675,2.2268807793216165,5.410727768660351,0.8904543914391426,-4.5318466944165445,-1.0190228792893357,1.0
29.128933296499977,-0.3278959501600186,9.174432415485924,22.62898820812438,-6.256696696607533,-2.1789621607266865,0.9967602661042289,0.30624517162387843,-0.6030887928553725,-13.0324250798522,1.9374410186588684,-2.0292496271043343,8.521734376488617,0.5518851632054299,-4.328461811039373,0.7452340086492426,0.48262483460407324,-0.8483454745903242,-1.3726096010378799,1.717025660868178,2.9088967250694053,4.314298352326757,4.338241761663828,0.054149235920538046,-5.550673969339798,2.1744658872209195,1.341369214472084,-1.0434655991939465,-1.2644686931370577,0.11099332436772412,0.6109279970543953,-1.4439195682806572,-4.407010464912853,2.3157023266327976,-0.7214630484353223,4.670138415594515,-3.519248927434539,1.543173315323729,-0.12460721446031535,1.5065984039356841,3.1022311469207158,-1.6004324548903206,-1.5419442784846402,-0.679623750561124,-0.18736912031239236,-2.283629667425579,-2.885974454836915,-3.046738872943069,-0.4179185005160511,0.07240018319443328,4.0
2.003309243765042,-29.82098734684014,-5.696881826680174,11.868837959766061,-19.717678312239126,3.301094126369497,-9.975644530182521,-0.7836406313024973,9.745207918442288,5.594404478464303,6.683092582562305,-7.472427398722392,-9.019783339168036,2.6439528669889016,2.9454939168027385,-8.052328613801029,9.29752526071922,3.6715034819573233,-4.587344361135738,8.997865556683275,4.186350302031883,-4.180287652184291,3.2880350046210065,4.666558996324132,8.60481273708872,-6.209539390113724,-6.294394883343554,4.04916490191712,1.9463600279546833,1.6261335292855663,8.60771676085683,-6.742227599694064,2.023859726629299,2.2564163504751837,-1.7211142689886625,-1.3406679900772336,-10.730098954982797,-1.2052949700102702,1.639562402268627,-2.668582323934548,-1.3104643776006322,-0.9178663726212333,-0.21301516382080662,-0.30703544467386973,-0.1796259337700702,5.436400086167119,-1.404789497142249,2.4706310220848673,5.852428333354519,0.583431123773288,3.0
37.861735312271385,13.014943138732862,-8.510821071611744,23.409232441796064,-12.907978092307134,17.428554991793145,20.38638602738186,1.8558012900570213,12.461949747761128,10.32437940181286,3.08374467251498,8.487631758753894,3.3933733875281353,4.1150314326362,3.800132557872102,-3.2158292695157566,7.5696276825601325,-1.20870173817148,0.39065368947485196,-3.8198449816648465,-4.3453518140200735,-4.257715383666021,-12.251333294257204,2.3065486342451345,-4.779959802966211,-4.435160628038717,-1.8776450328887373,1.6726557693561375,-2.567804708230567,4.24673203439384,-5.592925417820613,-7.410900540128538,0.8077066215186834,-6.534623142370341,0.24966537199216854,4.897305550135472,-1.6122984634476796,-6.6708619669231775,-1.5546659251077228,3.0970560098689224,3.4588135294706945,3.3829173893179485,2.3882813064979596,2.652506510026,-7.019100486786015,-4.6495553797126625,0.5648070621789355,1.7839537178022185,1.4364214809499412,-4.408900175756147,4.0
1.050138650580815,-11.773505425870267,-19.702911147346867,12.26393790858142,-14.275213279427291,0.700086975413832,7.312908148811314,5.636428285910661,8.267128278398939,9.146313136881862,-1.2310773732149523,2.223962156353198,-2.242708638957385,0.920563971823606,4.863173519716769,6.888341552877617,3.484785728528018,-2.50709211327598,-5.841388594483253,0.170919612364559,-0.8556454914128261,-3.8226516742127794,-2.1190134243596472,-0.05565303457050862,-0.01841766840556589,5.925857588509334,4.449451961183409,-1.4078943544360298,-1.1811255623986152,-4.499290263871525,-2.3358659671106836,0.05041594563704757,-6.14879520910904,-0.5580142461492803,2.1827173017050314,-3.71624161761197,1.1870142735242704,-2.886622931340122,-3.018856820296522,-2.322914109964607,1.874887104058305,6.318022033490675,-0.7297060834926528,-1.229218199488619,-3.543941370255525,1.6879183370348678,0.9692168266700607,0.7003025747915643,-0.5618642946034488,2.589508049823986,2.0
-8.363013170076734,19.1503640669525,-16.442640642948554,-3.6851872011811695,-9.517586462617112,-2.6744812006234997,9.513343645688984,-9.377203197533907,-0.8045919629149779,-17.88222089534902,-1.8327532870017806,-2.5402157737465445,-13.609112845666507,-14.868278666693827,-1.202220993480334,6.3763519082677025,-6.580848828085084,4.188949715305196,3.5609734677532154,-2.802107363854223,1.60751765517219,-2.9431413911830506,-4.281494058376528,-3.64502189609416,6.346340462627542,3.049580414980446,-7.76551454976106,-2.465994127861325,4.013095087698616,-9.274736703652287,-0.587038855569089,-6.514400586052296,-1.004994511934534,-2.327040623705049,-1.0781343092171265,-0.5090506183438571,-8.67649086737224,7.425176343680087,-0.8617264590395247,-1.0050978650265214,2.690209227783507,-5.607215049848451,-7.136053794786387,-1.571775943964645,-5.967185072467039,0.665499066325352,0.7648419078510417,1.2223035497875991,-5.83963532559124,2.2985496044760003,5.0
29.86476006797626,8.589147989518123,-11.785480598039616,0.0760555508817997,4.425219824161984,6.5563711929767345,15.192715087069791,-6.361354124280287,-9.569030667897506,-6.623139542625131,-0.3463540702940406,17.085845832432696,2.8671210775785396,-6.758902182264777,1.8215636149067942,8.59245748303721,2.3127618627834563,7.195733748415876,3.359962793097456,1.2520656027796346,-9.37940500974686,-6.848345127428975,-6.871486264049464,-3.4182988656032762,-4.499635558496424,-2.700895712308219,1.9880460469355157,-2.691971975219526,-5.53641264338166,-3.741009381053696,-0.01260186192422563,0.9862719123659383,0.3104570513863284,2.844572805139801,0.08816934559407605,-1.8909346453055977,4.778526750204395,-1.0193605250577793,-0.7510887366931324,-5.455791822034877,2.47187272876065,4.801855408149856,-6.304657417628856,1.94189275439927,-1.6529770864795073,-1.6602180331277963,0.05805005485599202,2.2000516131747294,-0.8713442656159528,0.15451537500487397,5.0
17.687550294480058,-2.0230167667621197,-12.972859318259843,8.09923327305092,11.198677096417985,-8.151817199214351,-11.972279322282102,1.6746230342358353,-10.30604482438485,-3.8160197596934604,0.9678996449968315,19.082699118576297,7.61360976054683,-0.4209400138116916,1.1310019298171152,-1.2150612140193267,-5.441669628699431,13.422662009390326,-3.823065206956784,0.3585422462573879,6.134496849712317,3.3418776375138273,4.070584039615621,1.350755856836849,-0.7878427162789147,-0.9317554933351694,-1.5714720831341609,-4.4622462654638815,-2.600782133862158,5.230721765581243,-1.7936382948150098,-1.5191523448664475,-0.7356656566080298,-2.7532485968435294,-1.8799350109616233,-9.47379264469275,2.230149703064256,-0.3338737214568018,-1.240732096652436,0.9784762613564175,-3.0276223844209933,2.708672096902075,-4.756663614330467,-6.008893050853785,-2.0050018321814256,-4.442647125948567,4.560906477952351,-0.8050116423735935,-1.0340178160517488,2.9365731339601187,0.0
-17.834236403440208,-19.201016835569362,-24.221025157520458,17.503221219607525,4.873415663052275,-8.439562481715283,14.123230322245508,-0.24582561592909366,12.34029003448622,6.6396446312362425,-7.294849870308624,-9.51261716464253,10.498284102088629,7.343334059832969,-3.0819409442077474,-6.303352070387753,-8.664171287299228,-0.3147573270439895,-1.200538912783882,0.48363303912943456,-1.6813240648128365,2.9658048658965965,3.1173678139840075,0.394770747807143,-3.0038262071731188,7.147291643166368,0.7117572656450405,1.9940769141611685,-8.701989983349495,2.3207479229599963,-4.117252160094972,-0.4824007021051959,-1.2220524765965095,0.8627499177259013,4.335507862528945,-4.797918529297253,0.5109336114838477,2.507532450872085,-1.946834698644432,-6.588887642551066,-1.7601550668010932,-2.2717417652370795,-1.1045880239842372,3.0164156076385678,-3.299969281450459,3.9317133579388,-1.013203945715018,0.6629888178408652,-3.5399205701922503,-2.4113358032273235,4.0
-10.756023087334938,83.35708895674813,5.038930205679086,1.1534587603136344,12.859871034304179,-23.04065551163229,-9.025402999255066,2.029435268715656,6.467471205040166,5.194985245321583,-9.179072301308043,-11.694069702803239,0.22412804177667348,-6.347359529491195,5.030251573808342,-2.134743089089144,7.047463039977611,-11.893218336684814,4.998789722672176,12.008172325104685,4.195468042833134,-12.084862298860616,10.005711083916628,-4.6487948426862715,-0.35551368326444366,-1.7924304986892723,14.02970471712265,-6.933056020093147,3.668946978277893,7.276502414695705,6.700852454312239,2.326831393639055,5.410137585855843,4.152310245079969,-0.33511968357970834,6.061275138926051,3.8283080764553183,5.51592077404737,-9.169043884662303,-3.1371126621375818,-4.458458229090131,-4.256429587378371,2.276064796938272,-0.2986279653283106,3.3287784840457135,-2.150935518659938,5.21728540308872,1.5076360132495779,4.85577747687493,-1.87038743522954,2.0
-4.472225626187792,29.574146081004177,12.279063500464003,18.69272661953885,-5.843285948820583,1.3417764358925113,0.9095290993776216,-5.451628413320994,-6.24945087427334,-7.621797586807575,3.9895788007114916,1.4079364037068063,-2.9198667936864613,-2.0505796679939086,3.9101918213183082,-1.3817839335183915,-1.6126732197763793,-1.287275735026517,-0.9655501785398871,2.3732235745403982,-7.64821816445595,-1.0065651605485957,0.4619045468707391,3.5593102335281146,-6.991521863025439,-1.237240345482574,1.2094693101186424,-0.03961415030722982,-0.18269751084396202,-1.7273710204103325,-3.3353724578494583,-1.0143731993129388,3.5921307365948603,-1.380105252967584,1.8337266341158212,-1.7241343253542007,-0.10604686577106223,-0.5852855455301326,0.7009085246324447,-0.8806948682175415,2.095920731136146,-1.9773001547534836,-0.03884462740269629,1.225907375286949,2.863274868829852,1.7211661981030213,-0.5935761609894754,-1.9153784075542286,-2.0316868541704443,2.889144404864942,4.0
-25.261371327735738,-9.500725075055067,-31.555145739633655,-5.239051450785091,-2.3388853737430053,2.5854519627195356,4.940215260626511,0.2881218840720109,-2.1902210957087287,-14.325400340637895,9.333918050894452,5.270867309767328,-0.1025899413669481,-3.29296202174874,7.126963915213415,5.099615235133458,-0.3409621504232712,-0.8497965763705263,-9.056188272529893,-1.2920754753964152,5.648196372792698,4.265051614470318,9.292850970318714,-2.078020534756756,-0.34512361727058166,-5.778908795577536,5.842709008498615,2.9782738882620623,4.3027533315444,-3.2065799214073154,-0.2687270615131238,-2.9348533531221674,-4.887942258778061,1.203090508757199,-1.1380049441083644,-3.3060016372943157,4.1430544990144,-3.4077223553818023,2.579817927008364,-1.6590665339694768,1.4313918287706713,-1.225677992389118,0.20958133880210505,-2.228305830268906,2.4787809867551287,-2.912715091551608,-1.5193868003675155,-1.9100013023654467,1.3917670067127481,-2.5398173978850656,5.0
50.27632154418303,6.15819721185202,-11.054757322976084,-22.272362656436112,15.164080036804883,0.40325366202604057,6.7802042976182575,-12.854916077920876,12.701925070233473,-1.4238848549734535,-14.004031391323272,2.947037270571866,-2.8537639711601877,-5.399631722072251,1.3851417717405352,1.6776680345498525,13.798552546770585,1.1651433000410092,5.027998491173866,4.176329841252662,-10.399217274483279,-2.390674191261384,-1.5653851122462543,7.022236539956277,3.450879135220351,-3.972419917141115,-2.106393038532502,5.230945955590574,2.790139530340983,6.153418551396566,-1.9753739115419695,2.021026641946387,0.05424072307763956,-5.3153311735395175,-1.3911731489758226,-1.231503105642737,3.091620759062435,5.769492736305606,-7.185793168688787,-1.1771537394967462,-3.186601033932074,0.9785894192490395,-2.816238562879631,-6.657527674408594,-0.9805894910661482,2.6740191210610234,-1.6856729558795565,-1.9919655251304262,-1.1979115081693346,-0.25579369265382085,2.0
-19.118734645770353,-11.223664007994776,5.194276311602657,-29.708652805296403,-0.4263626693814739,10.740575658850696,0.8979838574370849,-10.481953835243566,-23.91288818156615,12.636731803267159,-12.626487509181704,0.28097731879097837,4.188803487928246,-3.855680936218372,9.40866224486069,2.090565077229385,-7.232515781087937,8.510046487750694,-13.007974654503057,10.109328955561725,1.3124028530741532,-8.617247760592278,-1.3093219608708853,1.1944828631778255,-2.8606925621465895,1.4867481846684072,-0.6883353611393633,4.091979856663843,5.524555949610675,13.103856286464135,-0.7541750206524714,-2.399659981532754,-4.70808525766115,-1.8188814755880682,-0.024121341697896228,4.689778182823433,-4.0388407253420056,-1.6896285792555772,2.9195989885054145,-0.8157716821606601,1.8260054464768165,-3.960536516716669,4.172944891378879,5.516471716150557,-4.769508917575428,1.3623253684792578,1.5708952305121677,-3.717200117074567,-6.859625884781399,-4.44091047006271,5.0
-2.3093770293160665,-27.929734839697524,-9.213815569146279,15.492191448191752,-10.090684138993185,-9.068971933846747,-10.734401880842587,12.62955731790391,13.679668029185036,-0.738960320150687,-6.827443928026862,-2.533639003589138,8.199915083822823,7.542491727553087,5.74431055231609,-3.0391099988425023,-3.1242800655600873,2.977839340291488,0.9596919066260439,3.078877346924902,1.7973112267503073,-5.941145226674892,-5.121249143779592,-4.605056285318356,-1.3148722023787918,0.996088067092782,-3.6352605784447505,6.590473846746417,-4.998077063745124,2.4279590471786547,0.3416795694978159,1.6160035515674642,0.5284729827140162,-6.292883132990025,4.679962133991818,4.7332092073911385,5.212417724941758,-0.1042886306808576,-3.8737763016794164,-0.43166829880199425,1.6166508253386922,-3.4228450397737165,-6.475509868935261,1.185008750892442,4.934805210501544,2.8602652594130396,0.5195163917158185,0.9534353469837441,4.727518077338585,-3.7954901608667266,1.0
-30.14281770532506,-37.291557664468705,-20.322895091650466,4.596555290820329,17.75538413316476,-8.604425109625192,10.783560302136067,-5.854003167881883,-4.724403459576966,6.696893981430717,1.3682729339671849,-8.992596186871689,12.655151367555828,-0.9209896796831232,9.522155335212108,6.7514063292718065,3.7735874617990666,2.158177156762475,2.0529972964022907,0.761801313074193,0.3701228016482474,10.321438579526989,-1.083597655036609,-1.9890325448621782,-0.45779651497424156,-0.37217669928624453,1.7882850235823404,2.040086877872609,3.9079813767258917,-3.032581873746159,-0.9433847608486841,5.255519001802052,-2.3597725995309644,3.924281251882839,2.9333369325337038,-2.8063530193269823,-4.679549766612557,0.8349878789597781,-2.6949651133431396,-0.022463325166122625,5.887194351124392,5.303379199306416,0.08104737173881775,3.2169790207079534,-3.285024454197145,2.2991673774339914,-0.5532614796330011,0.4540931659406401,0.8764492724850911,3.2514825547301607,2.0
-9.727549856162371,-16.36707784981738,15.79450189765909,22.626234654456823,-8.718738930883864,-0.8689803444704326,3.7173923180099266,8.452646918031816,15.833746333529483,12.234591049904292,-6.861800328286655,1.0521770203963876,0.013585381913783983,0.38772102713640494,-6.826982719086478,-4.144204270043808,-9.352616224439066,-9.05928775218753,-6.802771627964363,-1.4928731822129064,4.009983181359661,3.8834819609325413,-0.5747683074681805,-7.505555524687827,-1.047083455592367,6.205113397771803,8.654069373743216,-5.575679775999142,5.146634055010884,5.483647667443932,-0.7871147674217658,4.512243343306104,-2.19516806630642,3.524376726446904,-3.346360747777711,-4.4781740913396995,-1.090639325299155,-0.9836342006927491,0.780208371701253,4.357356934320526,3.607443646353311,4.959455114032888,3.724815293579498,-1.6773531366403363,-2.3109917884493587,5.527897480201594,1.3735435865403929,2.5361399237938795,-1.854825481810783,0.40912975102867954,2.0
-2.118834096855667,18.308469115969555,11.128786197357474,-8.79610798784221,-15.155892051666083,7.724405498153918,2.1948174926873936,2.465080475273315,2.347393024603962,5.322136174983379,-2.180392694613687,-6.783144002108494,-2.9320556727250535,-6.260164366601008,-2.4044560831868913,-5.009657453294162,-5.237530154439517,0.8938809653619947,6.7456051568851985,-3.844898301046046,-13.791825561573999,2.3088497006299127,14.753093649210093,0.012687156344700225,0.7372717150045973,-7.726244821665387,3.659389686711201,4.534721860297999,-3.321355639086805,-3.4937972664199246,6.025546552517164,4.462407353275158,-1.5897466274009326,5.234452069214846,-0.5341224435922539,8.128988202818316,1.6373035743255908,-6.4056795619203015,1.7331607538235865,-5.109338708795195,-5.712175875849114,3.56533533787994,0.9373995700594677,-5.259775092692688,6.922571843472467,3.5376824352947334,-4.094556159598602,1.4029953880774622,-4.645478897069127,-5.408338804446361,1.0
-9.634586914254479,-32.06009334392271,3.042701814371976,-1.3572988247569744,0.15470247018832708,0.2941918641571922,-1.2304782591718515,-14.222374269320325,8.074383768063589,-14.312863047334043,-1.5772058132365987,-8.472548933570947,8.193209758275787,-13.111528575335402,-15.964203578790656,-1.6683224533585377,-2.8076707247732076,2.3167987945826134,10.759274569270914,0.26983572926172716,0.7952269353506611,-4.786153184423379,-1.8507310084778155,10.523267991213615,-1.9544975034802825,1.8448470192120088,-5.336085757249228,1.6254361472125913,8.690210183781819,1.5564762111591335,8.310473736513156,-4.368807614610316,-2.5683805644159916,9.224079751089945,-13.882960261131025,9.019976364928736,-3.163373596744006,-2.4084755607176325,2.3538926098075033,3.350103988049551,-0.7204548988196708,5.26366812459936,6.186329783552066,1.1828438333327134,3.426316807409057,-1.9590684426825142,-1.0393905137378883,2.290773926370136,8.432777596718013,1.1116399756022788,4.0
12.170554424333575,-15.086127286641153,-2.124351984679318,13.626575333140535,-9.351299589610088,-3.77807519499954,-16.07609541406113,-8.628280422382636,-2.2478021789283575,-6.205339921906068,5.8517165855890045,0.18073984727714992,6.19586995459869,-5.346244428398806,-13.238337345223108,6.849811673803783,4.619658250804416,11.818002711785908,0.7113550897390609,2.114909679082057,-1.2548819365011619,0.16311938960455963,-1.8251435066984112,4.212572910210121,4.9603345827403595,4.05101346326556,-3.59111471009555,-0.49783848012433923,3.9627861076718167,1.885243780522215,5.710791480511366,2.488150262957402,0.8752500306279482,3.5068979784655445,-3.4769825099538973,7.528262794888611,-3.2108015203273994,1.9802295640654877,3.138981489973604,-2.8524286388187208,0.8511177006834953,0.9176443787509156,1.846200603271833,-2.932981868423433,6.214850563616499,-2.6230567485200034,4.292641745167261,0.6788471749621496,-2.747541574589001,-0.38627598330442575,3.0
-6.730530620121747,-20.15835509190408,-9.249696520894158,-5.091630665528031,3.636690774798898,8.823430756223246,7.9471583546751905,-7.885405785499671,3.973446104220257,-2.897504540436371,-1.9027950720273619,-0.45407942971242554,14.206010171234015,-5.989992496869176,-14.4871375903124,0.03743730625309279,-3.078721253912106,-8.391803094016025,4.723949394078106,-5.456601085321019,-12.073626357067077,-3.192364713205812,-7.197239743845504,4.727046536027756,-3.6153843566587263,-0.5372725797094688,-3.6568938095948624,0.05691418130286269,9.352384790044468,3.95454874159302,3.3940182101037495,1.1423111734187936,-2.256107747503266,2.562392001797646,-0.11530615509423178,0.8991754248449102,-1.3073391632394389,-2.268985487023795,-5.9740840090260905,-5.9259849476448725,3.039815598471596,-1.3681701699277027,0.5108876813783616,2.0323620781650336,3.295150877375192,-7.9029339433215275,-2.343134259101391,-1.8340231275477838,2.598876105858104,-0.7675170665035307,5.0
37.53442485046812,12.281294778669928,30.11015667837956,10.458972943998335,11.493862104017063,-9.617427650860941,1.0690917688633426,-6.276614831286855,11.494166577423847,4.9835086710923315,0.4986871551541683,5.691296051958786,3.521806769915376,2.578749643809169,-3.0245440947401616,-7.675696273729656,1.3650703458297961,-7.901497183164168,-7.0529048250418995,8.629529585360379,5.890053400824939,-1.1470294319745826,-7.138704589924184,-8.128322416679522,-7.6449607346938695,-5.086383460040855,3.969719227644168,-1.6333132226548233,4.447941972897161,-4.407307554254055,-7.404777488845623,-2.8300913976829913,2.099510025768117,0.23910085138367362,-4.139726281446761,-2.749092080371506,1.9992047504824138,-2.3746309090157895,5.699433608549383,5.761608188958691,-5.411502752088291,0.5380076396989176,1.1112051721954583,0.28119814835022805,-3.301473549956942,-2.1922562849513962,4.748027635365994,-0.8037062858754473,3.3856486946413145,-2.860993448249645,0.0
50.25974487999137,19.85033853193431,6.940917795385626,-48.78681716289321,21.71303166189741,-22.798585261270855,-0.962400840276475,-1.8605769288388083,8.93537356385428,5.173291493705374,12.673134056004008,-1.483074113147424,-0.4035359841235197,-2.6263628354164044,0.781592363794823,6.398646075881377,-12.859505300986795,2.3951326408559312,8.46581852861964,2.521743151243313,-0.5221768996476804,10.319493764089856,-2.4161845505931443,-4.99450336060177,-7.26016109355782,5.408864374037715,-0.19644050527978352,-0.3404893202781654,-3.330512053569074,-3.0820138668226917,-1.4096968574828228,2.0623685304572748,-3.890888679934962,2.2325511713275246,-0.7724551256528921,8.201542987591948,1.550771992030172,-8.406596609722515,0.16834439722385694,-1.95137395991491,3.75751599081628,-0.6097624629630382,1.44789665755383,-2.120405377128516,-4.445613051422896,-1.7470205506059806,-5.882167632168936,0.7174252886523758,-3.8876447251974815,4.420563348869834,5.0
-24.172716234229895,-31.28821433959305,-11.566937779418987,7.373481442015293,8.627182926454871,1.255061215763348,12.75983734731571,-9.6228007953922,-1.5190142320509221,-5.492848625977331,5.113561181978071,-3.9664479526905354,-1.643013981443888,2.6704461300350744,-5.161295529916068,4.453786636975649,9.113096696332477,-1.722710019967937,-3.2950050277151335,7.004193680331887,-2.9028214990097085,1.9601791249339653,-6.43298194913574,6.001323868166996,3.570098128062696,3.6355650306206453,5.1033960965985035,5.907298304577575,1.736300368883443,9.643279017472139,8.292228617292409,-1.9344592188476066,1.966726739206518,1.5111224682515763,2.4243021138011143,-8.280800977214383,-3.0248260830958,-0.5277536783140141,2.950231872983072,2.371189608376342,2.203032366288746,-8.055833527827831,1.7829944670439521,-7.73921118476364,0.613326354317802,-2.2750182871356253,-3.708762080136653,4.093325709579609,-0.12795461337838204,0.5034777046967638,5.0
-8.463866118496632,6.495737661920071,-26.531534704051456,-14.763080890070839,-8.290488177998665,6.729524407211729,6.090646964542226,-2.307087705024553,-12.240545132183223,-6.326596391754426,3.114780705846479,-2.399470879297933,2.0472608708779734,-4.01831928803205,1.2985097119071736,8.10155023820139,-1.5048016824321409,1.062278664241699,-7.649101014026792,-3.1080546152062776,3.411729611685716,3.850121997763492,-5.974261823521541,-1.828878773919029,-5.680307284060775,6.787885333864087,-6.939624974421726,-7.626614923351022,-1.34646756550313,1.4789875958148988,-17.759638896006887,3.229121145136826,4.241490755715824,4.287806761061457,1.1037228966451609,5.3710766832310215,5.534257807097633,8.129040977425735,-1.9028393019334964,4.374019427875407,11.770478277992629,1.3910815609297322,-1.7529368194105315,0.5122078411238404,4.303208243533184,3.453853762656693,-3.3033476576227314,9.42380024685247,-11.48942274111135,-2.531711701721273,5.0
80.586518147191,-4.10188297232253,19.47139221137589,-32.66695669498526,40.01631784330684,-21.87854422152889,9.758692672714444,-5.330359679550385,13.80695865410792,3.7260263372671134,30.43340500106722,-2.471387049889882,10.26711973496382,6.071485598537829,-5.031361683887886,-0.7573124183907094,0.06355123216685273,-6.878381332421376,-3.6284944273794024,4.456637031128771,9.741270345846775,-8.32004170511361,-7.6081460820323885,2.6532132453329984,-0.41461640703806807,3.2662522082185315,1.6535110238887218,1.160878308843835,-6.809902965163479,0.42350702733644197,0.7394152575320054,2.30308954102215,2.1473116695609167,-7.090052453863144,-3.0320455875257677,-1.3540125931037237,-6.5647540300465135,-0.9773335606774035,0.7700705545618185,0.309284944156876,-3.162423633726752,-3.642918504191022,-1.6920098080378103,3.165920552064419,6.1077409168428805,3.535998882867913,-5.876422809715671,-0.7572241844127243,1.3569396188534277,-3.411913156211752,0.0
-0.07193957748670415,-15.899467600645183,-17.553242932846544,3.2267021670645493,-7.253897205310372,-10.121566244462553,-12.541504739035338,10.05849450792622,-1.0828524176408634,3.672783354851487,-0.04626886086553782,10.755697911344319,-0.12961042752707602,1.2384196060966308,5.636189149574502,-9.675278416806135,-6.24840936463211,6.225063692876453,-8.7513396634451,-5.169238332285997,3.346030778300072,-12.092585900963222,4.354859006024319,0.5412698654403859,-1.2299377750648668,-0.04950360761153081,-2.0592436431991037,4.728483846545635,9.270130197722391,-2.150689395990565,1.0835992982557188,-2.9926146281347483,2.49820679758305,-1.8352689708403949,-1.4003216572436383,-3.2617884244757467,9.829547106567908,6.867596646461707,7.9809758481366435,5.665923739215297,-1.1274951501304507,-3.082763528599794,-5.131562897343784,5.283941022053365,-1.4985122614506965,-4.803870572522834,2.094810731745368,-1.5404273116908649,3.0580099829331733,-1.154192953089577,5.0
25.384875103916997,19.06134904332878,-15.146987398309461,-19.56991768036521,-10.40989989089108,-5.351780533798563,-7.504393574121647,3.172415716185159,-6.170109419339166,-10.096380130446388,1.3909109692886072,1.5013905992603702,-8.352863867252928,-4.703798659928597,-8.288748069000022,-1.1330259828705507,0.879050027480614,-5.3691303556486485,6.0629527165085495,-0.9726054773473352,-8.611855891706304,-0.4104391292407113,-0.5515358174678803,-0.9911486377478611,-6.874240556481166,-14.477547344821605,-5.117531977288105,2.853558309993862,-10.342406225494711,-2.4876204777291355,-3.5596237686395433,1.7722200981988343,-2.7741200217168585,-3.329506787912272,-3.17720184974609,-0.17904001924248003,-3.27823953267979,-0.5985126628031636,4.474223225997547,1.6741950444050786,-1.9613010536100197,1.2921816379544602,0.8872697912575973,-0.48556201757609113,3.1425825222843895,-2.520083839209964,-3.6843521926305014,4.769488626089484,-5.37444313281603,-3.5704327808362906,5.0
-36.27517213520092,-12.191157372713079,27.708797029600444,-2.427694719312161,-6.9557717744311685,18.7943451264498,0.3562151873668813,13.933121812674884,-13.827324171680981,-1.5357503653056903,8.289743089603576,3.713395013141406,-4.91840964347433,2.615766362078014,1.8856043638991762,-2.110722296145663,-0.7532074915308208,-1.3110458299943966,8.239473396972706,1.0111263808503457,5.968141177877042,7.437374785780262,-11.333082557171533,15.105746026468521,8.187536289594911,-3.839512804651847,8.32481340495459,0.572470219049557,1.8895715437228702,3.909652712284949,5.223474790494699,-2.833477962895157,4.406287441086613,-2.806104277794519,6.447715020629031,-0.48798300708435877,-3.4169122219287575,3.006645078162337,1.0304997560790436,0.9605917769092008,-3.8545794102681126,4.63935112941528,2.090392533872094,7.079213973374263,7.762431304349994,1.937252519865454,-0.618450380915038,8.131416756798723,2.0716789805143634,-5.765842492167608,2.0
36.17151115155717,-34.18270752374889,-17.61340712838392,-7.9496593258173895,8.395853193901633,-0.9316701194209899,-10.755379552744875,5.009857620554192,-5.269030425014587,-1.5435409027415612,-9.784026128235014,-7.522546335375321,4.643216932523569,3.6803274441112492,-4.7204307555517895,8.044738675826855,2.887220325083833,0.9214669046960243,4.798445397521215,4.084446438583708,-5.128491042808504,-6.87598604790148,5.779411410261201,4.492032541137651,-2.05841172866412,2.2961938868853697,-0.22708118371513905,-0.36172899552898086,1.7903083448743895,-0.8649675267211899,-0.8034482747523386,8.167753068096623,-0.36419267494564195,3.9462872423373154,2.461981232392637,-0.031742669240208785,9.337792173916526,0.217369611001801,-3.9553543677626384,-2.5459543142087675,-3.122919139718319,2.314809438570847,-1.5565737429672932,-0.3164107817022915,-2.414152571465551,1.8582809454634104,-1.1908065348277088,-1.3838149573965455,3.7546341618980734,-3.546011394011665,4.0
-22.598426898005435,-22.865810457108523,-11.307318239320834,-27.869515523260947,-5.81795334861713,22.400215852538125,8.887333583277387,-22.152043567211326,-6.527664731730633,3.732329227209831,7.6723222155905635,-8.32997499090602,1.9838427218994765,-4.917603157184332,4.44542228332362,12.584546262808093,5.429455282626064,-3.4672486093169703,-6.5106936021818465,-0.6855145001393447,4.841331858234585,5.447508359579763,9.432409269053451,-9.609674201186547,-25.639960530339195,-1.7775300200889836,-2.265942742185092,0.3166676591336888,4.5131018335461155,5.506535923918484,12.161055733724442,11.489190096469457,11.625321593276373,-12.589446009403785,7.461713591531403,0.5049228021559902,-7.888936767412071,21.38074863963127,6.1201747932009525,-7.685565300920403,-3.1295142409343897,1.86592379454966,6.450852021266968,-3.586137217987606,5.918791824578806,1.7668154020689602,8.053922706059959,1.8577193810459856,8.83930624439907,-7.288341287279259,5.0
-6.562974931317453,-18.66707512862634,-20.62012355460648,6.752558269270129,5.222810389157458,0.19437737414041598,9.03764066529727,-8.03813442019334,-1.9204204013314665,11.17781873121332,1.7807204461066624,17.095820125388318,-14.851916793352725,-0.34228684799443637,2.1518950602620843,10.005508239206701,2.7975533641876345,1.4015883502443804,3.2337397183460275,0.07341283367594353,10.568697808880827,-4.5817512899034405,1.5726438581468436,7.028592773934464,-3.233257881541741,-2.501523802408682,-3.5425663000970316,20.526929167097236,6.487139130299647,5.989831783140027,4.747336994415701,3.2096703390578303,-0.27864061076850866,-0.680129832507573,0.17660764685003777,-10.19609626175665,2.641877385403464,0.055816568483239806,6.096639316190108,2.473937331352556,-3.1489248767910385,3.647121417426001,3.13139606841108,0.02449445736959721,3.6806024296350084,-1.1262356846392503,-5.225226382419328,3.3556082726995484,-1.0917264158872673,8.128125897490442,4.0
3.5267254451560035,26.08001990038143,1.6206132424196045,-25.504871261756804,14.592069074100772,2.48858779713435,-0.4831860091949197,-15.864660761763638,4.327836632526425,-4.589077823415622,-10.47608219115088,7.3445939299550265,7.471172477833847,-18.814801532149204,13.101910649268708,-1.3909710644409516,2.3626593232137165,9.765606332303875,-11.928928856940905,5.956105531800193,-5.957757082234533,-3.405379324145783,1.0008341855298841,-3.39547817232164,-7.870593236329429,-3.6340399729117365,7.076006493012301,9.38511935888162,-9.501745108233306,-5.462284027348415,2.2105648276430996,0.49926049881914564,-0.9284434694288076,-6.403926660758798,-2.68294833902243,1.7289213741285647,4.8257018244659715,5.181101681496005,-1.4084987892962308,-2.5535368857711367,-3.090808291653724,2.726261944074102,-1.8910406133244362,3.776878432850501,-3.74595743481875,0.23079326129364433,-3.0131413043852397,-2.526972630807216,2.8696076121437297,0.11885463680075144,5.0
-25.778250743623865,-33.287113151440735,-7.507271073519477,15.10653147047828,11.160124520824835,-11.977874035177711,-0.4654124587588942,7.563951726297723,7.611272395201926,0.8318931714281693,1.3770459220909022,-3.84530203384717,8.132374535218792,-1.1616586025506637,0.44703441357553214,-10.271089027109305,-6.634787954731062,1.662743945405278,-3.1336673093173943,-5.563321818255887,1.5913183063541532,-0.21961476959733048,7.458167579248977,-10.403456150413932,-11.542401596020362,-1.380481171778964,6.952660721913262,3.7668558110495267,0.4145004862621197,0.6637001646749024,4.759741653835384,-7.581934992069597,-1.2074899146782918,3.5100700317465376,-0.21066617178511463,5.780177942933438,-6.393989420050741,2.1696280017613088,0.12867468846671135,0.10079330563582174,-3.6046917622155683,0.010615590067198373,-2.2832451435606926,0.33608223867636733,-4.369574360386235,1.9146005319529147,-3.1887251970123263,2.711668585277235,1.8960455315485705,-6.32833483822474,2.0
16.655231644506582,-46.9152874910889,-14.252780957356217,-4.271068795269342,4.239004691670142,-14.417184995545565,-6.283034209026267,-7.247417720845313,-7.976504053801936,5.085242250640901,-3.9842119694931406,-2.3654115374331446,-5.166389111590091,0.47653497909209924,0.04874008924243103,7.4461539772894385,3.1709608589424048,-2.0611262331064215,5.017692300063514,1.2939171088985104,-0.8930375681230367,-4.417066930394186,-2.1998354901534922,-0.6858123717500187,-3.1962656312141497,2.2027654266864,2.9421697142169405,2.459474621080418,1.802333517996454,3.6152810024355873,3.9121793721643217,2.748141999290635,1.7670282432229485,-1.6649374167517261,-1.01982780106574,-0.9131805819892942,3.4425765057627125,-1.590624971304365,-0.5728439012849367,-3.6592909409319794,0.04519106772573559,-1.403591977545876,0.31806575464410797,3.331623193691896,0.45828572938008655,-0.8030257976482481,0.2546028489570419,-0.9875187472541339,1.8077156211403482,-1.6741592693801588,5.0
-3.6097945419074744,2.7669036420908153,0.546627751922165,-39.97688132418689,8.11076123962699,1.3981558610310245,-0.7530679522839404,-8.144963689942967,-8.54443527273683,-5.274947217544803,-18.23244042557191,-0.9269624279107439,8.931871172843215,-4.092287031558558,12.346742383824868,3.386428553817721,-9.199509343155146,6.202382693539192,-7.7942433488064315,-2.506980518309058,-2.1292229633660904,-9.570837602868178,-12.071398797109968,1.4553358902069897,-0.12591116072868155,-10.78342299368782,11.592850819066362,-5.01492458463084,-6.485567500583529,-0.04611306939223641,4.1810006664190515,-7.621185346488613,1.1362533304350562,4.016776915471271,4.919109877446624,8.400594476213614,-5.1531482438181175,9.749669727174439,-1.77335013487895,3.279965712002352,4.748842295838422,-5.037329954441819,3.7710684188940418,-7.760791328159455,0.3095018744742998,4.315128242924584,0.1399037475206823,4.2299013984493765,0.8458829790331569,5.0469697871447154,5.0
8.495511301668126,14.329714132376289,10.851799218179393,-3.8967423079378127,-13.140953879883362,5.195613348071146,5.265094108795698,7.2876167090971675,5.984652476377564,-8.46418775705804,-12.264555080749057,-1.9580811164565466,3.777572690566527,10.18907901669555,-0.7697084720680301,1.2190379983853699,-9.07308628490031,-2.860181354527952,4.802424381011067,-9.385386816116121,-0.4290368974209957,-4.538155204875654,-2.4642267671933706,3.451027836136923,2.7876675627399523,-5.157258369592419,0.6647764029192055,3.124898507997069,1.626036982972311,-0.25868221626939814,-1.9362187598668963,-0.37229301642462315,0.33326123563003934,4.131599482061304,-3.67526244481568,-2.797432697463758,0.04441841348456195,1.1047785489115443,-2.057431148912987,-2.540557024931712,-4.949776343009105,2.6047794314903037,3.0944687722247517,1.1554265912830355,0.8041127486451898,0.9667192006070897,6.168043750942969,-0.8657937658248592,-3.7823661373193205,1.3551756977171225,5.0
-28.687131737168436,-4.693161850132961,33.27157968543933,-3.9198171807020166,1.0182777824928084,0.19187884987112416,-1.4525594771011818,13.214848429601792,-2.8035053478848604,0.8216957272471775,2.448586460746166,-3.4392791902792954,-6.639306252120408,-7.358615433993599,3.3950095372180553,-5.23434076650686,2.572506205508027,5.145676888037455,4.385807249856314,-2.088956984161011,-3.932989622533084,6.023432364060655,-4.0609180464824925,1.4599787950735115,-2.643955896720401,-1.9651665662607576,2.6662242425647724,1.2358145433716863,-4.873101579277108,3.099003350667707,-0.6220431858204483,0.3811129451404029,-2.3477396357754396,-2.7839460437456403,3.160164054401905,-1.6055658664089012,8.103894511325915,2.4160306672916843,-2.558858048764491,0.03297434013752124,-1.548444538239457,2.5119354175585715,3.0723884143506384,-1.2907440239894328,4.014924634831567,-3.183843559305002,-1.2775153527659926,4.9230215767809735,-3.73789965579607,-2.50525405675194,2.0
-12.168212520485874,-24.849864948202942,-21.122353797644926,3.780356719423893,-5.5177088339221605,-4.839753184996646,3.116172337085367,-3.7255352091346063,10.424156714647454,-4.0963936761172794,2.5388193872867295,-5.832853676202849,-12.47436981520046,-2.7632552802783517,6.500671653876774,4.1157850357669945,6.682196377735214,-1.251417374597302,1.233994454814396,1.5315543301967214,0.4283306313878312,3.3073580275990753,-6.7610324987808905,-1.4382459034976123,10.92863742321793,-3.8822121896884303,-3.3210703968921713,-8.628991974598202,-2.259494029210383,2.4846890486314117,3.495987272371878,-1.2047882320742058,-1.0930340300113601,-2.1620514874002064,-1.558950641980978,-1.4285224078830572,-0.7649994191593963,-2.2341767841347386,1.9312173583258136,-4.460650324511211,6.90023048709808,-1.8200169584103574,2.5738383674911605,-0.4955298788086287,3.1479505830330385,-9.158727839199994,-1.7078390905426464,-2.423305014380231,-4.199567076984579,5.833636926288152,3.0
-23.732956579805247,-30.938703871304035,0.5620143390278034,1.891715347250072,-7.136277118486354,-1.0827374232730056,-12.630442618445148,-5.641676468875693,19.451394905874558,0.0957800844155205,4.2083574125386445,4.595284812537967,-10.115667948207225,-25.90329168960804,0.2768027955292229,0.03225739076302918,-0.8412934899250665,-3.150018196871064,7.135615713732246,3.879341479966264,8.950453394991676,-2.696395797483334,-5.433863597551494,-0.1294891023381645,2.1396441625298173,-1.3216438775547514,-8.387760466649974,5.107368004004624,0.3334046087127648,-0.4431541720853247,-3.5017772978978026,-0.7243668833975414,-3.408428900883051,-0.7827321056880702,-5.2508646334131805,6.747105009378315,-2.960885698536485,-0.8260683700523374,-4.300063862435418,-2.576219797399245,5.159291867816113,-5.679792172072152,5.388603689474664,1.0259246555779291,4.7905360382184625,0.9843958585872851,-2.3251945037471957,5.956897888680138,1.9029142901676177,0.29773733362681126,2.0
27.824224927596088,-10.943632750257839,6.9222928406369935,1.9994436008684755,-12.225717943685945,-9.388027275603788,4.040391882314193,20.837704374145577,9.746192323178073,-3.9194655197831536,19.099674662276573,-5.684216544898742,5.8949324010772415,4.543633501017589,-5.707875377235542,9.984951818067099,-10.23878142418278,8.996331757123935,0.16154421004176667,1.979410649312284,2.1541546212750995,-0.5923043101514137,1.6520844377145978,6.598450688809879,-2.568677838876676,11.842706590264058,2.2593678047420953,2.195871987764808,1.6130048788008449,-0.4535129902344743,2.4003850485961653,-0.6122023043284806,-8.127048498437865,-1.2659989745601983,3.3342001760697286,0.6632962125394107,0.24783518208729755,1.7377137057476801,-1.11568603679722,0.27384876233118954,1.2842169973211788,-1.837135058393253,-1.0961009429296933,-3.5371544141729467,-0.3230951563262962,1.2963956622291208,3.1581354729163107,-1.3452756363290497,1.0059662607835864,2.3931103156693703,3.0
8.441003544872016,-22.817671000206893,30.98569838464717,-13.159310303458806,7.446675899860273,-13.800059762132408,-14.513994785930056,2.138161354217826,-11.702682670489118,16.1155033799978,-1.0394256773497037,-5.43660779703705,-7.884395523214267,-13.003976881452001,1.2440157476229816,-0.8323976256143039,5.011257684301541,5.969731248210372,0.4946216927206881,0.1468475131617951,0.6320102025384243,4.136352572303641,0.4863506220183635,4.930982283603567,0.9523245576604434,0.15433178906185155,-0.2627413090520335,-1.3666263285663105,-6.947514149231846,-1.216782792047281,-1.203804212358396,-1.9440146105228566,-0.011785052764278063,-3.7384641689932763,1.2767139271131385,-5.8910982029341135,1.6073030310019971,-2.0216882700859995,-1.0393059832633786,-0.9747975762152715,-0.33511449730698717,2.1266214753946353,1.4115097791053395,2.795637734469614,-4.633984649885273,-2.239567609995956,4.1146389949550315,-1.6733065524216157,-4.038351397751577,0.007049184246507292,1.0
18.152990293608987,34.93753178716536,4.4551215228353644,-0.27248498272710026,-0.968127738479501,0.08567684506507195,6.296535334540477,-7.285202409049626,-0.4742884135700063,-5.721192778778,-2.8109442967838594,2.3524708583055864,-5.383144115850027,-0.07528863081931172,-4.848687587725976,-3.067664562405845,0.8625277301840687,-2.644371585846396,-3.85015625078887,-1.6915997953697308,-2.1215030309571996,-1.702761509183225,-2.7788450302538985,-6.392226115353517,-0.9184509414592804,-3.475488841558016,5.3542849080817145,-3.36742981780579,-0.29237551401439876,-6.749796926493112,4.1480068199372955,0.8042788547169003,10.534704943628709,-2.3924667252076635,4.687938144494411,-2.285874114353988,0.9107580137758994,0.7380991910405166,-4.761052219672004,-4.945844931139492,-5.565001502044803,-0.851033858503001,-1.579153117545328,3.3366540669265383,-1.488506172906761,-1.5780248459693795,-4.106399401953996,-2.2815841953173157,0.24845941442204497,1.6014886995780726,3.0
18.284846283781135,-5.324403630294013,-18.0742233578564,3.8387203845303906,-9.711002658003505,-5.079388960406355,-5.68044504695807,1.903075479519055,12.743463526542254,-4.900357688208816,-7.865019318372335,6.234962550049697,2.2705510532601636,6.08633018618757,-4.646229785003567,-5.965699771667205,-7.004938582571479,-10.032021635476628,4.84952003820969,2.749689726935276,-7.016338036195075,0.8830495286035348,-0.8422182769206717,-1.6225725258430281,0.6720492766609262,-1.2214380834529248,0.6247262647208862,1.5748796076553393,0.7876100221552078,4.8854441987109976,8.76691535909985,-4.865525472217191,-4.192544422955034,1.03955045976823,1.4448997393182115,2.8747906408937554,3.032817315024212,-4.29696215232019,-1.299628493691304,-0.2362312079914415,6.912757719449904,0.869721578650025,2.8053179533611825,6.1631264967379,2.8335417311926183,0.2606899044800637,3.0223909966650666,1.274176373526123,0.9048165988931072,-1.2818852856875171,5.0
20.17499833355758,13.588332543141993,-8.877638948543636,-0.40227697623039654,14.64741543764414,-21.608052780700884,-8.190491794564464,8.04358879165946,-11.799301663068384,3.596056048835627,-4.808363894001896,10.491175701268187,3.0306562463383746,4.1832001210478245,-0.6132491976919685,-6.435812593978363,1.5825858862033808,9.013739311689685,-0.25060881931990453,-7.261730917007915,-0.11718713142237652,6.4095694573237445,-1.3260252263211056,0.5842243637351282,3.7250271785414553,0.014486923282689211,-4.5505426204372075,2.1033357066956486,2.6264480901557254,-4.639163052697265,-0.08884189182889585,1.9574365195639185,-0.7871485591281715,0.3046296440057919,6.647843418305047,-0.6735055868097994,0.9073706347363756,-4.989481708413056,-2.111464342376349,-4.618203837163672,0.2966476062331285,6.405063491694025,0.07258572627102332,0.13869935951383877,0.43304612584532715,-0.004003970686132087,6.214622884139812,-1.163504930879155,-0.3159566901883255,-3.1779205043528354,2.0
-32.2429641507716,6.18875108597298,-8.368803712915723,-11.907518042553273,2.2673727698529538,26.78818481047133,22.115465301282118,-24.4109101846826,-1.1506199154282337,-1.8527861566329198,-3.753997565704423,2.4662585663801884,-5.342507941789131,7.812371685307498,-9.447709217896113,7.680313176904722,-0.15115440362342494,-6.808700642943688,4.731767432687145,4.86485986245904,-3.902136654799798,3.1883709660694723,1.4377714497404783,-13.922780517551947,-11.673768439104295,7.173539004174602,-9.682222387516283,12.455316584481137,1.935130365232269,9.225033834360978,-2.2663408047101057,2.0889119695320675,-2.5551636382359613,-14.268754462702288,17.10898745341551,0.8960519810730272,-11.16564084829638,-0.5530795609039263,-0.3578890370727299,-13.919544690043622,0.6868555979476153,-9.936892518085887,-0.9570640644769132,-5.640883447493362,-4.835103708794684,9.18338303633856,6.406840791081177,2.190614658368871,-1.283262975046866,-5.432392086957162,5.0
42.16610699093749,10.400512971226906,-31.215859050869497,-17.809508537437377,-24.766895129720172,8.30161364196659,-1.6334703647424929,9.671789008309613,4.202680144516188,5.767513371830503,16.434674861538706,-5.596903764014738,3.984611043441682,5.573450355038063,3.6397913921447898,3.9542061467439606,2.6622584599091432,3.7833228174071816,0.2358307515045579,6.619329199773236,0.4037280538436313,12.12983182005425,-11.57618454227913,0.0691694315742917,-4.961126534967852,-7.19980141746016,3.7728157488770306,4.577531465463287,2.657559842612081,-0.12862668645879505,-1.539502177702437,-10.44750840252448,4.558168452635168,-5.083168663083991,2.031915431791545,-2.7951547813611963,-0.1338173220810854,-6.618097149541565,0.07690214372706078,0.21816992737833898,1.7913865819537884,-0.49647524305890883,-1.1790184235723202,4.050236470349123,-0.25510801918179077,0.35494571016989235,3.4335353264351296,2.893282796947098,-3.634226553925282,0.04017825507447537,5.0
-0.5325075783401126,-11.290031098999453,8.627439949528517,-4.669487203343586,6.094245425577739,-7.968291110988964,9.534509902557316,5.878891755614815,2.4290315760298835,-4.0553214273909965,0.2298181861633696,2.082795787666757,-1.478266855667482,-28.271645197049853,-1.0685775706880636,9.260313096279987,1.1123713608113892,-0.23951108730110357,2.818309287715308,-4.654427365906672,5.68647084213995,2.5039492349572163,3.507399915810112,3.143795078944867,3.157323602124472,0.10935961649329849,-7.743762808400511,7.898067038274905,-4.882963515733675,-2.014578391083017,-7.646771145138182,0.30261770414577915,-0.49563245772204406,2.8806659074821623,-3.8316666411075477,-0.4021526791550566,2.285872254519548,-2.638159760096381,-1.0207330674473174,-4.977086007486085,-0.6307922783767097,-1.9350800750514852,0.24392828612788547,-0.7434443690277599,-2.972310445416448,0.5154447183389615,2.5872087888603463,-0.49585633860190687,-1.2401601335857313,0.6310928639261083,2.0
-14.590080834320903,14.345869617424094,22.309821602039648,-16.87230400385637,0.4491180792452261,-4.50850001829806,8.711588318010728,16.080166118631585,4.20400748211379,7.756227932288438,14.641924675483876,-3.6613628032533527,-15.08161864457109,-2.8214517059136317,-1.1366303586792816,-1.8231803488931406,-3.379319508144208,4.094811536142494,5.238780673608196,-1.5532180122144923,-6.328903905762248,0.4400602079019116,-4.501620936870928,2.0154405964710564,-0.765493281461785,-2.2897225089737483,4.647556412723944,-0.8712205346450166,0.17487526152707072,3.741895147935985,-0.40333979228421074,0.05126125170481799,-3.3325841853103184,-3.0488993848034833,6.167934734420849,-1.2941360587072355,7.8550204020307826,1.6479262411036564,-0.3005320084728378,4.354085255055842,-1.5639784344753418,0.8246254033296624,2.2867545551514836,-2.5849233180634816,-2.3049807896241696,-3.645906889967054,1.2360680547332366,0.10324716211813352,-0.15167398278037522,-2.0589878633444343,1.0
76.68658374663602,-51.15316469491373,-0.46491087808241627,-17.761280556311227,-2.847605807270173,9.815256284321569,47.25916689907451,13.146021292391795,-10.978321033327049,6.477374927036601,1.9288215170987844,-10.866879556652801,-20.479648829940135,-2.9061258734158937,-7.027716993462391,-6.861534575532696,19.59569174078487,-8.353029823508633,25.526351248479145,-4.01602755005521,17.262107170775575,-29.37183629469699,8.42438907210343,-12.234744608603268,14.838720463231517,5.916728033301213,6.77949459270854,0.24465846973675998,-22.316662491856597,-6.936909891800444,3.447632626109413,2.0246698244289245,6.823001341139551,9.275309878725391,-8.926881402245666,2.099435017760537,9.320484484813113,-4.405242417755752,21.95755363021512,-7.542316072034556,14.021427758608082,1.0356308457191141,1.2955907618025773,-19.427775999523206,-3.6899910531112843,0.6813656854232898,-2.393861413712998,1.7801373420463107,2.122914026282128,-0.3114143406393401,2.0
-17.753577737491845,-0.5778593469880444,-17.539427186208083,2.9253085897326616,-16.42962779358826,0.985626579869187,-4.820933890598634,12.279724790049121,3.086320964169532,-4.925835700264643,10.47233199094172,2.839901645742231,-28.33205229821685,6.793420472867736,15.255674864572507,-10.631527742826385,9.265524556336064,9.971816965446001,-3.5378787145349917,-8.515924455113325,2.4069713861834487,-5.74511033210866,-7.880201975332443,-1.019354674996982,0.44969040027751994,4.802376945573983,-2.460300058375473,-11.254499009888605,-3.483307083907659,4.167248386789707,-1.3397265837047445,13.96420715949826,-12.56467568081548,5.875744819945305,1.6270093725499748,5.555944713957634,-6.400182734037406,-9.61955903534598,6.512507300884539,0.26242105940324456,-1.3729541010491133,-7.595366494272713,-2.389202315999116,-5.785361894709309,-1.1595720079373268,1.5698058787720197,-6.093191101477887,-3.3943186996952015,4.17527759747327,6.920608871081094,3.0
25.598249872957837,-3.5879331438133826,4.254593045561926,-5.511211511303869,-19.839133876942938,-2.0914067275727475,-9.625296706181308,7.512720113719887,-0.21832000013267858,-17.26434013303743,-1.3703367282654615,-5.131268763683996,9.594945214801132,3.055658632117735,-10.113746629973237,0.24576820249699097,3.331694153217636,3.2871154071804387,1.4271441763372046,-0.839926255490997,-1.9320496772973408,-1.2259429040752698,-0.8224930920595248,1.4547838625611094,-8.481675762525748,-0.9088720419509179,2.505098348228019,3.061594876603381,0.4726673104270156,-2.625827399893481,0.9916518481227655,-3.167351546356646,-1.8817771091000837,0.07040405324265803,0.15865337929988574,-0.7793358292840507,-0.4316814658021734,2.5251193124670697,6.086242701677724,4.530908194841289,-0.5338604290855106,1.3364394962745871,1.6172786864129125,0.7931045572065698,3.5242366813412094,2.993921198849912,0.3259392796173392,0.5329701593078409,-1.9995567274940216,1.5438003645373046,5.0
-0.8851821324909287,13.821963330154107,23.083720561235854,-5.9794347103960375,-6.027280161341594,-4.025333317748935,5.64037743029233,12.495165084802666,4.638335905381325,7.915439066750068,3.862845308206257,-3.6425607273663303,-11.983086977267336,-5.756591006749323,-1.1090707337787855,-6.031040610760606,-0.014304535208593537,0.6228908010018605,-5.39467348363731,-1.9537869188848709,-2.470751854638831,5.184647853547167,-7.629919944903121,4.19358488979453,4.674750597750863,-0.0356067497580016,-3.985702215454036,-0.29257216074642833,-2.341423626921366,6.632735926610493,8.398893929871248,-3.940254695590904,6.680152090042693,-0.8033628209611898,5.6609248979530635,-6.2543233537572736,6.6275560721907665,-1.5991351342692044,-2.798335144246962,-1.4929407394163923,-2.4642103845721186,-0.6888513554831235,-0.5148828304273605,0.7852668518521574,-0.7772215960317953,-4.189529155939598,-1.152452347408009,-2.3544276222270883,4.939990365691018,0.22611162331539636,3.0
8.338011756046456,42.85724699977514,-9.893704186314103,10.369521171344038,-17.205686410718265,16.37610533048902,3.348777385816272,-4.21853077476314,-0.30951098642460073,1.0706970099856508,8.72620167485766,5.728191527780023,0.6603825776336802,2.328892105029341,-5.346874245541286,-8.616991877811214,-0.642725596970617,1.13717200881197,-1.5130101723608123,3.7769280382724832,-2.3176526102268213,0.18940873522555962,1.140253866118991,-1.3281135909349806,-0.37378865937292277,-15.023079804524839,-6.854526101760487,7.626050306687876,-1.078726955149371,-7.271193178994928,4.208961418850344,0.41230932657346064,9.948964217863779,-2.9059381738091288,6.258326364457188,-1.6540570392821543,2.9358779510061357,-5.91673019270857,1.8576182003616835,-0.7058428543383768,-1.116771521818571,0.8249024872046412,6.8050288135177075,2.120941367225147,5.574317657606501,3.18782631671212,-3.8527791062136854,0.27823196908783626,-5.323196495219345,-0.3045824244629103,5.0
-13.599085669927707,25.133790365232347,1.4296281851336063,-13.978900175344178,-9.499064944402383,13.346593463232098,7.289307588938653,21.18383375662681,-7.254723475925983,-9.484985189758662,-7.75342436494251,20.098782015406243,-0.22524072291370675,3.6844263907894144,-1.5730177236711507,-13.16527805194932,-6.015752180692611,-7.379931290501945,1.6414749136613749,10.956886280254473,-3.732667486497447,5.997232698050373,3.8837521479321118,11.803143531853333,5.322464209494231,7.14594245170112,-2.0034504901672254,0.9325937438671863,-3.5481282625321717,-8.640854555897404,-3.3129603214542724,-1.4105148934410883,0.36769975817519085,0.5756174430478814,0.5102737075373659,-0.3938704073453382,1.1437024969823306,2.2029938812192387,-2.666943769885654,-10.254732043642884,-0.49275786637557956,-4.816980698607482,-4.0489118709478165,-1.2405020666545745,-1.0173685682924485,-7.182764609080612,3.21539867098182,4.6393713272568995,5.2406540799653225,2.5180763288247032,5.0
2.967490501762509,22.29590522185485,3.703072850843994,19.923558734174996,7.200228495807621,-2.5524552663913984,16.044611642110514,-1.7499099654885608,-5.483877129864771,-3.9076201110267537,-4.335406584930788,4.693267549594171,-12.60158144538437,3.769710484536534,-3.1925009185730717,3.1618939123174203,-4.823807786274085,1.1499024013098604,-1.1252288328881472,-4.524045019991305,1.2280886672216387,-2.622707550207817,4.6506599606117,3.897783078829704,-1.9865595032358574,-3.4274726901918724,-3.5171816737021704,-1.8582218534740949,3.5147624191738784,-3.664742240519288,6.824981667317929,-4.014665566761045,1.6254768107031112,-1.512772091436444,-3.0379798546700276,1.9107267540603103,-4.853772517140357,-2.22804734639215,-3.092979509840767,-2.5279814398292793,0.9259079950140597,-0.844992768743829,-1.408535056702006,1.1097110982852274,2.026513438499286,-1.8739608369314265,3.1776001184911014,2.5036676608411543,0.8060769898039545,-0.6903135746919762,1.0
-59.345525492972435,13.669577628839123,-25.769321015416,15.125381377197666,23.251871696905482,-6.136281563535994,10.677937632721939,-4.240666826487141,6.315170306905359,-4.585583477519059,0.6520918271832442,-6.103797208487478,22.883989055950412,0.19045589754824058,1.6076437669175496,-13.029409329061073,-9.938514608923287,-4.20582708117498,3.806642972591931,2.705371472001739,-5.336326108631676,2.5924902987944924,-3.85104059960041,-0.7370497398593502,1.7973650439293958,-0.8213426385463266,-5.9412681203286315,-2.809619525960508,-10.212653585160417,-5.481903245291478,4.275629265437434,-6.417655270070245,-4.808636142655211,2.158865805406519,-5.074656979772409,-7.812971363044599,-2.2984797983174614,0.5343451527982882,7.487680319927216,4.5480537511193955,-3.879403321228336,0.1431941990955714,-1.9344185691894247,4.882849071578189,-0.48879970886109786,3.0466089982340523,-1.0829142800720406,-1.293601513011594,-4.851322565686388,1.9179009871533104,3.0
-5.785047328593022,1.644204638861647,12.052438305585436,2.823711204717009,-7.543395144083798,2.0280853066414517,-5.17178541331395,3.4883220291858974,4.557638365568565,-14.155654503153233,-3.8693041393069127,3.6687005643634594,2.2285482698089005,9.844903963779396,-4.382618182429176,7.7977647865728335,0.7755788395776732,-1.8513489875182514,-0.8295305402382498,-5.0475279506082655,-4.796943837896492,-0.9272642092371045,3.6533039686775077,-1.6139202152088319,-0.8183147627757115,1.3876270029705666,-7.604916108460403,-9.363831009357497,-2.630076072273264,3.2490870680130213,3.154092267190129,-0.7845100558259563,0.7852288331010432,2.362490989404524,-0.9364574691380209,-3.705148135889172,2.8956841766734533,4.049657843573338,-3.427466839039378,0.7869764944529589,1.1019433766970543,-0.8560161825497893,-0.9080673453348518,0.09844969966621572,-0.8749622514959382,-0.7103409064015076,-3.6433687380973434,-0.5702239524373218,-2.2423366404409832,3.9312100262684506,2.0
-4.743339754968548,-33.08183903364782,-13.996009505375607,3.8036002189331244,-6.102104382165947,-9.034169623022667,-26.007431234164414,-4.11829115291017,-5.902225347058169,-1.6342829550496696,9.629997934842342,-1.677994561939621,-20.70676916637752,14.22568700153271,8.052917918786894,-8.866427387808104,5.2235474275889535,0.674494226928348,-4.469541986920477,-2.1157532298355526,3.0461423469316267,-2.9206171820868065,-1.487499421868455,0.47286385363244016,2.9162800235623094,2.4193931070819805,5.103327438838004,-4.264064020602558,6.463806004544899,-2.064586654632845,3.3901657398820424,1.2020506449061295,2.1222874212316554,-2.241814847376569,1.1079036011325196,1.976643779704124,-0.2986889048160776,-1.206584619429315,-6.336980318100298,1.6025456041106718,-5.432498414339064,-0.05829260916510384,1.421764520528214,-3.1575452883042012,-0.8641103652135586,2.062631999110712,1.950627745148466,1.6913034881800981,0.7006409652891277,-2.9037550616665686,5.0
27.897293749727233,10.669057043955908,10.664295860193581,11.710800429499301,-3.364432949650508,-2.572784630142937,11.867070639996404,3.4995532638320896,-2.962210033023063,-6.8840504481867,2.6167707279627455,4.36526171785851,-4.340945304302947,-1.5307060302281827,-0.18691361629613557,-5.381219343148203,5.932038685336901,-6.038735325743272,-0.9855624225155886,-1.7218001373082807,-4.6448873312567365,-2.2865092894795973,-4.161349874676186,5.177888244789681,-1.9259787324178554,2.8930430865041337,0.31509244444401,-0.3679425783872083,-2.4792429363872444,0.289370339227043,-0.6789096502234592,0.04858676879820933,-4.364891217534132,-2.3849480762104838,2.433506551106585,-6.872074607724411,2.209410501283571,0.48667154354309633,0.19767070713457766,1.4601728362786317,0.7626960397827607,0.44423655885442814,-1.6988488494965042,0.34218614338751174,2.9662918370562896,0.2847214610582037,0.8478608409121535,-2.362601221509659,2.1257748833278436,-0.819942867566177,2.0
69.29513052190956,10.827983313138516,-0.216652524183333,-3.904739785093018,4.835838958231371,-6.2663876240845555,-4.680862309263837,-10.749667751958023,-3.6325226139902846,8.96869381565045,-0.01574248798270123,-3.317141934629602,11.07333827779991,-0.12409112418836048,6.672034407761387,-5.545942572427118,4.694749219793259,-1.1265319158515807,-0.7533551183139209,-6.055746004473656,2.7084246945966974,3.845065346292722,3.6174914439537726,-1.5425760877502208,9.500196385483472,-1.275464141284168,-3.1984413645299967,3.8976148714092487,-2.833973749374256,0.30884456521130477,-3.193193345598698,1.0188643435211862,-0.4164587869889281,-0.22397920981017533,2.8354552803760664,4.957919223975994,-4.1910587195308375,4.542918068205309,-1.7326594361455843,-2.338458996059812,-4.376726704776088,-1.5919257668111884,-0.7794299465540506,1.7184479392633452,6.215935375694017,5.001914914020562,-5.245031341524873,1.5933255664215893,-0.502515714450591,0.2128594881556543,0.0
56.82365075053452,-12.341882526352213,12.116389694496887,2.9528042320229866,6.014835199742198,-7.002199702324729,-0.7682707975406962,-6.255570246787081,4.5587622603372955,6.228148914756958,-2.156643475466642,0.04388478096753292,10.938837878576619,-2.3159727737745386,2.5716524787795993,-5.884922242627554,4.707715891264235,-0.08493267290791935,-0.6716173505917328,-5.524646426200486,6.41915022320423,3.165183088804604,6.091594229695011,-1.5841637916067604,4.102644946898179,2.5814161467574617,-1.0044695341309118,3.4999625110156782,-0.8742284334363154,1.2330794071652031,1.1191545831005538,-1.3501730736887305,-2.0517725307965113,3.148588927920396,-0.13379040750983898,4.575172953766053,0.2661736988205204,0.5176777949640626,-4.016622207723876,-3.6781300838912627,-0.011736917841687903,-1.1509174690763966,-1.981251477608981,2.152503403802716,4.631582823276143,-1.2377809177009207,0.6435764054265841,-1.103970670041752,1.2180992298273312,0.24879122266261858,0.0
23.732214819785398,-0.719056382701622,7.323418161819589,30.917023085908767,-14.625098728068963,8.825745305716715,-1.6909136223069106,8.526804327437688,-2.1482963657687346,-3.964671299678917,9.73355671602901,0.415032453987678,11.409401951312002,5.543883122934796,-6.94409670421199,-0.6156705944859715,2.3180925684019233,4.010962808554652,-0.5472268854747733,-2.015169931986645,0.45058514799470767,-0.17007522426694613,-0.7719533372809546,5.212913807660703,-6.426216058671145,2.776738305031683,-2.593381810121747,5.889204984500331,-5.220553489833481,2.9077294307725547,-0.08290515986486477,-3.398338224542013,-6.7337127649045945,-5.896272697647216,-0.6206554370491877,2.8331888234405,-1.3108679066535456,-0.8573997450664282,-1.818661648527009,5.8041322019563415,-0.1880624113175727,-1.5386870179749061,-0.008398122652002207,-2.658056444651605,-0.18163754324382475,-2.1644569869189865,0.14970297615679945,-2.8186470588700026,-0.7828621257308949,-2.530224923778559,0.0
-51.46304568898493,8.294395739309422,22.069511688884532,-17.462874215188318,11.87259732218492,6.47681757618094,-6.15090825613378,-3.6466954150414663,3.0840672504931104,11.422592657122186,9.200277343060016,5.835848958567201,3.4169950642708478,10.42032355447093,-10.358936031603767,5.5412502477147365,5.16829040791471,0.5823077194233879,-5.855600283449741,-2.474026451025866,-12.14475276977262,3.8913994073961042,15.561379973729276,-3.3274047812208427,15.050627108361159,-1.848217723106701,-8.742381374200908,-12.911040086238456,-5.008599255091885,-4.931341799657695,9.24461919082849,5.212481891187659,-4.4047846233148995,-6.468787217383523,-11.833251159963973,-0.9340835915975356,2.271801878848651,-9.404663722148884,-5.802328604271164,2.887057530339443,-6.242656998138187,0.648782453308849,-1.9592664961052655,8.279664261064372,-5.925489473467349,3.8510902659662083,1.4032921567034293,2.211670449559126,5.734892050450883,-6.8571689557973405,5.0
-2.962105537177139,11.280184626640994,-9.166514483662324,9.887654342173942,-2.679312166000167,-8.628733930066035,4.121088742321762,0.7524182035544245,-2.4965200396706657,-7.342857270358026,-5.778262590969978,-1.8807286635873912,-4.114998732460511,2.7376380857347122,-0.04670774457247164,4.296406918515285,-7.49551641787754,-2.3801870037005077,-0.2554684471733097,-5.251834969411776,-1.2918633336046021,5.804575802187986,2.494399093307676,-0.6252224439783607,0.17857491843374604,2.9450574908125495,1.395424398573725,-1.0761694509518906,1.0352608821337324,-2.3535317699480585,4.532288322392338,-0.5768745318601745,3.323057757422168,0.534893886920364,3.165404448693213,1.6237513872914833,-1.1966870155988183,0.7377836580399179,1.8119988809579388,-4.739741273073551,3.422513594754207,-1.6514677822145172,-0.598902278890505,-2.628673913853832,-0.8476310935874264,-2.8507942793936403,-0.22130203071904986,-0.1341717254986627,-2.6322775873168056,-3.6251612195185006,3.0
19.70128881995458,-25.818624197954648,13.742188262076239,-9.515165047111669,-13.776329297256387,0.2014075237014864,-9.596068491622201,-3.4830197241237286,23.789223240512406,-7.442041670443581,-16.542971660747426,-1.718350658734619,10.04065536889083,5.016275813830069,4.733731951422575,10.414487175205243,12.44319691377383,2.7949243513579956,5.815173778457841,-2.4296076704783105,5.250248310273089,-1.7835840786552057,-2.3994991995027437,-4.901173088603909,-5.27441803198241,7.816590128004876,-5.88391026736351,-10.057613427480076,-3.3765763005241807,-3.2657051801101953,-2.2512187557960943,-7.900900116681967,-3.0595158143599885,-3.531963480886514,0.11330787983260608,-6.3278390383429315,-2.057781565795513,-0.7101999783026727,-4.096003110738614,1.04158615030579,5.638213549194901,-0.9204913827999015,0.07769427747304497,4.980635764997539,5.47028787085719,-4.330926698555384,0.7689944990012414,-2.805469899117266,-1.5018838700029815,-1.5480354200303696,2.0
8.158033660446907,-2.8087434502760127,27.96610311264115,-3.1101841783605866,0.07069999894876816,-6.111350369131862,12.837223140359434,5.838578611698836,5.621222630108958,2.3543305669835934,-5.124544139925605,-1.9015988850073802,-6.504265383612357,-9.480684846773691,3.2937021011604166,-11.350403050932584,7.646721166609622,-5.781488304380866,-3.361278765229387,2.456886177375155,-6.42884823176519,4.700847297811201,-4.267486296471616,-2.4809697716730015,4.872060501651832,0.7765110648470505,-0.537879728607232,1.7656168975503745,3.5689245297043124,-0.39771681624675714,-2.872090171683922,2.9490313586855468,-2.2857914819866942,1.2499621486823869,2.71798359069335,-6.96508441408977,0.6241760297989578,4.124463941886283,-0.31728694940337154,0.41602672299835325,2.5995449580037797,4.407762627337531,-1.3720770856701703,-0.7812883263493428,-1.6867711307755802,1.4602022880474799,4.337427356614757,1.4207266811612151,-1.0389990127993933,0.5608711229983595,2.0
14.507900041775976,-11.611303688711304,20.42796345539529,-25.080179550737167,6.660632218301983,-5.362419871281239,1.5315302810766116,-11.742895514063473,-2.949955378715287,-10.56615415400545,-7.642567886009661,3.1662472002478133,-9.5082528486755,-7.638238701750278,-1.0580629303491964,-2.2231497581404445,-2.3615408806488274,-8.068682261157262,10.77474280059652,2.614415649318566,-5.934465159222448,-3.9277516140276822,-6.49736015116129,-5.636572138122885,2.7433306932116333,-4.202285050956653,-0.5736729021650625,4.881959897223451,-1.1537070515924996,1.5081874464902472,1.1886487258937948,3.4047116568747695,-4.477984381412523,-2.7316709622700794,-0.7795377605379945,-1.3955942187177384,0.3660315129145943,0.13523754662633486,0.8348149164943295,9.275350005059467,-0.18183994905596348,-4.074880526298574,7.409595175966769,-0.313528350904628,1.8177032016734527,-1.5907716254196778,3.8725672462578253,-0.45432794108081404,-6.668262181449266,-5.742103884497228,5.0
-9.175803241887099,12.1762653350097,15.704358009479519,-14.741017941203397,1.257427860070835,1.7206218417566335,20.12408367073768,7.811806815729143,8.063664432005742,-5.022071357019175,10.438162316583016,-6.039166581192957,0.7365617458333872,9.218571805490331,4.209389540830756,4.6503730633936105,-12.266370072919965,8.227489613992029,-0.17450296225412198,1.5954817038741491,-2.614213548352407,-10.055607336874356,-4.59822081244242,9.200020363930046,-5.440927855324409,1.084013833827,-1.592665506406858,5.370806009505153,5.387841142735703,-2.264819012091227,0.5397877194185506,4.594793024795963,5.446725165116904,-1.2267094091232953,-6.832446080803111,-0.4157657499778737,2.1151616795817043,-0.8801869140608308,-4.149799223578699,2.0412905375118204,0.29134792504770546,1.0324498047091595,-0.2652800636562292,0.9109741122008441,0.7194437133609684,-4.1235641309119995,6.722846346736912,-1.683143683134199,3.733205988157895,5.08138531015135,3.0
-25.92564474887982,-2.4639412891257972,0.43365015417920844,15.143846960553445,-1.203770859400889,-7.337040039076679,3.9923237292812987,9.646511330034617,9.56179836976172,7.936537859961679,-1.9392456261372562,-4.421769082453724,1.1677882749694901,-7.183575015490257,2.3160060344484714,5.686856343411684,5.0530690620875465,-3.889029424867068,-5.847230480446623,-4.064374237274529,-2.8437643933431307,3.0176171181059703,-2.380293216642596,5.7005296306501805,1.1844580691989246,-4.47424251696458,-4.828921032190997,2.885440966638175,-1.6241948697789625,-4.891220721108085,-1.316627918451283,-2.487316925592403,0.8895869977594424,-3.417630363873901,-0.45737513215336995,3.5550383706973125,1.8870771269287785,-0.7889651463177509,0.48001560004446214,-1.3148252243677296,5.3869358910514675,-0.26981678867138,1.8210357090762896,-3.197857465857629,-1.6995608343986048,1.6848421062253038,0.4906552227709975,-4.531870198246653,2.120677072066272,4.95133794151024,2.0
-28.61286669444268,-36.67308096454475,10.483415084390272,-17.709400148716085,-1.4877892592109927,14.54661909670422,-7.768648632868925,32.52930762789583,-19.013563369922725,-0.1754945547464295,4.540038995617555,23.33507245935673,11.757836923592237,0.08298345996885911,-2.0588911005477066,-18.844608259963874,-11.184070897199378,-13.836416058731672,11.144739188002669,12.337334478767975,6.984187665206898,1.986777437193294,9.678006195403482,7.738063610024113,-1.8852119906885891,-1.317111995439607,2.028341103321924,7.11364775712667,-6.910565010232236,-0.8402605313341628,-15.290676452653768,5.054818660524166,-3.031737748025332,5.011785401824824,0.05829462593256289,-1.6843854782748815,0.09316963169652091,7.08090285765976,-6.050418996802848,-14.194746241107023,2.500254182664979,-11.58573218425629,4.951981461595585,8.291164657510297,-3.084705648624174,-5.76897406167632,-1.7138822764685502,-1.3175968223228502,5.810095692106798,2.1957500879036536,3.0
1.754519810456448,-14.95656389856825,20.564239206390315,23.744757896847602,13.039199228078962,-13.743932730363003,-6.066558074414381,-1.0651403680667644,-8.227362244614465,-9.624417180714586,-1.056641912050809,-0.3047698650630194,-0.08635654774451579,7.229880508791338,-4.783655757614797,-1.59282828976872,-4.419686293921044,-7.03995541039939,-3.79884718925165,4.259717625079324,1.0349222869780468,-0.04663885142245683,-0.8989964770693286,-6.39341415757688,-5.401690849407563,-1.0098001999566026,4.773523773701422,-2.7566077261668713,3.4991445246485515,-1.3909822821879008,-0.12899622213132161,0.6870564764130418,2.435437026102283,1.8186647053519778,-2.0640410116189702,4.2008798785864006,2.266425187798104,1.1451247341819002,4.172613964158864,2.6335243072383423,-0.1396093932545407,-1.396728268285897,0.5466785451526701,2.112973904903347,1.5853697717728323,-1.0162302724357892,-0.22385113185155084,0.40013384412907416,-1.1287146444040503,-0.2778823349052666,2.0
47.931437756356196,-2.7606949601866977,18.571960221127828,10.284203782505548,4.62239293859289,-5.783911953000353,-2.036926296177528,-10.261127097208755,-7.240740876454015,1.667596715753635,-0.9440387868330814,-3.5822195948867184,2.7108022043563182,2.2803278308114363,-0.30354364125188305,-5.277523406045298,-4.149402965360367,-14.244121842466342,-3.2714297037230375,-3.507363249407092,0.1182013694455022,2.216879928022031,6.068327864138223,-5.226910816918928,2.7962052944324913,3.5277760869690757,2.451920942030588,-3.281144295519978,-0.1744588146772415,-0.17271939127964364,-1.8863287262706194,-0.9519837020890827,-4.671326235086986,4.920512887864078,-1.2597625196292246,2.1052199315558324,-3.77242099593035,3.6595616468783607,5.7438193525615695,-1.674905846287869,-2.0516620851107006,-1.7789587987910742,-2.439754601074302,-0.5700971485248489,4.163573400477703,-3.80584997549402,-1.079225667386935,-1.1465546922595238,-2.2152889673846943,-0.627208943403029,0.0
22.333667715127415,-40.73862820548329,-3.111118041318158,2.6939631182849193,-3.2219843011867533,-5.265985213814286,0.8526732434604014,0.008680736625448954,-14.338203398590084,7.754033514808221,-5.447653611805753,4.340437693980568,-5.767702448385646,-0.5225081463516549,-1.429213494978861,9.850035044818641,-2.4423320109728217,-5.090101088415267,5.011531620198125,5.026172611054164,-1.9003999836275667,-7.4286688031666905,1.379119620034183,2.076119570589068,2.156325786193923,1.1829517196520827,0.0785734469164761,2.234370729776261,2.926723943753966,2.2032370749181394,5.254891871475484,-2.922659138660639,0.22841589076251462,1.4774971607072074,0.9649510155768164,-0.4660717406006296,6.264734997382854,-4.819653445578602,0.13322181133058855,2.628613469862828,0.6707190762368216,1.7906831987189853,-0.7063864992574619,2.231145988858464,0.3829481692448351,-2.7376169770705245,1.8075743144137009,0.003061105911779738,2.324778378611576,2.940593006336517,4.0
4.746592258001868,-13.932961613660238,5.062528297805042,12.487133651728517,-8.470469587424946,-6.841568482893713,-3.799008059811231,17.7718275053609,2.867217677103136,-1.1151924649428757,-2.9437774520746998,-2.4050887459401205,4.55658360695739,-7.3269228375340445,-9.925898474012127,4.698317678201253,-3.640293969568871,0.6446708955459985,-2.6118026494104005,-3.6407306266232395,1.9899494334499996,-2.788459346820543,2.690894174843294,1.07724977068817,-4.260828299570048,6.91716375715967,6.100750815079172,-1.5400972758420581,-0.0531721417901315,-1.695075734047408,0.2390128326802439,-3.675127790752468,-8.765267923201591,0.7104765890002027,4.436268378179189,1.7187253880830453,-1.7409024180134254,6.2111121944335785,0.5438201804890109,0.39059180000707777,-2.776280672020199,-1.5001081215416723,-0.5006720129405043,-3.6784731548678367,0.21938172188587604,1.1995179889926504,1.1761962640153105,2.191660204580417,2.0011718385438484,4.214410503110844,2.0
-14.84981162113434,-23.590871323309287,-3.789714506713729,5.719142213216512,24.049288242845993,-20.521103962686862,13.917166396353002,7.830164929653904,-3.4034868955319957,-0.6523682211650601,-3.883388443166825,-2.3725769894823134,1.5899701865059281,-4.4139228443560485,7.095503901844848,-4.637413401002227,0.9556745043757874,2.6012527657776543,-1.0539475585010716,-6.8205223808342526,3.4736335166222387,9.346832388336926,9.200455124654022,-1.1449410386958878,-1.2468297972037703,4.470512272178826,-1.187094459709231,2.6630340884504062,2.7168438212274073,2.299537335485956,6.248505427205823,-0.5448105501555883,1.4010812161213633,5.346099630845228,0.9834702108194223,-0.6542866490570608,-1.8163932527367233,-1.6516229206314643,1.771757815026778,4.204600263534989,1.1934037448925252,5.305277111058538,0.5981176409467058,-0.5029800783075768,-4.531908140591617,1.7900479767258335,5.389783356667036,1.4854815874077192,-1.8562089643061614,-1.8843641385274899,2.0
4.793463516096514,-36.928735068656984,-8.84885517647642,7.047409191765962,0.7187767426949666,-7.664717329077358,2.550339020140612,10.419921452912039,-2.749521553641158,11.635527579908015,0.5362965604653864,-3.6576996906699253,9.251863042076735,1.1740320457144169,-6.455032108483639,0.5201798867084917,10.156319626866846,-1.7124794586843413,-0.8823967539847976,3.819205996684395,-6.016086506824328,-5.220638356321719,-2.5630265082393335,2.908984537812379,0.6933736810288521,-4.851070449167422,2.0877378721920854,3.321779144389002,-0.21508475424922202,-1.766813224896082,-2.3621914972689577,-0.9864355849833735,3.577545247167298,-1.5194557136948863,0.5950165244403856,0.5244270006243424,0.3406433617924669,-1.2420702556871113,-1.0725219990892503,-2.6299641959480353,0.5117501993562484,-0.9018837494476608,1.217241284677642,1.3358198099139817,-0.8252705748491194,0.9146517475904284,0.7331196569786538,-0.33916360393144834,-0.3053540131854617,1.0626029047290375,3.0
11.814419914964661,-21.17123963629293,9.267121254286698,-11.512439331727004,-14.315026181734375,-6.210262420218051,-13.145725935388812,20.208615872291134,-10.022920601780825,1.0072296195798327,-0.10593313935483768,-5.806347461677193,2.149270601041952,-10.91010443109749,-7.70280706070922,1.2765249409193875,-3.048223217836846,0.7174019194226806,2.084329236406595,-2.984456831643263,-4.956270611813444,0.23773396225739768,-2.743879266659632,-3.1758499320116322,-5.072798770668575,-1.934417829998596,1.7484539688596517,-6.476786688173204,-9.083438815229048,6.807902781158682,-5.05443171891096,1.7958159601766766,1.1539032571413976,1.2389872991921091,4.934959917577781,-1.770643954400978,5.09507462163365,-0.20594045924047114,-6.474168873482022,0.831818789323843,-0.9544472188095294,1.7316244450866807,-0.7943574554993585,-0.9817643666223809,3.415368105434873,0.09407316538058257,-4.404915494837924,-2.9416366131976774,1.2885677158914606,2.040501439402185,3.0
-5.425518114101768,21.711820267331213,2.218371298087231,-22.65640010685146,-7.848795074184347,3.7637250795291375,-11.654892157338981,2.7039315011330016,15.452216742514636,6.697561119502169,0.8805185840295869,14.329805252998579,1.2489437759509545,13.704460276223807,5.405703860295322,11.756603166105402,8.703626916145078,-2.7252484846502925,-10.031657609522094,-0.36451160996252213,-3.376709208206452,2.7894672671458394,5.565572987217726,-9.326562804229933,-0.6530135340516974,1.5740968258572101,-6.744725132350093,0.7327155224200895,-3.200584115836394,-0.3988427191944018,0.2690385268565285,-8.484984823765767,4.812374678957518,2.7348281564295833,1.883156809306953,-10.589924650047648,4.068705794343597,3.5625789118090436,2.0667565538966417,-0.44372298589918435,2.9986016331950798,1.84431245590685,-5.5682332017079466,0.25200666834234003,-2.9318648473989977,6.487520255161041,-8.834075653417573,2.1882473774011237,0.9592307561957343,-0.5814964046823851,5.0
9.292931184820665,9.089082469944499,14.393690972232534,-1.9257897285374237,-12.285483263544183,-1.682543945110977,-8.504786936493433,0.8833852015150296,10.923950232179168,-3.9924794722747365,-12.246382885679425,2.6818488123554975,6.903926566116567,1.6887453908908734,-3.0627380545942993,2.2285453221161324,3.5947854849192304,3.9528664029751703,-4.920430508135353,3.6627500072512373,-4.395994021341532,0.6453156941486045,-1.9402465166417096,0.43596997731465387,0.6851558976275567,-4.19016905701632,2.238170463332634,-2.509087697130078,-0.8737063714590759,-1.6230337699248976,-0.5496863428590564,-0.48349388047718056,2.18898370391342,-0.39777350745122536,0.3138833309431263,-2.1949638145880646,-1.9517051695744867,-1.84922877015615,1.537583917402409,-2.551036635542847,0.8527689775243708,-0.1698554863321546,-2.1043940387180156,0.765346224354124,-1.671379721368586,-2.5762990372925,-5.016148440516829,-0.9516001164463769,-2.5240201672941303,2.0035726891532195,4.0
-33.93921386943789,7.971652263678565,-12.25861044973491,-2.718688434109667,18.89771692277349,-15.877362236780069,-3.37147912487625,-20.708867684438186,-4.088015084562999,29.96365309580569,-20.930792250021277,-8.918191741937179,-17.43120544196757,19.64628168239817,-27.757593891578075,-2.5169231149778573,-7.179344501276923,0.05572926528027454,17.55459504063555,11.434994900170414,-0.4165817400825737,4.68887823474592,7.47511661077555,6.456309858111614,-8.892625211084448,4.51184542170195,-7.762325257327279,1.4781690111259764,-4.560779479446216,0.6866900041060481,-4.967783248094395,-3.2531851904401052,2.8738435493834382,8.91551770201872,2.3225235966220423,6.263296040232785,1.4785804146606576,0.8739014603789069,-4.393142125827512,4.406054594084603,6.946173066088992,-4.555583950986859,1.4513358765908344,6.892799800538843,5.838391585922513,0.2278171229235577,-2.8568471355116705,-3.9260991553881723,3.313974314130021,-0.47120507042169596,3.0
0.9276246735735608,-31.60321597013462,2.4138629336149995,-0.795800059732422,2.9411689169682504,-7.939559266037448,3.2104193903812654,11.907743444756704,-0.7574971703985853,-10.669601596637214,14.051510880783393,5.451879953975543,-0.18196358446435396,-10.11652559254618,-11.61012409311746,6.434124025312661,-0.7490533323566175,0.25229002350832497,1.9446049049195917,5.360046026590716,-8.085216667149231,-2.1107819016085214,2.8135272249598824,-4.5373816627237575,9.614839735052685,-4.142519803745766,-1.8344240430890837,8.680459299352226,0.07264523424069565,4.143764417027251,-12.528487077853804,-0.612536812504467,3.5921741896361565,3.4911742406217403,-1.2287505572553996,7.035784813986879,-6.690669925045333,1.7887857454277922,1.2632065875640082,4.6865402836717305,-2.591520616122899,-1.266882669631151,-2.699394765153527,1.4588747541061207,-9.693783668269758,-0.6637081841661638,-2.3675411748010546,-1.4849422083453852,-6.21175208732696,-0.9981155769272749,2.0
-19.90974426857106,7.214208450257435,-11.779527533371326,4.64624751480456,16.598897550276167,-22.453292060014757,-21.256011450965023,8.047802731309202,-1.6341466712035169,-5.6658317388776815,-9.849475321069269,2.865177292800628,0.1010881569351238,8.705418568672165,-2.5063080889432277,-1.2867008174125685,-11.681582612173177,6.636445517060254,4.024890888081539,-2.760454848163914,-0.8940283458169649,-0.0862895711957668,-0.7558763410137979,-11.436564510204423,-1.839439908637309,-9.220332678720407,1.7958268846444414,7.355383227724355,-8.216575914571555,3.037116989767603,-1.8635586362691166,-1.7313698819515344,-1.3055256713326333,-2.9491934469321914,-2.885118033532827,3.260095951858481,4.101893690545648,0.38727227197632763,11.366224201990434,1.2055686217357098,1.8508649741585652,-0.5256454301376375,0.0017313047616209973,2.6720720874449597,1.5922487518276305,0.45584805400707423,-1.5071364579582447,9.269647714727778,4.606935991307267,2.8936213768409997,3.0
-9.724974197046002,-12.814150730344444,-2.14095986686274,16.22060812826581,0.9836788739081872,-0.6630659589219602,4.174153449776006,9.148008574593277,-11.265718000364618,-1.0997374417092898,1.9699137479904523,9.745669019383884,-1.2155373764033592,2.0196472544638,1.0232101082451321,-5.773328945739386,-6.919209083728326,-2.1130780470321024,6.977438626012407,7.026658358679185,-0.2836094233407439,3.976395526293713,0.49835422074117186,1.605070295883845,1.7713252300009472,1.7303202424668844,0.7115204244748861,-5.985883303175218,5.617602742143759,-2.514365908414903,1.332756521076725,-2.3025388924834185,10.880813866587431,-2.5202234105780366,-4.8752162436753474,-1.3680993525404803,-4.128623504193693,3.210465379721182,4.604709980916509,-0.30272944307782634,-1.9375866836564188,-0.4489946424155125,6.682953688366207,-5.364836246757637,5.625241033232569,2.1913883213743066,-1.9543600978383864,-2.734223544004604,3.986473723371695,1.1324222465471727,4.0
-29.445749582383026,-25.211511456821036,-2.1346712019591045,0.13185913678780845,-13.824156320133577,10.387359610302893,-19.795237184116672,-8.73316940256584,8.62835306337564,-1.7758977269034244,14.992165458384674,10.215700643357634,-9.102038958889782,-17.240302982815738,-7.695141648488364,-3.5955690839725207,-6.609911206258824,-1.6137443038587584,-7.778633897837832,-3.7008101933643855,9.345477491807348,2.4730836499207256,5.639197329607519,-2.4322937629351116,10.006229117845436,4.598103709975009,0.84024162260023,1.3886835480280286,0.9052925263333844,-1.6624720684793586,7.7634441461225165,0.15785100347545614,9.826610881839423,-1.7820497790769183,4.67766329735011,4.8717455594949435,8.997709006338031,-11.662992076576815,-1.465509312597341,-3.9043114075759004,-2.7238688485078413,5.720747050687478,7.0135251576666215,6.242976787730404,-1.6865670692356884,3.177661619405068,-2.960929685457111,-7.766825250157774,-1.2102670401974243,-4.262431778371788,3.0
-12.87335451643576,-32.69649222233719,-0.5422827173801839,6.863750418214201,0.663905529182545,-2.7905899903978657,0.6033122013328464,22.79285659576116,-14.007113288265744,9.9382028689755,4.42004675980625,4.369238639610827,7.5780122328867,-1.3837971861922875,0.4845421521961275,2.7249358238455006,3.4262754950996617,1.9439161487272048,-2.2917323419707105,-1.0856171792531266,-2.4703329989949525,-6.136903188416335,-2.5156410748816667,-0.2868635985912084,-1.7614411029434132,-3.121418164425237,0.5898896113278144,-1.4484308640556356,1.3962039771566999,-0.4283005310964955,-1.8799444408172716,1.2571336872106604,2.9448388485192174,-3.8109157389051185,0.8438386223838713,3.2809747537268605,3.0964136139717144,-1.3145304971337204,-1.2614941126318553,-2.805923580706367,-2.5142560786578034,0.252922756984355,2.2463600632107688,2.9403082319712093,1.4582355026618594,-0.7597030198107038,-2.6987784123650225,-1.975796249076151,-1.5459299198235452,1.9648963040131417,1.0
21.75246988788243,-13.866756135123088,12.530053769524242,30.33883402424242,8.881279227037453,11.537160313482428,3.6691315973667007,-12.419738986112481,-11.279597708929758,1.7938251148166748,11.145858525031455,18.459811963409404,3.4193591908945438,-3.2520763899119727,4.806687733712527,5.375512196087076,2.383804525605864,10.892142560676126,8.435661180514257,5.134758986037018,1.0880740842792789,-4.385519445817268,-5.1642425507538,-0.5053021824814792,-6.599796280294833,-5.425721027311861,5.3032033758944985,-1.821011566254718,-3.0824199434535497,0.4966565449662929,-0.960145037953745,1.0095663449101382,-0.10447774938532066,-2.4914314340192583,-0.09579815416010351,-2.2534480807438335,2.6742262675159676,0.8995308175020853,-2.136842614917054,0.2254285793621309,-0.07416325869609673,2.739121619758299,-1.4672673969210812,4.445539901169349,-2.4940940832825214,5.660133003323843,2.942857324985189,3.289662164119049,0.8348953420513082,1.772789746287839,0.0
31.04653683358665,13.593698134637641,-30.13460134401541,-0.48778824313456637,-19.97089475801711,1.3099499866069368,-4.951539150166927,5.203358869465167,-14.94752045065173,4.6091933373795735,4.811540526167503,-9.128747946424289,4.354635331055774,1.5530191996005083,-0.18541477187843808,9.482131912562851,-4.366271063863391,1.9898453093112718,2.497779388709841,-10.79564589697403,2.46966974735004,10.745521891311277,11.651805705501808,2.486640889193683,-4.916025850947038,-5.4399715719825785,1.1099299957625115,-2.2586856804604687,-5.7180289127451385,2.190654482706916,9.544437609388543,1.2826923112890098,-6.572645561959023,1.9842271519335375,-4.801759435809378,-5.736142318141534,-9.38579237037036,6.692585232936791,0.8266604212989717,1.4224712400871415,2.2560598371601874,0.7055473064715765,-2.700066131008786,1.881444180411642,-6.817629828136573,-3.1471564993120595,1.897437451629149,-0.049648051640648276,2.088372429971204,5.31170706914507,4.0
3.6044738337490765,-9.963870381158664,8.89059519759638,-3.779228143950237,3.437036569571614,-2.3165638350534503,-14.015824276034593,-7.325945788229337,8.17746586939404,-10.417791279630077,1.6281848116291229,11.028711674294478,-3.662121302629209,-2.398794531963185,-14.607189308813876,-2.6184495282845566,9.862139225872268,-0.8492918858197396,-16.356839740603704,-0.5630628239078249,3.0056444685668815,-0.3474342460232466,11.381297868817468,5.523626281379198,-5.62864552662107,1.7127807307041971,9.850406807654812,0.05423008192696119,0.06285840448603154,2.7563483874214327,-1.5150449302955107,-2.7792548255042067,1.5338265016369061,-2.4810351034282965,-1.1903074669538372,3.2012808592049753,5.718338376004443,1.851815206219177,-3.788731000049914,1.1505759688557047,6.029422045242438,-2.3495523502334454,-6.194424173533534,-6.10719008887504,-1.2317603588824044,-2.9236765618035085,-4.5704612108512,3.6090938411868265,-2.101071253029223,1.3114007989970107,2.0
24.20959850013655,-1.7060286498656483,17.08044306425967,24.462736485903346,2.70248012104701,-1.382380819796921,-10.710244528758393,-1.09261423072645,-1.0682283401182968,-8.341357256361775,0.018512410038828527,7.901234292075762,3.7757399521476427,-4.98063486054478,-7.17055018645874,1.6954312654218147,-3.1201402466813826,-1.0424218930846783,-1.0164392962068596,4.040491275022655,2.415292629305754,-4.098083573888547,2.24791524100982,1.291662526603021,-11.77863775398297,1.2524283282875568,7.075272820440093,-6.426573961910537,-3.7469524943290073,0.3360052612544094,2.8595250337139198,-0.43025722834797225,-7.182493415051731,1.1166881460144242,1.221821333981204,-1.3956779659622496,-1.2819335307690254,2.56715693322037,-0.5990001071503342,1.4025823067329322,0.9403629986069376,-0.12509283341071395,-5.572687182357378,1.5048088501384866,1.6396751903109121,-1.0255971933362766,-0.7358951316464861,-0.3624905319181463,2.2485574814269578,0.6506341378037713,0.0
14.049379067696124,10.615203744252627,-20.557823598134085,4.133212483986858,2.3496596784508865,-4.365724540305288,7.363170339160885,7.4995057414417525,-13.375532865676728,-0.7098277575037302,-1.3690508178164313,2.082780319868916,6.04488450437806,2.445902470722266,-1.541396240587444,2.098511544298755,-6.229425270147083,-3.5239469019013874,-2.1763391492728923,-7.12568962778719,-11.441598831407136,-1.1065102713449515,0.2782256544260802,1.068061878555762,-1.7460848531179292,-3.060748603997792,2.6628291516296265,-3.0412778862656324,0.24904830922027965,1.8552019396651687,3.0688251921145002,-5.138737200808249,-0.5775749433493426,2.8058251775347984,1.0109264369822413,-5.675149382503495,-0.5148451722217084,-0.13278773341198133,1.0463824577142355,1.0087445294790438,-1.711380419303983,1.57186366418012,-1.0543453921378765,1.0326534813560801,1.402943201105057,1.4068357019428508,-3.2784259475304602,2.9037752548862517,-1.7458803493829103,3.0033653506472424,2.0
59.575471550756276,-1.2455158081413094,-33.83600279666556,-12.561398912395651,-42.08683459641898,15.471657440349365,-2.519591622926576,15.564939692650185,-10.8451126923508,11.73521678726902,7.1805724288603034,-27.292184736947082,8.582706191771692,2.179931146736302,-3.9588535954817843,3.6908020172166194,1.9845312703151947,-7.664174808364074,3.758814609396316,-9.47687080398229,7.412936605089421,8.074047271039918,-0.04367717697361626,-3.6772598575290125,-7.659306374020877,-3.3741392417406586,-1.2347227379740935,0.19712813773823093,-7.545516450277891,-3.0056305648690627,1.6574417179185141,-6.835752649181531,-7.501347591986508,-10.380077126647427,-6.914358917116915,3.4590022450369946,-6.10517636502641,1.2353185321449844,2.8865034865494703,7.957726008857361,1.221697319228685,3.6915840697676727,-2.1490260458401456,3.4353538538257653,-5.55294531971019,-0.36277368823617157,2.526252018104064,0.5883259774537941,3.1648108286151664,3.095778656923854,2.0
6.653815077481744,-1.6141226439186476,6.473757745142574,-6.8229048867914175,-21.457553028049922,8.705261020576465,1.4827216390237046,11.148051777245858,10.922595334513405,-8.476923091024707,-0.6071082356955779,3.4511501893499967,0.3991094417293173,-3.93786010119225,3.2917543506860913,-1.7924603227525067,0.2890240279186814,-1.6347950303031338,5.319061965901685,-8.117145033706207,-3.8954519574194713,-1.7972037338324602,5.661718479454883,2.425253110470117,-3.3421105234419035,-4.903472841386072,0.23004520454535377,2.791923236532632,1.1931764858103426,-4.6580630014848765,-0.9352832769006203,-5.891635741139223,1.9279492347330816,-4.048364478367934,1.1219461677786626,-6.097059116398501,0.4240881641248049,-3.3932427891928643,-6.558600049868629,0.33391609524119753,-0.9668029099318582,-2.1063459404538842,-1.6180144989210312,-2.607661263904889,3.1649139725814672,2.265452609128375,-0.9596976906795875,1.5552377485820124,-2.253151540501896,-5.613913105832136,4.0
-0.4410713894927883,10.361503840778129,13.622220264124348,11.248185480552984,0.46786370921820214,2.9666704412936777,23.358797063541708,-5.5006000860187285,-4.486457021219029,-16.76441463437378,-2.053373937631339,-3.505629398995029,-8.890573358069387,-2.8974401313029166,-1.1051928014198744,4.044381076024259,-4.180363648411417,-0.43945305648647026,-3.086906837506716,0.8658453150622513,-2.249868573730722,-2.0924298418786025,0.24076841135569355,-2.8592157557686284,-0.5672526659948245,-2.095500561116368,1.4487323063621278,-3.6409232888163765,6.295928702011514,-2.986357866977346,-1.7987089313301174,-3.802623718727605,-0.04394818438919147,3.0173031530176195,-2.300344663728922,4.228205940331348,-0.37498432961465433,0.27861999782042474,0.8742337673290679,-2.903792302483201,-1.7821453071152442,-3.3581353767896824,0.7336576697358799,1.4065886547175068,-2.003039084416137,-2.174006242605032,-3.2806596661408114,-0.6876454766054144,-3.713120997775726,-2.0007103259495818,2.0
-6.0739782838260785,9.181329658896065,12.866227246691032,-5.860321671660721,-4.1276013470230515,0.6072761057023587,-5.0331358099551675,-5.627402606225525,1.434465143847504,-14.010876964629972,-5.6254940904664466,3.1554805633800123,-3.7899733289119704,6.240799102269986,1.4198663990605238,-1.3972418138827318,0.29153341908231134,4.675798579399251,1.3080907549150769,-8.14234714895864,-4.813043015971019,-3.625290881036337,-1.6426506886518886,0.0777546179373829,-1.600378664382996,3.8945004104497833,2.066640110456844,-1.0956416974134258,-2.604706047932522,-1.467952888537256,-0.8159640551993018,-3.4908672161506655,1.6337131052099083,0.23932927941260013,0.619624878096902,-7.351783108364821,2.3142487863380126,-2.578280547054891,2.500297858577164,-1.4808606949855294,4.252969736110699,-0.4981533260388831,0.9564693220036314,0.4143843201238437,1.252079493186078,0.9315339397065248,-3.0001558972350475,-2.1611696728904675,0.3125096279859781,2.544669972763198,5.0
-4.240421677995687,-20.321554084312016,5.526964615866248,1.920475015817758,9.886648072111148,-19.153104538155205,-5.2400136730394715,8.740856866832425,-5.8630481689558644,-7.937602028269654,-1.0611583528958388,3.709046616174038,-7.4406067057063785,-4.889074966882704,1.576344404563073,-3.4692207935307167,2.103688654915211,2.915922277499329,5.911553947733808,0.4057921397412197,-4.1705444259944064,5.423968482667957,6.393006193766293,-2.398327382055255,8.790246748991686,3.0648920997484077,-2.7043858987232943,5.623670371683589,-0.463660812211159,0.4600053322428647,-2.8025774538931127,4.790403680569005,-1.5408848566838536,0.35489364667164686,-1.1388746916484682,-1.3158859816789952,-1.969736646960948,1.0828068024126651,2.04679935655286,-0.47507285255829096,-1.172706309850367,0.6621053645497327,4.1370783205076345,3.9613328892242543,-4.4615988627876035,0.2784727640231643,2.143357621706243,3.4541205702158853,1.6372959058383638,0.9604659513793048,2.0
2.7365659702746474,-24.720794683107915,15.688763996891216,-14.128362191931776,0.575818696232691,-9.984540309872479,-15.500120661157823,-0.9263872898850001,-7.620024273789467,-2.519175463137394,-5.772228984923535,3.8981041458993917,1.1643310864783714,3.0664066794752483,-1.5047505171573967,5.034567765504414,5.374576962878133,4.87209493373195,5.830485980838879,-3.4174288765613534,-2.4808430977999727,-6.732847113252871,-0.572092696930782,-3.225617733259591,7.450844856576368,-1.3232789700280292,-6.54942192526725,-4.464734436831996,3.692166194241256,-1.3601403514551205,-4.634324737791337,-2.3185708411045027,2.679108933040395,4.6221531455132645,0.9518232104784966,-3.269275724634215,3.438378638502575,3.919285340463178,-1.790699156952266,4.50184776094033,-0.66742619968239,0.023517461136007105,1.8967768013856778,-0.2087828500004726,-1.2429910117094265,1.7460844265720263,1.269699338297524,-0.2953443279762945,3.154163024590394,-2.344860932041618,3.0
4.282916051792619,20.66743543855264,-0.506712158407219,-8.569321650742523,-15.48851256717037,1.2502160027200462,-8.162181786852717,3.644990068396181,-3.1609383638044624,-5.248657189022394,-1.4145745638449603,-2.248662931896745,-6.957494857935081,3.3064244830681067,11.804562482479152,-24.225914894232286,-2.648012470799398,10.192099279849359,-8.96033500136022,-2.657317213095549,-1.5869288094124463,-11.296895076739965,-2.118366279631594,3.79527687681074,-6.55117517215795,1.435509968245876,-12.114285491214178,-1.8523072912653797,1.0064480444187174,2.8503015486705032,-2.116311145061093,2.1609511935104018,-0.355329540356552,6.613262980481864,1.309811756891116,-7.3776870953060545,-1.4534649967184383,-12.123632690332379,8.704668174756623,-5.230057288573706,0.32091797163226093,-4.749014826405665,-1.798790005396343,-0.1553959684128124,3.058132992243668,9.166667706984585,1.947607700388128,-2.5758605833186397,4.290663671086042,3.25504774613906,5.0
-9.517207751446751,-24.297600749054784,19.1908739492539,-16.083670481436894,7.824204935530119,-1.3280329144016056,-1.0726378989730436,-6.5251942795548485,-13.383659203981404,19.21708108470442,-13.01613829213775,-5.363451386498664,-3.82330801346352,-8.62622644313489,10.471511620658347,-1.9848114822943452,-7.228002162413631,13.05938828214064,-4.317763396862762,3.7124438878763244,-2.3333680690886784,-6.339465948986645,2.1842376823836456,-6.414623743573522,-4.258101744589434,4.501634413952028,-3.4339615131845953,3.7955881756078185,-0.6023598977060849,-2.753874710626564,-4.4708566429314,-3.9357584735794044,2.645364237601542,-5.1841907925418695,1.545104402879631,-4.387411809818416,0.09777828511068919,4.3533902994312985,-3.4614815987934264,-2.5430170990510383,-2.2402279332036965,0.9527124443965141,-1.469884854286894,-0.5871933792940244,-0.7236255079743046,-3.1203836246375136,1.7902992350041393,-1.683090641727862,-1.8255968508586975,0.970767609641575,5.0
-19.071747630244282,4.546590947450966,32.062017213170854,-3.3652584696056307,-2.0960551683529918,0.9944931181538991,7.501978378101773,7.209142921889697,8.192310115550267,-0.15871398566527195,-4.572465818997117,-10.952210831426884,1.431057179225295,-0.48153788341575926,8.49659859345588,-0.52354250491756,3.65742405479174,2.7744334598519975,-2.586538004303919,-5.770391262455732,0.648213370812103,3.758933016323599,2.311523902277941,-8.899669980460418,-6.036923216940082,-7.941585221871595,-7.343448384262394,5.715622727463402,0.15771243990028602,-1.2421306502772906,3.3149860961047963,-7.678596233793343,-7.354445115044326,8.46141882080691,-2.2085545306531067,3.7142672976847844,9.31475858207025,2.347471214275179,2.032695528430742,-3.2973559215115475,-0.8997943652884854,2.8765690318956705,4.509236257673432,-2.785629907914924,0.9105158726125006,0.4646270015952479,-1.62358281421787,-0.3556957358062868,1.5973983820800797,-1.1231037489926519,1.0
7.725640952729929,42.02602166813854,11.905069072228681,-2.420244255620237,-3.0880299565540517,-10.745819828892476,-11.055863997636221,-5.951186639662006,-6.618223119445005,2.7797350262959495,-11.163784901360108,-2.806763090679422,-12.033679922743332,5.829025591385046,-5.522847331389052,4.367898581939509,-4.263774366561964,-13.272646053203712,-3.9795923054473876,-0.2695670117240374,-1.8356086433335075,-2.544160891650317,-0.5704045347985522,-6.808932594429102,-7.845942696419181,-3.1389114787382253,0.8018749479070566,-5.631988482117675,1.8917005112049257,-0.20899308003083783,-0.0795333821881328,-1.498560315867686,0.7198771377700018,1.1359522964447115,-2.417559250203078,-2.2572907488733693,1.8287408210386216,-2.3294146931636717,-1.443111964197128,-5.5480024509341765,-2.4691779179545366,-0.7987241627441463,-0.5762753203831196,3.505109724630329,3.948376045771816,-0.9856579712768575,-3.7245406510595602,-0.8527962865907815,-1.0624989609188276,0.9568072381548866,3.0
18.450261048728173,16.455059288529554,7.534324182722471,21.011820766951118,-7.56283017586222,5.607893342745476,7.091188792517056,-0.5370236263372865,-4.802755027218422,-6.8907375252009615,6.8766817824385305,0.2401133642730707,-2.930959278649592,4.688878552041618,-3.798371965988072,-3.9855577972270506,-3.3352621190435614,-4.6622833663012715,-1.2599522279483188,-8.673506326472088,-4.13367408273,0.6453553631679011,-3.1557588756235297,1.8280157091654154,-4.704282053522296,2.9951468163423525,3.2080757879264223,-1.6784741367461478,-2.9930003785551467,0.8212814395853636,-3.728990984674501,-2.124682321478672,2.7365522443890264,-1.4800509351356026,3.0338966666012386,-2.185080686467306,0.11473165678125884,-0.6562358170473801,0.5109999817296246,1.0073821043895375,-0.4263942317548047,-3.974540925476011,2.2203528218042825,-1.4473546735308442,-1.6464725912406615,-1.8052534080302653,-0.2973910648685639,-2.7627458021746727,0.39218286565674254,-1.1175802542467999,3.0
-10.231382031582438,53.5887355500324,0.11175616387162653,6.119557935120787,1.844872220309985,-1.5817153397389097,-23.353674238008956,-8.938668081851969,8.670463161819374,-14.596164226556102,-0.31124660627935813,0.29599643699658285,1.1557731467637438,-11.097710832900203,5.268053504135818,-7.270783791495712,-1.597286478056446,2.7269734526491294,13.47071203264452,5.5479741670951865,-10.763692721526494,-12.280756235137376,14.680406267904194,9.79693471088291,-2.93148238921782,-5.164169176862048,-1.8735727677678213,1.1515366146492394,-1.718822968940487,2.367126954642246,-3.6116103274318387,2.6686238227637546,-2.3444030106809404,-2.110077817493841,1.1438483977205205,-5.390529711509945,-2.025690865537473,0.6851849112560027,-1.236186010472663,-2.987089322344242,-2.919398813767371,1.9482765455547915,-4.5822845708591196,-2.5125337299891846,-2.41035037791278,6.605148570507688,1.874769234026118,3.831165251938183,-2.874921579645934,2.473416017164408,5.0
-24.856806194382145,-10.281113358478413,16.581469208891225,7.44603256641743,-0.9182102043496554,-2.9172128184267785,-26.578177164252153,-11.736833433311165,7.393754755786977,-8.20565126711279,6.747110159784182,-7.347411961335028,-11.89227992170943,2.99060729885138,-2.9858705198639117,-19.072348190944773,4.489077720105919,7.111904287017341,-0.8018812396254772,4.427825411168027,-11.688260173397476,-2.1408497658797456,0.1746456943994166,-0.023929197987608185,0.30229275918572085,-4.781683382418045,-3.874645016545147,-4.724247612441221,-12.173743212650534,1.9626174202711661,-5.8845354876203055,2.9401857172682098,4.478923868139254,-4.021714017130603,-4.31385680960637,-0.9367306380571847,-9.816481925890663,-8.017138841530254,-0.08732309893624843,-5.691554813379154,7.131066432334633,-2.6692002156908456,-2.4852794116624817,-5.251282684095617,-2.6139254017418163,5.194962241365008,4.605153843795132,11.511686652879442,-0.15784551858671567,2.0663013671326276,3.0
-16.55033144867635,-44.530671041621304,-22.343872120878725,-6.854182054057956,8.539952444808502,4.702917925866228,6.402097377821098,-0.697784745893794,-7.992081843588963,8.408635648692387,4.747278953620378,6.346445828778134,9.69677275354515,-2.8167854713054865,8.044173241981046,3.566956711744248,1.8256635037185818,-2.7061721238175154,-8.006940600791177,0.6908155573649626,5.419972192637617,-4.427705854527384,10.957849161943674,6.611517182858075,3.208731548480154,-6.491009269447644,8.022032647967869,-9.001174430482054,0.8627355106753174,-1.4489215743999908,-3.018426627541607,-1.4954288278350347,-9.984344567750941,-2.070805772134187,1.7010744168158922,-6.0019810000658955,0.480451532060689,-7.758229916939988,-4.484579352026256,-7.651329904866737,7.208107498167641,-2.5293252228180862,-0.6338524941086993,-2.5583762593221304,6.670612647631528,-4.820994781372166,1.6544297226035034,0.9146981022218799,-1.3191923464227946,2.5115242244508553,5.0
2.8979959205087895,-31.948994667615185,-2.3513182479068098,-15.155420783290381,7.516864393861541,-14.216564315223449,-2.85651389621927,2.5800744739693324,-5.328211908907036,-4.798403082676521,13.853508763192822,3.806818176413508,0.6554815303838256,-9.552331661453472,-4.835108638241082,4.59137418189058,-8.212938517986041,4.0921535180664526,8.471820110583101,-0.6782632895302285,-5.099832129713244,-1.8269250629521636,1.3688811861870367,-4.879510294776882,2.1206348444278116,6.522157969542739,-9.862264803353336,1.121971946087365,7.8537939007638915,-0.6751069962735107,-1.9522658872146907,-2.1553976551863108,7.506799556812894,9.208929857475852,-3.4809412651692817,1.9314316906691953,-1.2698743217464197,1.9621821406997595,0.24873217351845708,3.9108819576494094,2.5778071145870185,0.7676444158425697,-3.7090910921637543,1.9924653390605862,-4.1544043436342095,-1.8687466473647474,1.124134340431109,-4.298751678868581,0.5496392241125775,-1.0764024377383494,2.0
-0.7829123137554644,-5.145562531478416,-17.38516968512994,1.4295208968011857,0.7276611225228936,-20.291195713889728,-9.790241601281764,1.4704009598795855,4.242082407237506,8.187120410546932,-8.941166000044362,1.5200406773736501,-5.412175173537728,3.9984240230126407,10.701031780027854,3.2932453585629564,4.366653872854176,2.3968355859751527,-2.2088144548395134,-2.7471336896227463,1.5139066968450146,-0.4130791711173597,-4.269618299687229,3.4728755767232076,-1.312336980659191,2.7519643553356703,-1.0104711174823375,3.6224966075783667,3.0848890132220554,-4.236427745812698,-4.533859176487941,3.651863600903232,1.2155842927655702,-5.649273645248995,0.37416315418168583,0.5702943148034704,2.4282247504162964,-4.442679263993065,-1.9309857702561057,-1.2709621030243048,1.05936758439804,2.3334789154169506,0.7704974801278139,2.394627211517564,2.3813840547044633,-3.0654091953452096,-2.9194244688814766,-1.0945868620976258,0.8873088811245287,-4.322851120496059,5.0
17.035502136375836,-39.719971113122696,-5.081344491527525,-21.002591032852354,-13.272586313009617,2.841267270715509,-23.17547350867266,-6.051988101570434,-6.820167475445967,3.1976302939792167,17.243640937787323,4.10392511999998,-11.763163015101297,3.4064785843737853,10.660429422118373,-23.71290119211294,1.4583699253477544,2.979869916212401,7.54519743170751,-3.6718493903326483,-5.792938914575474,-16.96182204112205,1.326243803520694,2.3409270760782834,-6.385446570395809,0.6175686722768172,5.415856619994701,-7.214753092147033,2.876055414088095,-3.123811179347972,-9.739633984277965,-7.028957141393065,-1.7383028041372444,9.12237959019268,12.585641684565985,-0.05483671482180142,-7.772584011830854,-5.795804219679018,-1.347919310661424,4.365884412539794,4.104527807269555,-2.8068983841407684,1.817534435226567,5.215464271002736,-3.8313932958843373,8.4327779271227,4.823829474008541,-3.185127589020175,-0.6170328844177364,-2.3291393864520002,5.0
43.633798397070734,4.52809941234081,7.898483826426926,24.23614801671469,-2.7082067960819085,3.69486587459213,-5.360271882953503,-12.937535784577097,-1.6494982624920915,2.526948297136507,1.3535092829555364,8.340666357682563,9.008391487252556,-0.7690524094168895,-0.16081191349661114,-0.5038012711840729,0.36119738430770093,11.42118303602666,3.9289020852782355,7.441205748434812,-0.4742569558782286,5.885930303524711,-2.2880824323122506,-1.457728612996847,0.5004986740560597,-4.854442170637865,2.8530574053145745,-1.1279169055224632,-1.3496251634859227,2.03564692541204,1.75300424205192,1.7292438735878752,-0.9709151871239032,2.5858472405980377,-0.23351610776977844,2.714181422972155,1.8810569633820167,1.384132741887836,0.7123158201775214,-0.3568403883826499,1.875729376896534,-0.20625660036539498,-1.0626821415088146,-1.0180313487009396,0.98365410472308,-2.7480405763588034,1.4986628077790543,-1.0698162040860373,-0.5001973545038411,-2.281624523607189,2.0
-65.14384852640933,40.32282250127462,1.8662614738063426,4.7016221070362105,7.091359044857937,11.327559938902523,-5.347676315163701,-16.94698057404568,-3.8762497379435237,13.688881682583386,9.876060232655247,-6.968779056935431,21.19470432817036,-7.49767721634002,3.162556944041319,1.7271497953000654,6.561311843377467,-2.095121327712931,0.8311032479243493,-12.366035740696963,-2.669848865289602,-8.085888420281076,4.509998518871429,5.965734188155145,-0.753976200896709,-0.5511940340404593,8.815984768029752,0.6992974656302846,11.799328165655075,8.354878363094212,-1.524163824340858,-2.3614754462595178,-0.42182526828026634,-2.381100029254814,1.7200492452932525,-2.7541243111935034,1.0351608160963304,1.9491154754197606,3.34804964569491,1.632434927804017,7.127421563418901,-2.3135332572623217,-10.498457357502776,-5.3947520619473,-1.9886580149515651,-0.8313701753760351,0.3821856790146262,1.3415555974479716,4.172945368270857,-10.957120072069289,3.0
-40.50899225800739,-33.984679965978565,23.54845388192747,-2.2861542845377523,12.37043913025778,16.007462990835172,-21.479946965232163,-32.50526635754344,-6.077404269609692,19.41505213593184,3.0907977094453845,-2.4901060462732434,3.3278662110009636,9.643693232655803,-2.3016143672493286,-0.5901997021735713,1.8077805570770868,-15.971179703584017,9.001550263312154,-3.8484858851105597,-15.389227558317788,-3.5059385932232785,-0.8925033009569919,2.73611090845087,-0.8207538707667503,6.382770572969246,3.8123504622035185,1.94299513107729,-1.6242237931610826,7.628235671757762,3.7877133809266796,-0.15319728273701427,-2.8970216166635683,-5.792028950901296,-14.756249714008211,-3.87878145921611,-0.393784861104751,0.9396306314619803,4.241820481024593,0.6220666582013292,4.3304797069716345,8.908101948407861,0.889153034626758,2.5818648135973317,-2.4257985996700744,-9.885434876120808,-5.448705793482219,3.63384822580941,-3.615578313668043,-1.6256636652319494,5.0
5.088407325685531,8.626266880492002,17.950606402772536,-4.684667039214712,-12.136909270094991,-1.9418635086310976,2.323242663141973,4.774166166492195,-2.538694423164513,9.55621815525324,-1.898080178571168,-5.87088934103425,-17.14948232143964,-10.95473987181745,0.9133616367849756,-3.941341666557181,1.6212438119982628,0.19979844942713904,-0.22167619339859368,-1.3036367904115582,-1.1968656612887243,12.893079537477997,-2.259886671896113,6.554934345561531,4.545452037850167,0.054258560916569915,0.8022640546681499,-4.591701351824944,-1.6932307407908427,3.3234475005971937,1.1024339335475266,7.160542005124039,-1.7640700007441725,2.224062605030449,5.367944246456824,-1.7510702001571634,0.7431286526535518,-3.5403790799150814,2.0588081080624914,-3.7643808587342495,2.87067366848671,4.777794558756593,-0.7343252683886173,-1.2475791277730164,-0.9503049241459505,-4.415716267440419,-0.7750227594972,-0.22121866743589386,-1.186613267537924,3.2936252878029655,2.0
2.3449739563995213,-12.438657426153778,8.309826904603481,-7.0016090712123935,-2.866500647317365,3.2683919980089504,4.473509229172139,-7.155262034613444,-2.25617415995159,5.5595989202248415,-10.931739201756805,-14.091165107410461,15.25489788594557,-3.4460085200259427,8.476259231479155,-10.078914242248954,-1.0239128691552024,23.95053188643963,-4.890890583464772,11.72178505192674,-0.5582815634097564,4.571756402557954,-8.99961898584534,-0.07335084512076512,1.4549051170932845,6.271895403128296,2.511300610089172,-10.246117894121145,2.0806936810308194,9.129202890044526,1.2478283709367486,-5.507461919666618,-2.7443243810280635,-1.9985703331779832,-1.1896218726572287,-2.6810719777939633,-4.175787483707624,10.614875306209711,-0.35066501142569934,-0.5428196883531348,-3.7354002295840525,0.67514457450257,-0.8791731574102125,-6.868267738771577,9.706209623253688,1.33323444824831,-3.615335628264885,-4.611329687127318,1.5559665169137564,-3.459029060429232,3.0
23.746039543570685,9.276416760080126,-8.875886988734797,-1.6362647003268063,-14.959330983497345,-6.0184480215756135,-19.791679694183777,6.403866071989237,-6.0156404337362535,-6.181408768558104,-2.848471256170717,-0.5025308537749975,-0.45748616260627706,-3.6985192766013872,-6.629525721187031,-0.3289388444615526,-11.808078956615184,-2.697334412245558,2.987101281941754,-7.944162217728559,-2.2618448978348544,-8.029649694216008,3.6426974757378314,6.197654821830586,3.321795239428955,2.8772856180807125,-6.164932301015034,6.253524162006112,0.4136547123962675,6.379797298975657,-0.11193424544919917,-3.8981911282900357,-10.043251178130623,-2.0624055921428206,-5.197615606240291,-2.1243988178229567,-0.9528890176382553,-3.736450738111244,-5.144195118572347,5.171405908115345,1.1172766567288284,3.201804294946655,-2.155778301062141,-4.768009201411804,1.6978245814283517,-1.380304385491262,3.106531088412808,3.425055288364997,2.086416806799377,-5.690543027838216,3.0
-2.66722402590747,-2.663024665690287,16.37586384137928,23.35313449723824,7.487356349749431,-13.68353784380456,-7.673960520208491,3.2893124793463557,-0.26239000628030934,-0.25658958246538094,-7.2728148251453995,4.217723671182123,-2.667775916964998,6.335150662792334,-3.0104620387611485,1.5145447408934996,-3.2386885185279155,1.1220829067328302,-3.2977205282682336,0.1726094853686342,5.5501327803735085,4.059425717064009,1.2319960622134527,-0.9817153593594588,-5.50270240111746,-1.1819041180785927,-0.6260378807095669,-2.2246350524386984,3.822579427232787,-2.5865379488876226,0.43665205769563065,-3.0392351831825932,1.630994805786163,-0.8885862998526717,-3.7272229784245208,3.60783289877532,-3.954029860722658,-3.5812411462623603,0.28041476703262136,0.51435258878325,1.0629705822120497,1.4219798247381044,2.0265466887370884,-1.7769343522001355,-1.9534512098096672,-2.617743597955641,0.2928538425154943,-0.9178440963428066,0.7087720957093548,-0.7566661916748963,2.0
16.880107836725134,-7.523474566133036,-15.100140204492504,-9.795769257804952,10.37589407811993,2.5359381145590287,24.42496712728236,-13.59112736269484,-8.014211231617885,-9.304264271814578,-5.128928681627052,6.402429762472125,1.861412842115924,-8.11423458937099,1.0889068579549803,-0.5452648988227007,3.1964017122276296,10.29856694849863,-4.088712025838297,4.303995799181977,-7.0943939586811275,-11.503774809418324,-5.478941903837482,4.543066752378546,0.9486887170428646,2.2232503842788707,-7.608557693933788,-2.5179580417167715,3.965817011023011,3.933935695519099,-2.239374735560896,4.381594784872729,-2.871499820752808,6.684625393658694,-4.533152336367185,-2.2388714898970554,8.00017669788187,0.6581098917979175,2.1090982435036634,4.883876534074151,0.9532818916972262,8.211093044644594,0.1485336025675622,-2.7784961515895534,-2.28880913199355,1.249043431918072,-3.4690712825538292,7.041987825002393,0.685900982559491,0.8848574885310154,5.0
25.18316312266002,21.062546852631094,23.302710157902762,11.532040771122265,6.985523448944633,-11.470231379069538,-24.20919983385023,-19.27231199740099,-27.544031428573152,26.71493504854901,1.2155264752517192,-1.9860989870972676,-7.322312413591041,-1.194789178658006,19.017068640092486,2.375425964168375,-8.715207352379286,-15.144242293581335,-6.758049246738772,-1.783960544298598,-8.154454584890571,-4.997249324365719,3.0832990592984912,7.454530557788327,6.429396168432067,-3.059551664115914,-6.958847823155938,5.586163669904544,0.15980562128776957,-0.5977352121176405,-4.170293850272798,-0.9646543984495488,-7.57068393591603,2.4092867401711757,2.6363302911148305,-1.2374338329959653,0.8980938964298777,-0.04119808677552118,7.274174084234451,2.79137873533559,-7.379890739553733,1.189905716787728,-0.8341992133327423,-1.3893364019940626,5.347211254570258,4.0763897097089155,-6.440109319655402,-0.22932787103236332,0.5781285605996304,3.8069974384293914,0.0
-12.787754401698583,-19.84760907696015,-16.683479843682843,13.882508267126036,-1.366266307191135,-8.501826667617898,-7.209793810138349,5.399136858787892,10.494913714420626,-2.9954781089262013,0.7512959366742121,-1.2966023786337826,9.540480957896706,7.316065570976207,0.5952910796768052,-8.942454407378856,8.716977741660264,7.03048517269499,-9.317944336022652,-2.9562599532055875,5.100234883547135,-6.743208125675419,-6.481399906844535,8.24067698125676,-4.514128836923514,6.8741260288556765,-6.457334951379789,-6.609439631264507,3.9619339167906484,-0.7180417865995709,-0.682122283130469,8.452283058161026,0.49384604499906914,2.064715539405108,-2.2615163158203755,-0.9608559629133346,-7.521204110361319,-2.3380388383027566,12.98189405344032,-5.300863661271915,-6.2629896586297695,0.2861636423588863,0.05686007901169255,-0.91657492710343,0.03364801112519096,-0.765593247469401,-2.7340307254419534,3.4322295219076473,-4.591367317975768,2.7798679488186924,2.0
-52.40296340818207,-31.82633479403173,9.717024032542485,-6.00174787447954,11.337583241789602,20.123626717130662,4.286564517966675,-9.63579317497134,0.45596660350195073,9.74883712856994,12.41686009366968,8.561895194859106,8.923983418340512,8.964545043790189,-6.46788334242856,8.263724503750206,18.740105084745753,-4.152265952499092,-6.991064750799625,-2.8863734814795587,-14.786588654792789,7.72117909242419,11.36612292427114,-4.228245913330783,8.10253211099629,-1.719241584976495,-2.328343378818585,-9.722798984211837,-6.379715518806957,-2.796914919159954,4.470102369654902,2.071763792493437,-3.983562404794993,-1.7661208530300752,-3.0449584720257823,4.8969524803711675,6.877131395899107,-0.35865390531543706,-0.7244600661032677,0.49879374235201274,0.1142788797041933,-2.7505666190364644,-0.7536525119161404,9.530336808642659,0.18537035570736338,2.7991023370711106,8.498732704892298,-3.467123082062033,-0.4463462490190478,3.1690422219271963,5.0
-17.233890389476876,-51.841381493067686,-17.850125580320906,1.6122078445781178,11.871216935039863,-12.04373193057358,-0.9233633079794153,-2.856696393638834,6.921803775521867,-3.4862965460563573,-2.3827033815726013,-3.3998421043865528,10.234139587569205,-1.7154581772192363,1.5911332426740297,4.349307445236403,0.7858234061318256,6.838263144693564,6.254683871475041,1.0254663277118803,6.697616641454317,-0.9690633005911683,10.297964218180933,-1.4672265802253157,-0.08230729213095968,-2.8262822340984566,5.391257326928435,-3.639369289074369,-1.4498234434688102,-3.4437494969422127,-4.329330394383323,-3.1037487071202974,-3.071454874162937,-3.7911010077411245,4.2524662334221635,-0.6716352018780105,1.0045265389143376,-1.6384778717798267,-0.29667273644149894,-7.16241585438204,-5.09246430517667,1.3078088027101384,-0.9462105873698211,1.5271685080122122,0.38706924644652735,-4.189802665084172,3.3573565504835625,0.6209693443958736,-1.426105863112018,0.6035692648629576,2.0
-36.804330001894535,38.46338621973536,-9.444707303349656,-3.9939214842594315,-6.849579275512217,-6.115358461409334,-14.261254246157117,-4.508922154184615,1.9916677054667216,-5.510050579187038,2.9924091060573215,-5.004901253964863,2.8690407746512507,-23.02085822887649,0.6848604425786666,10.531755023018757,-3.5166696608158325,-4.0201778041572975,-1.1174207136973842,0.5736916370705384,-0.8585123593019385,-4.898569623272095,6.700552169216933,4.08488167809628,4.509100787612077,-0.7462470148825453,-6.38399903319296,-0.23307119219978464,1.0137442538811818,1.5566401159278451,1.3432702723894996,-5.136747339236064,1.4298335189868783,1.1127681203902637,-3.5295288969664838,5.269155748479697,-4.224460293235226,6.640502791088193,-4.679441574490442,-0.7001442587593432,-0.3026135333496641,-0.48209037980771563,0.7844318872576148,-1.1878485460581636,-0.7678341702388941,0.4001707174997771,0.7998113783629236,3.0975987261975577,2.9998431327674004,-2.129295484310886,2.0
27.257593883012984,-28.570784458311415,-3.6863003971069688,-0.4029695614178455,-9.552220807856836,-2.844035481481464,1.5047012485913185,12.263734448307643,-6.686680716235688,16.69555073601474,2.0679429959629627,0.9393411009514201,7.087331500739249,-9.971543535955872,-7.198352523363682,-0.03374149813621404,7.460908054171918,-1.3377850979899355,-2.3679503381844436,-2.2695449307595488,-1.9802014899169278,-6.103521050189656,-0.026865440788672115,2.2394776507813483,-0.8379684024283309,-1.3918648155298028,-4.805539354142322,5.234074889468474,0.647623323341977,-3.4811561340087276,-1.2116072046884234,-1.1187399380356948,0.5017696438165589,-0.09751041843428263,-0.7499119118216291,-0.9978871110375286,-5.34575804356437,-0.7221588934042612,-1.0896537300858777,-3.8428505685060403,-2.890741378646978,-1.0096664263067212,0.7204303901703161,-1.2293355786147184,-4.791907947223161,-3.405592027566348,-0.6658962926225348,-3.1575062485851175,1.9093358475424704,-1.5998318643634963,3.0
33.2484437964646,7.502114313266473,-9.442007254848118,11.866598081558289,-14.755371601297758,12.913134034047664,10.238188056634097,-2.68628177372177,4.597127873416391,4.452603356600988,1.058091392821398,5.1089134013202315,6.358040216510259,-1.8764870158182743,-0.29442803654424154,-3.825332567809525,-1.0242875212845606,6.359131235209649,0.47848291173988655,-3.2115610963316943,-3.063912592879818,3.5270576728305776,-2.002687067465337,1.018235685163175,1.3582665212831897,2.475310353980644,2.549989738005743,-1.4145763407863348,-2.26442808197833,2.454329025589414,-4.294898935220779,0.5164312535637441,0.9339365629923467,-1.9308725164145626,2.9688845693796,-1.317677946158569,-3.4183490354325263,-2.7197896773106707,-5.277393260615017,2.0884695089660164,3.6106629770380447,2.2480816361160674,3.1682562715937714,-3.516181127531734,-4.656391438852902,-3.0567539180825007,0.8889620197235769,-2.4919664079021886,2.9449730524535935,-2.2249422620205372,2.0
-2.5723979935820154,44.94988962772351,5.320259069042002,10.077307915401256,-6.561368688364355,7.332712670460338,14.467187258669163,-1.0840462308554026,-16.18357381098532,15.725883351015314,-1.1172817894024711,-0.052570449009286244,-22.523035918159966,10.753992062001227,-10.808257887691031,0.8188913094281474,1.5227909777372544,7.967045820482521,5.353596787795954,-3.393976892631852,9.112884681201278,-12.833252299326999,3.0407425247286106,-1.390450871832708,2.7363788961502657,-4.2516498858673035,-3.0200633274347166,2.0420430521162114,1.881725042292598,-6.887646089598652,3.7701946857491975,-2.9588876990561803,3.519173562531286,-2.5414391039417863,2.6978154518942046,-0.8385232092632525,4.419469972713718,-2.3337651856380566,-4.958945045453268,-1.2996175877345706,2.6288440172455116,-0.7318439261245423,-0.3738305379317962,0.548925413866325,-1.4346573025673357,0.4412832167382539,-1.1649283784536373,0.6881586179490293,-3.4242639336508747,0.7411210131601638,2.0
5.828097528594348,-19.56067992042594,-14.191289240616204,7.009315649839983,-0.8174324702669569,-8.041465793955796,-16.905414736659125,3.20019458701058,-18.163227249432257,9.665259406120727,2.6163001298327413,4.205108184014234,15.226874854917972,5.441730116191595,-5.439827165506341,0.6124675040785025,-3.4231423868148108,2.404947814323714,-3.404708669666838,-2.4499095648336997,-1.7988775320949733,-3.579416077095457,-1.4807040742560218,0.20154246618070965,-1.3386713101810548,-3.4968292266005574,0.726009128747435,3.548080518031906,6.408509811654812,-5.727938863803718,0.9470415283806265,1.6280446075815884,0.69256002177371,-3.900992712456858,2.2879917957392455,-2.4407608158677525,2.7181976426726298,0.5901682735879497,5.048920013903996,-0.989343434353449,-1.357991476535343,-0.10049687851043809,5.109847350855718,-0.4356452328620178,3.0733555135019532,0.6966270939810234,1.5216702826579374,2.2943980495957743,-1.1969653861787153,1.019353411829869,3.0
-43.475393110475565,-7.719750211912824,15.79964836215008,-7.0912617891859036,-2.2548382003971246,17.698048107531967,9.431579280858278,-7.9103209693240455,7.584488318721149,-11.580258244201465,-7.043938785233263,-8.805399229501868,0.32332059205080776,12.454312572559827,3.746445335235477,4.864794740200417,-4.4265938397132585,2.6175062184415454,10.111127995491186,-11.03053122133845,10.971508992736377,0.7292753100062915,-10.6090788466073,5.121501002716685,0.28429965239269045,1.9108382619586441,2.7288213702839146,-3.4535299825024746,-2.256716462248247,0.6353786222155476,-3.6974788145108355,7.748648936254031,1.279783213321261,-2.9983468989669753,4.633034093137757,9.460736349694407,-8.966734594997437,0.269567532971996,1.4751221844040738,3.389853982411837,-3.039092234503913,4.568037159080942,-3.4533399996013796,3.4825345900375013,-3.655914323383386,1.0436567543950672,1.1346847300123009,-7.4422062411699565,-4.8851580690279555,-6.553525860262329,2.0
-33.355635928858575,-17.654999907146756,-21.838785880474504,-1.3681860197049733,2.192238842835585,6.100815400072903,-2.3550218804522585,-12.461816874039114,2.815501729959148,-4.620568313649484,12.352697468229636,9.70906306820272,-11.435407178698101,2.26780326046005,1.0357663710009626,0.10579656313878495,6.0128438459211875,-5.082667123110288,-7.832257655197933,-1.7510432151094115,-2.260391094621476,-0.6883594245314543,-3.410328371547746,-0.621196247802421,1.2932910863571556,-0.8037279379038272,11.048890540033764,6.81469091868485,-0.6373145671776991,-5.40534218056885,4.393178038720208,2.3013900981169213,-4.24822438418913,3.281282681805989,-0.5247543522938394,6.844507366343949,0.5722601009271655,7.334201008477196,-4.119234287143999,-8.57972906731637,5.396555253438437,1.7206279596476817,1.2295203971515791,-0.7848482057337988,-1.0026425471606824,-2.1645670394018053,0.8588065944364177,-4.2280388512711635,3.9019373308556777,-0.8703732278864816,5.0
