feature_0,feature_1,feature_2,feature_3,feature_4,feature_5,feature_6,feature_7,feature_8,feature_9,feature_10,feature_11,feature_12,feature_13,feature_14,feature_15,feature_16,feature_17,feature_18,feature_19,feature_20,feature_21,feature_22,feature_23,feature_24,feature_25,feature_26,feature_27,feature_28,feature_29,feature_30,feature_31,feature_32,feature_33,feature_34,feature_35,feature_36,feature_37,feature_38,feature_39,feature_40,feature_41,feature_42,feature_43,feature_44,feature_45,feature_46,feature_47,feature_48,feature_49,feature_50,feature_51,feature_52,feature_53,feature_54,feature_55,feature_56,feature_57,feature_58,feature_59,feature_60,feature_61,feature_62,feature_63,feature_64,feature_65,feature_66,feature_67,feature_68,feature_69,feature_70,feature_71,feature_72,feature_73,feature_74,feature_75,feature_76,feature_77,feature_78,feature_79,feature_80,feature_81,feature_82,feature_83,feature_84,feature_85,feature_86,feature_87,feature_88,feature_89,feature_90,feature_91,feature_92,feature_93,feature_94,feature_95,feature_96,feature_97,feature_98,feature_99,target
1.260266586997568,5.881405224098681,0.6320820492897068,0.04488367823976479,1.2800060783013045,0.8551126547851438,0.34346467615452897,0.025312343046069,0.07244885006969244,4.291286755036938,2.5869808612554617,1.297778355158528,5.6464420658401675,0.024177814301165258,0.3662522636995638,1.5886127065137863,3.756041196779839,2.939753149952227,2.3929218540667536,3.8566969227466803,0.0,0.6952811951448608,6.490173784109332,5.849083527875296,3.2329216461328554,1.516116031241382,2.333853043367071,2.0285337915908577,0.35004456586269433,1.7812757724621533,6.539966804284083,1.958508636436793,2.3231106200518075,2.0376633532050006,4.706679731979773,4.664386126493341,3.106800556630341,2.4662616693162995,1.3050366244168305,2.0862063008765928,2.5725744232995815,6.315078897911484,0.7783768109083229,4.454616795550139,1.1576905135820534,0.23106369991227277,3.101196221324343,4.240963014579312,2.8315327363587692,4.74604398299834,0.332163687954531,0.292192773901891,7.244466592261876,0.41543418587318104,0.19987646683658045,2.065813544775505,0.9170115844701304,1.5158638074184896,5.827722503058369,1.9578403267062325,0.28498784693784274,0.10675031506086766,1.290070469601541,0.48005826922725514,0.20801775489589241,0.5868848128521847,2.4891832446076747,0.8873692952788821,0.8213020398895298,1.3856519113916612,0.0,0.828631581688019,1.4847052992527823,4.862099229585625,3.8422044949745096,1.9322879923549583,1.2154301024350038,2.1707583178643683,0.2822618665876496,4.623340149258648,1.943583814552674,0.045163351603224475,2.9564470196442016,2.2810156827757733,0.3716146178646564,0.380175311742025,0.06860202737867155,4.353464448155416,0.7420062108667361,2.1509495414719275,4.8653794347254316,1.3714473456419074,0.08705543454337573,2.78425269340458,1.0769010875572638,2.2277410758391283,3.169732629278431,3.3283338455714153,4.965862765137662,4.012434587807444,5.0
2.8536963017990584,4.69292928642903,0.7899378689801948,0.0,2.891808001035439,1.035764653600975,0.2796495785570857,0.37762353763572676,6.275081564947312,3.7778299770062573,7.381160488974117,1.874128076963685,5.12696872766028,0.05880135361618622,1.3236582910262449,1.9084286501687873,2.954084613543776,6.578651956502855,1.7069946157086513,2.031924463798764,0.0,1.2526578641941173,6.304792106327959,5.726185455602869,3.299464474710217,1.040331370879628,1.7772829357556552,0.8211387374907037,0.9795132263400828,2.1299094227815853,6.156582685721665,4.249217768715166,2.098958480088169,0.7283123788436093,7.395220499956829,1.1740228420554137,1.5841928581097375,1.863621339742205,0.34607753453559714,1.7836661809078285,0.6652108308132765,5.410171477561784,1.7985897392331038,4.907054091781878,2.387252238833504,2.1904252273692713,2.554858948017489,5.337579088768715,2.211666399256942,2.633640449901366,0.26747587179649235,0.6306850364557568,2.589475877911847,3.5340117847432913,1.0740258283860822,1.5468574276679898,2.004285646004407,0.9717366667362359,7.424728137467986,1.52260820762622,0.13960046458551462,1.2052673822345097,2.383413996482974,1.0826344718090066,1.6540230214110307,2.0174943794592726,0.2553194407057884,1.4010296736233323,0.37762353763572676,0.8554316410317341,1.4993229149881588,0.6740086086172249,2.8458312393368357,0.22835695420104843,9.64781024284364,2.8063653061224554,0.7615405950224731,2.0174587463616263,1.9811950727983478,3.3544662658590716,1.8845979209900645,1.2625534273192909,4.064762162200235,2.8103608380619,4.080359202649756,1.6713386683180933,0.7977600796318335,3.9934479323314767,2.5809896241462327,0.8398789877498036,5.206725263992188,1.7361285882873148,2.7371459197762014,1.7059779016825223,3.944521152995986,3.2635302470362744,0.36591645385806115,3.4785965261274194,2.5394069953578935,3.251052496826058,4.0
4.226577888479921,5.754010932264519,1.8340234764735257,0.1682569232085816,1.781905211416113,2.027012465062582,1.2864672004860689,0.3417580850787212,1.360195694732358,3.7000623485491464,8.392304541515532,2.608478094336188,5.1675747011119375,0.04893364519792244,0.764006377628665,1.7707022101239387,7.279533511455181,5.147213067113487,1.2482312067487566,3.1286068528406994,0.0,1.8518789405758822,6.31852834878724,6.0496002756593565,3.1656225671789326,0.314638526699882,2.0538064436957937,2.0867158410477304,0.2926639733968575,1.8897460907469663,6.7182232413447425,2.7804990860149212,2.4515408330178317,2.060739157857679,6.912817499003747,2.464145456691186,6.335929812835405,1.9487129696939138,0.9001809120869461,1.5348584514007184,2.1780453176127814,4.37210935133326,2.8059321356001434,4.8011741799883785,1.4822803843529866,0.9684225798331205,2.356369213716225,4.692282117809934,2.1643679517654535,5.398983052591162,1.4541232391212735,0.6432097175758189,4.0148283765237185,0.49661573802968845,0.6931412268302859,0.3722835128805282,2.5167463979467213,2.1844707366400917,7.277567309288997,0.07929276727285353,0.3026407514285684,4.7443656423064455,1.1068173034313618,0.43946356799098146,1.7731523970140524,1.356650918565672,1.060808317036086,2.843662316291059,2.4939546936413706,1.3740657182225378,0.007482576331206196,0.46466826700344427,3.726406191390487,0.7140476487777668,11.327918772706678,4.170405819657358,1.2654368960490983,2.471421602889334,0.4901593402837196,1.895612844975162,2.172999472591762,0.8088380743234741,2.868568247718041,3.2108408048450587,1.4128898927268607,1.2074556050730854,1.6860298236723168,0.29301727204950834,1.0661925440122606,1.8726317911352501,6.277661220128334,2.9229209179792073,0.26339503451730856,1.0727918181067024,0.6715651261710532,0.95315347005995,0.5667664546221806,2.345339597609687,0.14300150624248983,3.299347243190644,2.0
3.554294143442739,3.8318164521986002,0.6503969466697892,0.9249359882668029,2.6766736168865086,1.8229340480283713,1.1772162008360634,1.3049198448278976,0.5205479681065772,4.14994217494338,9.042257458554696,2.7395025056103854,5.838344215030212,0.056722242374540224,1.4021764249794826,1.207955304620321,3.9528181112318626,3.208642109015166,1.297778355158528,2.2530513608769986,0.0,0.5742468604688271,5.8031469419010016,1.1674863899656494,3.9862834991470715,1.480523646388259,0.9285029785329147,0.041943829970167254,0.3569325684193453,1.6823485609905713,6.437097874531936,1.9069290669633265,1.8864721089708383,3.344800097209236,5.324576614442178,3.3970362408721764,5.380625564072116,2.479049436758075,0.5665716406267606,1.008343458529335,1.8420536017612021,2.2796198662682423,4.496807450658157,3.924575003392735,2.619506917715128,1.1550367746756418,2.0989921560499565,4.758708251884293,1.2779847472997652,1.9275172461984764,0.8920412392609712,0.08188496672922738,3.819136781517519,1.3573267858624627,0.30975827142463525,0.7913556692327602,2.251749385097187,2.6843250404789285,5.4874027385291395,0.14704614341731534,0.41792000781196526,0.11436702495200024,0.8974727872708786,1.1638207264904181,1.5133896775968414,0.4493236569907796,0.9553128034447055,1.7102609298781055,1.837135913923183,0.9633261476640851,0.0,0.6695710760389657,2.993764923568567,2.3285492750097423,2.069908349376895,4.792641950950103,1.2270016745890373,1.2540497553207892,0.13606010688026618,1.8498791966306076,2.464014724504889,0.13330047622977648,1.045582760019635,2.703898037913503,0.6799642008062253,4.617010432341842,0.0675010485665715,2.3108345079839743,0.6399730041620914,0.8714494156770001,6.066489644244528,1.8983244601133746,0.9550151564370706,1.104605043229311,0.6246156331376462,2.6815617079354026,0.8355199013869357,2.7427176787007412,0.10688428869154283,3.640597792907274,4.0
6.694219966993369,5.3483209558391485,0.8242383266037139,2.503017920601218,3.2696316509404393,1.0723116400224266,1.7669767205368836,3.1284418866822095,6.910982042416276,6.437823633215555,6.535068484761962,2.7333977292859073,4.5177229223453415,0.1315894843281353,1.2575537902247393,2.7025910582165453,1.9778294169519561,5.712540756703592,1.8614790175498899,1.6876878107322444,0.09180136921767433,0.6636634117750471,6.834517822252551,4.085067677644187,7.072934340214851,0.7536901028433424,1.728878303792601,0.35985847200125276,0.5769574202908582,1.307603386720961,6.382314489356171,4.46570026110963,3.8907871402108136,1.3808956480361199,6.23990016298044,1.2189051319567599,2.6459782754027845,2.5187365483139175,1.466392198059672,1.8264366264225977,0.8911080600299301,3.7038316098828465,1.6541147025905794,5.601024924687297,1.581495871001377,2.067466629436632,3.4955672584579416,4.256293619831922,2.2912793866976626,1.399171093819823,2.6557868615200455,0.3160298585195769,3.9417166972843263,6.40153660917516,1.0725860470685966,0.5055861028018475,5.585290075528043,1.0189189821630513,5.488531075946045,0.7349155113045849,0.8735769942969629,0.6976848713729766,4.629747114975572,1.3109217352303437,2.9364400701142146,3.7416395601588417,0.2817872568158263,2.3052117760781883,0.4977400886090932,2.3055620156204846,0.05311133645956253,1.5197934862411002,1.611077928831762,1.8057877165190286,8.585606685525262,2.992333381750935,1.088887859397697,0.8658396521586624,1.2414741257014414,4.278549816123961,1.8713311248171647,0.13369503251307496,3.749609350215727,3.603857751029575,3.6727421343339595,3.2551683462657093,0.7964316310656951,3.1194557843058086,3.626988074087689,4.358642410644991,4.998091675931826,2.1847880844869727,4.211019983394507,1.0351311980294853,2.9606785074570827,4.754513421621813,0.576183494145623,3.6636520275447824,2.237930769595801,4.385569087530058,0.0
5.750376041084253,6.520307519849281,0.5033487351675041,0.6408985206429528,3.005920916798244,0.8420536017612021,1.383883970247947,0.21038886444540292,2.551934307784101,5.269837329526146,4.714849948954116,1.4583820041560132,6.6159003122886055,0.1376346718833728,1.1710146261112586,3.363591626616724,3.9277163425798824,3.5714341158765093,1.9151384259244562,4.606080916892088,0.0,1.079429315002915,7.44814356868019,4.0306185858454775,5.522570546723238,0.867817410043711,1.6885384696169419,1.569734113106581,1.0164250034997855,1.097408535480559,1.883581718329304,2.9953759734745526,3.120335349940474,1.1284913785104218,0.3645724322958561,3.4185947634675413,4.0915813675101225,4.159023630550537,1.813401552176019,3.0555253952594077,3.152394371410216,4.460559103164539,0.04502352169849773,5.6326782781864395,0.642747774297277,1.1333004762297765,2.104403760349195,5.389198519601838,2.604379761674715,1.1658154881323355,4.983107617225565,0.35873382660528425,5.3748725557636625,4.033237972293437,0.9306238095519507,0.962586038356883,3.7613597468471007,2.536425962787879,7.314022143746715,0.47840237803727326,0.42234066047496294,0.016211033155917154,2.700883556028269,0.9667995846272036,1.0443241688122018,1.2724413009436704,0.6098495000343356,1.9289577048576152,2.2493239736220767,3.652910923267854,0.022474346574899225,0.9670948105024628,4.051485215715599,2.2426329904466495,4.47803342467025,3.08004361990506,0.6767187441184332,0.8515991432351456,1.0939657503694475,1.614898265448403,2.568542918137802,0.08759861792362102,2.3064664077568637,4.070346389900029,1.3985692755949832,1.4908268149128316,0.8969305517528724,3.0559418025331833,1.895457741492683,3.6398919932140457,6.171176797651772,1.5586105089376263,1.4253518774567022,0.7310963296145311,0.44095219802963675,7.006651472307361,0.36098224136862644,3.0135873177333714,0.06805164299778978,5.668334741091971,5.0
7.678667739089282,5.967807255358919,1.5630116564658436,0.0889556823082184,3.0111914671954074,1.5816404803375266,2.8041981517396892,0.3010022560328143,2.672538490086599,5.0335243170208885,6.4102206714602366,1.857423708732307,6.051267680930779,0.28498784693784274,1.713431883073091,2.1091599389611106,4.345999501362381,5.295443861017403,2.304715457798762,4.085280175551679,0.0,1.3219858015348724,6.0554711667176235,3.9904920349267674,5.318280683111423,0.6300326338937671,2.5357543807286667,0.7788813967628012,1.0400507591518504,3.3376825518847477,4.856731777007702,2.6522799711050857,2.747902939412549,1.273694910037079,1.4236319517143485,2.6388384367240314,4.679761573516853,2.429990815370699,1.6453788719031648,2.0139624264841602,2.150917056754209,6.0139356362361465,0.5598343973030645,5.8672391963486294,1.8431396808049525,2.120683708801981,3.381477195669241,2.631942408865566,2.3311605923425174,1.7881845428082779,3.351967480859441,0.6407134648396092,3.9485634714900146,1.7242136867573583,1.308826824347884,2.126146901554442,4.6142563544073845,1.1523132395393303,5.946017288778322,0.06308871201928423,0.8637799037958775,0.191183609220039,2.1064823304699813,1.4368547636265,1.6172984828408463,1.3530974112437113,1.7298355174986118,1.8477163552425155,3.3312035964622373,1.7764409285875444,0.771209486866468,0.7793017502056191,3.3200080333588424,0.41813596395949654,7.645210965459366,2.594238002296031,0.14769744361387158,0.7251739993673084,2.3320777356538636,1.6623878192596837,2.611219603331382,0.955610389056505,3.295869931015416,4.687861341094047,1.4534385613487601,0.38250125718911465,1.7932716544980827,0.9582859009232576,1.5902906214164378,2.5897874518198365,5.895006877321228,1.7705753630635073,0.4604804700400108,1.577489253787716,0.34573699516404316,6.04484871525696,2.511290917472547,0.8379432418910271,1.0311128408502492,3.1645449508059307,5.0
6.257585846070892,4.663447096037185,2.0253832214779233,0.219338922698467,2.629100118160383,1.989720329040605,2.039103291410797,0.6898358774471746,1.6728326336622135,5.129146984999505,5.856816419564675,1.1063483195051467,5.37309830959456,2.083860095383569,0.5740530540417639,1.8417316434824973,2.9080827308276245,3.732616533468252,2.755913054039524,2.317477737086827,0.03463831799900894,0.4539652653964085,5.241916433930212,2.5900749987919154,6.574024283680988,0.6318958590538042,3.2856093602019176,0.6070106659013291,1.906852123227794,2.886296507239956,4.0873525132934425,2.9270810342816747,2.3967349175355683,0.8715282708622233,2.0452332614736566,2.4043854460878507,2.895011726072539,1.9772799234999165,0.9427584526552555,3.160920188181103,0.7370810051530993,3.6784550700960272,0.5138949467649272,5.560870830475155,1.5796628970160074,1.7104813602962472,2.577924244506702,2.042048927771961,1.6462087489149266,0.895069909817214,3.0007572161446165,0.3463045161346948,2.0078054673581804,2.782052040998982,0.6890307271848729,1.2479275134435854,4.1513149441537855,0.8221998728199683,5.388902440914445,0.36591645385806115,0.7807300364763765,0.4848083967653062,2.2341333956124827,1.954568570752994,1.9750431581293384,1.4652431396070835,0.9177754406011158,1.6814492653149578,2.0328766563142073,2.03234773806137,0.00992040959306388,0.6831125218131676,0.7876832008453192,0.7014159813169624,10.905344430594681,3.1332840340427097,0.14548182226552472,0.8305798534775406,1.9675744237363435,0.849358808852,2.6288435706286517,4.499692841701732,3.178284397390973,1.9197595758550414,1.8975502328537885,2.434454760232403,1.0537369480412178,1.0678451947099676,2.1282934010098176,3.459051221617434,5.598013779568637,0.7479458927446216,1.024319679195413,0.9231111392313965,0.4651908879259823,5.42421668776453,0.552180304176821,0.862907585756396,0.26567692517216907,3.177471364444951,3.0
2.010958822072235,5.522175047874643,0.9853546961726444,0.4831579518080843,0.9124965823810276,1.045862297908688,0.34357837714689493,0.40816837070810624,0.7385516865202323,5.252922729538614,8.999557825112682,3.092038256620391,6.361020855382763,0.13040376165803888,0.7966808083669082,3.88247676306248,4.521716635787758,1.903308267982515,1.2085796857608937,4.234715900126094,0.0,0.13986236801564095,5.266524208656559,5.748251898224566,5.640207331650993,1.7580472818332336,1.2151194245172952,0.8039709280190851,0.42406212541589977,0.8295248661977027,5.29632891735842,2.3539442786487528,4.167060815019865,1.9731704101899397,5.511664113053456,3.017708159565004,2.957134552633507,3.3065247361728534,0.8917302465801187,2.1803388496247256,1.591057018746929,4.7862199575643976,0.6593765954759114,5.398955699097836,1.4439248579337416,0.23302905744518485,3.5252295001450022,6.136954211415443,1.0880058712900202,5.805751609489749,1.8186460828225395,0.0553345017510994,4.089659156926083,1.1384868442748064,0.3045110418099528,1.8054988349789176,1.51116438858385,1.535306485612425,7.386361758413024,0.6501211758497031,0.1585955515008968,1.267895303438372,1.4514880826918277,0.2954879430597532,1.1131670567327347,3.1798135704915462,0.8890061971946969,1.8105664937251598,0.04236417524800773,1.928351371235498,0.0,0.041383179019406156,2.6701378478835216,1.1219437335104012,6.327940603902002,3.427042929095985,0.22255729134872834,4.283143929290568,1.5795180893098226,1.5657921214718298,2.4710053232764437,0.10608026022513196,4.039199821220171,4.317029050118203,0.7679089952322581,2.6691174981935943,0.14038603228305635,1.0449536016635461,0.911193023032455,2.149064217715541,4.90324559440901,1.6166399971719165,0.10567807789453719,2.2670862903408766,0.29513524900081806,1.4512770620982032,0.5996986530037351,2.5416387344361415,0.10259094958809113,3.3097146232742194,3.0
2.196103397714807,4.786664313317802,1.1365195325505602,0.02856915219677092,1.7567244325674858,1.0712134896052645,0.26723614181240984,0.6169222421187011,1.99891757275836,3.7084852371165593,8.596468575683282,2.6210789539388095,4.467409917152887,0.0,0.7413159674275117,1.6200232976262705,2.9418011919652596,5.149747119504682,1.427284346173682,2.36823754078898,0.0,1.3366832874962016,5.969769845933124,6.288439776107568,2.7446132127178213,0.31672502157874954,2.282677022097543,3.054049652127408,0.6278869458949973,3.4868816696241427,8.44923945593908,3.140222407617074,1.460794976826321,3.1444053666992344,7.3389698686062665,1.1167639712977233,1.4289999257630042,0.9529299061698016,0.2168583597749604,3.3219136678648185,0.5525738111798439,4.36528659964848,3.0109409247395273,4.539909437735879,1.3292958481025152,1.5856836679648103,2.046875168955721,4.219106551022126,1.2353594473909455,5.220155799312444,0.2654368960490983,0.6957266226209634,1.5016684294611415,2.4600348013613424,0.6580057769131212,3.169604366916959,1.784545860262,1.3875831195446109,6.045252923014353,1.7007504189987,0.14665522211946516,1.6287735952016449,1.825867018401085,0.8963881123595494,1.3706106934905928,2.081919043590587,0.39791246017690557,1.1760674057859348,0.10232219119668602,0.9218932895941194,0.0,0.4091465059196305,2.244278198578144,0.25652762689220926,5.74744648126293,3.0470671849933897,0.6666657105945982,1.7807720234975488,5.150222520942224,3.8043840354413416,1.6402970024722558,0.5295711075738949,3.4699250378857496,4.271776744947213,1.857423708732307,0.4669663842730794,1.3633953854402754,1.7944782518138198,1.932136782309658,1.6047830042099174,5.1555225796574655,0.9610305718548415,0.0597705810902546,1.1819930247514028,3.756553653952757,2.979769286009012,0.8973178836318305,4.0966413709376255,7.37698402033381,0.20263712618983767,3.0
0.21958674457331648,3.3439620518525954,0.8353582005303565,0.0,1.761795871505646,1.2532026771815215,0.13711000780235091,0.5725016646420333,0.40424918466733795,4.037619430065704,3.2201132247537902,0.372617844126292,4.767517089495404,0.07121348960526455,0.29513524900081806,1.2356657976014458,2.6151337575144287,1.6903723947612377,2.0408573708031374,1.0929516009913534,0.0,2.0518940923342903,5.990691703339892,5.246647503068793,2.7902298829556655,0.22712493444992585,2.0120322559319423,0.5827486706213036,0.15354595185667388,0.5642318184500494,6.7301413112966735,0.6119277672153374,1.8261518505235774,2.3614034293087007,2.119256562895933,2.4039493642328646,5.274615767741581,2.5305951724479883,0.2203299548795556,0.9118066094493122,0.7063758316370209,6.535965838429816,0.33319471633588815,5.842247245182496,1.7291829406856718,0.677440587921541,2.9914266080533176,5.9322761796408665,0.8978599736184131,6.698937979087228,0.2669963719862158,0.2957230245399684,1.7139596983378402,0.4189994654312657,0.29525282326769287,1.1511444344193213,0.30940904924011914,1.5934971966634022,4.971860797021168,0.18827431132120426,0.07669590183038302,0.3463045161346948,1.122540203434969,0.2566483898806774,0.034779158048019,0.07162539397376963,0.2485348361386787,1.2233607629570102,0.12565110166152013,0.5367492056480258,0.08787013294105718,0.0714881055841824,2.616004744079728,1.196984663529218,11.920021027174379,3.8640474411245793,1.1108309241613379,4.644098542184562,1.3871419283971698,1.3860383598886137,3.023503765482715,0.11543282612034657,4.020875516773899,2.27786575723488,0.21188440194030453,0.21151066288353915,0.07176266930009127,0.0,0.3104564622952819,1.495285829370964,6.341715394425768,1.2716049559690081,0.08787013294105718,2.0638480433820505,1.3808402503192696,4.861717210507293,0.3854862589133369,1.2106382283801502,1.0201999229434977,2.467722917108747,3.0
5.367311651111897,5.486534185770135,0.21288056634438476,0.22366967138824592,2.31315876495146,1.6866573942319407,0.24500880040379647,0.1905516520322702,0.22564512061895256,4.162516205854847,9.39098102296833,1.1066833235797715,5.349096304270991,0.03421571533791298,1.0469100828635165,1.8188914530324776,2.471317544246312,1.651591344797654,0.7104372769069143,1.6705684456195724,0.0,1.4963600815563556,8.20575415806204,6.518056679097415,3.095401242735316,0.4253518774567023,0.6125884066987176,2.0095263333946445,0.10339692449223131,4.2312250214915395,8.248610259156429,2.161565256397032,2.033933911441932,0.6660293812130446,10.297960120128772,1.019346088804812,0.7472584859223782,2.162242267746953,0.29454723389551485,2.440500454830508,0.2547149679769182,5.472224553086662,1.7343085900969069,3.667551559062491,2.7062874122430736,1.0765590951316044,0.7805620761710597,7.041844198943284,2.559736524432983,3.1700051489405077,0.7398481026993274,0.48295151336731007,1.1845976841557606,1.2839217723076175,0.1646575752536617,0.9734275980043099,3.491340046878717,2.2012888276216085,7.944178509250458,1.9444836711487516,0.07409435357387338,1.367594721961029,2.045617705217977,0.8775872133709772,0.0,1.2488991070763262,0.06942721045601417,0.717999879468506,0.42438467153809656,1.6263456797405624,0.03365205248999707,0.8492787325307802,3.4901465012062203,0.12432813500220177,10.89307001358561,3.366308224407893,0.01564029037688224,2.273068241653568,6.079045241566446,7.143621985133315,1.4542285453286845,0.3579460528592608,4.063675503162878,4.9833949644279665,0.7064642456122833,2.989284359747671,0.9076598278532894,0.0,3.3610524478983463,1.6724253419714956,7.010709357978011,2.4364017353947447,0.6111723800440046,3.008702007886473,0.7396753145033141,6.437469122407548,0.16040392586001362,0.6547104882859716,1.035905383742128,2.0926810407128373,3.0
1.0721744169243166,5.164733993979143,0.3666998885994904,0.0,5.012944047166081,0.9373443921502325,0.05004887960722227,0.12446048627433613,0.0,4.952860035348795,7.544429744713309,1.1928885121913588,3.2660218970874237,0.010636636108736996,1.2310022393273106,1.185866545311334,2.536376226688281,0.2954879430597532,0.720541147546599,1.904002316283692,0.0,2.07186561722356,5.634105318049192,1.4945180163487668,4.453003885703744,1.0227583975781576,2.2094533656289497,0.798506794739972,0.2046415656104211,1.190362010883014,1.4065910899649297,0.42889276178591573,3.03639783115816,0.9337236978958293,0.025312343046069,3.1474043949107706,3.666154396637155,1.47503298651032,0.3473254916338021,0.957023083053317,2.3785393671223645,7.721692554485572,0.15107947302881158,5.564625100724499,2.8445463452550084,0.11649784050174836,0.8701871461890159,1.516721188566064,3.693241608785803,4.3526737910503295,0.7731523970140524,0.4300711279512796,5.32417694550338,0.0966666685801791,0.17427857103612218,1.7210226076014223,1.7720967921956916,3.551737480464871,8.122524155823317,0.06818925877896807,0.17606740578593494,0.10661632898778424,1.6505348123147783,1.343578377146895,1.353210355624001,0.0663992289113826,1.2504765525029693,3.1510632322241316,0.05116325258211458,0.5141980233475807,0.96266006637552,0.16027483140859297,0.377512488485005,2.5441144022094746,0.18383583144967966,2.199845065331668,1.1512093928848937,0.7336146530749229,2.778713221086107,0.40968962795325903,1.3749003697013507,0.8973953375303748,3.532641124043912,1.4874863493485362,0.1971105147126964,2.715476092463742,0.2348691517053808,3.943171192627375,3.050588761508845,0.23425604768829605,6.1161796666097334,0.9015716850489792,0.19987646683658045,2.9220265419812996,1.018634174139051,4.593001122219009,2.1938663432485805,2.2957230245399685,0.5019231470664378,1.4483195283066597,5.0
5.399656468786922,4.536923229502285,1.2220626247774875,0.36042046610320916,1.9916442857242365,1.6974624769218742,1.7775354421080787,0.37717928973663867,2.864275304167786,5.687043886669375,7.930072598694898,1.3410179348806934,6.282428684498156,0.5926364286065773,0.6409910396439075,1.828631581688019,3.3126796933629534,2.9130521540342427,3.0038180851269822,3.131375467592915,0.0,1.3225627410934249,6.972802919475005,5.249335352255544,7.240832347041258,0.8761731144374604,2.082906922598899,0.8490384768960043,0.8229340480283714,3.4019171205030996,5.683359599020504,1.3448852948967374,1.6953702916427051,1.4893887933226637,1.713475875054704,3.392276202331583,3.988920951337253,2.471655707397641,0.4321042234686771,2.624030688781686,1.8703844486114578,4.7662028988805965,1.2346852478566255,4.687032685446989,1.6189903529113476,1.4474734038494959,2.4656610849414244,1.5415148394606788,1.9176227017262828,0.5022287488414667,5.218486710176987,0.4645637200965623,4.996777390127409,3.013122762207422,0.2900704696015409,1.094776556895597,2.358058618305492,0.7194025119332605,5.243585307179859,0.23216954294797806,0.4948763799455143,0.21188440194030453,1.6628435174980627,1.0944387762190784,2.112166320231033,1.2007554315955868,0.6749125529080066,2.9347052001725618,1.8080966887835337,1.6712933724815757,0.17606740578593494,0.31301360854158516,1.480523646388259,1.2981304037305261,9.288230733307117,5.080261123514405,0.4497462390210094,1.1979911657351339,4.319075954765225,4.64490608964729,3.859055154210492,2.076388068512841,4.206033637822629,2.1404514769536607,2.153027043464823,0.20238637533478931,0.892818427795033,0.8201585347301646,1.0275079568264605,2.8966787302553842,4.624048240563586,0.8628282579560358,0.15484240686923262,1.2391535998443697,0.5947396223326862,5.178276428703318,0.7518921384043091,0.799999066493295,0.3687124837283308,3.610121261884618,2.0
2.423389922628213,3.513579174272785,0.9244039790266783,0.0,3.6480166881806806,1.6815392201123986,0.08501667348871386,0.19408705211630226,0.03407482027057225,5.506957317059926,4.973863793925568,0.19383481065383806,4.906905022486793,0.011924948479708557,2.1515666121740598,1.472903623606832,1.3208889803317763,0.9749697628127154,4.720568507537211,1.2651968269844145,0.0,2.2207323673253123,5.628799836384513,0.17632277264046287,4.59890706709525,0.6126827590770836,2.114933329857735,0.4606901488487352,3.1269893705295577,3.8444660013660954,6.202211999440523,1.340847077050414,1.9792937104457295,2.2379613529874156,0.2602665869975681,1.7300094881407555,2.2404975170732606,2.3796486845995144,0.2900704696015409,0.3850444259596075,1.0135694529789439,1.4611618147761798,0.4392507811114086,4.019933154054314,2.5701714480387094,1.8630265692789627,1.6892991605358918,4.129719881292659,1.3499313733601146,0.5491269801992671,1.1671009689630751,0.8714494156770001,3.0116745333809183,0.1585955515008968,0.20989000723403933,3.871685968303588,0.6191782160590692,2.349421897167655,5.775277097421571,0.03843618165610792,0.9707064330493829,0.05519565424212462,1.2045789690146465,1.740711733399101,2.4641193112016304,0.037452509939606575,0.8627489257935298,1.3749003697013507,0.5997938521222418,1.1104300641862974,0.0,0.3952822041322334,0.24086382278574983,1.4650341215269773,1.1802751896118795,1.990083536172477,0.0,0.56958830533033,1.9120749714682417,4.608767853289664,1.6386762828002388,5.22373530590965,4.169772708927972,1.2970740001874328,0.3898971621150958,1.8200359625455376,1.9895023608623812,0.2406196293117598,0.6893886272216597,1.015354834293464,6.179073079675209,2.0546401305383455,0.2439127588731744,0.6826631820889482,0.9879029205201894,5.0920551756608665,2.2936059109417126,3.270304671834749,0.3589588258323293,3.4942235796443826,4.0
2.0441492776067784,4.728573602559365,0.5656946519558053,0.04460395064976797,1.9691965479917455,1.0412429822318814,0.20451636970277173,0.5444853862360906,0.27762774765900544,4.472845151641572,3.915922390220677,0.911269735607428,5.476219650723027,0.057276965073247615,1.0218350272622385,2.5236121358814,2.3965157337546974,4.912333701861148,0.9118832894057941,3.3082734929770727,0.0,1.9187678493251474,4.836656349098542,6.047885148779665,4.547573215506315,1.1470461434173154,2.465426005589279,1.1615007625531317,0.40544784370753517,3.719993838743728,8.20608200382394,4.286030948910399,3.2915151548906803,2.5641586378248884,7.014769249563468,2.2130361549172926,4.119787758866822,2.6652790610878707,0.5315686088149625,1.393141584492627,1.0602549507576848,2.6035017263563796,0.28971644848629924,4.612488150535039,1.2804812743006235,1.3505538222509368,3.1527026309157535,5.879512185176896,1.5919665871004158,4.3603713003581195,1.1302060464331953,0.36546858577813096,1.8848323276804992,0.30707873853981527,0.37373172237872887,4.838553483789333,0.3248106034204836,1.8535166647546995,7.120394452457838,0.7524060712153804,0.30696212414045587,0.9095811159796838,2.3955838310057085,0.6433020884847657,0.4760186997578249,3.1215459498469587,2.4310077778590835,1.418027989926524,0.1502997081016821,1.6100385571753333,0.0,0.0,1.6575942772235137,0.18738770708047234,4.513446529213143,3.8597012535364907,0.8073549220576041,1.6683006985386495,2.3283482085348224,0.268314613175228,2.302260552244711,0.04488367823976479,4.137675653230247,3.0914121125953495,0.5035522756645812,1.2928406335380065,0.3033423944873308,1.0344974641994449,0.29054236266025435,1.1278973644860635,5.298291730620124,1.031818625826357,0.1046050432293108,1.5811101752255496,1.0732032721567075,6.025307913028456,2.82989014141291,2.8621934784755987,5.433463594515122,3.4403675622593353,5.0
3.437347603351476,4.715174039609826,1.2633349359965074,0.08379203249388646,3.409648900892382,1.6200232976262705,0.5201456268808256,0.38117260471679765,2.1087920623419474,4.846463228163001,7.607188996698939,0.8559099881982147,4.461246960247484,0.31521841136579,1.0779265786850687,2.2817279196146383,3.248565195563368,4.466757615726172,1.7053586812863446,2.9468805483580085,0.041943829970167254,0.7254357919053119,6.183841784983486,5.659219588572544,5.221946662761133,1.0637100128575585,2.327313709506889,0.24938465863022036,0.8376203649152737,2.8879151356381336,5.412612184996608,2.953842574046108,2.8651665963774375,1.0517201164473275,5.573756237485126,1.5360529002402097,1.3750116200901237,2.20119471324,0.135140816394815,1.5333141565667916,1.2963693011670037,3.8431396808049527,0.9417824157971508,4.303240092792169,1.4542811955500607,1.5322670813732144,3.4691175495776014,4.555184224211188,2.1336292806255037,1.1918152897068979,1.0228294015913073,0.35524184393088254,2.6410604250011835,0.5675454476437468,0.55040819321728,2.4385323935986807,1.1498446505205198,0.9325903649085177,6.735981069789694,0.3487989596121077,0.5502111575653907,0.5468574276679898,1.5501618944474305,0.9667995846272036,1.8506794268648912,2.2247194655788203,0.49733133523027473,1.3644603739602612,1.1733833212147233,1.1218111511419864,0.04781754802136954,0.3398215049233425,1.6392321632492772,0.7388110629703163,10.262330967498512,4.48606430599243,0.4673838307577306,1.1418905091231875,3.1573024663189737,2.633803170792354,3.232798880554328,0.39495308469636126,3.639463716903717,2.9144305800709227,0.9808296207506737,3.5892241729304737,0.6355222414597538,3.731954355847689,0.8775086886714948,0.9619936774202551,5.896257315204544,1.867184822457412,1.1131670567327347,1.867026632211542,3.4245056077449023,4.051520018237468,0.5628651676561642,0.749062230738571,0.49947599961550815,3.306072629254472,1.0
1.092478087200385,4.109084699101858,0.21921499579542364,1.7012385280521765,2.9796595517158244,1.4250832741826882,0.6185205879887999,0.10554399219892611,0.10218779322361488,5.3949427985040845,7.584059030678803,3.3147545222811217,5.824966375498613,0.09774562163851885,0.4625758880422044,2.626999751337661,2.4212098317639974,1.111298453402541,0.45859198815185565,2.0932897300014766,0.09288396567848443,0.8223630551570825,5.157492460832707,3.3318628324958888,6.875495033850195,0.6918914445250105,1.5022796761775785,0.5075155864792288,0.6025518974716599,0.18370881687541188,2.2211965499445467,4.829768393283534,1.67771118626068,1.4789200482286573,0.1654296204241852,1.8398386861912874,4.021435308775898,2.484086559411609,0.4557546221861902,0.48295151336731007,1.3865350701847543,8.255313302802522,0.1567849075543597,3.705303380824411,1.2596641839486515,0.18294649451110198,2.4141626001797105,6.233682943061979,2.045687593075419,0.8168044748328765,0.622742975760372,1.8054988349789176,3.4562279042027915,0.09491164702546698,0.12273897195454528,0.851199338593294,2.4615285594728773,4.387438368571091,6.759992013592173,0.14130198762525845,0.31950232900430725,0.4099068195292641,4.247107222052276,0.0959919129246028,4.474591791394583,0.8914191868460786,0.4576468193924441,1.9682013697883403,0.51116438858385,1.950729680667096,0.040541793862846835,0.2994791279803835,1.8625902483801617,0.13500944135116105,2.174406418529749,3.5639512725593185,0.025170575734906053,1.1861835863061028,0.4250295475262856,0.14090950654166198,1.8929349699727516,0.010923027184791876,0.5469561781414114,3.6617382004685703,1.5052303899634902,2.8120258065570103,0.41120928279036334,1.2147465226823952,1.1419558855836447,0.47860946840451163,5.800182902900325,0.39011735366633044,0.21636173497112732,1.761838413195023,3.0816293646094493,1.848317469836102,1.2324765711984906,2.300035841991392,2.7978015739453928,3.5345721344600247,5.0
4.875106713788463,6.36426249970817,0.5875570174296084,2.173319353536043,3.9029418300553282,1.5168724382428698,0.4369080517141522,0.4584869999743256,3.7823771104774857,5.391523722218604,6.433079626853767,1.2847510095342265,6.142750381368915,0.14821827215414504,2.070148858678259,3.2102018132048844,2.203451765609097,5.815588236822773,2.152897287198973,4.792720028299345,0.13224779829843977,1.6382128854234062,6.5347713174773165,5.154157861737225,6.225531374196178,1.0282155071304362,1.9391889580710824,0.6018866449789776,0.7632415856585828,3.423107504033516,4.574640449639487,3.969187336526756,3.086562997891575,0.9705591967334017,1.2346852478566255,2.6842352592205208,3.7066410573094086,3.1018349389640263,2.7118032359988495,2.4693129511012915,3.0893964535254175,3.7719489458663515,1.8465133741503366,6.3973751544161,0.9763636357327617,1.8244827476192733,1.3157401083547404,3.998403135182222,2.7267440424930007,1.8317961886316985,1.7120674658605568,3.7556887768527076,3.5589533023502886,4.407747024839169,0.6552602260193687,1.172487515510134,4.72404447455583,1.5436443521195435,7.74624624719028,0.1411711724607413,0.6247092022294125,0.13592881552640673,3.979650406814624,2.3421849221436073,0.9928409261856821,1.3975291797113905,1.5490283782075742,1.3632271574691328,0.8214653238058253,2.9313615819833347,0.0,1.9867749763947509,2.975556820823212,0.6773503771951782,7.1074252899858,3.585948005656579,0.09761079662642233,1.019346088804812,2.089498150839103,3.0233263318600274,1.8044666427327776,0.29783703588664373,2.854653988456398,5.578392317163775,3.358311858451795,3.543557747238345,2.164271397680741,2.9645280160910685,4.568640195419223,3.419592823030618,5.038826829403184,2.2830624167002433,1.7631990853259616,0.9342522820940546,1.2487169831045024,4.661299257294566,0.5558161550616397,1.187894404790796,1.7207600129445473,4.169892941196289,5.0
4.894279380008212,6.018233567704562,1.6614759907367953,0.0,2.7516136816709578,2.0880737356756143,1.570365776573606,0.525166845373195,4.245495662819921,5.38748317399583,4.3607996884005615,0.9507670005931379,5.633994925426404,0.12181115114198661,0.7889362292448273,2.6601528148763753,2.6691628623958112,4.74346111102567,2.1973307278704026,3.2044224656417573,0.0,0.24549566281992083,4.548880462583218,3.201257456843241,5.597358350340767,0.7793858061989364,2.167550616789962,1.527921084473093,0.7915223776961869,0.9588055636394648,3.8962137135175676,3.156412797474185,3.9809301292925463,0.7340484028274128,4.525599107922306,3.7781559990901536,2.499475999615508,2.7830794298736117,0.9673899759765403,3.689824697881194,1.1609201881811029,3.118260042980951,0.12684073527769343,5.0420839586712525,1.008343458529335,1.715322328004136,3.631802754924129,1.816149113949021,2.1070852258130945,0.40816837070810624,2.459772578989598,0.23278353412245326,4.565517971671947,2.751356596974614,0.8173776714965579,0.375734538583156,3.2405127816683237,0.47923056120633617,5.31189904662811,0.26447638000770035,0.6117389574989458,1.5169228512782864,1.458014458604693,1.2042033323936503,1.0309716424120756,3.2473351275603233,0.492724861891776,2.394953084696361,2.5507283187685332,2.259121806057679,0.023042392665863817,1.3019972787184675,2.452279135134776,2.6176276130029863,7.456372487189204,1.4037040102509617,0.14834844991564902,0.20714320494174884,1.434508137039886,1.7428254462561912,3.0899048684213355,0.045442970761167115,2.8870377914191967,3.454425973752227,1.3171882775965018,3.444402036063007,0.5418121695288947,3.317955218312439,3.5197934862411002,3.14398108782114,2.759496755416058,1.07299755979995,2.84074519906159,0.6440408429224092,0.2970152884144715,3.289967222416462,1.2228045610452611,4.697373509541426,0.18396283484259518,5.588984413066049,0.0
3.588708639954051,5.260627908126699,1.650259067848937,0.0,2.335740489574648,1.8766053472973827,0.20451636970277173,1.0868516880384984,1.974455891020679,4.30438691797006,4.877812948077197,0.17747136444495093,4.524602829946765,0.3050950106666974,0.6490175651315995,1.281905923897192,1.9943262799907289,1.7282252937597762,1.9804275165470449,2.306349743849723,0.2727398781174608,1.597125899367662,4.143964766910676,4.606584358572675,6.673998718594602,0.9215125006561553,1.5013627089597033,1.3547906492310708,2.198714155715304,3.5088469480925437,5.096240765804186,2.877489056828788,2.2596039298069805,0.4606901488487352,0.4236319517143485,3.376707126406982,5.344867545793411,1.965802751040426,0.4873834430365063,1.07340895518534,3.819187886368052,3.383483119874481,0.39966330388801763,6.057296463162547,0.4775737191742332,1.0070519425164903,1.751806465133647,3.2461192152742853,1.9217029076884486,1.2951940373319883,1.6238668618526981,0.02644598030380087,6.449607592935996,5.652279971105086,0.22206262477748756,0.9198358342815143,3.5986748655418106,1.6999957436673963,6.9217992916681155,0.26074832839644746,1.1183597259530575,0.0856965806792463,0.7506922493924443,0.8115532330335413,0.6538854887166459,0.2708279155536642,2.1269398271470625,0.8789999275920106,1.8977825446614167,1.4438187969124925,1.1527675192617688,0.7308355623222009,2.1799250093206584,2.869338438166561,12.084106929354043,1.7623913410318464,1.7294440068336632,1.3983503703459648,1.8753082600313442,2.752084884663649,4.282069075198131,5.738916421334357,3.322577161626697,2.2564974345655497,0.6134373560427742,1.9332704715323272,0.5511960668341791,3.10976171661533,3.320614644689633,0.34164424053016007,4.501719376580097,0.9407305601848625,0.19836842310251937,0.2899524722153964,0.21511942451729513,8.063462495369542,0.9414819638689781,2.6574799509211906,1.409309463999687,4.6808756715916955,5.0
3.6512239429898776,5.308986959617946,0.9994949683499935,0.0404015152842066,3.0279148406503067,0.8407653373238742,1.3739543948658028,0.49210955265261264,4.259280020673491,6.083181449864023,7.211446416731536,1.3346826799357212,5.196972864417889,0.1263121303287039,0.8317961886316985,2.3524195592151615,2.809064532822741,4.480795047089215,1.9299803153543116,3.2472895493388387,0.05921681655379864,1.427874306792687,6.324133731417913,2.8178688017279865,6.825925515300468,0.9118832894057941,2.224657734120738,0.5517866898122242,1.4340276746635974,2.3143775025378623,4.303912228316003,3.183343587672939,2.7842945780317625,1.0306892040711404,2.8469746354705534,2.545770726110136,3.549496677660325,2.2700803664199434,1.093695380233557,2.9399599650392094,2.6604723132811556,4.376450149076017,0.5203468115194013,5.238106615244472,1.3692710400250943,1.532865503106325,2.89060233580554,2.933289358807113,2.0096696462853068,1.5330649218696377,2.536227008100916,0.4624711893926507,5.909595515978096,1.5923493917569607,0.7131679030093698,1.3958305697326967,3.123649644098186,1.000216388027437,7.328095938190865,0.16324108516354305,1.5980316507406773,0.39988201002667473,2.491391360034842,1.0290641096984388,1.9605117101190244,1.1810389244316686,0.7407117333991009,1.9750064609377638,0.7570232465074596,2.382196882389137,0.0172092900322231,1.2430597060725277,0.9272138083929853,1.317477737086827,8.030307383110783,3.266921435742691,0.8746789492074556,1.9752633216784936,1.6199763616346963,3.097425391659145,2.030088838942588,0.5531638705094964,3.4348283564199122,2.632617212406643,3.504137294686172,2.8051686138013405,1.5343604723681643,2.563353405855311,2.128689328846787,2.6730136152896087,5.706859279369527,0.7512923186417874,0.9044262926015074,0.6845494691838425,1.481298941547565,4.833421435502938,0.7606041946090247,3.932269091965985,0.10245657665073399,2.485890476065232,2.0
4.8357321062605845,6.043292004102372,0.8393952947275405,1.50726185443248,3.1198873363409545,1.5952649420375844,1.0687395906723052,0.7531766273221232,4.373021724370707,5.695815691615644,6.280128604745393,0.3265373481399519,5.846774105191002,0.003458319772411079,1.1612427583425113,2.041628490619833,3.181197984975913,2.467879391625266,3.9162951018518384,2.5248660645859307,0.046560905757741196,1.2152437037128656,6.0303294564384995,3.3090015164884243,6.807218374815236,1.480988873478695,1.8063653061224552,0.4183518877855209,1.3509497863102053,2.749212441061044,1.539034702970754,3.0462989674563996,1.9656550133949842,1.6207740658945053,0.36848900064510354,2.9096963119427133,2.805478198369574,2.9488063982051136,0.8609230809992202,2.5294461718699077,1.7521491276946994,4.050797693823456,1.2568295154117752,5.8874424108766865,2.2346852478566257,1.492519787969485,2.3306444428948114,2.3987060745104087,1.5677401301945972,0.7995018140615954,3.908880142293256,2.161597502237846,3.934223969992486,0.13829023377991154,0.29395897902869444,2.005759269288685,2.688001269732041,1.3811726047167976,6.264117898659366,0.03337013846059218,0.5876530210923218,0.11236652307256315,0.6459782754027843,2.200755431595587,0.5076170668043076,0.38692128221781646,0.8625902483801616,1.755913054039524,1.4412178632621138,1.6246156331376465,0.8971629633588345,1.0488639144146186,1.130667339815507,2.756788469336465,7.600450406206322,3.8288041911231554,1.6617951962785549,1.2493239736220767,1.0096338193972687,3.2298493683000866,2.833031745662764,2.842817964836313,1.6986629998858844,2.9306994958851993,0.6149453669368705,3.560470409166513,0.24184018356467063,1.7949772384304288,0.4570163627003037,4.186453016383127,4.976216975669518,1.7429116545048506,0.4662355621504047,0.8366513001998191,0.6967060792516888,2.9347806726970167,0.6526012175965195,0.8945267702573946,1.1241957715871918,5.2819726698412905,5.0
2.57918014812715,3.505103328406034,0.2692725780450138,0.05935527761642124,0.7948525079551956,2.113400462067183,0.5958855279059481,0.05018822331147818,0.0822938359514309,3.089481201784645,8.270634524358899,0.9001809120869461,4.765497617704018,0.01934608880481197,0.9596217984792793,1.9515131964517556,6.422660228161096,5.374243122069422,0.5396303246846664,2.4641193112016304,0.0,1.3768460140163203,8.105529325819878,7.357822044817886,4.1847722187524266,1.0545012161825607,1.7886439532786667,3.4476320899895545,0.31591396543674244,4.264288704547659,6.083481454806831,0.9591766367248945,2.238572884709642,1.74312715259193,6.497818313357361,2.7425667905976563,4.985044962253466,1.8821343485542175,0.5536554023328907,3.175364913775429,1.9333460191479226,2.6045220954397172,3.7708924598054234,2.6839434315378585,3.854394677753101,0.4027221768456047,1.0503275535584247,6.270336445615154,2.1776627075395822,2.4237126190542946,1.7068178473397615,0.3928669162307998,3.865176496531776,0.04502352169849773,0.726220884609513,1.2021355808898482,1.2735158897021164,1.6398804198501142,9.44169178816671,1.366811773127127,0.23670690199535252,2.838266046622673,0.8909524714570224,0.1544535926798724,0.24561735275638444,0.18903382439001715,0.12273897195454528,0.9329682415027545,1.6487415304917277,1.1619521589267423,0.012783184698289592,0.2809563138310563,0.6519586530654107,0.8749149729365526,13.11848302218427,2.8228524914529296,0.04670058674162228,1.8625505762997288,3.7900317370612115,2.864849755562287,1.457961944452685,1.447367603391771,3.721963179486338,1.9465811563899533,0.41077525900824247,2.6997292933866706,1.2642361510435471,0.4889262675241344,0.34596403034287176,0.38736254083599553,6.019526236502275,0.7782926961054605,0.45985125070566846,3.09651487607052,0.8111421736693081,0.8960780553970644,0.22094900446677918,2.7199500450685616,3.7225643866888416,1.44397788552057,3.0
3.663663411775047,5.430950927165254,0.74743036833646,2.1457426602776053,3.065934146241898,1.1362570215111445,0.8782937434010416,0.20751807698254554,0.24293780020056457,5.622983045799407,8.332079078697944,0.3982409052644684,6.582872084787029,1.0756010848240278,0.9606599753718028,2.33716873093084,3.054917919128958,2.6745284457869523,1.9859375443942426,3.2551683462657093,0.23204671335010993,0.15159908226939658,5.407675655691149,3.586464525886388,5.823678038875269,2.5291712752313122,2.0610157746816284,0.6189903529113476,0.2382977275122874,3.6249664859448187,4.990106233582426,2.0251705757349057,2.607318476203275,0.8792352455277053,0.06419306192749237,3.152394371410216,3.217758056727634,3.686881460432228,0.35524184393088254,1.5042644413492394,2.255561158900354,4.002432496039723,0.9905192640649129,5.917532005367756,1.0918013692176742,1.9566886226273634,1.9239478149079257,2.997202066984555,1.2391535998443697,0.7595819732335547,3.8191470026324503,0.2505978230482337,4.838139959620698,0.40816837070810624,0.9776829058275396,2.4742283529039355,2.793937488150556,1.1188912521784264,6.532605282489162,0.019773069040027156,0.6100385571753333,0.11609855223657987,1.3613753539379139,1.405556763343757,1.1495845531581366,0.7968469026614607,0.6972400481829175,3.688739868014489,1.731009412420729,1.479954831690671,0.05880135361618622,0.6825732973475784,1.6725158611734885,1.4771073893133662,11.07952211741136,3.78230371409402,1.2645364309990257,1.854753710933015,5.999650554977468,0.2380530992724662,5.819599214485844,4.386424704896995,3.9882574949206653,2.7342652288104907,0.572307623614049,0.7961824107200047,0.8951474844934465,4.022527610398216,1.660289751428221,2.104973988921623,5.018251374797318,1.5519343077841012,0.6053046802383422,0.775092694119104,0.13014013533644853,3.8389618486430686,2.190804468127001,0.758473748785078,1.3176513849083635,5.161839323073408,3.0
2.1698288185667884,5.253505262186697,0.35940871904276983,1.5144000390366161,2.814550423461808,1.2650167489662203,0.35433931337852737,0.44678556214312243,4.7023361699940365,5.174374457718465,9.263503252493726,1.4968202305942957,4.589559769814447,0.11356715704707816,1.9761803083240532,2.179670279347428,1.6758610852399998,5.395573549309589,1.435948564860534,1.9031154175175928,0.1348780543431117,0.23315180343929373,6.86662984442551,4.8529676351562125,6.799868295354385,1.1102964194394775,1.5586105089376263,0.8709761940324043,0.18928690658361216,4.364754508529457,7.331120274816045,2.7445055786286106,2.694857911622643,1.23842002607896,7.036095567510798,0.749062230738571,3.2507645534051566,1.7595393649540174,0.24171817459670142,2.0719342450915628,0.7425236768123445,2.8392743461289798,2.5772233615461007,4.937372643081997,1.3138262963903977,1.5007000922075524,1.9805006347387837,5.315091581510295,2.1256180422763085,1.1857397094027824,0.5253673310656923,0.39999135066418146,2.3213220356888464,1.6795589177643715,0.43765387834619235,1.2963693011670037,1.407515911946301,1.6390932132155351,8.815757611401729,0.2035144111307585,0.2733368471502221,0.28900814553079585,3.220840689962363,0.8865891649181815,1.8720407245346073,1.8761338141189876,1.9571345526335067,1.3583399935020792,0.1048733767260183,1.4212098317639972,0.07860983469636647,1.0846085753178094,1.024319679195413,1.4356819274485546,13.284492213281707,3.90680403130911,0.8309043098020586,3.1939294063705423,3.6547792169595166,5.494124353739678,5.129732243453203,1.7631140809044845,3.8381450033123596,2.6934312000917977,2.1316224071619905,3.340861315975813,0.7276155509409654,0.6197416587691752,0.9089665821155859,1.2572520532397877,6.021863891531991,2.5920144432376464,0.5436938382889924,0.7313570497816615,3.655603705758043,3.4486366970843303,1.591440064792361,2.7583884654793525,0.4492179921398964,1.0659169180782149,2.0
1.8481571970990724,6.345307659125558,0.5619859223018461,3.3120697357162863,2.3387952032266606,1.61541629726287,0.1649149695524513,0.1976138096910743,1.8775872133709772,5.2941722491339425,8.082569012098093,3.844486087757799,5.428634865839367,0.05297227481398869,0.6615671995271456,2.630778212742862,5.679961386733196,2.706375831637021,1.23842002607896,3.0471020942546705,0.0,0.8883828344884221,6.743619983465215,6.904544309292717,4.752689726536182,0.7136078429514515,1.6742798513794483,0.9066597459335098,0.4090378569727183,2.3921525339231158,7.567441251267366,2.24086382278575,2.9994588878948045,1.6719726607500567,10.760830286549785,1.8422145539609438,4.20407809844905,2.5888765081261207,0.34619102979906957,2.1943077272243237,2.2634851776046503,4.058074005458159,0.11129845340254099,4.725337625270477,2.3031377838422658,0.664300785340037,2.7509923152159392,5.937706903775674,3.0246210957851782,4.101540827808936,0.9924784126674572,0.4749810882049781,5.62105550329974,0.8917302465801187,0.5731806027893732,0.8008274398743962,1.6331056662868708,2.5303454675455215,10.504954811026797,0.4435005670576922,0.27786575723487955,1.2813124908581435,1.6857159359906515,0.7791336235254511,1.6444100783306281,1.1495195214900291,1.6613391667385051,1.6215713293262575,0.0326651122818301,3.4703416292791864,0.01321211142685117,0.6396026312595017,2.858060589899648,0.21076289418631022,11.945678474717294,4.0200576523412535,0.10675031506086766,4.011352507229906,5.465318248083326,2.3133909848333944,1.329755085744747,0.17849156782231052,4.086376167596938,2.153578377434939,1.8796665620800306,2.4480551677171873,1.6186615335273853,0.6734659700548262,1.2154922299909805,3.413174318398991,5.529552367908012,1.7768619935996945,0.45869696868971455,0.9737214708048145,1.5856836679648103,3.255289223083684,1.2988928810541611,2.6143564877740806,2.816067172902176,2.7805410797579277,3.0
3.831380722775925,5.20778745610843,1.3022898018932745,0.029134804053022843,2.3920425975486905,1.2978957142280543,1.5120751489948356,0.4984551284712346,5.52938682362017,5.223009299187224,6.68199593527824,2.195788529418551,4.970775444900173,0.28853575029380213,0.7530910302981052,1.7716743339083716,3.0159435255916174,5.628365337551871,2.6641414683456848,2.8483174698361022,0.04292444517384094,1.3700526557159143,6.218079794846918,5.273553187437176,5.711079108280892,0.7545454894691889,1.619788602396964,0.4525954347028694,0.8789214797498506,1.6063000836868513,7.465052901733293,3.9982225872865222,2.251537324300202,0.8073549220576041,5.917018747499699,1.8159442526049554,2.047747763270787,1.6070580256072304,0.13815914522947026,2.111999463304661,1.5384388352507576,4.082685560251456,0.674099028537714,4.980843326873253,1.5635974630076002,1.9509535857437308,3.0591821992116923,4.46657491846242,1.3040436964735405,1.4241158881109774,1.0757379823940783,0.6217119771490244,2.9035782153319407,4.870127950200214,2.165493938876343,0.34266851820249955,2.554687074379261,0.9579888667363139,6.270831652326283,0.2468336879105421,0.28498784693784274,1.2498093822285448,2.3661683185668725,1.3722835128805282,2.5479433112903505,2.441270990438599,0.4739427298465735,1.6416847430956962,0.5215533305450947,0.6977738195551858,0.0,1.1596291858212278,1.817132043669134,0.8245642120898271,9.873494252218,1.903231130890004,0.2090165918312567,1.00504061670053,1.440314401803118,2.259302621345141,2.2499003781629083,0.318345767261359,3.777167188905883,2.405965138757886,4.0055526933323815,4.11009592910342,0.8914191868460786,1.4182979098586268,3.0094905029474526,2.1221094443387254,4.242404340861532,2.9400351631753407,0.5404241046446578,1.670477804144288,5.56401836458336,2.9772982433206274,1.1213470168784423,3.8101757228963304,0.07436842178155338,3.314145441406828,0.0
3.1689628840069286,5.28140523086263,0.8672639110762893,0.0,2.423363028000988,0.8421340801056231,0.46404087188988674,1.166329817920631,0.23462394136385586,4.347169556019207,8.417646641957786,2.0834516698714833,5.6513301546892185,0.09193673821058518,0.984844510747831,2.421102087548795,2.989920104278687,5.639909353085866,1.048794180260805,3.640412698522815,0.06087747289933462,1.7498774702736075,5.896724739387618,6.236352934247963,3.629659699927392,0.5252670917020329,1.9437713309677824,3.342782281956128,0.2577348021286451,3.114250405166077,8.949020968911173,1.72826883695878,3.8381248284399176,1.542604750260758,9.430034946013935,2.4673838307577305,1.6277468988103956,2.4897741182470687,0.3061455593087739,1.41700183337313,0.8224446394046169,6.897702691696868,0.31938671454410283,6.428998251387077,2.5259185231064967,0.5717253438910005,2.667914826783187,6.973766235235359,1.6907299621565595,3.4213579669225087,1.1348780543431114,1.2337040312128837,4.454820749565357,1.4424392936238635,0.20426594528956027,1.5376439619298847,2.4226097748111886,2.412104044677569,9.476587448129575,0.9198358342815143,0.2318010227771577,0.39966330388801763,1.8167225710013017,1.4357352588734684,1.0758748669751277,1.7373839150744634,0.318345767261359,1.3914927899807217,0.2979543901829535,1.0922751051330943,0.017636903049498446,0.5925407560019539,3.6610654798069477,0.427069755210786,10.857620742780648,3.8387803674228027,0.0,2.538463667986653,4.037408580380578,5.1965283609369415,1.7673581784578745,0.47695191252389657,3.5667542795181393,3.060203061785396,0.7573646723854911,4.344487662635682,0.42728434617368183,0.12234140752611963,1.212942803787111,1.6878221586432123,6.378468272390856,1.8770374506986984,1.0309716424120756,2.872454496580228,1.0345678928182138,0.5488311540048216,0.6968840908554544,2.5593449665418864,1.6312905747819137,2.2187811677840688,2.0
1.6758610852399998,4.6299918489362755,1.521251795369812,0.0,2.030230123804093,1.5941663280509961,2.6083124916584146,0.06887714085030783,0.5803384741957087,5.719380606285011,0.4763298377571378,0.6584628611741093,5.375282756977538,0.05297227481398869,1.1696043669169591,2.152994605492435,3.984853622784141,2.276317992652217,3.113250420115663,1.6587370422349368,0.0,0.19987646683658045,5.306798119191833,5.331769697851714,4.614114977821567,0.4533331974603884,3.1470461434173154,1.065572311593622,0.37740143078579397,0.09774562163851885,2.306378910710963,0.10057404021319741,5.8174800040833246,1.3203113709070418,0.07546417426251252,1.8701476824663603,0.3938554773390291,2.439224180544604,0.7620511028271236,3.1333004762297767,1.8066540142320602,4.783011309383439,0.13579751222339106,4.761370385602633,0.7683325573858214,2.6062053129424902,3.833436616093779,0.743816530237774,1.2773301804610178,0.42115596066222344,2.9333460191479226,0.417704019333249,4.0537282608490095,0.0,0.5601279760812637,0.7041637194539654,0.387583119544611,0.19937396072182095,2.9113656205903418,0.0,0.10661632898778424,0.314638526699882,4.357756078750672,0.22305178836844153,0.437014621984996,2.297250121171707,0.7450221490372647,1.8687262690266564,6.909283483828204,1.4574892310465075,0.062259894470126094,0.0506061736907874,1.9280860201230083,1.958025999354317,0.8686077546678864,1.0661925440122606,0.796265488952206,0.038295698181544525,0.9989175727583598,2.4450115340826053,2.8435819231539905,0.03337013846059218,2.716310527974885,1.8965043665430599,0.9804640761061334,0.8064478000493946,0.7255230455290277,0.8564678595094736,0.3701642805402099,0.4232016497080599,3.1972835421662227,0.7711249531283667,0.22268093149457158,0.10715219863491048,0.03955955725570582,0.06004738366993889,0.23143240844796506,2.825012184470663,0.42083269180157623,2.3235430091498888,0.0
2.179606589825924,3.598174612148007,0.42696244775855247,0.08488065359129648,2.035729468920619,0.789770977310058,1.203827597942124,0.06004738366993889,1.1414981881343063,4.260928939956876,9.146871056349655,0.39966330388801763,4.124377768152126,0.0093471722592526,1.5099491463043107,1.8407250605181962,5.313449033963925,6.862608844292333,1.1240633960270776,3.153918802013425,0.0,1.0051843758597232,6.456267337363377,6.9645742218105475,4.981902872812665,0.5363513579954835,1.8754262252564105,0.7936878365407464,0.03393391144193176,2.248018628147839,7.454309165198666,0.9633261476640851,2.789458003383018,0.8829168909041096,8.461014026330828,1.1154328261203466,0.5366497540200345,2.012354130407874,0.1211480564753105,1.7923139799332704,0.6315234064788974,5.679018363210614,2.1445358889476114,2.2425415349611373,3.265721926187199,1.2030758353435569,1.8462726575133672,6.179178602931213,2.177439471461764,4.952175122167518,1.2596641839486515,0.3379964635150159,2.13096380769339,0.18548600412807803,0.2680750225343238,1.6264391366973152,0.19673292822219499,1.3370830763107875,8.218152466716768,2.02708326002007,0.053945424962785246,0.6085254058957341,1.895923001923769,0.18459768415576083,0.2609891387860716,1.2618918199264697,0.4298569511336522,0.9405802324738909,0.18599337006996583,1.438718676564791,0.03646816706929173,0.20801775489589241,2.1978339460450282,0.40217642497948264,8.785955893143987,3.0758064263080738,0.6874190773718903,2.5634754395922736,1.7894788704239282,4.220151928949938,1.7770303852008065,0.0,2.819852084740506,2.185581148834532,0.3807294485035485,3.4627852625496307,0.7186136989754844,4.908346982248306,0.7008835560282688,0.4432883748171436,5.599865247338849,1.5915836808435362,0.3909977839573757,1.1984941536390832,1.9281618397068436,1.77606186497528,0.2808375686117713,0.8284691068817333,1.5473511124556458,0.752491708887378,4.0
6.132072962946695,5.678519859997269,1.2243490372027126,0.5417130663146439,2.681336813930132,0.9322123893133641,1.2769730187887312,2.1511444344193213,2.2108252230499015,6.938343432657711,5.3977447875024795,0.9168587646997541,4.772972998677214,0.0897693086335084,0.991825658697696,3.7541392440585817,2.9686253259154585,5.002558513687827,2.4221791677741855,2.3175645636102025,0.08827730968045189,0.6336636968666319,5.828606196205656,5.446209904075676,6.47722722457054,0.8089204269815944,2.524590293765844,0.7189643357595386,0.8371359139231831,2.7314873921985985,1.4080052836787986,4.811471030529836,4.085127180213324,0.6803243568440164,2.0029904906476803,1.6702965041074942,2.0398753491013113,2.574149960509702,0.555718009203519,2.249475681356518,0.6067264750128128,4.590410397839797,1.591057018746929,6.945560885993885,1.12366619645382,2.218502209444198,3.55288116386146,3.55810841444217,2.5144505385392515,1.4269624477585525,5.379763034462126,0.20201016731643198,1.4147850055528428,5.803854720240235,0.5479433112903502,0.9480774953104745,6.716857864109279,0.24086382278574983,7.33609411100029,0.2632748349720702,1.6656201640663812,0.3031085513810747,2.9340068920865736,2.030759818840293,2.3855966960122457,1.80690143234978,0.42395459401489705,1.1743424961991202,0.8413290945692328,3.398391417610305,0.8331734632383404,1.659467937084786,1.5146020264420408,0.5046712353857394,7.024133478660714,2.9193782232475796,0.8723165857503631,0.7298790121259352,0.8579809951275721,1.7737010064288083,1.8129088985617536,2.057103637141173,3.8467039130076177,3.3257030129084386,2.8232194597405864,2.534808661231747,2.6993961613185755,3.191894230324289,3.4083993791121765,4.106231049698643,3.286437628276274,1.8211387374907038,1.965063911477565,0.4952858293709642,1.5584635725377551,2.5348584514007184,0.8579013959639398,3.0945401187262362,0.6185205879887999,4.061784836453286,0.0
2.6076972295183425,3.9290524214710865,0.4014120253638086,5.861622930497365,2.8973566111008857,0.7039866038634307,0.07942931500291513,0.034779158048019,0.427069755210786,4.521132420283344,7.655077003382484,0.610511091666109,4.258119377032778,0.046421211248710355,0.5340616024211182,1.6035017263563798,6.748620897447866,3.6936096162111043,1.3617683594191536,1.3980219501811995,0.0,1.6077682346963613,5.717750440675659,4.404726043344457,4.205478534088657,0.7581325853094382,2.3976113198122384,0.4776773275653071,0.1595000220232196,2.251173718970097,1.7363451018832203,1.6756804604889561,2.0464561361440943,1.4804202422138393,0.3805078193394459,0.7906052426666134,4.1807366610751915,2.00636984264993,0.14665522211946516,0.4415897124195461,1.2683745046189085,8.160702412542971,0.26687647212818805,2.802668865920718,2.5189379295315653,0.35524184393088254,1.1621455712886748,2.4597988033716307,1.6241008946281144,4.484486192573112,1.1059462119053245,0.12406339602707797,2.6038102861491335,0.2985410185165308,0.1904252273692713,1.2690930080780702,1.3637317825444475,1.2471376115335855,6.872454496580228,0.3679301414318828,0.26110952890930156,0.06529656712778095,1.5986510478846079,3.16921951139959,1.1629833920234658,0.5099491463043107,1.9618085147374766,1.3527020362667346,0.14090950654166198,1.2820245812185476,0.01321211142685117,0.23658445811317516,2.148576232737703,0.092478087200385,4.477942790109568,5.562562987502225,0.6511320779167217,2.820955000194414,2.287531396532028,1.3782341552192388,1.0183493098788918,0.01049341924845273,4.254163165529207,0.22094900446677918,0.47549998726495085,2.62657931078201,0.9715159642997296,1.3066122243753981,1.0957894246731923,2.3341677892643293,5.655202971444937,1.61527503430528,0.158854029516618,2.351995739907302,0.2732174731034955,4.025666700388476,0.708849377105179,1.032383005311653,0.2253983373407441,0.34073316058773173,2.0
2.833213951417418,5.528365026235321,0.5722105933123085,1.9624379709229882,2.683337139204658,1.756852503263176,0.32780231537652965,0.7352622088228383,2.095283079671953,7.299425093309156,9.063695454180781,0.7455385345492702,5.487254799823416,0.48748634934853624,2.196386720437779,2.9190539942550244,2.350157749484993,3.3448142971732207,3.6903276926049484,2.7589640299818923,0.02786177535450958,1.262613558403634,6.87727431610727,5.107855225621143,7.292167921218643,1.0375227944518794,2.050640997424231,0.2970152884144715,0.7383787429764039,4.578642900103137,8.037749548478743,2.2530210957115133,2.896639984584887,2.126741636601707,0.8113066114697812,1.3914927899807217,3.373328040876061,2.6624333955613473,0.27572225616074836,0.7200157350828048,1.1486738429388588,2.817152514252107,1.503908402450705,5.44863669708433,1.8399192881825306,2.012604427583946,1.1485436945363445,3.9537867130103086,1.6514076555892456,0.9542707701448794,2.6028131627596944,0.09328973000147671,1.7548875021634684,3.1197379675522554,0.6497533994049379,1.112299791878912,2.450854928291486,1.3048614514884491,8.275430348575295,0.4464679860973255,1.499169814115249,0.08447251693690148,1.4477378710535673,2.9208839790930368,1.6940778535726786,0.9021121793305679,2.637842060324105,1.6907299621565595,0.2221863073221123,2.6156281657678155,0.14548182226552472,0.4209404561370802,1.6601071664705784,1.1465900582701851,12.634874881210012,4.246902076308184,0.9846258046091739,2.68457191013426,2.685177683886079,6.531309713897862,6.538389168496613,5.762840438912359,4.191381039084524,4.053919366995045,0.9905918725875832,0.7523204284596702,1.2652568479958384,0.5141980233475807,0.9995671265534694,1.2154922299909805,5.26562817248848,3.1822155573981035,0.7723924394085834,2.21989646206466,0.6802343262632583,5.576676315446967,0.7013272574129406,2.6335939548470293,0.0,2.019417260953559,3.0
6.627028944049089,5.095548932956029,0.6710215675934877,0.79941892199108,2.023858567275091,1.9552011930130273,0.5835190838514874,0.15302704346482315,0.17133494739876848,4.1997979617927355,8.629282297511603,0.5075155864792288,5.0558810839575985,0.026162654489675658,1.3088850574117634,2.9589725583390885,3.3540994837643288,0.9565771185858125,0.6415460290875237,3.410571765403503,0.0,2.791230625242139,4.23109442922292,5.685491688684552,7.075095092797812,1.0676387168753634,1.8069426645777624,2.1509820254582137,0.12141333091586493,4.177901850726101,3.582580087872133,2.63628819413514,2.9249929776226335,1.0129976640030613,1.392152533923116,1.2591820803381875,1.9044648297254634,2.745968714664241,0.9059669751922802,0.6390468935635355,6.45983158317884,5.680338423614761,1.4971780228508715,1.7618809536299824,2.758686934995755,0.8035577022720133,2.0814418942696196,6.384759579083905,2.2538682804417194,5.111027137917887,3.556049224718738,0.2971327095711626,4.527627132367158,0.3797318490348097,0.16298339202346543,1.3196179342001613,1.6246156331376465,1.0270832600200703,9.229620606026751,0.48583896687905476,0.025595835882683472,0.20889177502615322,1.1105636965540189,0.9593250392391321,0.10379974315766799,2.7811078756837624,2.53766880835138,1.0350607969051142,0.46821836153494933,1.9980149292696834,0.16375633339790888,0.08174865123416789,3.4460312048578428,1.697907231546794,4.1554092397927995,2.394761063680035,0.309991039260069,2.4620261353457495,5.423406731515632,2.6213368858135637,1.643024958013437,1.3173619602597932,3.1611782500798125,3.922454769885594,0.9241759149965543,2.6922486356733786,0.051859298835249854,1.4015212501086,0.12684073527769343,1.551196066834179,5.379776894435667,1.998303836635717,0.16388511670894185,5.117138134689586,0.032524065692199365,7.138209328972307,0.5202462227070274,3.6353016645261267,0.4915965944104484,4.7069283301084335,2.0
4.4128289370724945,5.7870980816110045,1.32964029003823,1.0871233436511993,1.7093347541631676,0.8483975995281935,0.9775363798228546,0.17670573818911434,1.0311834348874465,5.009087349086533,6.247857275264731,0.4139189771388196,5.5008147976567034,0.22490464410609018,0.7256975369468612,3.99726530603491,4.193945171720321,3.5724652839371887,2.3796764066106197,4.259498479003316,0.07409435357387338,0.13815914522947026,5.358382195048753,4.570936465312078,6.373030427441802,2.532416710078908,2.0605316604283272,0.5729866530625383,0.6070106659013291,1.6471302749536614,6.033729128767364,3.4657524943457902,4.505255800932163,2.3665040697948614,3.9863108078314964,2.9670025589060143,3.616969277575251,3.660198461837854,0.7278769008479432,2.5180566790974153,1.4267478089065773,3.2296955825325666,0.5854433189362013,4.899049921012316,0.9102721538261541,0.8460720296304579,3.7352080428273116,4.964588083237826,1.7194025119332605,7.055547086105393,4.574513301802488,0.7967638579044434,2.6933865926141833,1.9577289116463221,1.492929906667688,1.1763866072919584,3.227556261050453,0.5627675001856,8.557295584802787,0.03576465360097467,0.9832398952689876,0.10567807789453719,1.2028251607343707,1.0071237237459942,0.26159098896412525,2.5197683300489637,0.7484612330040358,1.7436011351074245,1.738681380574308,3.3166671041158904,0.010779838753242763,0.43017820443783106,0.8065302892595657,3.405556763343757,3.9938917005640255,2.9560194690713555,0.19748800240598138,2.919969276829277,0.6798741477466229,0.9218932895941194,2.272112794665927,0.008630305143440056,3.545610121237186,4.200292472264673,2.177981556313371,1.7232527345010678,0.8754655448547094,0.42545930476535526,1.034779158048019,4.674584938542411,5.230172265062604,1.42201765699418,0.9968225744589758,0.8184415757641648,0.09936253975777228,5.944097082786985,0.4745658345384748,0.694300770342678,0.39209756678307595,3.2947824686980725,5.0
6.994913433294221,6.411685541433383,1.265376882527973,0.0,2.885301026834273,1.401248172740162,1.995918618840429,0.24914190328034752,3.987793803170299,4.444859183716233,6.943003531254612,0.5887086399540509,6.363186849937988,0.4363750822445388,0.8298495598446904,2.411778740922068,3.077704450790707,2.9424206684638037,2.2425415349611373,3.5088469480925437,0.0,0.22638521727038605,5.5872749697185755,3.1689789245564133,6.35081545354226,0.925999418556223,2.0258084189584222,1.1319186788625675,0.22391675051899007,3.088820033298585,5.88055329664192,2.689254425112366,3.036643991846286,1.210575891437116,1.9408057181667444,2.5704143546176494,3.649328040984784,2.744656264105157,0.8569458632824328,2.8526980350550426,2.367846293874827,4.353683214203158,0.7782926961054605,5.120310463945627,1.3788999888717122,2.0209110655816898,2.3322209866435344,2.526068811667588,2.410585332536837,1.1101627623112655,3.901127556071867,0.3580586183054919,5.958879785892389,0.2325379690085176,0.6414535456719408,1.0459321739187224,3.6490980652873475,0.5776342652673305,6.084568184325181,0.565987040750771,0.8016553378891329,0.3014705874899018,2.411778740922068,1.369215194125736,0.7311832415722002,0.963991921569914,1.280778192336801,1.9608452855130782,2.5958139354666168,2.0968015818491685,0.02800327847275247,0.6932304555800988,0.40250390087258997,0.9557591588468806,8.7621394927319,2.3307591587315395,0.16079113991938748,1.6100385571753333,3.3468859935317545,1.7253485330042124,2.8208120772287195,1.4348817194071346,2.6546417563380995,2.269033146455237,1.3964335312509923,0.9834588115903233,0.6682099144690924,1.3746222061912077,1.2664567441359411,3.7631353324794063,5.605283935361647,0.7613703856026333,1.190362010883014,1.6872398939846032,0.33239286905761645,4.62924003395155,0.8509594026156548,3.789458003383018,0.2204537860491856,5.024009331618542,3.0
5.452661321718654,5.431442444406937,0.6875086607207278,0.0404015152842066,1.8050034748638715,1.4921608384470721,0.08460857531780949,0.26207228839841024,0.09234276899544701,4.113850494317241,9.936654574063768,0.3418719206444006,3.6182386555954547,0.008773707066016134,0.7222036924327488,2.359689831072047,2.9196261139086115,5.16820877693575,1.01278318469829,1.48300312574692,0.0,0.9664304673062981,6.8477927607824345,2.909619515656052,6.69520323119536,0.30742852519224734,2.5016684294611418,0.14287084509664236,0.5060941119063214,3.2556517927831914,6.38697127532457,2.2848398281168927,2.2373801576531505,1.00403390128449,1.4249758188690018,0.8121285194512712,4.650396946669789,0.9836776946980671,0.19899696624010868,0.6120221628080618,0.805622648436367,3.0552303673721632,1.2816092378902464,2.4821512852807768,1.1146335490689394,2.6215244436714578,0.9530789526125074,3.29484127140614,1.7849645667430236,2.21893612133568,1.5963150079510613,0.28853575029380213,3.3072827910600067,0.11862551354424566,0.09085343045111348,0.6832922185239796,0.3748447412897344,0.5343604723681642,7.967354236495841,0.41066673265765213,0.2906603118113554,0.5261689953446452,2.264116021559245,1.6329661249096672,1.1731914096692608,0.8014070183657183,1.4527008524838443,0.8423754882062879,0.014212444812104711,0.2573727556068014,0.0675010485665715,0.3353689151036729,3.8963009155738133,1.8586176303812763,11.200949840027318,4.7811446047736945,1.356876242847242,2.39061266181623,1.5362518789372896,5.029876885704074,1.0172805676706795,0.3304436682290092,4.037241635855932,0.8533569686021246,0.3166091843278231,1.0753272507070648,2.1654296204241854,1.6033592918829727,0.10205338272918787,1.8153704860337756,6.152382201920442,0.724562965306671,0.0172092900322231,3.92928918580289,0.21250708529447856,3.312461880949154,0.8287128122300234,3.167197333867264,0.6168281666049326,2.6172279451790144,1.0
3.699518318675386,4.749764865918436,1.1628545281905105,0.4259963213510792,1.5338124968276672,1.855312029454259,0.23192387329376324,0.30158764660318677,4.777624860844383,5.2111212483839875,8.963939341229707,2.887388793133947,5.859162029070902,0.02488699931317951,0.7201908938325967,2.4848599427588764,4.081390761766939,6.429212555712359,0.5772475355931507,1.6444100783306281,0.0,1.1506896432473208,6.4529874181425555,5.376339009565362,6.429341457824772,0.24829193773910016,2.0174943794592726,0.34164424053016007,0.1215459498469588,1.7882680828668374,8.16023599995824,3.564329386842937,2.0471195485685505,2.5953126888907234,8.812352857499958,2.8291797991097183,4.013765953111734,3.115016591245331,0.2686739245483581,1.8043427300218016,3.417744519636181,4.1838040788544415,1.6948801927991914,4.044131787320111,3.3534785630950834,0.43327997055725825,0.8918857513003865,5.473806389813761,0.9776829058275396,3.961789997162073,1.9372690536274921,0.06543444594863314,2.9320233643742304,1.20920379679368,0.37362037324573705,0.33959350096539836,1.2902474475871921,1.828915868577512,8.869343373958758,1.3292958481025152,0.3628906426658603,2.509189099729059,2.741725839297143,1.2101394574016684,0.27703255187479336,0.40206724982782543,0.15574923267794485,1.504061001309293,5.3431483981420245,1.5091890997290591,0.012211083950874365,0.14208662961752688,2.202574442561799,0.06295060882280785,11.007761606629582,4.2974922524242265,0.033792988849303096,2.0862402758207437,4.376227861492298,6.670037262133217,2.194402291938575,2.3171303787285944,4.422777945782977,1.3142324687053546,0.4521736865332683,0.6442254724390277,0.23450132056221032,1.3406761989831093,0.5426047502607579,1.467331656552315,5.388757822259483,2.6438331064694034,0.14808808264533596,0.8985566472935475,0.29395897902869444,0.9723250415571516,0.14561224716647592,1.6174395478189638,0.7265696776099158,1.1862469861453115,3.0
5.2801248919757295,5.347268789724038,1.1307991108381943,0.1190241031422746,1.6098022318777567,1.0172092900322232,0.23020301336642146,0.35636921371622504,0.3062622397278507,3.939283005374646,7.47056614818594,0.7611150338144407,4.533202006281329,0.10782175591285359,0.7165958819941426,1.3450556751792961,3.584782152569051,1.7650254700003707,0.9987731877461408,3.395158793142219,0.0,0.8013242356922837,4.393958413509976,1.5395806989329497,4.9153392378519545,1.866235420696214,1.5272205041411695,1.3521370268442672,0.4333868091577358,2.3437773323238025,3.819085674856625,1.8449479975978371,2.2717244635105684,1.0976782107074554,0.09261339271428384,3.490878146326293,5.065990136353069,2.101044904667137,0.6069159418252053,2.299127408412377,2.648396412905007,3.969012307516316,2.251749385097187,5.369459503977135,2.3547906492310706,1.079429315002915,1.7249121593156103,2.9511028364916605,4.326271276374642,2.6591938949069482,0.8593335093962684,0.09369538023355704,4.931177174243005,5.101956767450874,0.219338922698467,1.6986185538826801,3.1537891259313278,1.0323124699489437,6.842209524476494,0.0,2.9631781561738912,0.08787013294105718,1.3487423155852882,1.7856760889929038,1.0103501881695673,0.473527177156759,1.6782071514331487,0.8122106845018894,1.0648828515848543,1.2187811677840688,0.0814759815979586,1.4843959625026664,0.3373114773309574,3.6276535265340777,1.348572370159641,2.257493447876156,0.11209957977623511,1.3476089677593068,2.2474718535858558,3.572707804642259,2.251446431558582,3.1492268427020047,4.011370399457492,2.142250042999464,0.35524184393088254,0.8976276742795506,0.7530054281952,2.229557161324412,0.9919707406609004,0.5898593439360036,5.867955751611722,2.5662306528215426,0.031112840850249287,2.0652965671277808,0.35049724708413316,5.2772185769364786,0.7818213020875123,0.7133438950853292,0.0475383887633606,2.023113382703565,5.0
4.687038286069053,6.4769681088045985,0.23143240844796506,3.4986721240407026,2.9155782632314753,0.7120234309108124,0.41240217536404133,1.2943707826193236,0.20426594528956027,5.549083842657114,2.9615677677161605,0.9175463262244841,5.581634455237908,0.09098888841477233,1.6805044011523604,2.957078818919997,2.7238861613011354,3.271306143797337,2.078678142503528,4.344466357814268,0.09612688930500614,1.6284469983247358,6.191499484035937,1.9596217984792794,6.131556560742951,0.9913903252481377,1.8468743738149158,1.913569218148572,0.1319845087565303,2.0789854876189127,2.652486494918165,2.8050034748638715,3.495695162624069,0.794103898559748,1.2202680353087019,2.9837141719876326,4.85027436578394,3.0462640387560085,0.4047941531476932,1.264116021559245,3.00863030514344,5.399256559003988,0.3229664615496454,6.149854809622167,0.564134243458237,1.6638910775175841,1.7001733498526372,4.402728997437656,1.9259614523976956,2.4344814488829987,3.261335233315952,0.3048614514884491,5.761216115968336,1.2679552122912712,0.6115501230692405,1.3395935009653983,3.760987340969717,2.344260394985419,7.704798666163036,1.4527008524838443,0.17887395816979543,0.191183609220039,2.029982866215714,1.7010166807726128,0.35027092422840367,1.1031283162172254,1.19074126825662,1.3704433048213018,1.188843983605364,3.478751825790196,0.9741621677965998,1.1017845241669324,2.590410397839797,2.6581886279958615,7.299756596190995,3.2257993387337653,0.9006446520590808,2.452358216528243,3.426788056123808,1.27875794359686,4.9323163424741585,0.4766409086695203,3.0915305931206167,2.774818679967875,1.0686020273786716,2.4666793197318206,0.30987466003676634,3.577755097033768,2.0980152338689595,3.2135183728867243,4.819918487762484,1.024106876622435,1.6144271659663927,4.11815204532148,0.10366548276569647,5.615601683906191,0.3304436682290092,4.0902437121744235,0.568907674127396,3.891273354505281,5.0
0.87860764571753,6.233222761203413,1.2318010227771576,0.06887714085030783,2.2774789717319583,0.8447070196109923,0.2522945412018369,0.4624711893926507,1.3282045724656792,5.440649944342381,7.7662472988462135,0.292899515444873,6.932567925372648,0.1130336652998915,0.7577913411375702,3.04491864037528,6.625336250919686,1.1563318912767238,1.7875996269109937,6.5234772736454305,0.3255015493344994,0.4602707607525002,4.095299960702123,1.0855606248726257,5.743582286503383,1.743256435994979,1.9396027203560438,0.7365615829905526,1.6212430977400127,0.5962672942592975,5.603955642413908,0.3091761874785144,3.2923547660875734,2.1068173034313618,0.02701246506258167,6.046532531405305,3.5121763091141416,4.508568097861495,3.1398132647439723,3.191515275961426,5.207174447999169,5.0449667119282235,0.8232602282334437,6.944623051845725,1.4372810132261997,1.0771746231396142,2.24938465863022,1.9490119196348161,3.75278069850626,3.4001690115277627,4.212616027255233,0.2856981259581251,8.949147069049275,5.826281532233883,0.5772475355931507,0.785090154994758,3.3236871100560377,1.1691553588308936,5.777322392786562,0.0,0.8298495598446904,0.5907217700098412,1.1125666981357925,0.4202937493466222,0.3201958212661251,1.882564799373164,1.8645724627571325,2.9324202881451646,0.018349309878891815,3.5353811444555396,0.05838577100035305,5.702369418837862,1.3131877944809323,4.718706845183406,8.881541963005823,1.2651968269844145,0.5647195944430954,0.05338941954463493,0.9585828739668935,2.05460540320336,4.702624301186716,3.6766848988268253,2.997436940913949,2.845028314649543,0.7061105571964668,0.9953759734745525,0.7422649670401299,4.903920397405896,0.8652853937458617,2.093222110539024,4.6699451704377655,1.9080058485978761,2.1360272851619158,1.911269735607428,0.0553345017510994,1.0028825085331214,1.0837239663930085,3.4487820428075557,0.5141980233475807,4.5265258431659205,4.0
3.969601794236153,5.212631589720954,1.0478873293965498,0.5577776713949258,5.37108834185738,1.087598617923621,0.4235243882443349,0.4443490240642176,0.8963881123595494,5.17298747567652,4.073280406728885,1.5564048900385465,4.201273142317692,0.12075005333492556,1.722903138560449,2.1367819958324756,2.705668324706449,4.580272136873328,2.2367681200396574,2.355777454425567,0.05477903151961949,1.9515131964517556,5.742534455379462,5.038839995462076,4.549003726656643,1.16877038350082,2.0328061450832418,1.2149329856481101,2.114700172405481,1.7404958741870742,1.7861362988203386,3.8531074079693406,2.442518916217319,0.3508366648108816,0.7719700676981892,2.296163699096433,2.187039249144985,1.4886178345906478,1.4291070817804996,3.0954687601408057,1.6089038425274242,5.489221787222545,0.7766093693397367,6.6921551605960286,1.2300800162189076,2.2889786253597157,2.392592195666152,3.4488745279170594,1.8793921028304843,1.5576306501429458,1.1640782701231616,0.2393980415665554,4.72257531541019,4.212997259347122,0.2871176357881811,2.0049327879295324,4.008693045238479,1.5017703218999783,6.436366753034116,0.3523065529063358,0.4811955929289537,0.24293780020056457,4.697868320990303,1.5732775678760036,1.5048745893984643,0.6951029856404789,0.9061979357372204,0.9478531433870165,0.15652605852865611,1.412673149809512,0.04711954856855063,0.717824454487637,2.141628973651655,0.556699167457392,7.088818973490485,4.066330337234991,0.5016174805429828,0.5103543408136134,2.938041087041809,1.49901669699333,2.266756562304665,1.9788911778694702,3.66517671446587,0.1971105147126964,3.3151024530776683,3.0650552474792923,1.2186571929587897,3.1758598869282118,3.749051500831346,5.686839450670363,4.022163601739681,0.8937505017205659,4.181007110218295,1.5528196985632028,0.6468078077922257,1.9919344715378795,0.45659590512621256,2.7820100912144166,0.9004900886305113,3.8816254683131133,4.0
2.4732414152339603,5.668555998110639,0.6055891513111139,1.6447792192629533,1.4511715402256515,1.2445826609705137,0.37428833916903126,0.5838078827796642,1.426103700685049,4.594339534714762,7.8171058153102075,2.1276002657316413,6.710672831886699,0.08106688049188852,1.9157885728119448,1.7590705908069009,4.628272005294077,4.539313931267408,0.9712216418545024,4.683595405978961,0.0,0.12075005333492556,6.813733741799854,6.940505062743985,4.321545730035946,0.5951216919961718,1.6016965164809573,1.239825714946621,0.9527063076302241,3.4868688013441482,7.19240921183656,4.709130695068281,1.9736847399782353,4.21244482905174,7.973118163312326,2.377123749129487,4.858841380734869,2.6929181308085495,0.6135316529179271,1.676854117345396,4.7425506230791505,6.799415036308415,3.3446296867388168,3.5098478298928155,1.218099174370145,0.4186757129428916,1.4679576225197832,6.4037738722309365,1.8335378159507842,5.83979838350692,2.125419670054772,0.32573179112255435,3.4264257907420275,0.11276684542842838,0.5949306698123918,1.0585935772723563,0.7593263046785146,2.4063189706361925,9.062838390240564,0.4926223285744457,0.22576849642959676,1.2280490478844623,3.94345253855882,1.2187811677840688,0.062259894470126094,1.4026676109483274,0.3073119390641877,2.7431917957416294,1.2842772180551278,1.386259141133346,0.0,0.07751646970209519,3.9423455945687516,0.7130798989198626,9.712562422553049,4.236484964806407,0.6255510510793123,3.2058303851844405,4.8792401475765725,5.0158097532064865,3.122556768524281,2.3773736650251354,3.9937105871599576,7.817684647483606,0.2507190834005546,2.9504124223116883,0.3756233439289034,0.5489297694763999,0.9024209423153502,0.5745375213020635,5.73953490885456,0.9822178463155835,1.627373373440915,1.2688535466822943,1.3497615679526698,1.0089887832272548,0.32745743429415336,1.7513780224491544,0.4130524285485273,2.9726926540042644,3.0
4.304021785945897,5.675762308881206,1.2820245812185476,0.28581647180462016,2.1212143796584457,1.140647793154842,1.3549598637800937,1.3164933377753143,2.266066887343431,5.0140383294853645,8.27158301405567,1.739329676015583,5.364376324496263,0.07956584981027477,0.5957900705306598,2.5001646794921677,3.654366795797098,5.459438176327125,2.1857397094027826,3.699029627175281,0.02715405150372665,1.32417694550338,5.827511657194191,4.388630408099089,5.704941110376033,0.761200156099086,1.863978084358697,0.7960993277034315,0.6270464593924086,1.2720829267493403,3.3525608046545097,2.836974394102046,3.372394965238024,1.1571730940334646,3.6226609914748,3.948712969693914,2.430686709248299,2.3581148977352084,0.34323724728342053,2.5881329436012845,1.5626209865813485,6.600430334801455,0.8150015155605296,4.654865123197401,1.452753558485892,1.3754009289063571,3.1960246870830114,4.440593472347303,2.0147480525159396,3.1851846711552088,2.7736166185578854,0.7332675593547623,3.5723318801698474,5.090451214679337,0.6331986863740039,0.36244183412564446,2.5985557733235107,1.2062681245209828,8.42131546378816,0.7788813967628012,0.7177367339974821,1.920674411041618,1.729965997446928,1.2609891387860719,0.6660293812130446,2.207018225945622,1.1524430483428094,1.7069062342315575,1.0732032721567075,1.6568166796493198,0.7486329721912975,0.4115347149600704,0.9903014165687062,1.6003649149510029,7.692956477892573,2.643209717575819,0.23768607912016526,0.9733541204499438,4.359092402522475,3.350921506766911,2.5516636632965155,0.8624315535124526,3.0186341741390508,3.507566327534044,2.0733403974339604,2.348657345374851,1.4357885883269776,2.081646406159707,2.133201820296419,1.6892096883016303,4.813350241939862,1.127501219215837,0.7845039829295668,0.9567257887261841,2.898382510411779,2.96654121241907,0.5765705091143148,4.072174416924317,0.7310094124207291,4.108482638924548,2.0
3.445660498864697,4.917799304589658,1.0866479127551882,0.4832611599521272,4.956516716964797,1.929412287901253,0.7684172548960985,0.6286336341646971,4.879362693385245,5.014819451854808,5.6084751373122,1.0743684217815535,4.026127234850307,0.04711954856855063,1.4878464636473454,1.539034702970754,2.848798181244189,4.835913971312552,2.423766394775223,1.7339182915939477,0.0,0.67771118626068,6.63747838533777,5.174702022473184,4.1871738905973235,1.2663967730245533,1.761838413195023,0.8463930208523603,4.533233160012922,1.5461659850279204,2.560152438283004,3.091581367510123,2.398760790444761,0.22255729134872834,1.968791187883591,1.5537045463058108,1.4405801844977935,1.7547592569044046,0.5211512696379043,1.9776096446854197,2.254473107952732,6.3212408477104125,2.4940059138867343,7.205050332842648,1.4094180924946476,2.1739269319998087,3.500865774929074,3.8271381557536537,2.797967539266204,1.908697641214254,1.9325525718048995,0.3945141419559588,3.1975980843803886,4.262711266070656,0.8447873500790599,1.5521311082537839,3.5038956851505434,0.48830933570336316,5.224541980516882,0.3559183715122783,0.4888234638727645,0.21574071346401794,4.132214889733311,0.474150461314303,1.3745109257683912,1.4276061727818994,0.28024369586601683,0.8416511426850606,0.32331241775790276,1.007339046008162,0.026729250487489024,0.7479458927446216,2.2792929906975843,0.815329493974193,8.865939222902526,3.99262342900581,0.3576083038138484,0.9852089473175536,3.420078115979374,2.433814084458027,1.8723559901898572,0.09328973000147671,4.130346097516388,2.2571916982691307,3.3632131375860297,1.6130129438159402,1.653931334404906,1.9325525718048995,2.3001823099801157,6.353263295258631,4.092182062140319,0.8391533873898213,2.5386871433770293,1.2144356975081048,0.9265308398944193,3.7165080867687457,0.4064278245269817,3.5283587744828306,2.140647793154842,4.647302995574288,1.0
4.738854287845333,5.2456705888760755,0.1714630560025812,0.0,4.839410412589435,0.8635420511795795,0.1682569232085816,0.14391580307144475,2.031889185337333,4.782193612517089,6.411041453139315,1.4424392936238635,3.9963164290942443,0.056722242374540224,1.2609891387860719,2.2792929906975843,1.1823744882758063,3.361712222333176,0.8879151356381335,3.440620047679168,0.07751646970209519,1.067707546103729,7.495786287424934,2.534584584204297,4.03738222200308,1.365412592490942,1.9669472051165262,0.3975839402982482,0.5882289089481046,3.741984645757267,1.761795871505646,4.860451359696269,2.5581451589895825,0.6448714897398414,0.9423080561561847,1.8501993419906386,1.325904448353145,2.3311319222172022,0.29525282326769287,1.11623166060415,3.218703684766736,2.22909566135538,1.8017381015664575,5.9316972381340225,0.46821836153494933,0.7528342087503173,0.8818995030547616,5.3889747448059655,1.3371972813408008,1.0636409926426962,1.0429944636184125,5.39305918950469,7.197741571486751,0.5373457714901125,1.1234675556511255,1.5289713174983672,1.8411277779842126,2.2461040098839167,7.803128855423083,0.018776585179183593,3.0319950181337196,0.09504672450704019,2.6312440039330665,0.16992500144231237,0.48923463453201754,1.2854022188622483,0.9027296392333761,0.24974871508356883,0.10889240163240911,1.180466161223898,0.0,3.46781419597251,3.4852722444202087,1.6371465062531523,7.624395575652685,3.9005673724146943,0.16902704513481687,4.920841115377201,0.3924273382137218,1.9790009706200633,0.4743581628754001,0.10473921621623744,2.70460641332374,3.7901464564223115,2.039103291410797,1.7691793088133974,1.7447208387774544,9.77366606517479,0.6367290127897478,3.3600973462446104,6.017031080527841,1.3706106934905928,0.872868149988012,0.1861201836806385,1.246590502905181,5.5864555183970355,0.2586998155699026,1.7504350004320512,4.3481403354112915,4.31488500616317,2.0
2.203545732871533,5.157625846286008,0.7494913616025249,0.03689011054026592,3.502445177605381,0.8852619743867944,0.28024369586601683,0.13986236801564095,0.3669236489785181,5.339679006672395,8.22016934549945,0.3350258383216934,4.365566568801782,0.06667476272446016,0.9475539532074104,2.325904448353145,3.7135968460877757,2.4681922897538877,1.4393039807736705,3.442863896685096,0.05422334733715443,0.501005953141009,6.004182256167492,1.387803664533329,6.970326808849661,0.8279003009217208,2.486482699561897,0.40588347292225563,0.4065366702051717,2.459169286598955,5.200492583086081,2.0689802948781817,2.2649567179648225,1.6113612639197512,0.9095043135606028,3.6057432163916734,4.418480077268436,2.4590381026897132,0.2748878115775829,1.805870243478459,3.004285646004407,3.9726099493702365,0.4506965962643782,4.5118791310761495,2.507515586479229,2.10091038764691,1.6042136878655675,4.331053076434682,1.1708223991951756,1.1683211157397226,3.482551454807441,0.5017193765800976,7.097442247640789,0.1086248146816487,0.14025513403491605,2.4610308119302036,1.1149666349894014,1.281727919614638,8.265509096508264,0.18459768415576083,0.3709454125766362,0.16104922490055676,0.6914448311911374,0.7531766273221232,1.629799561462221,0.3847129624220463,2.249111555989338,1.0994298720351463,0.5786006361527426,2.547844628364022,0.0,0.39867871576502545,3.3637317825444475,2.4386388439531506,6.371365444877104,3.92086492870989,0.11928976837475146,1.122540203434969,1.0174943794592726,1.9188060052617515,4.28359587009038,1.5892841066712498,1.2462256485198717,1.4855813933587247,0.5575816397293087,0.9468057061905398,0.25447310795273254,2.540796038710728,0.22305178836844153,0.8450283146495428,6.105426656991599,0.6480972442016344,0.5811101752255496,2.0797023716973784,0.4567010310082053,4.6750085637113745,2.2502339808267546,0.6093767487633067,0.13842131042024963,3.585491391945349,5.0
3.8882659239895085,3.331590575866237,0.6526929891713025,0.09909317921910914,1.9467308601403095,1.704739194999914,0.08827730968045189,0.23229236208914864,0.05283319976294459,3.6119513666925536,9.61674658052855,0.13711000780235091,3.8833666606272454,0.013640910669386311,0.6753643127491455,1.8768803371629168,2.7692427951405385,6.21325006181084,0.5180314926021693,2.99294966248085,0.0,1.228972569760161,5.2428082639238935,7.516345359003969,6.361847298500777,0.21661006874244174,1.8184824794950725,0.8270873317573654,0.11609855223657987,3.8454398693745726,4.4719287813202,1.5773925713697141,2.3094672588082394,1.6750029161939268,2.2332131725203115,1.0169241442578214,0.7082313882155028,1.5725501708214409,0.2390313634502369,0.9353843107982451,0.3780676487800338,6.96395725342895,0.09828479572342246,1.8003718933762796,1.9665042983260368,0.1578198394788626,1.1154328261203466,6.036037305783029,4.3779705111485345,3.899349671662798,0.6630257564979753,0.01178185945991471,2.6799191749790636,0.14717642698094646,0.6172984828408464,0.567253374550151,0.17466207953358823,1.079019633034838,9.478885677449874,0.8779012694355401,0.008056554871058458,0.895069909817214,0.5681294165004911,0.7308355623222009,0.06571016406526571,2.1145002931651926,0.8899407365251172,0.7332675593547623,0.026729250487489024,0.6569081834733373,0.021479727410451392,1.4965646103592343,0.6365434213518011,1.124129585325412,5.708860410215643,2.574973402782056,1.2136272385119475,1.799294574954597,4.34766565630097,3.780782520061914,0.9968225744589758,0.12379860846262164,4.408508076151501,2.940768139665228,0.22687840419626906,3.8513892596130193,0.08949815083910263,0.7202784652333271,0.048794180260804905,0.10379974315766799,5.007935500275655,2.1373395718160246,0.014355292977070054,1.0442542148741614,0.11796095273241665,0.6813143226013214,0.6119277672153374,3.27875794359686,2.18570799868324,1.8469144793133099,1.0
4.208743541043069,5.620806316715681,0.7908554282288269,0.28238049463860565,2.455465317835536,2.014676649643325,1.1536756497972376,0.06004738366993889,1.7558276192222846,4.268681409250455,4.566930808471126,0.4475263011689105,5.228149124645616,0.04935195913529153,1.0044654367703003,1.9147941118626,3.456503913695224,5.857013069863053,1.2632748349720706,2.9744558910206793,0.0,2.274828189920755,7.607842934288502,6.7783294969351635,4.5810981205709025,0.7718010843842755,1.8285909647018286,0.6331056662868707,0.2439127588731744,3.9176131550096716,5.899779850048288,4.312026157443343,2.8399797367209048,2.3298985675339323,2.678162070735047,1.4190534171165767,4.029806227704213,1.9594363311077552,0.41997028720837626,1.0802483300921204,1.887018288819775,4.40310408035101,0.5752155022675952,4.0763709647358075,0.4617380860204662,0.589379995477964,2.4581194811745064,5.356819915075994,2.943264980700926,3.1653813797032297,1.6004124933182555,0.1812934128854749,3.6030268900815177,0.47695191252389657,0.28048127430062353,0.6323612895965671,2.087598617923621,2.6262288500304165,9.312571018154523,0.30521177607818833,0.3080113145521776,0.18650055764449475,4.242693957549618,0.7150147499108935,1.1674863899656494,2.0454779193456307,2.2073931304583354,0.827493873603798,2.1003721941071123,0.9281997480045767,0.03899797879750991,0.18002052146631284,3.0109409247395273,0.3026407514285684,4.117379210800064,2.9441462906956675,1.5796146293955715,3.041015133390919,0.4513298201403328,2.744010358363311,0.9679801258199748,0.01049341924845273,3.8790195388860575,3.455859809386185,0.9582859009232576,1.549619889097734,0.4796444745762357,1.6217119771490243,1.2005043534465214,1.4921608384470721,5.619098964276816,1.9126115457949318,0.22712493444992585,1.2161754565864544,0.6347791109090936,7.532548401672262,2.395775742551171,3.3525466807328397,0.5891882114908569,4.394068203997667,3.0
2.3442319840116803,3.582435572692117,0.5243646238798677,0.025595835882683472,2.480290976572629,1.998303836635717,0.3430097825543898,0.18320064672542768,2.466940289856784,4.429689603368501,8.24658337772638,0.6388616000825603,3.897695432117283,0.16954023145979727,0.9154061689501652,2.0466656677634916,2.3893465361624977,2.14509047680242,3.274023056300495,2.0720714910346247,0.03759307554023308,2.353859614274893,5.160222383487885,4.500368669671321,5.851629124117325,0.4493236569907796,2.282558418427558,1.0345678928182138,1.94091844779871,3.6908863700288808,6.275387046247507,1.1446990251541391,1.5834228046935959,1.8299307218396426,1.8102785675873747,2.3750672420676104,4.408521662705606,1.0967341267917217,0.3078947755125013,2.111498776705849,2.526469504640831,3.3671333928193663,0.23523688908981516,4.446017966998178,1.221938931628624,1.4696255385012338,1.6042611394761064,3.5995796452709934,1.6549853833373076,0.921360156934695,1.4280351632819053,0.12459282540582266,5.057077636155205,1.1291511073681268,0.24659050290518097,1.2590012499415493,1.0245324503838953,1.1687062109571231,5.55736719959127,1.1536756497972376,0.22478119439558927,0.22453426327972947,2.423309237242387,0.5408208309061676,1.0904469802326513,0.571337026806121,2.0924104296844446,2.3661963008204907,0.14561224716647592,1.2763179926522168,0.010779838753242763,0.5253673310656923,0.5864044748950628,1.5052303899634902,7.018828873204614,2.382252228038466,1.2088293625738544,2.364964567941434,1.6625701158281458,2.053702198958519,5.551402197111553,3.8053130948671106,3.845480014770052,2.3293532608028786,0.7883516180882433,1.0070519425164903,0.22626189419120774,1.4514880826918277,0.5922537001149073,0.44583262420762776,5.321949735150674,1.4150555328541454,0.3638999516866216,1.0292054949436407,0.26279393662065453,4.717248691396852,1.560372579435623,3.3081424097202783,0.865602138912267,1.9367792573094658,3.0
0.20826752896869236,6.188201107948285,0.9474043348468005,0.0,1.9495722838614278,0.8966206113594167,2.0797023716973784,0.0829750272577682,0.0615688492680028,5.201163340415068,7.868241039206763,0.23069489712191563,5.468166217501659,0.039419183133397186,1.4412178632621138,2.8702463397490154,3.5674846039585684,0.6812243537795597,1.6947019337508828,4.969422210513824,0.1424787906422466,1.1548424068692327,5.451164944852345,4.703189314514104,5.569794861997716,1.0167102479356687,1.7603487071597772,2.0738202332916713,2.4780140034580067,3.003152448666922,4.62052189825566,0.3840498067951597,3.3992121177400794,1.7510780368464391,0.17171923908784795,4.806241556386925,2.15940314158529,3.4440176549316486,0.5199444141830253,2.160533008760909,5.267550779247865,5.156356163612372,0.11049688191740235,3.314362999810704,0.8994850225127708,1.475396222382618,3.5106581620300443,2.770786768635283,2.581423560897315,4.8927358713894185,0.971148051860307,0.1190241031422746,5.2729078006266095,0.0,0.17018145776525037,0.9503937578826275,0.0,1.8089616015478853,9.351062898940386,0.3467583722268024,0.18903382439001715,0.18307357621485196,0.0,0.31649333777531463,1.1149666349894014,1.2738142445870366,2.499578047010132,1.3236006512395497,0.005902956858236406,2.234378689337615,0.0,0.0676387168753633,3.1722474730746693,3.3003580519404454,7.226534539701156,2.390585149157523,0.571337026806121,2.0244260687121374,3.829940866767976,1.576231876694746,2.086885647787594,4.144413524685719,3.650247577352377,4.882711514620551,0.46790546906145347,0.8038056519230298,0.8434211234390571,0.09909317921910914,0.39791246017690557,0.6977738195551858,5.723520336645935,0.7572793234908062,0.5114680392758656,1.6515454246881287,0.0,0.7390703927965137,0.8133605041330846,2.914392308237281,0.7768619935996945,5.72719892664574,5.0
4.794057097572242,5.090235242050451,0.3880241758124573,0.7718010843842755,2.198557014798584,0.96266006637552,0.1802751896118795,0.39604985762503087,4.265481904551701,4.826467134792306,9.155257937436248,0.34130265297300905,4.327672994631967,0.1733833212147234,3.2198190389250474,1.3733419628083752,2.045582760019635,2.332364223410651,2.6720405719889806,1.890913571691846,0.0,0.7007060372584017,7.344210675414201,1.8332544384602565,5.987013828482402,0.8583789250820709,1.6261587476628316,0.8609230809992202,1.2798278394408835,4.316124014794792,6.870575559605292,3.3535773638062363,2.072140109110304,1.4653476372922583,0.8225262190388317,1.6864781162124005,4.664943564497087,1.6846392308911906,0.5785040281880037,1.64408700251674,1.0099920482474418,3.2772706596556422,2.0215152613334566,4.991725906384037,2.271515318815801,1.708275539059106,2.524715650673383,4.690227107688723,1.791772404277366,0.9098114987083382,1.5089356618643954,0.26207228839841024,3.886081853871919,2.121280699792729,0.15120939288489368,1.103061156333551,1.2450088004037965,1.6457016585788349,7.973706549019302,0.10982856530708651,0.4155423541986969,0.0822938359514309,0.9867385764139018,1.5470549218559626,0.6783423850761,0.17887395816979543,2.801469102253679,0.869239718776284,0.6331056662868707,0.6203048815133533,0.20075543159558676,0.6716556993600769,3.5226333143487074,1.180211526789863,10.882022893444756,5.020946613513559,0.018064389360361564,3.324767408311545,1.8711733885818413,2.034779158048019,4.382210719000521,1.093560176162338,3.148218272154145,2.2086733196294714,0.3295254851966552,1.1889072666425882,0.6432097175758189,0.44127099043859935,0.1694119519913547,2.269122937958075,6.40459492291998,0.9025752990309406,0.05130248870063107,2.859989419916688,0.41575866652249804,2.9281049753925297,0.4111007890854134,2.2412605490472597,0.19648114898230806,3.7851634097598517,5.0
3.7010721457907807,4.604356038015255,0.5050779147516145,0.0506061736907874,2.248990160441303,2.0462465740886895,0.4156505144147303,1.1497146077008094,1.454017925226717,4.050092425960568,9.742488477493215,1.2789957668062821,4.40877978292586,0.4092551466848378,0.8943715499612752,1.2409859040247386,1.629566451370924,1.9428335050699368,1.2642361510435471,1.9690491574937354,0.0,1.2550776820054508,6.763404934657964,5.533865435365312,6.860740617629314,0.9950140964714038,1.6881355884573352,1.3642362311739968,1.0844725169369014,0.834468521710303,6.598204393991506,2.710811942786841,2.1952215932528447,1.3521370268442672,1.6164047508621204,1.7484182950126668,5.107156384333047,1.4947739994294944,0.37840064244357563,0.9321367823096581,1.5467092892829515,2.2532631992598056,1.2019474564411579,5.384540294997069,4.274656763931074,0.4408459182372657,0.5387367998742167,3.0090963092852814,2.213440606695958,1.0069801577153366,1.6771248256976208,0.06364099264269589,2.5447326559326235,0.6476368634845486,0.33239286905761645,1.2544731079527323,1.657457084573512,2.111298453402541,8.383245926421822,0.9529299061698016,1.1863103831985107,0.030971642412075527,1.4313555215735165,3.1800364395425094,0.40250390087258997,0.039138393906958314,1.6345003382359988,0.6082415132627188,0.7249121593156101,1.3426685182024996,0.032241931137493844,0.6815841954078862,0.561790461653818,0.8517590340743748,8.739106857315036,2.4710313442715277,0.05450121618256057,0.6520504655223032,1.6353829336358796,5.056193323697853,1.3310172360180965,5.968551603363945,4.602765663499134,0.8535166647546995,0.23952024689811735,1.9899745836337484,0.558561531800457,1.0594937253916716,1.3150444704383146,1.6656656383706794,6.3467760980831605,0.9646573883765778,0.12512206056982392,3.559552994903522,1.6313837119698666,0.3796209620557083,3.6375986545425234,0.8461522841316822,0.0,0.9705591967334017,5.0
4.561839329298531,6.038725885626373,0.18485154568041529,0.26110952890930156,3.4845764170006763,1.522708631894734,0.5144000390366161,0.29842371193103795,2.682663182088948,6.463293850604839,5.9844868178547985,1.135075130368401,5.062708896413673,0.06391705369231143,1.7589853427765698,2.9132436808699973,2.0498746810486015,5.583519083851487,0.8876812293429922,4.191444210935411,0.051859298835249854,0.6673926006671054,7.363357711088887,5.637332020130142,6.339222917663159,1.3761236523962235,2.265076777469813,0.5807243763087195,0.2872358652527741,2.101717301696874,2.9227496974054077,4.738940733710353,4.021017706749709,1.0122110839508744,3.3091616323703783,2.3576646008127002,3.1248905440739585,2.7301616952454903,1.8619950525959497,2.161790962148858,3.217758056727634,3.591906764696436,0.1984941536390832,4.882481654109568,0.8664728297158477,1.9022279731938543,3.0077337200416303,5.336519056418512,3.677902829380559,2.590098958452804,5.320192210190719,0.5637438774838907,5.719399773745419,2.2238241008037165,0.7390703927965137,1.668436863932489,2.3528714959534143,2.1441442867716525,8.108756523836375,0.049491370165103715,1.2373189655745507,0.24914190328034752,3.340548027149199,0.5298709091281665,1.5365502955359103,3.006872473815985,1.1790651153426415,0.9174699466791932,0.7114949066500879,3.008074488021346,0.015069321717648201,1.0999684171548856,3.2016181796165886,1.4721238024814385,7.514602026442041,3.22424097767458,0.1079556300873933,1.6379811309063717,1.1302060464331953,4.145286162803519,1.240131118330748,0.0,3.090023472787781,5.447030312641823,1.1052087234281835,1.9861560517844203,1.5228592551916975,10.322657485865854,1.9025752990309406,3.8840996802794705,6.293094544598134,1.9119983016993505,2.7025910582165453,0.506601942191015,0.13632265374921437,5.310798161741404,0.3492520317806705,3.4428108281360146,0.08990486842133553,5.039239308826157,2.0
2.450828540826975,6.178051295090127,0.7603487071597772,0.0,3.7788708863573337,0.7788813967628012,0.19484351199951963,0.8979373984200465,0.7561693281392987,6.235568155534657,1.6011735338770732,1.8481972669525901,5.846894426703474,0.06571016406526571,2.3395935009653983,3.381200297460858,1.3229087941152062,5.342437407956508,1.7149708048297623,4.685968172552987,0.0,0.047677975144475616,4.0530331159332755,1.614662734936576,7.453017882982967,1.389676936951962,2.0460719157864107,1.0386468812218828,0.4659222393039372,0.11009592910342043,2.7748397598273264,1.1235337722909942,5.752831533285251,0.8903299493153726,1.6311974315808426,1.9393770465477953,1.5358538940958997,3.55109760615911,0.9359122870313616,4.433480286443348,1.3014120543712857,1.6312440039330665,0.03181862582635714,6.570426498873085,0.3898971621150958,1.6279336252356218,3.6372044819022946,3.4514089535862404,2.3795655153699125,0.6132487438002662,1.4285176251672376,0.2834477083779797,2.0599435889261346,4.993162580655287,0.6571826601284232,1.0024504992348224,1.505281211453267,1.6579600605211062,3.0266584381557258,0.1335635257411058,0.6961719126152048,0.35128909759887456,3.3261346258560684,1.2798278394408835,0.14182512970002847,5.600671173231847,1.0209821605695517,1.598126959919604,0.0,4.147396253819245,0.0,0.11209957977623511,3.5344227291482135,0.08882003329858511,2.900161586352823,0.5344600819267281,0.07587486697512764,0.36591645385806115,3.1226395911179448,0.41543418587318104,2.4115347149600703,0.0,2.0160327002911442,4.332750891662302,2.6485574780527603,1.1327742332763258,0.7121114994662765,0.6026469085053726,3.7577273488684857,0.7083196885516011,2.5786972376487034,1.1124332511797366,0.13014013533644853,0.12061736121794181,0.0,0.585635601362301,0.3791773288908076,3.567959116666629,0.14038603228305635,4.539605512022186,1.0
5.166542728930155,5.283151339297686,1.5770057768928132,0.03181862582635714,3.015212085068504,2.2849582443885526,0.6533352267911312,0.17836408184680327,1.5681780699037802,5.334822097874397,8.44921427721916,0.9643616632467346,4.946286381726908,0.6176746254686815,0.888616627068146,1.6911767968121243,1.8129088985617536,2.629962716117853,1.4393039807736705,2.4767964189771523,0.0,1.3064955722596368,7.099745450202636,4.451343009349415,4.364425353945333,2.179829490851302,2.331877160369055,1.7672310370238755,0.984844510747831,3.227356018308647,5.7360392669618845,1.1815478564559563,1.786303611457549,1.4858389668790548,1.6868814604322278,1.8616378172243362,3.30458405084521,1.9895023608623812,0.5699770933245684,2.1085579101883543,1.9533024934090017,3.369773555863834,0.6203987305971979,4.558641118804042,1.5479926502223464,2.244765307569313,2.0020543770370196,3.751870720563605,1.653197628510251,2.5040864328832093,1.872277180234583,0.26879367512247887,5.446163576774191,2.47253975953651,0.6747318093546646,2.4730855212337843,2.5950500616411953,1.6454249887072632,6.5372090802713485,0.3677065371163563,0.3006509076426647,0.04809665327294402,1.8826821727646692,1.417758019484506,1.9258095777715702,0.5886127065137863,2.263695489574081,3.1489341045263393,0.4549128483801552,0.8217918362075559,1.3208889803317763,0.5878450092542776,3.821230597364508,1.191246789716267,9.900757696269562,3.2722322601491456,0.47840237803727326,1.3734533334307009,4.149015426644728,1.8712128242575141,4.161790962148857,2.8327077674911236,3.800278695687711,1.8813513815096614,1.5679347864778166,1.9218932895941194,0.9218171398466213,0.7460547352969404,0.9427584526552555,2.6560615515722943,5.8131449827445225,1.9974730719709608,0.2681948228284253,0.7580472818332337,0.601316184298991,4.767649501990324,0.5378427213213803,2.5370972323675987,0.7606041946090247,3.372715342813678,3.0
4.118417871172883,5.035021194762881,0.7094671013881719,0.6259250484996542,1.9026138856295198,0.7436442167062597,0.1126334169852453,0.4533331974603884,1.3095254660278273,5.640490788112205,8.449487917446469,0.5912964344432069,6.201539769294389,0.6657565826793985,1.2341333956124827,3.022509856008941,3.166602981058683,4.513206473814191,1.8397177747603757,3.90786168337318,0.05963215988209959,0.42373950716531633,6.486724025284592,0.7917724042773657,8.493793818233355,1.2392758258825578,1.9575060557104138,0.2447653075693132,1.8963881123595492,2.49710136055116,5.220457655601976,1.2607483283964478,2.89687244300084,1.4164074089635679,0.4821254640799907,2.302962380189662,3.003746139232895,3.1161651079554984,0.5895717539737456,1.3066705468964128,1.6993295256731564,4.622977190907872,1.3347970751338853,3.707127177773176,1.5152582902716667,1.9070829421244877,2.606679104421589,3.3783728959070305,1.372952097911829,0.6623878192596837,1.2779847472997652,0.40206724982782543,4.4679902174738615,1.5573365626837048,0.29771967204351296,3.3685728108582826,0.7168592356182069,1.6569539332090557,7.820204496614725,0.11156554495951766,0.1595000220232196,0.1086248146816487,1.7345253769823001,1.4575942918564064,1.9850996260125753,1.3282045724656792,2.0430644786649372,2.5427285516768183,0.13750352374993502,1.3478357085622392,0.1644001350244117,0.5829413125017994,3.870414041647678,1.2926639733968575,11.049049606020034,4.251196446988197,1.3911628048372682,1.1595000220232197,2.729770273098871,0.8027308955321565,5.634363836136886,2.90338540095093,4.321062218073801,2.0525550094341054,0.9526317670819686,1.5642318184500494,1.3294680793497666,0.9666519490314046,0.4139189771388196,0.9701910401894667,4.288292111045244,0.7420062108667361,0.2501126796923753,2.5220306323852104,0.7332675593547623,4.396255409756737,2.0864441086853147,3.6392784769534234,0.5491269801992671,3.6032999400351438,2.0
5.548757187977194,5.774352209265645,0.7809819402760253,1.4681662175016597,5.78895449452683,1.317477737086827,1.952445398860024,0.22070141650652012,2.9105791755427606,7.338608038279359,1.3060288694522062,0.6459782754027843,3.0620871641991094,0.5133896775968414,1.91586504142251,2.9209030292246316,2.7721390312213536,4.379641754013504,2.243669080966863,1.5385381636298043,0.04264433740849372,2.060047383669939,5.420367865873544,5.117366742333967,6.927384500011502,1.2904244038652994,1.8882659239895085,1.1589186417852937,4.54662286819992,1.4323180669495237,1.7967638579044434,4.629898621846473,3.8472453071418116,0.40751591194630105,1.1914363146053217,1.4602183286672739,1.106549331284617,1.499067737839628,1.2589409681055064,2.558194150263728,4.016433918242132,6.328938761579623,0.8475961022626406,7.637913770267185,1.068808367400604,2.704628544451791,3.3964472319935424,4.544837732721626,2.96641200896098,1.6572741407435827,3.3826119230151876,0.720453592089683,2.2846325762508295,6.068098949903206,0.4234168167540797,1.4595889949668415,5.98760055428006,0.492724861891776,7.642222133938243,0.6841903664960174,1.2852246454678595,0.2748878115775829,5.590631958011127,1.2630344058337937,0.3327365724638612,1.0734775096789682,0.4865599281852402,0.5745375213020635,1.1375035237499351,2.500776563520308,0.9065827878324653,0.8235048150003071,0.7577913411375702,0.6434868125619564,6.202564647998891,3.8116559795770595,0.5391339903346756,0.9019577730543046,2.6958602240509695,1.30293314417412,0.903809558578697,0.2102641663130906,3.950207100310219,2.260778431893426,3.195174338514383,4.079523184071008,2.615581086566634,1.4134857679047594,2.55525172517546,6.95379369575807,3.759986689139573,1.023113382703565,1.5955991368298932,0.7302269219463682,0.7908554282288269,2.1018517435049007,0.5344600819267281,4.116439617845473,0.3520805137298626,2.9299803153543116,0.0
4.68082504943024,5.324875393659077,1.112299791878912,0.15769051358205344,2.8863745550924422,2.133563525741106,1.0292054949436407,0.14234808214468114,0.937193711170317,5.589269123469475,5.067759165870123,0.747344429689174,5.193641658471043,0.1331689334860438,0.7395889126442742,2.4974846313192023,2.4224483122334646,2.5491269801992673,1.7554858293507762,3.116497840501748,0.0,1.19194159262148,4.219323432417737,1.4599036961331198,6.138523705759851,0.6558097543554524,2.2453739626181624,0.2691528672171736,0.427391629686718,2.4874348971100497,4.714256509586465,4.5724531568317,3.3649365617869127,0.9040408647343733,0.7759354883017874,3.989039069111832,2.7381409117476463,2.3358262239404963,1.0069083693421774,1.983495294414508,3.4511319675335366,4.3364047976848585,0.798506794739972,4.50841597501534,0.8591744558664355,1.556306784224977,2.4776773275653072,2.250385592903871,3.42258286563643,1.4506965962643783,3.459024983642697,0.3330801940067239,7.540714686326804,2.0249933470034462,0.3418719206444006,1.5340616024211182,3.4086982762664038,1.1141004515881803,6.651067481784502,0.7914390258724417,1.8999103282483547,0.18966644665005042,1.0683268614345056,0.24049751707326048,1.799626143238027,1.0472591754780127,0.6548021257897905,0.9419326183002421,2.1362242042724024,2.9292039551195828,0.05519565424212462,1.1418905091231875,2.911193023032455,2.3515717960578137,6.112975302669535,3.0821064519417476,0.6379347755351448,1.8827995366077999,0.5429018558133899,6.204087882742455,1.6345468040891322,0.022190239634065988,3.21998936434798,2.7050932197348923,2.295869931015416,3.2992593132990504,1.0316774964507602,7.372724047733214,1.0626052929828462,2.3135941465723913,5.4579028637467255,2.2771516106774925,1.0611540632071006,1.0753272507070648,0.02644598030380087,4.889814219756577,0.5946440891047674,4.733191621470746,1.2124448290517393,4.58795899013823,3.0
5.456549910143932,3.2470616366300242,1.050745463581399,0.4357352588734684,1.7402368004929345,1.7194025119332605,2.7446777893170737,0.08990486842133553,2.2601461265089675,3.0309010380104224,8.589607705854354,1.1100959291034205,3.8178381109862762,0.04572253573460056,0.47508488294878287,2.236492618381302,4.486418339217627,5.514434757634563,1.1182268137929476,1.3508366648108816,0.0,1.7957669477823923,5.522168769240911,6.20633846309929,4.206361908530001,0.6419159034751127,2.165783336431569,0.1424787906422466,0.12220886170022928,1.441324115658751,7.371952587962567,2.546388270589978,2.385210129174731,3.131787010062541,6.247285751088718,1.1967958661670577,3.8494388807288566,1.232660756790275,0.4132691144968002,1.452753558485892,0.8229340480283714,7.326208346822608,0.4744620024436523,3.4847181868447668,2.4796186084694156,0.5327657833868525,2.1016164621184807,5.613602371529784,1.4842928355116014,5.445753184293458,0.9926234290058101,0.06832686143450555,2.3795655153699125,0.8035577022720133,1.8629869091950904,1.0400507591518504,1.1219437335104012,1.6710215675934879,8.110208708345766,0.8524783236423867,0.07025192182044421,0.7304877992637763,1.5575326276506614,1.5076678042901446,0.4896456880402872,0.8227709302667766,0.7729835521381047,3.0143195822618143,0.7833309238236754,0.9908822701410775,0.0,0.345850517219489,2.8771552746230475,0.15523111629927883,7.196652284967518,3.417758019484506,0.039278795351367586,2.5093158019678348,3.838760201433497,1.7352188761891112,1.2695718116637598,0.6383055768070925,3.4054614591117742,2.1166309120363063,1.3194445229323417,1.4243309188586109,1.3002994736656384,2.678635347822744,0.5857317329659271,2.620516033367501,6.025396510796238,1.027932528648503,0.3707222751481672,2.0516853187522046,0.5644269486377939,0.6007454979620838,1.4796444745762358,2.6644600847429363,1.4279815464449246,2.279084940403423,2.0
4.821169358098525,5.19579640196354,1.3962143016732596,0.1302719545188591,3.972977489236537,1.9234534742941838,1.1200864706725255,2.7656620373685348,5.174042822514479,6.038354966315597,6.02353481412322,2.5088596218225168,5.115715797256217,0.14821827215414504,1.0741628755070072,2.7181533588307465,2.875956949436276,6.0830729220727315,2.78351951551974,2.383745758561945,0.06557231159362208,1.026587622348084,6.446856676364756,4.815324369884849,7.256250211123172,1.1340237470080807,1.6301724592810756,0.561497221019815,2.4288391768121547,1.4914426713659483,6.228543590414377,4.474656681491743,3.1964181973060293,0.5508021838091705,6.036960422455912,2.1857397094027826,1.7653225697259465,1.9233013354059683,0.06433104624598394,3.1005067613155757,0.6582800448473249,3.4069175654225097,2.1988398561262734,5.574625313579819,1.4769519125238966,2.290335928439356,2.5589777844776282,3.443686209670219,2.963511115681171,0.7843364614429772,2.317477737086827,0.5377433450485056,2.9295448476457295,5.764303687272353,1.3166671041158906,0.9150236637007182,5.079386645225567,0.8199951028363747,6.245054450735493,0.1443074672630423,1.120418300156448,0.3373114773309574,4.121230959977836,2.3244938092511926,1.8396371615096696,3.088718288170655,0.3722835128805282,1.359240025529329,0.6457016585788348,2.359689831072047,0.019061365093430198,0.8661562756737902,2.0162466970837576,1.3941848472367853,9.188761662063042,2.053007041482044,0.3671473746579443,0.8144273738612482,1.542604750260758,2.2579157913242183,2.045897236336755,0.03759307554023308,3.7872234842831585,3.982820212779698,4.399164256386365,3.7002510456838156,1.5980316507406773,2.108892401632409,5.588414823644175,3.7292590898589726,3.7105034014857896,1.1847880844869727,2.301207169752481,1.1274351844273651,4.378886120471137,4.8058805590164635,0.9682751102387073,0.8868232483240153,0.4077334309879327,4.268254719245136,0.0
2.6188494394950097,4.108482638924548,1.4361085236566937,0.0,2.9361573531889937,1.669797811496675,0.28498784693784274,0.8788430276417866,1.0768326955573986,5.268411935508669,8.741135263238931,0.6276068381296498,4.0695217325516015,0.23878685958711648,0.6550770033824843,1.7178683127326626,3.279307850284877,4.126782928543954,1.0211243400356063,2.330271553416697,0.0,1.8054162867703416,5.99856786542356,2.3514869923364787,7.016645627184307,0.5151068712667638,2.749791677276384,0.24232811627952333,0.5799524688312953,2.95464301130103,6.8868049619255975,1.1707583178643683,1.4780916867383684,1.5541467667465128,1.9083133529372789,1.8630265692789627,4.331060244411156,1.2993032789147452,0.1899194179010736,2.9023630542889847,1.2541707258927943,2.852618143867289,0.6069159418252053,4.664477151492895,1.483106344967175,1.9455702495529252,2.0603933122271383,2.347325491633802,1.9765835978769972,0.6018866449789776,1.667528851792568,0.36725922448866966,4.759986689139573,1.2373801576531505,0.22268093149457158,0.7554003692292638,3.268209797165735,0.3894566781666655,6.821568642362335,0.0,0.5595407587713905,0.1028596579220564,0.9619196151988836,1.9468805483580085,1.883503519237687,0.9429835981871018,1.0594245031648086,1.1631766661936105,0.684728987014086,1.9814142995999684,0.014783752627070351,0.2916035580305647,1.7730679770461597,1.3001823099801157,10.124835372552385,3.266756562304665,0.08651204657428184,1.231493850710315,3.3642642509267753,1.5349580265838958,2.6301957621948127,0.9908822701410775,2.677463139721782,1.9114998488611081,0.6316165286374511,2.6148040578578713,0.9393018140996835,0.3170724775369711,1.3610945701763204,2.511898101716167,6.188394989853834,0.7285736025593648,0.3911077999745782,0.8094967640008857,0.4323180669495235,3.865968288842469,2.8433206145152474,0.9329682415027545,0.3059121701566207,4.036362661916641,1.0
4.303824576221467,4.884324398372715,1.2919571164298074,0.026020970714370147,2.651200977269983,1.0781999199213712,0.20826752896869236,0.44180215462886685,1.038014690186716,3.6508679332426186,8.987491698287675,0.3022898018932747,3.3163919644104913,0.022474346574899225,1.0791562066176434,1.0992952043377753,1.4752405610642394,4.876119076223548,0.9151001728642015,1.8487180737986042,0.0,0.9393018140996835,4.7081927551189535,5.007258303925839,4.475182183739546,0.3306731227091571,2.5699285005546995,0.18332770604480073,0.40838579140641373,3.534609483370541,5.6029437776631354,1.9241759149965543,1.2265085298086797,0.9596959787523703,0.4932374192002152,1.6357543912777603,5.23713919883208,0.7439026792863107,0.17874650598181624,2.482874091335671,1.1303378595937152,4.679761573516853,1.895845468937541,4.324191349910891,1.6929181308085492,2.269332429734163,1.0359757436651291,3.336654726912577,2.321206566969903,1.9402795300516904,0.5231604546167568,0.5787938326767527,4.824406370500129,1.1269728562577654,0.09085343045111348,0.6768089943477886,0.9763636357327617,0.9153296760130096,7.318127904613264,0.1575611760911883,0.1566554888468597,0.07025192182044421,1.7037651787934098,0.8592539848232588,0.6261120108586133,0.09153059312061654,2.609518590411304,0.4375473552877847,0.6744606515602588,0.4513298201403328,0.8422950233276651,0.0,3.9356954630318395,0.7650254700003706,8.916212683533242,3.790782461921457,0.4403144018031179,1.8477163552425155,0.9480774953104745,4.14548997416728,1.089430353426515,1.0074825763312059,3.5521557064250002,0.7915223776961869,0.35479064923107084,4.842531376138692,0.5169228512782866,0.5100504556011388,0.9919707406609004,2.7623275524802016,6.0429331976652545,1.94091844779871,0.11049688191740235,0.5694910919587163,0.08174865123416789,5.047350798293959,3.5195419045784364,0.504467852705359,0.05018822331147818,1.414947328020907,1.0
6.410678603124886,7.488116490394113,0.1844707366400919,0.13211615953372519,2.260868738615679,1.0131406324940007,1.5800007251502965,0.025737561413608275,1.6292866695333577,4.198549157303433,3.266996371986216,2.174789893047815,6.046163614031596,0.16812852957694888,2.2576744673507725,2.206768235468322,2.246894477757423,5.83645942895427,1.4899025370218781,4.1853353455089986,0.0,1.1160985522365798,7.0683505105692515,5.985725833795835,3.8027102192913427,1.1146335490689394,1.7982164514546903,0.8377010909338654,0.3950627995175776,2.1191237333374655,6.761798530397984,3.286260182286847,3.5826162144053546,1.6651653421707828,2.4496934230359075,2.260868738615679,1.8749936389329673,3.311197920056067,1.3586775713152304,2.0722430301048824,2.9730050509522505,2.5907696674564646,1.952892642153039,6.384650804529695,0.3487989596121077,1.4191613144347697,2.605091290117274,7.125633538957451,2.087598617923621,1.8976276742795506,2.2851358505737935,0.5190386096000587,6.309187103713251,1.8894346028681992,0.6504888585636114,0.9791473479579414,4.7778773073640135,2.8590750385049315,6.869629621017297,0.10929368902294001,1.1422173618038238,0.1080894918402974,3.2989661749491708,0.2630344058337938,2.20920379679368,1.5700256844577938,0.3001823099801158,0.9551639876169508,2.4419880159037275,1.4314625027786294,1.1386834279792717,1.2877677779753764,3.361164771240078,0.4802651220544629,2.463910130225693,2.2967216937043906,0.02687086472474519,3.8263857777060313,0.2467121005318611,2.8653051923562476,1.3119680510317164,0.060739157857678534,1.2704093357614414,5.6730249258875265,1.234256047688296,0.43978268947598154,2.414189666867157,9.60340862624813,3.4119142930677726,3.787390670891787,6.55711902192992,1.5112656125825508,0.31405840885826075,1.184978459693331,0.882212621892863,0.6144742828377009,0.19269917799205968,3.3745526569328295,4.6676140022119945,6.074486169474282,5.0
1.5534096573545446,4.877474332771442,0.5202462227070274,0.14873891273752513,1.8227709302667765,1.3635075265239611,0.14522093708562958,0.39220749896897045,0.11396714643300218,4.244795746421147,9.083244222016539,0.5059925243950385,5.547681169917613,0.03322916078511099,1.068808367400604,2.215647537176913,3.7898231330309042,3.8743445161456376,1.3663082244078928,3.2109187112965816,0.16388511670894185,0.07162539397376963,6.584848282842568,5.539351157624001,5.000446264750256,1.0670191060062557,2.275841423140611,0.8089204269815944,2.4221791677741855,3.446507686926302,6.099124747508794,2.0723116400224266,2.0022704571733527,1.5119233955148246,2.2967510558641955,2.201100592718429,3.52534227187771,2.274052884078258,0.27750872814477806,0.9841153613130798,2.6005076453457856,5.190381766332534,0.7322257768753456,3.537171798600228,0.9406553982873805,1.0733403974339604,2.7822827430128885,4.134541320508933,0.8715282708622233,2.732442876937587,0.3493652775942134,0.177343788281726,2.9226545660831516,0.269033146455237,0.24245007367770144,1.3808956480361199,0.28475100953422644,1.1399278364448897,7.031873750739184,0.040682058803007765,0.2586998155699026,0.18941343103367256,0.45238457602946147,0.26471656897702045,1.5722105933123085,1.8102374305907256,1.4630469379608806,0.9557591588468806,0.02715405150372665,0.678252230722633,0.016496319896195974,0.3850444259596075,3.0762341272192297,1.5732290861473293,11.859802219240366,4.416265521479951,1.1791925393880245,2.255742420972529,3.147485803299428,1.96262305284102,1.8099082923834258,0.184978459693331,3.50401013681651,2.288240424702529,0.6903723947612379,3.4600085812688177,0.7984238454778596,0.706198987429777,0.2543521627339931,2.0528331997629445,4.989261649403686,1.6007454979620837,0.11143200536198733,2.423282341110974,0.9665781255676102,4.388960972915525,0.43263877275075274,2.390172396303482,0.3968171028690377,3.910982042416276,1.0
2.332364223410651,5.638036175975236,1.6098495000343356,0.0,2.596481993446452,1.0181356247654318,1.719227257433423,0.19143631460532143,0.4365882936601177,6.428326669963106,0.7932716544980827,0.514501036274285,5.7368186121218905,0.12101540096136584,1.2062681245209828,1.9181572170570442,4.451046222976684,2.5831580038744084,3.1071856838799747,2.66732447027863,0.0,0.16324108516354305,4.510860673967615,3.452621789870267,3.9861469479705427,0.47144761637739163,2.913262832155196,1.4545444178392637,0.29771967204351296,0.18345475417494217,2.563695074309457,0.1801478611584286,6.754104494074502,0.9696017942361529,0.09085343045111348,1.8232602282334436,0.33811059626622364,3.2018063470043963,0.8257856274647913,3.259121806057679,1.1619521589267423,5.1961427514204015,0.03407482027057225,5.539174323874532,0.42867840994823014,2.3055911984113564,4.895060212689388,0.6745510431545921,1.6467617351704806,0.5284713018828924,0.8880710521022308,0.4309275174048685,4.144462471635903,0.059908989018685105,0.44847812141147714,0.5241639987869441,0.5819778457631138,0.4776773275653071,3.6848187375532224,0.014212444812104711,0.23474655174432218,0.21698248926876829,4.02211920415603,0.06336487875842937,0.1147667926655143,1.6739181830293743,0.6089984361766656,1.7678242678770208,5.03149665425984,1.1913731424086662,0.4391443759012787,0.04096254777849784,0.38139413178685116,0.8609230809992202,1.6617951962785549,0.8961555758850275,0.49251978796948487,0.015497569395325591,0.9078136250967471,1.6672109124808707,2.6715651261710534,0.0,2.4642761770320436,2.744656264105157,1.7775354421080787,1.536401094952408,0.7408843975176589,0.0,1.5110125392679423,0.18573970940278245,2.7387894500471472,1.6516372634456165,0.08324741374793612,0.19534759832221926,0.0,0.14130198762525845,0.5799524688312953,0.7970960082549122,1.6461626571578936,1.8025241197881716,0.0
4.941988940207487,5.977888932846476,0.276913483245923,0.7672310370238756,4.38987651743406,0.9795863908830854,1.1900458868944388,0.6622966623367147,6.8018609451460605,5.213603910855244,5.736734744491198,1.5680321047712789,3.6091403150223216,0.03731193064196659,2.1973936397420717,2.2181301810658463,1.7775354421080787,6.263120814667775,1.7412296637729596,3.4828224743395695,0.06364099264269589,0.8825256727871994,7.4588814862773125,5.62623761258686,4.0571643042861485,2.417190917062374,1.4287855898480517,1.3848787037101702,3.894546171620227,1.9487503418244452,2.7283776892069502,4.1041940608158605,2.978946075289205,0.2752454897846682,2.8026895427541993,1.446520920293185,1.126642531118168,1.4383460865763258,0.7180875839605168,1.815698380586939,3.3601394964174536,4.815816199491015,2.224750330317355,7.371825422938072,1.1174290835868945,2.4129982519758895,2.368433124464656,6.98707751569442,2.3132168234262913,1.8655625495693204,1.0554733358984318,0.6738277517734518,3.035148797773801,3.327026216970588,0.6372856438972468,1.5067034868006564,4.038831218102832,1.8902521151570686,4.019853113767599,1.3170145740214454,0.4888234638727645,0.6299394094395399,4.700783704407956,0.8149195093055186,1.4002646660085412,2.482538547845415,0.3067288670597715,0.6206802412243009,0.34118877247874047,1.003530280020868,0.03674947642786828,2.839919288182531,3.0687223959779133,0.6356151058697428,10.223226439557466,3.2813124908581437,0.20088095428595948,1.7751769956962975,2.1368804072542593,3.739653714523662,0.8076846432431072,0.043764442310170244,3.2076898607863216,2.0565835283663674,4.427344694131424,1.592971232768281,2.455675726752962,0.8746789492074556,2.5721135564842315,5.507791469436881,4.763932040643416,1.841248571306248,1.7705753630635073,0.74441946557514,3.055837711981847,3.4578043905265834,0.7294440068336633,1.1224076758727881,0.02828624307910998,3.516116031241382,3.0
2.0565141663604942,4.269444644959272,0.6074841930138907,0.09085343045111348,1.8695950769719858,1.10010302202911,0.08949815083910263,0.21175983301211862,1.1610492249005568,4.712271110021594,9.362996907447332,0.4937497944731682,5.06049707462179,0.21175983301211862,0.3001823099801158,2.243303486918138,7.012080318140187,4.140901328716919,1.1605330087609087,3.358241518425507,0.0,1.4188915560074606,6.643410328117916,4.49396109627149,5.128264527020952,0.2645964794908822,2.2429987544241574,0.21536797220347947,0.6319889571754054,2.968864898193526,3.7160470741599814,1.7589853427765698,2.3565664128863713,0.7501777055930572,0.7524060712153804,3.1269893705295577,2.866710199674025,2.7247812214667353,0.5621813564718671,1.278876860102111,2.2568295154117752,4.102574153655348,0.875229611188907,3.308724910829803,1.000216388027437,1.2307563708011497,2.286644621016439,1.6344074020398196,1.9280481088368011,2.2995084340742307,2.0120322559319423,0.08351974882017292,5.658557116791246,0.09139518601170002,0.32285112437559094,0.6579143426803756,0.39330636035265304,0.2439127588731744,7.142987215756019,0.04334450487716922,0.17555653643184002,0.15302704346482315,0.5268700863568266,2.1556521000293074,0.7432133428145499,0.7466567361572877,0.9558335379895717,1.5043661506122719,0.09518178934268523,2.5173008929028757,0.0,0.09301923313354474,2.7451082261257356,2.2312787913428966,9.99454521768738,3.812785708867436,0.4167316708209109,2.2470464411691826,1.7421355947546207,1.3186928331483352,2.398186169608922,0.327227467761286,2.859452788037189,1.3378823217339613,0.5998890449592591,2.07272323102162,1.2098900072340393,0.766383141001298,0.2409859040247386,0.5401264883381068,5.261211100262009,1.75347617691865,0.558561531800457,0.4681140715836343,0.8447070196109923,3.6533122946556564,0.5187365483139172,0.8824474164317309,1.0375227944518794,3.654458455133579,2.0
1.0030984646806524,5.302063101604298,0.3144065075548196,0.11623166060415031,3.187340195044915,0.7611150338144407,0.1750454861109138,0.19067806561753303,1.2750070474998698,4.832991252369821,6.441707555321092,0.37272927065972367,3.563219156821077,0.2204537860491856,2.306408076982551,2.5989606467621558,1.622086970988523,4.734492861026109,0.6336636968666319,3.3906951966444385,0.0,0.9838965446022951,7.1891564166216915,4.742464393253712,5.273702368735646,1.2837440165884504,2.6510861431864496,0.5554235315619,1.0887522040105835,3.8517890116340556,6.151664020267782,1.5782624799695666,1.9736847399782353,1.5029415680044576,0.6016014428349451,1.5231604546167568,2.0080206879017255,1.7956838408356894,0.2657969247597524,1.3226204223616846,0.6261120108586133,2.2250897988676397,1.4044671967630893,4.759523386524758,0.6631168673661029,1.587124921871777,2.22894179522031,4.169836834051338,1.1583370271671007,1.4721758036723855,0.07436842178155338,0.3368546391254651,1.3565945819961318,1.2591218060576792,0.3492520317806705,2.5967205106312843,0.4669663842730794,2.0143910028084075,5.752245486877717,0.014069582501655862,0.16748638996564932,0.07176266930009127,0.6928735074639985,0.3007680332803088,1.333480982392523,2.351317369937684,1.7786291258955675,1.7558276192222846,0.014069582501655862,0.4551233378816796,0.20601800402089562,0.19307782154636707,4.435728592553168,0.7141355938563326,10.654405823335852,2.8807834645735335,0.8116354308537433,2.755528557513225,1.9396779371147943,3.1971734361877653,4.475221102218472,1.7472155121189739,3.3595211704275956,3.076388068512841,0.9343277783153695,1.4520682302238106,0.2382977275122874,0.3271124707470855,1.167165212947718,0.5548343958941927,7.398002276808452,1.6608829930039484,0.21598915414672054,1.2138760433829427,0.8865891649181815,4.681471754540153,0.12194373351040128,2.056618208118797,0.95769177138088,2.4187836385117385,2.0
1.0981500210920117,4.336483351536304,1.1210817302430442,0.06915220186942299,3.655431976110749,0.8473555662283674,0.30497823580396105,1.5819296555320983,2.4213714330008944,4.361045427399115,8.174790392297153,0.9863745260849647,4.949595627648143,0.6312440039330667,1.2555007331483865,1.917966341457638,2.8390324185083644,5.875760407688807,1.3368546391254652,2.9740152837564717,0.05144171138261017,1.1258494420656848,5.704470852756057,5.181838026379071,7.234395934983445,0.609187604870425,2.055438628614112,0.599032083222812,0.5981746121480073,2.9816517577150434,7.8132976470538535,2.9003741551911486,2.49236596339547,1.3582837228528184,5.016005948460041,1.641361056327364,2.0655033804179532,1.9746761442015688,0.3532103556240008,1.3124909245043883,1.1441116484584133,4.925652940316266,0.9506177150962241,5.179244302191831,1.6213837775640396,1.461371394590006,2.4288123835789053,5.150600292418091,1.4804202422138393,2.2671162618804046,0.901648910916347,0.35196748085944096,3.2735308089118504,0.9470302210462732,0.4230940541499022,1.7953929288156274,0.7583031771319012,1.6414073017408242,8.164455951161843,0.5523770710948686,0.2360945786378778,0.4658177832317134,1.8583789250820708,0.9347052001725616,0.9573203161300086,1.8059527657173426,0.2880632003253163,1.2825584184275578,0.048794180260804905,1.1104968819174024,0.01492654423810282,0.6590111711981499,3.6744267532522206,1.8300118792689042,9.508906553259322,2.8809793232543788,1.024461530140996,2.007446695089125,2.7460117256217127,4.441702576238324,3.8181245325219066,1.2649567179648225,3.912525324093363,2.638189711646938,1.61461562421961,3.222433640605915,1.153740494395351,3.4970630278736117,0.9173171754564221,1.1390110079722526,5.237976644440102,2.1051416603234236,0.7824085649273732,1.2711866015972526,1.8287534257859663,4.650965557560533,0.49927188316908827,0.6512239429898775,0.4669663842730794,1.0135694529789439,1.0
0.7984238454778596,4.897293678435742,0.7834147453988605,0.0,1.2758414231406114,1.2047667506546131,0.5396303246846664,0.19396093689782176,4.812564967688402,4.32749336325386,8.041480651569115,3.3243353860765117,5.303649256054657,0.037452509939606575,0.8746002660495787,1.8667101996740252,3.1313919315459082,6.271814087670598,1.0606008295541172,3.3878450129655775,0.0,1.1997508567158366,7.0583067534695685,6.720725817414728,3.8805973741949207,0.4265331381166731,2.0479222188184663,1.008200013832136,0.1772162008360635,1.962067735839762,7.996518682583654,0.8414096133381045,2.1705019640738326,1.4428108281360144,7.89229265698891,1.7626464670381505,0.8714494156770001,2.6140501755893624,0.19156265070075562,1.4762779860835151,1.419862450377524,5.713349394491782,1.0119964876680252,3.926464422931278,2.7825763104122303,0.7896040663315773,2.044883678239765,5.679739057616754,1.076695901830383,5.032836994170836,0.15380533607903546,1.1015828473593223,1.0182780850243496,0.6835617216302566,1.6541605409956188,1.1545184023221144,0.17056605679206857,2.1238317095660175,8.542412450120725,0.4441369565875916,0.05949372539167156,3.7387678368001915,0.9600668229157594,0.5205479681065772,0.8270060096389769,1.9947969266913872,0.8590949225253148,1.3313612672682993,0.5763770146074676,0.5351571563345071,0.0,0.18523225423016085,3.4510396270304557,0.4010843015050059,7.144074929473401,3.358002336680233,0.19962523565773246,1.8696740335745061,2.5858278581644094,2.5369232295022854,2.0578314745605737,0.05297227481398869,3.57234400829481,3.142299063404861,1.7150147499108936,3.572489537842354,0.22872635505849842,0.2666366425139895,1.1150332429462402,0.3390233333727542,6.082551449231291,2.8315732706091903,0.02687086472474519,3.833062114886623,0.8057877165190286,2.822832101588666,0.5604214951303021,3.9361479283372662,3.2472287761368883,0.37194910413862786,2.0
1.9729499269942652,5.48085642826338,0.5760867241794005,0.5196425425081547,3.624089193890959,1.3952822041322335,0.04600204654452046,0.07203718077288009,0.06004738366993889,4.05449253359119,4.4183991168149355,0.2869993966338397,4.735218876189111,0.024603367140657025,0.7624763880469854,1.3555801473773594,1.7976770874242063,0.8104842349777596,1.5951694435904131,3.8722673286874616,0.22478119439558927,1.4356819274485546,5.911758682406799,6.54860770338713,4.173583201931952,1.4694692532672655,2.2172927662858766,0.39988201002667473,0.7868472435610134,3.3525466807328397,1.2032638127210804,4.913449543864014,4.474423063481408,1.8134836447583154,0.8693976665584529,2.426264754702098,4.126931569751234,1.8635420511795793,0.23670690199535252,0.9616233282869445,2.4988380398095464,5.6138763734131025,0.20000206602186751,5.146317152678342,0.5232608404527148,0.1804025068286491,1.7588148316026462,5.830873895121201,2.063088712019284,4.887754329134128,0.7942702897762277,0.05921681655379864,5.867767999125768,0.18637377746594408,0.34482849699744117,5.50827651498061,0.580531438155187,0.661931977036267,7.8359935300642745,0.46999013822107316,2.734698783039288,0.16079113991938748,2.9940365749186664,0.7171225411777311,0.6281669992863237,0.14456851766471157,1.3592962588921973,0.9440338130095006,0.2624331576313475,1.398952279874704,0.01378381543309969,0.5301706483946393,2.0122826089522965,0.699107384624001,2.8611017982544364,2.363479492070225,0.04446406651324603,2.5665716406267607,4.579216359897609,1.7363884007034605,1.3940750656257375,0.0,4.475182183739546,2.3205713237665493,0.23020301336642146,3.9888846054609517,1.1348780543431114,0.7979260497258778,1.2450696671917347,5.013765953111734,7.170623136972098,1.0649518124147181,0.34482849699744117,3.3320777356538636,0.5051795666833733,3.0675010485665717,0.13224779829843977,2.78828896712565,7.70325507987377,0.20226098356200264,3.0
0.7343953087601667,5.712697568840336,0.46058531325366775,0.0,1.9853911310858556,1.932930458296894,0.07299755979995012,0.1536756497972376,1.0342861577119358,3.9693439234333923,9.068058631615562,1.2412910619337152,6.237577102035926,0.03506079690511427,0.301821736339363,1.6414073017408242,3.3652165988701497,1.6742346477936982,1.542307583510237,2.236737511342214,0.0,1.6357079643025552,4.299530413253952,1.4538599399690288,3.475253533482276,0.3916577542529145,2.011245149204265,0.10742005883636484,3.4433281632395927,0.730661691271567,3.682663182088948,1.713431883073091,2.5260938582390744,2.503552275664581,2.0717626693000915,2.809846570609055,0.9786349622864442,3.5699770933245683,0.22094900446677918,0.4235243882443349,1.3067871848656647,3.1103131257098906,0.9149471504795769,4.037997125369543,3.0919367382105847,1.460113458779833,1.3902274368406915,1.7003953268415029,4.815129641002743,3.324263369791242,0.4316764413926329,0.17223146882548135,2.2257993387337653,0.3969266760313498,0.7330939811748153,0.4014120253638086,1.174278571036122,1.0624671435007056,5.578688181533231,0.0475383887633606,0.3649085550887148,0.03308816933218775,0.6909087126264808,0.64929354696714,2.2237932162430325,0.2811937749526341,1.0443241688122018,2.013283586818423,0.056583528366367514,1.1490642177155406,0.011495638837829437,0.2573727556068014,0.6828429347730692,1.7032779239813731,9.491323810695313,2.3085065004741394,1.3411887724787406,1.8714888438083725,0.5922537001149073,5.977419606257438,3.4222195426441493,5.0650121504369485,4.030945166166375,1.6586913490098905,0.7717165853043386,3.6889747972829525,0.17912882877215228,2.5218799225472477,2.6899253108564265,3.192257301540369,6.127777707068536,0.5549326018804729,0.26471656897702045,2.892332734027059,0.332163687954531,1.9806103050785766,0.4914939808721646,0.4439248579337417,0.03520159571856608,3.5841928581097373,5.0
5.3132313376799365,5.9039011216998105,1.1555549608405586,0.13343200698073496,2.616287113320907,0.9742356042090706,1.0390681880605301,0.8338211377905823,2.070801467600211,4.841625985264653,8.36029184146019,0.9564284331233611,5.686758228328581,0.3366261657635356,1.0768326955573986,2.6627523893648237,3.8029583146257937,3.5419731977338995,1.9543824525767843,3.7173090202112604,0.0,1.221134667557041,5.71245271434881,5.845030824485361,5.049443449143094,1.279946667794537,2.051650520217743,1.2410469407704963,0.3156821513379246,1.4360018864298816,3.2976903295908575,2.365440589406185,3.9399693650205805,1.5200953263372337,4.269960722604156,2.884929985895301,2.0235392495887456,3.3406477173374,0.44127099043859935,3.3798427274916825,1.0333701384605922,3.4678663527304088,1.412076938832687,4.960298552119809,3.081049832094683,1.148153178868286,3.631115926346659,5.547338772394652,1.5819296555320983,2.808632172109402,1.5187365483139172,0.8125392979173273,2.966891849203124,6.360759312990194,0.45417589318580215,0.8994850225127708,3.146101235559342,1.3891813073882362,7.902269584343432,0.8690027646752523,0.5051795666833733,1.2271249344499258,2.1004731206901672,0.4090378569727183,0.8301741804324109,3.4720978011830645,1.1269728562577654,1.879196028537125,0.43017820443783106,0.9654703200606021,0.5664742237631639,0.5574836139068903,2.627770240935268,0.9645095333889118,8.888849773080286,2.2461952398223484,0.2791741084890467,0.6503969466697892,2.9049849801714784,4.081757171329963,2.695771157805671,0.878450703096664,3.2400547735455043,3.7727091370619386,1.7863872605003561,3.101263468077995,1.2561048768091785,1.669797811496675,2.201351567131985,2.874737958759824,5.046626382902815,1.0206266505899577,0.40892919984286946,1.4602183286672739,0.2318010227771577,2.0830771782183524,0.9439588230133358,2.9900109020609,0.04460395064976797,6.0297112755671805,2.0
0.9270620655539404,4.794415866350106,1.1911204259568022,0.19396093689782176,2.7855714753734704,1.8797057662822882,0.3634514570717129,0.5371469436175694,0.2027624852758868,5.125518859575091,8.323528147925224,1.0425743019687415,5.635446784724943,0.10043947928031165,1.0436944612259778,2.531169329758684,2.4526481445562167,3.04579241851409,3.120268986333581,3.6019460549964415,0.0,2.0290287612220532,7.036561576650125,1.2948412714061401,7.732193887551963,0.5715311984135324,1.5870288830592738,0.23388806017427727,0.32780231537652965,3.0883790859117592,8.287984273088314,1.1832006467254277,1.7513780224491544,1.9173553697787724,5.95782640029428,2.855571175339533,1.4629422734918207,2.5380911320596167,0.3535491357220443,2.1981798067501854,0.8952250549986615,2.4932886649169737,1.3383388346848122,5.456257479174276,2.7181533588307465,2.0368197951976965,1.467331656552315,4.5210318862328505,2.7056240940008154,0.9511401467662056,1.5090370423528872,0.07724299893246035,3.2888014916473436,0.2401311183307479,0.18561286234235091,0.97438246582073,1.184470736640092,0.7274412913634026,6.899784682784657,0.9655442002317044,0.3119680510317164,0.03125402547050081,1.562132500411283,0.5291712752313125,0.886276994617085,1.0154262036096078,2.1337279073331357,1.7273977231800033,0.5179307422239107,2.7577486799402315,0.0,0.22897256976016075,0.42953562627819664,1.3234277180609324,11.029607138458534,4.155077264672835,0.04012091720087747,2.155975850095943,0.6127771052851992,4.347693999736515,1.9541218467856876,3.970724836532381,3.779280735442054,4.032259566163694,1.1517289553433367,2.5294461718699077,0.32504095549520085,1.177343788281726,1.6566336545883844,1.2878859541747292,6.84970783965327,3.9300087108570643,0.5286713289252771,1.6750932738202922,0.4274989052223951,5.873525319502919,0.9790009706200632,2.6058261676978023,0.33833883468481213,3.818594958775656,5.0
4.572768428449008,3.945982185997463,0.5028397582559315,2.6945905106597556,0.9051198033836163,1.279709001299063,0.04963076772460043,0.9273655352733786,0.18002052146631284,4.545647185487098,7.699668224932475,1.4135940824091748,4.330515376674361,0.00647756407120479,0.38559669601224555,2.079361042753375,7.147802234776911,5.751589581926691,0.4356285940520906,2.595360434163704,0.0,0.08093048767298393,7.257903537564038,7.2649388957804115,4.880421055902337,0.4410584699932139,1.8787645712673544,0.4619475821423603,0.13527217947625234,3.2620422118874197,8.345894859346314,1.7205411475465988,1.5747796939380356,1.2379919357307128,9.501841363737054,1.1392730184230775,1.9926959317090889,2.137503523749935,0.10218779322361488,1.1768333707844898,0.41986245037752395,6.570254951788328,0.11609855223657987,3.0432570025243972,4.297859040544354,0.22983399046099756,2.183708816875412,6.1731594219295856,0.9125732256748482,3.8462927187672302,3.45769934501606,0.02772025835592744,2.2612600024370715,0.08922694207039553,0.4833643607133495,0.9275930956788381,0.07176266930009127,1.3230817895037326,10.207455361036885,0.8014897962893083,0.1544535926798724,4.878710630034864,1.672017935264532,0.8349538690793512,0.15146919750307983,1.5774409133886134,0.20976526597410353,0.928048108836801,0.31915545782470267,2.04463891956475,1.1288212806501339,0.030830430153274503,2.2426939575496183,0.3841603539038218,4.939339430814134,4.37851162325373,1.3721163181988403,1.7561266189505602,2.4113448884490265,0.9730601728040841,1.4891832446076745,0.020342179517185827,3.313608657030487,2.3374542096085342,0.6538854887166459,3.2801397429970525,1.3734533334307009,0.8914969580674063,0.20175930745822926,1.5533113476413283,5.561179476390674,1.925999418556223,0.4625758880422044,3.5797352954189177,0.344942090560028,2.4362418091069316,0.4564907715833792,2.9527808443273496,2.3798150086763514,0.8129499594557493,3.0
2.513894946764927,4.920221830720786,1.7824085649273733,0.0,1.4655043696295056,0.967463757910271,2.057103637141173,0.039419183133397186,1.6470381488335222,6.6906168351817605,0.2507190834005546,0.6696617744981719,5.171651194892637,0.010206942869257081,1.281905923897192,2.8825256727871995,3.1149999393522245,2.309816466904399,2.460742563789644,1.684010781627311,0.0,0.5297709821988874,5.15481405937613,4.4739037768662255,4.988607438040464,0.4316764413926329,3.234562632265791,0.5466599064408345,0.2807188136180102,0.07450543636362976,1.7052259566163646,0.32573179112255435,7.287362396992731,1.988884605460952,0.03618680284784627,3.2360180199415494,0.2705887419720672,3.7785765639121065,0.8559099881982147,3.198116929152455,3.854474470626155,3.77305742420283,0.1889072666425881,4.787803329894715,0.5914879383979433,3.055907106517191,3.7875056004475796,0.5636462694840639,2.71933679399065,0.33250744595803683,2.942495738452419,0.5908175633129465,3.6602669295721744,0.06997707041155635,0.5300707422250839,0.7676547982373466,1.078336571121179,0.6598332456999907,3.799512175235542,0.0,0.20826752896869236,0.056583528366367514,5.290383853301933,0.06087747289933462,0.4731115047370027,2.014426711755872,0.26687647212818805,1.348232419239271,6.373187073744457,0.6471763358077397,0.0,0.04781754802136954,1.146133828893375,1.1616942354361315,1.3564819022568713,0.8062003041161122,0.45806697084525383,0.07135080412884309,0.2932527564278797,2.577996730210377,2.2604472588736853,0.04711954856855063,3.2468640831541653,1.4171098842300476,0.8767232065151669,2.1651401518994433,0.41120928279036334,1.0695646950933593,0.32780231537652965,0.6970620804973913,3.3840636256469936,1.2124448290517393,0.20539251298968486,0.10138114235502452,0.1443074672630423,0.08990486842133553,0.16504364948304445,2.095519396121398,0.20075543159558676,3.062035341084837,0.0
1.130469660712105,4.110296419439478,0.5857317329659271,0.06267436276339249,1.0899726435389527,1.6402044389510584,0.022474346574899225,0.161307263720935,0.022190239634065988,3.3373971183920292,7.3608997443303315,1.6712027765419002,4.7574926862610445,0.003458319772411079,0.5597365244329826,1.6993295256731564,5.406550275337559,2.709467101388172,0.579469816844294,2.124559741761015,0.0,1.3536620447450634,6.36242605315958,6.491182888983817,7.385145403621481,1.7918557368429278,1.1896664466500502,0.443394474838584,0.06239806379847849,0.0994972011701899,4.307428525192248,1.83758000021203,1.6630257564979751,2.2713659111830937,4.763098142017855,3.1227555347617586,6.33603696593468,2.0522071960712287,0.09841955776554452,0.973501071816599,2.5786006361527427,8.086478608794366,0.9486008474933558,5.7273432611004536,1.4965646103592343,0.04208395867125249,0.5631581304028078,5.652406183614957,2.3470986706222683,7.440921477331635,0.5199444141830253,0.021906076733622215,4.343478889268636,0.4527008524838442,1.9600297427887665,0.6541605409956188,2.1572377816263857,1.937419726738949,7.4322871618434005,1.0211243400356063,0.0,0.3749559959680921,0.6799642008062253,2.0257729906210336,0.0,0.33548325590348615,1.07004578817293,2.8822713241100657,0.011209361420303354,1.3555237689783648,0.5074140990154403,0.0,3.0092038273298396,1.0803165603667146,12.665104303398953,4.339493737901733,0.018634174139050975,3.7979364222228194,0.8739706462519521,0.3334237337251918,1.5093918179702877,0.4801616993481647,4.261906859828068,2.317825011831556,0.1685136761974936,3.82709749669986,1.6782071514331487,0.09396575036944746,0.0997664862929298,0.5045695476295113,4.978314628806321,0.6994627938863488,0.46268057909416327,1.4250832741826882,1.0818168105916977,6.928596540711569,2.7907928859055966,2.177471364444951,0.13829023377991154,1.0025225097687107,5.0
4.402012659153677,6.11315455180982,1.050188223311478,0.06529656712778095,3.9987822122327583,1.6199763616346963,0.8371359139231831,0.31115431544056676,2.25165850571527,6.066672610320485,2.7307486294162127,0.5739561410641376,4.723705990600962,0.1271049651394007,1.421909973094829,2.641546029087524,3.335911953211751,1.9264928877184562,2.1917837122504613,2.723143494869549,0.14104034543359303,0.8081790837714706,4.831775924780178,4.066442284538627,4.224858351702547,1.1331031576162036,2.022900402110079,1.5932103310370938,4.165783336431569,1.070114502661328,2.5665959938148823,2.757129950774428,5.661649852512923,0.5644269486377939,0.49661573802968845,1.9226926193648126,1.2001904442999818,2.382888550447034,0.6133430530038224,3.100153495619313,1.3052117760781883,5.256976663163748,2.5451529171776612,7.869727080114957,0.545770726110136,2.5791077218593625,4.44771803769485,4.107989096690058,2.679288665804626,2.1026917210784326,1.047608183642109,0.1867540845831823,3.9266636646485455,6.2175390011719065,0.31579806304335706,0.5042644413492393,5.230033889584998,0.5364508301947087,6.231616727385365,0.1130336652998915,1.19074126825662,0.11703005301018696,4.910833378453269,0.5740530540417639,0.9109628608302244,2.7557421793453893,0.5477459386871436,1.1952845971631934,1.5932581459361252,1.6457016585788349,0.0,1.570462931026041,0.9007991989302397,1.3234277180609324,4.706232147369885,2.6601299908540224,0.11928976837475146,0.31161936340684343,1.9403547115332933,1.67897330785417,1.240131118330748,0.02233230009805639,3.371321878746136,2.041242982231881,2.7855087035604282,2.2461648304838664,2.6912438100755263,0.15988747873050047,4.224835204943737,6.396054996785271,3.5663280861329114,1.8353582005303566,0.18941343103367256,1.6330591539941002,0.1758119937217308,2.601553903662327,0.35636921371622504,3.258609372975704,0.12446048627433613,3.7676230204635615,0.0
5.013234447867111,5.594240988645634,1.3620490120882398,0.0,2.163337708225467,1.034779158048019,2.829829268632503,0.09639680418715713,2.8441043984854724,5.409733747638489,0.48872065289528366,0.48851500895781214,4.259287554270047,0.022758397578157615,0.7611150338144407,2.301821736339363,3.516052979419524,2.4083857914064137,3.3772625966384617,1.8543946777531006,0.0,0.26987098323045194,4.726002846154749,3.5044424278542143,4.455945268339478,0.3132458517875614,3.873173389539296,0.8840899091335335,0.5292712437059316,0.08324741374793612,1.4474734038494959,0.07176266930009127,5.519633108000459,0.767485308688175,0.2505978230482337,2.3511477275934807,0.3336527147654136,3.061655248022431,0.5348584514007184,2.975538478875848,0.5640366618666081,3.7085955922737965,0.11583229865256488,5.987455032148627,0.668482249541329,2.9625675307586854,2.74553853454927,0.5258684234401818,2.2747983781683305,0.7322257768753456,2.8376607284891975,0.6716556993600769,3.4753962223826185,1.6580057769131211,0.19811692915245535,0.4150014314519718,2.562474458096325,0.2741721890227864,3.362876619512162,0.0,0.0972062459743658,0.1141004515881803,6.620394331557769,0.6565421333499936,0.1750454861109138,2.729400499089548,0.5588553696861714,1.2235461159528183,5.8506969269412,0.9128797581398044,0.0,0.13855237515264854,0.46131900249075414,0.8184415757641648,1.7682478549028446,0.6964390206557535,0.7058452339698084,0.0404015152842066,0.5902427080625905,1.7667647558800972,2.674234647793698,0.02361021518264534,3.458815062664396,1.920331415824829,0.7063758316370209,1.8024000401148392,1.1952845971631934,0.6300326338937671,0.06722567253197158,0.14169436196453092,2.0874288950853033,0.7301399523565122,0.11995371750556835,0.05144171138261017,0.08270258933024935,0.08420036167465528,0.2791741084890467,3.0216573882740327,0.04530316795657215,5.02924525704749,0.0
1.621899486252601,4.060038734393167,0.3483457451134808,4.091725218576963,2.5853231294046712,1.0005769626315204,0.18738770708047234,0.11022959242318889,0.10473921621623744,2.750220591252931,5.877118455680355,0.6602897514282212,3.39885653833679,0.07628544280891579,0.6932304555800988,1.24579986841744,4.2807781923368005,0.9915354509942503,2.312519967474945,2.5800731066024722,0.0,0.03435659664664159,5.406114847451128,3.3041167291625113,4.37364821133469,0.4991698141152491,2.0440793151878283,2.0809986856942633,2.3064664077568637,0.9091970629916876,5.369072079140586,3.5495952476520545,1.0126401807787704,0.582363309673199,5.029139222335166,2.360926073684872,5.272523415826635,1.0925457415435658,0.2332745389909343,0.8330924834712122,1.7436011351074245,4.159701835376105,0.16375633339790888,6.604748910857526,2.71378378137129,1.6754094809538076,1.0275079568264605,5.254688516511548,1.865324990694934,4.442989926666104,1.0415934486591822,0.9879029205201894,5.501072851577251,0.12644429972469104,0.5284713018828924,0.6144742828377009,0.7367347444911974,1.9941452211382065,7.751748231178175,0.889629290673427,0.22860323194846943,0.4911860964589267,2.602741913282391,0.6537937929692679,2.699351737896941,0.28427721805512784,1.841852386257049,0.4262110720274044,0.2562860705850918,0.6653927710418912,0.012211083950874365,0.19534759832221926,2.166779706120567,1.4124021753640412,10.400092034957435,4.097206245974366,0.43946356799098146,2.21577177088915,0.09301923313354474,1.4731634703395615,1.00539998774259,2.7880174481774573,4.32838411531776,1.203389117367087,0.2873540850292068,0.19509557717721837,0.007482576331206196,0.726220884609513,0.6060631451521189,7.973267435085913,5.264206119610228,3.208251919355976,0.36781834360619325,1.0827025893302495,0.3860383598886136,4.25517590136355,2.601625211833832,2.9673346370498845,0.8261111636631352,2.0963630675884,5.0
6.119789833467638,5.625714686880643,0.4482666600639547,0.39550157538497704,2.6038340187845543,0.8931291860172123,0.8742854904980352,0.27094748747705855,0.9444836711487518,4.201547610518384,4.158458216216766,0.7768619935996945,4.339985360513758,0.04404433270602122,0.7840013601022011,2.6496614406426997,3.8519189071952042,4.330400641450904,1.3103401206121505,3.3911765557252687,0.0,0.8607642026288278,4.546264782839353,6.933431005486963,4.850254359820529,0.9976898393127989,2.0686020273786716,0.2326607567902751,0.23032600002869183,2.038330820332676,5.4571345943180365,4.806174520847844,2.1419558855836445,2.202699807094455,5.037092248062279,2.259151943512708,3.520899924658978,2.014176730560741,0.5500140949997396,0.8751509580586768,1.89704676223591,2.613625943630087,0.8689237713256068,5.427743597687826,1.9550895739462244,0.6823036095178578,2.17676955589823,4.54288328850878,1.9513266836668015,1.050606173690787,4.60664357545741,0.8252971853968523,5.487798239266622,0.30824436439371317,1.563792679007477,3.9204457566246425,2.824930745292493,2.000504854919853,7.671073242777515,0.2669963719862158,0.5407216595680366,0.2723815780930465,1.22490464410609,0.25701061820602394,1.053806443695794,0.5310694927259542,2.0392436962712175,0.7719700676981892,1.8390324185083644,2.017138008872057,0.03167749645076024,0.46142378478668494,3.394418105426691,0.46414545669118584,5.462422109284978,3.7218866442304006,0.10728613495222236,2.6638000155317627,1.4504326709319022,5.038778552825904,1.1609847079834836,0.14522093708562958,2.624475268120342,2.4118058523701205,0.7617958715056462,1.2514464315585818,1.2818465915766106,4.744849979451657,1.1295467999215918,2.4691045218683088,5.737283853652894,1.984151827538444,0.8055401073120553,2.3801475993160333,0.9440338130095006,3.5934374376949245,1.7556567344082394,3.7611788759987705,7.504030800732987,2.1105971027119836,5.0
2.548066655456705,5.033057325615052,0.6449637543157617,3.994543520623708,3.8811164085119016,1.6991962451482439,0.5485352671384511,0.17453425469490197,1.4926735961439999,4.39405448064362,7.80316502815218,0.7617107843633438,5.414568547181711,0.2727398781174608,0.4608997971875319,1.4645114438019324,4.410408949851039,3.555178087603281,2.1090596182767642,3.6872958911838047,0.07327183642451936,1.877704992406968,6.339078578216687,5.498652978685626,4.713261401472858,0.4781952579391659,2.2346852478566257,1.0481664211497808,0.2784606094434016,1.9601039020897437,5.8948929269738946,1.7107899063106593,2.2184712107432616,1.6012686357255512,1.678252230722633,2.4469972406763887,4.384429776998833,2.1271379904696883,0.6330126402017311,1.324868194887364,5.871796838996904,5.841565605665757,0.8861989414863879,5.600599817888259,1.08481263883321,1.0490730966543056,1.849999259466098,4.421230032908563,1.7830794298736117,3.7464202657765675,0.2895984221401878,0.057138304393541776,4.321379766582847,1.1530919172216474,0.19899696624010868,0.4604804700400108,2.767125077269071,1.4953370023794255,8.26979946817041,0.08664791275518828,0.37762353763572676,0.13277423327632581,2.7393080708603854,0.5920622977874771,1.443341425803227,0.8150015155605296,0.46372707198851065,1.4730075679161738,0.42760617278189944,1.189792937820259,0.0,1.5602747430704091,3.5967205106312843,1.4060467999709656,1.9848080620270658,3.831786056741516,1.544633753139626,3.07260319577612,0.8004133126387573,5.9366520714562,1.8531573235495815,0.016924144257821412,3.514728254211179,1.9287682529734689,0.7759354883017874,3.438931541934545,0.9705591967334017,1.0736831536164397,2.080862286427745,1.9099650667579684,6.035289587999551,0.5620836426961592,0.243181601644472,1.2957817889252594,0.1899194179010736,5.6856654833857165,2.225706809843125,2.708805243819537,0.24208417055001266,3.774333758171041,4.0
2.2827066714916047,4.79441066743969,0.37272927065972367,2.169187435471827,1.402449326718855,1.4974846313192025,0.09936253975777228,0.13960046458551462,0.039980597690881255,2.9301128229191566,8.988044135671375,1.7631140809044845,5.160924220753287,0.05949372539167156,1.8293218955533115,1.3971457973927808,6.617323464102412,5.11962593081106,0.5629628285152902,2.449746239021009,0.0,0.9455327949521236,5.8483099574492865,6.942806533557853,2.917966341457638,1.3425547454773201,1.891924624861612,2.4213714330008944,0.1963552428827484,2.8079524862305103,7.544932758815478,2.40400388167386,1.0655033804179532,0.7674005564460656,6.101664781962643,2.037979560338516,6.166335844135994,2.007948951287873,0.17747136444495093,0.45859198815185565,1.5624744580963248,1.5826523400339552,3.935949992226813,2.3711685154984274,3.697884997071589,0.7299659974469278,0.5361523930191802,5.012394359668536,1.7836661809078285,4.222603657645155,0.5043661506122717,0.6355222414597538,4.9920024753956,1.001369909684724,0.40304952889652446,2.7975525901604645,0.6615671995271456,2.7861153833763037,8.007245967931995,0.4991698141152491,0.053667449038825296,0.1265764570133731,0.5462647828393535,1.0918690553018495,0.14873891273752513,0.24573903242928485,0.9411063109464314,0.7979260497258778,0.13776580809587857,1.427069755210786,0.0,0.0,3.7952266670342465,0.14782766837732017,7.466944367140442,4.445488352983351,1.0525550094341056,3.293782455785916,4.910732661902912,1.488360756765899,1.5880369718706062,1.2676556431461328,1.2727995861377854,2.479049436758075,0.24914190328034752,4.055343179276735,1.1780453176127816,0.1263121303287039,0.6277002134276269,0.7616256922024834,5.852625633854081,0.7385516865202323,0.2315552903560406,3.572392519775127,0.03435659664664159,0.16066208011334426,0.3352545652410609,2.2049857983474266,2.248474115372623,0.6492015588878607,3.0
6.264480133267889,5.976356761375338,1.0605316604283272,0.11156554495951766,4.158579395087181,1.1654939388763432,1.255742420972529,0.5070080777531,4.519655121755776,5.7753587542114095,4.781281018921648,1.867975513609994,6.046831525382756,0.20113196690788698,0.986301704994124,2.4037040102509617,3.4053389158475498,3.8300220236265625,2.3761514422245167,3.9065731677811817,0.0560285389227513,0.8145094080943975,6.424584546744837,4.0121663790242055,5.5351882678754025,0.8535166647546995,2.2454956628199207,1.0023784851064284,2.474773476312133,2.5185854939512393,5.149897477067912,2.9974188750461104,4.009472587390147,0.6679375279789245,3.252551904439313,3.2682696929607715,2.8503193781873066,2.8692002291286736,0.834468521710303,2.1586924861838,2.8037436685052253,5.020688871160712,0.74441946557514,6.336665437197695,1.965507260619077,2.284721402124839,3.213549478189347,4.0626052929828464,2.0402261478777537,1.7999576353360793,2.657022555092529,0.707613134492354,5.724884881577079,0.7201908938325967,0.6841903664960174,3.344714894490127,2.5791077218593625,0.4924172400758576,6.658488567862228,0.41099228722089526,1.7190081593661364,0.2076430126865326,2.7398696997688243,1.1878310773083598,1.233397264101883,1.272501021322066,0.5254675634651413,1.654252213436691,0.8636213397422048,2.428571222085267,0.7376002403722687,1.1424134378737414,0.5862122949239661,1.354282886467759,8.789683938252134,2.693810307974912,0.2621925881725795,1.1759397054060432,1.6096604181152065,2.0553345017510996,2.411588946518798,0.2714256760929345,3.6019816998326366,3.811286057769676,0.9723250415571516,2.242480561416439,1.2572520532397877,2.211354909696856,1.810730997150753,3.8690916270239404,5.482015718820551,2.0280740248275975,2.8682126364771308,1.3676506306219627,1.7824085649273733,4.321278736002252,0.5850586771847023,1.2590615292588698,0.5883248679119157,4.2070729055886344,3.0
0.4890290638504373,3.9624102065872515,0.383718114635775,0.13119435170845012,3.2706634879757672,0.7755141527534264,0.09437121059251717,0.1696684995230859,0.35727047567955966,5.515636768269785,8.385924937636089,0.369494402007409,3.765736285268873,0.2228045610452611,0.9230350537402054,2.1602102798507894,1.771167220616567,3.8162412920640527,1.7248248687367973,2.4562016148302632,0.0,1.3406192351293957,6.263672957615183,3.705535628521214,8.283223584872605,1.435948564860534,2.1952215932528447,0.20951575109266346,0.504061001309293,4.329977476435889,3.758196559606753,0.9696017942361529,2.4777809285161894,1.2412300355154453,1.2151194245172952,0.9717366667362359,3.7097538120653657,1.564573278960721,0.37183761733042053,0.7629015479359811,0.5247657903866969,4.530901002065175,1.6589198006644805,2.36120689023873,0.8422145539609439,1.0192037339730924,2.478350600800349,3.698629665511852,1.2957817889252594,0.5849625007211562,1.2998307618223701,0.10138114235502452,3.4399289299023033,0.6556266014999458,0.2260152164029879,4.140533278617328,0.4133774452677079,0.3227357779800957,7.030391259959479,0.19547359238726497,0.5052812114532669,0.21921499579542364,1.054362288449689,2.1786827756652567,0.5536554023328907,1.2925461879503386,1.2526578641941173,2.009562162951982,0.03167749645076024,1.2839217723076175,0.05686094304675096,0.8582993478713782,1.2545335767601218,1.1843437779529071,9.142654922034602,1.9024595330425493,1.594261892919768,1.883972650220079,3.7298790121259353,1.5158133573619776,4.188464227077536,3.8995720270684386,4.025737561413608,2.066812509899902,0.188147686926434,1.7975525901604645,0.5427037922434895,0.4017396747934819,0.08610437124329078,0.5517866898122242,5.26354151417419,2.0411027718191286,0.06308871201928423,0.5768607022241918,1.0812032604173942,5.506071890249464,3.4721628035503684,2.3762348084977414,2.258549074762835,1.0749848849538057,4.0
2.5880849585339805,6.038651270468969,1.2345013205622104,0.06846445096690573,2.471707725463265,1.9691965479917455,0.6971510670843671,0.23572705983805847,0.17670573818911434,4.602355917451191,6.379617496700276,0.5114680392758656,5.536463263737388,0.15691431465323902,0.816231050342108,2.073237554697929,3.422286831583257,4.268157386305154,2.3465881929236394,4.14668780294039,0.0,1.3012949810091436,6.301984479475246,1.449640605117181,6.42706304872885,1.6563590734536828,2.4258352373632435,1.0117818594599146,0.6987518877846765,1.4287320008934596,2.7503277998256004,1.3693268837627732,3.190504244081922,1.0488639144146186,1.4950299370981903,4.163257189456595,3.1219271613806576,2.498225332876352,0.657365615558367,2.3348542693316325,2.482925706485077,3.3560310952722205,0.5130864311341613,3.911346444103572,1.4839834103005731,0.7770303852008065,3.391836444264257,3.3426685182024998,1.4639885766459886,1.5267198812473652,2.5964342852771063,0.744333347381359,5.37160067925349,0.243181601644472,0.471759741653384,1.67170098382234,1.1067503150608677,0.7606893470387908,7.951045703263733,0.11835972595305722,0.31591396543674244,1.0613614711443295,0.6193660547470357,0.7355221772965375,1.4854783510730665,2.007087833577676,1.7553576372700501,1.8981309422473434,0.5025342858954955,2.174150712212013,0.5681294165004911,0.20100646605609293,2.950337763146609,2.5907936155834665,10.085211382780342,3.8138632622004773,0.23401073310840065,0.5907217700098412,0.9948693202504204,0.6063474667245725,2.7321172145918524,1.7451942980788016,3.861131582311353,4.377359781944413,1.934893874081271,1.544238074151678,0.24025326158450488,3.467357743890879,0.5873649909364607,0.7038980379135034,5.163760358050395,0.6825732973475784,0.8709761940324043,1.4349884394605097,0.4736310765512001,5.379984778062039,0.5837116228936641,1.129414914462053,0.42942850208725164,5.809684538386741,5.0
4.367091446490587,5.2661381190462055,0.7762724681668848,1.0347087397421655,2.4387985047590783,0.7169470094776863,0.07189993156563308,0.3131297348378517,0.5026361172024649,5.340174127579932,9.141065131933637,0.7228157263370352,4.880132043206284,0.004753055399819502,1.2417791803704759,2.4945948160422073,3.9968587209053514,3.287221087099554,1.0524158941511386,3.1803547641890333,0.0,1.7652801306537145,7.507437885780316,5.546524094908479,7.7648835302318515,0.4630992673481037,1.444879056415559,0.6440408429224092,0.28900814553079585,3.3875004064809846,6.406705024688931,0.8723953935531242,3.052746271047428,1.4327456588438479,0.3885753065984274,2.8805679893092173,3.4863925942759635,2.6900818059835525,0.5589533023502886,1.8736163643263255,2.74743036833646,3.96638432100019,0.21063822838015023,4.979435484947374,1.3689917889081646,1.6218057347471655,1.9560194690713557,4.251855403807821,1.8558302746837658,2.170085291986435,1.9487877129868996,0.580531438155187,6.6945515105447235,0.06571016406526571,0.19067806561753303,1.2887129166348288,2.6738503601188532,1.1852322542301608,9.466393013827183,0.04614178164472063,0.4218022811572662,0.06612364246529363,1.3905576359741312,1.3793991625255784,1.7587295684578625,0.5758931647720008,1.1173625861546554,1.269691487735242,0.015497569395325591,1.0432745034195323,0.018634174139050975,0.17171923908784795,2.3922624619207986,1.9641398296119639,11.300728573068055,4.808436537783056,1.2266934788559032,1.3066705468964128,1.215305839296177,1.9896476766401923,1.9455702495529252,0.4353085522625823,3.8893469847836806,2.196732928222195,0.33159057586623725,2.125551921233128,1.4307134676951452,1.7531766273221232,0.9231111392313965,3.2337193678562968,5.551432960298827,0.6557181808341493,0.1086248146816487,0.9161708753397906,0.22958792274065168,3.8288752595943305,2.5401264883381067,2.7882680828668374,2.479566874864473,4.273478591002781,2.0
6.035214794902852,4.7872078095452375,0.6830226650636829,0.08827730968045189,1.7506922493924444,1.50131174924366,0.43765387834619235,0.3092926230575205,2.11146539142021,4.431542733476719,7.066011670432631,0.30275771563803605,4.547017893755002,0.2381754185773755,0.8433407168601933,1.1399278364448897,4.417177411906387,2.2418706841944935,3.784179392380875,3.1229045914706086,0.0,0.9771699996901265,6.258550959120135,1.3979124601769055,5.790816339594537,1.8400401827266069,1.8140581620765361,1.3101074090960578,0.20000206602186751,2.8837967439782117,5.435331891042905,2.287945038644519,1.389346536162498,0.8031443581323238,0.9441837813091043,2.9966599042420268,4.563377813428518,1.6053520959792593,0.31788288282941357,0.9398283588687507,1.3976934552366915,3.2802733953100063,0.4216945811802921,6.562002718465684,0.979074161145452,0.6729231273138592,2.0503972136362196,2.5072872296453643,1.5635974630076002,2.0803506742939786,0.7455385345492702,0.23106369991227277,4.165542175833764,3.747720373482738,0.1844707366400919,0.2560444738264448,2.6081705313748222,1.383718114635775,7.459726685173975,0.3403913572200783,1.0982847957234225,0.16954023145979727,2.71455325978352,1.0425042631289634,0.7676547982373466,0.4045761904579163,1.4041401662639246,0.740193617020435,1.2534447502624853,0.45628048151072514,0.9991341231864386,0.7746711123268841,0.3529844580206443,2.2115729594502906,10.303931059125743,2.4550444079174465,0.7263080907654851,0.40936377926957257,0.5576796588916856,2.5009549808216476,3.101986172785737,5.912680998418392,2.603525464068175,3.0191681430702797,0.2895984221401878,0.48717760838914775,0.24659050290518097,1.8157393621666396,0.5542450195500979,1.5665229330172121,3.8193820682918513,0.7577060174813433,0.15198866642250583,0.80264818879089,0.2343786893376148,8.685727147441034,0.9538239539411667,3.309540017465788,0.2925461879503386,3.7562654191914233,2.0
3.743051731922937,4.938760965413681,1.7042522690959074,0.09707137054390325,2.1045044052995925,1.2836255006070405,0.9673899759765403,0.7051374667190209,2.671950022960008,5.376502242774502,7.316353947562166,5.036740686340644,5.278323071669775,0.08379203249388646,0.8454298328511517,2.2719933192892925,7.1659059109493874,5.354603785107543,2.4873319871277757,2.5805796751126078,0.10715219863491048,0.9746027302107183,5.534463194614617,4.627519293298718,5.979330298747703,0.7284865332427695,1.738594919167061,0.8757800630684881,0.5795663601602125,2.2336733574369383,6.629244406101384,3.8308536183110684,2.873163544110125,1.30293314417412,4.81430431376471,2.22394763243525,5.823983677337704,2.049735307055894,0.504061001309293,2.7897292513757694,1.1245928254058224,3.195300347710877,1.3660283991571194,5.721714425057953,1.7451512627441559,1.5749734027820566,2.7719700676981893,3.6941781703816194,2.483544944283752,2.284040263954096,1.9008764661578987,0.9550151564370706,2.6716104134763445,3.3053139380614707,0.7691793088133972,0.9476287565694106,3.3437915423580384,1.5636950743094569,6.052881008323944,0.3509497863102053,1.3283769340326659,0.6666657105945982,3.0414883176700864,1.0851526805631384,1.0309010380104224,2.054049652127408,0.717824454487637,2.2678653480789888,0.27500704749986976,2.1304037616580387,0.7887692216575726,1.0863082233088472,3.2096249191632635,1.4301246671879544,12.675401188459713,4.990151627331081,1.0683956578409415,3.2788322675612926,1.3249257840553212,1.4326922167871696,2.399116393444799,0.25447310795273254,4.282076490727985,2.9407305601848623,2.2210108948183853,0.9982677263787629,1.0704580260195933,7.802454972536653,1.6330591539941002,2.333080194006724,3.832130501095929,0.8136888557796547,0.27011027582361774,1.3081278441787414,2.4388783285365014,3.9421015774260915,0.6399730041620914,0.6009357518250642,0.2531421525641866,3.0095084182822833,3.0
3.919025382315838,5.054731285815697,1.480885502644925,0.0,1.7937294481425687,1.2753646961504366,0.3662522636995638,3.647372078033043,2.138454077719634,3.7545775566037847,5.386990237773959,0.8386694509931923,4.4854139459070135,0.03365205248999707,2.1761631736535323,2.138257462758958,2.3276011447646314,5.554143696238578,2.802007050732019,3.227910468599673,0.0,0.039980597690881255,5.307920269231851,4.445481731577687,2.0303713948307567,1.2775087281447781,2.2889786253597157,0.848317469836102,0.3090597425015848,0.23474655174432218,4.77418086859432,0.5330649218696376,3.703288999782127,0.7752612923477508,6.504931777550433,2.195536585293765,4.942261131766899,1.29490007171757,0.5469561781414114,3.732497146848888,2.40735275114004,2.68757584458207,3.207221311316708,6.176278884679084,2.2359108309408975,2.8320190722153495,3.8326368875668666,4.51578182518075,1.6083361503476612,0.8892398887868314,0.587268968104325,0.6653018037956752,1.395501575384977,5.97239627378539,0.32768736417604716,1.45769934501606,2.659993039136593,1.3511194519299805,5.341071323803242,0.3988975712024732,1.4611094150652546,2.1557492326779446,2.439436971347311,0.767993717611875,1.0868516880384984,2.2809859986088044,0.2258918616903405,0.8571848057912005,0.03421571533791298,0.46236648314440026,0.0,0.38890588403906945,2.9053894120151487,1.7902298829556658,1.9641028540230365,1.5158638074184896,1.157496502997335,0.6808644223759865,0.6127771052851992,2.398213537696278,1.7432995278882566,0.06502076994841134,3.0923089374609587,3.2329983693148137,1.9780125349367026,1.9083902187820885,2.109527721798356,0.2223099792643156,1.7245193101121479,8.759549684262195,1.0008653574432533,1.7198405550642677,0.23621706410222007,0.8559099881982147,0.9255437586984934,4.989488736757751,0.5620836426961592,1.0612232024993236,0.4949787531966404,4.000576962631521,1.0
1.7586016642917353,4.257003072710137,0.9659135443470033,0.032524065692199365,1.751549414791606,1.8633438107064555,0.22995700858436255,0.7586443002737373,2.4602707607525,3.717199329581293,9.48768852279499,1.3278023153765297,4.611933667120833,0.021053252054075176,0.834792104764455,1.3373685719365365,4.142176509268166,5.294153865021773,1.045582760019635,2.05647948410697,0.0,1.5892841066712498,5.919721445130167,6.153774941902673,3.095873798231801,0.3939652756602426,2.147762557464937,1.2794118631106937,0.10728613495222236,3.232430521126161,7.630047927955576,2.3732584291992294,1.8465936041048054,0.895923001923769,6.942776043415259,1.1845976841557606,2.458355754007432,1.4705108351772758,0.5933059592504912,0.8914191868460786,0.765449879452697,5.179367729075881,1.1262460410897777,4.626766188378241,2.983677694698067,1.1928885121913588,1.9003355086409828,4.882555017826154,3.2116352533271493,2.326911203912958,0.5466599064408345,2.737924667511842,1.3500445658626943,1.53391214422658,0.5731806027893732,0.8373781597538066,0.48923463453201754,1.1323794250528658,6.674894197173936,2.073511785704222,0.26423615104354714,0.5438917659941854,0.5880369718706062,0.8847151290960331,0.9236436253457025,1.6839658819170265,0.11703005301018696,1.0282155071304362,0.0172092900322231,1.0066211801223799,1.2320467133501098,0.9524081223264418,3.4632039204286245,0.1331689334860438,11.834571545284208,3.370485153809404,0.0506061736907874,2.2706186408382596,6.0491754977340175,3.978753925180254,1.400865777566253,0.05422334733715443,4.5807062894528885,2.7261990822468505,1.8288346494680556,4.533781355603967,0.8270060096389769,1.3354260866363397,1.1039339910562331,0.548436624696042,5.637537796679953,2.177439471461764,0.49057013044620146,2.0925457415435655,1.9631041547355488,3.369382725338941,0.45628048151072514,2.9963525882240605,0.7359553540122641,1.1681927278210753,2.0
4.175213194453225,4.851059380789158,0.1971105147126964,0.17466207953358823,1.6242412960725239,1.3155082663164144,0.008773707066016134,0.030971642412075527,0.008630305143440056,2.249111555989338,6.46869734666116,1.7734478280062418,3.160565277681605,0.004033901284489715,0.35038409009431953,1.596887449200865,5.880158987514957,3.7904280016396545,1.0485849575730497,1.808590988139976,0.0,1.3750116200901237,5.083464434919072,7.337439044974503,1.2494453410858386,0.2526578641941174,1.850519416323661,0.1624678676153039,0.017779412561234692,3.896262159755089,5.79312075885393,5.893997982669508,0.5522786909904362,3.0518940923342903,3.348558207137156,1.2273714225832588,1.9793302987477028,0.9256197120029354,0.13330047622977648,0.6796940247623214,0.6479131095439641,1.6221338383657997,2.97166310300877,5.278237568606743,0.8974727872708786,0.012354130407874092,0.4781952579391659,4.278393700812954,1.2235461159528183,4.511202348415655,0.38791392438594774,0.28510625106125354,3.5398660236965784,0.0,0.135140816394815,1.4831579518080844,0.1147667926655143,2.1754287908222567,7.225775243239975,0.25096157353321874,0.0,0.02233230009805639,0.5225579928704368,0.06336487875842937,1.859850312298739,0.17887395816979543,0.10728613495222236,0.5495213207896378,0.07587486697512764,0.39626911219093747,0.0,0.03759307554023308,3.0332644064955114,0.1046050432293108,9.477497222266985,2.2719037062632754,0.007195501404203766,4.375929108608329,0.35681991507599453,0.2234225499349372,0.7638364588909514,0.0,2.9263220905705025,1.473059537262585,0.1319845087565303,2.8120258065570103,1.5116198406586994,5.075506960208703,0.20100646605609293,0.3849339465751764,5.677048694107574,1.8236678498112942,0.05130248870063107,1.3324501586452695,0.24488705912353448,2.065572311593622,0.39835037034596477,1.2847510095342265,10.029638677130562,0.22613856056934262,5.0
4.4009408989036665,4.810376263253589,0.8406847825880489,0.04488367823976479,2.4355485902604186,0.7084962730121507,1.610227589544693,0.2990101494989229,4.722116237818659,4.3922143694524625,7.820253010348816,0.962437970922988,4.0111377831889925,0.5766672466367898,0.9907370786710321,2.43722773891291,4.284617771406776,3.810556211638225,2.06667476272446,2.1141670995470254,0.06571016406526571,2.051093629483344,5.620187561572743,5.054253741848934,5.601619269620823,0.46613112876218804,2.0908872961344023,0.9272138083929853,0.8908746708777767,3.2940325240056882,4.6714858699659,3.5175150725260558,2.7483324151959327,0.878450703096664,4.134984807198568,1.153740494395351,3.356876242847242,0.8824474164317309,0.3390233333727542,2.3665600207369235,1.9082364829968894,6.450031741962147,0.9281239304130051,4.579638763407648,1.3161457422933565,1.7198843520631293,3.4936473339752103,3.5151952009509664,2.217323790317723,3.553962524702498,1.5709971635968147,0.11063050809643417,3.2304489762075064,1.7984238454778598,0.7813177436039047,0.2871176357881811,2.2262310617741887,0.6017915838620261,7.000548795985596,0.26267368698183613,0.43017820443783106,0.47860946840451163,3.058887918261864,1.1630478196238285,2.1171963291633,2.3677624414443774,0.7992531235606396,0.9410311686228703,1.1501047009995058,1.1638207264904181,1.065296567127781,0.6014112767447879,3.552930334214673,1.6240072860736507,9.893468849509949,2.1582400685971597,0.5733745264459443,1.4277670591684262,1.5930190555922146,1.3683213656110182,1.3005337724953678,1.00504061670053,3.491776150542255,1.5389354087733311,1.9604005011791936,0.6806844229944818,0.986301704994124,2.1002376143457377,2.2415046340711497,4.1453676908041786,5.712573771201484,1.0110662014062053,1.1141004515881803,0.48088550264492513,0.6366362200551354,5.489189668448327,0.8518389728493442,1.0488639144146186,0.5957900705306598,2.8510393857087255,2.0
6.438306160512601,4.75011337471286,0.9849174054269204,0.4362684647193904,2.7852157323148434,1.7228594331107754,1.2202680353087019,2.0048968432148473,2.1871342914745355,5.074595345111928,7.8519757328257676,1.0830431287018032,4.394507282415874,0.12961273813046964,0.6218994862526012,2.161597502237846,3.7791861652177405,6.1477157571815235,1.8982857586167354,2.8232194597405864,0.029841557136715123,1.8178278805939512,6.028277401275191,6.290846430700754,6.7775512222878,0.662661255475094,1.8003304729246357,1.0364681670692915,0.5162169084249977,2.865740693057957,6.5232106484078685,4.182875006133127,3.1824221641252146,1.1098954109014871,4.633297513645413,1.259724435573914,2.646462227260023,2.0809645870865996,0.5479433112903502,2.8585778489073967,0.6027419132823909,6.231488090609378,0.38305450144979236,4.888558182474998,1.0979478355348329,1.5676427922030691,3.0693412759038967,5.749008580404402,2.853376931587947,4.8961894897887275,2.8123750005659494,0.6057787675354639,2.754203395676398,3.680189308865926,0.7587295684578627,0.685895308742454,3.515674610609205,0.6786128143388287,8.854191435344093,1.3501011587837914,1.0777898886436679,0.44890095114512774,2.0068006800841522,1.2488991070763262,1.3292958481025152,1.6631624206425277,0.32377356369147253,0.7948525079551956,0.8160671729021761,1.425781538703535,0.025595835882683472,0.15807845649862637,3.3142179645201595,1.0415934486591822,9.040872161778626,2.62150100027265,0.6880460440299789,1.9658766141901904,2.4036767461215303,5.374173554533363,1.4139731191477534,0.11822681379294767,4.131169652326078,3.834802215565542,3.705480334841622,4.491089869103498,1.6695257246710324,4.382653420511512,3.932127331155588,2.446891405292056,5.018745433965348,2.8207304006051017,0.9686437559647167,1.0443941193584534,4.279278130957238,6.078780598150539,1.8989435429060701,3.7631034549996305,1.1188248221086143,3.975905273523699,1.0
6.026251199783836,6.5809293448289115,0.2841587458694001,0.0,2.365692537197533,2.0395595572557057,0.5646220524369807,0.19836842310251937,1.268673924548358,4.806452955763212,7.59826767836771,0.4835707400915555,5.30199362180342,1.4482666600639544,0.9521098753791003,2.477755028975928,2.6879788820619694,3.2860087631021537,1.451540833017832,4.342448075398216,0.0,1.1724235080990943,5.943058638890398,4.251052496826058,7.887904172127677,0.9308508566408217,1.6129186130299193,3.3372543804657715,0.4122937713334167,3.2895246507702867,5.5315873223096546,3.0106187347786846,3.004123815155926,0.8177051102271712,1.909312289623344,2.565499693166199,5.027530073026835,2.264085987625156,0.5419112659359048,2.348430733677637,3.6636975639268576,4.206885423898224,1.9515131964517556,3.613024734730529,0.8443856530025712,1.757065929161296,2.3833310440412365,4.235964426436711,2.341672702509523,1.4587494560941148,2.8027929224767063,0.2501126796923753,6.333785077852209,2.0992615354492012,0.3379964635150159,0.49610437977073235,2.8176846474836066,0.684728987014086,6.519928693259088,0.09801523386895944,0.5575816397293087,0.2692725780450138,0.9507670005931379,1.3825012571891147,0.8433407168601933,1.0278617753545092,2.6573198788759758,0.6196477669308752,1.1330373787473498,1.0657790853618698,0.3617683594191533,0.4690524098546894,0.6610198602701642,2.532990143063628,12.090470368779007,1.9810854469039254,0.7570232465074596,0.937419726738949,2.949852384375686,2.3553264272299943,1.801282842574204,5.101288684802523,3.066984675376303,3.1626773216238977,0.5249663318161122,0.5632557714329888,1.2515676206082471,1.7982994126416534,1.1338922701975558,1.5208496504080753,6.464573521690927,0.8569458632824328,0.17670573818911434,2.054049652127408,0.23854231427915087,7.948452505775372,0.5263693418303013,3.7984342143964462,1.9872844797190627,5.18617169852607,3.0
1.515106871266764,4.976253642083074,0.188147686926434,0.03604610015685955,2.061257770902946,0.8714494156770001,0.1513393010422809,0.7434718825913932,1.0753957141091843,5.3390625396089595,8.497880969917821,0.21263158972095403,3.42952223618932,2.641384179219393,1.431569476051276,1.091936738210585,1.4072439670168633,4.1418169570638055,2.6785677463151183,2.2373495619382844,0.0,1.5306201405613276,7.489229013848201,1.1375035237499351,6.652026078408318,0.36893593219789994,2.211105669617477,0.9556847758693234,0.08556062487262552,4.121081730243044,8.23863879999618,0.5275708368328196,1.565597175854225,1.3924822927910407,4.727637331908271,1.0992278657748613,2.5217543189880067,1.0190613650934301,0.3289513239120089,0.5914879383979433,0.348232419239271,2.4487952553290513,1.8901353560455583,4.723957131460181,1.60055521900627,1.9943262799907289,1.3817817223280793,3.726427990623513,1.2422061485708746,0.9537494711181094,0.6101330764560622,0.3145225217916148,0.9198358342815143,0.5814958710013768,0.4023947505006149,0.511366829479557,1.1894134310336724,1.8149605130157032,4.215352439227517,0.2251515118412731,0.906736699929575,0.09653174269362867,1.6526471041136235,0.8225262190388317,1.054084392842379,0.5655971758542251,0.28510625106125354,0.6252704893746932,1.7197967567357868,0.6406209280356978,0.16014572540457922,0.6974179939174495,3.31916991245573,1.5776825991883325,11.607656547893772,4.238771576719719,1.1648506252828381,2.0820894158248557,4.409160086462693,5.031712780088971,3.990991154155335,2.2070494717096794,2.895593457951747,3.017013258366606,0.38879569997509933,0.5287713320474109,0.19269917799205968,0.7354355263435766,1.1847880844869727,0.2983063958064855,5.707320475619316,2.6812018606974353,0.01535483429346404,0.15302704346482315,0.4258889340243042,5.736753682769451,0.05644480101966811,0.4221253328565201,0.11356715704707816,2.591344312815098,3.0
2.7370810051530996,5.098230045047882,0.6301258523243805,0.0,2.0564448010196683,0.8144273738612482,0.4202937493466222,0.27214266196417575,0.09612688930500614,4.607229691509635,6.767609779517897,0.4948763799455143,5.209102397121103,0.03393391144193176,1.2806000488481646,1.7223348644145537,3.3428391604690524,2.9252399054874103,1.509645175721828,3.248398210821006,0.0,1.4854268271702418,5.939454625901157,3.131638868297181,5.484847056433141,1.8382256999809619,2.085152680563138,0.4628899384097085,0.20776793757217057,1.983495294414508,1.4548602212059143,1.191625814600019,2.4509077017726404,1.4744620024436523,0.9776829058275396,3.3400494728531664,5.184867410542609,2.6072711250466183,0.21921499579542364,1.651361729632539,3.2571162510049354,5.305259209327261,0.2235461159528183,3.2529756967727974,1.361038406865719,0.471239495338241,3.025879273023259,4.176322772640463,2.1697967561832483,3.030565619907692,1.1561376978889861,0.12498976997866353,6.194989242550976,0.8632248533459731,0.17453425469490197,1.166329817920631,2.1404514769536607,0.9696017942361529,7.4702513237791495,0.14274017211608214,0.3197335301331496,0.31880850322583887,1.1992483068402024,1.6787480099633567,0.5461659850279204,0.4772628493491721,1.3784561339158168,1.5926364286065773,1.0577621725290536,0.9231872207101692,0.01492654423810282,0.2654368960490983,0.6536103839884858,1.995810106094576,2.657136917645473,3.086664895128172,0.5774409133886134,2.051058816673939,1.5761351099738774,1.3721720519123506,2.522658420634279,0.5976980190212493,3.0352719899726917,2.3898145816183662,0.6511320779167217,2.613908778796663,0.16388511670894185,2.819443383469798,0.8057877165190286,0.9359122870313616,6.342830273349224,0.858538066336536,0.3497049617085375,2.2184712107432616,0.9599926617087167,5.593267111053272,0.38360753363385147,2.8010551591934143,0.3466449215885268,2.6860746591953064,4.0
2.669072132564897,4.990033600613596,1.5336131813794325,0.027437182706851134,2.387913924385948,1.1272370619248144,0.6351507240326344,0.6778013744294267,6.489894511183335,4.715931797985926,6.913808536940179,2.572186334717167,3.9246320070096967,0.09518178934268523,1.1110313123887439,2.0675354668753747,3.2686140455336408,6.7903628340226945,2.7155859141877356,2.0299122134063325,0.0,0.2028878334701434,5.95601482108634,4.8153089975076195,3.9846075776009564,0.8970854969834895,2.2335506558110523,0.9238717735300775,0.2907782513201796,1.4549654736347122,6.966858403976143,2.978323782178595,2.6078865688943567,0.49600208636544313,7.999052356662048,1.562669826102702,1.241352085770659,1.2598449312760547,0.3418719206444006,2.753861220746625,1.4037585369641565,3.195253095551949,0.24525225214937735,5.780472839304806,1.3527020362667346,2.390089831560226,3.5461412845178675,4.088031320808722,1.4987614656718524,0.601316184298991,0.16530097491686477,0.36401205355861466,2.400537929583729,3.7327576140096035,2.0612232024993236,0.38736254083599553,2.5040864328832093,0.8625902483801616,5.36977006677398,0.3908877595500094,0.9457575079726278,0.8678964639926549,3.631348786228997,1.0510936294833442,1.657914342680376,1.0812032604173942,0.41792000781196526,1.1297446055078193,0.42567413538758064,0.6396026312595017,0.0,0.43818637569136176,2.620727154322131,0.7413159674275117,9.356023169670713,2.066054737627507,0.23976462651094677,0.5383395000325625,1.0657101640652658,2.822832101588666,1.649339538807394,0.09031147137603657,4.162032750562058,1.2550776820054508,3.4209404561370804,3.9803269729822226,0.9811219897943106,5.877577398017275,3.5141727693973657,1.7573219985692967,2.8176027936068517,2.6403432820058663,3.404657930325598,1.2140626188815393,2.8317151315178255,5.079809020433331,0.2899524722153964,1.0457225357346005,0.05297227481398869,3.137159203166201,0.0
4.159903620502005,4.080290974391888,0.8610025136236527,0.25386828044171933,3.4646159944970205,0.8890061971946969,0.3546778285044531,0.11236652307256315,0.44794940991624665,5.285982879227988,8.707641085830655,0.4336004626258625,4.170878468024829,0.07614859718008292,2.0292761823706322,2.4042219308387933,3.05371957360449,5.736791558580166,1.2556215821215586,2.7371675573348386,0.0,1.1940870521163025,6.19926597757861,5.7695020019855185,7.224527510663357,1.6306850364557568,2.382252228038466,0.5951216919961718,0.08542465625267767,3.450419473397784,1.498353001614512,2.6541376219751505,2.803144358132324,0.9132628321551957,0.19949960366036198,2.3045986522089086,4.4990230771978705,1.6668020303831266,1.3905026080332112,1.9281997480045767,1.9314939627491754,5.5044646746234696,0.45185729447653983,3.841560573918448,3.3418861494585723,1.0443241688122018,1.8595720568172471,2.891127507421783,1.960622910487068,2.3751784795896125,3.31250544606275,0.15820774762573614,5.698182354822382,1.8538360040379223,0.3264222961010625,2.226785944489063,1.7226845980706136,0.7787973113749943,8.721423587681654,0.0597705810902546,0.6961719126152048,0.20601800402089562,1.1790651153426415,1.1956625628559205,1.016995435985204,1.0604624879861069,0.5853471681120203,0.8889282915845642,0.3626662558482544,1.5946918565094863,0.0852886748169873,3.0812032604173942,3.4269222054061417,0.3346826799357211,3.4212906346451346,2.330501035270426,0.14208662961752688,1.8530774577922047,1.2898934699030193,1.4444550461139356,1.1942762042754207,0.35004456586269433,3.9093410948433407,1.7927720775181188,0.4718637684076483,2.832849516893454,1.5767639776731255,1.7790495528374586,1.343123519401852,1.0994298720351463,6.08515693057762,0.8939057888463698,0.6775307930074423,1.5258684234401818,0.08079408195824242,4.188424663356582,0.31788288282941357,0.9533769993114063,0.4583820041560132,2.7413591173188214,3.0
1.495439342951284,5.034880378341364,0.5490283782075746,0.29136780428530784,1.4801616993481648,2.65138469279364,0.24293780020056457,0.5121763091141416,5.9558126192432725,4.4239949192295205,8.219304553413222,0.630871383012576,5.2747536593846105,0.03660882860510138,0.08542465625267767,1.7077898054503127,3.287487070699291,1.0022344460646861,2.029735566243607,2.652532385084238,0.03365205248999707,2.5180063056672113,6.048687393305027,5.511600866359326,3.7754404063797207,0.46498186227495175,1.2488991070763262,3.4593266915460195,0.22169151351090388,0.06350294230615795,4.624668266498488,1.8102785675873747,2.003314388506677,1.5684213123114796,4.484054326106629,4.046255306448776,5.308426408391655,2.7121775473549894,1.1333004762297765,1.1208163948170558,2.097273678961402,3.1843437779529076,1.2785200811766535,6.258038323201999,0.6989296471541583,0.15652605852865611,2.7447854105595346,3.5959213227933913,3.0243551432393887,4.167438217970935,0.31266517355839435,0.026162654489675658,2.8152270087292566,1.9621788163413805,1.7277462318125254,0.25120402291466304,1.1257833316273236,1.8132784045433123,5.380171847717888,0.2791741084890467,0.1048733767260183,0.571337026806121,4.9771425174289625,0.5847701285572751,0.04460395064976797,0.5451776346152923,2.058455043083572,0.7673157992248276,0.29101410141730266,2.1580784564986266,0.04781754802136954,0.59215800212536,3.468935150941235,2.549003726656643,1.8624315535124525,3.493160547211872,0.05755424645808902,2.312084261514754,0.2613502790209806,4.310361935392395,2.2582475458897546,4.605897265021414,4.248056590909654,2.899987643095152,0.5260688116675876,1.5211512696379041,0.06942721045601417,1.7204973704823456,0.519441259628039,1.1705660567920686,4.421425296057553,2.168642035558839,0.5803384741957087,2.7552508018342463,0.018349309878891815,4.5771024852345095,0.40435819483331165,4.2470920270715675,0.25918208033818735,3.467305568742022,4.0
5.159479839135143,6.0657338561323515,0.25882039687641173,0.42803516328190505,2.8516790908698058,0.8835426193133283,0.09693648250295737,0.1712068274181424,0.3849339465751764,4.04806176806926,8.179332394232224,0.2740528840782579,5.695643115444005,2.0744711839380083,2.010994616071589,2.0668469446388644,2.1698288185667884,4.267228649608489,1.329984649758421,3.1808162102037842,0.0,1.1542591462828007,5.593353770980297,6.648583361845842,6.6912116999419,0.9350070665838507,2.3199358007315727,0.21412480535284734,0.1513393010422809,2.039735005703658,6.890247250382745,0.3400494728531664,3.2510070358959235,1.030194803885839,0.03787416566112011,1.785759774427011,1.299244657796073,2.6531746941874825,0.756937877411255,1.8727893680062373,1.3429529107680065,3.061810752742699,1.113833828959277,2.9151766779704578,1.4588544251745517,2.1253866053658137,2.0789854876189127,4.969749128288659,1.2699308100998086,0.7689253355637512,1.5448315519458846,0.7965977540483058,4.979892727112861,2.201445671282101,0.26567692517216907,2.19295161806985,1.3997179835310303,1.6411298070215827,7.929967892146111,0.08501667348871386,0.2445217736320555,0.1302719545188591,0.5545397378189836,0.729531018385868,0.9636220851094077,1.3256166748216045,2.0142838706625974,1.8898239522096052,0.11703005301018696,0.26747587179649235,0.6225555762613894,0.23499174124880237,3.4475791965488827,1.4870232131291174,12.159765716033112,3.5312941163347427,1.2504765525029693,1.4277670591684262,4.5723743281611675,1.7293569900333179,4.629059306831797,1.897743828624518,3.387665827866377,2.66589298839414,0.8100728708733245,2.7123756728806727,1.6943453495637208,1.05866283937856,0.18116617426997692,0.2547149679769182,6.605811355314364,1.6415460290875237,0.06846445096690573,3.819474040081578,1.4963600815563556,2.936326989992335,0.5127831209173627,2.399526595712982,0.8346303223094619,3.4753832512475533,2.0
3.648108751837451,3.8983341353253183,0.4900566244643114,0.24865627000440324,2.19295161806985,2.2440345823936934,0.17223146882548135,0.05241589415113853,0.15561972102644722,3.2411232330715007,9.760302461756982,1.0240359354555093,4.0753785985632405,0.03167749645076024,0.8960780553970644,2.37364821133469,3.1443074672630424,6.345082295280908,0.8110599477400795,2.6865677580069423,0.0,0.7067294550325995,5.945717717592094,4.903505912958879,5.591167753444931,0.4213714330008943,1.8342662454399201,0.10353120987799297,0.07189993156563308,1.2852246454678595,7.033239073728193,1.3678742436019724,1.8832297890327316,1.871370556181455,7.677457501804771,1.8038056519230299,0.9361385034239676,1.64910956494293,0.37183761733042053,1.013497991748977,0.21723071622066914,5.313793652579392,1.0010816157254514,3.3257317911225543,3.3025822657676343,0.553065544045605,1.6392784769534237,4.63432607795682,2.1359288155264067,6.870199478380968,0.9273655352733786,0.3950627995175776,1.1160319934471103,2.7522561930563385,1.7223348644145537,1.0300535155652004,0.7998333347250612,1.3199646942164656,8.225147654857759,1.5315187049757044,0.09895848008816877,1.6262522167293294,2.0559244546294897,1.2318010227771576,1.4878979012100888,1.3082443643937132,0.21312950000747996,1.0705954124629773,0.3481190844624429,0.9091202401241334,0.022758397578157615,0.25423120737522265,3.02119542451449,0.43306626961761574,12.65085074960221,3.291544623205871,0.3433509662005084,3.4585788650474814,3.4621308662973855,5.5995409656440485,1.26435627052581,0.6838311744013227,4.079693839457911,2.9802264224098813,0.7422649670401299,4.789932653907724,1.814550423461808,1.601934173188667,0.5109619192773793,0.9509908998782756,6.766947577243158,0.9528553771737426,0.2258918616903405,1.5836153565845579,0.021479727410451392,3.356171987587624,0.6585542606508981,3.303093934928356,0.8220366720233137,2.4965390458445236,2.0
7.693540621968928,5.194485030979177,1.4112092827903633,0.4542811955500608,3.0650207699484113,1.499475999615508,0.8302553241676829,0.4771592111866412,5.985782748300348,5.842151684145048,8.069885262669747,0.6296596999273919,5.227675623309117,0.39429462049465747,1.27017009277082,1.756083908497432,2.125188201316696,1.8878371710867412,2.280332792363861,2.3579179101253285,0.10379974315766799,1.2160512576331335,6.932061171343425,2.910655920763987,6.048048685900399,2.0255249678958887,1.5379917728969816,0.4492179921398964,2.062743429237345,4.081833849927943,5.586671682621216,1.8831124601870195,2.2815202201893996,0.7426099030945857,0.30275771563803605,2.0860024344079227,4.035421566359114,2.13119435170845,0.4074071401257731,1.3181143436097738,2.4588544251745517,4.861771790855012,0.8213836841577326,6.295649565692177,1.0777898886436679,1.444773065522451,2.8737738337008794,3.2449631486275674,1.6901041610445797,0.6569081834733373,2.7140256616704383,0.5605193215443686,4.968040049411659,2.1222419992983586,0.20414071678022522,0.6150395653007114,3.627793582682482,1.3809510436258472,5.815383295813539,0.10688428869154283,1.454649693309311,0.10661632898778424,3.1074535378649886,1.8395565437542973,1.2726204546629918,0.6818540177410607,2.1730954443224406,2.6402044389510584,1.3784561339158168,0.9078136250967471,0.1460034511389246,0.3897870537356576,1.255742420972529,1.999963932173128,9.7174132185854,3.9430023587288527,0.4939546936413707,1.4355219213439279,3.6121755424745543,2.019737492179961,4.7612533549766605,4.20407809844905,3.8481371617549636,2.6999957436673965,1.2057678401498182,0.38736254083599553,1.4112635265833833,2.0816804886563336,1.6606548520352282,4.930136483703668,5.2549492312159884,0.5543432656627643,0.4513298201403328,1.241657166243129,0.05699963038556373,6.0983942908414885,0.48800077083406823,1.0579007732632257,0.8878371710867411,5.889298305770659,2.0
6.850449406130916,3.85633837289449,1.1717832777518125,0.28605313437747515,2.087225201319779,2.280629740957222,1.1499096675349245,0.2551985664196895,0.9186152154865697,5.284651082092252,6.027492475284469,0.5003941664157953,4.260545113360289,0.04306447866493742,0.6095658678618131,1.9662827939307777,2.9584529557821826,5.14471941588296,1.4294820651770086,2.06063541287345,0.0,1.5399776571582264,5.845665672694333,5.711029534917386,4.862089308291658,0.5913921895981145,2.942645866711967,1.6880908169383817,0.42910708178049967,1.5865005552814249,3.243943215717722,1.2462256485198717,2.1396004645855147,0.8817429181475813,0.9574689097073249,2.0309010380104224,3.8575630505139307,1.7094229869954922,0.5394318114348329,1.5649146586728258,3.00403390128449,5.211759833012119,0.2784606094434016,3.5900749987919154,1.4911860964589267,1.5775859297269663,2.0043216059500937,2.345396375391268,2.735652143968477,4.622865943453888,6.510354340813613,0.2027624852758868,3.878705726186447,0.4127273385916427,0.24768451276238293,0.8144273738612482,1.1433281073443053,0.6161694661867307,5.887478967286077,0.12181115114198661,1.3091761874785144,0.02715405150372665,1.568469955872045,0.965174761536467,1.1242619548126953,1.1411057604301305,2.3282907558232186,1.2562860705850918,1.7696448103486029,2.2450088004037965,0.03773362744651491,0.13264264253961866,1.9942538591764527,0.8935951978783482,7.1319752516091945,4.0641499391213465,1.1102964194394775,2.6986852223740185,2.515712451956034,1.776735686999212,1.9882665854261732,0.300416627836874,3.722782945387763,1.7316177228406215,0.3923174227787603,2.9132819831861703,0.11169907219742026,0.891808001035439,0.2657969247597524,1.4135399261734702,4.948745670361071,0.7752612923477508,0.08052123183149242,0.4537546068516975,0.17005323530230423,5.258922129515175,2.548584585830564,3.1856287188348404,1.9795132263400828,3.7969818401970854,2.0
4.136191386287144,4.600709822569437,0.49559284019834493,0.08719124956262302,1.7069504256469006,1.8400804786568068,0.1844707366400919,1.4266941442036534,5.353739664572817,3.7042965418788394,8.744320563773794,1.6883146606403852,5.186389625597555,0.00963381939726868,1.6615671995271457,1.7246939229648999,2.9199120886773082,6.735174188047359,1.6995960497900957,1.6904617949187188,0.0,0.8373781597538066,5.910771030941648,6.881828552624412,3.522193883611891,0.5833265191100258,2.3007094716500966,4.184550080146422,0.10473921621623744,4.05669623451391,7.973393729909022,1.5856356013623008,2.194339249484463,1.93013175157781,8.538039512723714,0.8128678364990805,4.8475008948777525,0.9597701552114671,0.3352545652410609,2.391272808271625,0.6952811951448608,3.788873603665164,3.2665317045196662,4.08212348785747,3.422663591655022,1.0425743019687415,1.8721983659739303,5.304456282608764,1.8511593520346947,2.9845164391055103,0.3283769340326658,0.09963185001446039,1.8264773041055093,0.41077525900824247,0.4570163627003037,4.1100708658522525,0.7454524831316972,1.5789870033325797,6.916211489030242,1.7130798989198626,0.05547333589843156,1.7358254146536742,1.3407331605877317,0.5392332708660356,1.3102819462521398,1.5842890858930572,0.12882128065013393,1.0380849473169689,0.0615688492680028,0.5604214951303021,0.05588975819628299,0.21362723851194745,3.0830771782183524,0.1208827332486521,12.451061579047169,3.356679086025495,0.13435238662336282,1.3362262502957247,5.033876663298841,2.9206934639406468,1.9029611185825912,1.055195654242125,4.322750196783881,2.7696871212230363,1.5101517577842993,2.7346120826161315,1.6048304370991027,0.2875904955239412,0.5684213123114795,1.3484024047125414,5.900060122001217,0.834792104764455,0.1272370619248145,2.9511028364916605,3.128062392916585,2.809702542865701,0.188147686926434,0.8874472851181251,4.6572798580894315,1.2510221896984717,1.0
3.689355077864667,6.811176861327662,0.6796940247623214,0.24403458239369338,4.700872461745063,0.9182335602263115,0.5965535527425057,0.47290362360683197,4.1401978623165006,6.13080116966493,3.186801615924621,0.9054279234212846,5.1437076882133645,0.2869993966338397,1.4632039204286247,3.604783004209917,3.3641241467206218,3.2066432239833955,2.136158567555335,3.475499987264951,0.0,2.161371766215341,5.377918470441151,5.48749599643897,5.888818729702184,1.1701173479582816,1.7500061502042006,1.2226809314945715,4.1043114963096885,1.5308697979314088,3.051041409954214,3.8738722433325634,3.929611122950732,0.5089356618643954,4.0035932422940474,1.7868890529314507,1.9382481476867124,2.446520920293185,0.8953026213333066,2.0413481310997454,3.648419423312773,5.898365579316027,2.064675949315089,6.840888678046932,0.558561531800457,1.8947983655971568,3.8414297423281765,4.249763882108983,2.311880887025957,1.710393192170516,1.1223414075261195,0.2766753165031801,4.788106219609762,5.377043905760508,0.5314687994101774,0.7810658984359632,4.436088529777053,0.8003304729246357,6.227754550991406,0.5232608404527148,0.639510023175194,0.49886356361895196,4.717753181995668,1.1059462119053245,0.5828449947769655,3.3260051555294905,0.7815695448159738,1.1785553065857524,0.43327997055725825,2.0398753491013113,0.02772025835592744,1.0438344199999419,3.0011356752312457,1.4988125155485723,8.760344714809365,3.2164703862558954,0.26110952890930156,1.3011778981458353,2.582050128091594,1.5747796939380356,1.301470587489902,0.3101074090960578,3.843732656611305,4.498206181591153,3.3341105678447525,0.8966206113594167,2.155619721026447,1.7751348455234541,4.622333007735212,5.191436314605322,4.104797912974404,2.0005769626315204,2.2655569156025046,0.38482345872975465,1.4583820041560132,3.831178013079736,0.5932103310370939,3.2231290382193833,1.2737545785459234,5.703477275386412,0.0
5.353944278648753,5.931652330920795,0.13040376165803888,0.4569112597941348,2.533787583902483,0.7699409604144871,0.6153221234947053,0.34357837714689493,2.554023941331537,4.843114549328207,8.24914569664684,1.9770234215806899,4.765614304557581,0.056583528366367514,1.6470381488335222,2.056410117098548,4.423369751704797,7.091066136089925,0.954568570752994,3.3027430956304267,0.0,0.7609447741764442,6.786643405527302,7.133178182977234,3.9265403277824142,0.7843364614429772,1.786763621185051,2.198745581844824,0.14130198762525845,3.5421465926258744,7.360737369358448,2.988939123932036,2.785445929016059,2.2932527564278797,6.67101448865701,1.9482270438791673,4.333144613935479,2.33196312461999,1.178427826242744,1.3680419305947678,2.243547226577594,3.6789733078541698,3.116514475114833,4.885452345084265,1.463151594837306,1.1390765150461117,2.6515683849255924,5.850021770135429,1.809825996097451,5.102544760302524,2.7531338294449372,0.24269395754961837,5.483654573281644,3.062605292982846,0.8059527657173425,1.0345678928182138,3.4328525370185745,2.092613392714284,7.999097469800306,0.9527063076302241,0.2741721890227864,0.13369503251307496,3.2930172720495086,0.7594115325645764,1.0203421795171859,1.5883728450004584,0.9303967267254548,2.2800951894744492,0.6527847549087559,1.2387257271461283,0.4068631579765398,0.9256956613088879,2.5148292284752496,0.5305702039025285,9.440613611510905,2.8393952947275407,0.973501071816599,3.4764724202511985,3.37765129858786,5.156966882971697,1.3201380429749667,0.0753272507070651,3.2349304477791856,3.817561864926861,2.2696914877352423,4.083289969491846,1.5158133573619776,1.4592217568228478,1.32883646422954,4.093289730001477,6.042902563712995,1.1619521589267423,0.7503492405841502,1.2940766491923654,4.059052376780402,4.362617166579415,1.738378742976404,0.7844202246177843,8.41941880237839,2.4027221768456046,1.0
5.312189569179985,4.73598783702336,0.39209756678307595,0.7610299065070913,2.115832298652565,1.2294648731400921,0.24330348691813794,0.3508366648108816,1.4603231909322487,3.846794159473293,8.546969678657478,1.1380280447667612,5.0959581668562555,0.08596845386216505,1.8305392913058676,1.613625943630087,4.7581805662983765,6.956157739776537,0.9245560016865544,2.859015384799414,0.0,1.1775351482962726,6.635898015271906,6.7863702696810595,3.3839807105504622,0.8339830110071211,1.3011778981458353,3.464968797166158,1.3127232518998562,3.427981546444925,7.705366284934093,2.2732771613615412,2.1152996440255474,1.078951341394822,6.944651160606713,0.9579145986329853,2.975666867610605,1.7452373321297492,0.8702660703959826,0.5824596595607621,0.7556567344082397,5.69146995686127,4.016665682210002,5.525185642090447,2.5139202055787715,0.7670614976804889,1.696528045680674,6.928780094445116,1.6247559844996595,3.9595383411126495,2.407515911946301,0.21337839072506246,3.6686183978017883,3.113217075340529,0.47508488294878287,1.3465314620280193,2.567667127316647,1.566084490515467,8.91045685440767,0.48769213995453226,0.2543521627339931,0.33445386232368096,2.0178506620385384,0.6622054996536166,0.4731115047370027,0.895069909817214,0.3492520317806705,1.2767348618749983,0.2194628389571548,1.1007085885966839,0.0,3.747720373482738,1.2431206551458933,0.12141333091586493,7.124777873053981,3.6067738440486843,0.6707497114874938,3.107888694552972,1.3234853647570777,3.2376096048347796,1.0873270517974754,0.41077525900824247,4.116497840501748,0.5827486706213036,2.2918098109598573,0.5414157158190932,1.0502578901169526,0.05838577100035305,0.45354391754268647,2.0894642525310645,6.193923494319959,1.9492734500266087,0.5464623581670918,3.752384661003074,1.5650609395389474,3.3562001643996497,1.0894981508391026,1.9098882847764773,8.507808512199706,1.8399595874895318,3.0
4.682747443948239,4.08240455142731,0.29959634878409525,0.675093273820292,2.1592416597301063,1.4583295033812156,0.42492208821068794,1.0489336451979225,0.23866459211461746,3.7435580522220526,7.064213544808881,0.8057051848385113,4.995059336061151,0.05074546358139898,1.3447716968619632,2.670477804144288,1.8931291860172121,3.3692989621641334,0.8895514187040189,2.459562766770735,0.0,0.7986726789578033,4.714981791225538,6.585892438685146,4.317014574021445,1.2958405509170354,1.4081683707081063,0.1682569232085816,0.125915549474723,3.090379227395346,6.550666761678964,5.652910923267854,1.8183597648230394,2.7439242157446717,6.51323964174088,1.604925298199238,2.2404364570778696,2.480885502644925,0.3894566781666655,1.457541762407807,1.8691212465905562,3.4964239999220887,0.6058735663028463,3.928654569900175,2.318114343609774,0.6778915569605323,1.348968878349821,6.378586183690897,3.0660375109038327,5.158090578034017,1.7713785394845298,0.15419432499278973,4.139412192123182,1.0051843758597232,0.2507190834005546,2.423578170981797,2.3720327135913304,1.923377406855545,8.504871015063696,1.5391836314543668,0.549619889097734,0.36524459958906297,3.4867401122309043,0.22774107583912812,2.03899797879751,0.36524459958906297,0.17632277264046287,1.3459072748976006,0.934554243277908,1.3949530846963614,0.010636636108736996,0.49927188316908827,2.9536191169241297,0.4972291287876059,8.00835970722463,2.184089827056126,0.5360529002402097,4.041970105138392,4.183859645437496,5.772331731084841,1.986956962524401,0.008486888965491164,4.292796470530706,4.096885896235981,1.6626156863713177,2.4626805790941635,1.2343173698161565,6.817812534869439,1.3960498576250309,2.156687844612157,5.558974724234431,2.2125382124084294,2.225953540365064,3.1675827291299163,0.5347588693443623,2.619835544497311,0.1928254035523912,0.650672664786422,3.1452861628035187,2.687239893984603,3.0
3.0648828515848545,5.575566474373916,1.509645175721828,1.3042189687163572,4.101767718843062,1.3986787157650256,0.717824454487637,0.32768736417604716,0.6068212115293052,5.404620466794456,2.219091058246197,1.2859348079438724,4.602195550357482,0.26399588207123914,1.0986890440913284,3.237915477656866,3.4417092150115294,2.22391675051899,2.381144911441161,4.571094275540907,0.10956115195305141,0.586308388109527,4.9726191390081524,3.708430056372282,5.771489469500598,1.489645688040287,1.9024209423153502,1.8153704860337756,4.021293159954422,0.42642579074202736,2.132346519490104,2.11146539142021,4.699962440073381,1.1321819804175053,0.7304877992637763,2.1248243896791883,1.0980152338689595,2.3791495972879564,0.18802105141694836,2.9675928672154055,4.131424858888248,6.362413778955519,0.6623878192596837,7.2753507271639375,0.6137202281800593,1.4551233378816797,4.169147339559224,3.3591134924483,2.650534812314778,1.8326875164395318,3.5592837760205285,0.36524459958906297,3.4115618309942577,5.385292973645792,0.7629015479359811,0.9984843743642866,4.396714370470646,1.2702299072379977,4.169436005260533,0.11703005301018696,0.5564048900385465,1.0902437121744233,3.0043935231526153,0.4736310765512001,0.3950627995175776,5.247942699627247,0.7472584859223782,1.1056780778945372,0.21263158972095403,1.674686619927999,0.514703009540874,0.969380764941608,1.259302621345141,1.9406929797255972,7.786917796170798,3.2469704614641484,0.8355199013869357,0.3883548795482065,3.2298186124579926,0.716771456418223,1.8773123582218512,0.20489192483723398,3.2968538187177674,3.546524094908479,3.754951620518222,1.9918982015030355,2.7539253847280847,0.7677395355455784,3.6604723132811556,5.314805267415384,2.8871938027242745,0.8261925362366017,1.3528714959534143,0.1611782500798127,0.8397983835069194,1.0810668804918881,0.46393627950640753,3.4605459979414093,0.3914377976980001,6.107533047444394,0.0
1.643024958013437,5.106716819709163,1.6491555626486483,0.37906639928090413,2.3718654898401708,1.8228117114362248,0.6886727383391431,0.7336146530749229,4.643613796646262,4.813811968382954,7.13270432719192,1.5127831209173628,5.5080990008912805,1.4972291287876058,0.782827892074894,1.7769461918570875,2.7660014251528247,5.702973306134462,2.0739572999433245,2.662889079406225,0.0,0.898479255718769,6.403006909137426,5.129035676593892,5.940263083580325,1.0464212112487103,1.8399595874895318,0.32504095549520085,0.279768421593595,2.669185543962018,6.203463511851615,3.5776221815340588,2.4236588413288294,0.6638455472431453,6.459562766770735,1.5477459386871437,2.3932788990162055,1.650856447594427,0.26159098896412525,1.6250834179220337,1.5816886802286452,4.015229929494076,1.322851124375591,4.570827201963689,1.7660438430126952,1.909004998152039,2.6546646673512235,4.659273829252808,1.6731040975901739,1.0383659416287865,0.314638526699882,0.259423152281415,1.972141200200944,0.507312604411938,1.6847289870140858,1.7450221490372646,0.8705028171143799,1.0214797274104517,6.991274667716462,0.9012627402347169,0.490672809713238,0.9654703200606021,2.214280259804901,0.859810564801295,2.242663474320186,1.6592395722183197,2.272262124974296,1.4690524098546893,0.05838577100035305,0.5499155536219554,1.0927486855395239,1.726220884609513,2.4649818622749518,0.7970960082549122,9.912416342070125,4.368963860823357,1.3047446577186308,0.7610299065070913,2.651935699038205,2.126642531118168,5.54399071966485,1.583470945075698,3.603893348665133,2.415515312877629,3.8956903904636855,2.760199651917606,0.7084962730121507,0.6851776838860785,3.5903864433506447,0.7311832415722002,4.823066567631024,1.1345495344644545,0.5954081778566309,1.1701814577652503,5.647020874531045,5.595992909904054,1.8325660041600922,3.641083552712065,0.20539251298968486,3.017743786503007,3.0
7.017766052892496,7.443575158478186,0.06460697529739193,1.5782624799695666,2.2884471589639546,0.6260185327077469,0.12234140752611963,0.13933851360142885,0.5246655092174434,5.203843255498149,4.89110806002993,0.577054131873994,7.122576439320803,0.019773069040027156,2.202041521731883,4.063968809258773,2.0005769626315204,5.5183588827484,0.825867018401085,3.215197100269113,0.0,1.238603454492365,3.8859062046307096,1.6988407702072095,5.170966571783366,0.9559822847719376,2.1892869065836122,0.9697491282886593,0.13920752027125408,2.7273759385948972,7.154353334529123,6.070116649936355,5.134397568716537,0.9106559207639873,8.39205462224768,2.3112996590339328,1.1121663202310332,3.4325719649210007,2.0507802839528697,1.1735752072349424,0.4398890476197791,2.7983201521930052,0.8567068811928957,4.354480371000675,1.0294882238732386,0.16401388852505705,2.4882064880796597,3.3450130819950266,1.3342822252952367,1.4752405610642394,2.9578217581270883,0.16902704513481687,4.701476975835989,5.669619260305381,0.3806186381773764,6.141236581525694,4.268292153242831,2.395501575384977,7.570308847096592,0.2514464315585819,0.09071795976779981,0.1194225826478845,2.5061702978457094,0.18281940161220564,0.82268936446939,4.504874589398464,2.3016754347054555,0.5862122949239661,0.06983962506863442,2.3342536171384842,0.046421211248710355,0.03759307554023308,3.081714570347808,0.1655582544611737,3.028321609752909,2.001117655621055,0.09166598752181289,0.33159057586623725,3.6147687284253687,1.3474388887681414,1.8976663934336409,0.04921253463256027,3.3166960631379596,5.606566593033274,0.7059336804671471,0.5780208913023093,0.8388307811628756,0.5032469541493739,2.8503993967702543,3.3238456044303675,4.8083747530102,0.9929859060914306,0.026020970714370147,4.71794506145335,0.08651204657428184,0.7102609298781054,0.3151024530776683,3.868992890743078,9.339214453711483,5.2786761828132684,2.0
4.4050733697280675,6.465530490030373,1.3782896530954505,0.13697881196350373,2.0448487152569603,1.361656083062749,1.763793976079338,0.4374408243635429,0.14834844991564902,5.306203900697904,5.395645519643706,0.6333847085573432,6.3197967427415875,0.07519031415521925,1.24379092506481,3.73138963648991,3.316218164925378,1.5073633526062162,2.621289992538921,5.526219084574436,0.0,0.6988407702072096,4.975552235358233,4.253391800246691,4.7038316098828465,1.7074364418968007,1.557875677239934,1.1740228420554137,0.6870606883398922,1.6857159359906515,5.1026581313637385,3.8046215186565155,3.8850959896905675,1.59215800212536,2.5136928603321986,4.464825073159883,2.3160588303356873,3.6638569299464647,1.2300185137126256,3.2155232927657105,2.426184229940964,3.912611545794932,0.1046050432293108,5.572034709255289,0.9240998856407416,1.2535052621866971,3.4646159944970205,4.501324489341425,1.9904829584331807,1.7784188664707417,1.7244756535966017,0.3754009289063572,3.8441445810593433,3.0128189334634445,0.42921422983958485,1.2405585744844843,4.107101969310021,1.5036540351455536,6.861913193969245,0.17427857103612218,1.2753646961504366,0.9095043135606028,1.267895303438372,0.7942702897762277,0.5852510108792798,2.5540730727523595,1.1531567880614204,1.7965146949480848,2.1015492318169224,1.758004628203627,0.020057652341253476,1.0624671435007056,3.0832474137479364,1.8775479515554903,9.291307708546078,2.273068241653568,1.2693324297341628,2.3380535310192614,1.8181552171711832,0.9319099375217137,2.71944632223195,0.03181862582635714,2.730987682304059,5.234696742533996,0.953302493409002,3.188274311321204,0.9612528840582077,4.450102696354881,2.112166320231033,1.9024981227375106,5.191373142408666,0.8828386557672508,4.40923477716452,1.6687999088316117,0.4274989052223951,3.817172984544625,0.8712916923751168,2.994090899051175,1.1548424068692327,6.249813173840401,4.0
3.2948118703516984,4.425647283309205,1.417920007811965,0.021621857851518895,2.4388251131756244,1.7542461618368859,1.509543837960336,0.478713002441722,2.749384090852694,5.871912628180488,7.72435559136667,0.9760703006957343,4.902218324060214,0.11009592910342043,0.47622613254623236,1.7867218081793852,3.339365460967944,4.151493551787492,3.5984247605277186,2.4239814776165503,0.0,1.7443764071208268,6.834615154274126,2.065227622775619,6.927543319907146,0.2819059238971919,2.102960410645665,1.2399478840584641,0.7291829406856718,1.6591938949069482,6.225508238232984,1.9799155854175174,1.7839175726037957,1.1123665230725632,2.307865639281605,3.734817987614223,3.287102856423829,2.0298768857040743,0.44127099043859935,2.8860623383455994,2.522708631894734,4.430880696744497,0.5215533305450947,5.133493657892494,1.351854439132379,1.3366261657635357,2.8205670334844553,2.4359752258915512,1.8968530728967068,2.7764830406193317,2.989629512968405,0.23008001621890772,5.509670509050027,2.6564048406054317,0.42578153870353486,0.2531421525641866,2.264746589786712,0.7145752388516257,7.2887572048208495,1.2751262735683553,0.7589853427765698,0.17415071221201325,1.370331701584541,1.8863160195989201,1.4347216245236671,1.3311319222172022,1.3728963943252324,1.445779664750878,2.451461706805527,1.1519886664225059,0.027295624050907505,0.707613134492354,1.417379975973023,2.3162616167595753,7.9178309237664655,2.568032104771279,0.18738770708047234,0.9173935630899821,1.9063518888950755,1.7796799636147558,5.979055863862204,2.592803840399619,3.5730351429387173,2.1033969244922313,1.3274574342941534,1.243669080966863,0.7794698572951695,1.5615460985981533,0.9076598278532894,2.325961996171852,5.077093422676356,1.9245179975233635,1.198619873219215,1.7181314342071998,0.2972501211717069,7.014341901562435,2.6819889099860257,4.330587081555657,0.04166353172936154,3.187609409226529,3.0
6.850491912724543,5.856604803860343,1.8322824357009757,0.17248751551013405,2.983933016358921,0.9708536543404835,3.073391816052921,0.7936878365407464,5.099905316796624,5.9337567400826385,5.348150960768332,1.8483975995281934,5.631046061052247,0.33239286905761645,0.6358008167589596,2.6691401804730073,3.7638364588909514,2.4986338330764766,2.8199542419699584,2.5897155561209755,0.0,0.5100504556011388,5.224410781870754,3.678387460140259,6.269700837010251,0.9444087045327723,2.171110729965424,1.013855262507072,2.1372411917115928,1.588324867911916,4.260100951232519,4.191996846669772,3.760391291543413,1.20006486151431,3.9575153420617473,2.7761882305794443,2.681539220112399,2.682303609517858,0.6674834361804921,2.299596348784095,0.5406224814123666,4.928635621850334,2.2328142268229594,6.235514545315255,1.4467326376565748,2.2073931304583354,3.905841856123961,2.5912964344432066,2.473968697915853,1.0062621131848415,3.2401311183307477,0.2527789515281839,3.985300042077479,6.287590495523942,0.6721084800313039,0.4169478049098378,5.556398758620644,0.5379420907494521,6.225488957980231,0.37116851549842755,1.364796522858731,0.21412480535284734,3.130288431069826,0.8976276742795506,0.6675742659750189,3.458132608458194,0.6416385065748723,2.1087920623419474,2.567229032456408,1.5707057885370748,0.04348449760357947,1.3252136954176865,1.0850846786286492,2.561179476390674,6.709360948848468,1.8647309223147512,0.257493447876156,0.7408843975176589,0.9822908738289948,1.9212458885855885,2.812518761771609,0.17376706773670667,3.189824558880017,3.1253370069114594,1.9147175864659032,1.4883093357033632,1.4511715402256515,1.8867452247421088,4.379378367071262,4.968551603363945,3.1859775175848313,0.9093506964555342,0.6389542497978339,0.6557181808341493,0.24914190328034752,2.6389079256839416,0.9380222618731112,4.160411993879692,1.59579007053066,4.588960434887962,0.0
7.135842649081719,5.880484728882653,1.01278318469829,0.04893364519792244,3.1643357677885433,1.3732862742730245,0.2481704732018035,1.3391373849195856,5.327403539176831,5.625454614147321,5.197287474367183,1.206455686442881,5.684902873613094,0.047259175478012824,1.8607244803022271,1.7951019581228247,2.291986575719019,1.9697859594509108,2.885222920882173,3.1256015122996144,0.0,0.5908175633129465,5.558194150263728,4.427720135825682,5.907770371279153,2.0460369815884336,1.5047220765761975,0.07942931500291513,5.147290415448662,2.250900954821015,2.297895714228054,2.007948951287873,3.3850168069066466,1.1664583717225332,0.24634727690091462,3.6890419129050693,3.872365841131568,3.2141248053528475,0.677260160827648,2.3711406295199224,3.7308790268108956,3.4877307224253746,2.7766093693397367,5.393529464336029,1.4326922167871696,2.2976903295908575,3.3208023536592925,2.151176914017708,2.864394174948482,5.325591491906301,1.7904384281852008,0.1309308698264487,6.214334664906019,0.8746789492074556,1.092478087200385,2.0895998409845262,2.3751506710131816,1.9289577048576152,3.29997725063205,0.05158092063064492,0.8328495168934542,0.14391580307144475,5.069947005361678,1.568907674127396,0.18345475417494217,1.0190613650934301,1.8372974156630684,1.6652563180215438,0.06791401408846634,1.8453093891236705,0.041383179019406156,0.6787029461628601,3.1317705506175697,2.411887183657505,3.296339931236506,0.5631581304028078,0.5976026814999266,0.6025518974716599,0.5321673202805568,4.122150869071934,4.333767191658224,6.41329450525108,2.7855087035604282,2.6280036414147925,0.5806279104572651,1.327859787542293,0.9356860351621784,3.6812243537795597,2.877312358221851,0.8249714654562265,4.147730000906756,1.145677455195635,0.1465248914774425,2.786972668037588,0.11463354906893944,7.1755036431375245,2.6015301334885703,3.8652952930850177,2.7822617716269153,3.200268927990161,5.0
5.7017237000761,5.1719633712557975,0.06529656712778095,2.50845400723069,3.1144503190278807,2.0096338193972687,0.8653645865572382,1.0258792730232589,4.936039538116772,3.875131294106097,7.228386779134349,1.3443172152544591,4.93502121502225,0.21225804420273486,3.5649634206095544,2.6738277517734517,4.776614632796369,7.909977663411605,0.8231786900956374,3.152783740892268,0.0897693086335084,0.3494785145191087,6.423060428892277,6.784175465435215,4.489639266229822,1.9112313798298222,1.5661819336981648,2.129019185729329,0.05575096411845322,4.887973606286841,6.31884826267318,5.505284387736936,3.2650917842054534,2.3430950860305946,7.655499954873793,1.0330176684383436,3.888577664269119,3.0373295038033183,3.6221807042205922,1.1524430483428094,1.1861835863061028,2.242175655032497,2.155846358787351,5.571391640212177,1.3050366244168305,1.252778951528184,2.6076262208454875,7.5865133154764015,2.6070580256072304,4.69850743288372,4.199318988495237,0.6396952333995822,3.5609961303433177,3.3755816437239425,0.9053508995809584,1.8560295502121968,3.229557161324412,1.9930946314603866,8.85366854684174,0.7674005564460656,0.6666657105945982,1.709731759420691,2.495823055451677,0.7394160934010285,0.7136958148433591,2.436108523656694,0.3338816594680902,1.075669535232832,0.4482666600639547,3.1144503190278807,1.3655805658333655,1.4748253820863348,1.3581711749695544,0.06571016406526571,12.86807524581466,3.2852690408655487,0.11769504266975457,3.0754641742625126,1.1377658080958786,3.081118024474767,0.8808030516381917,0.0,2.6960160767504724,2.42320164970806,1.7690946560311587,4.498621069195889,0.8052924556007117,4.70979240338244,2.455859809386185,2.790438428185201,5.6089127109455195,1.6601528148763753,0.7735744227713075,0.6857159359906515,1.255682002812213,3.48012291392178,0.9701173976055,5.206014095543991,5.744903784654338,2.1890970991007084,2.0
5.892789290779548,5.931139344100562,0.6904617949187187,0.0,1.7285300685579164,1.093560176162338,2.649638450036245,0.2539892662307867,2.443341425803227,4.852393426179872,9.232114606783773,0.8408458875620733,6.189745504931073,0.15120939288489368,1.7380327936813251,1.974896363762007,2.5400024634211276,4.225120655684437,1.4612142125839793,2.4363484286019186,0.0,0.6945682250088334,3.8023483371012015,5.442124077727309,5.064684570835444,1.01435529297707,1.4446670668419077,0.9174699466791932,0.21574071346401794,3.518661023109557,1.0999684171548856,3.735067201720662,2.996135619849746,1.9664673832884625,2.0802824456327746,2.240802778292082,4.847425726714462,3.260823585961156,0.511366829479557,1.097408535480559,1.818973233829557,3.7172651449600647,3.0813566724249823,4.341267066284184,2.2667865406949015,1.9403547115332933,2.506957317059926,4.869417408815415,5.620046765049447,1.5220557491609643,3.7483216798593806,1.0790879214423434,3.4004559559457688,0.7038094665262459,0.5440896665488014,1.8127035765602841,3.7169579808346493,1.552868871011303,6.775806467361269,0.974015283756472,1.012139555403256,0.30836087519861305,2.3657485196208876,0.6309645472656766,0.24427819857814406,0.8413290945692328,0.5776342652673305,2.6045220954397172,3.8563284119042502,1.6682099144690925,0.11463354906893944,0.6106055799944582,1.83556032376939,1.0298415571367154,8.349014009650759,2.4589856257858487,0.06087747289933462,1.5807243763087195,3.3020265337051535,6.282758556465041,2.5483873009455156,3.1318199283891457,3.3578616230104648,4.77409650878823,0.8671848224574119,2.886491618954961,0.5821705905918426,1.0288520058474935,2.6656429013977014,1.9983760544382494,5.882608815514027,1.948899820666302,0.20814264733772161,3.3237591551120023,0.20976526597410353,2.4897998029165236,0.41662359163287005,2.9334215628076277,0.21250708529447856,2.8169273218625315,3.0
1.2257684964295967,4.1257089537628335,0.22749465085930123,1.7918557368429278,2.3636476906217396,0.9637700310707628,0.060185765046563026,0.12419577158719183,0.09761079662642233,5.741154143839899,7.3806238326015485,0.3132458517875614,3.1059629686264563,3.7928657613800674,1.1909940511283323,1.4468914052920558,3.2959286894172855,0.9846258046091739,3.308302620972327,1.7608170662604947,0.0,1.9722147395546599,6.569000368244747,3.897569593599944,5.982188177832324,0.717210299019596,1.9551639876169506,1.0687395906723052,0.5516882694389631,3.9164097629849146,5.568694911007716,0.7947693483136535,1.3171303787285944,0.219338922698467,1.199499603660362,1.2609289399568757,4.108925846511825,0.8083438596314966,0.7165958819941426,0.5493241639678907,2.6984852076568235,1.7524060712153804,2.0852886748169874,4.641164496780553,2.4702244751079507,1.8929349699727516,1.9932395858742022,2.0798388806666703,2.2670563181786862,0.503145165950165,1.4289999257630042,0.35636921371622504,3.2752603911190574,0.3472120855856449,0.1265764570133731,3.709180333720866,0.23523688908981516,1.9156356234303134,7.79521692453873,0.02019992294349774,0.4949787531966404,0.026162654489675658,0.832687516439532,1.8043427300218016,1.6037390859003395,0.058108649401173953,2.308797706934474,0.452911664939964,0.2240402742179301,0.7642612182171139,0.047957107396655034,0.16748638996564932,1.078951341394822,0.6036916171155731,10.782572542905491,4.720234680197408,0.7963485624005855,1.045862297908688,5.396954068021646,0.9450832638804905,6.715239947444579,4.232630060824554,3.3633673488073077,0.29101410141730266,0.13211615953372519,2.289450875627936,0.9947245294995071,0.3371972813408009,0.27118660159725294,0.417704019333249,5.071827012613133,0.7126397979308516,0.11343380260404853,2.520899924658978,0.4004286303646994,7.089739653231915,0.5748281235874431,0.5023306017160116,1.1918784425463613,1.4617904629030036,5.0
6.351460490151238,5.0415978289508105,0.9736480082164701,0.8156573978430718,2.287974579972029,1.8469144793133099,2.9985204791990765,0.8735769942969629,2.641939017476073,5.987300398798941,8.173633667434341,1.3481757529637717,4.573822875089196,0.01564029037688224,0.5688104148803245,3.466209454512063,2.8668288700090843,6.11999312987697,2.0265168030642227,1.5880849585339807,0.0,1.735478852470609,5.806700408361336,5.071874195885594,6.93494339689393,0.5051795666833733,1.5771024852345095,0.2841587458694001,0.3511760027028115,2.6004362819134905,3.200017765151224,5.042412331991396,2.381117217633927,0.7639214207614092,2.5567236878663375,1.6606548520352282,1.8158213218338048,2.321408631163561,0.5407216595680366,1.6537479429099644,1.01278318469829,4.515151036784868,0.43477499145880516,4.5822067273806155,1.2393980415665553,2.066812509899902,2.1501697062957024,3.52231944890936,1.3266523910044032,1.1960404295529181,3.7168921514413173,0.8911080600299301,2.6749577352584555,1.2023236808106983,2.585034633669892,0.8148374983888103,2.682326085429289,0.6783423850761,7.800777621481648,0.699107384624001,0.8262739042206556,0.2067682354683216,3.016353683577835,2.5789870033325797,1.8302553241676829,1.6708856459439354,0.8116354308537433,1.3614876521430679,1.0905824763624423,2.295517330339703,0.9570973970637329,0.4743581628754001,1.263515224048839,1.0560979242800275,7.583056433845947,3.9989626901114477,0.8743641908248634,1.0659169180782149,1.6623878192596837,2.646462227260023,3.017227109771984,0.28841762731171716,3.9644448420666074,3.301514485770448,1.8088792512401461,0.33594052850347567,1.0297002342154198,2.4688960625187586,3.052520231870955,1.470302578945822,3.4246802754815318,1.053528440989299,1.351854439132379,0.8656813143391665,1.3439762600675353,5.357333824480792,0.831309777622071,2.929393349800571,0.13553486976118947,1.8489984304000229,2.0
1.1098954109014871,4.986292602099316,1.1549071990476683,0.9218932895941194,1.0453730710522997,1.315392331324316,0.09693648250295737,0.4346682556143521,0.017066724189833377,4.991712303261407,7.09954454008694,0.4749810882049781,7.787540208122482,0.058247216854662685,1.4311950348898992,1.4511187763949465,4.00380909208643,4.1444298405202975,1.0565141663604942,2.3416442405301603,0.05352844098929936,0.09139518601170002,5.551497560856978,6.4982636346840845,6.913505792014193,0.4498518651909058,1.8831906804776963,0.5881329436012842,1.3517979149471742,1.8769196171509634,4.022634132145764,1.3552418439308824,1.8477163552425155,1.7717165853043386,5.257229420421682,1.6584171592642016,3.591200672932376,3.970393537914677,1.2620722883984103,1.82273014794452,0.8170501584325206,3.710569523034046,3.150039692774153,3.847686292937232,4.562669826102702,0.1293489672108409,1.1875143981928162,6.292211183020872,0.6816741417928334,4.288535750293802,0.6456094411834958,0.5376439619298848,1.6482813553607523,0.6233986823772643,0.10849100259224341,0.7228157263370352,0.2696316509404391,1.5409199954276958,7.650629587303987,1.023823091022132,0.03435659664664159,0.1790013990992441,1.8997170230022775,1.0027385198069287,0.08215755908542595,1.40735275114004,0.3246954135892205,2.6959047551117306,0.025595835882683472,1.3965979315748998,0.0,0.1436546345260377,2.938662179843633,0.8076022200111089,8.481888613693592,4.817367437838646,0.014355292977070054,2.0155689316509675,2.9269861881488746,5.979412619034598,4.081143595786322,1.4646682670034443,3.998358000326524,3.457870040086831,0.6918021329181544,2.680841923681422,1.0816123228578898,0.27118660159725294,0.7169470094776863,0.16992500144231237,3.948002715212446,1.0456526495698917,0.2735755656153798,1.6109834714355264,1.2927228625141949,6.660385314029488,0.28889006122208344,2.4067271303841657,5.102015577521266,2.1519562050942813,5.0
1.4594316186372973,5.048628548135224,0.6565421333499936,0.02687086472474519,4.877709899658142,0.7984238454778596,0.04739878887541106,0.12432813500220177,0.2654368960490983,3.788278525034033,7.318447003436711,0.19912264201360064,4.171214835250275,0.0822938359514309,0.3965979315748997,1.9682382404846606,1.866433264258857,2.053319903798319,1.6112668250730648,2.5382153213908305,0.03955955725570582,1.0833835877100826,5.684930917876041,2.861340053494793,5.584490542029079,0.766298323984848,2.99144474911373,0.09153059312061654,0.5784074137536205,3.9223025256373427,1.3229664615496455,1.454491777223313,1.4672794804599822,0.49364733397521016,0.4316764413926329,1.4875892483208624,3.1404187549894527,1.0668125098999017,0.10621429609096804,1.0748479159001674,0.916400208238547,3.7616895117936417,1.460008581268818,4.692734050615634,0.832120371553323,0.44180215462886685,1.7294875132657437,1.3470419597969345,1.547153658812569,1.4937497944731681,0.26567692517216907,0.42867840994823014,3.2237160019486124,0.8906412439634438,0.2761988650322418,1.6871950946602747,1.6423318988442106,0.7147510593430856,3.6588170018966046,0.05630606033187654,0.5657921214718298,0.06460697529739193,0.7131679030093698,0.764770764387076,0.6143800475562479,1.1114320053619873,1.759965391132665,1.3391944073120707,0.12300395405481979,0.82268936446939,0.0997664862929298,0.10728613495222236,1.7630290714742032,0.8403625186584374,5.039612194030467,3.3208745429142397,0.21698248926876829,0.7507779888534919,3.1914994840359374,0.11889125217842651,6.103264725106701,2.916954278953216,2.7642399832206697,1.5282712471032764,1.417920007811965,0.7951019581228245,0.4924172400758576,0.027295624050907505,0.4618428378840728,0.9328171027418506,5.175704228193677,1.934893874081271,0.05630606033187654,1.452911664939964,0.27596058027806386,4.364775515847038,0.15574923267794485,2.229403344403932,0.6319889571754054,2.305416092810839,1.0
1.9774631112394667,4.032427088162183,0.11889125217842651,0.1118325870779828,2.664391815724071,0.5677401301945973,0.09747595901326854,2.530744974646747,0.23278353412245326,4.929412287901253,9.34244740868542,0.30439421966803015,4.027092109145496,0.049073096654305606,1.4221791677741853,2.3785393671223645,2.7037873228297706,3.5869208317527717,0.5517866898122242,3.3308451896234152,0.05616730630042659,1.7182629769509328,6.964216088771333,1.3022898018932745,7.402021189082679,0.9586571076771101,1.8680150367944603,0.831958289198261,0.5225579928704368,4.101507211287434,7.418596449961273,0.8309043098020586,3.121827724604377,2.2431206551458933,0.19522159325284455,0.7242136867573584,3.2538531565046713,1.6941224396822667,0.5598343973030645,1.0316774964507602,1.1863103831985107,2.2614405499561903,0.10581215112923141,2.876762490781555,0.5987463161542558,1.555079898326656,1.8406445035333694,7.465925503434333,1.6863436430761807,1.525166845373195,0.8719224821499968,0.18332770604480073,2.864592271153671,1.0387171075728538,0.3601956947323582,1.1809752953033414,0.30742852519224734,3.147550926703043,10.19710768809765,0.06653700239579126,0.37362037324573705,0.20801775489589241,0.18472462050188018,0.21909105824619673,1.6971065744769749,3.233259197617991,0.45354391754268647,0.5797594274125433,0.006764781878422359,2.0542580838697724,0.0,0.4115347149600704,3.605861716797576,1.3786780784631394,11.943126934262748,3.6737373148487467,0.02998286621571431,3.1811025507537978,1.6404821116998891,3.2759754742282823,1.0313951962755343,0.4443490240642176,3.214466783039201,2.925068959928719,1.1373723636933974,0.8057877165190286,1.8259890961966552,0.038717107572853585,0.6204925735764409,1.3226781013238469,6.84008425634256,0.5718224068332035,0.07436842178155338,0.5801454844233804,1.4415365969789022,2.7867845272334497,2.1172960856572414,3.5381283899814857,0.6546188449611264,3.421681118117839,2.0
1.8934010445626355,3.383510768303782,1.0093471722592526,0.025595835882683472,4.2384964574187896,1.5372960670908418,0.21747890047053095,0.633849659104694,1.8283472387679982,5.614886489836004,3.0514765149539502,1.1044708577629174,3.0540670225894653,0.0676387168753633,1.0824982271171606,1.3209467285571774,2.4680619237807373,4.246149625574257,2.204046788264232,1.6600158653256636,0.03759307554023308,2.96230839945125,5.824070263131408,4.9989085491184255,5.784551094843085,0.6211493035690023,2.037944429634878,0.4032677223393011,4.46487080507863,1.4421738532373094,2.6105110916661087,2.3394224743466348,1.9418950691405015,0.5831339286624178,2.7884977930879877,1.7390703927965137,1.8658792338984043,0.7869308610902855,0.5047729159750537,3.13573185609027,2.0579354213663263,6.793696939181202,2.1376674570540017,7.046365547949146,1.79975046170089,1.925999418556223,3.3117791890295276,3.9229399412331074,3.354438055162143,1.7443333473813591,0.12459282540582266,0.17261552181347775,3.208173868758909,2.7657681046278877,0.37862259552722705,0.6185205879887999,2.658737042234937,0.5524754444910331,3.9362044765240913,0.5067034868006567,0.7241263539057993,1.022900402110079,3.794810928733609,1.1327084394083,0.7821569101241264,0.5976980190212493,0.36725922448866966,0.895923001923769,0.20539251298968486,0.7969299426385114,0.0,0.5068050242635475,2.160145725404579,0.5548343958941927,8.056057811277299,3.768798332170836,0.6794237981125967,0.4632039204286246,2.6565878946949257,1.768586635000888,3.0753272507070646,2.169379880341951,3.7232527345010675,1.1531567880614204,4.635046217516208,0.7749240761851943,1.3997726611017058,0.46414545669118584,2.7187890280199842,5.42008148549861,4.232645408889053,1.0943712105925172,2.1675827291299163,0.9721779703463725,1.2878268672850812,4.607046185826507,0.9130329999521413,0.9445586338694506,0.28688114778816154,0.7715475722956063,4.0
1.9342900306985515,7.0558799996740955,0.45533379667722257,0.22564512061895256,1.8024827610827752,0.9697491282886593,0.004753055399819502,0.0560285389227513,0.02814476771337868,3.8504994137581203,8.164199983731796,2.6119041673520766,6.278962325286277,0.047259175478012824,2.2915740909191578,2.7010610529577357,5.855952334211385,7.950047838976611,0.4962066659234843,3.155312084249917,0.0,1.2546545067720023,7.415767115564479,6.355675280930053,2.4919813301896667,0.5526721711622167,1.755528557513225,0.1772162008360635,0.08365589708063247,3.269900896975249,7.544867863624177,3.008486888965491,2.290247447587192,1.0963968041871575,10.476095680249516,1.4723317960000382,1.3612068902387298,2.3798981635246923,0.1348780543431117,0.6893886272216597,1.1731914096692608,3.1889547270989045,0.10017031975697704,2.8830733484512634,2.104638587645902,1.8596913157380726,1.6883594252133876,5.081267184069764,2.098689044091328,3.4996545778194306,0.583422804693596,0.6563590734536827,4.917851803975006,0.0,0.5804349594016226,4.595067969563361,0.06405506441044337,3.4309542713857293,9.86012789319641,0.8663936977167666,0.0,0.024603367140657025,2.8711142330470767,0.046560905757741196,2.8330722378191813,1.6518209234236996,1.4015758593801733,1.3098164669043988,0.014212444812104711,1.1046721312825625,1.1472415643510228,0.1578198394788626,4.007599184205202,0.33055840003080245,12.915237920223325,2.8479167546039927,0.12220886170022928,3.0020543770370196,0.8490384768960043,2.6860522416079844,1.472695712518291,0.46362245685189335,3.190899262741779,1.827168649292031,0.30170469621916013,0.5573855814235251,0.020768865094571848,0.08011185986159819,1.6880908169383817,0.37373172237872887,6.597404538060859,0.7926887978667038,0.14704614341731534,2.7708924598054234,1.1920047399324956,0.37428833916903126,0.2985410185165308,3.8301640371445957,7.324742210567405,4.495650397455784,3.0
6.522843565998639,5.531730784371951,0.7882680828668371,3.9563819657736223,2.060566245405756,1.2372577709003718,0.7466567361572877,0.3812833725037835,0.3556928975662245,6.2968501487418935,8.950154890198355,4.337125904256491,4.834958923921939,0.037452509939606575,0.789770977310058,2.413377445267708,4.965170142954057,4.582604172328129,1.2540497553207892,2.52386300882635,0.0,0.7636665201380736,5.497912496712143,6.977918689873051,8.24815908537711,0.8636213397422048,1.751806465133647,4.083366566667711,0.7855087035604281,2.3637317825444475,6.530529629094487,1.866235420696214,3.542617130880443,1.9987009898208967,6.7529666380700695,1.0968690337528157,5.303893967902128,2.311880887025957,0.6546188449611264,0.716244669031325,1.4791270643060521,3.6599245584023783,3.428571222085267,4.836055406060312,3.1675827291299163,0.4210482124235619,1.1697326292784311,5.792545649732923,1.7793017502056192,6.438766906627012,5.471616692617542,0.05561215668669251,2.0416635317293617,0.5299708291365791,1.6497074207565112,1.5705600789363092,1.8866281814568204,1.1504946888485796,10.725063541390707,0.5676427922030691,0.5328655031063249,0.4951834779083347,1.8213020398895297,0.6767187441184332,2.981560432296056,0.4214791571033068,2.747301458445753,1.3571015319425097,0.8891619957953762,3.1838199552394166,0.0,0.4342412332519363,3.672266919700526,0.2667565623046648,13.006509209216746,4.53912157978786,0.04096254777849784,1.7802260968866142,2.659148216149337,3.889658491578332,2.030653895390394,4.915812469688145,3.773701006428808,4.101834938964026,0.3341105678447527,1.5981746121480072,1.6504888585636115,4.256157727344611,0.30707873853981527,3.4522000494062213,5.7439484438760475,1.8700687517824097,0.0585243118408003,1.372617844126292,0.4142437987186875,3.0894134035755374,1.2418401835646706,0.7567671240626253,0.6225555762613894,1.295135249000818,2.0
7.144184063717609,5.395799729699472,1.3212931693755128,0.13303737874734972,4.253830470301822,0.9564284331233611,2.549743090013334,0.8644932264511459,1.63203550398342,7.003743890865891,5.045932173918723,1.4738907923057205,5.325918835523029,0.14587306160104482,1.2300185137126256,3.7339833486774605,1.8931291860172121,4.400073350704419,2.453491240407459,3.321264302484593,0.0506061736907874,0.3749559959680921,5.339304881784264,4.892551316457526,7.489143094955545,1.5383395000325626,2.2230517883684415,0.9884847403761928,1.896426864794941,2.643255903769567,4.046831525382757,3.7821569101241264,4.918429171159819,0.9700437512622444,2.56958830533033,1.7417474082755158,1.3780676487800338,3.01410529940556,1.3716146178646564,2.126708602196968,0.5138949467649272,4.555000114618427,0.38736254083599553,6.61587677732009,2.103732614523503,1.7048277093284827,3.1980068867618576,5.000743697912314,2.5013627089597033,2.423578170981797,5.471437861374337,0.5072111026677172,1.932136782309658,5.562846855509066,2.0904131042117307,2.4204285038362996,4.994036574918666,0.8654437750217797,8.437304736310773,0.6103220964420369,2.383496944155365,0.6802343262632583,2.4722018035649924,0.7469146596478984,1.0539454249627853,2.8099288657214307,0.6398804198501142,1.4209404561370802,0.8933622107638715,2.9835864974389015,0.029134804053022843,2.266516712754505,2.3358262239404963,0.5300707422250839,8.257177552207635,2.058489677877915,0.13040376165803888,0.8925853151926533,1.4734752246534353,2.7014381614404304,2.1790651153426417,0.19673292822219499,4.352744403054518,4.404787342312064,1.4617380860204663,1.6747318093546646,2.2172307162206693,1.8924687447649489,2.5830857770331264,2.682685652399299,3.3858175448516956,1.8454298328511518,0.20976526597410353,1.1098285653070865,4.362687293595018,1.20407809844905,0.6048304370991026,1.1780453176127816,3.5839763221271417,3.0266230306864115,0.0
1.2657969247597527,4.548701710967743,0.7981749690721556,2.6655519499222566,1.8811555733359477,1.107888694552972,0.22478119439558927,0.39330636035265304,2.103732614523503,5.261827898595441,9.01862249135951,0.4628899384097085,4.808034889454299,0.03632749181776505,0.2839217723076175,3.1486087702052203,5.376370268418115,4.563548654879954,1.1338922701975558,2.5164690705288133,0.0,1.9995671265534694,6.111033399619642,5.609220115741837,5.645321223824931,0.4644591656129936,1.42212533285652,0.680774425492461,0.13815914522947026,3.3505396786672272,7.054796393202012,5.022563118521301,1.8412083079893067,1.2169824892687682,2.2211965499445467,1.4851176451050756,3.2054394342249535,2.3987060745104087,0.16838530541475208,0.6268596180995373,1.3559183715122782,4.849859185186568,1.5414157158190933,4.703920179910709,2.4811955929289535,0.3796209620557083,1.4583820041560132,4.366930640931182,1.6153692111472018,2.071110495135052,2.4225290457811344,0.7020368959126836,3.1764983111361227,0.5871729388806807,0.276913483245923,0.8630662282725983,1.200818194305922,2.0056514942192805,8.991760480410104,1.2394591455262813,0.36893593219789994,0.09085343045111348,2.234746551744322,1.1726155218134777,1.8317151315178255,0.5490283782075746,1.0972736789614022,1.530969648783848,0.20626812452098273,1.9353088698464729,0.014355292977070054,0.2856981259581251,1.55890433684921,0.540919995427696,12.123879226423913,3.6258315582335494,0.04614178164472063,2.883562168953771,5.029276182370632,6.932657681422068,1.4638316795396487,0.03407482027057225,3.863690713660095,2.985409348197409,1.5587574303737621,3.895244446973296,0.48830933570336316,0.9358368736840253,0.6484654430273141,1.0674322094855186,5.578093372150419,1.8865891649181816,1.252052275031513,1.9856825772707085,0.7991702171996199,3.4835836378224956,0.5664742237631639,2.830660974399763,0.38725223883350374,2.511113773921053,3.0
5.197755329774546,6.273079434547778,0.47248777146274357,1.914947150479577,3.050745463581399,1.4847568489299854,0.5361523930191802,0.14234808214468114,1.7588148316026462,5.408018874968746,8.577301170313682,1.7982579326445003,5.914849111984336,0.08610437124329078,1.4656610849414244,2.847435749362521,2.9144497156070224,4.324803404325471,1.548633902836769,3.3301998328509055,0.0,1.4016304665847406,5.0609855222996245,4.999224342939008,6.856434243909054,0.44794940991624665,2.122573333423394,1.263935808575326,0.15561972102644722,1.7042965418788394,1.5237124902944126,4.902179726880276,2.272501021322066,1.6278402650439832,1.615981210814781,3.4156099552839705,5.075434223345165,2.4521209593421034,1.0342861577119358,1.2535657715729236,3.6537364801674546,3.6264157730256916,1.8586574107582352,4.961053730974463,0.8602079905058245,1.8588960699880415,1.4428108281360144,2.5700499794106992,1.6968395900136461,4.608099545994381,1.1224739411756446,0.947329519847386,6.243863265129395,2.5700499794106992,0.37428833916903126,0.4316764413926329,4.169267623954108,1.0311128408502492,9.210274152302718,0.06419306192749237,0.7829117428808164,0.23842002607895993,3.042329151152236,1.6963945060831433,2.437440824363543,0.6582800448473249,2.0578314745605737,1.5247156506733832,2.1250228437637175,1.5791318643526215,0.0,1.3299272621794682,2.3844366846217633,1.1010449046671371,4.217812330838862,3.7508530067022323,0.04110277181912811,0.8571848057912005,0.5217543189880067,4.57356842403926,2.1010785319625382,0.761200156099086,1.7594115325645765,2.5819537508488177,1.079224488561045,0.40435819483331165,1.0382254513140499,4.755432417368079,2.3681816548683496,3.60961314376308,6.307940299695307,0.4901593402837196,0.9063518888950752,0.3781786552080416,0.5434958834257717,0.7800580778983746,2.361150731300601,4.2178821088389675,0.2815498933666418,4.492885055613073,2.0
7.880140004077131,5.721687086790673,0.9415570827172878,1.0558897581962827,2.6610882890343994,1.5669612423144887,1.8837381037976981,0.503857532577429,4.155951571360888,5.1697807247242675,4.987052496053563,1.2389091166984043,5.49652626341729,0.33548325590348615,1.3860383598886137,2.943021119026648,3.1139171538240573,3.5119486888700306,2.166908219842449,2.830498727993734,0.08922694207039553,1.5791801481271501,5.175388867999424,2.724344676123024,6.2220065776333975,0.8467139406714768,2.4539126036438925,1.628166999286324,0.7996675839159533,3.692114699356067,7.120178768409743,3.229557161324412,3.266921435742691,2.2310944292229204,3.4723577930815677,1.9586571076771102,2.823097147349204,2.4515408330178317,0.6144742828377009,2.7564682570638435,0.8266806753178578,3.7822932285915587,2.3663362039480806,6.019357209684502,0.8810380756740439,1.7094229869954922,3.1590640088105455,2.471837762422287,1.8887724677424416,0.8872913012234019,3.0526767243035753,4.741607204151658,3.5879529913688364,6.0876368028107395,0.8559896973084807,0.8456706901444943,5.374900369701351,2.4236050615986775,7.077207743068958,0.4952858293709642,0.5936884087300691,0.2027624852758868,2.525668007375278,0.7548020065907813,1.8312692359677178,2.492699229245602,2.282973488621589,1.5874129999559787,2.081748651234168,1.670976261799809,0.026020970714370147,2.094810330613972,2.6180506700533437,1.0503972136362196,11.063879314087893,4.436634929457285,0.11703005301018696,0.9742356042090706,2.4108295191222413,2.314783519719259,1.7602209464665093,0.24025326158450488,3.272963770453197,3.6922039916158518,1.0737516950821575,2.0921736033888734,1.6508105040872374,4.367692560695862,3.100960832999317,4.055273757610183,5.446848407449319,1.6726968825408817,0.2154922299909805,0.6966170652124263,0.4818155736178629,6.459769300908327,2.3119389969482627,4.143760739949766,0.7165958819941426,5.538190484379805,2.0
4.390371908260909,5.524527611227203,0.2541102418747209,0.0,2.664300785340037,1.0861723251323256,0.1738949605643145,0.0174943794592725,0.49968008718705925,4.003818085126982,5.941679142504295,0.4328525370185744,6.555737945621329,0.020057652341253476,1.728704196682311,2.1204514789074618,1.8720801365093374,6.376398053496433,0.4891318528527172,3.440566896525896,0.3289513239120089,0.6500292405276461,4.578709312380906,6.4700568630162465,2.9695833764215966,0.9216648282923319,2.524013511656102,1.7515922596959344,0.16066208011334426,2.6348023395338536,6.107014063783194,1.0368197951976963,3.268823611212969,0.87860764571753,5.514134887643155,1.7345687304505895,1.1070182498821204,1.911423148521321,0.7243883366021198,1.3452828175935083,2.1759077785448326,3.2273406138695555,0.7755984297076747,1.9029611185825912,2.216299644848638,1.1227389719545453,1.2163617349711273,6.800629450120813,1.3578334786294903,2.5503343080013114,0.4674881735083557,3.073323257487055,4.275349795893361,0.17747136444495093,0.47082316316858486,2.4022037174765445,0.3546778285044531,0.7745867811831579,6.593036988742502,2.265496907073873,0.0765590951316044,0.09207209450292904,1.6803243568440163,1.7660862596254403,0.8551126547851438,2.0709388213434377,2.084166338656721,0.5158133573619778,0.3131297348378517,0.4681140715836343,0.0,2.833031745662764,4.3512466880517895,0.5639390736742694,13.907221719987316,1.6762222669138345,0.012211083950874365,2.96266006637552,5.008867806831888,3.836429131161647,1.443394474838584,0.41651550434749346,3.0267646553500227,4.532585023825203,0.635243612359028,2.5261189043757364,0.15224833075742006,4.134836993449116,2.5869328378531344,1.0636409926426962,6.390366748816442,1.1419558855836447,0.0174943794592725,2.7957253949074663,0.8168863740149196,8.019637983490885,0.335711910320462,4.965728884108819,0.15354595185667388,1.5455236342841447,2.0
3.1038333063034753,4.4436199114793915,1.1279633781235818,2.7646433947154856,3.650718612683328,1.5500140949997396,0.5355553333993098,0.3446012830366772,2.1527675192617686,6.094715340015744,2.7335712709263764,1.1259816538547154,5.756358834912093,0.06391705369231143,1.0079848200406785,2.5787696845260597,3.258820396876412,5.28835487054349,2.7565963505017144,2.7997918988080372,0.0,1.7749240761851943,4.845319426485025,6.7254112508728126,7.028922710596014,0.7870980816110046,2.2713659111830937,0.4010843015050059,0.27011027582361774,1.0630887120192842,1.6379347755351448,4.185644575153055,2.318490388194436,0.7754298708757399,1.4660789092330577,2.6395794797957257,1.5070080777530999,2.2387868595871168,0.557875677239934,1.1367819958324754,0.7478599848015892,3.4715516656393377,1.9495349330170122,4.7074364418968,3.3373400249161866,0.7441610955704101,1.4562279042027915,1.580048979855239,1.1396004645855147,1.1156991534315863,2.699129600268182,1.4063189706361923,2.786282698439003,1.4871776083891477,0.3177671385122197,0.473527177156759,2.4491387384226853,0.6141915585252914,7.86124202615477,0.08596845386216505,0.6531517595001243,0.03153635326805325,2.2789363146792305,2.44235966663578,3.212600464621638,1.3612630469908782,0.39604985762503087,1.6262522167293294,0.6463470153513448,2.6277235563078527,0.0,0.39319651187040616,1.2199583975849173,1.0142838706625976,3.5626698261027023,3.298819583435379,0.9416321976544819,0.3756233439289034,0.3692710400250943,1.2185332074790904,2.3170145740214454,6.998151490352213,5.09725682101013,2.6086200243604925,2.623211368037753,2.121048565983399,1.0882094548705301,2.3573267858624627,3.818369991444393,1.0837239663930085,3.8266501714635597,1.0747794264966133,0.2934882023755077,0.41456854718171066,0.2603870374289375,4.967274684150512,0.59741198755465,3.214326892874327,0.32745743429415336,3.292192773901891,2.0
0.27834165862164245,5.0513590495355585,0.722640885999805,2.471993791303172,3.6386299497599817,1.0149265442381028,0.1257833316273236,0.34505567517929614,0.5456718944580412,6.210106329784966,5.415555874669163,0.6870606883398922,6.800487087754633,0.05838577100035305,0.4316764413926329,2.069461582843672,3.8996686926434916,2.7006172696816386,1.948451337669823,3.239932613485237,0.0,2.001838264532363,5.569688549759478,0.13724119171159266,5.831188149241028,1.5719194632455573,1.6194599649206012,1.0726546406756883,0.8903299493153726,3.208798155335166,3.396721219524802,0.14639454906050522,2.5293212253456976,1.2517493850971868,2.07368315361644,3.3424836329675887,2.758708251884293,3.178220646657281,1.9207887246616526,1.21816118709516,1.6889859834367995,2.2311866132278646,0.9411814493564321,4.713184403178534,1.5733260479755056,1.6792886658046262,2.705137466719021,3.914928021540232,2.9432462235739747,0.9026524711960817,0.957023083053317,0.23474655174432218,2.708054771328352,0.05144171138261017,0.16671544496642232,1.0334406221326333,0.027578727474282683,0.8275751682275984,5.971796434502921,0.11716307546575941,0.19383481065383806,0.12141333091586493,1.6426553678895022,1.9352711478911848,0.7734056272825355,0.4283568224651829,1.3879139243859477,1.019915367707686,0.00604663011841478,1.070114502661328,0.028993411879548688,0.06942721045601417,2.242389096267312,1.588324867911916,12.130910090277446,4.210887549220811,1.3179407515059778,1.943583814552674,1.1705660567920686,2.2835958700903802,3.136503127009923,0.26555691560250466,4.501190712703391,3.7423188687352744,0.8090851181964865,3.355157255672473,0.666574823579046,2.934478758906883,0.2083923997906761,0.3245802145600629,6.870785136105975,1.561692721398309,0.6533352267911312,2.525041527665891,0.6917128157820238,5.748332415195933,0.3181143436097735,2.228818690495881,0.1290851480566105,1.2252132221751744,4.0
2.5021268887756998,4.202699807094454,0.9219694353224188,0.025028794491522444,2.7426099030945856,0.9896476766401924,0.4366948875528766,2.1551015581257027,1.720891316247563,5.158858067868188,7.727173734718377,0.6849982218829999,4.6892488330868884,0.20175930745822926,1.1463293734357785,2.241931683519727,3.6187907215091375,4.031898005033566,3.3051679901563498,3.2034674272445356,0.07258604706859655,1.4070263741593354,5.339076796157967,4.175572503837732,5.609725417820111,0.6849982218829999,2.201382935864054,0.5630604827638732,1.460008581268818,3.998168418511514,7.930841397058817,0.9182335602263115,2.3604766534745827,2.0992615354492012,1.1458730616010449,2.916342878431432,2.8094350246175064,2.268404449408409,0.8187687731440078,2.661339166738505,0.8360048952420933,3.3999640162816855,0.6455172178932232,5.512700963425246,1.8120463497208836,0.7968469026614607,2.2786984816683242,3.146361961616191,1.339707507448597,0.7623913410318464,0.19320401398387493,0.07327183642451936,2.53612752046768,1.6005076453457856,0.27655621838606215,3.497446308824013,1.143066832378066,0.47798810810165177,5.591823009163272,0.1432627930386199,0.845750966973989,0.26531686651028885,1.4274989052223952,0.8177051102271712,1.0012257699063156,1.978708171381981,0.7937710585442241,1.2551381254786935,0.4245996622308257,0.7617958715056462,0.6008406280297645,0.19307782154636707,3.4284908259615214,1.2411690065156313,13.349417529135133,3.717374830586278,1.1335635257411059,1.815042516940064,2.088582616837216,3.202041521731883,4.608531319731587,0.3246954135892205,4.7060165941341054,3.107520493591593,0.31231665440199746,1.2324151707754016,1.1070182498821204,0.4739427298465735,0.8669475305835982,2.159984326650578,5.136371875968414,2.573519952083978,1.0399104328176387,2.196355242882748,0.9527063076302241,4.345169250856654,0.4321042234686771,3.8017381015664578,1.9964610601761588,2.9699148611146047,3.0
3.262027173396789,4.962812737168421,0.17632277264046287,0.885027637499917,3.258458622717901,1.3122585596895693,0.026020970714370147,0.3201958212661251,0.3638999516866216,4.6878725358845434,9.100543029236118,0.32238968345021496,3.5731078746972957,1.9330815851835992,2.1492268427020047,1.715893370547605,1.6558555389364973,2.593353770980297,2.2469248717203434,2.9019770747426015,0.15536066283920233,1.9496843305930267,7.942448820167298,1.8859647567539706,6.817526051379355,0.8719224821499968,1.6310111271362397,0.33353822878821676,1.0640550644104432,3.0914121125953495,7.137418476009942,0.4362684647193904,2.022012644380455,1.8832688965276416,1.5356548604967857,1.2323537677390286,3.2228354667776533,1.5356548604967857,0.4398890476197791,0.39209756678307595,2.145579642046617,2.2216296523509826,2.344033091528057,3.1449763143763487,1.2996549556145176,0.6867918381280594,0.9722515078258537,4.319979140741917,2.2071744479991686,1.1687062109571231,1.0142838706625976,0.19067806561753303,5.167024675515414,2.273993227906029,0.5414157158190932,1.148218272154145,1.0800436199050598,2.294106065233735,7.719421679102637,0.25023398082675447,0.24074173121533982,0.06598582949858534,2.753818443173543,0.9811950727983478,1.8567865462880808,0.6350578297252141,3.8869110198101455,1.6231177017471252,0.047677975144475616,0.9319099375217137,0.0,0.25954367314869103,0.36030808479519605,1.2454348140023117,12.368127240422195,4.451830925339504,0.8039709280190851,2.774713276050263,4.489536513374614,4.053849876779983,1.024106876622435,1.8982857586167354,4.0035932422940474,1.5236121358813997,0.32285112437559094,1.441377238922713,0.014212444812104711,0.2566483898806774,0.2005043534465213,1.5673994184882105,6.028005489348855,1.8021104793699214,0.06129233847829409,1.035764653600975,0.3524195592151617,2.71663977760338,0.25374728450581674,0.6917128157820238,0.16954023145979727,2.898382510411779,5.0
2.747645192560823,6.041650391413026,0.13920752027125408,0.040541793862846835,3.3841879893574887,1.1414327909292956,0.1867540845831823,0.056583528366367514,1.3066705468964128,5.132157297937998,0.7361285882873148,0.7463127664254589,4.963081028507605,0.0856965806792463,2.0000721329487354,2.964694349755966,2.84010062619985,2.9487316558801924,0.6481893027181377,2.5493734556993095,0.0,1.115499412557526,6.7943430798993605,5.093471441604052,4.367077464109969,1.0897693086335083,2.5256429534094558,1.5485352671384511,0.3334237337251918,1.6363113984752673,0.8257856274647913,1.7271798625249797,3.339607752268497,1.6551686176095917,0.8582197662710662,2.7984860578715574,3.5637804787813416,2.2741721890227864,2.667460727838317,0.4440309111583926,1.4901593402837194,2.739264859579318,0.24561735275638444,4.055134904254681,0.32596199617185223,0.48933740888938165,0.48088550264492513,4.240085311944407,2.9119024587581226,2.4140001893902916,1.3173619602597932,0.14352403252161328,5.422609774811188,0.1191569418736321,0.19080446812700091,1.5792284302857829,2.0411378256998267,1.7309224899901625,8.100237614345739,0.5760867241794005,0.19333019538430424,0.01249716268290215,4.103573171497856,0.6022668268221129,0.9014172209116916,0.5246655092174434,1.814632450698633,0.6727421343339595,0.8495990111514515,4.033273217788571,0.8814296973385158,1.0565835283663676,1.2271249344499258,1.3420426571531172,0.8154934552246126,1.7663407331163792,0.03181862582635714,0.5030433705688641,0.010350188169567268,2.3554673883760993,1.1740228420554137,0.0,3.026729250487489,2.731096329614531,0.7760197406474704,2.5716282744180696,1.0539454249627853,3.7183725867428032,2.083417629192391,1.32969768903328,5.578404394448289,1.5827968335030416,0.27822269799152827,0.02998286621571431,1.1857397094027824,4.505185919691302,0.6909087126264808,4.54215278491517,0.3938554773390291,5.102175192771711,5.0
1.8319177657641084,4.4152516334316,1.1438505153673544,0.09410091643886649,1.7069946157086513,2.566474223763164,0.2597846846829784,0.6264858629055068,0.5334636767204042,4.621313439366769,8.90936389856796,1.0172092900322232,7.076575127837692,0.05380644369579382,0.6701151812842945,1.890018587483822,2.797241299990261,3.984060660246718,1.2904244038652994,2.6828204669123137,0.03548315212868861,1.621899486252601,6.418255738197981,5.877942974864203,4.385023711719456,0.7400208702033827,1.5222064406334364,2.7284212278066904,4.67675822928847,3.2514161327054576,4.750177705593057,2.4600085812688177,2.4624711893926507,1.4660266878137305,6.031320201005352,2.1421846798678432,2.4644853049442603,3.0797706277965977,0.23927582588255789,1.805870243478459,1.248048998437206,3.8751411261158895,4.086070393098447,4.772893845259698,2.4984806590558533,0.7482035858846993,2.316696063137959,5.443672950275786,1.2233607629570102,2.408032466130653,0.3154502999849324,0.26423615104354714,2.75595576955096,3.296912537062117,0.36904764345591323,0.9303210245063167,2.458539495018119,1.8920412392609713,7.6664846409591645,0.7288347789848234,0.5205479681065772,0.3289513239120089,2.24579986841744,1.650305028920028,0.24804899843720607,1.2683146131752283,0.3418719206444006,2.425378735033814,0.2704691403105779,0.6054943338525088,0.0,0.4461503401290931,2.771146087027259,0.9271379389685042,7.18569808894044,4.80134493180597,0.0422240737629849,1.4573316254850135,0.7068178473397615,3.186373777465944,3.0946583426545433,1.0332996513448633,3.9697767517484985,3.339336953433667,1.5906259703457475,2.693988677219523,0.6238668618526982,2.2422671337141167,1.7485900393110618,0.38526535935068074,4.943996318498657,0.8272499622434906,1.72826883695878,0.9865201572404803,1.9409560223853404,2.8722968831270124,0.394404385400625,2.305240965954483,0.1775989293277334,3.8090336542113747,3.0
7.674486074768599,5.4545740273416845,0.7803940963093238,0.0,2.1157657275780597,1.827981572647562,0.6421932470485961,0.4074071401257731,1.9207125165880576,4.582947332146097,5.464109506520887,0.2199583975849177,6.23167816179851,0.3062622397278507,0.6416385065748723,2.662661255475094,2.723274581434823,0.40414016626392424,2.1545184023221142,3.0069981042504863,0.34607753453559714,0.2228045610452611,3.864651694711508,4.40390847480011,4.216943699949217,1.1374379452121892,2.3335954729124535,0.42803516328190505,0.18726100484169694,2.6781395298577366,3.722323933871579,3.5462400840207833,3.003854056728617,2.5912485544823345,0.0,2.9003548320454726,3.3823352425316497,3.1137171660629197,1.4794375327354035,2.617886162608184,2.2404669873985994,3.167871708029161,1.761710784363344,5.984687319061848,1.0980152338689595,1.1596937633840005,3.5182203805995877,4.172791511937732,2.4144873669188587,4.525580316591318,1.8188096675992986,0.21586493915323998,5.243886108606744,1.509797169018756,1.5605682322639802,4.707734598099981,2.792147362922444,0.17645043911909952,4.645580622038566,0.0756010848240282,4.645765054619,0.06557231159362208,1.5711428290617317,0.34641799354387637,0.09774562163851885,0.3765126612884794,1.3185771537960793,1.825704231936496,2.2795901533674616,1.4872290698042272,0.1585955515008968,1.8731044701240975,0.37272927065972367,0.8949147479499007,7.858244014254917,1.7609447741764443,0.3509497863102053,3.3610945701763204,2.839697621869984,1.8352369129930441,4.147900914641438,0.69278425663401,3.171527106038814,3.5948590299722283,0.635243612359028,0.6638455472431453,0.8617172105072933,3.914210503161334,1.524163998786944,4.691500665419416,4.387079875069969,1.4996290680007438,0.1918152897068979,3.631197431580843,0.10205338272918787,3.750381401124529,0.6808644223759865,1.3339388899673694,6.268191079219813,3.3373685719365365,5.0
6.703671062846789,5.638392469571002,1.1148334098493229,0.3306731227091571,1.9667995846272035,2.161533009835471,2.0374876526237538,0.45227913513477624,3.7578020062397965,4.385493161479696,8.906520256352453,2.2257376534660596,4.984037867523591,0.17082239919517525,0.30135351887776396,1.8584982826686334,6.215222343988017,4.17406280269683,1.920674411041618,3.042346663306406,0.0,1.3186349946316442,5.577326098448704,5.980934697696262,3.725915621545237,0.4358419158092276,1.8793528901036052,1.5732290861473293,0.5459683691052925,2.4124021753640412,6.421317567933182,2.531818102121402,2.4666532201227476,1.1212806997927294,6.075340087842443,2.6554434253898864,4.789515387019283,2.1436546345260377,1.0692209589308392,1.8317961886316985,0.8714494156770001,4.951951406606782,2.540027269257507,5.254325704615779,1.8592539848232588,1.835681584121711,3.2533691067878534,4.349358199991291,3.0572769650732474,4.25605957480922,2.1658154881323353,0.3061455593087739,2.5722105933123083,3.5108606739676156,0.47860946840451163,0.1323794250528661,4.822939145161258,1.4962066659234843,8.392765619110998,0.36535659703048,0.6617495998107046,4.068610625468818,2.168577857305714,0.5559142942433984,0.41120928279036334,1.1464597217409713,0.49036474998590884,1.4935448661999702,3.0638480433820505,1.5805796751126078,0.955610389056505,3.8611017982544364,3.1605007391184334,0.8041361851831706,7.2477699473547625,3.5062972654715225,0.14456851766471157,2.3949256546873126,2.346616557534914,1.3704433048213018,1.8010344589223615,3.797905304508267,3.6332219404586894,4.165807450274318,2.085968453862165,0.5148039855717735,0.6073895000243984,1.5453753588725592,2.6186145532111533,3.6389889919071465,5.12822740247183,0.825867018401085,0.4946716116475496,2.0448137514268248,1.6389079256839414,2.7506922493924444,0.3666998885994904,3.1294808586988783,1.712243592220109,4.8238512419537996,3.0
1.8639384504239715,6.244242039400629,0.5200450240398177,0.07464243793449277,2.973776565291314,0.8007446239367776,0.0663992289113826,0.11370049916472831,0.07806325577681912,3.71390472659003,8.055560100456448,0.37595690218422667,6.266357415627863,0.02446153014099581,0.7899378689801948,2.921683868116027,3.0968015818491685,1.9347052001725618,2.31877958657589,4.5136486501513895,0.0,0.06391705369231143,5.224410781870754,5.538072502737853,4.854294930455319,0.8033097099996553,2.3407901199434407,0.9750431581293384,0.5174268847672862,2.071144827442108,8.2736818572218,3.1413837410800447,3.12031875932494,1.8386291156317336,8.404909081149821,2.5995082359189357,3.990519264064913,4.2515070273559274,0.591679416935737,3.255515839823649,1.101851743504901,5.57458595908148,0.24841339205081803,4.460578760776026,1.5349082398513951,1.8362877330491139,2.115965431586807,6.810326130777581,2.5243897000549156,3.8194536024127737,1.5894279374914566,0.5060941119063214,4.549940189597415,0.0,0.21250708529447856,4.27049904165551,0.030406710426045758,0.7734056272825355,6.9869296660683755,1.3550726624541847,1.889395662154244,0.2938412992667393,0.9929859060914306,0.3882446533922994,0.485220713155906,3.036257149047772,0.5992225631598312,1.3879690511523857,0.0,3.3178828828294136,0.016068368627653675,0.0,2.4750070375910176,2.1388799849006075,10.796935456842752,3.197629534830357,0.1426094872986651,2.415758666522498,1.8417718921968322,5.917543939424901,3.2783267890793057,1.0922751051330943,4.262891632072596,3.812590637002745,0.5413165853665247,1.2209490044667792,0.6344074020398196,0.8306609743997633,0.1411711724607413,5.349361738797092,5.903216667225995,0.966725768717807,0.16787170802916096,2.4852722444202087,0.997473071970961,6.303450168783459,0.3939652756602426,2.7155419865013233,8.43247425289879,4.7284049009857645,5.0
3.227063305835854,5.218029406868188,0.5197431734181728,0.0,2.1972363549187066,2.0111019927415557,0.18116617426997692,0.21263158972095403,0.03520159571856608,3.800889548707989,5.058532970201611,0.5538519681811257,5.499756612583756,0.13579751222339106,0.9592508398901876,2.445806144722262,0.9198358342815143,1.8731044701240975,1.0389979787975099,2.488977666602854,0.07340895518534003,0.7395025056103857,5.1204141527589195,0.15587873270414274,2.7504778784443555,1.3988975712024732,2.507312604411938,0.08596845386216505,0.12684073527769343,2.9445398935544365,9.45207317366052,4.3328654401337054,2.6886727383391427,2.32233199295572,8.26932728632715,1.7697717392494479,1.0471195485685507,1.8764481866947176,0.6815841954078862,1.1960404295529181,0.2428158840268419,1.7009279323079631,1.6975069585547846,3.020199922943498,1.8040948726667843,0.12220886170022928,1.6431173407522954,5.041111535369152,2.0369252669264335,1.1239310083196312,0.39209756678307595,0.011638756246893662,0.7611150338144407,0.2792929906975841,0.2714256760929345,4.09791413518699,0.29560548858806107,1.2606881195179924,8.759653206140397,1.7912723077765853,0.04739878887541106,0.4831579518080843,3.1948435119995198,0.7026575433909108,0.06529656712778095,3.0005769626315204,2.7891032175013817,0.9165530765873934,0.09491164702546698,1.1367819958324754,0.0,0.05130248870063107,2.179128828772152,0.2761988650322418,0.355467388376099,1.3138262963903977,0.10581215112923141,0.3782896530954508,1.664528350531431,4.542462365497473,1.9673161902692802,0.017066724189833377,4.391781465079552,2.6206098687171098,0.5970305240302465,0.11689701828826238,0.0765590951316044,0.0,0.3493652775942134,1.6889412383010003,3.979568100095187,0.8504794109152456,0.06322680199698132,4.322642052242731,2.571361299686269,0.7051374667190209,3.2087513432113774,2.9230921182347798,3.1398132647439723,1.8740493637552256,4.0
4.161500762553131,4.745861181660242,0.922958964236172,0.0709388213434375,2.2966336036392807,1.1091599389611106,2.43616183931445,0.040261223064434574,2.662524543845487,6.094922200409159,0.9846258046091739,0.5880369718706062,3.5795542925990285,0.02318436924826338,1.2063931685116038,1.8482373356932265,2.6943007703426782,2.2966336036392807,2.712793848548966,0.6623878192596837,0.0,0.08433644572332372,5.73556820849855,3.1721514449163353,6.6626014457312035,0.3036930880937789,3.4358419158092275,0.623024029374863,0.19105723992631402,0.07135080412884309,0.7739119545131264,0.5630604827638732,7.094210729546391,1.0529027389643117,0.41175162896452183,1.046630747940162,0.14873891273752513,3.4730725293066835,0.4095810199025518,2.127038912210749,0.2841587458694001,2.75403231835604,0.17440641852974909,5.114500293165193,0.5934015811256471,3.1551987278466216,2.718416428327907,0.9548663099018971,2.0209821605695515,0.3431235194018521,3.0277733288571707,0.5768607022241918,3.6455287461269124,0.10581215112923141,0.12406339602707797,0.6014112767447879,0.7387246093348812,0.31614574229335635,3.275156078546011,0.0,0.2123825701223572,0.11676397129772323,4.630452069406808,0.10205338272918787,0.28048127430062353,0.8073549220576041,0.08705543454337573,0.9322123893133641,6.418370442231468,1.934931605902248,0.015212085068503288,0.3014705874899018,0.2458607018403533,0.5985557733235107,2.812333923304415,1.006692982787115,0.5152078190358208,0.0,0.25302109571151316,1.8448275136358305,1.8904856050355308,0.0,2.2191220436316836,0.3862591411333461,0.3691593460645315,3.2459063252242286,0.680054248245064,1.4372277389129098,0.19723635491870656,0.769433237361248,3.9077078912531205,2.023858567275091,0.025312343046069,0.02658762234808418,0.05699963038556373,0.15159908226939658,0.10151561549124423,0.681943947305739,0.277746757355166,3.89202180418232,0.0
6.36633620394808,5.885937920659123,0.35264554528092595,3.2131606136954565,2.5732775678760036,0.6636634117750471,0.6525094401836642,0.08447251693690148,2.834488747777596,6.951388468697601,2.741790545264886,1.658645654337596,4.669412340013684,0.22317538614456242,1.4003739776498187,3.4625758880422044,2.3589869482685812,3.418216939181413,1.389016059688509,3.331432930120477,1.5773925713697141,1.1319186788625675,5.394287759910738,2.411480481362677,7.429259430540357,0.9328171027418506,2.601839115203465,0.2719037062632752,0.013926706042921726,3.462850685852194,1.5998414493258848,3.906246047863873,4.517779603463007,0.4542811955500608,3.965488790458074,2.1717192390878477,5.2619181396513754,3.610156705308697,1.565353456782628,1.6804143818068167,0.4309275174048685,3.0126223042921136,0.3492520317806705,6.7637448537689036,0.9541218467856876,2.190678065617533,2.2130361549172926,4.962734090595803,1.902922541270178,2.925106949581157,6.023765440250406,0.28912622017512163,2.9072944936768765,0.920293300211007,1.2720231890610485,4.755923733035951,3.7577593453578335,1.1424134378737414,8.351664544420588,0.02701246506258167,1.8624712288659342,0.046421211248710355,4.63664781947336,0.5158133573619778,1.0882094548705301,2.040892430646901,0.8294436813665912,0.8076846432431072,0.816231050342108,3.1655100180413527,0.0,1.969712296186106,4.679755944574771,0.058939854556232955,3.3551854523096787,3.0282862430791098,0.02998286621571431,3.1584662951247955,0.16684396441249089,1.6476829081678972,1.0692209589308392,0.07601173856964127,2.319097637852313,4.663771557482411,0.9530789526125074,1.2698111538800425,0.6846392308911907,5.719164270146971,3.2530362283736194,5.430603085902931,6.927373832376983,1.9274034645003308,0.6484654430273141,1.0494913701651036,0.6788831929198272,4.5186673170276,0.4362684647193904,2.511594541537413,5.659493625870337,3.3877898814592267,5.0
0.7253485330042124,2.4481873540671293,0.35636921371622504,0.08705543454337573,4.967809560434659,1.622742975760372,0.0418036876570852,2.6319656832082194,0.0,3.3386811246245465,2.60055521900627,0.13448382151079383,3.1274682021994176,0.00963381939726868,0.4309275174048685,1.4893374088893816,1.7316611637716823,3.7514958568718204,2.5918230091632717,1.7046949357990488,0.0,1.2993618976515586,5.0920974723940065,0.842536404501239,5.692485784067257,1.7778299770062573,1.7270927090504078,2.322908794115206,0.5259686210330886,2.631406995327396,1.8336592464095127,0.5703657765736062,1.0016581460456826,0.7011497932339987,0.19396093689782176,2.008379317475236,2.3805632298224624,0.8389920932937407,0.05102400302446689,1.86504778922595,1.6136730866752962,4.059908989018685,0.11396714643300218,4.224117471159431,1.3486856693343874,0.7583031771319012,2.874737958759824,6.162091176682633,0.7593263046785146,3.226200228698224,0.5567972465927431,0.08011185986159819,4.9323872153349315,0.04446406651324603,0.16182320294534797,3.5303704399807345,0.18065710756007647,0.9781956296816515,6.782902571936283,0.25918208033818735,0.09112433366116472,0.0709388213434375,0.8551924079591541,1.6249430984120374,0.19232043503449908,0.10366548276569647,1.3488556014150197,0.39955393838435393,0.020768865094571848,0.42921422983958485,0.8241568437288291,0.14561224716647592,3.0025945167084522,2.3810341330224407,6.127329935235582,5.75072172290692,0.011638756246893662,2.8861208841326076,2.336169110464009,1.4262110720274044,6.045235446102522,2.17998868478701,4.289473008566771,0.4962066659234843,0.16169423543613154,2.296457407371244,0.03787416566112011,1.4324784287616033,0.5676427922030691,1.0104934192484525,6.226136633397839,1.1557492326779446,0.14038603228305635,1.230141516103432,3.0513895044512975,2.4836481247476616,1.6318027549241287,1.8296060464605544,1.4076790543020665,0.939978764940706,2.0
2.103732614523503,5.048711366574989,2.2792335508178447,0.0,2.850559420622772,1.280778192336801,0.24354722657759398,0.41489322256079875,1.7112746310498603,5.139719145468256,7.422012609490945,0.7980920007286361,4.535922305554332,0.06832686143450555,0.5451776346152923,2.0506061736907872,3.4571214579500964,2.0485152099339397,1.883972650220079,3.1849943231599607,0.0,1.167550616789962,5.548322560963735,2.050710642369496,5.748799325035631,0.48645695576873105,2.415028482406661,0.5554235315619,4.231102111448313,3.543124644831909,5.042762514504171,1.9035010926718368,2.3946787611343003,1.1488039796014842,0.38879569997509933,3.7147071062289756,3.477949264195592,2.042329151152236,0.18941343103367256,3.0874967866166516,2.5436938382889926,5.164935076548195,0.3120842615147539,5.53904090863119,1.541167876915031,1.67771118626068,3.078114506348144,3.1805457252686384,2.4279547372791774,0.722903138560449,1.0899048684213355,0.2154922299909805,5.758076605472089,1.9269861881488746,0.8203219481121017,0.9560566524124029,1.212382570122357,0.8898628813651787,6.0400573366138826,0.35185443913237907,1.503450509005569,0.1263121303287039,1.4636747653684554,0.9568001180515765,1.4548075921118497,0.41629930547987937,2.5935689041583045,1.5437433227610646,0.12128069979272926,0.6998181156148584,0.0,0.49671798793517713,2.103933991056233,2.6030268900815177,7.495986901569859,2.2735158897021166,0.7349155113045849,0.9225023429185798,2.4033768066870818,0.6062526990928578,7.154409034361921,4.807494032372407,3.9671593831102934,1.6459321762817922,2.2284493132831127,2.0122826089522965,1.1560082211071274,0.5256680073752782,2.5661332129295102,2.001009533233199,5.097185172519518,0.8261925362366017,1.2985996682326146,3.3570592929168477,0.5401264883381068,2.872513597186151,0.4533331974603884,2.6420776937056787,0.5728896684205812,2.473189452438936,2.0
3.2299262550369177,4.110805873675747,0.49169920065073097,0.17989317053354809,1.9190349196919492,1.0515113176857087,0.1257833316273236,2.3550444636124594,3.318938620978654,4.345673135082104,6.633634638101519,0.6249898730984711,5.740185519975438,0.07614859718008292,1.0665370023957916,1.85929374765771,1.565353456782628,6.052148494296347,1.0330176684383436,1.8779012694355401,0.0,1.2357270598380585,6.078838226254648,6.294341371975008,4.722564386688841,2.197079052946039,1.885105754024878,2.104269556159248,0.21076289418631022,2.4132691144968,2.7113186888605822,2.17200739069316,1.9592137387846091,0.6067264750128128,2.909312289623344,1.6787480099633567,5.215798945587703,2.4209943352863736,0.4532278258764473,1.023823091022132,1.0948441035417171,5.930261879383558,3.634721037710887,5.014395466475177,2.751592259695934,0.6107000621347646,1.03639783115816,5.91525796020082,1.6476829081678972,1.4319438200543484,1.582218772775729,0.11809388938681974,1.9961717835115194,2.2421451608495793,0.29442960210932806,1.3055620156204844,1.482332020747376,1.3407901199434407,7.464708286861077,0.05297227481398869,0.2835662389651465,0.1649149695524513,2.07004578817293,0.7617107843633438,0.5297709821988874,0.6404358366195878,0.7718010843842755,1.2423281162795234,0.188147686926434,1.171847313573341,0.047677975144475616,1.2720231890610485,1.2081426473377217,0.2240402742179301,9.095478254522543,3.0082358763435635,0.4965134808768024,2.8153499901495755,2.9173362727439933,2.0580393606832064,1.8184824794950725,0.012783184698289592,4.780441342622351,2.299479127980384,1.5240135116561015,0.816558749387444,1.2334586227426534,0.2808375686117713,1.032947164099129,0.6558097543554524,4.7148774170876,1.5764253906671886,1.0497004614537941,1.5555216974545578,3.801717411092241,5.44978584974098,0.4468914052920558,2.0638135369889827,0.09612688930500614,2.028144767713379,3.0
5.173647157913184,5.724475653596602,0.6901041610445797,1.420239844026277,1.6352436123590282,0.8739706462519521,0.5214528258224312,0.3525325566728963,0.3073119390641877,5.259581333855049,3.4023811061234577,0.5576796588916856,6.0430776061078895,0.05491791912895793,0.40708077545050075,3.1979597231677417,3.58647653578471,2.8413894840671823,1.4535439175426865,4.216555749382474,0.0,1.1152330483673596,4.720130685410999,4.641181841347249,4.413052428548527,0.741747408275516,1.9276310189236558,2.3091761874785144,0.13658515284762576,3.400196342026577,7.167927891649448,5.1078677765615685,2.294253136444514,1.8559099881982148,8.561449105536251,2.72826883695878,5.953709900554247,3.5745133018024884,0.29666296759195726,2.133695032513075,1.486971744370407,3.8531074079693406,2.142936177148771,7.118032615419507,1.8914580729807933,0.5678374616192178,2.496564610359234,5.042797528080951,1.2883585621936604,1.0678451947099676,1.7322691995014496,0.6742798513794483,4.4741115139424075,1.1957255475120563,1.6436253400997158,3.0875307311842777,3.6645397278488048,2.0266938447560707,5.6291350983803214,0.2862897581340969,1.0817486512341679,0.2748878115775829,1.9835682572952644,1.0961268893050062,0.5166203466381661,1.2527184091315287,1.9884120257247881,2.2098276379522757,1.5681294165004913,3.1269728562577654,0.0,0.13881446890228188,3.6587256190643496,0.7488046909370681,12.622342892263472,4.538916790350477,0.19093085956261452,3.64528663387226,0.8414096133381045,4.0528331997629445,2.5727684284490078,0.01578299724092746,1.53391214422658,3.545375358872559,1.1839628348425952,0.03731193064196659,0.4379734003380242,3.416083074208358,2.0425392829738764,6.097334787383522,5.043073230306844,1.0594937253916716,0.5351571563345071,2.32175496109422,1.5954559199696088,1.9535632472352509,0.9573946148317574,2.1918784425463613,5.940855038464591,1.0593552776164212,3.0
0.636821799556406,3.5659992223313415,1.5951216919961715,2.6597190966940296,1.5228592551916975,1.7520206387717372,0.03660882860510138,0.053945424962785246,0.009060468156383597,3.7928865791899247,7.926244394899029,0.449112319549416,3.5940946502449505,0.04963076772460043,1.0104934192484525,1.1554254317471973,0.9019577730543046,0.5520819106531075,1.1230039540548198,1.8172548628103047,0.0,1.4521736865332682,5.079450649418341,5.759038623385828,5.058519982640909,0.8212203910006948,1.1894134310336724,4.378691948863725,0.03731193064196659,2.7388975114253196,6.754457301173684,2.964084365873192,1.6341285575250406,1.6734659700548262,5.87182640307618,0.6738277517734518,1.599365406610258,1.2345013205622104,0.09855430722072947,0.0550567933689351,6.501276713394693,7.603917079934209,0.03294716409912902,2.2397646265109468,4.714998270662335,0.02587927302325896,1.1777902555054407,6.0142169090313615,1.109226815541996,5.750542193073467,0.707966454775976,0.017921907997262315,2.743321073352238,0.05797006863732994,1.398733432736981,1.998628788282414,0.17747136444495093,1.9269103067528865,8.37008535919566,1.107219168347857,0.0,0.3934162004715447,0.676628488242969,0.3740657182225377,1.4599561396541234,0.774080690775411,0.0475383887633606,0.5742468604688271,0.1738949605643145,1.3562565163728182,0.0326651122818301,0.03955955725570582,0.9550895739462242,1.6605635855451844,1.5770057768928132,4.679964200806225,1.8555113765744016,1.942720924983712,5.594178274005785,0.9131862254889948,0.9337236978958293,0.42910708178049967,4.795195490817005,1.716420286200244,1.122076303695736,1.8449078373951568,0.3782896530954508,0.2199583975849177,0.14417692434652662,1.0704580260195933,6.038275941595775,0.9932033486361247,0.021906076733622215,4.178826164918769,0.030971642412075527,5.923168200716617,0.030547964162966627,2.3456234641751283,0.508022916737609,0.5462647828393535,3.0
2.3699131125391113,5.525755692829486,0.41261895899193063,3.7235476401965424,2.022864902287469,1.6832922185239796,0.15224833075742006,2.3897870537356574,0.7058452339698084,4.335947672237972,7.854432081211841,0.3780676487800338,4.925225660797805,0.07107616201095888,0.6934981087222453,2.2611697202037546,2.4586444793756743,0.40403113962182524,1.8248085779048635,2.1472089960336023,0.0,2.803764329940387,5.8307927861706945,4.598204393991506,6.590498726581206,0.9198358342815143,2.1269728562577654,2.125915549474723,0.07354606091515468,1.0154262036096078,7.3463541635995,3.369103495841313,2.044568980887168,3.291824542183695,0.3511760027028115,3.3439620518525954,6.166693354533589,1.927593095678838,1.3299272621794682,2.0364329995423627,2.49151963494098,7.445802007258771,1.4300175867276594,7.264170456471192,1.3547906492310708,0.4242771641763052,2.361824494320851,2.8892788337055366,5.2624820184012995,4.086053403725929,1.277568239129251,0.48243528799203483,5.599764103072517,2.0544664855035455,1.0056155674069098,2.352702036266735,2.817725572680503,2.1318199283891457,5.100393221060838,0.3904475779933104,0.6490175651315995,0.0326651122818301,0.7399344890375403,1.0304067104260457,1.4464150499591761,0.31185183118705784,0.3988975712024732,2.011316722109022,0.2032638127210805,1.6098495000343356,0.07806325577681912,0.45016869730832937,1.2932527564278797,1.43616183931445,2.597936335264897,3.1312437492046477,0.13185284596466235,1.5818332702407152,4.917761122018513,1.3042189687163572,2.5897634869849773,0.03604610015685955,2.8879541163339084,2.040015678847879,0.6830226650636829,0.16324108516354305,0.2895984221401878,1.0332291607851107,0.9795132263400828,2.722750163693625,5.238981701956599,0.563841478880328,0.4099068195292641,2.2254600371179754,1.7157176892223893,1.5951694435904131,0.3358262239404963,1.0590091000404616,5.837158626197818,2.6994850040584013,5.0
4.090633284130468,4.39795351990229,0.263875732577862,0.039138393906958314,2.6724932319054338,0.772561353475149,0.3115031154682697,0.5032469541493739,0.43594856486053385,4.594853059824967,8.73178367372627,0.3041605470013563,3.8380239498455606,0.38028615612307853,1.0938305716351358,1.9608082253889798,1.8397983835069194,5.42572112532217,1.421963816049206,1.9543824525767843,0.16607267594670566,1.9347052001725618,5.906342267304003,5.355699944160461,6.934307725016909,0.6205864104518776,2.3030793183275517,0.2167342196001311,1.3787890379341134,3.652130796629357,6.148061636465737,1.198934124247683,2.4715516656393377,1.40250390087259,1.6329661249096672,0.7183506654506338,2.837257041922993,1.354282886467759,0.45059103192518873,0.9751899375618477,0.8261925362366017,2.7320520733002893,1.1685136761974937,4.352250046432331,1.1535459518566735,0.7320520733002891,2.2727398781174606,3.4219368948232023,1.4025584729619762,1.2648366484677793,1.181484249770282,0.28818135232905856,2.25171909260596,0.6234923304277264,0.9988453820585079,1.7540750895880401,0.9648791424501625,1.0957894246731923,7.1015996548368046,0.12048465689545586,0.4658177832317134,0.2232989733327897,1.2636354035683293,0.9084286501687873,1.994507316123138,0.7099081711402665,1.0585935772723563,0.6234923304277264,0.4446670668419076,0.72194131268466,0.0814759815979586,0.745796658010383,2.073237554697929,0.8894735425311092,12.062422350008317,3.7071382240620934,0.11928976837475146,3.140615075643056,2.08399621153056,5.099345706197405,1.3161457422933565,2.0734432328393537,3.6577314568284622,2.4665227149944426,0.8377818124356848,3.34191460666592,0.19093085956261452,1.1174955779542413,0.5655971758542251,0.657457084573512,5.898747689969714,0.7463127664254589,0.3596336130480406,0.0852886748169873,0.6725611186447773,4.9740428256531395,0.4684269188234786,3.123550325976097,1.1461990133524798,1.2636354035683293,2.0
6.295465902206946,5.615157304606996,0.8084262405046606,0.03210084316702408,2.2000020660218675,1.1448947642550278,1.2970740001874328,0.5714341158765092,1.0339339114419317,4.663748790638748,7.038162884817841,1.087259152277948,5.46469766945602,0.44847812141147714,0.9713688105826611,1.9247080083288708,3.0895998409845262,5.20857578421782,2.04579241851409,2.4732414152339603,0.0,0.630871383012576,5.647987917083081,4.017405295064912,4.633471898199627,0.8058702434784589,2.299186034295348,0.45533379667722257,0.38482345872975465,2.0073031611961194,6.5885482476505794,3.3890298310531066,3.6412454363078366,1.9898656228662868,7.414629429381238,2.8591943385166503,2.741704269996299,1.7323994595386372,1.7523204284596703,2.120351940365222,0.9357614563944351,4.312026157443343,1.2521128453882147,5.538181170390432,1.9053894120151484,2.1089927339447687,2.9673530835946256,5.6425023067559215,3.9775730127192164,1.1153662366097818,6.00915006930917,1.0373119306419667,3.927697382203474,3.6254458468338426,0.7855923987042305,2.4890033654555297,3.9233869155047145,0.7855923987042305,5.649655693025434,0.5365502955359103,0.8974727872708786,0.2526578641941174,1.7172980515235545,2.5483873009455156,1.1231364268560595,1.0755326311673576,0.3171882775965018,1.7571939695466374,1.8815471631111353,2.8825452362128234,0.02715405150372665,1.2239785136904742,0.7337014134586813,0.8496790696981766,8.385776569594103,2.841832263163032,0.03759307554023308,0.9068905956085185,0.7858434550071157,4.618397249345974,2.2649267015273815,1.6284469983247358,3.6912773155399745,1.8712522588552531,1.1329715968792087,2.355157255672473,0.6994627938863488,4.006989131010817,2.0277556389070037,2.5766430628642802,5.0334802676849435,0.9889936403429814,0.5545397378189836,2.377123749129487,0.5171244858056433,3.871074794676311,0.380175311742025,3.688862930973878,1.658325751100901,4.380639415761851,4.0
4.936835780756482,6.330940176107282,0.23890911669840434,0.11249997620071796,2.197771053371367,0.8656813143391665,0.5835190838514874,0.032524065692199365,1.1055439921989259,4.66059781115555,8.960993805988881,0.2954879430597532,3.7081982741960857,1.3936907641874536,1.8836208162856714,2.1307991108381943,3.1185590712368727,4.039884120110378,1.6123996834280072,3.42430404176782,0.0,1.0650897241862491,8.020651094705642,1.0260209707143702,5.238014872362744,0.47695191252389657,1.7632415856585828,1.6067738440486843,0.1853591347580021,2.8335580550703567,7.026777931949472,1.9732806391531195,2.5090116978986474,1.1086248146816486,2.91861521548657,2.1363554687486106,5.25742555971703,1.7723924394085835,1.653839641571464,0.9830939325977898,2.9488811366580276,1.778502973917911,0.48717760838914775,5.399646216074561,0.5017193765800976,0.6731945742162666,1.500139178691614,5.886272116420131,2.5367243433837388,3.6789733078541698,2.2348998000678204,0.34448766263568215,4.9434947357167065,3.415515312877629,0.19459140277373368,0.7500919304486525,2.388382434771358,2.572380392057975,8.30928489129864,0.7878503341912997,0.9773165629087104,0.0,2.653679165088731,1.1118325870779828,1.1512743484257923,0.5433968958075719,1.2110745115797694,0.35490346113564325,0.41467678042688605,1.6092821799165693,0.0,0.7703639265088383,3.585767780665915,2.1092602526699427,12.895191591866954,1.8736951011620644,0.6734659700548262,1.2282953781946844,1.6915788297089405,7.390081230794394,0.7270055503105601,0.2680750225343238,1.5697827124241277,1.6215713293262575,0.2623128779163344,1.3677624414443772,0.7723079749584033,0.3171882775965018,0.21038886444540292,1.603691617115573,6.379017864894334,1.9608082253889798,1.5893799954779642,0.8049621871757843,1.7499632581692675,5.881637703117005,0.2531421525641866,4.245396782187998,0.037452509939606575,2.1863103831985105,3.0
7.662010335169345,5.076020292613161,0.7330071842526771,0.9533769993114063,3.1353378565318204,1.6857607812694317,0.7863454365852103,0.29030643542491436,0.5270703355126606,4.836732080459136,8.096487994482366,0.6261120108586133,4.998367027410628,0.5896676236645071,1.1142337444270878,2.2155232927657105,2.054049652127408,1.7686289769200603,1.622649279053673,2.8127241100754303,0.08420036167465528,0.977389838934878,6.809577792932178,1.3170145740214454,5.493317489832738,1.5731321178020257,2.3335668511342558,0.31231665440199746,0.637842060324105,3.1801796943253384,5.870169880943183,0.9379469587418003,2.4014939446976373,1.1517938874963232,0.716771456418223,2.821036664103918,4.3344109549808705,2.113400462067183,1.7672734187468524,2.5503343080013114,1.7878921145026472,3.6523029196554413,1.129414914462053,4.755111903939032,1.6909087126264808,1.6716104134763445,2.1508845713050255,0.9274413927301296,2.7696659659409293,1.6247559844996595,1.1998136631432597,0.4628899384097085,6.405794996383295,1.9133777345279297,0.3352545652410609,3.31315876495146,2.874560922861344,1.3688800733249518,6.443404421315554,0.48614799441389595,2.2907192827709535,0.10339692449223131,2.4289195535264643,1.704473619425582,1.8265179806415208,1.3121423632461362,2.1100959291034203,1.7185698633848552,0.9948693202504204,1.9636960599865365,0.048794180260804905,0.544782104786663,0.5246655092174434,2.009920409593064,10.436074783824065,3.2331824883061158,1.0058311148623102,1.6405283852959445,2.668641087929432,3.0040698675055175,3.6485229656062534,2.7223567252520615,3.899678358844775,2.7906052426666133,0.6444100783306281,1.6277468988103956,0.33514020631421343,1.769348599477859,1.358452528216714,1.6215713293262575,5.311666586456415,0.717210299019596,0.12287146908839316,3.318606074503733,0.09098888841477233,3.6227195521541775,1.8988661720835975,4.800123352826528,1.1804025068286492,4.425325019379594,4.0
5.058580590257248,6.632127138623196,1.173511248063922,2.480963031464617,3.5499771427718247,1.6148040578578715,0.5176284488669348,1.7091582723083478,1.9622898882909987,6.298280731632523,8.653068618201983,1.079361042753375,4.4906984783881825,0.06626144226872127,0.6590111711981499,2.5731078746972957,2.7995639799891228,5.166880108443982,1.6382128854234062,2.344856896226601,0.0,1.7162007613986383,4.847445771940952,3.9937015308928894,5.632788771599008,0.6654837325526488,1.71944632223195,0.5396303246846664,0.5584635725377552,2.3954467356989158,6.030084423567712,4.809887718752034,2.955963692262824,0.6012210855849464,5.779254466557125,2.169892941196289,5.383082158094463,1.516166470714891,1.279709001299063,2.3153633461205243,1.5627675001855998,4.46169225468834,0.9822908738289948,5.367402519412645,2.181166174269977,1.4553864065793487,2.773131292485188,2.9660243291457435,5.977206641890672,1.6614759907367953,3.387569334363317,0.823912367487802,4.575971801413278,3.249157076686471,0.5501126296472449,1.3273999460974217,4.904960903271982,1.6933196788115745,8.195118221502053,0.1273691466162218,0.4415897124195461,0.025312343046069,2.7320520733002893,0.9829479551575268,2.144829520838809,0.7303138862937762,1.137175601248037,1.0032424174886838,1.4078421782115087,1.811429927521503,0.1028596579220564,0.2741721890227864,2.9093314931672456,1.2483526661730489,8.531560031715438,5.014132086503214,1.3624418341256446,0.9172407837780857,2.8261925362366016,4.629339132761009,1.2178510968111314,0.05547333589843156,3.877597028657901,3.1361093380577656,2.779364792659731,0.5506052019627573,1.2325993642057047,3.27500704749987,2.556135082996612,3.3563128661449526,5.409659082765388,2.030653895390394,2.082566351071412,3.1984627220321826,0.09761079662642233,3.963871735119189,2.1891920059636516,3.521339749639682,0.9881211304640206,3.9791290516028828,2.0
1.3816709927984452,4.60474742851958,1.4444550461139356,0.1424787906422466,1.9832398952689876,1.055056793368935,0.09707137054390325,0.5375445719645746,0.41619119389521425,3.957041661914795,8.391679232587977,1.1161651079554986,5.584147749126754,0.02658762234808418,0.5735684240392593,1.8896292906734269,1.9118832894057942,3.83799368489171,1.9492734500266087,2.523009862764611,0.0,1.6063000836868513,6.633259727546898,6.4369047212663375,4.422367574167674,0.25447310795273254,2.303956052366337,2.0508151034839486,0.5018212654209103,1.4277670591684262,5.897371133633765,4.105736736467856,2.1013811423550246,1.3497615679526698,6.413783613226421,2.4962322363285843,1.5377433450485056,2.196134880765161,0.23290630100683052,1.495746321115622,0.6278869458949973,2.92236913447283,0.14130198762525845,4.036925266926433,2.3967897082780794,0.2926639733968575,1.5104556216617642,4.9859147813044205,1.9740152837564717,3.1921783807873587,0.597221268400312,0.11022959242318889,1.3864247048969947,0.3046278544929762,0.6405283852959444,0.7001733498526371,0.22268093149457158,1.1010449046671371,8.890775286691385,1.1439810878211398,0.1631122443471244,0.921360156934695,1.6242412960725239,0.4432883748171436,1.7995018140615955,1.9772066418906717,0.4943644046958499,1.7854668541676775,0.10111215847415045,1.1251882013166958,0.0,0.07477942649661334,2.1811979849759124,0.1631122443471244,4.84248612008709,3.0423116387854927,0.09909317921910914,1.8529576508656527,1.5786006361527425,4.765974913357067,2.4452499632318974,0.9130329999521413,4.376901565316491,2.840241651123489,2.2678054354942256,4.245389175704824,0.6899253108564267,1.2200203304463704,0.9294122879012531,0.5452765001312391,5.061067634432078,1.5766672466367897,0.15003969277415322,1.5235117744872106,0.6218994862526012,4.922497585685873,3.235129642035024,0.5336630128230894,0.5454742108401807,2.338595559752823,2.0
3.057866124327988,5.119775311199283,0.6827530612305459,0.8215469588343315,1.2736352390602992,1.1396659449005555,0.5922537001149073,0.2733368471502221,0.24403458239369338,4.0798644746604955,8.137493789624136,3.542802827427389,5.282361959648622,0.03660882860510138,0.9371183647782961,2.331389932836336,6.073374676716888,3.860764202628828,1.6923379196441277,4.407162373541125,0.0,0.3307878362655241,5.380119886357709,6.357532651262116,3.617439547818964,0.9696754631432025,1.4733193559174356,2.312926507684802,0.21151066288353915,1.4314625027786294,7.260184712604117,1.6092348931684737,1.9352711478911848,3.1235006643509604,7.11118784632704,3.8854865115249457,5.974609612931061,2.3859831592978056,0.41478500555284276,1.8788430276417865,3.3367261273115325,4.837378159753807,3.1545832090530683,5.363528552006766,2.1655260970271586,0.561399460895035,1.8763695999727847,4.3691593460645315,2.225429187559199,4.821628589243773,2.0145338332954577,0.0697021666300674,6.540642627527044,0.2401311183307479,0.3361691104640091,0.9740887276458602,0.9737214708048145,2.031254025470501,7.5060631602191945,0.08270258933024935,0.11503324294624008,0.1685136761974936,1.4587494560941148,0.1750454861109138,1.6307316253515316,0.6805944148813485,1.1157657275780595,3.601601442834945,0.2695119699049987,0.657457084573512,0.9267585319864651,0.9693070809843464,3.3692012323131144,1.8855353193223463,6.536983822167322,3.5364756971729117,1.0947090070868108,3.246468895028775,0.5480419874670509,0.685895308742454,2.2971620633671264,0.47985138673734895,2.5519097058376823,2.4663399879794747,1.167871708029161,0.6176746254686815,0.33193447043881363,0.9603634296275132,0.43946356799098146,1.944371219763926,5.783598088117609,1.8242790663154256,0.5552271797356849,2.93181540833194,0.25290002870008066,1.094776556895597,3.2164703862558954,0.6635723354175227,9.500569842671784,3.365762514887304,5.0
7.938239912887608,6.685289836302694,0.11889125217842651,0.2957230245399684,2.921512500656155,1.4610570134510654,1.2707083337192149,0.15289728719897241,0.3911077999745782,4.407454728806345,7.2400146909159195,0.2679552122912712,4.951266061819594,0.10608026022513196,1.892352164917539,3.0110662014062055,3.055976497714775,5.5464006187837125,0.8269246829363488,6.406642106625445,0.11636475669178462,0.4781952579391659,4.842234671723411,6.256427612389993,3.7542568531789287,2.4496141954326647,1.510810048648165,1.8031443581323237,0.16169423543613154,2.667460727838317,2.9147367181956274,3.2684942800478596,5.092993871451768,1.6703418312526945,2.6005314323721236,2.174438378633003,0.8584584979036287,2.867955751611721,2.331676557194749,2.817029686397146,1.2706485390848312,4.268232258380281,0.15419432499278973,4.122639591117944,0.3586213138315178,0.19194159262147997,4.52134603188235,6.675621188064661,4.58782701144939,3.5069446266075657,2.3631149945893184,0.20175930745822926,2.0965317426936285,0.9912451849018494,0.688404188397458,1.0764906869170352,0.5205479681065772,0.7578766597478961,9.145671851496386,0.0,0.3120842615147539,0.8786861106260904,0.5201456268808256,0.3198491168047564,0.10366548276569647,5.996264448757326,0.7286606666214829,1.2059554671197439,0.6386762828002387,1.327227467761286,0.0,0.5804349594016226,3.719752957077606,1.0512328723211022,5.728527347639208,1.0681204525292407,0.17376706773670667,1.1764504391190995,1.2318624493431043,3.967463757910271,1.3442603949854184,0.027295624050907505,2.6150395653007115,5.2013711726694565,2.1125666981357925,1.455859809386185,1.8973953375303747,2.1544535926798725,0.0,3.284765813011069,4.283166159197745,0.4369080517141522,0.1585955515008968,0.2746493101650892,1.8531573235495815,2.222433640605915,0.5567972465927431,3.9654980255681336,5.184617518696066,8.08928309494594,1.0
4.2846325762508295,5.96898466941555,1.1414327909292956,0.09747595901326854,2.8073137016104264,1.003530280020868,0.8187687731440078,0.26651671275450495,2.0588706057482473,6.355617144504399,7.120251357987356,1.5222064406334364,4.9599880265066965,0.13106261678246817,1.308302620972327,1.9347806726970165,3.0394893719018508,1.107888694552972,2.319820221005028,4.084634084835789,0.0,0.8088380743234741,6.582709537095939,1.6548021257897905,6.5470487505718,0.7892701864317095,1.7503492405841503,0.882760416387591,0.5851548472371252,1.6281203274961804,3.201571133934662,2.2044850690282236,2.61847360308248,1.5866926968600388,0.6555350163521044,3.8869987859567106,4.56797128160717,2.815534442625808,1.1947174628935995,1.8225670071261075,2.053841190267751,4.087556189085882,1.6983518491048275,5.383196236149879,1.4494293141031993,1.9431711926273751,3.007339046008162,1.2719634488990952,2.051128441452722,1.5995558425463678,3.39869239520257,0.4419083640035892,6.823942929283645,0.7082313882155028,0.7222036924327488,1.2897754580386682,2.595169443590413,1.5902906214164378,7.8680737020250175,0.4615285594728771,1.1441116484584133,0.21785109681113138,2.636937774623463,0.942908553580417,1.8917302465801187,1.0625362198953894,2.0980826290545878,2.2685242223514126,1.298247734166577,2.9812498826219187,0.0692897127155347,2.0457225357346007,0.8689237713256068,1.9201789473271427,6.919126713713252,2.6532664292911354,0.6300326338937671,0.7661286749911331,3.760487101811031,1.6645738592625954,4.068043041575597,5.69486069678853,3.0357998374232618,3.167775388160813,1.135469201674017,2.2419926802659265,2.1808480286271044,3.1032626266060848,1.971037659830292,2.77606186497528,5.51523936376514,1.8843634762074313,0.2985410185165308,0.5501126296472449,1.9861196361842193,6.696913293786929,0.6166399971719165,1.001874285531351,0.5393325445657746,3.7666799612967363,5.0
8.153289054720993,6.151142404420143,0.23670690199535252,0.17043786850810766,2.5163177785554973,1.4734232702791965,2.7861781287987664,0.2659169143669151,1.703189314514104,5.266318057157455,7.659718383234341,1.2195867445733164,5.338873627033308,0.13881446890228188,2.5197683300489637,2.9373443921502322,2.256406853794245,5.142923927614353,0.92645493454408,4.290232700250902,0.06529656712778095,0.7430409572197827,7.660560020330744,4.902801980519809,7.399421492495555,1.055195654242125,1.8522386002973688,1.1121663202310332,0.5958855279059481,4.055794338702158,5.0669717636782226,4.465634966904929,3.7944470594191744,1.3283769340326659,0.7662135019816554,1.552573811179844,3.170485940449364,2.7756405663386894,0.6687545332150426,2.3732305835879934,2.016496319896196,4.057744846501,0.24659050290518097,5.709422986995492,0.7353488701858854,1.9519234397223157,3.3009583421631534,4.067371972595,2.1797339660574058,1.7387678368001915,6.91518743617566,1.1936456006108265,4.676871038105653,3.599781952575965,1.048794180260805,1.4658700122131973,3.0890743647299868,1.8664728297158477,7.357347901614429,0.13645390926865067,2.0479222188184663,0.22835695420104843,2.138257462758958,1.4573316254850135,1.279114663710988,3.2922811355307515,1.7698140464015715,1.2795307257299897,2.637378394872295,1.9674268674150726,1.1489341045263393,2.0179931504377544,1.0470497300459787,1.297778355158528,9.224062227518486,3.2252903563807718,0.11889125217842651,1.7923139799332704,1.3047446577186308,1.954791880875085,1.591870870063334,0.19836842310251937,2.564524503835511,4.474702102823219,2.2634851776046503,3.3724088961773386,1.6442254724390277,1.1611782500798125,1.4111550369577577,3.743967287696933,5.80841079444926,0.6796039548362185,0.5097465063656548,0.47809168673836844,0.8689237713256068,2.2245342632797294,0.18916037103637567,4.187720247524818,1.4144061820877472,6.25774800002496,3.0
0.9993506411148904,3.439197579487326,1.8710550750866295,0.8484777247699951,2.0613269052254086,1.2148708340039052,0.05616730630042659,0.07135080412884309,0.08433644572332372,4.021870552435308,7.438470016694467,0.4427577576347711,4.071367967525378,0.03562390973072122,0.4995780470101317,1.0245324503838953,2.00263051883063,3.1258990229064474,0.8904077792747087,2.1522807855134167,0.0,1.5289713174983672,4.169363844249883,4.428658312830527,5.66619417200039,0.8949147479499007,1.7606893470387905,0.29783703588664373,0.10634831950514671,0.35670725293538136,4.388692394771882,1.2531421525641866,1.1004394792803116,0.9562797323356714,0.16285452819051038,2.815288500749848,6.104361822880888,1.643348271721509,0.7293569900333181,2.6944122158125863,1.9217409860795005,4.364383328805289,1.1563318912767238,4.972472097776726,2.726765836621707,2.49287864820573,1.0844725169369014,1.9289198164710097,1.728051107820429,1.0206977595946247,0.046281503211910255,0.8094967640008857,5.834835075179711,4.249475681356518,0.2235461159528183,0.8942163129631281,0.9205981969291892,2.418351887785521,3.582580087872133,0.3679301414318828,0.02318436924826338,0.10902617649836696,1.7319217818926214,1.389016059688509,0.21499513461492328,0.11036324336041808,2.5731806027893733,0.5563067842249769,0.05116325258211458,0.49169920065073097,0.13500944135116105,0.03773362744651491,0.2063931685116039,2.670523125593782,2.143426073258911,4.49281457256712,0.014498126999352837,0.398788147633769,0.08256635107141173,1.6012686357255512,1.135797512223391,0.39209756678307595,1.595408177856631,0.29018845733752047,0.19446533163799662,2.738594919167061,0.681494243414785,0.5301706483946393,2.104940452302704,0.10057404021319741,5.854462003280646,0.816558749387444,0.031112840850249287,2.076832695557399,0.11436702495200024,3.532279551024767,1.690193577824855,1.0367494764278682,0.0,2.155684478305489,5.0
6.58467844217205,5.709445044360447,1.1194889851996594,3.040103378008472,1.8073961413270714,0.8038882923378248,0.9041950482378749,0.3294106712185684,0.22193893162862405,5.1479049837692985,8.456110419856211,0.3797318490348097,4.620463248301148,0.04362447674703463,0.7256975369468612,4.475525927319448,4.808781454144006,5.363553081349432,1.552573811179844,4.142315403169859,0.0,0.7334411166531236,4.904546717696101,6.593045955234054,7.966032983849883,2.7730257652096886,2.0112809361004897,0.21051355180046855,0.8164768316041047,2.5868848128521846,3.1008431244331116,3.5558652254870076,4.588654678178844,1.474981088204978,2.4280619709531757,2.944165036124167,1.5423571155529137,3.036942844798256,1.5035013932323933,1.6476368634845486,0.9994228065372545,3.9256292058848383,1.0592860487461908,3.1682890198311817,1.4691045218683088,0.9223501036907819,4.344885294896737,5.458021022739293,1.8246864001712255,1.8557904162748204,5.194634737182353,0.202511756210103,3.132132615036202,0.22958792274065168,0.4472088881558103,0.9717366667362359,1.5275207945136315,0.5879409937552202,8.62333429581617,0.4450910148440441,0.19370867338242317,0.3924273382137218,1.3229087941152062,0.5755059680329915,0.33559758764193715,3.923139670256119,0.9980510458545544,1.2379307695958008,1.1099622533988183,3.5284212907886543,0.658828424343654,0.0,3.3785809819249715,2.1648827977763645,4.663526795082574,3.7821044765144176,0.7260464564820016,1.2813124908581435,0.7177367339974821,1.6918914445250106,1.950767000593138,0.0,4.448914162577684,3.1769290878215717,2.2160512576331333,3.7841479765162997,0.9984843743642866,0.4899539013313055,0.17517326566379737,0.9840424260970237,3.9950140964714036,2.6006741462945753,0.04572253573460056,0.3006509076426647,0.37473347803121404,3.2364007728026816,0.4676968363726027,1.0283569755597401,2.358199312763517,4.75902263940966,1.0
5.14040239372903,3.9150906094406546,0.6621143312096615,0.0,2.5836394237640476,0.8731044701240976,1.2091413978385919,0.2985410185165308,4.95489421979703,5.952471025918168,7.896942052165932,0.985427565078935,4.084302425914541,1.4055023045535386,1.442916963282159,1.9191112164311328,1.882212621892863,3.6175688452664465,1.2355432653233964,2.352927978092636,0.0,0.07368315361643984,6.67513703876118,2.29983076182237,6.220507958843809,0.35524184393088254,2.584433415534617,0.6747318093546646,0.4684269188234786,3.0842343838902444,5.549903235476464,0.955610389056505,1.983787123799991,0.9810489030878997,3.6406903311950747,2.361880627038438,3.791366089076111,1.6016489804411207,0.48047194522747694,1.526769951354816,1.8159032768450967,3.1718793304182706,1.0784048918675695,3.326479823267403,1.8212203910006945,3.6491440633597074,2.40610123821186,1.985755429618393,2.0542928195660406,0.6787930723562918,2.1661691095579774,0.637842060324105,5.444259561898936,0.2704691403105779,0.40195806641377313,3.801479449308598,1.9151384259244562,1.619741658769175,5.086308223308848,0.36502057861953074,1.0889556823082185,0.1424787906422466,1.324868194887364,0.6052098440811416,2.4577518687273936,0.6580057769131212,1.4571214579500962,0.9608823446851962,1.2750666617657358,1.5989368338225272,0.15743182700418823,0.5053828490623046,3.630964547265677,0.9998557232819549,8.03162953137121,2.9398847629832927,1.583759753639499,1.4589593866180968,4.162161687815136,1.5302205988851105,4.4890419128762336,0.8314719328476985,3.1977553297745462,2.8653645865572384,1.5324665828657384,0.9438838291190557,1.8426570799449158,2.1767057381891144,0.2873540850292068,1.10091038764691,6.899965898713273,0.9222739780521135,0.4492179921398964,1.529920869997421,0.4946716116475496,5.63963735775858,3.022207997957081,4.317369196583691,0.8800977497219742,2.8812338997945637,2.0
1.263515224048839,4.802436231121929,1.2308178418610831,0.038014690186715924,3.303912228316003,1.0798388806666706,0.13053555675618825,0.5052812114532669,2.023077888121361,6.568042748561364,8.095816846620991,0.20113196690788698,4.659485062992644,0.178619042533318,1.9751165497122558,1.3974196523016136,1.5959332542251838,0.12181115114198661,1.1641426488483064,2.373926562684365,0.0,2.057866124327988,5.090523198371502,5.416400652733148,5.66700364645565,2.4156775532017747,1.6832922185239796,0.5696855121518396,0.338452940355049,2.7484182950126668,3.8275853297334876,1.0078413396784627,1.3998820100266747,0.5754091526089449,0.24500880040379647,2.1191901496454086,3.5120372121212973,1.7538612207466253,1.200127654273602,0.6824834070057387,2.196701458220102,2.2918392732571147,0.5982699118832131,5.158579395087181,4.069770897486462,1.4111007890854135,1.8265993302731018,2.716573933688674,3.7960370123009257,1.3685448746615274,1.2914267463334395,1.8215469588343316,3.90814999941791,1.9490492840221352,0.5307699401676806,1.4833643607133495,0.42567413538758064,2.051128441452722,6.349574051261643,0.07901963303483801,0.20301317077449998,0.03463831799900894,0.44583262420762776,1.2138138461877488,0.44180215462886685,0.14990966753492424,1.83758000021203,2.7001289503560915,0.38725223883350374,0.8159032768450967,0.047957107396655034,0.5506052019627573,0.2771516106774926,1.1397314222437438,8.068732068018726,3.8087557169641886,1.6915788297089405,2.661225136826663,4.384989187324934,1.5668638517557796,1.9655442002317045,3.1117825204457525,4.315942939580257,1.1408440826457302,0.22255729134872834,3.362034980751374,1.3693827253389403,1.3891813073882362,0.6652108308132765,1.783624278032649,6.443994456241749,0.8772730889255821,0.05838577100035305,2.685020655854262,0.0,5.742747315580994,0.4411647341291503,2.1100290927993672,0.2720231890610485,3.4537414396712753,5.0
4.029311524785374,5.513493903848762,0.9263790251998787,0.3492520317806705,2.502152354466374,1.0263043243519085,1.1886541178367291,1.0386468812218828,1.9862288802273995,4.91405260121663,7.239001757765583,1.8167635234983137,4.795829274850836,0.038857550020362105,0.8042188066670799,2.5569198361361645,2.2000020660218675,6.698625498660942,2.3215818065212828,3.6090457306755437,0.0,0.5693938720361155,5.683471892855228,5.150689643247321,5.2806854120146705,0.8740493637552257,2.141400091215089,0.4875892483208623,1.1816114603374122,2.0047171062067672,5.9763682186195135,3.1467040930749377,2.556870801568799,0.7318783488084315,6.6990129643195795,2.105845667491158,1.9245940048486478,1.7624763880469851,0.44010174038750755,3.28021399581062,1.2996549556145176,4.244795746421147,0.30824436439371317,5.392952755680152,1.113967146433002,2.1935825250816485,2.9628266155303153,4.978598356345514,1.618896412163088,1.8336187707255593,1.2144356975081048,0.8613996111574385,2.7413159674275116,3.510810048648165,0.6066317322749103,0.6358936632397261,2.1313590034520336,1.3407331605877317,6.95679198846813,0.4482666600639547,0.5042644413492393,1.165365299104444,2.479903110141169,1.0788830465219892,1.6209147914598871,1.8991369518107997,0.9599926617087167,0.9578403267062328,1.2055801887752484,0.8615584195720287,0.7672310370238756,0.5468574276679898,2.5283962845914063,1.564134243458237,9.182969330329769,2.828265987639294,0.8603669301381203,1.2955467170210546,1.029770897406524,0.8496790696981766,1.8782937434010416,1.4268014716133808,3.2270016745890375,2.609353107132772,4.414291162422697,2.628796920721098,1.1382246909935891,3.634128557525041,1.8587767453081927,0.1497796305759026,4.298592337148493,1.033652052489997,0.14717642698094646,1.4029949753792508,4.523768936584196,3.4280217592594684,0.742954756697492,3.2336886944064323,0.2510828033169873,2.0473638867926742,2.0
8.005106882467679,5.986590692046973,1.3526455452809258,0.8315530036263372,0.8435819231539904,2.0473289838655564,3.339009076295422,0.158854029516618,2.6557639683213674,4.480717509241462,9.347786333473309,0.8389920932937407,5.0399893680601044,0.04306447866493742,0.3109217352303438,2.3245802145600627,3.440487166124235,4.60993812365395,1.757919317161033,0.9453829668243653,0.0,1.0434844976035795,5.55591736098526,6.194729280465127,5.978927776381399,0.13579751222339106,1.97834208874892,3.438492472690674,0.16902704513481687,1.4228788389573066,8.12900733280399,1.721416409989807,3.8951668775107655,1.4432353218801899,10.54985935122837,1.9036553338694915,2.764452319121337,2.6164753287828773,0.2708279155536642,0.4770555655785729,0.32285112437559094,5.268363275162604,3.3099183033456767,3.903616775116008,2.725217634756072,2.0627088964136733,0.6612935558553067,5.5380756076415185,1.7142235335741918,1.3473821913151116,5.711899575408194,0.6550770033824843,0.939978764940706,0.3791773288908076,1.3222743001542052,0.3930866550235312,2.239061923519736,0.6077682346963614,8.812357992154224,2.416380383852046,0.7603487071597772,0.06405506441044337,1.029276182370632,1.8249307452924932,0.5369480883393927,0.3666998885994904,0.38647988859623394,1.263154625411455,3.6682099144690925,2.5321423789294815,0.7051374667190209,0.09491164702546698,2.66393660635517,0.19597745864258795,11.187983268845922,3.287250643254617,0.7939374881505561,2.2131295000074798,1.089023502030449,6.851794007833443,2.0506061736907872,5.366402653181334,3.52457775747599,3.1503972017690955,0.680054248245064,1.1123665230725632,0.1897929378202589,0.41748799851366614,0.21499513461492328,4.699468346461417,4.377075149344182,1.6648013813878266,0.24439999124554931,0.8242383266037139,0.6984852076568235,3.977801947249447,0.8181143041604501,0.6393247891708452,0.8615584195720287,3.6533122946556564,2.0
2.8805483990529024,4.3217333179091,1.2672361418124098,0.0,2.024319679195413,1.6565421333499937,0.14821827215414504,0.46988597627446366,0.10191895971107164,3.955126781261366,8.208342160095356,0.2843956805128771,5.002121905556234,0.047957107396655034,0.6479131095439641,2.0392085963371263,4.2745374990538245,4.7718010843842755,0.9400539620969552,4.150559676575382,0.0,0.17223146882548135,4.7993360251576105,6.644247107163892,4.883894472316034,2.6583028981551164,1.528871328238121,0.4094724036750667,0.6233986823772643,2.1899510361887873,6.82209914950924,1.611314045269154,4.724361048957525,2.526469504640831,3.34869983110563,1.6534728119497086,2.7955591714385624,2.652532385084238,0.39429462049465747,1.8689632685410797,0.7789654772500989,5.512479746919633,1.4414303602306298,3.5442875399602882,3.0017842313475116,0.30275771563803605,4.074745180575518,5.770850184266509,1.3611507313006006,3.687889327907414,1.9101186184627474,0.018776585179183593,2.3851825132938522,0.0,0.1913099674457286,1.1655582544611738,0.15691431465323902,1.6243348894450882,8.725266041221326,1.167165212947718,0.012926174444270048,1.9641768042532486,1.0128546813427968,0.40512103545132083,0.2012574568432411,3.982665081827477,1.7392000402308923,1.021266505491071,0.0,1.8300930321329891,1.157496502997335,0.0,3.7340592449005494,2.052137623335175,6.4288358276852104,2.1181271216365394,1.1021205895417168,1.3519674808594409,1.605778767535464,5.286167753856093,2.035764653600975,0.2649567179648224,4.3485723701596415,3.523499228822024,1.389016059688509,2.8770767264093355,0.4355219213439279,1.6098495000343356,0.07778988864366763,0.4216945811802921,5.044018095287987,1.7099963689114013,0.05130248870063107,1.7665527600763142,0.15600822110712773,3.722192760895904,0.5442875399602883,3.8561192152206196,0.7369944477784889,2.93060488734821,2.0
3.1394694950387962,5.689067080458421,0.09342495941910291,2.688963611042371,1.1500396927741532,1.4632562441221977,0.1426094872986651,0.23413339561248245,0.24756299707135393,5.589856348502688,6.822025196272592,0.5807243763087195,5.0838260643401085,1.477573719174233,0.4478436443620853,2.932930458296894,2.8182574946222485,1.1007085885966839,2.870443634076888,2.619272138460124,0.05255500943410528,0.745710621988001,6.180064295753244,1.9607341022846456,7.3665591465201405,1.4596939029832408,1.6074841930138908,1.3345110701291047,4.575614877619633,3.759379572697325,7.667662961427549,4.227379124658886,3.6176511194273306,2.0227583975781576,1.4755518669075436,1.9477035560530769,4.954321958999366,2.0527288846757665,0.13986236801564095,1.1005740402131974,0.6148511624221036,3.0160505345696293,2.2011633404150674,3.91742220740986,2.3400494728531664,1.7542889267296842,2.6925387883779552,3.386838531199723,1.5821705905918426,1.944708547626627,1.4217484321737806,0.016496319896195974,0.8627489257935298,5.824442013658915,0.3135941465723912,0.7661286749911331,0.1386834279792717,0.9024981227375106,8.21477808711846,0.14522093708562958,1.6178626600132147,0.3241193264351021,2.1116323101232792,0.7320520733002891,0.9231872207101692,2.417244936422132,0.4468914052920558,0.6686637777002207,0.006333933722050485,0.7992531235606396,0.0,0.7387246093348812,2.0090963092852814,1.9968948664461075,14.691512540819373,3.5899671753934856,1.5467586704347724,2.5992939866529383,4.0988574474860835,0.42567413538758064,4.048454177983522,0.5414157158190932,5.525668007375278,3.379010931277249,0.4336004626258625,1.9920795425594842,0.23952024689811735,0.0714881055841824,0.19648114898230806,0.16710096896307503,6.7270722816931885,0.6818540177410607,0.20426594528956027,1.867026632211542,0.8973178836318305,8.186156838663278,0.2203299548795556,2.3963787269796457,0.7789654772500989,3.075395714109184,0.0
6.187898362666153,4.712271110021594,0.10178452416693216,3.9830574396224407,2.3672033006572493,2.227371422583259,0.41240217536404133,0.0,0.46821836153494933,4.131819928389146,8.3784574344716,1.125254339031466,4.923634118388335,0.012640180778770332,1.4304458608904067,3.495068323832703,2.774797599800412,5.179200503017187,0.3847129624220463,3.4355485902604186,0.0,0.0,6.961511047426339,7.010483348777977,4.928209224923375,1.0288520058474935,1.817991558166341,0.08882003329858511,0.16272565284620308,2.623703016318038,3.379593238979181,6.973109551007991,3.9387280376418965,1.7081430824746404,3.7548126938144484,1.051302488700631,1.8263145864918149,3.6444677628277344,1.0675010485665715,0.7378597879201287,1.614332927607166,2.2098276379522757,0.48160894299005497,4.6055180388013826,0.9688648981935262,0.16800012451782012,0.979074161145452,8.023189360358261,1.8255007230223488,6.601491506120895,4.209234995259181,0.05352844098929936,2.3959402178453004,2.1635309349377816,0.9023437577640177,2.2680450709063393,0.945832404535442,1.981633493093726,8.62322710045101,0.5199444141830253,0.24025326158450488,0.070389327891398,1.7540323183560396,0.540919995427696,0.2162375520538233,2.34930865579861,0.0814759815979586,0.6006503616211947,0.3156821513379246,2.4022583009217815,0.04921253463256027,0.0,0.6415460290875237,0.5474498291439657,5.544745018305028,2.2945178268481348,0.3307878362655241,3.6740651217316294,3.92716639047025,5.863212461390156,0.8501593277055707,1.1836453053946556,2.8325052441822267,3.8569458632824327,0.6090930236240617,2.5639390736742693,1.41700183337313,5.781947164250374,0.8876812293429922,2.1163314838209963,6.2202912554592045,0.794353478188584,0.6909087126264808,0.16530097491686477,0.09180136921767433,6.241739145622408,0.030830430153274503,1.2047041594903314,0.7598375964880797,2.864215865104355,2.0
2.1550691667643056,4.705988956774578,1.360420466103209,0.0,1.8902131965031626,1.6305918541504836,1.9043106750528564,0.11703005301018696,0.06087747289933462,5.784433312174547,0.471239495338241,0.6033118106000482,5.136613860789068,0.02488699931317951,1.5913921895981145,1.6141444324194554,3.0919874983084337,2.5777792621726827,2.7972205449238907,1.5394814423081506,0.0,0.09369538023355704,5.338392322841437,4.393429929898422,3.779932050814574,0.20776793757217057,3.2518402587547186,0.8815080089162737,0.5308697979314086,0.09112433366116472,1.7664255476396775,0.12313642685605963,7.6106085326550055,1.2195247930954372,0.1467855409887005,1.4770555655785729,0.30532853203996363,2.966670404307121,0.26423615104354714,2.430686709248299,1.6778915569605324,3.7308572947302316,0.046560905757741196,4.711004747596836,0.5452765001312391,3.0372767836770853,3.465112506855802,0.49057013044620146,1.2596039298069808,0.36681177312712687,1.3820585089760682,0.6443177783375773,4.291028840768255,0.0,0.42395459401489705,0.5699770933245684,0.3341105678447527,0.46425003391140407,2.7448499794516565,0.0,0.17772648293206822,0.06942721045601417,3.1332182634204857,0.16504364948304445,0.33090254070135383,1.7346120826161318,0.4770555655785729,1.6685276337224324,6.506917659025649,0.8172958002006254,0.0,0.09909317921910914,0.8004133126387573,1.710040465775094,0.733788168625182,1.013283586818423,0.2839217723076175,0.012783184698289592,0.729008870337863,2.289067184060908,2.4108023893203336,0.011209361420303354,2.4645114438019324,1.9288440367125677,0.4920069755939548,2.409173666877919,0.46529538939579645,1.3999366813812824,0.04250426312896344,0.21636173497112732,4.021302044666106,1.8619553641448696,0.04166353172936154,0.0,0.02644598030380087,0.11742908358689448,0.20426594528956027,2.357692748488337,0.0,4.033652052489997,0.0
0.22749465085930123,5.534550347149029,0.8906412439634438,0.039980597690881255,2.407706242901189,0.766298323984848,0.4210482124235619,0.14077865578279591,0.11782800382748095,4.36581149725064,5.3967383420179385,0.2650767774698131,4.823046180792133,0.1048733767260183,0.30544527855355263,1.6033592918829727,3.843531675168304,1.0149979347441367,4.576661200731667,3.926027892519459,0.0,1.1766419176568932,7.288199812705598,3.5986748655418106,3.3599427850740784,0.7610299065070913,1.6431635299034266,1.3934162004715447,0.1265764570133731,2.6185205879888,4.063865296269093,0.37784561029696545,2.777261891564585,0.9491240098937954,0.5192399486612869,3.456779870392945,1.8555113765744016,2.1017845241669324,1.1184261774415603,1.3035177519464802,3.0770207657561066,3.262944234575857,0.4245996622308257,4.909408304786792,0.9646573883765778,0.3199646942164657,2.0931882996192583,3.8614790175498896,2.73352788747328,2.3017046962191605,0.3198491168047564,0.04572253573460056,5.5366373220844824,0.059908989018685105,0.21076289418631022,1.4668620037759177,0.032241931137493844,1.9512520718007895,7.432620400905973,0.014212444812104711,0.13382652729882785,1.0056874201370036,0.8175414001514337,1.3170145740214454,0.49046744387077185,1.8745215786001668,1.0498398388126977,0.8899407365251172,0.4315694760512761,1.2001904442999818,0.3208889803317762,0.574634395234676,2.917489041944617,1.8612407852596737,11.47615093147822,1.8772730889255822,0.031395196275534325,1.4442960101174247,3.1791925393880245,0.8949147479499007,3.088786119053214,4.390055428189248,3.8520587816443923,2.077994918849497,0.552868871011303,0.2645964794908822,0.0,1.9629191345312698,0.8318772411916731,0.05561215668669251,7.006837699173281,0.5190386096000587,0.9544196781329239,2.1770247985086333,0.44265161077522364,8.801778188515856,0.6291001181603831,3.666370306857018,0.026020970714370147,4.184407258693062,5.0
5.9722790834143105,5.991174877297021,0.05616730630042659,0.08922694207039553,4.500923122207493,1.0396999177209514,1.2468336879105422,0.3634514570717129,2.737600240372269,6.197894870708193,1.1311284857490764,1.1199537175055683,4.909379500908709,0.0769694763151108,2.4277402460165938,2.646116563928257,2.086613947409496,4.612010363696733,2.0298062277042126,4.662097236485016,0.8861208841326076,0.9969671548109422,6.014116460756694,5.959946309018342,5.96459270368399,1.985172507802987,1.9239858340939107,1.0376633532050004,2.5349082398513954,2.651981606727412,4.879936069458039,5.292630847211974,4.320470236553613,1.090785696699563,6.886011108832966,1.6945236526742076,0.9905192640649129,2.9762169756695176,0.5836153565845577,2.2440650366665507,3.350921506766911,3.096548609119551,0.2396424418789966,7.266528893575565,0.6281669992863237,1.6000318224388044,2.981396031972148,6.537459153242254,2.877233818560397,2.1939924667360073,3.4329727655016784,0.28640805546029896,4.613207481585025,6.628388669672923,1.2335199787739164,2.045687593075419,4.727430399440901,1.1382902337799115,8.212699673534724,0.4775737191742332,1.9670210096972245,0.18370881687541188,4.660569289869964,0.7970960082549122,0.31068911751928047,3.0300005288774376,0.7538612207466255,1.059839786714276,0.7583031771319012,1.7844621043815183,0.0,2.1152996440255474,3.223036337901875,0.6654837325526488,7.279234479584799,2.752748591407134,0.20138293586405415,1.89378932506904,1.2577951343833698,4.590200782572611,1.0315363532680533,0.17453425469490197,3.2142025346727063,3.528258742758412,3.10458827072853,2.9549035229754224,1.755528557513225,2.303342394487331,4.59263044925466,7.193653484858077,5.2573124056856075,1.4911347760014255,1.776525151421912,0.033511102361323694,2.2153679722034796,3.6078865688943567,0.4618428378840728,1.0818168105916977,3.50537014475275,3.383718114635775,3.0
9.73482797732306,6.5359782761529726,0.9954483379839293,0.6538854887166459,3.014158873103511,1.263455130534683,2.495644002318353,0.23192387329376324,0.9523335663696857,5.45126387228621,8.345181229020152,0.8849495167450102,5.126188210522101,0.13422093976063337,0.8785291765412093,3.5350327034613254,3.5695275477407176,4.654235025297693,1.8311881492410278,1.864334740782428,0.0,0.9203695304316734,5.570529720917069,5.772059832033756,7.4677913767979875,0.8757800630684881,1.6794688394026485,0.38338634619901596,0.21263158972095403,3.9261038203407423,3.396173192418417,4.417109884230047,4.056149961108141,0.749920364859095,3.003170442880128,1.5578266751496523,2.6924941532984117,2.5695396994633413,0.4722798004315504,1.633989115054366,0.7929386224003692,4.718312302387828,0.6114556965848733,4.748912004774892,1.0501185531416763,1.3546778285044532,3.2765711061883924,4.572149946059621,1.325904448353145,1.9916805621431244,8.218951131576796,0.5464623581670918,2.7527271862774083,1.351345641722454,0.980171573689218,1.4774182926349246,3.7052480782426542,0.8923521649175387,8.401855699458054,0.3337671916582242,1.963733046002738,0.4545970565345496,3.0235747328220417,1.5467586704347724,1.2820839062197231,2.736193545777967,0.38692128221781646,1.0952493170190245,2.228972569760161,1.7228157263370354,0.028852005847493426,0.7942702897762277,2.8159032768450967,1.0137123648206545,8.91958917136675,3.2795752966875873,0.6468999486219479,1.0672256725319713,1.6361257533032707,4.525774481876324,1.826721346120338,0.022900402110078828,3.39337501140696,3.4833643607133493,1.1972992709057593,1.722946842686136,1.4814022827632456,3.6300908961187432,1.2371965736303936,1.284454908094259,4.1885275267744015,1.4357885883269776,1.9233013354059683,0.37795663381011363,0.426103700685049,2.120517834120466,0.3377681709216305,2.9562611436594968,3.831593537307337,3.685244976382265,1.0
0.054640130538345405,4.263612870670984,0.06433104624598394,0.3021727997407522,2.8883438653747726,1.5213523140976621,0.01578299724092746,0.02800327847275247,0.023326331860027503,3.4499178776202073,9.498525137042055,0.15704371014558002,5.7466298664750255,0.0,1.1777902555054407,2.1313919315459082,0.5272705568773409,4.942167278409362,0.3034593018283363,0.4492179921398964,0.048794180260804905,1.1168304963267113,5.855234775039683,7.217586498342087,3.703023157092739,0.6243348894450882,2.056618208118797,1.1083571780904182,0.19004588689443874,1.77311018764759,3.907525241814581,2.678094447046543,0.6003649149510027,0.4427577576347711,1.1515990822693967,0.5555216974545579,0.5867887580539942,2.645655550617985,0.1566554888468597,0.5364508301947087,0.0708014676002111,0.9795132263400828,2.5339370550009273,3.9562704380275227,1.5347090757384454,0.0,0.03463831799900894,7.454299293619899,1.0797706277965977,4.843943656997226,0.48222874611038086,0.7793858061989364,0.04432416881220142,0.049909522443058005,0.12287146908839316,0.989139007368233,0.0,1.5202462227070275,8.505109284666533,0.39999135066418146,0.0,0.09868904409132834,1.1017845241669324,1.0047530553998192,0.11623166060415031,0.05088474002509346,0.03520159571856608,1.1879577294935773,0.011638756246893662,1.9494975812055721,0.0,0.0,1.0219060767336219,0.011924948479708557,2.169347807979567,2.988248404357877,0.8719224821499968,2.4256204307310374,0.12247394117564454,3.5790473638586224,1.6199294241160778,3.3354546715530917,3.71511362144951,1.9359122870313616,0.3514021836299643,2.2637856138908026,1.41700183337313,0.5101517577842994,0.2393980415665554,0.0,5.09418116530123,1.5986986828058112,0.05116325258211458,1.1052087234281835,1.516822023445776,0.40522997976255926,0.17453425469490197,1.2970152884144717,0.021621857851518895,0.36221737748716937,4.0
2.6918021329181543,4.410924469411495,0.7369944477784889,0.19446533163799662,1.612210935466609,1.552180304176821,0.06032413315110383,1.6224150106607627,6.628098449574791,5.534098964550605,8.037077418282882,0.2096405139276002,5.010063683344698,1.9546430113010298,0.8241568437288291,1.069633432499137,1.8034750429176554,1.2521734132020268,4.100986055014082,2.0904131042117307,0.0,0.7840013601022011,6.550812955478296,0.7256975369468612,8.440787793164025,1.64929354696714,1.2421451608495793,0.7916057247045515,0.8332544384602563,3.0600127862517215,2.169379880341951,1.185168809781465,1.0797023716973781,1.1263121303287038,2.946861838180128,1.8503193781873066,3.4270831680811322,2.112499976200718,0.38537581335991344,1.6025994037706548,1.3012364407652315,2.2105135518004686,1.6215713293262575,4.782366625508458,4.60609868841314,1.722946842686136,0.9270620655539404,3.805323414389586,0.8368128561956083,0.30322547767208885,0.642747774297277,0.18637377746594408,3.866245313518739,0.14912926990993294,0.2015084039722246,1.9119216278557476,0.3234277180609325,1.4062101085315653,6.401357409890277,0.8022345839484915,0.5841928581097375,0.09193673821058518,1.8190550099910623,2.4356285940520905,1.5813030360026417,0.22983399046099756,1.2677754782687938,1.0228294015913073,0.3484590620864717,0.5231604546167568,0.014640946881753174,0.5778275912362482,0.1843437779529075,2.9051583219872814,8.784813780988255,5.095991912924603,0.006764781878422359,1.2286032319484694,0.32192809488736235,2.8381248284399176,3.233842055134624,5.050932613197422,4.07494208352142,0.7925222241405184,0.4718637684076483,2.832849516893454,0.3041605470013563,2.0904808554581455,3.1591932116487595,0.539729571067321,5.583874057725831,1.2220626247774875,0.21312950000747996,2.593545002056017,0.7083196885516011,5.638991887045158,1.335368915103673,2.7251085438094664,0.0,2.7315525589913414,5.0
2.6526471041136235,6.50420404808148,1.2570106182060237,0.03562390973072122,1.9126115457949318,0.9276689411716343,0.3198491168047564,0.5488311540048216,4.511189695249364,5.034963989749303,9.140388844419789,0.4481609177660448,4.9633862648708895,0.1747898930478148,0.9798058622520169,1.3985145523965818,3.3583259260455223,3.225336634924684,2.0188833842347074,4.284240196542161,0.0,2.099732828401228,5.465119038774301,4.348041161638433,4.918448253733415,0.45101324294397294,1.4611618147761798,0.4403144018031179,1.0499095224430584,4.392770769983638,7.392579316856041,1.954791880875085,1.7824505031271376,2.361347278020759,1.7850901549947582,2.642562955562603,4.6692309060246835,2.0018022426339854,0.17657809430131693,1.612116552224883,2.015497569395326,4.689589906981522,1.694300770342678,3.96699333342192,1.0663303372349908,0.7113186888605822,3.864285210440276,3.3009290655074257,2.6380738371807184,1.402449326718855,0.633849659104694,0.14169436196453092,3.426506302021826,1.9230730969873797,0.34505567517929614,0.2934882023755077,1.1798294908513023,1.7451942980788016,8.05228383090497,1.1164313001313335,1.3846577110944294,0.25084033356164537,1.2873540850292071,0.550999138763864,0.9010309881995918,1.6153692111472018,3.6244869657267382,1.5444359272107036,0.3751784795896123,0.7756827017390598,0.1307991108381943,0.5717253438910005,2.9765286104849316,1.846031900705629,10.691552833573734,2.3349686509253567,1.740927560318628,2.8324444816453096,3.677079711166263,8.064811193480416,3.509556505569804,1.1484786159319675,3.9319666520626955,3.2776723774455334,1.0238940426557013,0.7105254423385969,0.9587313375678362,0.6839209808093251,0.5216538282666281,3.112383205388703,5.677480053340623,1.0941684947249828,0.2032638127210805,1.8323229488934607,0.08392815506235927,1.8500392781909694,0.8385081027806561,0.6365434213518011,0.313710226150914,3.463282405257373,2.0
4.042162775084771,5.009826378460391,1.5871729388806808,0.6434868125619564,1.5914879383979432,2.092139767887133,0.8345494242781577,0.5347588693443623,2.9952131400559607,4.255908557868069,6.582546971088622,2.031853906013212,5.1873243573520105,0.09477655689559733,0.5938795954572094,2.4687396982373624,6.467395243613651,4.409547078209886,2.0213375829656948,3.764993634257782,0.037030730944967026,0.6584628611741093,6.432593677805014,5.056184651284177,4.807679491929063,0.5072111026677172,2.025454096427749,0.5900510387331085,0.567448096515744,1.0959244199985356,6.481550822793327,2.3874176886749536,2.7583031771319013,1.3666998885994903,7.625046146883294,3.1175953137592076,2.5314687994101774,2.3755955439261873,0.6076735603490564,1.9853546961726443,0.6911767968121242,3.11613183047984,1.737037727114942,4.0794293150029155,2.5807002604505547,1.0325240656921997,2.112099579776235,4.695175385906591,2.564622052436981,4.834781993892508,2.0599435889261346,0.344942090560028,2.1645288608813686,2.0555774527418995,0.9798790119562228,0.4210482124235619,1.53938217885408,1.1413019876252584,7.39971798353103,1.2825584184275578,0.2348691517053808,1.0594937253916716,0.8275751682275984,1.0464910601940334,1.0576928671683459,2.6049015835089517,0.7761882305794445,1.6673471807656144,0.7683325573858214,1.5312192456843317,0.0,0.23878685958711648,2.7942286937711827,1.7610724707886412,6.634330434720339,3.41733946543494,0.5158133573619778,2.8426168559185685,0.9292607761345848,1.696528045680674,2.945982185997463,0.008486888965491164,2.9500764256388106,3.9922608608249446,2.11096451940552,0.6408985206429528,0.28818135232905856,0.7289218272873139,1.0937629775179032,1.3487423155852882,5.571400742245525,0.842536404501239,0.36681177312712687,2.04788732939655,1.2566483898806773,4.46739687401427,0.3580586183054919,2.741790545264886,0.5186358471628002,3.261711328876685,2.0
5.983912501109271,5.2052595612019426,0.23425604768829605,0.0,2.504569547629511,1.1711427631608933,1.7953513651665591,0.21884315120187353,0.4582770006958051,5.345783114576414,6.584696479298389,0.45048545986111993,3.9530789526125076,0.12551885957509096,1.509847829892816,2.721416409989807,2.069564695093359,1.441324115658751,0.616263584661559,3.382501257189115,0.4274989052223951,1.2320467133501098,5.969118248664567,2.682281133256266,7.648223823147424,1.2130050385450477,2.5626698261027023,0.42910708178049967,1.4299640435169467,3.5458448454063527,4.876158376943491,3.0926472171100627,3.135075130368401,1.6392784769534237,1.2999479540600278,1.6160282769608059,3.2220007795286993,1.8457911037137122,0.4909808036743912,2.0545706750324277,2.5766672466367897,2.685962567775134,0.6661203025958312,4.805313094867111,0.5051795666833733,1.444773065522451,1.7220725085235074,4.466463983834974,1.2691528672171732,1.8622331603767985,4.396803405638582,0.2958405509170355,6.173379323317898,1.7755562918459444,0.5278710543015731,5.688860134205011,4.313608657030487,1.057415612427243,8.796173972819425,0.05797006863732994,1.1746620795335883,0.05032755355842493,1.5509499025458877,0.633849659104694,0.9746761442015687,0.9017261326501211,2.2373801576531505,2.102960410645665,2.312868437525364,2.5685185977925435,0.017636903049498446,1.9521098753791004,0.7959331473149635,0.7430409572197827,10.565649817574709,2.992822802673011,0.4189994654312657,1.9843706055362684,0.3822799000669483,1.8257856274647914,2.4865599281852404,0.9997114321340737,2.87060145011532,2.0799753767205957,1.0119964876680252,1.981779603590194,1.1023221911966863,0.7218538421634649,1.1656868770298758,2.588924466873578,6.398964247120212,0.8134425990510737,0.21958674457331648,0.17517326566379737,1.9941452211382065,5.907441119164227,0.17683337078449007,0.8475961022626406,1.44397788552057,4.008513780584845,3.0
0.019061365093430198,5.60553285419664,1.3177671385122198,0.16388511670894185,4.929956652008415,1.5344600819267282,0.25180996817153983,0.10339692449223131,0.11649784050174836,4.751833238577257,8.624469419281576,0.24305970607252766,5.711004747596836,3.6839658819170267,0.6500292405276461,2.2104200372944636,2.4488481042050356,2.390915266438499,3.3593665475136145,2.5540485072510966,0.0,1.0929516009913534,7.984939045325773,0.09288396567848443,5.164746059723676,1.0175656430143705,2.6922263138173035,1.1025909495880912,0.3796209620557083,3.5643659732891675,7.343411375729499,2.235941457182307,1.4308204965197713,1.0465609057577412,5.865196296636642,2.686881460432228,1.570365776573606,3.442280035252584,0.2315552903560406,1.7826601758411678,1.3960498576250309,1.3957757425511714,0.823912367487802,0.8281441023656281,2.4142708638828094,0.499067737839628,0.8292812979975314,2.4422269452218184,0.4962066659234843,2.2018220265122936,0.5415148394606787,0.4068631579765398,3.374469193396809,0.24086382278574983,0.2582173895360179,1.5682267216663384,0.0,1.4692087402488272,7.446210731335398,0.012211083950874365,0.04306447866493742,0.061983516108957325,1.0717626693000917,1.055195654242125,1.0063339337220505,0.05241589415113853,0.9826559559578476,1.6229303509201767,0.0,1.477884522027948,0.0,2.105409894040082,4.370338677039775,0.8907968661027338,11.407494614984518,4.891890610552823,1.3923174227787602,2.0795658498102747,5.363819373085422,0.17030966883317647,7.839049430370229,3.206002370049744,4.2707980210242775,2.053354662090176,0.11529964402554728,1.2735158897021164,0.017779412561234692,0.595599136829893,0.022190239634065988,0.024035935455509406,6.216227849813222,1.2307563708011497,0.4392507811114086,2.12822740247183,0.9575432007571052,3.3034593018283362,3.808034889454299,1.4875377997520969,0.02233230009805639,3.5682267216663384,5.0
5.175899796719132,5.160157829583271,1.4520682302238106,0.07806325577681912,1.6853571235680125,1.4549128483801552,1.3441467477333304,0.26651671275450495,2.568153743407234,4.142682998965077,8.20609714840009,1.1492593654996228,4.636566621587244,0.08365589708063247,0.5800489798552391,1.9402795300516904,4.617739265107687,3.9447553924812415,1.7349588530509685,2.697395751900893,0.0,1.4734232702791965,4.892497888254913,6.572260625376583,3.739826505306519,0.33559758764193715,1.9237196787493887,0.6660293812130446,0.3306731227091571,2.650098192568422,6.452615201123554,3.7689570846651246,2.717912169644429,1.9610676262677909,5.4815249908431944,2.814365845125088,2.6281669992863237,1.7897709773100579,0.4315694760512761,1.8446266846698078,1.3430666520989463,5.929374411451287,2.201916099981276,4.836429131161648,1.5084793614839331,1.3736760488864923,3.225922701357316,4.508118021302764,2.25806659831133,1.3380535310192614,2.6465083094474253,0.1677432801089365,2.2551985664196894,2.057554246458089,0.5032469541493739,0.3916577542529145,2.7424158867118864,0.8474357493625212,7.490563712749361,1.1366507701601194,0.6731945742162666,0.9609564601736866,2.2921338631425416,0.42760617278189944,0.3415303869973002,1.6196008187201651,0.37206058233216077,1.2783416586216425,2.3809233460968637,1.390062308929076,0.02233230009805639,0.2507190834005546,1.7022142510104408,1.4945180163487668,6.909039811801511,3.3690336800217024,0.18624698614531154,2.711164480636301,1.369494402007409,2.035729468920619,2.0862402758207437,0.22416378734166367,3.8610521567931264,1.9932395858742022,1.1505596765753812,2.2693025041999646,0.5848663178456321,6.224590212313839,1.4389315419345448,2.1522807855134167,5.606504411922522,0.8928961236262115,0.25168879947866285,1.8190141224897234,0.6439485193028281,2.7050932197348923,0.46978180680686443,3.728736843366021,6.258202311122765,4.194260442542674,2.0
4.176913135423055,5.559029807618826,1.0179219079972623,0.0418036876570852,1.5952171936041823,1.048305946782471,1.2476237561962504,0.6880460440299789,2.0105292247964073,5.312959171122341,7.828583983542165,0.6484654430273141,5.475957112406872,0.13894549792384134,1.5175780604820779,2.9671132601139023,6.773698369382557,6.280518392397166,1.4854268271702418,3.7348071512416756,0.0,1.5195922244208193,5.961102363915605,6.905218505246754,4.338966304218053,1.3274574342941534,1.8863550435251561,0.6875086607207278,0.2597846846829784,2.0603933122271383,6.851221830545474,1.431836874536072,3.867511035069413,1.5976026814999267,6.082208664418709,2.34930865579861,1.2733368471502222,2.5268700863568268,0.46800977409283234,2.9470489290405535,1.4811439158432176,6.70084611248052,0.16992500144231237,3.4870489468199257,2.2764668883456283,0.7833309238236754,2.7036323074370703,5.791360879163842,1.3340533441555202,3.3348542693316325,2.178427826242744,0.3600832959133314,4.096557042258569,2.2425415349611373,0.5089356618643954,1.341131828860455,0.9780491557446874,1.6363113984752673,7.521351528822244,0.49947599961550815,0.10299399332332565,3.289037665097852,0.7643461550774537,0.9085823654788138,0.8555113765744018,3.3451976433789845,0.8135246892978104,1.3016461725982411,0.5077185399916812,1.6505348123147783,0.8034750429176553,0.042784398089239506,3.0498921018510083,0.7402799826728833,4.277478971731958,2.8987694527201207,1.0014419741739062,2.6117625600648715,1.1185590712368725,1.704739194999914,2.1401569525541846,0.0,3.5849264328942843,2.7416395601588417,1.2775087281447781,1.4380798919447075,0.5470549218559627,0.561790461653818,1.965802751040426,1.542109438331943,5.841998270295123,2.1571407491492973,1.89464317452094,2.59815078623055,0.19029879162659463,1.445779664750878,2.7916890668980927,0.6584628611741093,4.707541355735322,2.4715776767823376,5.0
8.088515836417326,5.300032180101145,1.4762261325462325,1.140255134034916,4.008890210633433,0.8925076026207425,2.7186794498641738,2.381504882567306,2.744634738572076,5.502457907698083,1.1932671060636035,1.7982994126416534,6.107692053458656,0.4404207207567671,0.6591938949069485,3.5866806887610494,4.451112180780422,4.187941898578461,2.8191776655427683,2.1289532203860064,0.05477903151961949,0.39736488547837867,4.384975377335791,3.101280279276654,8.071573912358659,1.1704378685081076,1.8919634973754136,0.5206485358833348,3.699762602363085,1.3961046743904644,2.6873070903628307,5.322350021483065,4.180505943794759,1.1940870521163025,0.6275134567877689,2.864493226451146,1.7608170662604947,2.762518909674555,0.8075197920698844,3.037241635855932,0.6254575365733072,2.9856825772707083,0.09315448790708296,6.805939871928664,1.8858866867281994,1.7786711741035794,3.1264442997246915,2.951363988152844,2.3339961181964526,0.9423080561561847,4.043694461225978,0.48789790121008875,3.3472829654104066,7.139135878262695,0.7480317955724115,1.2283569542010484,6.015479728279854,0.7652801306537144,5.736575111981262,0.9687174738074497,0.8731832349012795,0.0997664862929298,2.815329493974193,1.5417130663146439,1.2564068537942454,3.7058010086876787,0.6865229378059073,1.7476881535673594,0.40588347292225563,3.2107161457714044,0.01592568999025421,1.9115381975019017,1.706508450568115,0.23069489712191563,6.974470805057805,2.590170835048092,0.8267620157763063,0.4361618393144501,1.541960811586987,1.3508932266692735,2.9353465908154757,0.32768736417604716,4.160702412542971,4.30439421966803,3.855680799971829,3.406903963753375,1.6346397313059688,0.2771516106774926,5.641459326059108,3.8816841944255467,2.804301423419623,0.9412565838532794,2.0655033804179532,0.4909808036743912,3.204657214335002,0.8108954818209675,0.7077014726757015,0.8876032521497245,3.5780208913023093,4.889458940280684,2.0
1.248048998437206,4.594733651691272,0.609944031701695,1.322851124375591,2.5581451589895825,1.1748537955588825,0.1126334169852453,0.18713429147453553,0.7265696776099158,4.982208717616487,8.840756526868715,0.6083361503476613,4.594423144282834,1.552180304176821,1.3439762600675353,1.830701533150441,2.282884555061049,4.0261095247045215,3.5862002828257267,1.6017440509545582,0.0,1.7643036872723528,7.219256628676818,1.659878902773618,6.388676898353368,0.41251057124980467,2.568275371788277,0.15820774762573614,0.7208037820400374,4.054501216182561,6.3814495082398235,0.9319855564142483,1.8533569686021245,1.3612630469908782,1.9916805621431244,0.8435015255368229,1.7343085900969069,1.6091876048704252,0.20814264733772161,0.7666375621360529,0.903809558578697,3.6838873040614413,2.156137697888986,3.6206919696417756,1.9384363588516942,1.7910638830603371,1.3413595898493462,3.6411760598481866,1.984662257934783,1.3948982241567258,0.8138530035828684,0.21101219348551165,1.7795959247587356,1.0030984646806524,0.7851738744226586,1.4834159583257327,1.142282723454798,2.116298210182818,7.679092279106989,0.04292444517384094,0.4482666600639547,0.07340895518534003,1.379066399280904,1.4464679860973255,1.7058894578962704,0.6528765148096225,2.1254527339859477,1.1647862781433398,0.047957107396655034,1.0677763720484927,0.013069150019521303,0.2603870374289375,2.5356797411983685,1.2138138461877488,12.408302245434333,5.134800037645302,1.7751769956962975,1.9078520718459637,2.620985149095337,3.5288713282381208,3.3111543154405667,2.3278023153765295,3.014176730560741,1.6174865664133558,0.5110631574824586,4.069994250158758,0.07737974079701358,1.3202535972434217,0.5154096933859562,1.3641241467206222,5.3082662108863685,1.9418950691405015,0.8018208604961168,1.3144645158393768,0.29018845733752047,3.0109767191829206,2.5909133502559083,0.6546188449611264,0.07806325577681912,1.2720231890610485,4.0
1.962067735839762,5.373202737439296,0.6701151812842945,1.0851526805631384,2.111665691546534,0.9282755616119349,0.08651204657428184,0.11290026153254981,0.12446048627433613,4.462647863956508,8.411464380370974,0.8254600177944167,5.342547634384081,0.008917094736053047,0.8094144442358985,2.012246846894838,2.4891061562887176,5.049635123681313,1.1955365852937652,3.0748479159001674,0.08011185986159819,2.1040346687827576,6.308036806212279,5.489725958259319,4.7026187607448815,0.4430761513626729,2.5336630128230895,0.5815922788360138,0.2796495785570857,3.3373828452348886,5.461616957196068,2.1854542878314924,2.05460540320336,2.0952493170190243,3.7889257918369994,1.3423271731066475,4.178077197205772,1.9753367020625734,0.2848694330960322,1.1129669649581757,2.4019034716079584,6.297235445244187,0.14287084509664236,3.479566874864473,1.495439342951284,0.410232545598205,2.9434337838702502,4.402763099914235,2.520623394596363,3.339066103759419,0.35681991507599453,0.019061365093430198,2.7216570140983096,2.190045886894439,0.20175930745822926,0.3081278441787414,1.4049576035575306,1.5139959793670126,7.307201720076617,0.21809917437014498,0.1889072666425881,0.21983452388537061,1.36429227013537,0.4848083967653062,1.548633902836769,1.6012686357255512,0.7207162425211314,1.1438505153673544,0.06212171190779749,0.8312286931740579,0.0,0.0,0.7101727482796619,0.10272531001108826,9.432979235847725,3.5797594274125433,0.10017031975697704,2.5777792621726827,4.064581109190573,1.4122937713334167,1.5749734027820566,0.0,4.007383900768062,2.5455483453712158,0.8945267702573946,0.8108954818209675,0.3541135924923767,0.2811937749526341,0.13737236369339767,2.867540687104167,6.053237349498789,0.561497221019815,0.16324108516354305,2.154226736001853,1.8949923309695147,3.850519416323661,1.144046369616707,3.8881295164323055,0.12128069979272926,0.4674881735083557,1.0
1.7130798989198626,6.48842342370797,0.4248146208903739,0.0,1.90977310414164,1.2397035354884782,0.3827225803529897,0.203890227146661,0.05575096411845322,3.861637817224336,4.084506532735096,0.22255729134872834,5.515930020440457,0.08637616759693734,0.7840851427347569,3.2604020930257933,3.219493816358861,0.20951575109266346,1.111298453402541,4.921912326402977,0.0,0.049073096654305606,6.202374620319049,5.047280990961977,5.924335088484654,1.0657790853618698,1.5228592551916975,1.86738253587587,0.16671544496642232,2.0160327002911442,3.190456834573665,2.214435697508105,2.4392507811114084,1.1136338296464332,0.36356359379718917,4.310500088007769,4.574053054041764,3.588600714385204,0.675093273820292,1.4252444421481008,5.732176924858718,2.663116867366103,0.11928976837475146,4.442890430227621,0.2727398781174608,1.5157629055412003,2.808632172109402,3.505306621526817,2.3777900953362705,4.850549419651988,1.0469100828635165,0.07628544280891579,5.785744083777871,0.20551763289270666,0.1190241031422746,0.5842890858930574,0.0,2.9004514451858574,9.348894762611284,0.03393391144193176,0.015212085068503288,0.058108649401173953,1.5602258223996497,0.05561215668669251,0.15146919750307983,1.4325853267344506,1.9950140964714038,0.8701082176641779,0.0,2.843481425432457,0.0,0.42889276178591573,1.6314768431454776,1.7703639265088384,7.697101012804571,1.0256667003884758,0.6678467210526388,1.6607004831152343,0.6467156610773543,0.8936728518892335,1.4390379628427103,0.679513879286544,2.9239668246261576,4.575596726592796,0.17095055331836756,0.7420924680812482,0.37317489075311644,7.304756520017263,0.031112840850249287,1.5886606740313172,4.973032612141426,1.624522057976862,1.5960287021273614,1.2753646961504366,0.03843618165610792,5.528236859894108,0.485220713155906,2.767442933189475,0.0,5.550232709650547,5.0
4.753903997051341,5.083400608551641,1.1161651079554986,0.0,2.1562024319226447,0.9900835361724769,2.5970305240302465,0.5546379638643585,3.939000845069513,4.91909214262461,7.3011678358938825,1.8037643299403872,5.30536501634033,0.16671544496642232,0.6343144598564479,1.7931051480588778,3.700783704407956,4.377672118951405,1.928351371235498,1.9188823141076854,0.0,0.9667995846272036,7.068241936345983,4.828722965726196,5.566933851884352,0.3260770849231309,2.5394814423081504,1.3687683490903348,3.4483195283066594,3.112082894180106,4.641054643015532,2.2966923309469855,2.299742861396403,1.7228157263370354,3.1603393800782484,1.8715282708622232,3.12227513613536,2.203326466404494,0.2154922299909805,2.7411433549553164,1.0745739387753086,4.99812327631197,0.8701082176641779,4.687150293944772,1.8248493015168765,1.8770374506986984,2.6695710760389657,2.7033886781627166,1.6216182134573858,1.7973035633978975,3.9082460919634303,0.3716146178646564,3.3147255242601386,1.2553798740513156,0.40304952889652446,3.189460874841852,2.8568064618745406,0.4739427298465735,5.630786947711257,0.9700437512622444,1.0174943794592726,0.19396093689782176,1.8840899091335332,1.6918914445250106,1.8027308955321566,1.1924466937350469,1.7384652173397763,1.8334568566330924,3.6999624400733806,1.9933845257252234,0.0,0.702480242783475,0.4551233378816796,1.4000460178755287,9.657020589406901,3.8352369129930444,0.18421680809224125,1.272501021322066,2.010171129321751,3.648661010438875,2.5997700529315373,1.7587295684578625,3.124625908291979,3.109026176498367,2.385127279946185,1.1923204350344987,0.5717253438910005,0.8157393621666396,1.1865639435561015,3.464446095769757,4.679947316285715,0.7201033171159711,0.3453963753912677,1.6101330764560622,0.4391443759012787,6.320620059713555,0.4421207592989141,3.3102383139426568,1.5240636757772108,3.2869846160581577,2.0
6.207086575175579,6.096301917992282,0.22958792274065168,1.3236006512395497,3.524590293765844,0.6408059957084408,0.5378427213213803,0.2228045610452611,3.738627342802009,5.424683634269228,6.5258746859936165,1.1008431244331118,4.719889826594502,0.024035935455509406,1.4933911508899436,2.463099267348104,1.6993739497787437,3.345339597609687,1.5199947199884556,2.470640980057601,0.0,1.714047648777767,6.054631448782967,3.2410469407704965,4.897617994328659,0.6933196788115746,2.093627779781801,0.46550436962950564,0.18180225515894124,1.7888944791604415,1.7434718825913933,3.762880292916999,2.5022287488414667,0.5276709162640892,1.9888119109612443,1.5943096729804087,5.183014008060021,1.805044761370403,0.8605258522621947,0.96266006637552,1.0102785672972665,3.671599091783296,1.2583983182038834,5.243311104405847,1.7377732772589396,1.191688975733969,2.2210727825150633,4.067957024533031,1.5969351423872322,1.633663696866632,1.3894566781666653,0.18459768415576083,4.244377155903578,4.325983576012065,0.3682654829374926,0.8350347444355339,4.721077308806054,1.019346088804812,7.759952745292298,0.0922074380970889,1.3594649458308157,0.08011185986159819,2.463099267348104,1.2341947229538122,1.6939886772195232,0.888616627068146,1.8349943073241617,0.639510023175194,0.4391443759012787,1.0,0.0,0.7150147499108935,1.089023502030449,0.9191493632876745,7.106507456140113,4.3124618809491535,0.017636903049498446,2.646162657157894,1.7510780368464391,1.9307373375628862,0.9816334930937262,0.8970854969834895,3.6877885728383455,1.6530600171045644,2.3938280264529954,2.142250042999464,1.6506267154260903,1.0096338193972687,1.8672243673088058,3.4127679788425684,5.580070090781133,0.7314439460347151,0.685805625154268,1.6855365409343537,0.5610083541380781,3.0265168030642227,0.3560310952722207,0.7579619733129185,0.8410069745476012,3.1501372040137317,2.0
0.21723071622066914,4.252082560527739,0.24427819857814406,0.6355222414597538,4.081100976681926,0.7713785394845297,0.0578314745605733,0.07505336460450727,1.2692725780450138,5.310187407913712,4.102683323723077,0.3377681709216305,5.378667675575187,1.8935563693054323,1.2303260000286917,1.7499632581692675,3.0929516009913534,2.8807834645735335,3.3551854523096787,2.217168663486584,0.07189993156563308,0.05436228844968911,5.5773653782722175,1.5833746627050742,5.300585020292542,0.8767232065151669,2.0019823431324264,1.41662359163287,1.3404483300719325,3.674822183961822,5.440872488919371,0.6157929308744305,2.0897693086335085,1.1796384349381324,1.7714207995440223,2.160920188181103,1.0116387562468936,2.327284962831171,0.22675512326982003,0.646623508476583,1.9904466518877886,2.709687653120045,0.14769744361387158,4.813211695186289,1.383883970247947,1.7231216459506264,0.908121170406138,3.6529797377224766,2.423389922628213,1.440845918237266,0.8008274398743962,2.992333381750935,4.778728988388624,0.10889240163240911,0.27130614379733703,1.8586971900383338,0.019915367707685924,2.612847860892545,5.978422177262927,0.008773707066016134,0.3222743001542052,0.02998286621571431,1.524916199072092,2.5938079034035812,2.3732305835879934,0.1802751896118795,1.5797111630216287,1.1789376800417117,0.06818925877896807,0.8403625186584374,0.020911065581689963,0.6803243568440164,4.6101035398460395,1.299420514006707,10.48162226187204,3.0852886748169874,1.037733627446515,0.7878503341912997,1.8624712288659342,3.4999989162308918,6.319610709146809,0.8353582005303565,4.14349138017309,1.2970152884144717,0.07436842178155338,3.310718196784404,0.15198866642250583,1.5907696674564646,0.07833657112117902,0.3264222961010625,5.131708826026433,0.7629015479359811,0.08854869701023801,0.35681991507599453,1.4029949753792508,5.898002722364579,0.14938944935894988,1.882838655767251,0.031959741397545,2.1450252422365663,5.0
1.5045695476295111,4.499335672660881,1.4714476163773915,1.1530919172216474,3.3728546152238033,1.001369909684724,0.14561224716647592,2.147241564351023,5.7873619370722125,5.515302451154664,7.57997207315556,2.4198894103409145,4.776635686430873,0.5175276703372659,0.8800193615537956,2.8876422412731886,3.624884627921313,6.0589679859350465,2.154097087596573,2.6544126261932672,0.0,1.2047041594903314,6.545770726110136,5.40040813583924,6.243120655145893,0.8841680764480968,1.9486382225284193,1.0043935231526153,2.856607293637313,2.7515494147916058,7.831701832650196,2.7824505031271376,1.9694912838217526,0.8977051115486112,1.5138444278105005,2.4030768048816062,1.8401207734615321,1.492519787969485,0.8409264333031481,1.6470842126289538,1.02828624307911,4.251340382788616,0.7745024451096594,5.355629476669244,1.7237332906382583,1.944858445807539,2.759241071757278,3.18032293488486,1.9266067412513164,0.8353582005303565,0.955610389056505,0.31429048398799614,2.732876979077496,1.5562086717395853,1.0670879648011469,1.7524060712153804,1.219338922698467,1.0025945167084522,6.088885739880366,0.8675802222025045,0.2539892662307867,0.14456851766471157,2.1681285295769492,1.1169635371826598,2.0261272348503065,1.4416959374345697,2.2098276379522757,1.4706149520207434,0.0604624879861069,1.817909721701353,0.024603367140657025,0.29842371193103795,2.927896453728821,1.624522057976862,10.405760327413661,3.196685722961627,1.1697326292784311,0.696795087799139,1.5275207945136315,1.1601457254045793,2.180211526789863,0.410232545598205,4.669236576182231,1.598793947930046,2.6832023729663677,2.475785302215132,1.3949530846963614,1.7361285882873148,2.5378427213213803,3.349789870241872,4.23342794374847,0.9419326183002421,1.1399933019033646,1.8184824794950725,1.0759433043955475,1.7054471576166121,1.8396774686980744,3.348827280791541,0.09234276899544701,2.822485429798357,1.0
3.2169514578965615,4.788299409141688,0.2714256760929345,0.5911049050647789,2.3736203732457373,1.331475926123189,0.4205093504889033,0.5549326018804729,0.2566483898806774,3.918271730296053,6.722475587758795,4.0695646950933595,6.081906264861902,0.127501219215837,1.962734090595803,1.4234168167540797,1.5431989001933328,4.891137231019404,1.4323180669495237,1.6873294884600791,0.05297227481398869,1.6930519925614536,5.7564255567237375,6.845814934374606,4.184343777952908,0.3589588258323293,1.6253172534479179,3.2958111702203245,0.17440641852974909,3.114117113866543,7.535999264567654,3.569807011468987,2.048201303823015,1.541167876915031,6.747082553808057,1.5057893279100705,5.425593577653059,2.6842128130328864,0.48109223690635056,0.786679993961836,1.994905515667733,1.834872989189161,0.6867022102560776,4.5610694715583655,2.1671330913129987,0.5123786080755456,2.021017706749709,5.141485926384172,2.079258628320879,2.277211136394535,1.0499095224430584,1.1277653281485451,4.149543908709094,0.787933893604076,0.4513298201403328,1.3555237689783648,1.4055023045535386,3.550999138763864,8.354780954046392,0.9048116175259127,0.23290630100683052,1.055056793368935,1.4425454561053042,0.33514020631421343,2.6703191678581075,0.09085343045111348,0.2748878115775829,1.7888109753668842,1.2191530283516976,1.0583164955908229,0.13251103979919546,0.1424787906422466,4.285949599278818,0.27679440478925943,10.4626340620353,4.244765307569313,0.33651191551276205,0.8558302746837658,3.373300196608388,5.027392947118926,2.444242994222485,0.0,3.139780528301019,1.8919634973754136,0.4404207207567671,0.5887086399540509,0.5542450195500979,2.3353403284877134,0.5598343973030645,3.8722870317144333,6.208290943071098,0.6554434253898864,0.3256166748216045,0.5342608559316745,0.5311693297586841,0.40892919984286946,0.23032600002869183,1.3907227072046042,5.074882159382702,3.2651067907849973,5.0
3.3202824843644296,5.001054585212907,0.8343067029629078,0.0,1.787975671495656,1.0470497300459787,0.2514464315585819,0.39736488547837867,0.2834477083779797,3.892789290779547,7.361520111714491,0.14756720709463242,5.743889218836574,0.04306447866493742,0.845750966973989,2.1991854757951437,3.775408799636964,1.2053299489687341,0.7461407508009688,1.9084286501687873,0.0,0.11356715704707816,4.186397549598077,5.652793357647392,6.519986859821985,1.488515008957812,1.7855087035604282,2.7574073449394643,1.619741658769175,0.5289713174983675,1.053806443695794,1.840966704487421,1.8081790837714706,1.2453739626181626,6.691626284532962,1.5351073764735255,3.992695931709089,2.246286463992149,0.5914879383979433,1.0553345017510993,0.42384705459843397,2.893226284235789,1.1633055012571796,4.433253259670855,3.509125744436649,0.37473347803121404,0.8272499622434906,4.646986325305571,1.8170911016317879,1.9157503369866802,1.1449600047208581,0.11663091203630645,1.3863695190868748,2.324465006331542,0.17542879082225651,2.045862297908688,1.6480512127404405,0.42556672407525103,7.571453836295576,0.5813994567238732,0.23584957650756347,0.3306731227091571,1.3131297348378517,2.783582373940371,0.09044698023265137,1.4534385613487601,0.9680538775793595,1.3173040683619148,0.37428833916903126,0.7952682342759377,0.06722567253197158,0.3337671916582242,0.28238049463860565,0.17376706773670667,11.44961254481133,3.7691793088133974,0.39517250599577874,2.0205910947732466,2.8668090922977667,5.6444735311505925,1.9640289000020603,3.8716958238213572,4.324623415273969,1.6485574780527603,0.3452828175935084,1.3510628989403852,0.5285713188707577,2.952445398860024,1.0280740248275975,1.483312761255525,5.392939021711467,2.5233361252460016,0.15237814540103928,2.121910589060549,1.4762261325462325,5.00471261249465,0.5388361077414655,0.6000794117921392,0.1738949605643145,1.983166915779335,4.0
4.614939479334909,6.552267930259491,0.20401547739988798,1.6128714453238722,1.246651302999629,1.2600256559614555,0.2983063958064855,0.0615688492680028,0.21772704203304308,4.128161400914489,7.562056159504268,0.890485605035531,7.186595635467595,0.02389404265570102,1.3113287259955804,2.396132081992142,5.253724596638069,1.3877485314468259,0.858697190038334,2.986574765134032,0.0,0.9218171398466213,6.734057889645864,5.209562538420153,3.6199294241160778,0.49733133523027473,1.5182329722534833,4.618796593415269,0.2567691427613412,3.0468402542029724,5.394020171687376,4.46789243040228,2.795829274850836,3.490942308024875,5.299764837004987,2.7954968326998118,4.946309778741916,2.8497391106928744,1.306145559308774,0.6803243568440164,2.198557014798584,4.940505062743985,4.306699707272787,4.396022448461236,2.133760781404092,0.49364733397521016,1.3199069066680056,6.630425858259481,1.2636354035683293,2.6653472881357607,1.589475877911847,0.012783184698289592,6.222736952447373,1.4645637200965624,0.4857359429892059,0.8709761940324043,2.0104934192484523,2.872454496580228,8.678237439236037,0.8954577414926829,0.22774107583912812,0.20601800402089562,1.8879541163339082,0.48078212440398027,0.12300395405481979,0.37729036453677733,0.45407058313495846,1.4857359429892059,1.7527057808300928,1.4921608384470721,0.0,2.1956310694966623,2.018028770338772,0.8696345558133933,13.609181104917274,3.411399127143754,0.6439485193028281,4.909984261614854,3.438292851579147,3.875563839162344,1.810114012562429,0.4213714330008943,3.4430098251304067,3.476576107760358,0.6251769566805122,0.8997170230022776,1.199939267796037,2.601197309926925,4.584800188398817,0.5203468115194013,6.778003514060606,1.9551639876169506,0.24610400988391654,2.3330515620039267,1.8000819252384512,2.3088850574117634,0.1928254035523912,2.680301849725538,0.9682751102387073,3.7799845634374134,3.0
3.5412298406326568,4.682517116540278,1.5395806989329497,1.3938554773390288,2.257734802128645,1.1880843705611528,0.2513252323279575,0.40261304298717004,2.9049464569394097,5.039397248442944,7.751544728552999,1.488000770834068,5.9756026746714275,0.08351974882017292,1.1828194016122056,1.8642554914187404,2.8475560157084794,2.2558934553044776,2.517326092156012,2.6562675347942895,0.0,2.157658180296361,6.500919936307384,1.97066962537909,6.996760445638223,0.2076430126865326,1.6245688463159307,2.001117655621055,1.4059379173263185,2.461659517131106,4.058844636588281,1.5841447418110723,1.7346987830392882,1.4226097748111886,0.45501809696972506,2.5252921521958953,4.529152530371116,2.463674765368456,0.3422133734583227,1.3699968400648428,1.8240753562515621,4.293554414625707,0.8946819738550794,5.15870864133109,0.9105024262387985,1.370331701584541,2.331217930883954,3.5781416906928873,1.3879690511523857,1.5243646238798676,1.10010302202911,0.2470768319308177,4.664090255575208,0.5606171413254607,0.16349873228287956,0.269033146455237,1.070801467600211,1.781695428943351,5.80423946129876,0.15962918582122781,0.5684213123114795,0.10929368902294001,1.9468057061905397,1.7757248359088587,1.8953801834978312,0.550999138763864,1.0104934192484525,1.8534767423737661,0.4218022811572662,0.7420924680812482,0.0,0.5594428659780781,0.5053828490623046,0.2772706596556423,10.34553986240336,3.917546326224484,0.7614554928227204,1.3364547869942964,1.0492822485682034,2.0547443075280207,3.013247849565275,3.7281382034189274,3.0769865729980435,1.4324784287616033,0.8357624186946913,1.2623730190273292,0.3241193264351021,4.232146513194937,0.7491480671235966,0.4593266915460194,5.744424847791571,0.6509483302197416,0.5624744580963247,1.8337401943708687,0.91586504142251,5.382992272060739,0.8731044701240976,0.4963089448247282,0.05102400302446689,1.6284003355919463,5.0
2.3133909848333944,5.780323223938558,1.0225453645690012,0.5110631574824586,2.092579567525464,1.6034542497610356,0.7343953087601667,0.3700526557159143,0.23670690199535252,6.798029771339583,2.3727292706597236,0.9732071541134557,6.635259576937846,0.09868904409132834,0.6335707067579346,3.8768214151755194,3.068825561070386,3.0777728014778485,1.1938348106538383,3.248140105469531,0.04460395064976797,2.531867995605555,6.402080897173606,1.3874728344059348,8.21971160743639,0.4846021943722032,2.094506338681492,1.625036646268437,0.6963499901369873,1.2331518034392936,5.078123047933028,2.5028906640282726,3.359956836773845,1.9636220851094077,0.23915359984436965,3.9818983074737253,3.315841527532052,4.112775184296408,1.2349304477791854,1.8488782842419547,1.077858235283228,2.935535180868018,0.18713429147453553,5.532647357266888,0.818523382066298,0.6382128854234063,1.3750116200901237,1.7203222489404333,2.3626662558482545,1.4029404197990334,3.9957558466608143,1.3455099242513389,3.1703096688331764,4.347538103949674,0.16568687702987556,0.539729571067321,2.0748479159001674,2.7429116545048506,9.069021661869444,0.031959741397545,0.6181446658862524,0.38261192301518754,1.0824982271171606,1.4299104983189934,2.650098192568422,2.1276662929646455,1.1880210514169482,1.8715676968386112,1.943583814552674,3.2529756967727974,0.0,0.30975827142463525,0.6251769566805122,0.6219932316661233,9.450080007829754,4.670455142885625,0.23744134713639115,0.6835617216302566,0.6910874409518938,4.046525983398569,2.7899795888813235,0.6052098440811416,2.10134752211241,3.353760832891992,0.13606010688026618,0.4205093504889033,0.24573903242928485,1.8485979042894856,3.7120894828314146,3.173479267415064,5.882237081440307,1.5822669533505123,0.8783722253834295,0.5406224814123666,1.1300742212283437,5.739710413780524,1.0360461001568595,2.433840784963111,0.6331986863740039,4.331189261898094,5.0
9.69183353216015,6.938088148888896,0.03787416566112011,0.0,3.55850030804074,1.0990931792191092,1.6592395722183197,1.1230701919759483,3.6211844770977275,5.055052453751279,2.1447642744719353,1.6484654430273142,6.303742397546037,0.20526738223450958,3.0663475604625026,2.650534812314778,1.8352369129930441,6.841546736522857,1.1612427583425113,4.642083471592644,0.5833265191100258,0.8523984202865528,6.481274719879321,5.268640242908385,5.011772915924947,1.429214229839585,2.1654296204241854,0.7201908938325967,0.22909566135537973,3.00417776078911,5.68546085195392,4.6799360598289255,4.0936277797818015,1.46341320381782,4.221281633893529,1.913913824633165,1.9764736209969769,3.2174323691757,2.1465574752417633,2.281876258041914,2.049630767724601,3.582363309673199,0.444561060372784,6.672056134531007,1.358452528216714,1.7084079834835963,2.776777790428054,5.618203410172075,3.080180096590517,1.9107710309416481,4.347849878679277,0.5586594844121585,4.938793892433945,4.587004872357175,1.7505636306460504,4.711059829953052,4.176562138021244,1.519290279036526,6.5118048270008,0.41066673265765213,1.2575537902247393,0.24159615530954037,3.8743445161456376,1.385872751779508,1.2401921912502571,3.698040631202383,1.169347807979567,1.2420841705500127,1.4100696917563798,1.918500729509373,0.1920678844796504,3.03855909347574,2.175205208783747,0.4763298377571378,6.137429747685371,2.7374920817779858,0.10205338272918787,1.2806594324551985,2.2662468343386197,3.5938318011506376,1.7455815583333898,0.03590538374212795,2.87744979234192,4.733169924198278,3.0489336451979225,1.5405728897776612,1.2313095160725012,1.7603912915434128,3.0751903141552193,6.433026197167134,5.084931662555676,1.1412365815256944,3.4755129573505004,2.973317380269363,0.41066673265765213,2.1859616649255056,0.08283881472489178,3.74385960540508,3.983084809440492,5.619539196874976,3.0
2.555128993800309,5.057913766399402,0.4513298201403328,0.33147592612318894,2.7169250665134532,1.2617714950689447,0.7329203821082574,0.3538878362849074,0.39604985762503087,5.77222878504497,4.517565463110875,0.2950176651512979,4.191633709892986,0.21350281998391651,2.472305798450038,2.251749385097187,2.1882110005130366,2.457830650709168,1.6215244436714578,1.8444660013660956,0.0,1.4330662696176155,4.435655260996776,0.4139189771388196,7.590141635613139,0.5851548472371252,1.9609194029053827,1.7785450258028048,0.9270620655539404,2.581736878509478,3.0282862430791098,1.633384708557343,2.8301944667940977,0.639510023175194,0.3953918939282104,2.931134615263008,4.820030855145177,2.1327413367173778,2.1922888686327804,1.939414661300718,2.0825322894963874,2.7005506904145893,1.208392399790676,4.4307536044348685,0.8501593277055707,1.1646575752536616,1.0062621131848415,3.9146314905423703,3.314638526699882,1.242511048510909,0.9231872207101692,0.16156525639703184,6.498699246192151,0.722640885999805,0.08814159686901755,1.5180818651529642,1.8806855252611245,0.5042644413492393,7.726334660343434,0.15510155812570256,0.5924450770523623,0.05561215668669251,0.9897203290406049,1.2683745046189085,1.4096353249499256,0.20739313045833557,1.9900472195737944,0.7026575433909108,0.46863544596713697,1.7432995278882566,0.48532377384394415,0.20714320494174884,1.6032643277543912,3.557875677239934,9.911393336155951,3.446573852546897,0.9989897598460581,0.5906259703457475,0.12075005333492556,2.477081477678668,4.442837362654567,2.3045694493337314,1.8803720747743775,2.233612007928471,0.45943161863729726,3.7410678305040443,0.4253518774567023,4.023459409122826,0.6759062378945231,0.4918017995940514,6.340478595984388,0.8080142890895976,0.5256680073752782,1.9356860351621785,0.2076430126865326,6.876750214563218,0.7378597879201287,3.038576651452323,0.019915367707685924,4.145131246908224,5.0
4.660432379849809,5.55736719959127,0.058108649401173953,0.22057760659089906,4.183597669949177,1.6984407561758417,0.0874628412503394,0.2567691427613412,0.17747136444495093,5.43774707957077,8.53477909750587,1.093627779781801,3.404426322004523,0.15055967657538138,2.062432604063055,2.757193969546637,0.9055819587663902,1.313013608541585,0.6240540911101006,3.144389050587871,0.13435238662336282,0.9779759131991259,5.802294046942601,1.7222036924327486,6.087339782601629,2.896252470637731,2.452279135134776,0.28321061798453095,0.547252389012155,2.172743516760187,1.6531517595001242,1.8008688460605478,2.457279086471519,0.7509494524905951,0.6182386555954549,0.8399595874895318,2.803123687816316,2.3959676285713902,0.6188964121630878,0.8640177172046234,1.5634022205888038,2.6027656634991336,0.5071095937817728,3.9651101000371893,1.5963627200648611,0.5432979013970696,1.7933549005118323,7.179893170533548,1.2579761160107648,3.5371096603406773,1.7286606666214828,0.33959350096539836,4.016656768899667,1.2614706390127821,0.5191392826429724,2.0799753767205957,1.5814476646680373,1.2781037275514422,9.066094304479638,0.0,0.4802651220544629,0.08447251693690148,3.3091907424398084,2.669956505117518,1.4383460865763258,1.4664444062504927,0.4634132038178201,0.5342608559316745,0.08106688049188852,1.0732718364245193,0.03969991772095141,0.7165080867687457,2.8521786632366464,1.6485114612739453,9.986329866711227,0.8220366720233137,0.4322111491712192,1.135469201674017,4.470445758334232,1.1263782165402494,4.60265284648723,1.5732290861473293,3.181881745554783,2.4667576157261712,0.21188440194030453,2.493083671127294,1.8940610592593583,1.0952493170190245,0.32883646422954,1.4129982519758895,6.956491161671536,1.5197934862411002,0.1826922975161903,0.708054771328352,0.07423139418579203,7.017043333135979,0.04935195913529153,1.53555533339931,0.9091970629916876,2.9380787366422934,2.0
0.2251515118412731,6.089548996807784,1.6305918541504836,0.05102400302446689,2.068739590672305,0.8751509580586768,0.04530316795657215,0.10527578341568686,0.07642227545860236,3.2000962582355847,8.769990533168553,0.41218535915670673,5.643925437474756,3.2631095442437945,1.1511444344193213,2.253838032409076,2.3833586953851102,0.2936059109417125,3.806973587975431,1.3681537110961903,0.0,2.172775513722627,5.807857201635383,0.13671638448831194,4.301477903962753,0.27572225616074836,3.065365508185347,0.2645964794908822,0.4478436443620853,3.978699020448199,7.258833584845395,2.3572704756795595,1.4625235396671958,1.6456555506179849,4.691506248723399,2.487975054115721,3.469404129422696,2.720431702395173,0.3035761996966407,1.138355773588708,1.0775848292956018,2.4777809285161894,1.4894401759258529,2.8448074319972108,1.1690912034093872,0.0043216059500934675,2.3819478006891024,1.611172380044005,0.8262739042206556,1.1479578813871014,0.8969305517528724,0.8215469588343315,3.059805184317237,0.0,0.21138606167942933,4.717528376454453,0.04110277181912811,1.0033863559344667,7.634204083236296,0.018064389360361564,0.18358179111782255,0.03125402547050081,0.6025518974716599,2.33199177823206,1.3630028229886795,0.3628906426658603,1.9837506483549252,1.7049162182267246,0.8467139406714768,2.197456548870451,0.2507190834005546,0.07765318565016138,3.275081564947312,2.7801630920591047,9.817882868099744,4.581718804342865,1.780436093108421,0.7113186888605822,5.746030542512396,0.9179281633071166,4.933454611914913,2.5762076856230056,3.7639745193897194,0.6383982622358539,0.2811937749526341,0.9380222618731112,0.2558028366027179,1.0642620557364,0.01663894211378915,0.05338941954463493,0.2990101494989229,0.6406209280356978,0.18485154568041529,0.019061365093430198,0.0,1.3968171028690377,3.9195498443955747,0.3592962588921973,1.47040671081933,3.362329610171569,4.0
6.541276311674435,6.1031702895569495,0.6432097175758189,0.27118660159725294,2.511822217659331,1.6035017263563798,1.463308565918163,1.3648525400612033,1.0899048684213355,4.474254315832642,7.476258541225438,0.8280628397953593,6.21293696914091,0.5552271797356849,0.9940003576938746,2.519063778519397,2.6854692620367318,5.8798356225934745,1.6207271543221309,3.0422415871926756,0.0,1.1729994725917623,5.7763777582349425,6.325969189487789,5.919580829371537,0.8494388807288565,1.9530044313159238,1.1673579277385142,0.2926639733968575,3.048044325151084,7.362817896075535,4.95285071898365,3.3575238541963053,1.5499648251521898,4.952869351653779,2.2645664555573743,2.513162248725733,2.409255146684838,1.190678065617533,2.335225976359177,1.7265696776099158,6.081559066086758,2.7633690791448626,5.393663310167131,2.558634996882715,1.2414131070264949,2.5305951724479883,5.84843766270535,2.8382256999809616,3.080265387963289,3.6176863783457383,0.2912499129642299,5.2253520607761015,3.4468120236583495,1.1219437335104012,3.6019104092795438,4.591511874605018,0.7653650075498053,8.078516439882398,0.42513699883835915,0.6732850451685986,0.26014612650896735,2.07268893625628,1.0162110331559169,0.45164632788394504,2.273396530469742,0.20301317077449998,1.6401118694905907,1.4543864902288575,1.9210173247319913,0.0,0.8854181778344232,3.5280211396115537,0.17683337078449007,7.902913499563362,3.265526911650194,0.3468718139442494,1.3035177519464802,1.5522294984223337,4.381525647392167,2.2393980415665555,0.18764107818068257,3.3054306857559994,4.522099702466372,0.7782085763980875,0.5789870033325797,1.0758748669751277,0.4100154030570231,3.153221655984405,3.425526442771319,4.879769470838861,0.9930583905811531,0.26267368698183613,4.026153799661357,1.0274371827068511,6.9696409313114085,1.2940766491923654,3.3241913499108917,4.115149799471446,3.72159139877538,2.0
6.240821854973821,4.956107777941594,1.7956838408356894,4.082183111978359,2.7302051800404086,1.8201993898109712,1.0541538717627081,0.5197431734181728,1.892196710465485,5.367399024583829,2.613107268434535,0.49886356361895196,6.596909805578287,0.31138685816203876,2.01292617444427,2.0184917490398795,2.7571726302715436,3.298321060843775,1.8241568437288291,4.225035797850128,0.04446406651324603,1.3417580850787212,6.216165753928246,1.8594130295859477,7.824667308965655,0.5771508369744686,1.604356038015255,0.5191392826429724,1.4585919881518556,2.590362488463746,5.893607331593075,3.932684843336387,2.978817978060185,1.1244604862743361,0.046281503211910255,3.666915620368217,3.1645288608813686,3.1622906135458,0.33032892730232594,0.9556847758693234,0.8443053001639366,3.2746493101650893,0.5826523400339552,6.143799507292691,3.0939488537203186,0.8087557169641888,0.7449360668127759,2.829281297997531,2.5131117041074016,1.0487244427361562,0.8596515638598337,1.3745665670527334,2.498378534006462,5.1904015215115376,0.24257202076715226,0.7759354883017874,4.632716079516754,2.512403893451286,7.465878988878973,0.24610400988391654,0.26267368698183613,0.22317538614456242,1.9796229717632146,1.7983408914462187,0.7890197257891622,2.640273862148721,0.5524754444910331,2.174214643040503,0.6057787675354639,2.489979582800264,0.025595835882683472,0.6648468815073885,0.8464732574999096,0.1437852247086015,4.503266038637239,5.218699810506631,0.10379974315766799,0.6213368858135637,0.7952682342759377,0.2710670494910409,2.8318772411916733,1.552721348638774,2.069633432499137,4.183907272233899,0.9811219897943106,1.2209490044667792,0.48789790121008875,1.150754622192986,3.560286972978906,3.8977341494529503,6.45361799151006,1.0417336113952187,0.5032469541493739,2.847355566228367,2.309438154317758,3.467657714384336,0.6536103839884858,2.7465062594905656,2.404167421637106,2.3585650541539747,5.0
2.295340997680177,5.613929400025411,1.3080695805420033,0.7610299065070913,2.690439445398709,1.7313135996923334,0.37717928973663867,0.4092551466848378,0.19799116573513395,4.349075067399036,7.563328235112947,0.4068631579765398,5.25063950744395,0.028993411879548688,0.3663641829456452,2.1923204350344987,3.6572512711336067,0.45995613965412346,2.4573841625852504,5.011110940436655,0.0,1.106214296090968,6.372194693118461,0.8941386881996707,5.894449162196864,0.8229340480283714,1.8360048952420933,0.7585590270496744,0.3969266760313498,1.6301258523243807,3.6160518094580274,1.9238337513381085,2.286437628276274,1.2804812743006235,0.22700167458903733,3.8427174138817155,5.560366464857172,2.5649634206095544,0.3392514274508402,1.636821799556406,3.237012966243459,4.00434857532116,1.1826287412686463,4.9882165869370265,0.4513298201403328,0.9538984329190563,2.552426258631427,4.375824877929649,1.2912499129642299,1.8668684246183482,1.2716647109772339,0.11063050809643417,3.2590163200070013,0.30847737659496083,0.876251711862823,1.2312480659589407,1.3640120535586147,0.42782068397713346,7.647898723034035,0.2083923997906761,0.6563590734536827,0.14482952083880904,2.1979597231677417,1.3042773880656753,1.738594919167061,1.1153662366097818,0.8934398773161172,0.7896875242346396,0.9258475479270087,1.203639694013985,0.038014690186715924,1.0701832138770622,0.764006377628665,2.992152072600266,9.747442117363114,1.442120759298914,0.03520159571856608,2.0786439890042216,0.8740493637552257,1.758772200660135,1.572647178287917,1.5561596129946722,3.22746384477705,4.8081739342225855,0.7378597879201287,1.1580784564986266,0.9447085476266269,1.9892116853884942,0.9992784720825406,2.8831320156572824,6.382985357518483,0.6912661471382847,0.5831339286624178,0.03322916078511099,0.07107616201095888,7.013946798899943,0.39550157538497704,0.6160753415714053,0.19307782154636707,4.0314569541591885,5.0
1.8847151290960331,5.7327087799988385,0.7277026728372383,0.0,2.9658950793867644,0.907506014212663,0.7078781328168502,0.17466207953358823,0.3252712707959596,5.299010149498923,3.6419274605218828,0.3144065075548196,4.570972884589369,0.08351974882017292,1.561155031597246,1.5796146293955715,2.8835230694079694,1.619084287543076,1.2215059220729574,4.100473120690167,0.3213509014246168,1.8614790175498899,5.947481483751663,1.1414981881343063,4.983677694698067,1.3964335312509923,2.329094885656815,0.2772706596556423,0.7161568524296064,2.418567779299712,3.7651315840689024,1.6840556799402653,2.3170724775369713,0.8409264333031481,0.7232527345010678,4.188068541035635,2.7271144979126456,2.283418074209505,0.4094724036750667,2.8386896182510384,5.486160869124786,4.015444045387001,1.4767445840704407,5.218742426795576,1.113500481366378,0.7516351033278998,2.491057791892005,0.6551686176095917,1.6481893027181376,0.9550151564370706,0.5724046473903317,0.506500390433616,7.284068959685892,0.2414741257014415,0.35884633060509863,2.987357251221771,2.8336390087094823,1.5743921982054017,5.499979788475098,0.012211083950874365,0.33113192221720217,0.05199846779700237,0.6903723947612379,0.8281441023656281,1.8665519573747673,0.24573903242928485,1.0120680233090904,2.08820945487053,1.8403222306052398,0.7137837813712902,0.014640946881753174,1.192194165283345,0.3642362311739968,3.248048998437206,8.802306327038218,2.420347652652907,0.040261223064434574,0.47549998726495085,5.728165419715199,0.3939652756602426,5.524007241018318,5.666381669657764,2.857224625695452,1.7495771724600009,0.6068212115293052,0.6738277517734518,0.1921941652833451,2.430766983099973,2.7609447741764446,2.0244260687121374,6.615603155133479,0.8858866867281993,1.0592168165537987,0.8625902483801616,0.7437303760446288,5.62439630679625,0.9922608608249446,2.522557992870437,0.39253724527513084,3.985782748300348,4.0
2.6765607926306867,4.059190853625092,2.2173858363800454,0.022474346574899225,2.6444100783306284,1.2532631992598056,0.34118877247874047,0.3227357779800957,2.6799642008062254,5.555389785493553,8.45380686291413,0.3132458517875614,5.064688881576301,0.5115692419724726,0.8195864420850119,1.9361385034239675,2.753711493691238,2.7154541271157178,2.695927020126676,2.5172504930761144,0.12776532814854508,1.5767639776731255,6.112151721020367,5.104525372113881,5.455409422808266,1.177024798508633,2.276317992652217,0.7526629689826515,2.6407597310158626,3.578926640281024,4.766838947052475,0.3541135924923767,2.3100201325990675,0.9447834986639139,0.3939652756602426,2.7956422855669922,3.4481873540671293,2.1235006643509604,0.27869848166832445,1.6169692775752507,2.216299644848638,6.1526397675473135,0.989139007368233,4.055646859796704,2.2661868545007158,1.5789870033325797,2.457147730566366,3.0361164532176534,1.0074825763312059,0.718789028019984,0.8325254977925102,2.827737743733843,2.7217226264371193,0.033792988849303096,0.2621925881725795,1.2639958820712391,0.26483664846777927,0.8550328972020795,7.71903417900272,0.17912882877215228,0.6062526990928578,0.35727047567955966,0.42803516328190505,1.0785415236548572,1.6808194246359869,1.9610676262677909,1.3706106934905928,2.187387707080472,0.4451969823817089,0.636172166835885,0.10138114235502452,0.15354595185667388,3.08766650146867,1.7667223592113934,9.890626653527196,3.764367388511226,0.060600829554117094,0.8502393551659095,3.753369202059604,0.6137202281800593,5.32346735041197,3.786167671417862,4.001225769906315,1.981596963157383,0.5442875399602883,2.1871026113937058,0.7793858061989364,1.635661535833248,0.09868904409132834,0.3857071246579337,5.211269238276204,0.9341012777982405,0.184978459693331,2.885261974386794,0.1861201836806385,5.32115965516285,1.3426116329614424,3.196465411320757,0.3722835128805282,1.3670914464905868,2.0
2.814324824509763,4.878019022836393,0.7756827017390598,0.0,3.800889548707989,2.0237166570287317,0.3208889803317762,1.0017301961388823,5.304189758154579,5.9994295718605315,2.6310577055029407,3.1566231323558935,3.275379596253622,0.03843618165610792,1.3330801940067238,1.7812757724621533,2.0006130151358863,5.608445566738968,2.0778240623681823,1.7666799612967363,0.0,0.8039709280190851,6.810621758686968,4.924109389529338,4.329625939932637,1.0951142585054559,1.7662559136066311,0.5257682188879006,2.602195550357482,0.9824369177670543,2.803537037877417,3.9690675821294867,2.3314472622637585,0.47549998726495085,4.452509777083616,0.9812681521003865,1.4299640435169467,1.0084868889654912,1.24579986841744,2.965599607877287,0.8877592023218457,5.06482681848331,0.43306626961761574,7.1295962538607816,2.0082000138321363,1.8275751682275982,2.839455765224628,5.09852062103683,4.6770120367239105,1.28812227753672,0.657731456828462,0.5532621902724328,2.9227877481779507,1.2526578641941173,1.088887859397697,1.5581206627286257,2.254805655033609,1.5315686088149625,3.5578266751496526,0.8581401802806509,0.8357624186946913,0.2983063958064855,4.602569712517103,1.2719634488990952,2.0733403974339604,0.9469553866431188,0.19572554751205637,0.8117176239909764,0.12167855658825247,1.1688987200254692,0.013926706042921726,0.43477499145880516,2.969638629159901,0.15846629512479557,9.371539914047226,4.2801397429970525,1.1671009689630751,1.3266523910044032,2.8185029309256415,3.2715153188158004,0.9889936403429814,0.3952822041322334,4.505713121849207,0.8210570793590342,5.659191040026969,1.28658548326394,1.4264257907420275,3.542258049766918,3.7393728853553556,2.4327723791298306,4.545616298678298,1.2397646265109468,3.6597761723259734,1.0915305931206165,4.575336536776999,2.1054434197483474,0.9773165629087104,3.069117822109847,0.1424787906422466,2.775113769975222,4.0
6.1237158523813005,4.853107407969341,0.8625902483801616,1.108825509547506,3.8361160167079045,1.6290068334271774,1.6780719051126378,2.744548633227921,2.181261604283631,5.141187525004999,2.0065493738838622,1.4938010219934892,5.99658986002734,0.4118600737378197,1.0906502196555257,3.499680087187059,1.0938305716351358,3.957468909707325,2.7806250635770766,1.062190804843367,0.14077865578279591,0.2597846846829784,4.930339950433508,3.9183766927809263,8.199679214796392,0.5756027769604486,2.5057893279100703,1.3603642765434703,2.3651045905596266,0.7072597276583523,1.7834566543602395,4.553299058456131,4.244780527075507,0.503145165950165,1.0497701518163844,0.7172980515235545,0.7940206957545177,2.098217409981525,0.13802804476676123,1.8190550099910623,0.6955484681330996,4.520340524924093,0.11796095273241665,8.361596432694222,1.123864809909961,1.996135619849746,3.072397397831206,2.220515697648418,3.1717352490203314,2.8186256334211843,3.5749855087212694,0.22638521727038605,1.6689813970277045,6.653644774948504,0.38205850897606825,0.8612407852596737,6.780584384525199,0.5216538282666281,6.757602022452137,0.23744134713639115,0.9442587596133535,0.20751807698254554,3.176960992089442,2.2596641839486518,2.2911614881509332,2.304744657718631,0.4468914052920558,1.417866013723713,0.05158092063064492,2.024745190197138,0.04166353172936154,1.0798388806666706,1.7432995278882566,0.08311122693130706,5.262331672282837,2.6517061386773335,0.6595592729108993,0.41120928279036334,1.4368014735705006,0.8343067029629078,2.6725158611734883,0.09747595901326854,4.61289502936966,2.5276959350371806,3.726373491923332,2.1636597383698595,2.7682478549028446,0.3033423944873308,6.1291861470258375,4.338003597076498,2.932495880293091,1.803061675091301,1.8649685790224608,0.6600158653256635,0.24464354573939842,0.4271770546821001,1.1161651079554986,3.3109362725920146,2.950748340750792,4.096750990851769,0.0
4.4832547096594295,5.8779895853872075,1.2504765525029693,1.6069633046406882,3.8199644572950584,0.807849475581577,0.6116445433736617,0.191183609220039,0.6274200694012009,4.6691968846114005,7.685471364549775,0.4662355621504047,5.101074328593477,0.4155423541986969,1.2378084295456204,1.8243605422877118,2.98387830837822,3.503386901198138,1.501413666875781,2.4270965808267793,0.0,1.1501697062957021,6.336249462705934,2.2016338611696504,6.490927871891481,1.6344074020398196,2.2427854033735573,0.6851776838860785,1.2544126366107602,2.296163699096433,5.370380529062933,2.6663021281730948,2.539977657158227,0.4952858293709642,0.11356715704707816,1.7090700232845322,3.270274766460989,2.2824991129359704,0.5923493917569607,2.4600085812688177,2.2592724870375944,3.6317329228836064,0.5450787623237902,5.515371844096946,1.3114449879862058,1.9755935040183752,1.8594527880371892,1.8800977497219742,1.520899924658978,1.533862321387458,2.3044234260903664,0.42373950716531633,4.19951530825834,3.8801957289430984,0.3682654829374926,2.9110779465212424,3.722367655546597,1.6087619404233224,5.197708157955851,0.05297227481398869,0.41608307420835816,0.17542879082225651,1.7986312096914732,1.126113853528673,1.258518924711301,1.4132691144968001,1.7830794298736117,2.5409447854930938,1.443023090620804,1.704340813303189,0.031959741397545,0.5753123306874368,3.632070413103917,1.0518592988352498,9.907634744130617,3.5557425462940078,1.630452069406808,0.9575432007571052,1.0269416666309206,1.2636354035683293,4.296516141851605,1.6185205879888,2.70458428185619,2.929999245751578,0.6562675347942892,1.417379975973023,1.2911909636908898,3.6223798671205523,2.197204895896237,2.4868945377893583,5.480678738754799,0.8689237713256068,0.29666296759195726,3.6351158893682944,0.32734245560982167,6.655836939125686,0.7878503341912997,2.808034889454299,1.3008265925334936,3.2346852478566257,2.0
0.45501809696972506,5.513547593221898,0.2875904955239412,2.155587341296875,1.5500633631647198,1.8746789492074554,0.07806325577681912,0.5750218259294216,0.04446406651324603,4.058082666521905,8.854915745257369,2.9130329999521414,6.40410779983948,0.005184375859723257,1.1055439921989259,1.313710226150914,4.3077490884733995,4.7309550865153485,1.4617380860204663,2.2049857983474266,0.0,0.9161708753397906,6.050812927287876,6.3663781722409505,2.804445991353353,1.5860200893493561,1.00504061670053,4.175883832935248,2.3340819562838546,3.7456030697443166,7.112734531859743,0.6832023729663678,1.9900472195737944,3.5972927910377988,9.98974984303322,2.612116552224883,5.502877937753582,3.255908557868069,0.5519835104183807,1.324868194887364,3.891273354505281,2.627910285754102,4.26706381127761,3.895467435948882,0.7946030146487562,0.7696024982332541,1.9804640761061334,6.291916608924901,3.6890642840852848,6.229222588564238,0.5092397819598663,0.5629628285152902,4.896305759977952,0.07135080412884309,0.2326607567902751,0.9736480082164701,0.5709486051733275,1.678477606043868,11.386145143317881,0.5917751466753883,0.05963215988209959,0.0994972011701899,0.42373950716531633,1.078951341394822,2.0117103096277336,0.07258604706859655,0.2715451984856866,4.22534434787101,0.07423139418579203,1.2337040312128837,0.24379092506481007,1.73850845257783,2.689299160535892,1.2969565742520848,12.646021537007552,5.104529565440173,0.6935873154028048,3.954568570752994,4.149877159393982,0.922426225312796,2.2834773419377563,0.19723635491870656,4.170037206693123,3.6605179501349636,0.12326888749434657,4.903139525235547,0.0,0.22613856056934262,0.9974008089520428,0.8267620157763063,6.569747781830115,0.41748799851366614,0.24403458239369338,1.327227467761286,0.37272927065972367,1.7691369830431727,0.328606717427416,1.0777215387660812,2.8341044040015038,1.23842002607896,4.0
1.4846537477335653,5.845118665988345,0.3904475779933104,0.038295698181544525,1.6015063629231643,1.8954965189266217,0.45985125070566846,0.22169151351090388,0.3723949652380241,3.3934573883602117,5.6680141418774355,1.5302705476462035,4.285594565378218,0.024745190197137796,1.6854019800014677,1.9213982443732411,2.864849755562287,5.044534010276908,1.5695396994633413,3.4518309253395043,0.0,1.9583601499153682,6.212810546011867,6.737387971472207,3.1827717388884684,0.8600490333614494,1.3846577110944294,2.921398244373241,0.12353377229099427,3.886764731033182,5.668215588640808,4.575245761846912,1.6126355836592323,0.3785116232537299,9.241957893375101,3.1984627220321826,3.961530726146864,1.6709309545833215,0.13907651504611174,1.2234225499349372,1.5785040281880038,2.3767349049985222,0.7727302477671809,5.5859059551724775,1.2058303851844405,0.5785040281880037,1.9048886701625047,5.570578293441229,1.3112124546350332,0.8756228125325115,0.26735601178388746,0.0439043942956211,5.657840048099113,0.0,0.33353822878821676,4.399294162081137,0.11968817451919586,2.9384363588516944,8.027679901355555,0.9174699466791932,0.6163576969966904,1.4594316186372973,1.0668813785559468,0.1191569418736321,0.15639661659766543,0.5550308011822083,3.331260933294575,0.6271398709655507,0.6103220964420369,1.0682580617472852,0.03238300531165298,0.4706149520207435,4.656393398953608,2.2778360081851545,9.130328076999444,4.944521152995986,0.9963887464476212,2.285698125958125,4.156526058528656,3.4589987451907667,1.4135399261734702,0.0,3.8404028055866006,0.6537937929692679,0.3057954614204903,4.799522536335077,0.8492787325307802,8.803323596110276,1.8638195420863994,0.6794237981125967,6.098798508533928,2.1504946888485796,0.13553486976118947,1.8393549796546484,0.4939546936413707,2.493186171663102,4.1697807247242675,3.4763557628951185,4.09786358318915,3.175396852652372,4.0
4.172335493271816,4.275610528176773,0.8408458875620733,0.0,2.0559244546294897,0.8804112598097812,0.05352844098929936,1.3227934523306157,0.1646575752536617,4.115274671013971,9.415834706119064,0.4128357100501642,3.547523862227681,0.0753272507070651,1.4277670591684262,1.8117998124457735,3.138404926491467,5.108787881386729,0.5878450092542776,1.9930583905811532,0.0,1.6546646673512233,5.770086368996655,5.419444506507828,6.140739807178997,0.7380327936813252,1.7878921145026472,0.16272565284620308,0.5166203466381661,3.745248090441917,7.6339360943284715,2.9753183573164605,2.327428690482135,1.7638364588909514,0.5626698261027021,1.058939854556233,2.9045804349213173,1.662023157004121,0.3400494728531664,0.7656196082812327,0.5429018558133899,3.63813177557718,1.3305584000308022,4.027145202758233,1.925885517083141,1.0553345017510993,3.020573316536278,4.696166347338451,1.958545755679353,3.077704450790707,0.6591938949069485,0.12035194036522208,0.9193782232475795,0.31161936340684343,0.22663183180789062,1.5198941066234044,0.11129845340254099,1.3308451896234157,7.7268257687780935,0.5899551945184317,0.08787013294105718,0.14169436196453092,1.2351756060347376,0.16594408777059763,1.7342652288104907,1.2337653768083383,0.8129499594557493,0.7122876204505505,0.034779158048019,0.613154428431299,0.08270258933024935,0.6716556993600769,3.8575431453690823,2.2877677779753767,12.612878700222764,3.4054750743875197,1.3220435058742555,3.191657395512643,2.531843049079165,2.7023250868758115,3.266306811682974,0.13829023377991154,4.156380435539663,0.657457084573512,1.04942166633415,3.339080360273206,1.3869764469263939,1.5044170025549954,0.1913099674457286,1.0230423926658638,5.2854133164737265,1.0334406221326333,0.1861201836806385,2.0062621131848415,0.6248963222090378,4.554097637835341,1.3552418439308824,2.519667700893718,0.8495189481618424,1.4687918215475508,1.0
0.4993739450021675,4.785414540719552,1.9404298890972553,0.4466797112284494,4.080742926490008,1.5940229688775398,0.07901963303483801,0.8497591238025108,3.743698066895729,4.0118623487798,7.602445002579002,1.190362010883014,4.841711518704246,0.04502352169849773,0.6032168433458986,1.9619566467848268,1.6071053837584943,4.236232374054104,1.678477606043868,2.585587533158292,0.0,1.659513605720642,6.652681518043699,4.18239832639745,5.987345880916435,0.33021417724930174,1.9398659618567995,1.8288346494680556,1.047957107396655,1.3764570950111645,4.685884098598813,2.9384551786178115,2.246438491457951,1.0401209172008774,6.586059133179188,2.6354525892292764,2.7118913179966113,1.829037688669135,0.26723614181240984,1.4326922167871696,1.6799642008062254,3.1256015122996144,0.0897693086335084,3.9428897918187933,1.403267722339301,0.8674220753083053,0.8999489861896718,5.437883541930247,1.6962609541236973,3.456963812204336,0.21088754922081027,0.14287084509664236,3.0197730690400273,0.5981746121480073,0.4227712193204742,0.3234277180609325,0.4485838404633611,2.5918230091632717,8.48095858982183,0.8648893644697498,0.0604624879861069,0.6079575647544926,2.7836452296223717,0.8466337174089716,2.647682908167897,1.8692002291286736,0.6780719051126377,0.9873208659292537,1.8783329849259087,1.0572769650732476,0.05422334733715443,0.03308816933218775,1.382667252745041,0.21375164631100604,9.711154842074968,3.5222943367241393,0.8329305102992796,2.2869698353310453,2.523787751523359,4.3732166605808285,1.8111832848765743,2.451962766205277,3.907563696249663,3.0979646854135523,0.6143800475562479,1.6711121749127757,0.4634132038178201,1.2487776936497126,2.1414981881343063,0.5766672466367898,5.566848633887081,2.222588202378584,0.2873540850292068,1.1292830169449664,2.17482184465716,4.841157977262896,0.19295161806984965,0.5088342742512338,0.021053252054075176,2.3271124707470854,3.0
1.3709454125766363,5.054718263985839,0.017779412561234692,0.09761079662642233,2.281668579972845,1.4361085236566937,0.09815002109201154,0.37272927065972367,1.5722105933123085,5.518173160918674,5.562098910909876,0.6822137023704204,3.547906305983999,0.31103803002230457,2.5577286659756413,1.939941164892726,1.885027637499917,4.8104482453008774,1.3035761996966406,2.9738316576739137,0.20814264733772161,1.35879007970185,6.77974036351891,0.2746493101650892,6.012164143741508,2.7625614300488897,2.107252652038594,1.103531209877993,0.6044509303125163,5.1934918491768185,4.737551570008281,1.5185351389821802,1.9728764251071038,2.3824182522483492,1.7198843520631293,1.3294106712185683,4.77789308380488,1.643024958013437,0.4593266915460194,1.0137838154330996,1.6189433833018338,1.230510460366176,0.31950232900430725,7.165704963658958,0.9870297505489815,1.345339597609687,0.48645695576873105,3.797334694094065,1.032100843167024,2.1656225671789326,0.6747318093546646,4.475960353911942,4.70984201927331,0.4542811955500608,0.40621010853156503,2.5032215077728375,0.47923056120633617,3.4305127672453564,7.009103029397823,0.017636903049498446,1.0406119280375716,0.015212085068503288,1.780100084479952,2.2502643045168313,1.2414741257014414,0.17082239919517525,0.511973981781801,0.4600610209773414,0.11049688191740235,0.38912622692470417,1.0247451901971378,1.0029544975075078,3.160258693789916,1.1311943517084502,10.163148985283922,3.496871349206787,0.8765660587517208,3.3806324899336078,1.6007454979620837,0.845991770664573,1.9088513278681998,0.33193447043881363,2.7413806917805186,2.0008653574432533,0.12234140752611963,2.4411647341291505,0.2496273731396907,0.8594925453927794,0.7074364418968008,0.8732619953784867,6.526918586749963,0.5309696487838479,0.10956115195305141,0.49886356361895196,1.8706211759063425,7.854142802547075,2.972159585390804,0.40021000708183085,0.6892991605358918,2.5236121358814,4.0
3.9279343690003934,5.425063126921006,0.6739181830293746,0.259423152281415,1.7242573512007233,1.599889044959259,0.36098224136862644,0.16568687702987556,0.5720165131289404,3.6863100228335663,5.73140864506315,0.5629628285152902,4.96966165050967,0.0,0.8574237087323069,1.715322328004136,3.050762873872186,0.209390977467428,1.1229377130923945,3.0437819370508277,0.0,0.8746789492074556,4.458250748636576,6.9929621213246875,4.699812564385804,2.085968453862165,2.1355677026839133,0.18510536254259158,0.19861987321921495,0.25120402291466304,2.3271412208599966,2.582989468952924,3.52532974212049,2.2276486714042263,3.434721624523667,3.8804994222482696,2.610818156109446,2.2592724870375944,1.6580514918565121,1.4785576985995041,2.4306331908656507,3.746484761542602,0.45238457602946147,5.27210159426967,0.8225262190388317,0.2194628389571548,1.1309308698264486,4.197031859009566,3.2003631027828896,4.718016324466892,0.8444660013660954,0.5560124267497036,5.778810450039894,0.3081278441787414,0.9984121619839182,1.6995960497900957,6.744177245051374,1.0209821605695517,7.628236274940963,0.0,0.1526377396511124,0.0172092900322231,1.4530170596173597,0.561399460895035,0.05477903151961949,0.6284469983247357,1.5790352919554447,1.657091173712153,0.8024000401148393,2.165204483257739,0.0,0.26519682698441444,1.383386346199016,3.636601421240886,0.1080894918402974,2.1783322085926153,0.022048165180173156,2.324407398767061,0.13737236369339767,3.7037651787934096,1.9909185657255892,5.380106029678916,3.2812531341264943,2.4801358425130986,1.227494650859301,0.6457938700799937,0.1654296204241852,6.910911309053972,1.3516848599325497,2.404984843492219,5.850431903051871,0.6557181808341493,0.5898593439360036,2.6461396107271566,0.13014013533644853,0.5759899477218166,2.573350287414351,3.082889895931828,0.9596959787523703,5.421172795597617,5.0
3.4674620885281824,5.222398861924932,0.5389354087733312,0.14561224716647592,2.2244725238963503,1.290011472114838,0.6691174981935945,1.7233838111414057,3.368754382952639,3.953386312278668,8.117314789231965,0.7876832008453192,5.3871419283971695,0.16671544496642232,0.9647313101884398,1.453175137198287,3.1611137389325803,2.8317556606440313,1.6790634171600227,3.010744039424691,0.0,0.4314625027786294,6.001146937373323,6.219329241292502,5.240134935463962,0.7450221490372647,1.499067737839628,0.7140476487777668,0.12194373351040128,3.4942107766853163,5.594309672980409,4.838876152022767,2.4565959051262127,1.3843261586858409,5.693347559939828,2.4913143896162313,3.6494085238188063,1.9604746414249004,0.6279803030659545,1.7303138862937761,2.0971050905836597,4.408990320485367,0.11463354906893944,4.550679073307002,1.8791568104804741,1.7382922634294942,2.9700069266807634,5.358888517343273,1.6160753415714053,2.1984627220321826,0.8375396343794035,0.23462394136385586,4.838734993550465,1.5078200060423534,0.4306064309298112,0.7814856159616563,1.8830733484512632,0.8268433516489642,8.813046512109254,0.5338623213874581,0.36042046610320916,0.18548600412807803,2.647728951381742,1.0941684947249828,1.3587338266052842,0.9957377597293985,0.3304436682290092,1.5739076821339184,0.2735755656153798,1.1711427631608933,0.0,0.9646573883765778,1.5076678042901446,0.2354819952815173,6.822287840591662,3.067070750410539,0.2599051753533527,2.867777881444739,1.3720605823321608,4.640603576724161,1.7778299770062573,0.13500944135116105,3.614862938322856,1.6327800487425257,2.2581269166925115,4.789817917543667,1.1013139010862987,2.7989629304507626,1.2031384971908485,0.9044262926015074,5.137909224681166,0.8394759214937555,1.2254600371179754,1.8175414001514336,0.11742908358689448,6.876155920679859,0.3862591411333461,3.369089532947674,1.4159208794838092,3.146117532318402,3.0
6.5810167490173495,4.986156051784421,0.9879756608353731,0.47321543407039673,3.7101066085435215,1.9484139577928692,2.8117176239909765,0.45185729447653983,3.782827892074894,6.187704414003547,4.5688833599303145,0.7061105571964668,5.326904015292409,1.3536055913381229,1.1517938874963232,2.9786166594320806,3.4077470248391686,4.256640842490043,2.401985363041954,1.9759602846785318,0.0,0.6289135426617863,5.995161119951591,3.872543146581232,6.831686000505082,1.2180371589794636,2.29983076182237,0.8729469276679336,2.8792548536232374,2.2441868473297064,2.6601756385376487,4.447565972885704,3.7241591043446665,1.2730383935111245,0.31405840885826075,2.3971457973927808,3.162580654321633,2.4665488169645524,1.0577621725290536,1.583856010314267,0.6470842126289534,3.0073569880794717,2.639255320287197,6.32131121088903,2.3199358007315727,2.0828728690638063,4.170998608179808,2.9403735062915466,2.971240038766546,1.3701084692076477,4.876119076223548,0.13040376165803888,2.472799671807897,7.581937938342612,0.6490175651315995,4.04229412620617,4.821388786771088,0.6279803030659545,7.121356342474141,0.4050120829125923,1.5811583928369204,0.2531421525641866,3.244628324788063,1.5141980233475807,0.42406212541589977,2.5980554786257066,0.3969266760313498,1.2331518034392936,1.5214528258224314,3.308360875198613,0.02927618237063207,0.6523258678407662,1.8370955356631744,0.4472088881558103,6.250448128244296,2.8769785351278525,0.42438467153809656,0.676628488242969,1.7230779471200823,1.9362892946486556,2.0263043243519085,0.19748800240598138,3.6432443573597477,3.6956375481270083,2.725043085281749,1.687643025314919,1.4538072743716774,1.3202535972434217,4.322245452888258,5.434971764972542,4.371816712594718,0.6694803718774264,0.9685700343550078,0.38316512484753,1.113100362557983,5.177252085945636,0.5069065545806933,3.338723905157444,3.0929177837312722,2.0863761675969372,5.0
3.798112743261844,4.609069377343591,1.556846283660129,0.04614178164472063,1.6943899274073104,1.5394814423081506,0.40751591194630105,0.15561972102644722,1.3118518311870575,4.578491951737532,6.552292526098002,0.9852089473175536,4.8939397556771835,0.022474346574899225,1.0289227105960133,1.4998331339215039,3.8513592737457096,5.145167939018385,1.3424978557499565,3.2133161720709986,0.0,1.1205510105825267,7.3558197309968465,5.364596943896574,2.8099494387660564,1.693141226830286,2.196134880765161,1.1128335550227293,0.47653722581771035,3.4022037174765445,4.670409819300409,2.549200927270806,2.2207942669709597,2.752834208750317,3.4807304325054855,3.301543750548754,4.270020545752319,1.594261892919768,0.39495308469636126,1.94103116862287,1.7677395355455783,2.407107975326839,0.2822618665876496,4.570754355133867,2.8785684116628687,0.7525773414762675,2.118260042980951,4.75569411719093,1.8953801834978312,2.6814042858128295,0.20614306969137305,0.1086248146816487,4.002675520219979,1.2166100687424417,0.19748800240598138,0.7708713221908173,2.612777105285199,1.6187085123137877,5.1063483195051464,0.1779815563133707,0.2056427419454572,0.24804899843720607,3.59990094362226,1.556306784224977,1.6690267655096307,0.6853571235680124,2.335083023451252,1.089023502030449,1.0867837661420667,0.9210554212223323,0.019630756335508422,0.4142437987186875,3.3116920136121095,1.2789957668062821,2.5105062594196497,4.409709991052561,1.104605043229311,3.2985410185165307,0.39725534559442727,5.443745875437152,2.0332644064955114,0.12789736448606356,4.384111990586074,4.117894479811406,0.5522786909904362,0.869555597050224,0.1376346718833728,0.5936884087300691,2.574876551611176,1.9777195350035508,6.739441747565882,2.7246502717329673,0.39066768555966747,2.6671427735115394,0.1080894918402974,7.063990373530163,0.9231872207101692,2.9154826578318147,0.22441078187075333,1.5037557874494987,3.0
1.8977051115486112,5.824016784284206,1.0323124699489437,7.5633640842193985,1.5086821794705447,0.8034750429176553,0.04935195913529153,0.05199846779700237,0.09558690799772399,3.876251711862823,9.157737244003533,0.6920700511536373,6.303921358436269,0.0,0.484189701148267,3.0497527295413382,5.0798047546352585,6.608018204285173,0.5707543551338675,2.924004843311191,0.0,0.09342495941910291,5.145917884333912,6.569551851083613,5.341409407772925,0.5772475355931507,1.8074785763331442,0.7868472435610134,0.12021921162499426,2.365160595801904,7.260652369307487,2.412049832478522,3.1475672070946326,0.9014944550475747,9.576131140887773,1.670749711487494,1.1224739411756446,3.1901881512614274,0.3918776772778661,0.6992851001996001,1.8351964815479107,6.033537531559412,1.3635075265239611,3.286437628276274,3.9673715299035086,0.007769594145917668,0.22663183180789062,6.600717255015655,0.9563540846453684,3.769433237361248,1.4165695490024246,0.03210084316702408,4.615822351234869,0.06942721045601417,0.12075005333492556,2.1437852247086013,0.037452509939606575,1.4782470407514288,9.958853547602601,1.256769142761341,0.0,0.05616730630042659,1.7343953087601667,0.07354606091515468,0.01535483429346404,0.5877490183669278,0.2229281800026127,1.2280490478844623,0.0,3.590290621416438,0.0,0.0475383887633606,2.390144875247409,0.11875838897983478,10.698628710609581,2.3806186381773764,0.05436228844968911,4.268920899217278,2.192446693735047,5.414074629938327,2.470979301812027,0.03125402547050081,4.140369670651527,3.7407333175440565,0.41164317603901396,2.3007094716500966,1.4078965487495276,1.333480982392523,0.14469902515413874,6.175149307859686,6.534888013500536,1.566084490515467,0.15107947302881158,2.4094180924946476,1.2370741713021574,0.29089618118830335,0.19660704409481772,2.733050583366492,0.5927320948670738,2.851719063025821,1.0
1.4974846313192025,4.516803117442659,0.8681335998517574,0.03365205248999707,2.001910305630994,1.001514035063554,1.614898265448403,0.5555216974545579,4.5356361996890024,5.114675189014822,7.203949918076709,1.7384652173397763,3.7855191657189375,0.014498126999352837,0.5883248679119157,1.6108417737444152,4.669106156920156,5.688619591797481,2.211946682371184,2.326163395461942,0.0,2.0070519425164903,6.248661961966077,5.357193045589205,4.453695353593404,0.456806149230474,1.810648747782646,0.9924784126674572,0.4056656747574566,1.6904617949187188,5.338795203226661,3.742965532044448,1.7841689205020281,0.9698227896729081,4.470491312432586,1.7011497932339987,2.583495014664375,0.9686437559647167,0.1405169186556468,2.8588364088817784,0.8267620157763063,5.82593060187528,0.34141652447872234,4.359900629153587,1.4076246755666089,1.9176990731850172,3.749684428854856,3.8417517679800235,1.8482373356932265,2.839496077481278,0.6461626571578936,0.31429048398799614,2.7897918398246584,2.119688174519196,2.123897909494487,0.367594721961029,0.9043492152652591,0.5581696548346117,6.293764066705948,1.1329715968792087,0.3992257921209379,0.773490027495558,2.7648132184455174,0.49354486619996984,1.8639384504239715,2.5272205041411695,0.7886021947351414,1.104202449382443,0.05255500943410528,1.409309463999687,0.9451581954535143,0.591679416935737,2.178905819457567,0.9886301586850438,8.852718631284585,2.6423550061813543,0.4676968363726027,1.251204022914663,1.0578314745605737,3.6159694440383534,1.6456094411834958,0.0560285389227513,4.011629811824756,1.7261336731818975,3.8168658996552733,3.404235557817422,1.140778655782796,3.113100362557983,1.9432837375840109,1.703410827978724,3.35345033307765,2.0722773354715125,2.0134622598065626,1.308826824347884,5.418952256051498,6.376635941324689,0.6335707067579346,0.8418121397883287,0.06460697529739193,2.8605655800580054,2.0
4.962687825903225,5.309787369457953,1.000649066739334,0.025737561413608275,2.7439457518815424,1.0657101640652658,1.4341344579093358,3.329783783244194,8.35974121594332,6.420704711197209,5.574604122829495,3.012550796130322,5.500215679741073,0.24780601821921888,1.1245928254058224,1.9598814127497322,2.62187604894739,5.838692139138447,2.6284236671469996,1.8879541163339082,0.1457426602776055,0.890018587483822,6.432114248089947,4.666131667365796,7.027369722892295,0.9459821859974629,1.7154980574773444,0.6582800448473249,2.1308320517134,1.2910730579176228,7.577468105062413,3.4537546068516973,2.8396371615096694,0.8499992594660978,6.912077367332867,1.589955194518432,1.8280628397953593,2.3362833878644325,0.7003509341759644,1.9239858340939107,1.114700172405481,3.462562801126526,1.0027385198069287,6.131389873562059,1.7915640518022569,1.93451650158608,3.250552347788337,4.330708971675355,2.7266786581314086,0.9196833133974639,2.973666374214254,0.5522786909904362,3.415866810523215,6.048905317473686,1.0552650796669782,0.6010308693488097,5.165393440034695,0.7742494073047683,5.933454611914913,0.3398215049233425,0.9888482586689642,0.2983063958064855,4.289251663897188,1.188717409202678,2.2016338611696504,3.1923835657659776,0.2704691403105779,1.7326599443350275,1.094506338681492,1.3386811246245462,0.02176397429165667,1.0488639144146186,1.9414444029780273,2.070183213877062,10.166386438242986,2.871685968303588,0.11236652307256315,0.9109628608302244,1.6796489905021725,3.3576646008127002,2.3246378152244707,0.06805164299778978,4.430051050225275,2.7975110886849954,3.518522549965292,4.026277762312399,1.1049404523027044,3.3437773323238025,4.035826224726894,5.227814225152921,4.495554467417633,1.423847054598434,2.235604532763299,1.3060288694522062,2.212942803787111,3.909427507052698,0.36042046610320916,3.4023265273243672,0.8041361851831706,4.157868333701498,0.0
4.077525014828424,5.236687770823769,0.9900109020609001,0.8628282579560358,2.733028883972776,0.8694766339654015,1.6144271659663927,0.3474388887681414,3.967952467938159,5.746721221353003,6.960110854328773,1.458277000695805,5.2321196446850795,0.2613502790209806,0.7405390486133432,2.9843341448404885,4.034286157711936,4.7505582712827685,2.254200966950951,2.9226545660831516,0.0,1.1543239646604773,5.954198637312484,5.227167302595019,6.380951043625847,1.2919571164298074,1.8541552726513169,0.8257856274647913,0.6805044011523604,2.2159270479868325,3.6441446999328484,3.9067270809045427,3.331432930120477,1.2280490478844623,3.9963525882240605,2.060739157857679,3.5858278581644094,2.5892121858835337,0.9156356234303134,2.4857874558537567,1.1911204259568022,5.11077247235166,0.2703495287331028,5.1675506167899625,2.050640997424231,1.6956820860614377,2.978634962286444,3.875839027600865,2.241138491047577,2.657342747398416,3.064210310689048,0.36982938015392897,2.07340895518534,1.1611137389325803,0.8560694020150499,1.5624744580963248,1.7293134796648946,1.0611540632071006,7.803183114176624,1.0467005867416226,1.4817639187353535,0.7581325853094382,1.7942286937711824,1.9899019440364878,1.3611507313006006,2.97454766726586,1.067707546103729,1.733788168625182,0.9106559207639873,1.7199281477324522,0.018349309878891815,2.1120662083909965,2.8125803693318145,1.895418963016438,8.632175135397485,3.48155728070859,0.5132886025247513,0.9432837375840109,1.7286606666214828,3.3189241640300766,2.1370772099611246,0.04334450487716922,3.4080732388481647,3.1274682021994176,2.4979699615015765,2.853297077987202,1.4525954347028693,5.799791898808037,2.969362344305101,2.600293544457973,5.08681348236523,1.9180045185978745,1.8292812979975313,0.7013272574129406,1.2804218833597145,5.013493525304573,0.5164186416338685,1.021977122706152,0.9436588240434695,4.354402791015225,4.0
3.6492705504971843,6.201529967704465,0.5017193765800976,2.297983727265522,3.1258329147401045,1.6624789704232514,0.6204925735764409,0.06460697529739193,0.5795663601602125,5.085908985981152,5.108746071168129,4.174989578997526,5.187241206611688,0.0497701518163845,1.0987564078081427,3.329094885656815,4.196245066031311,1.417704019333249,1.3412457138495328,3.930065500185961,0.0,1.5421589771778879,6.397934701006546,5.336879626204423,7.138219570338004,0.7552294337976789,1.6546188449611265,0.8081790837714706,0.07176266930009127,1.1109645194055198,2.809681966299977,4.079932723090989,3.0218527899581207,1.6183796286790535,0.24950602098914693,3.75411785955205,5.096025658203614,3.160726611459536,2.0143195822618143,2.061707084791597,2.6390700535754297,5.031840676044245,0.1677432801089365,5.643521445693423,1.5539011054587955,1.977975913199126,2.8601881218205487,5.297143717314639,3.6337915484802017,1.3071370422049158,2.417542006751048,0.07025192182044421,5.704960470639681,0.4539652653964085,0.23032600002869183,0.5979839937899456,2.566011403809056,0.9939279205165998,9.279703894753304,0.5544415050854222,0.2796495785570857,0.17925624719050748,2.326163395461942,0.20213558088984854,1.767993717611875,2.6467847716652697,1.811265503776744,1.2524156590326505,1.089023502030449,3.658828424343654,0.016496319896195974,0.4460444425960409,0.7931051480588779,1.502075956045791,9.903953677511,3.936553141373437,0.2005043534465213,2.5415891777227233,0.6844597018913462,1.3552418439308824,1.7021255761869156,0.0,3.406563880341646,3.952631767081969,0.5454742108401807,1.0282155071304362,2.3572704756795595,6.2735830249309785,1.6521881732531276,1.3340533441555202,4.975336702062573,1.7331807728753013,0.9437338296345279,2.4736310765512,0.40708077545050075,7.187059050146649,0.6592852480835428,3.798143856502487,0.5090370423528872,4.684476533684152,5.0
2.701770822379045,5.428942995891314,1.3525325566728965,0.13999330190336454,2.0554039204948102,1.0030984646806524,0.48625098888410845,0.46372707198851065,2.0330881693321876,4.264491392989869,6.477559148647472,2.9962079462668108,6.668039678939508,0.06557231159362208,0.993855479702099,2.0389628728846736,4.3683073951455675,4.8619900915992735,1.6525094401836644,4.2234534424316115,0.0,0.765449879452697,5.86744925803952,3.5291337852673643,4.630941256766417,0.813935070481317,2.21577177088915,0.6979516994692129,0.3371972813408009,1.3078947755125012,7.405847742665458,2.372450688188182,3.598007822462095,1.5877970146089566,6.776897515338783,2.9009344138630415,3.6526700468248854,2.2506281390918357,0.9426083361116635,2.7631778346901354,1.085832523674955,2.635963294179251,0.9439588230133358,4.483325661292998,2.757556688939453,1.52922126033451,3.1098786997932484,4.580748491763774,1.688404188397458,3.5808449495531622,0.9623639315069503,0.5820742213963296,1.5863083881095272,0.6218057347471655,0.5873649909364607,1.2575537902247393,1.444083934847352,1.1219437335104012,8.718920853209191,0.4978422588609607,0.3924273382137218,1.3632832356391549,1.913071307862046,0.7277026728372383,1.5415643987276455,3.2790998021337527,1.239825714946621,1.8016967203212872,1.0552650796669782,1.6104165971489053,0.0,0.24208417055001266,3.1055272306107007,0.5540485072510964,12.107356204589724,2.8627092580763223,0.47923056120633617,1.1296127381304693,3.0365209167523872,1.0436944612259778,2.4703806785555793,0.02446153014099581,2.9914628899460323,3.539729571067321,2.9211125640716715,1.5790835789620892,0.17747136444495093,0.6480051798104932,0.978708171381981,1.6575942772235137,3.8003615383748555,3.103094736666189,0.05588975819628299,1.0634339121838507,2.4484516904379974,6.873746769875296,0.6624789704232514,3.8747674626309236,0.8942939335501798,1.8452692389799012,5.0
0.12260646265104097,4.614061958029904,0.674099028537714,0.0,2.8553917716077666,1.9263031118613945,0.1647862781433397,0.024177814301165258,0.18345475417494217,5.83940285367829,7.138737688555328,0.0697021666300674,4.261741412286462,0.0093471722592526,0.7819891158647039,1.9608082253889798,5.201449592155151,3.60584986719498,0.37362037324573705,0.8858086124775164,0.2720231890610485,0.2654368960490983,4.445958395126478,0.07162539397376963,1.809825996097451,0.922426225312796,2.34647472890149,1.043554488873012,0.13040376165803888,3.3504406696986524,7.364549671150857,0.8822908909850233,0.7369944477784889,0.9617714793489857,1.8034750429176554,0.9703383140810696,3.445422137559141,2.022509856008941,0.5390347029707543,3.756628372084213,0.5707543551338675,6.105921076458696,0.2685541640335435,3.368908003031772,1.4739946655177236,0.9385492737660541,0.7860108016075688,2.602243068391836,1.0836558970806323,1.8452692389799012,0.13920752027125408,0.32031137090704137,1.212382570122357,0.0,0.22465773412073844,0.7724768989139725,0.06818925877896807,1.1811661742699768,6.287352237919698,0.08882003329858511,0.9703383140810696,0.0174943794592725,0.3474388887681414,1.406971970816723,0.25168879947866285,0.0439043942956211,0.6472684531043831,1.056860943046751,0.19824268160761352,2.3675108549069974,0.0,0.11396714643300218,1.6345003382359988,0.5132886025247513,10.719748508600437,3.718821899843832,0.011352507229905218,1.063571969125668,4.360652224907303,0.6550770033824843,1.5771991870939794,0.2817872568158263,1.247745266769967,0.9911000299524475,0.22749465085930123,3.9559265065257576,0.0,0.26651671275450495,0.03689011054026592,0.2753646961504364,6.175179255052662,0.8547138227695308,0.032241931137493844,0.1614362658259871,0.5819778457631138,6.7111727422090475,0.24439999124554931,2.7010610529577357,0.28818135232905856,1.5219552794342,5.0
4.076285442808916,5.0968057976855405,1.1202192116249943,0.0,2.749834574412729,1.718701366161176,1.3909977839573757,1.2063931685116038,3.7558596578716457,6.109853632767942,5.6977210072334055,1.5470549218559626,4.861012442394206,0.1474369588174809,0.9483765769473868,2.003458319772411,2.0236811772859475,4.796405672621643,1.787808552669963,3.6925722637813876,0.0,0.5084286525318571,5.8869549035508335,4.132420555950923,5.55738251780108,1.5067542564253829,1.7020368959126837,0.8991756304805131,0.851199338593294,1.1384868442748064,6.732497146848888,2.4009204116541123,4.056002518553418,1.124129585325412,7.622309577471774,1.731096329614531,2.282202548904074,2.3162036806898176,0.3090597425015848,2.776819892628191,1.007339046008162,4.053372040922078,0.3914377976980001,5.191917911667241,1.3177671385122198,1.7038980379135034,4.615651704792296,3.6948133482371794,2.090243712174423,1.0399104328176387,2.2349917412488023,0.20012765427360202,2.150787110568358,2.3908602521370548,0.7930218876323136,0.5297709821988874,3.404903122145131,0.5748281235874431,6.019403916443115,0.39813143187663363,0.42889276178591573,1.34919540554022,2.3600270932198204,0.3466449215885268,1.6434868125619564,3.7193915591507123,0.4441369565875916,2.068636419431807,1.0097771216115303,2.2023236808106983,0.8047144362308056,0.3122004626376783,1.387307390888899,0.9201408276848781,8.49585302869321,2.1056110366044907,0.9721779703463725,0.7169470094776863,2.373453333430701,1.6608829930039484,2.372450688188182,0.018918982163051733,3.401316446928254,3.058489677877915,4.177487310672157,1.4105581981425823,1.2653168665102887,1.0658480033660813,2.6593080854738775,2.6745962368280516,2.3847129624220464,1.9679801258199747,1.3141744510896436,1.231432408447965,1.3171303787285944,4.659633479012111,0.4178120176146104,3.259875053629163,0.17299947259176227,5.13399909601877,0.0
5.042272235183069,4.705513511303683,1.2693324297341628,0.22502808325404902,2.3423556216162047,1.7700678632637477,2.227556261050453,0.6925164710108022,0.21076289418631022,5.302483565838153,6.956673523626221,0.2953703879534841,5.641791659374952,0.3692710400250943,0.6107000621347646,1.949945739130239,3.929885659641855,3.604593257056665,3.727680892856397,3.0539627966798046,0.0,1.1249236201338189,5.7234083866857155,4.792340012103075,4.991168073153426,0.9359122870313616,2.4367481815460077,0.6194599649206011,1.2180371589794636,3.4192152600679537,6.739717163543628,2.5159647022392098,2.4787647666741917,1.4066455076720026,2.770173607111756,2.7886021947351414,1.8467139406714768,2.2849286412318373,0.3858175448516954,1.5474004716441443,0.9018033502507437,4.3187940449733135,1.3735646954562974,4.8075197920698844,1.2830327746164152,2.0433445048771692,3.406740733720572,2.6599245584023783,1.600126999575723,0.9654703200606021,3.473696009873182,0.22971096184702383,2.714948831787217,1.5364508301947086,0.5583656066231492,1.0011536946163704,3.5903025995062707,0.29136780428530784,6.994703035883773,0.17568427073099724,0.6812243537795597,0.5524754444910331,1.3425547454773201,0.6377493391543123,1.5311194121059313,1.319791324626533,0.8160671729021761,3.4766279487205365,3.1242950452869307,1.7743759317548287,0.6510402069935914,0.13000830410860617,0.7095553261269787,1.7324862930299445,10.397241010658261,2.95624255474381,1.059701372146302,1.7330071842526769,2.0594591146934107,2.288742442243239,3.5389105841561306,3.2243490372027126,3.4040175107122184,2.599984231515615,1.0969364825029573,0.8034750429176553,0.5743437539200127,1.4697818068068644,1.3649645679414344,2.1516315516339595,3.7477096335908975,1.709290635723358,0.3352545652410609,0.5387367998742167,0.10245657665073399,5.2827400263315925,0.7673157992248276,3.0075722755323446,0.9448584458075391,3.816476831604105,2.0
6.492723259864732,5.5642501130263415,1.3356547501136007,0.06101577468162803,2.963196655940395,1.7709981432332451,3.2039215407294046,1.2921338631425416,5.237873423989011,5.7672999066914805,2.9781590125915627,2.062743429237345,5.980246990142538,0.29818907014132195,0.9797327088386762,2.471993791303172,3.2680300948591605,4.9813823310994865,2.563890277102555,2.281609237890246,0.0,0.30544527855355263,5.955256999308173,2.6755449770835984,5.98215850873893,1.0759433043955475,2.0624671435007054,0.7816534687880107,1.093560176162338,1.528421290788654,4.173942917451866,2.982400408168518,3.4935064389078696,0.8819777891356277,2.9247270080330936,2.3922074989689706,2.9270620655539403,2.689299160535892,0.7761882305794445,3.841691393645261,0.724999444613207,3.8132989298787643,0.5508021838091705,5.667750232430426,1.897743828624518,2.0964642750180307,3.5755059680329917,2.9815786978423455,1.9581002617232472,0.5262691720652277,3.342284499290453,0.3020557880986188,2.957951733162553,3.443924857933742,1.6722895525186314,0.5642318184500494,4.193267106063604,0.5579736764276149,3.9721320075181525,0.33124659930012,1.023255352300303,0.75086372321934,2.85339689429754,1.3986239967177454,1.83774145224934,3.2973528484843784,0.5164186416338685,2.657982918898197,3.6342447492893597,1.597793350242805,0.7902715944133019,0.6756353007675154,0.9896476766401924,1.0590091000404616,7.7740022572331915,2.0677419594865416,0.20439116292978055,0.4500630943334338,1.0747109338414915,3.0326474822122247,2.9953578817800457,0.24926328606119333,3.3645304114399894,3.721011667111606,3.859263925634615,2.273068241653568,1.1830735762148519,2.352334805313408,3.54264189180108,4.901484801006703,3.7988903730518544,1.8356007450192948,1.3885753065984274,1.2152437037128656,2.1085579101883543,3.9425238886911047,0.8932068651148694,4.316833610555095,0.9750431581293384,4.316522300285547,0.0
4.688683926835286,5.034937586670289,1.718043732380979,0.0,2.7911889415033606,1.0415233621843505,1.6669383372920592,0.30987466003676634,2.0579354213663263,5.978863728376225,4.137503523749935,1.261229908987046,4.881077242624619,0.08460857531780949,0.7236022457476173,2.285638949394164,3.6652108308132765,2.1109979162836745,2.3970910201724274,4.101271873701811,0.0,0.7068178473397615,4.423672285948129,3.1759237420637554,5.425922493422595,1.0926133927142838,1.9276689411716341,1.831836715480891,1.5038575325774293,0.8818212127255665,3.255968966541502,2.2908077346909645,4.836075609892442,1.0666747627244602,2.0961943727599333,3.2668165184622167,1.8474758392584816,2.307137042204916,0.518434423771075,3.748525637595055,0.426103700685049,4.567794879928927,0.2669963719862158,5.12720403886236,0.9078136250967471,1.1544535926798725,4.861076977737294,1.4393039807736705,1.8750723006401862,0.6960828656108318,3.0628988167156463,0.20889177502615322,2.681494243414785,4.581544075724,0.8218734527629417,0.3902274368406915,3.643452178599071,0.30532853203996363,5.977554696387308,0.47383885289502997,1.0268000593437152,1.4666010194880648,1.4034858827874543,0.8782152571490357,0.623024029374863,3.9610398355473024,1.1801478611584286,1.9438838291190557,1.6446408024816563,2.7687771638516607,1.1562024319226445,3.623937075671692,2.3072536424669114,0.8524783236423867,4.669673111404663,1.8496790696981766,0.7018595190094186,0.10406822646371666,2.660746112752018,1.1538053360790355,2.6792210949038266,0.13448382151079383,3.0989921560499565,4.327076532300239,2.9137415316800865,2.2059867359091703,1.1578198394788628,1.7630290714742032,2.335225976359177,2.8795881504793326,1.817132043669134,1.198934124247683,1.8254193114179658,0.33055840003080245,0.6107000621347646,1.095586907997724,0.8849495167450102,3.7724029971171635,0.23388806017427727,3.670976261799809,0.0
5.5687374661419256,5.523213785461831,0.32423456227053127,0.13684760419288092,2.025843846425816,1.2630945168748595,0.7147510593430856,0.13448382151079383,1.0264459803038009,4.0409888408242995,9.58817080569195,0.8416511426850606,4.440267884796999,0.16375633339790888,2.052937507308091,1.9870297505489816,1.935572895920393,4.033660861415825,0.6925164710108022,4.017841756046305,0.0,0.9792937104457294,6.435875244484668,3.1153995317492553,5.7585057287250265,0.8952250549986615,1.2295879227406517,3.2276024669672463,0.3402774047662543,2.905139062814,5.9168754801505985,2.3378252474567947,2.7832051823287696,0.7941870965668001,1.9544941263637574,2.1508845713050255,5.113537986815938,2.238603454492365,1.9369299815805971,1.2271865604314771,3.6380506611706154,3.1681445794058027,0.6250834179220337,4.0405154926683,0.8409264333031481,2.293223322982522,1.8122106845018893,3.785100620188934,2.211604106724942,2.354000718804498,2.0100278662406876,0.4430761513626729,7.099737035680634,0.20188474283985725,0.32192809488736235,1.4940059138867343,2.0211243400356063,2.2095469428129153,8.56972727869625,0.025028794491522444,1.7760197406474703,0.05352844098929936,1.616734084956271,1.2908961811883033,0.7023029203839292,2.0624671435007054,3.0078234036298164,0.5540485072510964,0.685805625154268,1.8539158278153454,0.07382023329167137,3.8656714176484273,3.7935317823437393,1.1835817911178226,11.614139508020736,3.667926177425707,0.09504672450704019,1.496002086365443,3.1973621841491635,2.3213797665828473,1.1414981881343063,0.6565421333499936,3.2502946275695543,2.720387922009745,1.1763227726404628,2.1519562050942813,0.9976175871509766,0.40816837070810624,0.9850631837366376,1.7045621500491301,5.596780133766524,0.8426973028498014,0.97834208874892,1.107888694552972,1.208642109015166,0.7115830074739612,0.4361618393144501,4.823306091410879,0.40304952889652446,5.163671813102062,2.0
6.084030238560784,5.497727316818842,0.6424705373158217,4.973363305348897,1.7674853086881748,0.6285403192627604,0.7641762763559282,0.2194628389571548,0.8292000994585544,5.29470528650632,6.91039209196072,0.2559236602735635,5.112658435758337,0.41218535915670673,0.6263924089756997,1.8867842370605192,3.014016005487783,3.6106646320572597,2.3005044872224794,3.1766259620826984,0.33708307631078743,2.223113588580102,4.283092058175048,6.121616398695902,4.399444564589458,0.7617958715056462,2.0114598572671016,1.914028675171847,0.7937710585442241,3.7181752831211097,3.38268108484595,5.014449029399214,2.534061602421118,0.24330348691813794,2.447394054233609,2.619835544497311,3.3335668511342558,2.2049545078560437,1.6525553296198974,1.0189189821630513,1.88494951674501,5.325318049098982,2.521905041946918,5.052159365175604,2.2221553876800044,1.2060180040208957,1.109226815541996,4.700811441662386,3.493250230800058,2.4323447951560753,1.9479279312380942,0.15185881672700494,4.843521625361151,3.3211632638175494,0.33605482401083503,2.1929831699739917,5.24472725810138,0.6239604795186661,7.617002348462487,0.9219694353224188,0.32906617445069064,0.09707137054390325,1.5141475150050796,2.411453363799433,0.2121335075337561,0.6904617949187187,0.7542889267296841,1.0436244767470346,1.5645245038355107,2.5178551748226474,0.0,0.2733368471502221,2.2464080872463845,0.5294711598762631,8.478782964595919,4.921831418230447,0.16928366111572982,0.5076170668043076,4.717402250689879,2.040752186159487,1.5961718621414596,0.08379203249388646,3.0641068150262027,0.30158764660318677,1.0255958358826835,3.285757300094877,1.7146191959833268,0.9653225483672547,0.6096604181152067,4.34592146396824,3.913693668874626,0.8685287396863027,0.27250102132206605,2.2203299548795554,0.05755424645808902,5.896346936756358,1.8991369518107997,1.328262028609413,5.111248368230225,1.5092904624102568,5.0
1.9253918400924572,4.49777840330147,0.3596336130480406,2.0369252669264335,1.343635224282899,1.7715475722956064,0.08787013294105718,0.17133494739876848,1.2156164770772122,5.480659353120745,9.048245450997134,4.451316630810672,5.29855568116908,0.018918982163051733,0.4582770006958051,2.444826061942363,5.187633161007317,6.0665391550020935,0.8304175979478314,3.127253573172586,0.0,1.5370475194046576,8.238483082226617,6.9163536279438,4.647602329007619,0.51116438858385,1.5684213123114796,3.55783892582826,0.11290026153254981,3.585491391945349,8.936174730097955,3.8301538937854644,1.7236022457476172,1.8093321197735013,7.766477891615024,1.5582186452769442,6.40587666722728,2.023077888121361,1.7401072461974745,0.2917214204578913,0.3386811246245463,2.7165080867687457,4.061430600497748,4.110179470129478,2.8089616015478853,0.6273266759691638,0.5948351492349485,6.823787566768488,1.2849286412318373,6.282486139534706,2.910425672851666,1.1371100078023508,1.1984312897404747,1.8687262690266564,0.40849448946944417,1.6608829930039484,0.9157121001480224,2.8971629633588347,10.313170331474613,1.1224739411756446,0.19067806561753303,0.12021921162499426,2.112633416985245,0.6726516293283846,1.4675403420538382,0.7583031771319012,0.09058247636244234,1.0981500210920117,0.08990486842133553,3.591739248767405,0.04893364519792244,0.2740528840782579,3.623305028247536,0.04502352169849773,11.259535552430036,4.116339802110635,0.07860983469636647,1.3280321903038625,0.12855736497375747,1.9625120065395025,1.4284104253573435,2.3966253298076143,4.560873886698979,3.0340924329065055,0.14169436196453092,0.25701061820602394,1.5868848128521846,2.761880953629982,0.882682172764669,0.8923521649175387,6.072161551589669,0.6747318093546646,0.04096254777849784,2.830579853477541,0.8343067029629078,5.065171603063367,2.6288668950167775,2.0655378464174743,0.39791246017690557,0.6921593461767764,5.0
5.432344795156075,5.891336550329528,0.9737214708048145,4.617122132219351,3.003800098989821,1.5654022038908377,0.6237732381114093,0.4508021528798186,1.7327467621500614,4.951979372949117,9.050241290128762,0.35433931337852737,4.915688201609224,0.5740530540417639,0.5180314926021693,2.1858982525462203,3.832849516893454,3.07450543636363,2.7305530112229355,2.5151321088712373,0.04572253573460056,2.2765562183860624,6.143974967501353,5.125316340385546,5.895174149825053,0.28048127430062353,1.8737344679685584,0.6848187375532225,1.5057385243167596,2.8323229488934607,4.478124053537348,2.4892603288077493,2.300065136778761,0.5146020264420408,1.8080554895248493,2.361880627038438,4.1449681595716505,1.5262691720652277,0.5273706571404089,0.8933622107638715,2.5562577288163157,4.435541923077513,0.8195046960419333,4.927943847662593,0.8576625721188549,1.7025688958108718,1.4494293141031993,4.741051646178664,2.5034250662191284,3.3576364525878777,1.8793528901036052,0.3893465361624979,6.008529467131323,1.9735010718165988,0.3050950106666974,0.31185183118705784,2.517880364396201,1.6999069323748761,7.332895865542692,0.0856965806792463,0.19383481065383806,0.21275608340363805,1.0504668703506619,0.6450560129914696,0.6708403358815619,1.4321042234686772,2.207236932084279,0.6373783948722948,1.838951766951943,1.3514021836299643,0.16285452819051038,0.6801442900638414,3.2658719194337045,1.9160179664852872,9.880291099200205,3.839768155754765,1.1527675192617688,2.3819478006891024,2.166779706120567,3.464145456691186,2.2586998155699027,1.8871353004619082,3.506246479762078,3.649466008808629,0.8999489861896718,2.4057473529224485,1.2419621822151925,2.541985583774473,0.6043560380152552,5.076943830910823,5.300661888575145,0.8674220753083053,0.49354486619996984,0.31138685816203876,0.35433931337852737,3.8941775011034783,0.6265793107820099,4.320347478271972,0.5515898423510253,2.762731499015359,2.0
1.0977456216385189,4.11026300631827,0.021479727410451392,0.9770967124969541,2.806344681903662,1.5744890818963178,0.28581647180462016,0.016924144257821412,0.17312743348065618,4.0797535640745375,3.6986074421679267,0.7805620761710597,3.757578022534634,0.05130248870063107,1.0427843980892395,2.1862469861453118,1.0831793219465837,5.379073332631415,0.19673292822219499,3.243455829030917,0.0,1.3391944073120707,6.484105899048921,1.0272248395138923,2.8261315072367874,0.7825763104122304,1.9199502143638338,0.09639680418715713,0.05408439284237917,1.116697443201016,0.22798745873459308,7.021689586963624,1.6801442900638415,1.7071271777731762,2.3292671408955243,1.824645671960597,0.48109223690635056,1.3913278068436112,0.35648190225687115,0.4665488169645523,1.7658317412406188,5.6982407075607195,0.23744134713639115,5.115382884275569,0.4128357100501642,0.3006509076426647,0.6641187073387997,7.780791704493087,0.6217119771490244,5.596315007951062,0.1457426602776055,0.15820774762573614,3.585034633669892,0.8181143041604501,0.2016338611696504,1.4750848829487828,1.5507529408689527,4.090616348406604,7.116564377803312,0.7492338984018969,0.2453739626181625,0.03646816706929173,4.15828046879321,0.06901467791518046,1.393580944971378,0.5181322359450327,0.26363540356832926,0.1405169186556468,0.3558056389440718,0.4995780470101317,0.9038866647512329,0.47321543407039673,0.40304952889652446,0.5605193215443686,0.22206262477748756,2.64775197243763,0.0,2.0967341267917217,0.030547964162966627,4.221196549944547,0.4134857679047594,0.0,0.25290002870008066,3.1091264995081,0.48295151336731007,0.5551289938003091,0.7026575433909108,4.127839600075298,2.4048213961686806,1.7957669477823923,7.341730514176497,0.4481609177660448,0.017066724189833377,1.5937840052606602,1.0305479641629662,1.2926639733968575,0.9567257887261841,3.191404728852764,5.886316019598921,1.9912814713573488,4.0
5.190535849555249,6.209568386729402,1.3476656563009706,0.28617145110701936,2.2697214052020045,0.9675375360708582,1.6745962368280516,0.20651820166511536,1.3002994736656384,4.646260600381484,6.28882178932182,0.583230227099919,6.097669784119597,0.10245657665073399,0.8606847568819047,2.4274452684516525,2.642100805114698,1.0861723251323256,2.6814492653149578,4.692321179320495,0.0,0.3087103511680774,6.1790929903142775,3.7057236111816247,5.149637389230087,0.9883393074082382,2.2360945786378776,1.8559896973084806,2.863205026165575,1.4022310094573043,4.582640298258266,2.4107209968534304,2.274231837795494,0.5970305240302465,2.131688250575853,3.296795097983457,2.4872033393261432,2.20407809844905,2.5005471374206802,2.5448315519458844,1.8501993419906386,4.021986003206722,2.1657511840142583,6.120922120249184,2.0006851174419085,2.319328903839405,2.5978410134914305,1.8410472434837513,2.7251739993673083,1.6768992389317412,2.105711597371331,0.2645964794908822,3.0591302716410325,0.1147667926655143,0.508022916737609,1.287117635788181,3.582387397748349,1.0114956388378293,5.223074963758047,0.13277423327632581,2.1537729156014804,0.1265764570133731,2.676899238931741,0.8364897261106269,1.2418401835646706,0.38901605968850905,0.5691021729535604,1.3402774047662542,1.934856141273441,2.3454815378741523,0.0,2.522783945508927,1.24379092506481,1.516771606886882,11.704889813064186,3.6441100817600818,0.3969266760313498,1.1403860322830561,0.578890421237756,1.5584635725377551,2.139862368015641,3.5778155091221358,3.3278166836326126,0.4601658946764309,0.7500919304486525,2.2819355891424693,1.736258500344033,1.7111424495443492,3.445806144722262,2.9061786904372955,4.781758366888214,2.305707923672116,0.16812852957694888,0.6285403192627604,0.03125402547050081,6.768319322950662,0.8767232065151669,4.2457846596609015,0.6330126402017311,4.6735394643092585,5.0
5.808714536521442,5.583088786557041,0.8249714654562265,0.04110277181912811,2.9430773984563645,1.6102748437672252,0.7256102938759981,0.8250529023358668,2.1254857971593757,4.611408481024957,7.2098734406565494,1.5529180417834787,5.469599492137917,0.16504364948304445,0.7331807728753013,2.3819478006891024,7.064938882510203,3.283314349825984,1.363451457071713,2.470979301812027,0.0,0.2659169143669151,6.285154349960747,5.202660631848207,4.532510220139991,1.3772348282056803,1.7480747450682808,0.4468914052920558,0.18002052146631284,0.6721990191157662,6.341509038459568,1.4306064309298112,2.9284650782021435,1.3487423155852882,5.904279360372164,2.188685763866779,6.042418898695496,2.3475806226531435,0.8908746708777767,1.4578043905265834,1.2247811943955893,5.76172673858478,1.8667101996740252,5.204547669698236,2.0489336451979225,1.604356038015255,2.1907096672831803,4.673432048366904,2.7142455176661224,5.098171080458125,2.4229864505667167,0.18827431132120426,3.0122110839508744,1.4810922369063506,0.5093411410803554,0.7860944676290433,2.3223031468433515,0.8120463497208836,8.158247138713138,0.5234615911718711,0.7506922493924443,0.2337653768083384,2.1806252849256964,0.9328171027418506,0.8523984202865528,1.0897015239627,1.9381352092008393,1.5349082398513951,0.7809819402760253,1.284454908094259,0.034779158048019,4.570657220305291,2.6112904353643023,0.7426099030945857,12.593441709609587,3.1750614591739605,1.2657369262136173,2.2365232322748616,2.9460570708974765,1.4503270872783944,1.9675744237363435,0.09491164702546698,3.6977515830237557,2.7018373453630438,0.9580631310166117,2.297338173601829,0.49446681428175904,1.1753010339002434,1.1710146261112586,1.6707950243961112,5.948659245560148,1.2911909636908898,0.31556623031894865,1.8146734625681797,0.5482393195752628,2.587196946785842,1.919912088677308,2.9286356218503333,0.6780719051126377,3.0012618062010357,4.0
1.7807720234975488,5.80577740031716,0.6911767968121242,2.3913553053433767,2.072551749042019,1.1587894143540995,0.16607267594670566,0.07189993156563308,0.8142632913997817,3.7261772795547006,5.12783134782781,0.3928669162307998,5.319556520093293,0.03407482027057225,1.519441259628039,1.2108875492208102,4.614639179770391,1.6372856438972465,0.8832297890327317,3.0977287692010465,0.0,2.328376934032666,6.932378947013908,0.8036403568906665,3.873970646251952,1.2045163697027716,1.6871502939447713,1.6752739720971928,0.37640152659359805,3.875711268068007,3.4723967878255158,2.2881222775367203,1.7922306738331844,2.037065883904628,3.3502426313748708,2.8867842370605192,4.220724629682864,2.041943829970167,1.133629280625504,0.8372166670530292,2.5521065096631577,5.2768055688121045,1.0342861577119358,3.5383146651592865,1.6465313499891587,1.6465313499891587,1.239825714946621,5.172351496367077,5.090087006830574,2.241291061933715,0.5825560030140611,0.18802105141694836,5.125171666414248,0.16632981792063128,0.6612935558553067,1.4469443239547262,1.3656925371975326,1.469260846615998,7.331258245681463,0.15536066283920233,0.17274351676018718,0.03506079690511427,1.6125412281954388,1.640435836619588,3.0202177057823385,0.18256518222108284,2.037839032390918,1.016781550233402,0.4922121224184581,1.903925216292177,1.0053281206952818,0.4129440733687181,2.787620520848457,1.2590615292588698,1.3207157217849952,3.160742743845083,1.440367562259335,3.2645064058158098,3.37988430471614,1.3069621241404556,1.6814042858128297,0.6386762828002387,4.184518343267524,3.0272425359737407,0.4296427425154578,1.4785576985995041,0.101246656683439,0.7616256922024834,0.6062526990928578,1.430766983099973,6.701899707874853,0.47892004822865725,1.1312602146608637,3.6976181566372417,0.9895023608623812,7.352594348414314,0.6200232976262706,4.09320520517819,0.32077347694587044,2.899078931861831,5.0
1.6467156610773546,6.41872124502683,0.5772475355931507,1.7895206036003115,1.7888944791604415,1.1775989293277334,0.43242497680476444,0.2428158840268419,0.29231058820442585,3.4840220920814633,8.246172908026917,3.565755571175009,6.814928478966704,0.042784398089239506,1.842576630770697,3.0321361164531933,5.322678101323847,5.661715401514084,0.7739963251111731,4.818881230106878,0.12684073527769343,1.0471893637124532,5.781792457128631,5.721558589994785,3.8352369129930444,4.427311167799883,1.7642612182171138,0.35524184393088254,0.8678964639926549,1.8131963002812244,6.156910270857095,1.0861043712432907,3.557299797535811,2.4483723946120537,4.018126720532152,2.222804561045261,3.35345033307765,3.887086546764359,0.5181322359450327,1.0794975840217798,1.5264194241048237,2.04788732939655,1.2258918616903405,3.927943847662594,2.645332753624862,0.47933405068243135,4.6727477907082955,4.9951859993659635,2.8110188330179837,6.467047926282097,1.8981696478972279,0.8924298858625214,5.1699610683675,0.35817117496955436,0.29807173493399536,1.0949791873471424,0.43306626961761574,2.125254339031466,8.502237502105302,0.6086200243604925,0.0,0.8809597385827811,0.8828386557672508,0.19509557717721837,1.7410570409739636,3.02945288578697,0.7719700676981892,1.8878761538890967,0.23143240844796506,0.6465313499891587,0.0,0.04530316795657215,1.950729680667096,1.2535052621866971,12.27607978574972,3.258865612268179,0.8013242356922837,3.25648233816527,0.9313048436506692,1.9912814713573488,2.4704327426133577,1.0095621629519818,4.782613002137269,0.747344429689174,3.066054737627507,1.7450221490372646,1.1830100367622471,0.04474382122439775,3.335840512506147,0.6462548391994503,6.092647217110063,0.6053995101618578,0.1211480564753105,3.43822630507018,1.227556261050453,1.1274351844273651,0.4776773275653071,2.0810327834960134,0.6640276597201467,3.932854888916494,3.0
3.2429835161096947,6.075280180233395,0.9476287565694106,0.09207209450292904,3.112733489474509,0.922197848396367,0.12895322038600612,0.3320490837489743,0.07901963303483801,4.983217089575039,5.02042663772141,1.5166707684832,5.940455730480134,0.10178452416693216,1.0392787953513676,3.8400804786568066,3.8274125743988576,1.0619144132450526,1.9550151564370706,3.2793821459256494,0.0,2.18947668909787,4.771373256890052,3.7240608507975894,5.048580598444392,1.5349580265838958,1.8879151356381334,1.8905634265982916,1.4847568489299854,1.574149960509702,2.817029686397146,1.7944782518138198,3.2626736869818362,1.9930946314603866,0.8443053001639366,3.3780398958384095,4.96637509156184,3.5618026787201784,0.19673292822219499,1.7061989874297772,3.0399981383760113,5.271253845303613,0.5643293868429373,5.306816342884621,1.041873760515291,0.7739963251111731,2.1319515941850247,3.0021984340571235,1.90977310414164,2.2851950477770715,2.184407258693062,0.38095104362584714,6.859944708216534,0.9960994552814445,0.20614306969137305,0.8709761940324043,1.0664681172982116,1.9610676262677909,8.089392745675408,0.20701822594562194,0.14221736180382347,0.41543418587318104,2.3064664077568637,1.2943707826193236,0.5101517577842994,2.5688104148803244,1.70871697319782,1.2140004297296065,0.7212413999767472,1.1070852258130943,0.01335505866906758,0.6435791657317148,1.0842003616746552,3.8048383170215128,9.784551912744663,2.224565131980658,0.9946521286744151,1.715366262379195,1.6700245113260024,0.15613769788898613,2.562425611960623,0.08270258933024935,2.8118614507143436,2.272680167625931,0.9386245454662195,1.0344974641994449,0.5203468115194013,3.620762338144418,1.8568263771860802,4.238259507083986,6.396849633270189,0.9893570304461318,0.08651204657428184,1.811142173669308,0.8811164085119016,4.918400546826157,0.719227257433423,0.5726956795752051,0.6367290127897478,4.578842127765581,5.0
3.6749012570992936,5.262651139058685,0.5966489596162559,0.15652605852865611,1.593305959250491,2.2224027262642227,0.2809563138310563,0.08990486842133553,0.5399280433528023,4.436967998460152,9.085779156955887,0.5414157158190932,5.909259478559556,0.7136958148433591,1.1288212806501339,2.0682236606732833,5.445849173639183,1.426264754702098,0.7302269219463682,2.506322657655851,0.0,0.9255437586984934,5.402108191477879,1.3118518311870575,5.061257770902945,0.6695710760389657,1.6067264750128127,2.0524158941511383,0.36725922448866966,3.6766510527411964,2.511645139336348,2.4265331381166733,2.0001081980706896,2.0889895925678514,0.3677065371163563,4.32734964204606,4.91906353144199,2.915960621486337,0.6539771786363369,2.0771062441059787,3.930756258029518,3.9017357850762218,1.4315159904064376,3.3324501586452695,1.820485342986379,0.3451692508566537,2.4641977462488613,3.571349163297243,2.2733070045645394,0.41543418587318104,0.2333972641018831,0.10447085776291738,6.902253301862616,0.03520159571856608,0.1265764570133731,0.13855237515264854,2.0518245044970738,2.217261741586868,7.912632501680092,0.1194225826478845,2.6145685119642086,0.20075543159558676,1.571337026806121,0.6673926006671054,1.7935629945335823,0.7123756728806728,2.434721624523667,1.2918392732571145,0.7470865830278182,1.0155689316509675,0.12419577158719183,0.6355222414597538,3.554687074379261,3.553962524702498,0.9179281633071166,3.961132469200484,0.01378381543309969,1.8247678531432938,4.986456445418793,1.2348078530271667,3.906399995887937,2.423954594014897,3.2296955825325666,1.9260753478760422,0.49508111918390363,2.4923403243718263,0.2703495287331028,1.325961996171852,1.0030984646806524,1.6818989832241134,6.150632784268997,1.090108184223089,0.3935260322283555,1.9980149292696834,0.22650852980867975,1.2162375520538233,0.865602138912267,4.038971649442969,0.6535186707535996,2.851539179601608,3.0
6.677861966438904,4.8825696901218,1.2835069748888595,0.0958569239148305,1.6833820584867007,1.0402612230644346,1.8329305102992797,0.18256518222108284,0.20414071678022522,3.8381147408978973,7.568431953230501,0.5327657833868525,5.386855771386584,0.01592568999025421,0.5314687994101774,2.1472089960336023,3.0615342883174126,5.510208737136579,2.127501219215837,3.808560099391361,0.0,1.4228788389573066,5.308848662022291,6.503639725652236,3.7882576406240607,0.6548937574733228,1.9980510458545544,0.5725986753700323,0.2745300446716233,1.760902206127199,4.92821870177992,3.905331642978326,3.2114172129893555,0.8833862126521942,3.389181307388236,2.3480624137351103,1.656130215914078,2.1961663631284947,0.26159098896412525,1.876251711862823,0.9068905956085185,6.778760522476703,0.0550567933689351,4.0339691399393605,0.911499848861108,1.3119099422796838,3.214637741488673,5.715802787535838,1.1585955515008968,4.380902572601159,1.8303364633393187,0.1913099674457286,2.6460704692259225,2.334825672516185,1.8087145365214414,0.7209788451443522,2.5708514834229197,1.4384525506779824,7.457675544579802,0.28368475981474195,0.5922537001149073,1.8095790790689983,1.6839658819170265,0.6082415132627188,0.8102374305907253,2.4388251131756244,0.552180304176821,1.6318493077400242,1.5931146964846152,0.9086592169925295,0.0,0.2337653768083384,2.8733210629148167,0.6102275895446929,7.763539716856482,2.8489183340730597,1.1172960856572416,2.350921506766911,0.9035782153319407,3.39829563884343,2.146361961616191,0.03294716409912902,2.885847650131,3.8909719209462934,1.6867470248880885,3.583482979920233,1.529970829136579,0.7310963296145311,0.36535659703048,1.4603756192066577,5.601155701582538,2.0935601761623377,0.08800587129002016,0.7075247908996078,2.3928394465282907,2.883738103797698,1.5428523424700684,0.5647195944430954,1.1385523751526485,4.7796116824171335,2.0
3.1113485368361404,5.156339982100647,1.1432627930386199,0.0,2.330931215385397,1.0477477632707868,0.25362627842137686,0.41012397841292675,1.2574331030035804,4.128342897932024,7.160978659374583,0.5435948642526014,6.031143726166566,0.14990966753492424,0.5754091526089449,2.615110210037529,2.9308886943485986,5.275819080081651,1.7651103618795847,4.128969712004606,0.07833657112117902,0.8474357493625212,6.337097352433956,5.892262294855169,4.3507730300694165,1.02828624307911,1.7017264720188794,1.7435149680500681,0.41997028720837626,2.4428373626545667,6.897280365404787,4.299083437436684,2.2412300355154455,1.5524754444910331,6.620269686532907,2.937833996674571,4.48141519989474,1.5567482078585353,1.0508847400250934,1.8137298944814135,1.8589358426882492,3.6091048466189593,1.7039866038634306,5.377259125613593,2.1116990721974203,1.231493850710315,2.905273871628198,5.573389675633889,2.451778185619488,2.472617738134683,0.7376002403722687,0.3532103556240008,5.0608601842443015,0.8005789777983685,0.3655805658333654,2.8853205526616015,2.187165970859719,0.7360419737499677,7.277201835663142,0.9779026669350079,1.264416326516698,0.22934181304355386,2.4890290638504373,0.9059669751922802,0.8808030516381917,1.328893895213839,0.3408470770504139,1.5571404710675287,0.5932103310370939,1.6738277517734519,0.0,0.38912622692470417,3.2997868122788354,0.5004961488878901,8.05033245164258,2.908755275628077,0.22663183180789062,1.4501686973083294,2.1504621938873556,5.86547099505262,2.1596937633840008,0.2967804174264251,4.269197759941677,2.2090789961845285,0.8062828074782075,1.1783640818468035,1.4061012382118598,0.4669663842730794,2.424035243317033,2.5110125392679423,5.184736520211741,1.2254600371179754,1.0604624879861069,5.63528424912127,0.4775737191742332,6.243303486918138,0.6288202458634294,3.042118988719959,5.52134603188235,3.593628657681571,2.0
5.191444210935411,6.045991129169808,1.4104496554618033,0.07409435357387338,2.333194716335888,1.7847133574369929,1.2476237561962504,0.4734232702791968,0.911499848861108,4.8882415664430505,6.609754962172444,0.8079318846891248,5.552223349233381,0.06391705369231143,0.6535186707535996,2.3619648220199845,4.475752882903229,3.0415759273596734,2.8406847825880486,3.503755787449499,0.0,1.0698396250686342,6.803281291496146,5.1896387752281505,4.90776556521937,0.6104165971489052,1.7525345258171736,0.7715475722956063,0.6675742659750189,1.6872398939846032,4.708391428595458,3.106398575075743,2.868192877726716,1.7315308370541584,0.543099892195429,3.583314482960231,3.1812456997197107,2.791980726666778,0.9773165629087104,2.6505807646022403,3.829900286626605,5.111310974423941,1.6240540911101005,5.702876368784239,1.5282212290735284,1.580290229172851,3.585419281830912,3.649914313135874,2.4812731050869785,1.2505978230482337,4.046866440346751,0.635243612359028,4.088887859397697,0.16272565284620308,0.4981487262101509,0.40544784370753517,3.5794094739909297,1.0898370901196204,7.717906687603368,0.32745743429415336,1.300416627836874,0.17912882877215228,2.3539160577428535,1.2000020660218675,0.3997726611017057,1.7511208957517463,1.1490642177155406,1.0641240648189452,2.43349363984688,2.3627504049947037,0.01592568999025421,0.3900072620915592,0.9347052001725616,2.413187861080041,10.589803459358862,1.7378165332379816,0.16169423543613154,2.9947064296338617,1.3162616167595755,1.6248495444893738,2.270708333719215,0.1685136761974936,3.468074960908176,2.4612142125839793,1.0694959544124225,3.1032794145255473,1.2392758258825578,2.6409910396439074,1.5681294165004913,3.12227513613536,3.6827979987016484,1.7885186740218353,1.2172927662858768,1.6806394196398533,0.19836842310251937,7.861139028229507,0.7356088230453932,0.6735564239901447,0.24841339205081803,4.844219920368938,3.0
4.651562644900483,5.971973424519288,0.15613769788898613,0.09450633868149234,3.2168893931496867,0.5131875203708554,0.6531517595001243,1.1543887801260806,4.856677005648027,5.471337055813598,5.82452857194998,0.7051374667190209,4.9603217229931955,0.0765590951316044,2.5046458141186196,2.70460641332374,1.5639390736742693,8.938253441461315,0.9528553771737426,4.557330435224118,0.0,0.2794118631106937,6.163512821032845,7.277040923518001,5.906084865923548,1.2651968269844145,1.3771237491294872,0.9568744435476334,0.12167855658825247,3.045617705217977,7.261958558294024,4.698168460965373,4.663168114700948,1.2757818408810828,4.7850325950697945,0.9509162706440615,0.6750029161939268,3.2597696226415946,1.0887522040105835,3.336954584844787,0.7294440068336633,4.188385098550622,1.0048968432148475,5.394551868843447,0.6801442900638414,1.5173260921560117,2.788810975366884,6.788106219609762,2.5903864433506447,2.3351402063142133,1.5988415781332854,0.18878069779214163,3.987439114774932,3.6023974911953967,0.8140171327117017,0.7371675573348387,0.882682172764669,2.066054737627507,7.983014673242212,0.28000607830130464,0.6456094411834958,1.4154341858731811,5.051180657831829,0.27118660159725294,0.3403913572200783,4.951662389320647,2.0725174502000345,1.568907674127396,0.5120751489948355,2.1677432801089367,0.263154625411455,0.0,4.285024849270303,0.1676148407551113,13.456859128888517,2.275334895482394,0.4271770546821001,3.2466969013889986,1.3671473746579443,6.346730010403616,1.8209345834947372,0.0,3.4532409977453296,5.224468665097161,2.998538531277643,1.263815654078639,1.354395738082404,3.1828511758865825,0.6290068334271774,2.983440569832259,5.457348043534357,2.6966393192371365,1.0941009164388669,0.6996404656896384,0.5187365483139172,7.2143171777758335,0.4202937493466222,1.122142584220448,0.6711121749127757,4.7818422798771945,2.0
2.5735926594062,4.758585675473629,1.1261799488231934,0.8745215786001669,3.688538469616942,2.335225976359177,0.5854433189362013,0.10030490579568548,2.4281155848013696,5.501260787727524,5.930224025232454,3.6090812005322728,6.739551110203734,0.12366619645381971,0.36030808479519605,2.3372829291808266,3.2983943837942475,2.425190721493447,2.0274725702006506,3.735218876189111,0.053667449038825296,0.11223305759849703,4.839959587489532,5.977950735215281,5.855693256789349,1.4889776666028538,1.7645584753534687,0.06115406320710068,0.7157176892223892,1.7842108075613587,1.6673926006671054,3.378497751119336,2.0664681172982116,1.4052299797625591,0.42867840994823014,3.6763464022334262,1.5401264883381067,3.477107389313366,0.6072000953975163,2.2380225178257205,2.049665615010043,2.8172753316506682,1.4710313442715275,4.110171116244558,1.6470381488335222,1.1342209397606338,2.4393039807736705,4.639538963840127,1.2745896786507942,1.1216785565882526,1.2577951343833698,0.35219353774503176,4.796571798593163,5.008796112328886,0.3732862742730244,0.3127813279033618,1.3484024047125414,0.9108093989599713,6.991504839747082,0.08215755908542595,0.10111215847415045,0.6391395313804283,1.6666202678025355,1.24074173121534,3.269347392268488,1.6407597310158624,0.6794237981125967,2.324090516037983,0.17351124806392174,1.59564687262412,0.015497569395325591,0.5966489596162559,0.3560310952722207,2.348345745113481,2.4911347760014255,3.235926144142871,0.2879450386445189,1.471759741653384,0.3520805137298626,0.47747010334189877,3.332421514135815,1.4832611599521273,4.55736719959127,2.392015112146068,1.805870243478459,5.910641531345977,0.06502076994841134,2.044534010276908,1.2118221188206935,0.9433587626778102,4.252173413202027,0.8375396343794035,0.6195538689816157,1.2454956628199207,0.014640946881753174,1.4807304325054853,0.5003941664157953,0.4186757129428916,0.2821432287814984,3.8209958327269904,5.0
3.458815062664396,5.462762363692805,0.22971096184702383,0.2817872568158263,1.4065910899649297,1.8411680435486493,0.38537581335991344,0.04306447866493742,0.47019843955566676,3.7803520982876657,3.350072862600741,1.4425454561053042,5.432612049990096,0.04921253463256027,0.9506923597756294,2.2967510558641955,3.9720033038083558,6.714319711503258,0.6337566809819611,2.353012697155497,0.0,0.14313215555576805,6.307446740923725,7.336907289965617,2.282973488621589,0.5668638517557797,1.621102404196702,1.9407305601848623,0.31173560197926975,2.8972404255747994,8.175655331919716,4.464857738964054,2.1385523751526487,2.785989884344048,2.2707382301070784,1.551688269438963,2.4685051200344845,2.4026676109483276,0.2974849157105747,3.188638294561388,0.8786861106260904,2.4038675842084176,1.9568744435476333,4.866339291949518,1.955573194211749,1.7338315442521568,2.102658131363739,6.219367966526558,1.7986312096914732,5.6540459422521305,0.44678556214312243,1.8442249428496935,2.307515958605861,1.5631581304028077,0.4008657775662529,2.5714098442214497,2.6331754319144913,2.0129619196664787,6.487541015341397,0.3251561177415914,0.3592962588921973,0.10634831950514671,1.782240799936093,0.6699338356689607,1.5515898423510253,2.474306240288402,0.14769744361387158,0.7767777904280543,1.1502997081016821,0.7410570409739636,0.0,0.45238457602946147,3.3924822927910405,0.6689360271190296,1.0464212112487103,2.8822908909850233,0.049909522443058005,1.7284865332427695,0.4485838404633611,6.898926618393209,1.2647766099717181,0.03449746419944489,4.253838032409076,2.9442962473042673,1.3256166748216045,0.11889125217842651,2.0467704221624503,0.5224575581152087,2.1032626266060848,2.1757800640341025,6.066440131787782,0.5903385331790875,0.707613134492354,3.894196907163819,0.48769213995453226,8.012906625901262,0.539729571067321,1.3586775713152304,10.454824038909985,3.2892147698170637,3.0
2.364404341528333,5.1725915214967175,0.7824924401078212,0.07587486697512764,4.548461285938953,1.1630478196238285,0.26074832839644746,2.6822361796825582,6.70564068067434,4.737529938208349,5.682244608584325,2.0191681430702797,5.160516874029895,0.36524459958906297,1.1788102334832464,2.0814418942696196,2.074197135253174,6.451158349448887,2.910732661902913,3.450063094333434,0.03787416566112011,1.1542591462828007,6.710160347310098,4.290549734764716,5.100485736016621,1.3674269829773047,2.125882496148852,1.1301401353364484,0.7249121593156101,2.0806235566763296,6.587659021109127,2.9426646316460014,2.2706186408382596,0.7324862930299444,4.795917566922104,2.211853260716605,1.805870243478459,1.434508137039886,0.7948525079551956,1.5547852903940642,1.8439436569972263,3.9474043348468006,1.2491419032803475,5.872831221469714,2.157722846143117,2.525668007375278,2.1127001327493624,3.8413592896341866,2.2918392732571147,0.907506014212663,0.7400208702033827,0.3431235194018521,5.394318632281458,0.7942702897762277,0.7488046909370681,2.1989969662401085,4.039752549374999,0.7840013601022011,5.483257934809383,0.5354557994352918,0.32100447447112396,0.19194159262147997,3.4211694286262535,0.8022345839484915,2.816538270377672,1.2090789961845285,0.6638455472431453,1.3886855074953142,0.062259894470126094,1.3037515287411403,0.11583229865256488,1.0494913701651036,1.7500061502042006,1.0023784851064284,10.403987377587866,3.2782524390686785,0.4317833988038758,1.9762903075647675,1.659833245699991,2.4222330006830477,3.464642130986978,0.2697513220483746,4.318569923528578,1.952035304007472,4.00539998774259,4.845459942211951,1.860843644001106,0.10151561549124423,3.8886848094345297,0.40838579140641373,4.603851818004919,1.4062645406106862,0.5991273263349701,2.5574345984978826,3.5646342455484104,4.687715800912093,0.6445946606032557,2.7808140092968006,0.5294711598762631,3.768036076936008,2.0
7.496582984574378,5.491641485538507,0.6492015588878607,0.21250708529447856,2.925885517083141,1.3688800733249518,1.8302958943239231,0.9717366667362359,2.3988428604555474,4.815954496363078,8.491155625157464,1.3368546391254652,4.463033855317493,0.2684343935763835,0.8307420907609153,2.4921608384470724,2.693765712217783,7.26671815158178,1.7163763839121258,2.864968579022461,0.09356017616233782,0.4957974777931403,6.388203316412543,6.688600010999123,5.236856116427594,1.085016673488714,1.995086479134083,0.6857159359906515,1.4273379889274438,2.0925457415435655,4.820076821097514,3.537420324878343,3.2294648731400923,1.121148056475311,7.08508680373762,1.0342861577119358,1.8840117375835215,1.6845943507356167,0.5126820033395474,1.6937211150820928,2.2893623404769397,6.134321579839435,1.388740604787264,6.438853384080495,1.060808317036086,2.2237932162430325,3.6153809828201924,4.931862673701052,2.1390110079722526,4.407427535466805,2.315334360334379,0.26651671275450495,3.07260319577612,8.24477577099707,0.3494785145191087,0.257493447876156,6.053865078050541,0.6835617216302566,8.281141833671972,0.40795091723857274,0.9086592169925295,1.9821448151054188,2.750799422922605,0.7620511028271236,0.7384652173397763,2.4662355621504046,0.3379964635150159,1.2097028912992893,0.7156298405366631,1.4937497944731681,0.01378381543309969,1.0158543453797562,1.9197977055721394,0.8701871461890159,9.64165638728013,2.662410607590491,0.573665363064385,1.2618316587521363,2.146427135768754,3.326738667132897,1.421479157103307,0.4169478049098378,3.792574280495985,1.1504296981942053,2.5711428290617317,2.835378414128604,1.6973290237937193,2.001694171542067,4.210342103908844,3.6536447749485044,4.381567176145302,2.2708279155536646,0.30240679455772584,0.5375445719645746,2.041242982231881,4.79961060267691,1.53391214422658,0.6503969466697892,1.3957209132859527,4.1040850050114885,0.0
7.727284712071813,5.763207054233697,1.146133828893375,0.05450121618256057,2.914889762900624,0.8044666427327777,3.820485342986379,0.43381408445802727,3.8831320156572824,6.185398782634646,5.209129697734048,1.6855813917897777,4.6953257440815745,0.33833883468481213,0.933194919960427,3.1667957709618713,2.6576857317427764,4.354727188657962,2.858955728627185,1.7486759037939397,0.07970237169737819,0.23523688908981516,5.515807050980866,3.830620414508818,6.29309086504681,0.7291829406856718,2.5525000367920145,1.5463141792080055,0.4694692532672656,1.4211559606622235,1.5170236720645807,4.132749560927438,3.3796071005840362,0.5710457203859715,0.6849982218829999,1.56613321292951,2.2524762141352173,1.8475961022626406,0.7136958148433591,2.1730954443224406,0.6984852076568235,5.316431790510473,1.7428685510244426,6.569085459240532,1.0602549507576848,2.4763039121532757,2.944914653610286,1.9604746414249004,2.5444359272107033,1.115499412557526,6.5527182750956,0.3287215954018278,0.9141052371184717,2.467201212783215,1.3329083934657777,0.5821705905918426,6.311128878806221,0.48243528799203483,5.606682065129109,0.5588553696861714,2.030088838942588,0.18941343103367256,3.2790254919510953,1.4464679860973255,1.1638207264904181,1.1526377396511127,0.6029319040696399,1.1160985522365798,3.3684191550813956,3.1717032289776967,0.0,2.6683687828420255,0.637842060324105,0.6789733078541699,6.140739807178997,2.5158638074184894,0.4004286303646994,0.5670586262991953,0.7878503341912997,3.0804530112360955,1.8292406992993004,0.8793136763108875,3.23112515787905,2.614097304774179,1.7396753145033141,2.8353582005303566,2.657640005207824,0.5903385331790875,3.980491495167472,4.1036319157153365,3.3886717328435396,0.6713839627325168,0.8961555758850275,0.22663183180789062,0.08596845386216505,2.7868681483976867,0.759155833800272,1.2629742922880491,0.03548315212868861,2.338624081940598,2.0
5.6142445735543705,3.9298572617170486,1.211697544514348,0.0,2.001514035063554,1.0446738876321549,1.4150555328541454,0.20113196690788698,1.0436944612259778,3.8310259621139195,8.74736927185542,0.47238378969464284,4.293686830010404,0.0802483300921203,0.2753646961504364,1.426533138116673,3.2420231776719564,1.4195928230306183,2.8593335093962686,2.398377735318621,0.038576651452323155,1.3846577110944294,4.189611103275492,6.271737534047351,4.334325136466724,0.44222694522181843,2.179542897492644,1.2794712956444676,0.3139423572923462,1.1596291858212278,7.020401078523449,3.0240359354555095,2.4822287461103807,1.2834477083779794,8.41272098844902,2.2561954765417407,2.4262379136144427,1.84675405062994,0.3760680711336855,1.8688842730287736,0.44052703187585196,3.924289951518217,0.13606010688026618,3.65208489368732,2.127336126577062,1.089023502030449,2.563280180658021,4.751217323633686,1.9964610601761588,4.014149944292006,3.736940346782075,0.09410091643886649,2.4102596861180086,2.2125382124084294,0.45596498891751785,0.5533605033353275,3.278059111106946,0.5870769032646767,8.210575891437117,2.6618179939720865,0.45407058313495846,0.2576141300495409,2.581592278836014,1.4666010194880648,0.7117591929832342,1.8822908909850231,0.2796495785570857,1.0400507591518504,2.1114320053619875,1.0272956240509075,1.7806040680806254,1.60055521900627,2.86738253587587,0.5211512696379043,10.574635814238084,2.7034329774546686,0.13842131042024963,1.8974340629203539,1.6943899274073104,6.350148907334254,1.7575353550288006,0.5180314926021693,4.019141449316959,2.954252155565655,1.7391136099025122,1.9834223278435392,0.32757240381574204,3.7831108690150295,0.6611110979012392,2.507591697392237,4.684493365280586,2.014426711755872,0.4997821201473117,0.7578766597478961,0.6258315582335494,6.3364887073249685,0.549619889097734,3.21204009797664,1.8839335617976025,2.5520819106531074,2.0
3.455097028373406,6.7344535699345744,1.253807783742229,0.2937236099049341,1.3649645679414344,2.2704691403105777,1.6840556799402653,0.22206262477748756,0.13566619696904392,4.837630455914626,7.640009168295253,2.0453031679565723,6.046434308183557,0.07669590183038302,0.8796273568123981,2.6506267154260903,6.368003504047046,0.7728146874991937,1.711494906650088,3.474838358238096,0.11556599592160316,0.8083438596314966,5.74966029686123,6.051180657831829,4.819417835795678,2.310892660067536,1.974896363762007,2.126708602196968,0.47923056120633617,1.0154975693953259,4.700927932307963,2.5615949745206072,3.3833172181705553,2.6753643127491458,4.998434728741063,3.9938283134588644,6.026127234850307,3.1850577752822353,1.945345507361035,2.407053575061339,3.599103516146397,3.816988741454873,2.6897687987517824,4.592355372273851,2.321264302484593,0.8366513001998191,2.450854928291486,4.607679477677784,4.511271938846661,6.560991546393581,3.6907299621565595,0.2947824686980726,7.190105165418904,0.060185765046563026,0.24695526504295232,1.7146191959833268,3.0224743465748993,1.317072477536971,7.472749317462481,0.717999879468506,0.42889276178591573,0.1526377396511124,1.3127232518998562,0.42298645056671685,0.4441369565875916,1.060808317036086,0.5971258993676621,4.200119805328152,3.5192776966073254,3.2752603911190574,0.017066724189833377,1.00863030514344,1.4564907715833793,2.823484434353429,3.096700398080231,3.194748976202562,0.046979908144409395,2.8147349781866047,0.28912622017512163,1.30439421966803,2.5324915186126455,1.7404958741870742,2.818543832917051,2.795808499460536,0.5438917659941854,5.0529375073080915,0.10097764772482092,2.484473302908547,3.3144065075548195,1.2868811477881617,5.030371394830756,0.7865963618908067,0.2899524722153964,2.8062415563869245,1.1636275385899055,0.6901041610445797,0.4785059269367176,0.8638591792878826,1.268075022534324,3.7348830041402845,5.0
2.0702862745651003,4.518906465569214,1.2295263992522574,0.09193673821058518,1.1296786733257869,1.957023083053317,0.02233230009805639,0.8132784045433122,3.226308141581274,4.186714473935715,3.2595888658783494,0.2047667506546134,3.794810928733609,2.4894658665412033,1.7976355895300014,1.3793991625255784,2.2759010029395372,2.2443695440426,4.270880229489577,1.5562086717395853,0.0,1.556699167457392,7.890638812234316,2.9572088609024334,5.6626099901321405,1.068189258778968,1.8218734527629417,1.4452499632318974,0.3008851494098441,4.033352517004519,6.444397066270868,0.6578229026524012,1.1469809972232294,0.8865891649181815,4.492353143940604,0.6217119771490244,3.2327374938473334,1.2885948081582264,0.7478599848015892,2.7741439617861245,0.709025896748234,1.4603231909322487,1.5939751793205557,5.283084647863441,2.7495342676692616,1.8168454250050565,2.2302337610149108,3.9428897918187933,2.3459072748976006,1.4897484331203352,0.15146919750307983,0.190172344802298,1.9338369822429753,0.17951105027151046,0.26747587179649235,1.4855298731358504,0.9387750770858144,1.6283070055983253,5.346527916272971,0.01106620140620535,0.7685866350008881,0.13750352374993502,1.8345898738608468,2.0712821485007393,1.505281211453267,0.1094274266861541,0.7053144410863783,0.503145165950165,0.1962293257942208,0.5703657765736062,1.0716940332696834,1.0079130816432649,3.2879154967120936,1.8749149729365528,12.30054844350721,5.415471369649845,0.12446048627433613,1.8491185665532757,0.6787029461628601,1.3212931693755128,0.8219550647013534,3.5268450532578974,3.6399730041620915,0.9522590065598088,0.2680750225343238,1.0338634518662841,0.07901963303483801,0.8468743738149157,1.3143484969377552,1.3142904839879959,6.21213739946739,1.6510861431864499,0.2970152884144715,1.7696871212230363,2.9402795300516904,6.714547764964174,2.975776906004421,2.161823202945348,0.07983888066667044,0.24610400988391654,5.0
2.122374542079948,5.053159135804607,1.778713221086107,0.07997537672059589,2.0311834348874465,1.3870316095257043,0.40075650318325134,0.27262045466299184,1.7919390645953344,5.552318658716974,7.422684613314398,0.18167506141489687,6.682760082802673,0.46079497682632115,0.6464391856143303,2.0360461001568595,4.294929470974607,3.2320774217299895,2.49710136055116,3.8842364693743097,0.11663091203630645,1.0492822485682034,6.712920377823647,3.1598713367783895,4.731080033039558,1.9975453313704845,1.9977259640368226,0.21350281998391651,0.44890095114512774,2.985846489879915,4.221567788538409,0.410232545598205,2.4224483122334646,1.2069557323872793,0.23351997877391634,5.083119738983989,3.337211556333908,2.3955838310057085,0.42910708178049967,3.17482184465716,3.0290994573087477,3.9483018123506355,1.046351358921445,6.021342025191591,1.6028844087184186,1.7325731212951982,2.775134845523454,1.6569996814940364,1.294547233895515,0.6963499901369873,0.5175276703372659,0.4706149520207435,6.208045076041417,0.6006503616211947,0.16298339202346543,4.265451899039316,0.21462220064854812,0.6518668347652438,5.597960164724217,0.042784398089239506,0.5954081778566309,0.037030730944967026,0.8264366264225976,1.300416627836874,2.1698288185667884,0.4494293141031992,1.7428254462561912,2.2993618976515586,0.3661403357705043,0.965026959565137,0.0172092900322231,0.30275771563803605,0.7542033956763976,4.418817363596325,7.323548413193631,2.7255012326178187,0.016068368627653675,1.508225798898102,1.8600887742895116,1.3233124177579028,5.378691948863725,3.4733323456219845,3.7989629304507626,2.4318903482861804,0.617580599005267,2.0382605751753498,0.7617107843633438,6.000076641138285,0.19811692915245535,0.8129499594557493,5.343183938455204,0.6649378774417523,0.5235619560570128,1.7366048753142485,0.032524065692199365,4.511360503631533,0.9699701011593167,3.011298829215715,1.9631781561738912,3.946618583783905,5.0
7.030245575996426,5.7337800355499375,0.5365502955359103,0.7265696776099158,1.8349134297010388,1.6556723918937062,0.6178626600132147,0.9041950482378749,6.218042973035585,5.6072089742949025,7.159864274617548,0.7216788852094682,5.692519260700577,1.2041407167802254,1.0224033250846989,1.9765835978769972,2.226076889804339,4.185184671155208,2.7614767688432917,2.7422865279598523,0.0,1.3003580519404456,5.530838593122712,4.6537192858829215,6.626407011551286,0.7343085900969069,2.1009440180778327,0.41608307420835816,0.5975073376780047,3.437853587883869,6.1069177801553565,1.6838760783041193,2.4220714959299015,1.2710072697226236,2.0506061736907872,1.3155662303189486,2.722509741840252,2.405692901326258,0.3780676487800338,1.3172461741408799,1.4506438150603227,3.1964968864721865,2.0705610670786596,5.304529294415148,1.23786960086751,1.4995780470101316,2.368516937923808,3.493378340541461,1.4289463447694828,0.9843341448404885,2.9150810459537126,0.11423374442708778,3.05647948410697,3.8445262597022474,0.3062622397278507,1.1407132259525896,3.0622944380428003,0.7594115325645764,7.061639048650097,0.21822319715473792,0.9732806391531195,0.19067806561753303,1.3038099670212855,1.9428710298131766,1.0985543072207296,0.7507779888534919,0.8927407277793477,1.5833746627050742,0.9544941263637575,0.9281997480045767,0.025454096427749127,0.9325903649085177,3.102120589541717,1.950617715096224,11.986795984168849,3.6844821442381157,0.8059527657173425,0.8394759214937555,2.216454865144757,5.297040975109142,5.0632570074177785,3.867797645879606,3.42639895265028,1.9887755623377459,1.3946238901619292,2.141759747313899,0.5946440891047674,0.9718102267128428,1.567448096515744,2.304861451488449,4.943180571709103,1.8565076992068428,0.3422133734583227,0.8181961290217081,0.984552895194584,7.166096784953832,0.5022287488414667,0.6114556965848733,0.11383382895927714,3.964241507595378,1.0
4.8064632671355705,5.415802601000475,0.20926619305002617,0.03787416566112011,3.066003056839377,0.867026632211542,0.7455385345492702,0.20088095428595948,3.0251882974106636,4.351720190576324,7.529998930392104,1.5380414533336637,5.105950401103854,0.056583528366367514,3.146752962374974,2.1651401518994433,1.6871950946602747,7.138302522720856,1.3478357085622392,3.0794122472434178,0.0,1.197676709219822,6.909558315688244,4.999576146075145,4.495464926959954,0.9743090368836541,2.0360812771161028,0.42395459401489705,0.14756720709463242,3.6504888585636115,3.351826177316601,3.7249121593156103,3.586260342316803,0.8150015155605296,1.866433264258857,0.8644932264511459,3.9381916795489214,2.221938931628624,1.3096418734221604,1.4574366977723685,1.6176276130029865,4.724683010280736,0.1544535926798724,5.004815964332258,1.4534912404074587,1.2800654863616352,2.6766510527411964,5.894994755371652,2.2317703085133815,3.401193551063264,0.9052738716281976,3.454649693309311,3.6618521898369245,3.110229592423189,0.5956946068389204,1.4290535047666273,2.252536766696175,1.6176746254686813,7.695501838130662,0.5718224068332035,0.7751769956962974,0.5708514834229196,3.039313893577619,1.7587295684578625,1.3707222751481674,2.15953231405686,1.8232602282334436,0.913339434753822,0.3655805658333654,0.7256975369468612,0.06336487875842937,1.3056203806119313,1.0452332614736564,0.8931291860172123,9.135788023045118,2.2476541347991486,0.4918017995940514,2.940072760773615,2.0675010485665717,3.9778660424083725,1.0694272104560145,0.11156554495951766,3.3947336300198065,4.627886945894997,2.1084240918930273,1.3483457451134808,1.4231478529320347,4.604883797235416,2.8991369518108,3.695693220330213,6.647061180915085,0.7139596983378401,1.694835630101976,2.6991518155702754,0.27810372755144225,2.7226190294677304,2.0450235216984973,0.9036553338694915,0.33193447043881363,4.1977474679118725,2.0
1.8159442526049554,5.744373715924762,1.4592742251384896,2.0616034093906768,2.097003928099888,0.7735744227713075,0.23474655174432218,0.34437403328573263,1.441058469993214,4.817459538146652,8.464383603945294,0.8494388807288565,5.20887227142485,0.03674947642786828,1.2032638127210804,4.949586290178782,4.281342168308202,5.931423045992414,2.1446337728851534,4.544590481035543,7.270065411485576,1.4095810199025518,5.8595223626904875,4.809013068103287,6.704772388509536,1.4229326457653648,1.5382898298584897,0.33353822878821676,0.7263952916504518,3.538749213731465,6.1780333625837915,4.010072637481762,4.165767260312483,1.6117389574989458,5.704033652312988,2.710856014729441,2.029311524785374,4.428919553526464,0.9109628608302244,2.3413880574448935,0.9337992217822952,4.311103441723384,0.7869308610902855,4.307486814723411,2.2620422118874193,1.49523465454731,3.199358254585107,4.85491823795099,1.3315905758662372,0.8406847825880489,4.363899951686622,0.19773960600635554,3.784807566052824,1.0338634518662841,1.3492520317806704,1.7411433549553164,0.8428581832559774,1.2295879227406517,7.772361425692802,0.6612023297627099,0.2237932162430325,0.556208671739585,1.5135412769287615,2.0053281206952818,1.1239972036919104,4.432932690453896,0.946206829037528,1.3195601327601851,0.046281503211910255,2.8268433516489644,0.07901963303483801,0.3791773288908076,2.2957524070318156,2.4034586145354875,10.352321230983751,5.334210703839659,1.0535979466882934,1.44726179517457,1.330787836265524,1.583470945075698,3.3413595898493464,1.2562860705850918,3.7619022233770787,4.520943913191434,2.371753996570084,2.755913054039524,0.25326319925980556,4.296082918837117,1.270469140310578,0.7727302477671809,3.853995647176393,0.882760416387591,1.0528331997629445,1.0164963198961956,2.29281119168335,6.498957678763675,0.6031218698399965,2.594238002296031,1.1775989293277334,3.505471776096866,5.0
4.26168124483959,5.497794367456313,1.0090604681563835,0.1772162008360635,3.232568666933702,1.7942286937711824,0.25290002870008066,0.6594679370847859,4.433059590953164,5.141060787938633,7.780993747187504,1.305270155240195,4.762997191646395,0.2586998155699026,1.0680516429977898,1.6175335834754232,3.83865936725855,5.208688924683429,2.1977081579558506,2.7050710957339277,0.0,1.2359108309408975,6.6821251945495455,5.689002762504947,4.747339058353742,1.2596641839486515,1.7622212319595012,1.2276794735401417,1.21816118709516,3.5663889786111684,6.722593074405814,3.0560285389227513,2.1182268137929476,0.8931291860172123,1.6943899274073104,2.759070590806901,4.221498188578234,1.755913054039524,0.23143240844796506,2.7360419737499675,2.6616584025515393,4.299061451446265,1.6435329898858264,5.486283173148208,2.286940273422517,1.9641398296119639,3.831299642315289,3.9227592101926296,1.5944530036686086,0.6159812108147812,1.659833245699991,0.19396093689782176,3.2312634287327144,1.4730075679161738,0.501413666875781,1.9011082430145123,2.605162423664654,1.1208163948170558,7.587992732751314,0.22082521579787243,0.6781620707350468,0.3806186381773764,2.052102835708951,2.300533772495368,1.290660311811355,0.7050489713936816,1.036186802847846,1.1380280447667612,1.0867158410477302,0.6579143426803756,0.01578299724092746,0.784755228692409,1.1230039540548198,1.2308178418610831,9.739684426897735,3.5608249863408425,0.33445386232368096,1.6202579546819575,3.238205996783222,2.416191193895214,1.8748756383297507,3.6222041365770887,3.4994249732112412,1.863581696005591,2.7023250868758115,3.6200702320909,0.9205981969291892,7.627035512327754,3.139518610012135,3.008952939426935,4.6748278321868,0.823912367487802,2.3681816548683496,0.8244827476192735,2.131655329244552,3.4160154952891397,0.5325663232675124,0.6294731967869488,0.18332770604480073,3.774186140918419,5.0
4.067096571919425,5.672634659007736,0.8045492452944725,0.6654837325526488,5.273355498452804,1.108892401632409,0.570657220305291,2.285461405137036,1.1214796419052768,5.465491309251726,3.475785302215132,0.4946716116475496,4.042486752887726,0.04474382122439775,1.0826344718090066,1.9688648981935262,2.5167211885660645,3.0923258533273725,2.2014770379681385,2.6641187073387997,0.13251103979919546,1.3056203806119313,6.544780559535629,4.534036693797236,5.32929225973288,1.2288494676617978,1.9159032742079178,0.8515991432351456,3.502954293717869,2.598007822462095,1.6543897111771704,3.46230103788004,2.7660226342386554,0.5661819336981648,0.17056605679206857,1.8999103282483547,2.572307623614049,1.3350258383216933,0.30521177607818833,1.9454204253150889,2.5137686460617825,5.868953394338586,0.9836776946980671,7.301015063993014,0.8406847825880489,1.801655337889133,2.779343778814449,4.1430260038899736,2.6656883749853266,2.000504854919853,1.3567635851054314,2.3842708925424145,5.079672508638476,4.5708757644734845,1.5076678042901446,0.9822178463155835,4.198148368293873,0.8248085779048635,4.966771904103773,0.2839217723076175,0.7361285882873148,0.0966666685801791,4.285409617279385,0.4929299066676881,0.7687559952218831,0.9895750205809073,0.9784885329495117,0.6233986823772643,0.33548325590348615,1.0056874201370036,0.7190519816415796,1.2228663718479909,1.7378597879201287,1.3070204325183918,3.9026814096937756,3.5967801337665244,1.1404514769536604,1.3747891107330774,1.9869933569957365,1.012425648317959,1.0129261744442701,0.0,3.907621375980504,2.9370995275654233,4.070037198631756,2.5539748082374722,1.6006027910980387,1.3492520317806704,2.5079214649573283,6.291325438200734,4.247927513443585,0.9310778680033137,0.886276994617085,1.4734232702791965,0.6042611394761064,1.8221998728199682,0.5897634869849773,1.0349199843491597,0.5291712752313125,2.614380047556248,2.0
3.8470548397785556,5.098764828051587,0.6496614406426996,0.6309645472656766,2.439623137557117,1.493186171663102,0.40533891584754994,0.23842002607895993,0.01535483429346404,3.7664891552601465,8.739717163543629,1.3841050814083307,6.191602128461868,0.007051942516490025,1.3810618284245877,3.1441442867716525,2.4032131770722427,6.863848031435036,0.8245642120898271,3.590206772002918,0.0,0.9588055636394648,6.708184476463668,7.1608869190304905,5.11908222159228,1.2178510968111314,1.7570232465074596,0.11609855223657987,0.1655582544611737,2.611573728724684,7.105788060763137,1.4782470407514288,2.715849452221877,2.565255957624593,6.437157813391116,2.10010302202911,2.76202983527487,2.9310400352567534,1.1052087234281835,1.2997721621334617,0.6890307271848729,3.6196360300214274,3.067122392966164,3.1950955771772183,2.376262596185,0.09572192227332565,2.260838637003016,6.67007268045086,1.4186757129428915,6.618701171979252,0.3329656625859605,0.08800587129002016,2.9820170015911924,0.5688104148803245,0.2811937749526341,1.1257172181593613,0.10232219119668602,1.0966666685801794,7.912704946823668,0.31161936340684343,0.0,1.1970475904932603,1.952035304007472,0.4706149520207435,0.37795663381011363,1.6482813553607523,0.5848663178456321,1.7244319957599523,0.022900402110078828,1.4487424045170338,0.027578727474282683,0.0,1.5127325630143633,1.255984068314644,12.718225039747116,3.7716215179232697,0.26999063448831767,2.927137938968504,2.8251343346188387,5.438848395137538,2.439011358351614,0.16710096896307503,3.7021699142799744,2.620727154322131,0.5952171936041825,1.207955304620321,1.4839318329793338,0.35332329116289674,0.12247394117564454,3.276630655861423,7.020251048014382,1.2906013384411879,0.15820774762573614,1.4253518774567022,0.1016500760944348,2.7258065833668867,0.25374728450581674,3.3738013112229224,1.166329817920631,3.4922634045669,1.0
2.9567072057964556,5.164359905838535,0.8169682685479583,0.0,2.9177945318235285,1.490724146606434,0.31880850322583887,1.6041662346942487,2.310718196784404,3.8524583482183083,6.691964006134693,0.5624744580963247,5.238721906282556,0.07244885006969244,1.9155591426583873,2.5028397582559316,2.2455869312345453,5.778274295338579,1.4653998832966055,4.834918484685319,0.0,0.8014070183657183,4.140034216306435,4.950869625412192,4.882687063115425,0.895612844975162,2.0730318472297733,1.6812243537795597,0.2814311969956103,2.4214252960575524,6.523226333609465,3.689511634856205,3.7907928859055966,1.4674881735083556,8.090230477583862,2.0828388147248917,1.6849982218829997,2.1606620801133443,0.5226584206342785,3.150267208748406,0.7107899063106593,2.783603326138652,0.14639454906050522,4.279463866711638,0.7981749690721556,0.9960994552814445,2.225583428756854,4.8789361890451834,2.529945849783255,5.543031820255238,0.451751815036472,0.11968817451919586,2.0437644423101706,5.016839480755622,0.8182779492423959,0.6951920931443452,2.116065273225682,0.7723079749584033,7.844302789065615,0.26891341575755523,0.21636173497112732,1.0448137514268248,1.2949588696325576,0.9165530765873934,0.5012098244111693,3.3652725997645314,0.7615405950224731,1.3840498067951599,0.2747685657998658,1.5377930340406025,0.020768865094571848,0.0497701518163845,3.001369909684724,1.1405169186556467,10.845479622730576,1.908505509871045,0.03815520102596883,1.2391535998443697,2.5249412656618624,5.868849711131945,2.0263043243519085,0.08079408195824242,4.19627654599031,3.765078528010258,1.980135006716935,3.754737881586175,0.6849982218829999,6.410868517318703,2.606702789911626,1.136191386287144,5.592869604003614,1.246043186719807,0.42524444214810075,1.3744552823380152,1.3412457138495328,7.95009976126966,0.4911860964589267,3.303254707764193,8.211141208432734,2.4987104139886647,2.0
1.7855505517392556,4.62613537944998,0.43413445790933575,0.08909131856468917,1.4689481801800506,0.8951474844934465,0.2807188136180102,0.19295161806984965,0.1426094872986651,2.6426091624659906,2.9805189137077095,1.3058538169687188,4.466653220122748,0.014783752627070351,1.1789376800417117,2.110229592423189,3.5187365483139175,3.662422001620912,1.6180976687353115,3.59191872937568,0.0663992289113826,1.3283194824650142,3.8973372474963073,6.849107304213873,3.1026917210784326,0.7696871212230362,1.8540355552009289,1.2495666983403593,0.3980219501811994,3.398733432736981,6.9141782064422195,5.624679962540133,1.2890081455307958,3.0265168030642227,5.7578100050147265,2.5800007251502963,2.2685841050942774,1.615180851315242,0.38338634619901596,0.8946819738550794,1.5894279374914566,2.2094221718854294,2.414622664819277,4.971474578833861,1.1007085885966839,0.1386834279792717,1.133826527298828,5.75810059709693,0.8097436951167453,5.065481838750116,1.1149666349894014,0.061983516108957325,5.3219930147035175,1.6841454723745315,0.4487952553290514,1.925429821243742,1.1232688874943466,2.3622734949207445,7.818676756381097,1.0533199037983187,0.08420036167465528,0.1585955515008968,1.3295254851966554,0.07176266930009127,1.0236811772859473,0.3163774819197303,0.6381201880840298,0.7680784350164552,0.7718010843842755,1.3767904605770522,0.0,0.13474665536848754,1.7041194425947883,0.47082316316858486,3.750820856673278,3.3779982654249228,0.008917094736053047,4.803418211864174,3.3520805137298626,5.773342323882336,1.4967691101704683,0.01535483429346404,4.271485438527064,2.203451765609097,0.25180996817153983,3.5457089571209934,0.03506079690511427,6.159495985468192,1.562865167656164,1.5869328378531342,5.687099891476833,1.0840642647884746,0.3234277180609325,0.8658396521586624,2.5003686696713214,0.31173560197926975,0.40784217821150875,0.6691174981935945,4.684594350735617,0.8802545132819338,4.0
3.71151693236044,5.557857301651123,1.3387952032266608,1.5113162219187033,4.6157105506732785,1.1762589351643629,0.5520819106531075,1.198745581844824,0.6671200598065821,6.710431766388534,5.2918613695852175,0.8113066114697812,4.197456548870451,0.07258604706859655,1.2481097370980252,3.9141626559121865,4.297925052503806,3.959872141615909,2.2704691403105777,3.2702448604673124,0.0,1.3848234587297543,6.142084586833116,5.050558289684761,5.387352200381501,0.5418121695288947,1.8902910327611198,1.2651368034758086,5.40443994705272,2.5442875399602882,3.178634976080258,3.8099391522804154,2.8662749915792998,1.0675010485665715,2.103799743157668,3.193424824192705,2.624779375065917,2.4389847533698994,0.47466965916094334,3.2082050895044474,5.185466181524421,7.176611003571626,0.4005379295837288,6.963139999656261,1.16459321950297,1.8059115051879355,2.7128598652072196,3.3816433090880644,2.5167968153865616,1.3428391604690526,4.553821256532693,0.13658515284762576,4.169211492484507,2.885301026834273,0.49231468489252744,0.5784074137536205,2.613743798354805,0.6093767487633067,6.298933193157209,0.20426594528956027,0.7935213781303978,0.6839209808093251,2.9574131889093382,1.430552909569011,0.5189379295315654,2.4980210393929214,0.9849174054269204,1.0965992072142465,0.24987004682249817,2.3894842123538904,0.014498126999352837,0.45343856134876015,1.9518488587131548,3.365804499871982,7.105498944988975,3.9555545964297627,0.7217663663386155,1.425190721493447,3.910435267248371,2.0888539467467337,2.049909522443058,0.29395897902869444,3.691846789412699,2.8225670071261075,3.7614874067359163,0.5639390736742694,1.570365776573606,4.353909002430123,1.7210663687310501,2.702568895810872,3.035694283382153,0.6525094401836642,2.286733323100201,0.5642318184500494,0.428249610705695,2.043449500695482,1.0258792730232589,0.8099082923834257,0.3389092728089213,3.980866170121526,2.0
4.434241233251936,6.125859771548027,1.4109922872208953,0.03646816706929173,1.6127771052851991,1.2443390961970675,1.7006616541527428,0.36502057861953074,1.1182932714036138,5.525151181255072,1.8536763432319947,0.5232608404527148,5.040914342616599,0.4931349223055049,0.5360529002402097,2.6645283505314312,3.768374906762511,3.1962922857122256,2.5466105219083057,4.545029323636916,0.053667449038825296,0.16104922490055676,4.164971268434361,1.3460207835554787,5.867048878762988,2.366615969509167,1.2842179831783613,2.3758179289499832,0.8844807033610463,0.40021000708183085,3.586776750754536,1.3623857232398122,4.847049827139933,1.088887859397697,0.5407216595680366,2.9725272399947706,3.2534901344435885,2.7170567192929416,0.6036916171155731,4.2411918926931005,0.4139189771388196,4.153918802013425,0.3267674246958799,3.9598350564848186,0.3269974645657588,0.653426951688062,5.657651436977436,1.315798063043357,1.6003173350146203,0.7961824107200047,2.311415923366897,0.05004887960722227,1.9624749892061613,2.980683414007109,0.3119680510317164,0.32492578405532097,3.475499987264951,0.1694119519913547,4.059242779015282,0.07601173856964127,0.23572705983805847,0.9352334249495599,1.5212015333794262,0.24220614857087489,0.471239495338241,4.693051992561453,1.1571084035399495,2.259875053629163,0.4890290638504373,2.64775197243763,0.015497569395325591,1.8270466712711686,0.943583814552674,3.482603081500865,4.978172744109258,1.2013201977178467,0.37417703298983873,0.08311122693130706,2.250567506367573,0.5857317329659271,2.3175356220163543,0.09612688930500614,3.2829290225265972,4.044306680645684,1.8772338185603974,2.5704386430262947,1.2768539452461667,2.462863770156696,1.287176751731597,2.931891032179257,1.7871398837128805,0.7716320812749756,0.6380274847881978,0.05352844098929936,0.3170724775369711,0.8491986517647031,0.7081430824746405,0.7923556311794917,0.11516644963493532,5.6467646147524455,0.0
2.256980435985688,5.033392164978017,0.8284691068817333,0.5633534058553107,1.9732438971011663,0.7087611091837778,0.29395897902869444,0.40381306161658964,0.2899524722153964,4.722914064715991,8.00535057953214,0.3534362178617833,4.944830341084942,0.023326331860027503,0.6897464384935557,2.391107799974578,3.1465085993193096,5.1509617230524976,1.6306384460554397,4.1758519048375415,0.0,1.1156325762128623,5.038940931255343,6.9482819523533355,4.987875641956428,0.9950140964714038,1.5518358974811373,1.5996986530037351,0.13369503251307496,2.4972035760455356,6.857490893057154,4.470914246097542,3.6909757383432753,1.6294265672344022,5.348459062086472,1.5245150743926543,1.6125884066987175,3.035359977960453,0.3307878362655241,2.5187365483139175,0.9614751620096356,6.98255442676466,0.2063931685116039,3.7209679043226624,1.139796896615349,0.12021921162499426,1.6159341431332317,6.090406752369252,2.606157925235646,3.3971868789432085,0.7989214695267909,0.04250426312896344,2.8453093891236705,0.21909105824619673,0.13684760419288092,0.6179566680959305,0.3154502999849324,2.1684173991813047,9.054631720088613,1.8823691558311588,0.0953168415347697,0.567448096515744,2.336654726912577,0.08841300972672499,0.8221182747293445,2.4450115340826053,1.1340894809204232,1.102456576650734,0.10043947928031165,2.233335902851384,1.0257375614136082,0.0,1.4968202305942957,1.2925461879503386,5.6636463353959625,3.2343326999408624,0.1401242239090707,3.65203898928472,1.9498337126998506,6.532743968779389,1.647268453104383,0.0,4.507553642437647,3.837963419302946,1.2942531364445138,3.7655877856468525,0.5976026814999266,2.9891753468360225,0.1534162422552479,3.245358749371078,4.463086185179243,2.470979301812027,0.10634831950514671,0.6999957436673964,1.4964623495822642,6.550754479736276,0.2351143203763572,3.3205424424284593,0.3418719206444006,3.46013967696636,2.0
6.254709299846595,5.631846398233039,0.28380327092836577,0.0,2.5036540351455536,1.738681380574308,1.8905245163416406,0.04572253573460056,0.7145752388516257,4.649443015087562,1.435415240747814,0.6149453669368705,5.041383179019406,1.0446738876321549,3.77137853948453,2.7381409117476463,2.2415961553095407,6.64864375555714,0.8649685790224608,3.367846293874827,0.0,0.5097465063656548,5.54054809332104,2.0199153677076858,4.8186972050578305,2.1617587206318465,2.4044399470527202,0.3313612672682994,0.2723815780930465,3.8938087363515037,6.792336107307549,2.6591025359453946,2.548066655456705,1.4422269452218184,0.46780115648840714,2.0265168030642227,1.4834675540928066,1.623960479518666,1.8434613250480458,1.3088850574117634,2.7851738744226586,3.5254675634651416,1.789604066331577,4.309423601852335,1.0048968432148475,1.2679552122912712,2.368908003031772,2.258488774029665,1.474617747783686,1.2515070273559274,1.5503589368270707,0.2223099792643156,3.5380414533336637,1.2886538636051694,1.147762557464937,2.3708338481764035,4.351910961103077,2.3982409052644686,5.04423235357289,0.9463565716336341,0.6350578297252141,0.2318010227771577,3.670511795364884,0.8259484047458948,1.5311194121059313,2.4466003179454923,2.7004619132786822,1.0207688650945719,2.3976660772814404,0.99660567676017,0.0,1.4241158881109774,3.9529578535507404,1.5185854939512395,12.179791182188398,2.301616909897493,0.18231091802569632,1.5504574479258382,2.5688104148803244,0.5584635725377552,1.3747334780312142,0.0,2.9938011467040737,4.21654798930695,1.4585919881518556,1.1876410781806825,0.37250640898616877,0.6240540911101006,2.444083934847352,2.6280269793860938,6.388590804108202,1.521251795369812,0.5328655031063249,5.7858173053472255,0.8182779492423959,3.0832474137479364,1.7272234372879862,4.625708843064465,0.0697021666300674,3.9146793222453145,1.0
0.657731456828462,4.628213669566664,1.5677401301945972,0.02446153014099581,2.9858647012425323,1.0258792730232589,0.04600204654452046,0.16375633339790888,0.11609855223657987,5.463681303799675,7.3960130264409125,0.19660704409481772,4.015934607818498,0.9271379389685042,1.7622637611080307,2.4584869999743257,1.5632069517439364,2.0793269054170063,0.6094713114114506,2.016496319896196,0.03604610015685955,1.4962066659234843,6.5859179697215735,5.127719937866484,6.304018134158938,0.7083196885516011,2.580362596102142,0.2551985664196895,1.5840966239075944,3.7198734029380613,4.031377550680332,0.37194910413862786,1.87050281711438,0.7143114679319973,0.4259963213510792,1.2361558226699327,2.1557168558550237,1.1359944626968452,0.12987646083313048,2.427337988927444,0.6437638543373423,2.0787464470766484,1.0067647818784227,3.574912871562193,2.0806235566763296,1.917126188675687,2.0309010380104224,4.278237568606743,0.9542707701448794,0.7369944477784889,0.13395801010054917,0.12485746725576015,1.5798559513506845,0.6737373148487464,0.19396093689782176,3.5796508302622914,0.4706149520207435,1.0142838706625976,6.554183612332007,0.630498665826265,0.6118333654459015,0.20301317077449998,0.3352545652410609,0.45554422477574164,2.069908349376895,1.742954756697492,1.7868472435610137,3.986247086763715,0.02998286621571431,0.9266067412513165,0.11049688191740235,0.07409435357387338,2.7109000853257568,0.8016553378891329,9.673184148488055,3.5571159577413725,1.1705019640738328,2.6929627527729187,4.829332044763756,0.23682933548639973,4.2047745743592175,1.32969768903328,3.766149882206358,2.548880462583219,1.0455128670835028,2.118193583839568,0.0862402758207441,0.6203048815133533,0.06253621989538932,0.36446037396026115,6.075924056699187,0.8858086124775164,0.04124298223188134,2.28658548326394,1.057554246458089,5.246389084288766,3.1123998875119416,0.430499386222592,1.255742420972529,0.9653964361059144,2.0
4.75027955695379,4.794114298573018,1.5615460985981533,0.0,1.9530789526125074,1.8943327422776939,0.6186145532111532,1.1589186417852937,4.4405336760606895,5.285291238052094,7.670324125506095,1.1719753766900989,4.544992243509923,0.9726191390081527,0.7808140092968006,1.637610246225287,2.9347806726970167,3.063951557609584,2.4093909361377017,2.0455128670835028,0.0,1.5630116564658436,6.941146228714002,4.327586774361758,4.746312766425459,0.5902427080625905,2.202731146525554,1.2420841705500127,2.1842485516050294,2.884910454781184,5.722976888504572,1.733614653074923,1.5851548472371253,1.4120227256150535,3.5369729467481683,2.9674822028041348,4.772619413118229,1.2335199787739164,1.1473718302690246,1.4965134808768024,2.1731594219295856,4.541217448102037,0.7458826889022593,4.871690896070889,1.3669236489785181,1.7252612688250908,2.860724480302227,2.180052357443075,1.7975940904421102,1.463465519921787,1.2138138461877488,0.4066455076720026,5.450970367774301,0.5813994567238732,0.2807188136180102,0.5274707504585806,1.6825732973475784,1.421533016138308,6.787777215734863,0.9560566524124029,0.7932716544980827,0.5536554023328907,1.7898544255583901,0.6218057347471655,1.7644310869375373,1.1346809513930285,1.124526657357521,1.0028825085331214,1.9317965017507064,1.0508151034839484,0.07107616201095888,0.8322014059028199,2.6885160902816243,1.6758610852399998,7.895000816359172,2.8181143041604497,1.787975671495656,0.574634395234676,1.2201441881937753,2.0016581460456826,3.0114777481633968,3.3038976200033927,3.5967801337665244,0.21312950000747996,1.7789234376189782,0.6945682250088334,0.6838311744013227,0.3975839402982482,0.7107017570398111,1.8972016949867114,4.865300242729123,2.078336571121179,0.6393247891708452,1.425190721493447,1.0771746231396142,6.468539331731412,0.24439999124554931,3.6218877676475896,0.3893465361624979,2.7803100990433753,2.0
6.71174542926511,5.220244814784465,0.6528765148096225,1.5013627089597033,4.412801844843845,1.735652143968477,2.164914969552451,1.201131966907887,6.976087489940605,5.958824119560684,2.711406800445847,3.0275433425843237,4.446421667082669,0.6787029461628601,1.3936358556243578,2.4825127335749446,0.2873540850292068,6.3863022585265385,2.4356285940520905,1.2245342632797294,0.08338358771008252,0.3808402503192697,6.216489787410003,4.097652930796221,6.323096204849788,0.5461659850279204,2.1252874067519,1.0818849667292274,2.978598356345514,1.1413019876252584,2.5180063056672113,4.477644950742386,3.49465881266387,0.586500555281425,0.5512945207899882,0.44593853728926636,1.2311866132278648,1.1029939933233253,2.039278795351368,1.0129261744442701,1.5969828339969914,4.006037650958819,0.31626161675957576,7.819076092156153,1.8040948726667843,2.6276301825207296,3.4688178824964733,3.432839177679729,3.1423970992190386,1.00482495109868,2.8368330494230913,0.33708307631078743,3.2302337610149108,7.756376182879972,2.041207930906162,0.6353364947051662,6.299281296274377,1.0620526156631,5.71050891173056,0.1819294376900668,1.3329083934657777,0.0174943794592725,4.082268285019573,1.3278023153765297,2.33716873093084,1.606110535972223,0.15523111629927883,0.9658396830880143,0.2032638127210805,2.11503324294624,0.8536763432319948,2.260868738615679,1.1473718302690246,0.25350526218669706,9.109350111111466,2.7665739610585685,0.15094954147192735,0.937269053627492,1.0400507591518504,2.828570655779908,1.1579491537836943,0.047957107396655034,5.438455877554567,2.986137844099217,1.583230227099919,0.5660844905154667,3.0376984907536433,0.21760297658678796,4.929180279036154,4.916252101577399,4.075874866975128,1.7302269219463682,0.38216920876824934,1.5283712779607188,3.6798516336033957,3.6926726853314813,0.6324543576894219,1.213938237896818,1.8407653373238742,0.9759969576164432,0.0
0.7777879042735475,4.899011238972139,1.6017440509545582,0.0,1.9274793199628273,1.2635753150599849,0.014212444812104711,0.577054131873994,1.3393654609679444,4.468374782327769,6.4141626001797105,0.45859198815185565,4.31751391543995,0.5428028274273887,1.1744064185297487,1.6607004831152343,2.007446695089125,3.246012774176124,3.6357776042051047,2.4667054188687376,0.127501219215837,1.437121184384194,7.346934734800903,4.216943699949217,5.847736396431362,0.7236896103306149,2.019310501413725,0.6797840890655559,2.4421738532373096,3.6744267532522206,6.640758285220313,1.0176369030494985,1.4107752590082425,0.9691597017788971,5.704930047251586,1.357383093847595,2.8929932375314085,1.3098746600367663,0.3938554773390291,3.2112147174504857,1.136191386287144,2.4075431036201,0.5524754444910331,5.694690791829009,1.439569949662739,1.8441445810593433,1.3252136954176865,4.036028511355591,1.6241008946281144,0.5591491477372572,0.05588975819628299,0.13185284596466235,3.8676494060177573,0.42921422983958485,0.2965455081951174,2.360111396439055,0.28451413324424535,1.0805212318314925,5.779062689205399,0.021053252054075176,1.5789870033325797,0.16414264884830632,1.7974695860156347,1.6528306355887161,1.7022142510104408,0.4132691144968002,0.8929738152733337,1.253807783742229,0.046560905757741196,0.7887692216575726,0.0,0.42416964880263797,2.844887756874583,1.4479494099162467,9.431095975604665,4.738427385443579,0.023326331860027503,1.4895943127561662,1.9667257687178068,1.2455565090712064,1.5732290861473293,3.925163932184205,3.9843432601008204,1.2420231776719564,0.5868848128521847,1.4988125155485723,0.4425454561053042,0.3732862742730244,0.6216182134573858,0.08174865123416789,6.005355071257557,1.1961663631284944,0.338452940355049,1.4851176451050756,1.190867665228918,5.5807665780905324,2.1354363665095,0.69278425663401,0.3141744510896436,1.9298667277540935,4.0
1.7073039082472756,6.631006760337261,0.9352334249495599,0.0,4.515617846727838,0.8250529023358668,0.39867871576502545,0.28640805546029896,0.38537581335991344,5.127682799300745,1.9191112164311328,3.6436137966462625,4.975575162537386,0.004896843214847462,1.5528196985632028,2.3121133126729365,3.500381418099884,0.5612039207699201,1.6730588571492446,5.542137304142096,0.1276332797258737,1.5600301231263045,5.943832268555316,4.456799579565967,5.643821564678241,2.1386506658886644,1.9053894120151484,0.1567849075543597,1.4135940824091748,2.6550311940872007,1.6332451941685595,3.9511308192880286,2.218750175076501,0.40979822782841957,0.03435659664664159,4.758420447309795,2.4524372935870975,2.222557291348728,0.8529576508656527,2.2407417312153397,3.8338616077974828,3.5747918015028004,0.8173776714965579,6.8554241655986665,0.4814022827632457,0.38139413178685116,1.7283994586710625,3.245145747065658,2.561692721398309,2.2624331576313477,0.6530600171045645,0.13815914522947026,6.815829005313889,0.3601956947323582,0.4835707400915555,1.0734775096789682,0.7693485994778592,4.544429744713309,3.5450416834674643,0.031395196275534325,2.961975162221352,0.08011185986159819,3.6212430977400127,0.0953168415347697,0.2933704842047526,1.8802545132819337,1.5706086504384056,0.7135198656949139,0.9029611185825911,1.1371100078023508,0.22872635505849842,3.261696286936554,1.6334777106550957,3.9531814131104652,4.842636968071929,1.4946204150315328,0.008773707066016134,3.729324357380023,0.44052703187585196,0.859810564801295,2.554687074379261,0.13040376165803888,2.7601570618768374,2.820975416605162,0.9595476143918026,0.7844202246177843,0.03435659664664159,12.198285476696213,2.0110662014062055,0.09166598752181289,4.296993270883598,1.127369146616222,0.06832686143450555,0.8168863740149196,0.070389327891398,2.3622173774871693,0.37428833916903126,3.95649348489872,1.8544345747412778,3.545301215451654,5.0
4.637569674928137,6.037355863143999,0.2487776936497124,0.1905516520322702,3.024443799535522,0.9987731877461408,0.439676323490687,0.4045761904579163,0.24659050290518097,4.709064507541304,7.452821908714609,0.565987040750771,4.120061580384189,0.5053828490623046,0.840040182726607,1.5776342652673305,1.35879007970185,3.563353405855311,2.3719212332442536,1.8436221202825058,0.0,0.9616233282869445,6.325747978615728,5.195831827884384,5.405233384139727,0.5192399486612869,1.9991341231864383,1.2237932162430325,1.0727918181067024,3.7683325573858215,4.449033060026763,1.5676427922030691,1.9063518888950755,0.8747576280742646,1.724344676123024,1.3131297348378517,5.155340421959122,1.095586907997724,0.5491269801992671,3.412564766138746,0.6217119771490244,3.3662522636995638,1.9384363588516942,4.8835475067482745,1.5401264883381067,1.77606186497528,2.016852849007337,5.04815333992987,2.4831837545362925,2.0226873900702858,0.7636665201380736,0.24974871508356883,3.6411644967805534,3.05689561613136,0.2012574568432411,1.303400849342017,2.3575238541963053,1.8372166670530292,5.420957293587388,0.10366548276569647,0.7493197245740804,0.5995082359189357,1.8931291860172121,1.5239633457906694,0.7667223592113933,0.6595592729108993,1.3353117413053064,0.6258315582335494,0.8029789873113163,0.9792205310579084,0.12353377229099427,1.8397580796966364,3.264085987625156,0.9596959787523703,10.218664215255007,3.698029515035529,2.317477737086827,1.309234406442663,2.011424074808901,2.6934981087222454,1.7204973704823456,2.2707382301070784,2.5468574276679896,2.545202351629451,0.6760868343823209,2.888869859616058,1.4324249768047645,2.0252769025242743,0.7902715944133019,3.1368804072542593,6.301146796413015,1.7677819023333619,0.1411711724607413,1.101246656683439,0.7130798989198626,5.733582116585811,0.16040392586001362,2.27208292674934,0.2047667506546134,4.794129898452355,4.0
3.065813544775505,5.029938708615329,0.4265331381166731,0.38460245765075474,3.4701724035335246,0.5440896665488014,0.10608026022513196,0.5714341158765092,1.9990980337056075,5.5900210881000065,8.604093569000659,0.6657565826793985,5.205290845077821,1.247502235387478,1.6433944534798923,2.567229032456408,1.7872234842831587,5.335007967503848,1.5662793702997548,3.080845235612656,0.07066410077878965,1.295017665151298,6.601714342092095,3.175285063489487,8.369990735096994,0.9470302210462732,2.4698859762744636,0.7356954635907689,0.7599227941755813,3.5574345984978826,6.360976975741168,2.92250234291858,2.775092694119104,1.498863563618952,3.6306384460554395,1.4156505144147302,5.197232422578413,1.882564799373164,0.5955036605027422,1.6390005724243335,0.8879151356381335,3.304598652208908,0.6659384540998585,4.521735477510918,1.2238549847032518,1.174150712212013,1.0837239663930085,5.518730254697896,2.366308224407893,3.750134818658323,1.5391836314543668,0.14938944935894988,4.179288100036805,1.6569539332090557,0.4602707607525002,4.826802684285827,1.2080177548958924,1.201131966907887,8.288461463140692,0.428785589848052,0.14639454906050522,0.2332745389909343,1.564573278960721,0.9765835978769972,1.2901294646757027,1.7373406461221956,0.9154826578318146,0.5050779147516145,0.0,1.5118222176593312,0.08038478741460452,0.2734562113203052,4.552444703525291,0.8496790696981766,12.785519145285107,3.769644810348603,0.7636665201380736,2.642863273984382,1.6603810352424115,0.9798790119562228,2.270259813541642,0.4366948875528766,3.573313928103359,4.122598180415451,0.9853546961726444,1.7904801336138627,1.1512743484257923,0.4978422588609607,1.4953881735728223,2.0217639742916567,5.040791631299554,1.7793017502056192,0.35309741124371125,2.5501865262166814,2.4313287750326524,0.7339616633089205,0.32181267466722085,2.2933116215171787,0.9928409261856821,2.5903864433506447,2.0
5.487103629388858,4.149104875680775,0.47995483169067105,1.2065182016651157,1.4949275674791247,1.1385523751526485,0.04096254777849784,0.2379307695958008,1.406482248392574,6.087148808742545,9.480835631644913,0.19320401398387493,4.430318730267027,1.2015084039722248,1.0799071303079015,1.2996549556145176,1.1467855409887004,0.5678374616192178,3.647291481509547,1.4949275674791247,0.06336487875842937,1.365916453858061,5.82403206415712,3.8080142890895976,7.369051134293349,1.899639693651047,0.8885387004177968,0.45407058313495846,0.17696099208944205,4.798340891446219,1.3365119155127623,0.32434978890218785,1.2864672004860689,0.7035437197338161,0.1899194179010736,1.2851654494790576,4.007240360627195,1.476174277145156,0.5174268847672862,0.5141980233475807,1.0637790297705711,1.768459601786657,2.6249664859448187,4.244925104377183,2.0432395014169615,1.888616627068146,1.167165212947718,2.6910874409518937,3.4477114265146858,0.30975827142463525,0.9128031311292492,0.7755141527534264,2.6295897640750896,1.480988873478695,0.07614859718008292,1.5347588693443623,1.3589588258323293,0.9438838291190557,5.502877937753582,0.0,0.3958305697326967,0.07792657868506905,1.0941684947249828,1.7206724707697092,0.9900109020609001,0.06598582949858534,2.5783349486816074,1.2316781617985106,0.2719037062632752,0.6210555032997395,0.07231164002242664,0.6132487438002662,0.8836208162856714,1.2808375686117712,4.960233671694454,2.456411916398156,1.4248146208903738,2.513793907086986,1.098621677228955,3.6164518031929265,8.002881383676893,5.552389368136229,3.3519816104525626,1.8201993898109712,0.32745743429415336,2.504035569287065,0.2479275134435855,0.6357079643025552,0.23474655174432218,1.729879012125935,5.483177303897504,1.1593708466602028,0.048654701840346405,0.4183518877855209,0.2562860705850918,1.7169908944049401,0.7343085900969069,0.4667576157261716,0.670205845544553,2.4212367665605607,4.0
6.87789513618258,6.56358068539997,0.06956469509335926,1.738378742976404,5.976136764640859,0.807849475581577,1.3852101291747312,0.12921706366415378,0.6269530417706652,2.8317961886316985,7.898391580559911,0.1696684995230859,5.519029171142102,0.09990111000794269,3.472760687952166,1.4208865749755313,3.1405005585084433,5.109373097255667,1.477573719174233,3.9830756862255012,0.0,0.8833862126521942,5.954631380218587,0.495899785706589,3.1164812056968603,0.6208678844632841,2.8804504437809095,0.795434491267293,0.05699963038556373,4.991403931407013,3.7206177542127996,4.582140475909743,2.770913597110337,2.362385723239812,0.9265308398944193,1.5038066609104026,2.193235560368633,2.7109000853257568,2.3339961181964526,1.8274125743988576,3.200676974367825,4.224997224457199,1.2644763800077004,4.902729639233376,0.978708171381981,0.2228045610452611,0.902266569083071,7.259414677779076,2.7806250635770766,4.964819087420794,1.9553500050032455,0.9782688610738091,4.276853945246167,2.49085248084786,0.4521736865332683,1.2167962910227885,3.590721770009841,3.6309063203125187,8.799433817011014,0.0822938359514309,0.21101219348551165,0.0,3.203107166607409,1.622696128167671,1.0404015152842065,1.7524060712153804,1.0763538607559984,0.6021717907533792,1.1604039258600136,1.2759010029395372,0.0,0.2963105607080923,3.219091058246197,0.04250426312896344,8.664602657014907,2.939188958071082,0.0,3.929194484732837,1.5797594274125435,3.8942648263194295,0.7832470973781166,0.05297227481398869,1.7800580778983746,5.33267929424883,0.6572741407435826,1.3997179835310303,0.4558598093861849,1.4265868088088498,0.7810658984359632,5.1758519048375415,7.232619508935493,1.480265122054463,0.06626144226872127,0.16748638996564932,0.06267436276339249,5.1310543829501825,0.04166353172936154,4.933662331826786,0.4819188778347907,3.0957387981693922,3.0
5.106386011347214,4.783137067776198,0.6718368286812048,0.06915220186942299,2.366727860544871,0.9061979357372204,0.6994627938863488,0.4342412332519363,4.3600903210960755,5.350072862600741,8.406652734869317,1.1445685176647116,4.094725894835523,0.037452509939606575,1.07340895518534,1.4509604733234223,1.6881355884573352,5.576869769818389,0.9622898882909987,2.052798428905276,0.19534759832221926,0.8575829553841481,5.756999236959731,6.812747209930647,5.85658737530124,0.6841005768559766,1.6552144225416003,2.871922482149997,0.31231665440199746,3.3541841340630616,7.990444382698365,4.000216388027437,2.040015678847879,1.7544599736254787,6.492728065940526,1.3980219501811995,5.387410795310367,1.4139189771388196,0.3687124837283308,1.237747255629912,0.314638526699882,2.153578377434939,3.83799368489171,6.152852680787111,1.9805006347387837,0.8753869045864558,2.065227622775619,5.907748743884045,1.622649279053673,0.5406224814123666,2.2324765711984904,0.26627682332247754,1.7512923186417875,3.065865232352735,0.4752924500365287,4.023734396572926,3.3212210010651892,1.3588463306050986,6.929908140935901,1.181293412885475,0.32734245560982167,0.1335635257411058,1.5431493970437098,0.34619102979906957,0.8051273308390701,1.9985565831303314,2.7906469432733507,0.7530910302981052,0.30556201562048435,1.413377445267708,0.0,0.5132886025247513,3.4823707468303557,0.25302109571151316,12.219498565764964,4.372736234532324,0.08079408195824242,2.9293365340068886,7.069271450311049,1.9179281633071166,1.3728963943252324,0.0,4.272277057155041,2.0180643893603616,1.4206710302037728,4.444938672871149,1.2397035354884782,1.3298698723176592,1.1504296981942053,4.0726717885678925,5.607383581506183,0.8394759214937555,0.7191396221993251,1.913913824633165,1.3607013810798332,4.12822740247183,0.6063474667245725,2.3875555490503024,4.155571151159561,1.8621934784755985,3.0
3.5933896287378464,5.526754304632907,0.9358368736840253,0.05588975819628299,1.0129261744442701,1.9375327212466278,0.7138717425358994,0.3020557880986188,0.20976526597410353,4.85083442015486,7.668609179835497,1.0201287893961182,5.1134671423704345,0.08324741374793612,0.9293365340068886,2.3804801132998477,3.4553601018680973,5.185731781788241,1.197928279915065,3.1750774320601605,0.0,0.1211480564753105,5.377436137235172,6.408127600679112,5.354614362968338,0.6193660547470357,1.2724413009436704,2.9788362783606996,0.3255015493344994,3.4712655121100897,5.228922560799539,4.306021576022782,3.05654884778028,1.905889980126704,4.505846479814193,3.3199358007315727,2.864453606666149,2.6129657791939085,0.565987040750771,1.3590713122883442,3.36230155281899,4.043869407572022,2.2373801576531505,3.5739561410641376,1.6426091624659906,0.585635601362301,2.064089565027208,5.156716155311542,2.772688026047782,4.475701010488843,3.834033592662786,0.49364733397521016,4.944952124262225,0.44148347958264483,0.3001823099801158,1.3172461741408799,1.8371762910531138,1.4730075679161738,7.874486536714178,2.239489696535672,0.32031137090704137,0.16362753858990575,1.9315696034476089,0.37717928973663867,0.3320490837489743,1.434508137039886,0.5865966292694662,1.3871419283971698,1.9065827878324653,2.770659929009656,0.02389404265570102,0.057276965073247615,2.4154882710497003,1.32146635859253,5.915410949624078,3.0266938447560707,0.0439043942956211,4.159346624991959,3.8950311209148256,5.022589749040105,2.406699923326545,0.32434978890218785,5.0983226988201205,0.6612935558553067,0.4901593402837196,0.9586571076771101,0.13946949503879597,2.9697122961861058,1.0147123515213723,2.0232908425166833,5.0049732246631065,1.0030264828898985,0.3913278068436113,3.8336491275949838,0.13053555675618825,6.618263620582724,0.5735684240392593,0.7964316310656951,2.3568199150759943,2.813832486128809,4.0
5.693963595377001,5.954498779250628,1.066054737627507,0.03815520102596883,2.0455478139748235,0.805622648436367,2.4085760076425506,0.6445023724189359,3.742351208785733,4.873709863840383,4.485117645105075,1.6952366448324794,5.220384132324117,0.07669590183038302,1.3511760027028112,2.3777068188896138,3.31028194625214,4.903631234769333,2.5833265191100256,3.692527629737533,0.0,0.14990966753492424,5.29192397401039,3.663105478822251,4.329511133949077,1.3316478973212733,2.1761631736535323,1.6125412281954388,0.29242839288671796,0.8362473310428413,4.463125431329948,3.1757640989252844,3.8138632622004773,0.5934971966634024,4.510987229494674,3.0893795032761515,2.5434958834257717,2.228049047884462,1.1578198394788628,4.005355071257557,0.8458312393368355,4.163844873159146,0.2318010227771577,5.849794146076359,0.4692608466159983,1.6695257246710324,4.258126916692511,3.1599359035032126,1.8498791966306076,1.1388144689022819,3.451646327883945,0.6345003382359987,2.233734704336675,3.019826432685195,1.7302704047753386,0.8667101996740254,2.8295248661977026,0.7365615829905526,4.382936954794746,0.1046050432293108,0.988775562337746,0.8126214395770921,1.9480774953104745,1.5979839937899458,0.8387501183331384,2.441855260293603,0.8458312393368355,1.725479419376803,2.456753591076735,1.3585087922824308,0.016211033155917154,0.7761039880731643,2.76757005595174,1.4327990989209338,7.391063966473141,1.4847568489299854,0.6272332764908747,0.8429386167319208,1.3977482095885925,1.473059537262585,2.1325768426700082,0.012926174444270048,2.854494418154875,4.393052323043279,3.583735688467297,1.2663367994201347,1.5549326018804728,1.586068143143711,1.001297841595647,1.8624315535124525,2.587100912768008,1.5727441792320058,0.3073119390641877,0.3064955722596368,1.9893933644227089,3.9099074806549563,0.8661562756737902,3.984844510747831,0.27262045466299184,6.0352499921372464,1.0
7.45293472068357,5.30548540798575,0.5543432656627643,0.039138393906958314,2.8341853269901325,0.7731523970140524,0.8652061965871732,0.20689323612177143,3.403540417745252,4.583795850645148,7.495793481243031,1.0116387562468936,4.753224773416427,1.0782682471392149,1.3857623358112245,2.4767964189771523,4.0972483919606235,6.4692217670170535,0.9468805483580086,2.632826570034337,0.11249997620071796,1.529920869997421,5.585479373843237,6.102996092214724,6.043493246697956,1.3016461725982411,1.991861930556323,1.1186255135442458,2.312403792084559,3.8014070183657185,6.59060201943572,3.0848466466130664,3.150380953282046,1.580290229172851,3.6061105359722228,0.6614759907367952,3.060860184244301,1.5245652210771998,0.8114710305298359,2.5121004396896605,1.798506794739972,3.9959547879420514,0.4077334309879327,5.076238403588086,0.8912636318250762,1.5268200197245962,2.113100362557983,4.412916983302135,1.927972283275546,1.4621570478473949,2.3073119390641876,0.37417703298983873,2.629193396862183,1.6770797111662634,0.43594856486053385,1.3015876466031868,2.471863768407648,1.9330815851835992,8.075390365522889,0.14561224716647592,0.5351571563345071,0.04739878887541106,2.268703863123764,1.1071521986349104,0.9724720977767265,0.9900109020609001,1.1818658478259951,0.7129918894617973,0.36513259345252996,1.1202192116249943,0.2872358652527741,0.563841478880328,4.06455524261999,1.7022142510104408,11.432903050900354,3.8029169683660573,0.2873540850292068,1.1275672509819141,1.122142584220448,3.076388068512841,0.9082749184790591,1.9584715162391635,3.244932713307519,3.8484476783258064,1.4220714959299017,3.3320634097725472,0.2343786893376148,0.18764107818068257,2.2823804946386055,3.302406794557726,5.45128365695898,2.370805955728272,0.3235430091498889,2.733202469984613,1.6040713236688608,7.440609251509638,0.36591645385806115,2.525517677053589,0.6502131053135813,3.5688468878663473,2.0
4.332808167034882,4.533251851928969,0.5019231470664378,0.0,2.5435453746880494,2.3060872155602716,0.7846714849663147,0.0953168415347697,1.653426951688062,5.899081349406291,9.246523999867836,0.6903723947612379,3.6257380619086477,0.0824300999459491,0.7619660307369442,1.5384885002951159,2.4933399088135064,2.972435335127091,1.7859271307337805,2.298071734933995,0.12406339602707797,1.2878859541747292,6.308422767736801,4.615887073916057,5.2545978220910605,0.9756301862808237,2.5874850104898672,0.6554434253898864,0.4915965944104484,3.3956386654808535,4.705950263581756,0.9595476143918026,2.176258935164363,0.4635178341286966,0.4346682556143521,2.128095396337518,4.373509015518008,1.1497146077008094,0.17887395816979543,0.9034239658887392,0.47912706430605206,3.3076470987917697,0.399006986472397,4.892959248408185,1.4688439429746374,1.5663280861329116,2.3842432586767646,2.6572055308260385,1.0378741656611201,0.7690099982814709,2.6582114827517946,2.352843254054544,3.1318034693197316,1.1028596579220564,0.17325538302097232,1.034215715337913,1.8925853151926533,0.6529682688746447,7.414211658176804,0.01535483429346404,0.41651550434749346,0.127501219215837,1.3486856693343874,0.9207506211280514,0.9230350537402054,0.7269183863048007,0.6142858061190465,2.7424805617385735,1.1726155218134777,0.8532771138963843,1.0192037339730924,0.2470768319308177,2.1304037616580387,1.573762295576323,8.820749863032717,1.983020945723978,0.058939854556232955,1.603169357374468,2.1424461146280462,0.9337236978958293,4.677970462051175,2.976620254974071,3.515296142539854,1.8934010445626355,0.35501626421954985,0.9942900700380157,0.2667565623046648,1.7517207867750455,0.3939652756602426,1.0590091000404616,4.567289886920691,0.5703657765736062,0.07819991992137154,1.5826523400339552,0.313710226150914,3.5534956728585727,0.29136780428530784,0.6759965389643046,0.9306994958851995,1.5313689830998398,2.0
3.2343173698161567,3.608501750309902,0.21983452388537061,0.0,2.603240585745506,1.05797006863733,0.037452509939606575,0.24744147114440773,0.012354130407874092,3.129002694676263,6.824673672728916,1.9753367020625734,4.161291137646716,0.011495638837829437,0.4513298201403328,1.8892009428167968,6.947189231265508,5.320065816856868,1.0264459803038009,2.014605243236614,0.0,1.016781550233402,6.184169191513426,2.591057018746929,5.309645511001892,0.6136259436300869,1.7838337802389754,0.010206942869257081,0.21822319715473792,0.5179307422239107,2.987793803170299,0.6904617949187187,2.5291712752313122,0.9525572226821851,6.915048768717239,2.4353352251235587,2.613437356042774,1.5186358471628003,0.0753272507070651,0.8793136763108875,2.0139981460409992,1.4545970565345496,0.07368315361643984,3.2747387528153347,0.6739181830293746,0.008917094736053047,0.6933196788115746,5.5585921427060345,2.9320989773218833,3.4368414412970383,0.45817198959258987,0.08338358771008252,7.159750266380325,0.0,0.722640885999805,1.992333381750935,0.04236417524800773,1.2045163697027716,7.708546623214581,0.2573727556068014,0.0,0.1094274266861541,0.2490205102859652,0.18903382439001715,0.21126144971296112,0.02715405150372665,1.6396952333995822,4.164617353245901,0.02772025835592744,0.7582178837421286,0.0,0.42373950716531633,2.266336799420135,1.4288391768121547,9.758195226837827,3.1773118924781167,1.317998617861435,5.161359672217309,1.885613408363821,2.8565674566901644,1.214808679682077,0.0,4.688281086299095,1.175748133639792,0.16748638996564932,5.224001674198105,0.985427565078935,6.0250996868549125,0.5403249060307437,0.24025326158450488,6.88748505993092,0.8567865462880808,0.06612364246529363,0.9060439661489325,0.04208395867125249,0.6832922185239796,0.3366261657635356,0.08556062487262552,1.3828332292038235,1.723776969623438,3.0
1.8192185484094525,4.547536200705621,0.8158213218338047,0.0,4.147892776351287,1.1234013359719142,0.74140226591959,2.8304784459099754,5.572628989884802,4.9050427630909175,4.308164257756859,2.5595407587713908,4.569734113106581,0.15846629512479557,1.31689876001794,2.0121037897995135,1.885144810701272,7.263564048186044,2.979348592550726,2.8942939335501796,0.0,0.8482373356932265,5.888653153736587,3.9163810985559713,4.4610897646829795,1.0368197951976963,2.011352507229905,0.7946861838783582,0.33959350096539836,0.2560444738264448,6.9583334671237,3.1385851394753863,2.068739590672305,0.40522997976255926,6.4712590079611125,1.4380798919447075,1.0757379823940783,0.8223630551570825,0.39275703428239456,2.7182848995755315,0.6563590734536827,4.20230016966174,0.36356359379718917,6.14934676688551,1.4284104253573435,2.4567273112818278,2.51333914094596,4.0403313708796285,1.5176284488669347,0.47933405068243135,0.28404026395409604,0.6554434253898864,1.4134316076028894,4.148917839552569,1.0046811561179083,1.4423862094534632,3.2956054885880612,0.8782152571490357,3.0679828301843024,0.4897484331203353,0.3827225803529897,0.2063931685116039,3.3621893179517968,0.9027296392333761,2.8790391499135217,1.5001901798419823,0.40544784370753517,1.144242197281314,0.07901963303483801,0.8316340698495424,0.041383179019406156,0.7101727482796619,1.2243490372027126,0.7629015479359811,9.45121173013007,2.2028878334701436,0.38526535935068074,0.8244827476192735,0.963843998362475,3.027667185902378,2.086681877301254,0.06529656712778095,4.54897291162562,1.364796522858731,4.990936713175427,5.0610028094527335,2.130733226831292,0.2741721890227864,4.966933366337299,1.4687918215475508,4.245708613473174,1.2920160344066962,0.9912451849018494,1.3466449215885266,5.911092331587135,3.4062781483095828,0.5453753588725591,2.6386299497599817,0.12353377229099427,1.9648421858048608,0.0
4.059346624189312,4.877179820062822,0.7634115744700071,0.06777637204849275,2.459720128795421,1.5896196896154655,1.5553744461106291,0.23351997877391634,1.7775354421080787,4.9587638119440784,9.202888078280179,0.6330126402017311,5.8762836408438,0.3493652775942134,0.35106289894038534,1.6731493366124848,3.1280788947214258,1.7662135019816554,1.6377957004841006,4.2196486933910204,0.0,1.2583983182038834,5.898094654757453,3.364054089514996,4.9540892677515656,0.5291712752313125,1.7678666321766285,1.0665370023957916,0.5456718944580412,2.6764705268728317,6.842117733305243,4.085908985981152,3.3554110055703905,1.8753475828447863,0.6037865531232991,3.327845419715491,4.7849959648309035,2.820281096501874,0.3935260322283555,1.780646058767986,2.236370156310402,4.757780675956502,0.4737349684635979,4.967583645505347,1.8055401073120552,1.1190241031422743,3.1626934322112366,2.32633600105029,1.7323126208206474,2.5678131293786617,4.092021337381496,4.586980861255462,2.5186358471628005,1.2953116068081263,0.26195197859215374,0.9769501269409564,3.439875753280597,0.8514392346735887,7.627181466360433,0.04809665327294402,2.9222739780521136,0.36221737748716937,1.8035577022720133,1.995195046319361,0.41261895899193063,0.7264824872650494,0.46686200377591763,1.53391214422658,2.0626743627633926,1.5323668355679567,0.0,1.1589832511603866,1.3994445645894575,1.3848234587297543,2.1375363119010005,2.1867223961522133,0.16066208011334426,1.6898805948448037,1.1190905240368738,1.3600832959133313,2.216485907200054,0.02318436924826338,3.828976779909123,3.676865397874285,0.6797840890655559,2.057242301152707,0.8262739042206556,0.49968008718705925,1.5648658950879268,1.9296773952112833,5.840382662263145,0.623211368037753,0.42492208821068794,1.9611787837967112,0.05450121618256057,1.8959617668544038,0.46435460355164043,2.7159153292091207,0.8569458632824328,3.2963546162764925,5.0
4.591278479644094,5.171995385525262,1.179893170533548,0.1147667926655143,3.0068006800841522,0.9522590065598088,1.4660266878137305,0.5583656066231492,3.7656514302136923,4.946735538132209,5.487032863316962,2.6001983783080425,6.277713286870381,0.1843437779529075,1.1376346718833725,1.8943327422776939,3.878313364296897,5.6030476674380045,2.301470587489902,2.4192422321281337,0.0,0.579469816844294,6.399897386554564,4.415562634856881,5.922050335755363,1.2100770989032086,1.9479653237098356,0.6310577055029407,0.5707543551338675,1.1654939388763432,2.1510794730288114,2.431462502778629,2.743321073352238,1.1100959291034205,2.067466629436632,1.717956025223016,3.217370325114627,2.5204473933189253,0.8080966887835339,2.40610123821186,1.0762854428089157,5.508064129485592,1.2950764582739862,5.932472258172334,1.221134667557041,1.9866657736969138,3.0479919951311563,4.565359550261231,3.0083075986921184,1.3268249381022095,2.977719535003551,0.6033118106000482,1.652784754908756,2.8748363026504746,1.198934124247683,1.2451913930643081,2.4950299370981908,0.9426083361116635,5.8427375246332875,0.5705600789363091,0.6849084825092959,0.3141744510896436,1.9814873677982614,2.3339961181964526,1.9871753155819865,1.7504778784443555,0.5483379755086202,2.0060107131447182,1.8501193123106443,1.7598375964880797,0.01678155023340201,1.848357535238465,1.1149000239571905,0.5996034476029093,7.994404920351499,2.502381525456893,0.490672809713238,1.3579460528592608,1.250173331534433,1.5733745264459444,2.574319531167288,0.09071795976779981,3.349874773778284,3.7375137141455426,3.7565216307117786,2.98948419536095,1.518384063528784,4.31855546288487,2.161790962148858,2.385127279946185,4.4978550296337065,1.0682580617472852,2.083349545424521,1.0126401807787704,2.3128394015690996,3.1180772729748933,1.561497221019815,3.0770891488411602,0.0,2.674234647793698,4.0
3.1804979873683474,5.957499090907687,0.8406847825880489,2.9215886664846917,3.157512671542597,1.5761351099738774,0.39845982712238304,0.33433943990692677,3.1556359106187144,5.299123744215589,8.618498931073647,1.62993940943954,4.311641158852565,0.037452509939606575,0.8645724627571325,2.551171452295378,4.76912640140659,6.36531284906472,1.9867385764139018,2.136847604192881,0.0,2.033828220787981,6.697198338976302,5.290457580751217,6.891317105755369,0.6740086086172249,1.9558335379895717,1.0189901753847537,0.18573970940278245,3.500151929148234,5.4259325610898586,4.086172325132326,2.566401156798412,0.6648468815073885,5.911399178828857,1.2228045610452611,3.2969859316319687,2.0632613224262677,0.4520682302238107,1.6566794130304607,1.603169357374468,4.6562560920534715,0.32906617445069064,4.078430511313358,1.881664619320345,1.543941243677915,1.8330519918830344,4.1592255105504305,2.923263298176946,1.570802920095779,2.519894106623404,0.678252230722633,3.882281107580717,0.8281441023656281,0.7941870965668001,1.7562547427239061,1.9956292333788084,1.3724506881881824,6.867342995359762,0.7327467621500614,0.22552173425660332,0.36725922448866966,2.442863896685096,1.5842409728036968,2.3549598637800937,1.2509009548210148,1.4184598375809911,0.7720545519333253,0.04250426312896344,1.2372577709003718,1.2085172598055438,1.4076246755666089,3.6809094187125484,0.6919807506032766,9.173143927613207,4.310209225003208,0.2869993966338397,1.5281211878113783,2.7477096335908975,2.3340533441555205,1.6401118694905907,0.6776209924535866,3.960604377687601,1.619178216059069,0.8634627582591224,3.6396026312595016,0.5691994125344207,2.2506281390918357,1.4015212501086,1.5172756932095814,4.967440701461316,0.9050427630909171,0.9915354509942503,2.307020432518392,2.199750856715837,3.3855138689806243,0.3808402503192697,2.994362489034637,2.263815654078639,1.507464843639736,2.0
4.8830537921857555,6.8704399350564325,0.9932033486361247,1.5148039855717734,2.69888520936509,1.4065910899649297,0.7978430670655411,0.4214791571033068,0.46529538939579645,4.412273444670823,3.7593369584396212,0.27596058027806386,6.457594291856406,0.6787930723562918,0.9426833963359662,3.030389052736462,3.0505191106794887,3.250476552502969,2.2650467635302296,3.414744422082003,0.0,0.8122928448732711,6.936860509068201,4.945097313846884,6.546098057607646,2.6150160162863565,1.809661389440773,0.9493481642885633,1.4358419158092275,4.193077821546367,6.343137735877342,3.709522242482171,2.773194605145618,1.0961268893050062,0.4998841458919099,3.3659024600849,4.914248779818144,3.3814356643258514,1.6908640270852624,1.9908822701410775,2.390585149157523,4.147168284602898,1.452542722923661,5.289579979651359,1.1186919527918056,1.186627326682922,1.165365299104444,3.2603870374289374,2.06667476272446,1.8110188330179837,2.4419083640035892,0.4593266915460194,4.743956519829422,1.614380047556248,0.9768768285773743,1.192825403552391,3.2899967223661797,0.5747312626628447,6.33340226488925,0.39473363001980655,0.921436330806298,0.048236185652847624,3.8327077674911236,1.2919571164298074,0.427069755210786,1.5617415923537814,0.5281712093096024,1.7250867246302268,1.6454711040372512,2.515434925693651,0.0,0.350610395199237,2.2008809542859593,2.3955838310057085,12.384815042316577,1.9631041547355488,0.04362447674703463,1.4732673959296432,2.263815654078639,1.809702542865701,3.6518897898881333,4.739599713159641,3.5466845980731874,4.4720457971804315,0.8220366720233137,1.9583230258969704,0.6125884066987176,3.988457472811402,1.5180818651529642,2.2443695440426,5.833962777848288,1.3327938484049087,0.7626464670381506,2.226662655661173,0.2590615292588702,5.590497229528946,0.5273706571404089,3.497867800293405,0.39955393838435393,5.136909109321144,3.0
6.904023999913939,5.325631064861561,0.7752612923477508,0.046560905757741196,3.932996578257794,0.9509908998782756,1.0175656430143705,0.3204269112939921,2.2741125377837754,4.3115103812388575,8.395910236767307,1.3056203806119313,5.1065200188110875,0.27250102132206605,1.4207249194158473,1.9827654625836462,2.8062828074782074,4.030945166166375,1.6169692775752507,2.027791018590431,0.0,2.0805212318314923,5.969880335012548,5.2966152508653535,5.659293812147283,0.9188441601892464,2.007590214703349,0.5760867241794005,0.895612844975162,2.732855277072443,6.107001505413537,3.9576360591899173,2.7331156795894422,0.7092023947960305,2.486405466804223,1.596410430600801,3.2469856577252774,2.1340894809204234,0.7270927090504078,2.803599030173269,1.1861201836806388,4.638062249222205,0.8621934784755986,5.0992573267828805,1.703189314514104,2.0909550251161946,2.5204473933189253,3.3776096569593372,1.4740465993193055,1.7001733498526372,1.8092497906131577,3.20840800788351,3.216159932301999,0.48171226200330397,1.7225534578847046,1.8529576508656527,2.581519973564021,1.211261449712961,6.880096524939601,0.11196608960349229,0.2829734886215891,0.2624331576313475,3.8602576610219157,1.6343609316965808,2.074813671604817,1.0430644786649375,0.9236436253457025,0.7689253355637512,1.1405169186556467,1.5047729159750536,0.019915367707685924,0.9060439661489325,2.447737871053567,0.8764088938688497,10.013276467358134,3.577851755160926,0.3298698723176593,1.422986450566717,2.5689806142600875,4.757818003745309,1.5481899890785702,1.2427549220762768,3.380964892190935,3.4690133246091435,1.7165080867687457,1.4730075679161738,1.1019189597110717,1.9831304246500723,2.1548100096887883,2.7658317412406186,5.475337851356404,0.9430586388903978,1.9314183180846818,1.3496483532432895,1.088887859397697,2.81243661426538,2.2060180040208954,2.787808552669963,0.5325663232675124,2.4871261451383573,4.0
4.2591444092079715,5.43718778188689,1.0965317426936287,0.0,3.1004394792803116,1.83758000021203,1.7199281477324522,1.0644000334565595,5.237705197058131,4.243402511121281,8.269117326152871,1.894177501103478,5.50151557730855,0.04684025420297235,1.2660368939953175,2.29119096369089,2.796493929425837,6.55256766345828,2.3713079373063666,3.23442467726839,0.04292444517384094,0.8135246892978104,6.4964271957660396,4.816507551317943,4.112708472002954,0.9415570827172878,0.019773069040027156,0.7013272574129406,0.21661006874244174,2.506500390433616,5.6205248306907984,3.424626533814888,2.852298534868097,0.8360857117024058,5.884676060785398,1.781569544815974,1.47040671081933,1.944858445807539,1.9242899515182168,2.3440046760776383,0.3691593460645315,4.654183459651995,1.8627092580763223,5.491208548585029,1.1583370271671007,2.402776740679158,3.080180096590517,4.483848015899377,2.057588902884359,1.1212143796584455,0.2237932162430325,2.9535073753826837,1.8893567203891861,4.578817980423255,1.1796384349381324,0.2848694330960322,3.0680516429977898,1.074642437934493,7.279946667794537,0.2904244038652997,0.5041627249152498,0.4111007890854134,3.0266584381557258,1.1331689334860438,0.9646573883765778,2.1101627623112655,0.5968397544377849,1.0371010360077666,0.9855732918508658,1.2554403048654443,0.0,0.37116851549842755,2.0286752288146555,1.1188912521784264,8.350687295493469,2.1221425842204478,0.14808808264533596,1.8953026213333068,1.4003193228644848,2.078302409534663,1.767993717611875,0.058247216854662685,3.8616477416236448,0.5011078923772916,3.7789129275197855,0.3709454125766362,1.888304895208487,0.41261895899193063,5.040813544800257,1.8083850506560935,4.108683353568227,0.32077347694587044,1.6124468665601845,0.6813143226013214,2.255802836602718,4.048619830128154,1.2294033444039323,0.9086592169925295,0.05630606033187654,1.7698140464015715,5.0
2.0261272348503065,6.051300313239619,1.2325993642057047,0.029558897449116415,1.6500752089209936,1.317593504623471,0.15107947302881158,0.3156821513379246,1.2957230245399685,4.845660655226721,7.296377561352229,0.28546140513703605,4.484080112808226,3.0068904216907204,2.2581269166925115,1.0119964876680252,1.8535965062025126,1.747559266709643,3.8625902483801617,2.322851124375591,0.0,0.025312343046069,5.360581998898173,2.4515672074575705,4.841807108900794,0.7996675839159533,1.7745024451096594,1.3494218971676546,1.9115765451233673,2.765513530103432,5.301916824446089,0.6405283852959444,1.417542006751048,0.7489763892462132,3.6913219882821697,2.0172805676706798,5.409469009286189,1.3783451488368414,0.6568166796493198,0.8926630235787048,1.1380935964872845,1.939076093213533,1.1134338026040482,3.899127281981342,1.3927020901696245,1.2172307162206693,1.199373960721821,1.457279086471519,4.62052189825566,1.0340043675765824,0.28983446517750894,0.36781834360619325,3.253127021013101,0.729531018385868,0.1585955515008968,1.1380280447667612,0.794103898559748,1.1023221911966863,4.836424081467682,1.2501126796923754,1.1844072586930618,0.07107616201095888,1.0396999177209514,2.543941243677915,1.5609105608798886,0.1460034511389246,1.6084780943361878,0.9598443278569626,0.27118660159725294,1.2047667506546131,0.2002532315936873,0.5946440891047674,3.099463536995441,1.7973450708435132,11.152650350584357,3.028639870808627,0.034779158048019,0.6704778041442883,1.8707789725257764,1.2163617349711273,1.4459914909144402,5.563649319834021,3.6924941532984117,0.40751591194630105,0.6417309781347469,1.4069175654225095,0.32262042236168464,0.9436588240434695,1.5171748900345206,0.8576625721188549,5.640716356519094,3.672210336101822,0.0497701518163845,1.9718470052946935,0.2617113288766852,7.14713876809724,0.5549326018804729,3.3831512973866857,0.019203733973092663,2.604925298199238,5.0
5.336447645770424,5.2652118324713735,0.8547935979936871,0.16992500144231237,2.647844052987893,2.274440589080778,0.8908746708777767,0.3958305697326967,0.8367320804591358,4.9086159885197995,6.864118032980174,0.4891318528527172,6.489841539529139,0.060600829554117094,0.7862617851173015,2.7132339025537777,2.3415873148868562,3.5925168368594296,1.5897155561209755,2.5030942691573395,0.10272531001108826,1.3849891873249347,5.005004674672329,6.126386477103844,4.862029779095028,0.9619196151988836,2.3016461725982413,0.945832404535442,0.2047667506546134,3.898353485554551,6.753355829644479,4.190994051128333,2.9483578861614315,1.2542312073752224,6.158007745512278,1.8445463452550084,3.760082526279962,2.9240808776757232,0.29195711642980726,1.969564958371911,0.8897071584397872,4.484163916405393,0.5737622955763231,5.748855666005349,2.295017665151298,1.0090604681563835,1.886706211368727,6.100729610648143,1.7069504256469006,3.75403231835604,2.894002834812792,0.45101324294397294,1.0350607969051142,1.4522264117974453,0.26723614181240984,3.7254030704358776,2.8336390087094823,1.1270389122107491,8.126292510401878,0.5514914085474946,1.004537346803506,0.24171817459670142,1.9726926540042646,0.907736728524446,0.2685541640335435,1.9388503370060637,0.4072983601037884,1.870305530880412,2.1586278637855414,1.292251682255787,0.030124161455128837,0.6909980795569077,3.2397188084866193,0.1294808586988783,9.056662369409342,2.611007086364379,0.2037649660186562,0.7516351033278998,2.924384975067791,4.1208744411115195,2.7881427709648903,0.5055861028018475,3.87006875178241,4.173623174752473,1.3851548968843437,2.361234968888041,1.1835817911178226,6.024197764894867,1.2941354806753338,2.2119778215784227,6.130033023381451,1.0852886748169872,0.4648773380915413,2.2895098960436244,1.7807300364763765,3.812272305219075,0.4658177832317134,3.3347684771847117,2.6838760783041193,1.1535459518566735,2.0
3.571252068509439,5.858759342967769,0.2046415656104211,0.38714192839716993,3.3037953576731653,1.3871419283971698,0.13592881552640673,0.14391580307144475,4.055898432382814,5.337728929493797,8.12557103465856,1.2544731079527323,4.485594273126973,0.522758841407708,2.177184302211533,2.4000460178755287,1.5979839937899458,5.80307459462883,0.5867887580539942,3.1084575476305414,0.0,0.8531173912235515,6.83761279661944,4.72714173352769,7.390015003179999,0.9773165629087104,1.8674220753083053,0.6180506700533439,1.019346088804812,3.016442832929394,2.7902507388352302,3.8575929077162723,2.860903222159743,0.4819188778347907,1.4924685149338193,0.9186915344243975,2.7663195287064446,1.8611613657533979,1.2630945168748595,1.1690912034093872,1.2491419032803475,2.621735417119794,0.7203660313188074,4.596118178800913,0.8579013959639398,1.0422240737629849,2.249354316445227,4.980253845988264,1.9204076440315936,1.9757035480077667,3.463190839208714,0.30696212414045587,2.7888527278678175,3.2779401271755058,0.5936884087300691,1.738594919167061,1.7969299426385115,2.016139702655253,8.978723613451121,0.549619889097734,0.7701101617330285,0.11129845340254099,2.6964167635411367,1.553213031228527,1.3494785145191088,1.55040819321728,1.6075315371780063,3.3679580895346897,0.1323794250528661,2.358058618305492,0.01335505866906758,1.3009437039095533,0.9890663256865185,0.5541467667465125,9.111078274353588,3.3652025983068947,0.5549326018804729,1.7608596368219072,3.551798991886802,2.120617361217942,0.9318343146654054,2.4836481247476616,3.141776093188225,3.55256151571052,1.7867218081793852,2.745344911641442,2.4790753130715064,3.72341657844079,1.2999479540600278,3.3938829277027507,4.6702511755381435,0.6514076555892457,1.3635075265239611,0.09071795976779981,1.1453513855726198,2.222433640605915,0.34016344331109105,3.382985357518483,2.11096451940552,2.1230701919759483,2.0
1.127369146616222,5.257780051556222,0.7143993969304027,0.2568898855358929,2.893226284235789,1.1460034511389245,0.25459404303314104,0.19358252508164864,0.03238300531165298,4.436275128545553,1.6454711040372512,2.17769459558823,5.478250277115483,0.10554399219892611,0.9057359776670264,1.6899700254821302,3.0919367382105847,1.7984238454778598,1.2762584300718194,3.3846577110944294,0.05102400302446689,1.8267620157763063,6.957793904810255,6.581539556599675,3.9183385254881635,0.8347112158047251,2.068636419431807,1.6298927949533282,0.6355222414597538,1.4037585369641565,8.317340251070322,1.5519835104183806,2.9803543946493662,1.8010758591674574,4.704407217892555,2.7052923204776507,3.972830484525926,2.9113080903653263,0.35049724708413316,1.6530600171045644,2.1541295007901824,3.4670838033060476,4.051867997288677,4.750644018706277,0.8004961475964861,0.46226176929634905,2.9170115844701305,4.963474123974886,2.3828332292038237,1.4648250731598824,1.4684790534351346,0.26447638000770035,4.923087362946441,0.19811692915245535,0.23094077612394048,1.7905218378369392,0.1087586143609367,2.2141248053528475,8.766767074411986,0.3000651367787609,0.17670573818911434,0.4544917772233132,2.275722256160748,0.6347791109090936,2.142282723454798,1.9725456202657672,0.6441331606342237,1.6530600171045644,0.07778988864366763,1.9126115457949318,0.014783752627070351,0.3213509014246168,3.3926883538144708,1.4872290698042272,4.41642092132949,4.00049584120248,0.31405840885826075,0.2481704732018035,1.0529722748139885,4.090023472787781,2.3134780576533274,0.8428581832559774,1.6767187441184332,2.5009040067013038,1.2529605634757486,0.45249000921845045,0.9269103067528865,0.6016014428349451,1.6284469983247358,2.733809856601684,4.843079364525266,0.6892991605358918,0.37684601401632034,1.0675010485665715,0.6275134567877689,0.49610437977073235,0.4284640262579792,2.3945141419559586,0.8520787626015606,4.372757125948442,5.0
1.3925372452751308,5.019733045010765,0.6469920835672736,0.7373406461221955,3.227078713236183,1.3594649458308157,0.07066410077878965,0.09504672450704019,0.13606010688026618,4.982897772000878,1.5058909297299572,1.1621455712886748,5.45559353942187,0.037030730944967026,0.7800580778983746,2.2673560117838876,3.3679021927876507,1.2523551013882614,1.0043216059500937,4.428356822465183,0.7796379447986672,0.7772829357556552,7.84901094504943,5.498554056970061,4.110555344893662,1.0025225097687107,1.964472567274224,0.0978804340519131,0.3336527147654136,3.449799053072628,4.780488587388175,1.929412287901253,2.685760781269432,2.8108749222627294,1.1926991779920597,2.778545025802805,4.419687198334123,2.5781175316239375,1.2917214204578913,2.042189046265784,1.912036637093108,5.2634063027112505,1.0699083493768948,6.019041343342921,2.821444914326909,1.9089281650561647,3.0391559448347616,3.8947401708998797,2.336683287496202,3.3839116109963197,0.865997972602266,0.12485746725576015,5.447162592922751,0.0,1.4398890476197792,4.992677806374856,0.06873959067230509,0.7338749185750526,8.716245355077483,0.4003193228644848,1.0877343818197254,1.847876676958573,1.2247811943955893,1.5408208309061675,0.7009723072227164,0.6271398709655507,2.297044644599618,1.5035013932323933,0.030265442857669595,1.7458826889022592,0.10675031506086766,3.919607046908355,2.7008391783835495,1.4965134808768024,10.802588659617868,3.9594085089454554,0.9676113104586879,0.6848187375532225,5.446484528242169,0.47995483169067105,1.960771164312852,2.5199695673050067,4.2060023700497435,2.543916505048157,0.3265373481399519,2.245252252149377,1.269033146455237,0.6901041610445797,0.13474665536848754,0.9344787589068828,5.365276099748256,1.278876860102111,0.16298339202346543,1.8365301213294032,0.101246656683439,3.884041052411147,2.8768017739782707,2.6412454363078366,8.318906996215478,3.025578119212342,4.0
2.4101782630268174,4.3834209089711615,0.26687647212818805,0.0,1.903153989672956,1.2504159134074477,0.24731993497981972,0.10447085776291738,2.2604472588736853,5.129369576050673,5.5583564219775825,0.4263184353793338,4.02884316751028,0.5144000390366161,1.0670191060062557,1.6886279834868527,1.6625245438454874,3.748429029630316,5.2410049782851855,2.4144873669188587,0.0,1.058801353616186,5.684849588011568,3.533152158911445,4.439197579487326,0.9832398952689876,2.6392321632492775,1.059908989018685,0.9762169756695177,3.8005686242832,8.522009047306682,2.6877773773963045,1.466496612552074,0.7052259566163643,1.606110535972223,1.3866454270302826,2.5150563947333056,1.343635224282899,0.4722798004315504,3.2722322601491456,1.4058290264634932,2.311793717753649,1.4738907923057205,5.262857815164817,0.8801761336311993,1.0473289838655564,1.7718855785153658,3.1939767019030496,0.9512893782161332,3.2004572714285717,2.788456030313607,0.2234225499349372,2.560617141325461,1.1694119519913546,0.5099491463043107,1.243547226577594,0.9839694871935531,2.2711866015972526,8.044305587628239,0.08392815506235927,3.019470637761042,0.5445842992004357,1.9894296974842456,0.29030643542491436,1.7681207918532895,0.27762774765900544,0.5534588096990934,0.5243646238798677,0.427069755210786,1.5244147757941096,0.11396714643300218,0.6072000953975163,5.198989111140751,0.22268093149457158,12.40936303669178,3.2493088019711838,0.07368315361643984,3.832373588784263,2.8479768689846767,1.53615239301918,0.80264818879089,1.2711268267825153,2.706552654169524,1.4545444178392637,5.0411246805943755,1.715893370547605,0.7441610955704101,1.706508450568115,1.4141355329844512,0.3851548968843438,6.700624204845259,2.4418287077055876,0.7083196885516011,1.173639163570579,0.7652801306537144,5.109389814221422,0.328606717427416,1.6401118694905907,0.13040376165803888,1.9760703006957345,4.0
4.784200335910539,6.24485662219823,0.3709454125766362,4.11116488907889,2.0803506742939786,0.8437427049485275,1.137175601248037,0.17453425469490197,1.3831098142089628,4.106750315060868,6.321289561045735,1.900721927564115,5.188923086968173,0.03731193064196659,0.8418926316030559,2.6871278930653015,4.2216683158867765,1.8412888334995359,1.0684644509669057,4.006701957868943,0.0,0.17670573818911434,5.54616598502792,6.935165049603695,6.940611943529033,0.6901041610445797,1.4161371350646361,0.59741198755465,0.11022959242318889,2.1141670995470254,3.0897015239627,4.889142521890379,2.4242234074910307,0.8731044701240976,1.5630116564658436,2.6041662346942487,2.5502357884935725,3.1635470359956863,1.2070807167970334,0.6694803718774264,1.760476456539948,3.6523488156610724,2.013247849565275,6.273946619805004,0.9170879882853683,0.6132487438002662,1.1363226537492144,4.585413272492013,1.8716465455592346,5.197216693110052,2.8909524714570223,0.1257833316273236,5.056427459163338,0.547252389012155,0.26555691560250466,1.501005953141009,2.9999278634445266,1.1655582544611738,8.245612599435882,0.060739157857678534,0.24196218221519267,0.03969991772095141,1.3819478006891026,0.2522945412018369,0.2510828033169873,1.1419558855836447,0.8716071217375954,1.598508133683409,1.6465313499891587,3.1456937567424164,0.8163129820819651,0.3222743001542052,0.8384274219070569,0.6611110979012392,7.670853787454852,2.6486265004690313,0.09193673821058518,3.599686752672213,3.188780697792142,1.0796341123687059,1.644548517249047,1.1309967448083507,3.9920614094795286,2.70458428185619,0.5570914439986953,1.4725397595365097,1.8439436569972263,10.895426537019489,1.227248183780733,2.9810671751116207,6.04818822291939,0.5886127065137863,0.306378910710963,0.705579861939098,0.3149864854685155,3.6154045258780254,0.3930866550235312,0.6575485477897526,2.292722862514195,4.336240534900052,5.0
3.303415462685624,5.006419215966437,0.8577421844600659,0.03562390973072122,3.247259163057871,0.7494055456407539,0.33330922957489645,0.5961718621414596,4.714294980648164,4.944610168480574,7.469816802076358,2.1095945813331203,5.338363796071354,0.04572253573460056,1.3465881929236396,2.965599607877287,3.152394371410216,7.06530626216307,1.9242519403458664,2.0374876526237538,0.0,1.0667436379561774,5.853661374125497,5.079599981493229,6.227246258090911,0.7142235335741918,1.7643036872723528,0.28889006122208344,0.4134857679047594,2.7100184175117286,6.422774582555646,3.509759172195722,2.8142632913997816,0.9204457566246423,6.3731540053857465,1.4636224568518934,2.0594937253916714,2.014926544238103,0.6582800448473249,1.9989536667537056,0.6522340729092374,5.245780857446714,1.3009437039095533,5.001968836374897,1.7584737487850781,1.5414157158190933,3.560580459684796,4.933657611251818,2.409309463999687,1.7631140809044845,0.718876684552556,0.6375638789354056,2.8546340431338817,0.74743036833646,1.0478873293965498,1.2654368960490983,1.3929218540667536,1.2138138461877488,7.685531635287448,0.5597365244329826,0.5021268887757001,0.203890227146661,4.859790690641911,1.6979516994692132,2.1056110366044907,2.593305959250491,0.46790546906145347,1.7486759037939397,0.2481704732018035,1.194213156311207,0.6403432820058663,6.35584263028903,3.114267065712664,0.46299460667549885,10.822075003556753,2.6415922685721798,0.3709454125766362,1.2008809542859595,1.6768089943477886,3.2869254922410955,2.40610123821186,0.7693485994778592,3.9592786650932488,3.0790708496434984,2.906602027742592,4.169444022927809,1.4801616993481648,3.4294552838807104,3.192446693735047,2.0192749131447716,5.022190239634066,1.2203299548795556,0.5362518789372893,2.282973488621589,3.429549016242797,3.258895755075436,0.4790235599805143,0.8000819252384513,1.3795655153699125,2.8121490611526334,1.0
5.932644690760532,5.768615745203812,0.6971510670843671,0.21275608340363805,1.8989048580135022,1.1842168080922413,0.430499386222592,0.2772706596556423,6.233464374981434,4.764723002077988,8.42819642066507,0.4014120253638086,4.782204098743581,2.254110241874721,1.3986239967177454,1.7151026360576045,2.519013440241622,0.5581696548346117,2.7534119929550807,3.9788728782653364,0.0,0.04809665327294402,7.260721046559729,3.3134780576533274,6.471961286677867,0.4688439429746375,1.9576174879814923,0.5115692419724726,1.0314657764981894,2.979183939971967,7.234763792993396,1.0899048684213355,2.7653225697259467,1.093222110539024,1.3222743001542052,2.6913554919310605,3.971387205618151,2.0999684171548854,0.8052098955823258,3.4152854411820996,2.326163395461942,3.9310873260349384,2.1106639127074063,4.208142647337722,3.360111396439055,1.6805044011523604,1.4671751226140193,1.666256673927092,2.463857830242331,1.1469158480872752,1.1557492326779446,0.2961930726147916,4.378275778826544,1.056444801019668,0.19736218414916343,1.2042659452895603,2.0791562066176437,1.6541605409956188,6.006069077772908,0.5875570174296084,0.485220713155906,0.01735184178777496,1.5293212253456978,1.2962518178574198,2.02970023421542,1.2789363146792305,2.675183625787811,1.1931409191448767,0.6179566680959305,2.2471376115335855,0.024035935455509406,7.748396825537747,2.4034313457681162,2.2192459785191927,11.729265251307162,4.471161442207544,1.4008111414093516,0.7427823402000189,5.399482162766724,3.937721025761793,7.693722508763451,3.0825493203844223,4.776483040619332,3.1864054735550758,1.211261449712961,1.1591124612308583,0.5451776346152923,4.511973981781801,0.8022345839484915,2.2130983856484794,4.7752244131688,1.749662978213789,0.16748638996564932,2.238847989437802,0.04502352169849773,1.93451650158608,0.10178452416693216,2.912688182981717,0.14143279092929553,4.365496581606801,3.0
5.392983656631671,4.978639537963754,0.583230227099919,0.0,3.171559129990622,0.6182386555954549,0.8840117375835215,0.427391629686718,3.882486545140074,5.208829362573854,6.006318223285047,0.8351964815479106,4.099707584467132,0.0526941113038451,1.5937362077871724,2.599198754543005,2.1176285574953893,4.108457547630541,1.3434078222978139,3.2174944105686416,0.0,0.5319677773976815,6.023920648618705,5.1688586160878645,6.007000347551683,1.034215715337913,2.2103576909227645,0.16156525639703184,0.46131900249075414,3.116913648299396,3.8597509415017823,3.5992582753483804,3.372060582332161,1.1631766661936105,2.273844076682258,1.4597988033716307,2.352504308138177,1.6640276597201467,0.3793991625255783,2.9775180630258493,0.934554243277908,3.983942134154014,0.540919995427696,4.520799374405182,0.7929386224003692,1.5047220765761975,3.3951862187189987,4.410076477700161,2.225336634924684,0.6763576867328565,3.3973511934477156,0.2916035580305647,3.6394405632106053,3.9897384915690526,0.7040751643766956,2.1499096675349243,3.077926578685069,0.9682751102387073,7.8270403179666825,0.2078928516413329,1.212569338850806,0.4065366702051717,1.95769177138088,0.8711339518281754,1.366252263699564,2.5032724000770927,0.5192399486612869,1.5485352671384511,0.7027461855242613,0.8516790908698056,0.03787416566112011,0.5376439619298848,2.964084365873192,1.1707583178643683,11.29583389440536,3.3940750656257372,0.0862402758207441,2.0757379823940783,1.3134780576533276,1.9056589702720477,1.1534810985136996,0.17235949784814059,3.3822660641190536,1.2572520532397877,2.400619898564228,1.2194628389571547,1.4624188372184317,0.9198358342815143,1.7993774741697488,2.676312548205534,5.323406099956012,1.9265308398944194,2.104370210472076,0.503857532577429,1.7288347789848233,6.897332406554554,0.3854862589133369,0.9250879548799827,0.6331986863740039,2.8304581635410773,1.0
5.979899584642286,6.354547368540088,0.9732806391531195,0.0,1.7482035858846994,1.5633045894700763,0.5957900705306598,0.4718637684076483,0.5953126888907234,4.498997556210409,8.835289345835909,1.0434145029384083,6.782796446766184,0.08936255282773453,1.761327830109779,2.455964988917518,3.044184257544004,1.9777927905657118,1.5815440757239998,3.8398991381068868,0.0,0.920293300211007,5.717424186397538,5.650750201013599,5.278962325286277,0.7244756535966016,1.5682267216663384,1.5309197242214796,0.17708860210596758,0.9596959787523703,6.030552378119404,2.5181574206815833,2.5885407522470127,1.1589832511603866,0.4963089448247282,3.673443355684833,4.148511155601111,3.567082971268288,1.2108875492208102,2.123169543155821,1.7284429966138446,2.6468078077922255,0.5561105525814631,5.847162607296562,1.073066133844733,0.9167823487437583,3.010224849309626,4.622977190907872,2.078165755098899,4.651470801392671,0.5792767108286277,0.15704371014558002,2.2561652772630567,3.6158870739160567,1.5757479781724364,0.5487325317919189,2.790521837836939,3.041050189401051,8.02467317241857,0.13632265374921437,0.5683240202697064,0.5241639987869441,1.1859933700699659,0.8712916923751168,1.3266523910044032,3.120849564414153,2.0642965514035874,2.1639495040537358,0.766383141001298,1.076080169497717,0.0,0.2539892662307867,1.9584343950864156,1.3938554773390288,11.512157539706083,2.41589384525681,0.07751646970209519,0.5084286525318571,0.6526012175965195,4.026189218648547,2.6741894427915516,0.08827730968045189,2.3468718139442495,2.463308565918163,0.7795539034948898,1.66425526799401,0.9926959317090889,2.5400768796507616,2.089667630432941,2.9570045039525796,4.924019100059783,1.7892284460107166,0.4408459182372657,1.3361119683691056,0.8284691068817333,1.807890680723769,0.4634132038178201,0.8081790837714706,0.1126334169852453,4.810890341958876,5.0
4.594984397358057,4.370750169214174,1.3431803844632846,1.6411760598481866,3.382764074666549,1.21816118709516,0.45596498891751785,0.6918914445250105,0.28841762731171716,4.874255976768605,8.579809575420793,0.7788813967628012,3.6314419196591454,0.0663992289113826,0.3756233439289034,2.1176285574953893,3.2219080066842825,2.8244216462474374,3.0049687317486784,1.6987518877846766,0.0,1.4416428259047207,5.691106988019236,2.179606589825924,5.764295724419723,0.7004397181410922,2.2139693341483335,0.3717261219062073,0.3050950106666974,2.8384475925484582,5.798234599621989,4.379842727491682,1.6813593049083133,1.1727435167601872,3.5605437771114476,2.067053535814524,4.427679914602872,1.5561105525814631,0.7026575433909108,0.748547105153157,1.243547226577594,6.366035395449905,1.6278402650439832,4.436834780086174,2.6304054714823235,1.6207740658945053,0.4651908879259823,2.9177945318235285,5.093944629527115,2.5927799256185375,3.947731604859651,0.5220557491609642,3.220624036554404,0.8844807033610463,0.358396261956654,2.201351567131985,1.8261925362366016,0.3903375116159243,8.729324017452667,0.47912706430605206,0.9521844428964134,0.0,0.5809172886632075,1.5443864664896851,1.0434145029384083,0.6892096883016302,1.628633634164697,0.5687131490760814,0.969528121567127,2.5654265768272895,0.7025688958108719,0.13724119171159266,1.815862299921402,0.21574071346401794,9.245200189262661,5.209312988471377,0.10608026022513196,2.361543797967865,3.049073096654306,1.1511444344193213,1.0904469802326513,0.17747136444495093,4.142437945508856,1.3547906492310708,0.6024568801804286,0.730574747887632,0.19396093689782176,1.3377681709216305,0.526469504640831,1.691623493115934,5.416873512468908,1.4639362795064075,0.28640805546029896,2.4758112371401406,0.08188496672922738,7.226073998922546,3.8191470026324503,3.6659043549548977,0.9960271234250763,0.9396779371147943,5.0
3.8713015505866717,5.523957074934836,1.8231786900956375,0.0,2.486920273775461,1.6039289454223624,0.6508564475944271,0.9501697658975656,2.3353117413053064,5.593562928669858,4.759464797436705,1.1669724724106953,5.282443511823415,0.07546417426251252,0.6274200694012009,4.023814221822582,3.4062101085315653,4.323701519355055,2.8078700782997816,2.9003741551911486,0.03759307554023308,0.13422093976063337,5.196103397714807,3.7623807098024318,6.300733262599065,1.0648828515848543,2.0088454026824247,1.2130050385450477,1.0406820588030077,0.8281441023656281,5.645205920757392,3.06355471273041,3.437241057675664,0.6489255594531212,5.994018466419919,4.075926195344797,2.824340173726012,3.361319201557216,0.45638563037858937,3.9440150658758855,1.3373114773309571,3.144894764255028,0.546067180450209,5.173922935609118,1.4926223285744458,1.8780975197644771,3.445739943882479,2.5423571155529134,1.3529279780926362,0.5408208309061676,3.171206827418142,0.36367572180726304,2.3987060745104087,1.0555427479622854,2.031006943317197,0.4111007890854134,1.2055176328927066,0.51984379730947,6.307162549317493,0.2102641663130906,0.6061579252356459,1.0938305716351358,2.0737174247563437,0.7576206887786192,0.8674220753083053,3.3369831394928933,1.054362288449689,1.807684643243107,1.846673829597841,2.438585619757731,0.0,0.4688439429746375,2.4790753130715064,2.603383031938442,6.57277297513182,2.45048545986112,0.06887714085030783,0.2788174030747215,2.2720231890610485,0.3679301414318828,2.9251449382332613,0.05102400302446689,2.5647439789142044,4.19194159262148,3.350497247084133,2.1867223961522133,0.7592410717572784,3.7811813329285764,1.625925048499654,3.112416569442285,3.193077821546367,1.2483526661730489,2.234623941363856,0.622742975760372,0.0604624879861069,3.9826285780025965,0.5319677773976815,3.3007973132040176,0.6899253108564267,3.781496107335465,0.0
0.25120402291466304,4.352638483752167,1.685626241250911,0.33708307631078743,1.5686158767137823,2.4272307014252834,0.12247394117564454,0.3671473746579443,0.28889006122208344,4.829144272811898,6.717779224275961,1.482228746110381,5.314475392133073,0.07628544280891579,1.0139981460409995,1.535157156334507,3.552118809010898,1.191625814600019,2.916839661090211,3.3336384045150957,0.0,1.14782766837732,5.957654630159286,0.14090950654166198,5.831411126773908,0.49210955265261264,1.8893177775729695,0.2808375686117713,0.477884522027948,3.7015601460245184,7.706716333837883,2.233612007928471,2.7932092168353613,1.5747796939380356,8.41905426009565,4.511948688870031,1.2117598330121189,2.1754287908222567,0.32423456227053127,2.816374427833494,3.219726125672629,2.993946030151894,2.09953086455943,2.9142966242111084,2.1978339460450282,0.6969730884213128,1.3402774047662542,3.7195229870535598,2.9592322894566623,0.6000794117921392,0.5074140990154403,0.3908877595500094,7.675698806222011,0.0,0.34244096377917466,1.0624671435007056,0.0,1.903963766802978,6.169880918420347,1.0725174502000345,0.19723635491870656,0.13553486976118947,0.8397983835069194,1.6238200507415181,0.8656813143391665,0.15613769788898613,2.258458622717901,1.201131966907887,0.030265442857669595,1.8820169305830816,0.0,0.19559957544990353,2.487743583019698,2.9004707670375707,10.528924741332112,4.801919130559438,1.6006979305758422,2.8420938414945813,1.899678358844775,1.2690930080780702,2.316696063137959,3.1396332051145333,4.19704759049326,1.1786827756652565,0.8902521151570686,2.5042644413492394,1.1952845971631934,4.423376475377271,0.2583380111690374,0.9408808722334344,5.527001503000379,2.4229864505667167,0.19585150857564437,2.6451021401169794,0.38659024966271666,5.959236927087405,0.7586443002737373,3.2212584296778077,0.2904244038652997,0.6702965041074943,4.0
2.370805955728272,5.298456705372294,1.3534926778966554,0.3410748829944983,1.78425269340458,1.9637700310707626,0.1536756497972376,0.4487952553290514,2.534833556531027,5.781608884785733,4.408147985837628,1.6187554895704592,5.823937835695964,2.2644463535746717,0.6759965389643046,2.5058909297299574,3.0836558970806323,5.390973716835242,2.7393728853553556,2.623913671445048,0.0,0.6779817338547008,5.307104246683224,4.5681233347097105,6.674031214128635,1.057554246458089,1.877704992406968,0.8617172105072933,1.0415934486591822,3.4985700125442554,6.306971234979852,2.872592394228111,2.3345968775840547,1.1284913785104218,4.4327924190195525,2.1663940962534576,5.394730200775598,2.45420221949744,0.5347588693443623,1.6831574480892597,0.7331807728753013,3.597995908175217,1.2670563181786865,5.532157967324434,1.748718834119065,1.7325297078157889,2.2440041274779543,2.723143494869549,1.7997090234035515,0.5643293868429373,0.8888503817672975,0.19093085956261452,1.8677778814447392,1.4917505010344467,0.595599136829893,0.7577913411375702,1.0695646950933593,0.37139158392421234,7.414884768399359,0.6329196081178111,1.1616942354361315,0.184978459693331,1.6803243568440163,2.1567849075543597,1.1699250014423124,1.4247071455641507,1.1974250946491576,1.81151213236716,0.39154778016734165,2.1845659483240656,0.15393501070416332,0.5469561781414114,1.8830733484512632,1.4661833464012581,11.181746981911573,4.124526657357521,0.10003572116184384,1.0105650294557433,2.8914191868460786,1.6643463012500275,2.900509409964687,3.520925061127471,3.4714476163773917,0.23584957650756347,3.6001151027769853,3.8963106043658224,0.5776342652673305,1.135469201674017,2.575530170873877,0.6080522204669491,5.24557552299847,1.9457949567400605,1.2411690065156313,2.6147569517556066,4.419437764485397,6.5856130695910835,2.200755431595587,4.195607449026048,0.16195215892674233,3.364180190035804,2.0
1.0541538717627081,5.585638605571876,1.1485436945363445,0.2228045610452611,2.2397646265109468,1.6616584025515393,0.31068911751928047,1.060669995363795,3.5520819106531074,5.292328995820141,5.08627000324056,1.7212413999767473,6.839696362304988,0.038295698181544525,1.8356007450192948,2.9100802320686925,2.3398215049233424,6.285409617279385,1.9773532013870152,3.3283338455714153,0.058108649401173953,0.30170469621916013,6.159401123173651,4.124361223958543,5.4906984783881825,0.9064288593136861,1.87050281711438,0.5742468604688271,0.6662112182489406,0.9809758126787401,6.926808334841758,4.1831053448917785,3.958118826718208,1.5031960609474675,7.81513604697617,3.0639343057540986,2.3561156323125823,3.668436863932489,0.9092738817686757,2.869674033574506,0.8523185125050438,2.6893886272216596,0.6265793107820099,5.514608338092805,2.6862764018074548,1.6566794130304607,2.667097345744016,5.461070114033051,2.125122060569824,2.024390606411616,1.2762584300718194,0.5582676340557359,2.1872610048416967,1.9160561952183044,0.7299659974469278,2.7440318932143177,0.7790495528374586,1.1596291858212278,4.858712106985599,1.8172139242583265,0.4424392936238634,1.0818849667292274,2.2415351417957172,0.8748363026504745,1.643255903769567,3.4774053396674494,0.6365434213518011,2.2139071409750306,0.048375704538976265,1.3399924842477242,0.8659188145522124,0.3295254851966552,1.801282842574204,0.29760229865200793,6.5180582532387685,3.4723317960000384,1.044184257544004,1.2976609865414042,2.411182160129018,1.1928885121913588,3.1056613178640897,0.0,2.9342711565197663,3.963742292358634,4.412293771333417,2.559687585507932,1.1844072586930618,0.9686437559647167,1.3680419305947678,0.6089038425274244,4.134598817215524,1.2536867827322704,0.41489322256079875,2.0352367932749775,4.12351721841595,5.560580459684796,0.9696754631432025,3.212195777212031,1.7726035789018388,2.08803980388186,5.0
4.8169580319855525,5.675392543042777,0.9559079132977922,0.11169907219742026,2.4299104983189936,1.5291712752313125,0.7063758316370209,2.720322248940433,3.8591346897439425,4.462778720056197,8.244920348775343,0.7173857986902569,6.449977286224173,0.2441563956281046,0.7270927090504078,2.4229326457653646,3.942430052426005,5.7563081242714125,1.7869308610902854,4.414115232254743,0.05616730630042659,0.15639661659766543,5.604145473440979,4.7655877856468525,3.98948419536095,1.089294749042461,1.7164641871524238,3.2724114398274,0.5529672108798451,3.3802584458262115,5.950864960806056,3.8670464069408794,2.290217952763862,1.2733965304697419,3.5404984991291855,2.7488261543432393,3.8184211234638092,2.8018001712087655,1.2479882572191312,1.3468150942005417,1.243608155058752,5.204668950767046,3.472838654610253,5.29340359341114,2.1486738429388588,1.2953116068081263,2.625340634916107,4.766584561432863,2.880920568441978,2.858697190038334,2.082055342987546,0.17542879082225651,2.8687855225553522,4.360174620620807,0.4600610209773414,1.895612844975162,4.263965845635964,1.1523132395393303,6.749947173327399,0.6119277672153374,0.3061455593087739,0.18738770708047234,1.8088792512401461,1.2685541640335436,0.9629561404704258,1.7755141527534264,0.3817263586255994,1.9086592169925296,1.0592860487461908,2.343407822297814,0.0,0.6321751353974845,3.035307185811751,0.327227467761286,11.48347556537942,2.3448852948967374,0.08814159686901755,2.6939217913370896,4.29837238730039,4.0994803691810064,2.616287113320907,0.19433924948446313,3.7303464965726145,4.456004429264919,1.625036646268437,2.754246161836886,1.4124021753640412,3.0006851174419085,3.233381924033929,2.975483451634553,4.677931010045297,2.3381676592560816,0.24974871508356883,2.567618456679004,3.577162924656259,3.8586872453211365,0.5305702039025285,2.7723079749584034,1.1602102798507896,4.25418584650111,2.0
0.5730836311851768,3.889960199658641,0.9601409803107686,1.769348599477859,2.870108217664178,1.2154301024350038,0.18320064672542768,0.0475383887633606,0.22243364060591522,4.684078128572771,8.497798757567926,0.8021518487489913,5.297059322468191,0.01106620140620535,0.3687124837283308,2.513162248725733,3.0122289655336725,4.4854139459070135,0.5619859223018461,2.6049015835089517,0.0,0.13448382151079383,4.719960993611983,5.4963696694917505,5.082557835753048,0.23008001621890772,2.2676256828101047,0.38028615612307853,0.2371965736303936,0.508022916737609,7.409966202158585,4.1349355376314545,3.138323004056484,1.6160753415714053,5.64141886286257,2.268823611212969,1.052624562045467,2.3280034579409388,0.11490002395719036,1.2767944047892594,0.5083272292803207,6.908632799746443,0.5977933502428048,3.4568192884697386,1.588516766693908,0.05074546358139898,1.4447200671556806,6.486403857744471,0.9344787589068828,5.635615105869743,0.5816886802286453,0.7091141484712093,0.749920364859095,0.5890923099359382,0.23768607912016526,0.3715031052044355,0.08065766334522519,2.893925198561902,8.575224201961653,1.9293744114512872,0.010779838753242763,0.24037539449809223,1.5567482078585353,0.07313470463021537,2.1136671647906953,2.5200953263372337,2.1926360610702127,1.73850845257783,0.017921907997262315,1.8202810965018743,0.028710585954140094,0.0,3.3557492693564392,0.15185881672700494,2.336854639125465,3.9413880598079634,0.046421211248710355,0.8178688017279866,0.8123750005659496,0.7377732772589395,2.499833133921504,0.0,2.339137384919585,4.164625397737164,0.4419083640035892,0.578890421237756,0.11875838897983478,0.4709272574751268,0.043764442310170244,0.070389327891398,5.443653060955642,2.4530697540688835,0.019203733973092663,1.9314561409127122,0.053945424962785246,5.2462256485198715,0.7937710585442241,2.689791158663454,1.4081140104134113,2.1862469861453118,2.0
4.7634434451424434,5.658711339973922,1.1090261764983669,0.4748772859931199,1.863740264416257,1.7841689205020281,0.5446832053836497,0.15691431465323902,1.1892236401972627,4.9544382905508035,1.7782926961054606,2.1857714194253326,4.324745810272084,0.018064389360361564,0.5021268887757001,2.5525246286738006,3.5029797448079445,4.446732637656575,1.2247194655788205,3.019844220128291,0.0,1.457068911282177,4.512113084870818,5.486839847294489,5.650666921196414,1.8929349699727516,1.4948251905956804,0.6541605409956188,0.5075155864792288,0.1804025068286491,2.867718586515489,2.9136649504291423,2.2472895493388387,0.21387604338294247,0.506601942191015,3.268239745374087,4.911514229720861,2.0927148635226454,0.7793858061989364,1.9134926277500783,3.074591063870014,5.303554282067816,0.15107947302881158,6.872112157946043,0.3486856693343873,0.9982677263787629,3.876929436980873,4.7628856067011025,1.1271710150439966,5.262451950431011,0.7131679030093698,0.24829193773910016,7.2434053674878225,1.527921084473093,0.28475100953422644,0.2630344058337938,4.1850022548278645,0.5935928058645962,4.846628703306945,0.03899797879750991,0.25845862271790077,0.4262110720274044,1.6241008946281144,0.9942900700380157,0.5829413125017994,0.7570232465074596,0.5051795666833733,1.4268014716133808,1.8600887742895116,0.976143640046633,0.01178185945991471,0.13724119171159266,3.2341180633698046,1.949983079340687,4.224163787341664,2.1107975234172227,0.13145778547908782,4.126039492702662,0.5650121808982247,1.2057678401498182,1.4621046842722336,0.0,3.083553787089846,2.5352318229055473,1.6957266226209635,1.2419621822151925,0.37895546114090645,0.23560453276329896,1.7126397979308516,3.510012465448515,4.289295935547963,0.716244669031325,0.8491986517647031,1.4460973923342109,0.14925936549962288,3.200818194305922,0.4421207592989141,2.9930765111345674,0.9892116853884944,3.6852001150668943,0.0
4.883601267439935,6.282235915401183,0.9272896738278035,0.10191895971107164,2.7944574569589906,1.3747891107330774,0.7930218876323136,0.21101219348551165,4.307486814723411,5.048179502251083,6.2644763800077,1.1821837691214683,5.734828823905377,0.07368315361643984,1.6677559084103724,3.09971599916091,3.0147837526270704,6.502287633411455,1.9600668229157594,3.9761986421132773,0.0,0.45890690685086627,4.804982831167527,4.566614258436199,4.502324236122013,1.249991368358195,1.78114985171021,1.496717987935177,0.29513524900081806,1.3669236489785181,4.575136824390966,4.515504312264417,4.525235765472529,1.022900402110079,5.240959199636433,2.5295960934164303,1.9072752629993825,3.1037493969748744,0.8630662282725983,2.586236318820405,1.110229592423189,4.207767937572171,1.8770767264093353,5.270013067994457,0.5199444141830253,1.7178244544876369,4.512492388776625,4.376894621520946,1.1433934186931878,2.3476089677593066,1.3528150116028057,0.5559142942433984,2.0332291607851105,4.713211903041119,0.6082415132627188,0.8881490040158464,3.293429344490797,1.0473289838655564,6.542056801444213,0.13000830410860617,0.802482761082775,1.088887859397697,2.9909004180474748,0.8235863347088125,1.0883451612990838,3.362483915857913,1.0975433793951246,1.8025241197881716,0.6598332456999907,1.1364539092686508,0.0,1.8066952535317582,2.721110128533316,1.502483367546508,8.063994147244516,1.7678666321766285,0.21698248926876829,0.7374271827290588,1.403376806687082,2.4740985312514536,2.3025530220480332,0.11356715704707816,2.8592738663774746,3.819617095657045,2.7340917706310894,0.8756228125325115,1.4048486386752366,7.380886992283082,1.9091202401241334,2.0777557141096468,3.4241158881109772,0.6841005768559766,0.6222744313631227,0.6558097543554524,1.1427401721160821,4.4285645225794035,0.7147510593430856,4.088862424984209,0.69278425663401,5.364404341528333,0.0
5.710247151858636,5.962611485916741,1.3632832356391549,0.0,2.4710833848537637,0.958508636436793,1.3324501586452695,0.7685019474342594,1.4349884394605097,4.613030630151687,4.14349138017309,0.9220455770319438,5.719536676771584,0.07340895518534003,1.334453862323681,2.5704143546176494,2.9887937367639705,5.206904954377775,2.319039815562536,2.9689201784546357,0.0,0.13789693238961925,4.329389142580409,4.409024275279017,4.2769581351333565,0.9464314371037159,2.204704159490331,1.0878022589770875,0.5464623581670918,1.9013786022931818,3.951401291674311,2.6037153517031886,4.237892539444545,1.0753272507070648,4.633198686374004,2.8133810283005407,2.648005179810493,2.7563615038438063,0.9283513712354982,4.37865727261222,1.4096896279532591,3.622543862984422,0.21325395073353418,5.716154108074669,0.649569476018548,1.8870572937549823,3.149438227782395,4.543260776741801,1.9562797323356713,1.3648525400612033,1.866235420696214,1.6728778811975678,2.8204649196390887,4.444779690181406,0.5511960668341791,1.0129261744442701,3.1662816072915207,0.8908746708777767,5.504124579403535,0.46215704784739453,0.5444853862360906,1.0677763720484927,2.0587667263035274,0.6803243568440164,0.2541102418747209,3.6217471369623664,0.8610025136236527,1.9044262926015074,2.0286752288146555,1.4641977462488616,0.0,0.21063822838015023,3.4166371019741733,0.262914176237417,7.8053459880876614,1.2950764582739862,0.23290630100683052,0.8621934784755986,2.1002376143457377,0.8866671969403164,2.5821946818849306,0.08420036167465528,2.3298985675339323,4.380521672159719,3.6401118694905907,1.0975433793951246,0.8855743643714263,0.5514914085474946,2.826314586491815,2.000901402741532,3.097627650442006,0.6480051798104932,0.0856965806792463,1.2940178153102175,1.3169566681818305,5.50272521370031,0.9817065501916474,4.819417835795678,0.24159615530954037,6.303782574372201,0.0
6.85340313258764,6.12908514805661,0.9333460191479226,0.2828549093225548,2.089532048350667,0.8088380743234741,1.840604223354095,0.3661403357705043,2.787599626910994,5.758135250961799,6.835959433993618,1.0741628755070072,5.477810064943229,0.1921941652833451,0.5405232964382193,2.9252778906387635,2.260116009815178,2.7723924394085833,3.0223855691658432,2.865819860881548,0.0,0.9544196781329239,5.687483465966101,4.685889703681522,6.152019098254383,0.8362473310428413,2.4332799705572583,2.2756626689794053,0.16066208011334426,3.1119660896034924,5.530298643064383,4.294731014362368,3.0012798240108522,1.760987340969717,2.205361231318354,2.404085653972788,4.074257087851388,2.6687318448715645,1.0413831790194066,1.6532434960620659,1.3863143311657122,3.6968952158514323,2.8853986533283447,6.038513002770509,1.4696255385012338,2.1389127417840945,2.1290851480566104,2.95886123068714,1.8336997209579278,1.3885753065984274,5.7474706503152175,0.26159098896412525,3.190093309908864,2.6497993765880734,1.4935448661999702,2.212351439650102,4.614262244797816,1.421048212423562,7.247456662445112,0.5983652053236446,1.203639694013985,0.09207209450292904,2.059805184317237,1.6246156331376465,0.8105664937251598,1.3302715534166973,0.5909133502559083,1.654847942359046,2.8559299158886544,2.837418530104596,0.5546379638643585,1.556699167457392,2.8222814662957068,0.6657565826793985,9.290087292661537,2.8861208841326076,1.122142584220448,1.540771246089236,4.668278003056824,2.011424074808901,1.8928572762336573,0.026020970714370147,3.982135685944202,3.097324251633336,0.6432097175758189,2.466444406250493,0.9028068031432646,3.315653171956384,2.5809172886632075,5.911231379829822,4.507756590596962,1.515914255710859,1.7039866038634306,1.6120693582884098,0.23032600002869183,2.634732652537541,2.2720231890610485,4.186104332588892,3.998818309614731,4.187783579872237,4.0
5.618212221608644,5.075515517245675,0.962586038356883,0.0,3.7191286674207573,0.9754834516345531,0.9769501269409564,0.3198491168047564,1.0953843628902165,4.917508136957302,7.674257249763617,0.4743581628754001,4.142609487298665,0.3456234641751285,0.8069426645777624,1.728704196682311,3.46457678887425,5.695434326352045,2.141727055009637,2.6572512711336067,0.0,0.9255437586984934,5.182449974309805,5.753978852532812,3.3379393937533086,1.0591475810389257,2.1039004302527218,0.777619601072133,0.5988415781332853,1.9229970094898203,6.752601424726122,3.609282179916569,2.827737743733843,1.2864672004860689,6.466044639139834,1.1696043669169591,1.3148125165745745,1.5782624799695666,0.5963627200648611,1.2338267197953958,1.755400369229264,5.379659080416103,2.063951557609584,5.280496121653839,2.403513150524036,1.8991369518107997,3.5907576932438885,5.117291929274373,2.074402676647009,3.30363464507901,2.275811632318435,0.2932527564278797,2.0253832214779233,5.052933161310942,1.1510794730288116,1.8017381015664575,3.20390588402299,0.675093273820292,6.954868635747114,1.7133878897499935,0.6380274847881978,1.2228663718479909,2.530245573481822,0.9828749608980616,0.4821254640799907,2.2772706596556422,0.5479433112903502,0.9018033502507437,0.7739119545131264,0.9268344213655566,0.039419183133397186,0.681494243414785,2.3169566681818305,0.9587313375678362,8.25751513369821,2.132116159533725,0.6033118106000482,1.7697717392494479,2.2055176328927066,4.004375544188077,1.403376806687082,0.031395196275534325,3.957487482828422,2.6287502693050584,1.8072724799854716,1.55040819321728,1.9201789473271427,5.368398200752883,1.473059537262585,1.948899820666302,4.864933923190836,1.1970475904932603,0.7267440424930007,1.077858235283228,0.6559013220645938,5.2378160761027015,0.9092738817686757,3.4814022827632454,0.8699503476589989,3.2077210920077124,2.0
2.1584016625937767,4.830752229985385,1.7022585863783979,0.0,1.2751262735683553,2.1380280447667612,0.579469816844294,0.18243805572490956,0.40544784370753517,4.430385642517904,2.008702007886473,2.105175192265479,4.423208374164016,0.8330114991583624,0.4886178345906477,1.8353986274436427,1.860128514122888,0.3446012830366772,2.0569996303855635,1.8393549796546484,0.0,1.7832890112097282,5.3714578007240394,3.212195777212031,3.627840265043983,0.4965134808768024,1.8511193643677746,1.6622966623367148,6.802571939313313,0.17069423368708325,2.764494782551535,1.2504159134074477,2.708783176670427,0.9364400701142147,1.8224854297983568,1.7599227941755813,4.694317487711995,2.08212348785747,1.4009204116541123,1.0548484769956197,1.723776969623438,2.405148272300409,1.4692087402488272,5.349850010762971,2.4008384597464425,0.8991756304805131,2.003458319772411,0.7326599443350276,2.421452226831783,2.3425831894997753,1.5481406568950475,0.054640130538345405,2.8902715740903226,0.3264222961010625,0.3048614514884491,0.8546340431338819,2.111498776705849,1.9700805749038073,4.132988042627442,0.01206802330909034,1.1183597259530575,1.057068969055747,6.0169130046071775,2.0240359354555095,1.113833828959277,1.6695710760389657,2.8431597856711486,1.0861723251323256,0.9720308841413321,3.076370964735807,0.0,1.1086248146816486,2.1872610048416967,1.454649693309311,9.250224267635,0.47082316316858486,1.581736878509478,0.26735601178388746,2.2976022986520075,1.1399933019033646,1.6361721668358848,7.113911946160998,3.692349079751969,1.6077208982993136,0.3645724322958561,3.274992143548497,0.7314439460347151,1.6158400031631566,2.51850996083855,0.5884208204935674,3.9103201302765105,1.498148726210151,0.0526941113038451,1.174789893047815,0.5273706571404089,6.457577876609177,0.9937105871599575,3.548436624696042,0.0,4.695882489753165,5.0
6.41281031121995,5.966949511566825,1.164271397680741,0.7247375728761294,3.062916080957958,1.1563966165976653,1.7250867246302268,0.45995613965412346,4.641551809104154,6.269702706857982,5.79376845792928,0.7140476487777668,4.919149363287675,0.6043560380152552,1.0148551501991971,2.8791175913576956,2.7499418116735908,5.165988291248882,2.993040269800138,2.392015112146068,0.0,1.4480551677171873,6.321619685859983,4.055082830800754,6.875196429922507,1.3192710908180632,2.0939995430740432,0.5142990347280451,1.1560082211071274,2.417866013723713,5.13549793182995,4.216175456586455,2.6529223925715675,0.8629869091950904,2.4503270872783944,2.5310195716186326,3.781779345593031,2.5184092438696704,0.8615584195720287,1.3764570950111645,1.588996402005646,4.408997111508029,1.6799642008062254,5.156801084076523,1.8661958487277308,1.8339425444056885,2.219803553798517,2.7225534578847044,2.6222275685530008,0.6125884066987176,5.768822146158652,0.5277709887533527,3.5799162755327534,1.1423480821446812,0.9235675679325586,1.4476320899895545,4.1087251656044375,0.7086728358615803,5.986549736772732,0.38294386956899057,1.1941501055915813,0.23707417130215755,2.3095254660278273,1.7781665147050312,1.1939609368978217,1.2618316587521363,0.5632557714329888,1.2632147314437892,1.4794375327354035,2.8344482953594436,0.7677395355455784,0.8630662282725983,2.258096757817156,1.0385064182638428,11.069928751275713,4.531131891681042,0.26447638000770035,0.9011082430145125,1.817132043669134,2.2571916982691307,1.9632151554696782,1.0485849575730497,3.3774430784248577,2.61666351969327,2.383496944155365,3.48141519989474,0.7619660307369442,2.798506794739972,2.263905770889301,4.092080553849557,4.281060207881071,0.9785617494757466,2.6971510670843672,0.4573316254850136,1.32883646422954,5.22698626636594,1.225398337340744,2.9871207304157537,0.18573970940278245,3.3797179886285083,5.0
4.752775347372693,4.922221639345335,0.9749697628127154,0.9818526532897407,1.967279296000456,2.0485849575730497,0.32331241775790276,0.7096435454709319,2.1557168558550237,3.9699240679356076,8.468392704460685,1.0926133927142838,4.723973508693409,0.010779838753242763,1.5292712437059317,2.2893918527976336,5.898742853758375,6.190490416469615,1.3089432881252134,3.0009374471392527,0.0,1.1375035237499351,6.158306728313976,7.083829254784534,4.1613556408621015,0.7703639265088383,2.107721342128864,0.913798964950696,0.20614306969137305,3.4070399746744435,7.546272501133442,4.07128214850074,2.685828046573984,1.8079318846891246,9.699400846521584,1.9667257687178068,2.268673924548358,1.874560922861344,0.2649567179648224,1.5083272292803207,1.8245234804295558,3.6139794789252786,0.31799861786143496,2.8406042233540947,2.0389628728846736,1.007339046008162,2.486791589253706,5.109122319521976,2.0069801577153363,2.399116393444799,2.188749053844455,0.3284918303048477,5.149454486890389,0.21138606167942933,2.0547443075280207,1.8311881492410278,0.38736254083599553,1.3107472754634113,9.660429705696615,0.7107017570398111,0.06184530707106949,0.7823246848703195,0.9153296760130096,0.5418121695288947,1.96654121241907,2.09413470597761,0.946656010206915,0.8788430276417866,0.008773707066016134,0.9441087991079549,0.0,0.44010174038750755,3.519164449806069,1.1366507701601194,10.511303965133022,4.9287019389360465,0.5760867241794005,1.0705954124629773,2.9666888593467555,2.2517796769523715,1.6487875399328644,0.0,3.37256212763215,2.3554673883760993,2.2054863539342375,2.0077337200416303,1.603976406399121,0.7988385441040987,0.1536756497972376,0.6413610563273641,5.910797409063856,1.012139555403256,0.30497823580396105,3.2673260452247272,0.6889412383010002,2.0097771216115303,2.0108514347454602,3.034110045327424,5.160004502482303,2.5580961660517274,1.0
0.23646200383810365,3.337868053376347,0.1963552428827484,0.04166353172936154,2.284395680512877,1.4135399261734702,0.5503096787550961,0.058108649401173953,0.19320401398387493,3.681393040718178,5.494569216598649,0.9163237679894556,3.586500555281425,0.04474382122439775,1.2135028199839164,2.5507283187685332,2.547548539078039,2.6339658733321993,0.677440587921541,3.4081819604617425,0.11982095212187471,0.02856915219677092,7.026687206084695,7.1005771938345426,2.296868498527906,0.4830547362801641,1.1506896432473208,0.13986236801564095,0.32964029003823003,1.2573124056856078,0.6979516994692129,5.3337063769399435,2.407923733250162,2.381117217633927,0.7657893171440197,2.0224743465748993,3.7896875242346395,1.2542916863222178,0.03618680284784627,2.179829490851302,0.9249359882668029,1.7098199679769162,0.03548315212868861,3.9190158448766765,0.6428401747866854,0.014069582501655862,1.5866926968600388,5.807123041720864,2.496666863888293,6.488547142755345,0.7035437197338161,0.019203733973092663,3.8892496251150677,0.0,0.18637377746594408,1.5180314926021694,0.03365205248999707,1.2451913930643081,7.006517957530632,0.07244885006969244,0.16324108516354305,0.20338911736708698,2.147013570687989,0.22181522787370223,0.027437182706851134,1.5480913230245794,0.42889276178591573,0.33456827566613295,0.0,1.4400485701351977,0.0697021666300674,0.12432813500220177,3.648269849101628,0.03731193064196659,1.5552762701976355,1.9863745260849648,0.947927931238094,3.4745398772153444,4.35002334294493,5.066868465933353,0.7155419865013234,0.02814476771337868,4.76966596594093,1.8126625086532264,0.5987463161542558,0.4575417624078072,0.9679063702901467,9.329429284261364,0.10527578341568686,0.16722945407166856,6.620925052162099,1.0043935231526153,0.011924948479708557,1.6895675439504672,0.43413445790933575,5.26563192275341,0.4127273385916427,0.8854962732165239,1.310979883798131,1.5522294984223337,4.0
0.5292712437059316,4.6035907407617875,2.1984941536390834,0.7488905426459147,2.040927489638674,0.9535259995739594,0.6632079724806474,0.19320401398387493,0.6984852076568235,3.712397685148521,9.55071600756074,0.3600832959133314,3.723340120251171,0.04446406651324603,1.2349304477791854,1.87050281711438,2.7107678694978756,2.775008387615595,2.1847880844869727,2.9955568779426685,0.0,0.9722515078258537,7.245081079428593,5.43616183931445,6.628747353541468,0.9424582039463903,1.3750672420676104,1.9174317553901044,1.7364749944456244,3.264791619829973,6.636293995255161,1.2208252157978725,2.3397645073119375,1.5700256844577938,0.6434868125619564,1.6661657611385505,4.691232641414454,1.6717915484828147,0.18103892443166827,2.6936096162111043,1.9818161289023188,3.005561675510792,1.071350804128843,4.223476611370014,2.5458201393973803,0.3418719206444006,1.7991702171996198,3.9512987046692367,2.1636919374311567,3.298365055061241,0.35162832910278236,0.25047655250296924,2.642100805114698,2.0426443374084937,0.12802938874064107,0.8543946777531007,0.15988747873050047,1.2286647948169371,7.560811232816473,0.3679301414318828,0.6255510510793123,0.3402774047662543,0.5395310714741502,1.5699770933245687,1.4642500339114042,2.0461417816447205,1.3441467477333304,0.8998716692711457,0.3128974728972569,0.8093321197735012,0.10003572116184384,0.741747408275516,1.9380975610740931,3.4653737605309374,10.360116665226695,2.6742572497636172,0.6988407702072096,1.7200157350828047,4.1831053448917785,5.946510977409125,2.224318163877705,3.5130106095579574,3.5372090802713485,2.8388711108865734,0.39703624087217626,2.2722322601491456,0.9903014165687062,2.459090577684841,0.3589588258323293,0.22638521727038605,4.528765082055357,2.6500752089209936,0.20664322398339532,0.4033768066870819,0.36882421228915274,1.4784023780372733,0.8418121397883287,3.1974250946491574,0.04474382122439775,3.728214407754676,1.0
6.604857117413959,5.06465439528879,1.2178510968111314,0.16787170802916096,3.7253049015744444,1.86274892579353,2.440819347065789,0.5287713320474109,3.7429332057621374,4.795683840835689,4.994932661634791,1.8414901276133657,5.124146132175523,0.24379092506481007,0.7395025056103857,2.6325008894845165,2.6771248256976206,4.743294141471986,2.510734107337928,2.538587825254941,0.0,1.54399071966485,6.210480432772824,4.942223591156548,6.242926370996929,0.888694549509543,1.9468805483580085,0.8044666427327777,1.212071235167678,2.2795010109932474,3.506386136161486,3.8346707696240667,2.797158277933187,0.36502057861953074,2.426774640509485,1.7071713624213856,3.4223541173840784,1.8762910089698297,0.7877667699385674,3.138257462758958,0.908121170406138,5.10561941693612,1.2596039298069808,5.542679032385234,1.5101517577842993,1.875032970322697,2.635057829725214,3.992124874262281,2.207330653138061,0.7698563523130706,4.16158137940753,0.5265696604977834,2.230418233145529,2.8381248284399176,1.1738949605643145,0.6545271958145157,3.2530059628906765,0.707613134492354,5.695072353664864,1.1658797893843638,0.5602258223996497,0.32688244921584425,3.0251174094014663,1.457961944452685,1.3141744510896436,3.102943619013682,0.5213523140976623,1.2757818408810828,1.682753061230546,1.284040263954096,0.02488699931317951,0.9673161902692802,1.2487169831045024,0.6792436188890716,8.45349206350249,3.5267198812473652,0.667029201410552,1.1611782500798125,1.2617714950689447,1.025312343046069,2.645401930489484,0.37784561029696545,3.6082770028970703,2.474591791394583,3.727887789400025,0.9469553866431188,1.6789282510906038,2.776777790428054,3.237120073392242,3.6428055252966676,4.046761692919714,0.8634627582591224,2.294929470974607,0.9105791755427605,0.8300930321329891,4.97242154889196,0.5894758779118472,2.9501510983289263,0.08705543454337573,4.0959581668562555,4.0
5.418598136453033,5.105950401103854,0.6595592729108993,0.05436228844968911,2.8661958487277306,1.9801715736892178,1.056444801019668,0.43295940727610627,5.494662012420434,6.036485750511291,9.221607420348704,1.00482495109868,3.9636683198521148,2.2234225499349374,0.6911767968121242,2.356341040205686,1.7104372769069145,3.140516918655647,2.603311810600048,1.99891757275836,0.0,1.1098954109014871,6.173665145022077,5.149047954208612,6.5227196153750135,1.5328156441081726,1.6576857317427764,1.0090604681563835,0.3787335592653803,1.3287790309589302,7.301892138713014,2.361291124547263,2.670953608369422,0.6061579252356459,2.8501193123106443,1.9121516371628549,5.646874034608382,1.5519835104183806,0.45628048151072514,1.2271865604314771,0.6522340729092374,3.2963546162764925,1.5528196985632028,5.4288927617859155,1.9267205857998773,1.3618244943208506,1.596410430600801,2.4288123835789053,2.641846559250237,1.2109498726992693,3.6151219838240216,0.27118660159725294,3.606181619283634,2.0252060188687353,0.42406212541589977,0.5580716689588727,2.337910858025851,0.9325903649085177,7.884724285578301,0.2819059238971919,2.1462641948665255,0.05769286716834593,3.17037377009464,1.6608373676962838,1.1290851480566104,1.2071432049417485,2.5577531688933606,1.7978845589923464,0.9121899684824422,3.058680154385562,1.026091814341328,0.5953126888907234,3.2075961630654133,1.8683706967392322,7.82206472347413,1.8680150367944603,0.4676968363726027,1.309234406442663,2.7432133428145495,3.7098530447951146,1.7174296702723395,6.139334420239891,4.372903357391178,1.66471037684349,1.5349580265838958,2.928067064604434,1.083111226931307,4.523518047278892,3.0238230910221318,2.749276812126215,5.415393620660139,2.891458072980793,0.7445055786286106,3.88247676306248,0.04348449760357947,5.615277977424648,1.862788592420081,3.143507706439729,0.16902704513481687,2.440420720756767,3.0
5.938189326661881,5.266730330702197,0.9763636357327617,0.045442970761167115,3.555313086947931,0.9007991989302397,0.8890840985981492,0.4620523187964329,0.3260770849231309,6.674902669080219,5.941784762831528,0.8854962732165239,4.214940754415377,0.716244669031325,0.8722377736424585,3.0187765851791837,2.792189018979181,3.6299277559591876,2.7069725208469695,2.9183289835071995,0.06667476272446016,1.3199646942164656,4.622356437618134,5.381127602873938,6.479036498427312,1.200127654273602,2.089294749042461,1.1529621667906857,0.5635486548799542,2.036749476427868,2.052694111303845,4.489478711677324,3.1586440196564785,0.7596671860176608,3.1655743329093915,1.2033264664044936,3.0527288846757665,2.197676709219822,0.6718368286812048,2.0309010380104224,0.6606548520352282,3.8365705154171517,2.871942189887102,6.483146662969377,1.4722278029890445,2.790751189517129,3.1612105045717125,3.0605143676287,2.782827892074894,0.5309696487838479,6.554221992149611,0.3046278544929762,2.000901402741532,1.7730257652096886,0.4971269151036998,1.5189882704440707,3.402694894154941,0.3251561177415914,6.99676722345778,0.16838530541475208,2.4032949941995088,0.42298645056671685,4.282699259200214,0.7119353569789215,0.3358262239404963,1.0594937253916716,0.40261304298717004,0.9316074223096829,1.8242383266037139,3.0502753062926833,1.4201859366917209,0.5451776346152923,0.8176232575114312,0.5687131490760814,5.707604852510338,2.6721537502837793,0.3723949652380241,0.38780366453332893,1.4269624477585525,2.0878022589770873,1.6775307930074421,0.31880850322583887,2.7648344450062634,2.597650351048111,2.325069746918631,3.1204680679968337,1.0548484769956197,0.43956994966273916,3.7084742011365486,2.8961168161617232,3.8801663358754417,2.5045187010634886,1.722378585758322,0.3057954614204903,0.35772089561481024,3.310369206912509,0.33445386232368096,2.798651944473639,1.1532216559844046,3.496679645069858,4.0
4.759992013592173,5.1001366712854495,1.2669364233027856,0.4245996622308257,4.089981115204788,1.3128394015690994,1.5804831995848945,0.5182329722534833,5.587422001469282,6.085371540029805,7.244584563658435,0.34323724728342053,4.021310929323075,0.40468517591903597,1.0769694763151108,2.9028453835505696,3.5190511941146143,3.923310844556528,1.99660567676017,2.421963816049206,0.0,2.384409053931598,4.775498350276405,1.852638117078989,7.500624413480447,0.9956654097361088,1.9409935959933768,1.9922608608249446,0.7615405950224731,3.164271397680741,5.986604343546692,3.565170640455843,2.6095895060060954,1.3386811246245462,1.6674380191387013,1.6832472964445786,4.1928254035523915,1.9519607287811294,0.40936377926957257,1.1767057381891144,1.6003649149510029,4.3672312628439345,0.23351997877391634,5.571643441953743,1.3176513849083635,1.8955352953183104,1.676854117345396,1.9920070088721442,2.2011633404150674,1.7644735509926666,4.902777867160709,0.24074173121533982,4.399465072807617,1.3323355771948966,0.639510023175194,2.892410456018802,3.6891649501035992,0.5912964344432069,6.982730101977733,0.2666366425139895,0.782240799936093,0.11703005301018696,2.5421342079675466,2.348657345374851,0.6156987816891009,0.6712933724815757,0.4216945811802921,0.8382660466226729,3.097610796626422,2.554809843353056,0.0,0.14990966753492424,1.9916805621431244,1.3229087941152062,9.544462975325295,3.5940110216367027,0.17069423368708325,1.2734562113203052,1.917164388054544,3.4123886253056606,5.6669553747502,2.0417336113952187,3.3033131661717903,1.5357046214708665,1.6697071215896242,2.261951978592154,0.3687124837283308,1.1164313001313335,1.2346852478566255,2.8604861233723606,5.519475857121683,0.8920412392609712,0.5468574276679898,1.0067647818784227,0.7659590060457548,6.940816286943938,2.883874927178073,0.7539467720877652,0.38393925121513023,2.0649173324118273,2.0
2.948058800649351,5.149397579210722,0.6436715129899245,0.06115406320710068,3.489889695658778,1.789311925645093,0.24427819857814406,0.5300707422250839,2.6633673925887256,5.205404243441569,7.562039363962594,0.508732879512401,5.891652487933975,0.08787013294105718,2.683045129775744,2.582989468952924,2.611880567102759,1.2561048768091785,1.6840556799402653,4.651022980544178,0.0,1.1334977678596074,6.086172325132326,3.2751858829079317,5.271022214896952,1.8886555888149352,2.37798438835347,0.45869696868971455,0.5635486548799542,2.8747969658986654,7.224638442498376,2.120152842675431,3.8187074292875094,1.4397295074635936,1.106080260225132,2.8716662570660683,4.134541320508933,2.837357974154779,1.4593266915460195,2.91169158187234,5.510715121385753,5.407923733250162,1.7936462237386872,5.2989258637677095,2.4037857995479586,1.8967368468101293,1.9673161902692802,4.6963054728172,1.6737373148487464,2.926758531986465,1.1571730940334646,1.308302620972327,6.876347496685924,0.21859520155085696,0.25120402291466304,2.3875555490503024,1.9077751773229261,1.8397580796966364,5.84721523501931,1.5343106650097196,0.4875892483208623,0.10969486482592981,1.895069909817214,0.22675512326982003,0.3997726611017057,0.9842612206844393,3.1847880844869727,1.6059209633506972,0.49865936049888154,1.4628899384097083,0.13829023377991154,0.3903375116159243,2.378927725272926,0.9365154519383502,3.483635227593226,2.1165976453033624,0.6608373676962838,2.1612427583425116,1.41700183337313,1.8516391176062679,2.177343788281726,0.10138114235502452,3.0939488537203186,3.2970593224681903,1.8125392979173274,2.716069030482181,0.8402819414269446,2.7992531235606397,4.269347392268488,1.7231653434575853,7.157804684699992,0.7430409572197827,1.0984869340663572,3.198604158870813,1.039770092833006,5.502556562108084,0.934554243277908,2.6757256187968363,0.22465773412073844,4.908423846301436,5.0
4.441456920151116,5.319621546713269,1.7787552668432214,0.10889240163240911,3.599460627720509,1.948974554279771,0.9464314371037159,0.5588553696861714,1.2884176273117172,5.388127528873336,1.191688975733969,0.5079214649573282,5.5843251696571246,0.28546140513703605,1.1926991779920597,2.6804143818068167,3.868380574930661,2.8560494762512274,2.6124704575476168,3.0423816869770453,0.08120326041739433,1.9715527503838728,5.8187508814553,4.102834468641707,6.688377610424424,1.2842179831783613,2.364404341528333,0.7876832008453192,2.048096653272944,1.6596962658089927,2.18138883448332,2.837519451039552,1.6282603383372987,0.573859221575949,0.5089356618643954,3.524615366018756,3.639949858641112,1.522758841407708,0.5731806027893732,2.6301025482813984,1.7085845571379248,4.3484944718153065,0.12273897195454528,6.489969952302977,1.1593708466602028,2.4685833170068276,3.0108514347454602,4.70018999931157,2.0425392829738764,2.111832587077983,1.0621217119077975,0.4045761904579163,5.735527592808299,2.128920236583243,0.5098478298928157,2.3780398958384095,2.5722105933123083,1.3889609729155252,5.054509898721677,0.039278795351367586,0.8292000994585544,0.17772648293206822,2.870897308665029,2.924042860994362,0.5224575581152087,0.625644559524164,1.7997090234035515,0.8804896266878194,0.27786575723487955,1.6228366663822764,0.0,1.1920047399324956,1.825582130032916,2.9301128229191566,2.7252830853647207,1.4459914909144402,0.1963552428827484,0.6952811951448608,1.1129669649581757,0.7340484028274128,1.8257856274647914,0.19509557717721837,1.8101962924210626,2.404930363108508,1.334568275666133,0.5538519681811257,0.7175612770144881,1.279233550817845,2.1835817911178226,5.321119959365393,5.984988018635179,0.7917724042773657,0.39473363001980655,0.4901593402837196,0.32250505751888286,0.90373244828493,2.4788941691302058,0.9958824488320058,3.9088225128676317,3.3394224743466348,5.0
5.976145931841276,5.2612976183668865,1.0380849473169689,0.053667449038825296,4.797531839571962,1.019701914442548,0.4202937493466222,0.4508021528798186,1.3345110701291047,6.047411876938753,3.1472252802842147,0.8365705154171518,4.708766626087085,0.05755424645808902,0.33353822878821676,2.300299473665638,3.2513706832326315,3.8665519573747673,2.931626331368957,3.4089020342816787,0.07860983469636647,0.6875982385072822,5.745549290615586,4.363857911238805,4.090421573291534,2.0324888018900666,2.3560592748360762,0.7069946157086512,1.989720329040605,2.771061549574097,2.5008530307798496,2.462497364767374,2.9856461497172493,0.5208496504080752,0.885027637499917,2.9912996142428523,1.5967920580978885,2.0131406324940007,0.32434978890218785,2.32036914225717,1.7983408914462187,4.2726503114534005,0.5577776713949258,6.537929669945236,0.5459683691052925,2.2586696686684817,3.8033923788270503,3.2863045458303564,2.436774827804325,0.31684084952958763,0.3902274368406915,0.12021921162499426,5.0388048857046845,5.329432199535471,0.6714745472954379,1.4709272574751269,3.7564575820973003,0.2714256760929345,5.644323547260147,0.0,1.1666511809498015,0.1497796305759026,2.6104165971489053,1.6696164259813155,1.5594428659780781,0.9433587626778102,1.7403231635603587,4.042197803219813,0.4017396747934819,0.4564907715833792,0.20401547739988798,4.169323753239866,3.1757960289662504,2.4533858803664503,5.381227989673362,1.967721964967356,0.1376346718833728,1.425190721493447,2.8382256999809616,0.9809027185664565,3.86610680782985,0.33433943990692677,3.917116638672934,2.2355126306277175,2.3828608900905954,0.3291810158470409,2.0556815620719746,6.196555900530336,2.777472319663104,3.458355754007432,4.945804318780034,0.611077928831762,0.9231111392313965,0.993855479702099,0.04306447866493742,3.6475447697089667,0.8610819418748846,2.623960479518666,0.7120234309108124,5.352073449434907,0.0
6.552676781621855,4.666961053858203,1.257493447876156,1.2738142445870366,2.171463056002581,1.0335815791469993,0.16710096896307503,0.2184712107432615,0.8592539848232588,5.927808770846655,6.0866755090097735,0.1625967659884867,5.218785041825702,2.025914698750793,0.8416511426850606,1.867342995359762,1.5018722071430213,4.19231254349882,3.768036076936008,2.4528062625625005,0.0,1.1123665230725632,6.441048507329168,3.314667526469542,7.1163585180869635,1.5988892067640779,2.536102647487362,0.45059103192518873,1.235236889089815,4.5086504910395755,7.317402664109588,1.5077692739090423,2.515157346034228,1.2144978679005165,1.3350258383216933,1.3492520317806704,2.431195034889899,1.5490283782075742,0.3627784536195042,2.6799191749790636,0.2593026213451413,2.412781525338476,0.9396027203560439,4.612281718845983,1.0097771216115303,1.6196008187201651,1.599460627720509,1.0853566671369514,0.774755438541415,0.5779242445067021,2.5965297000381993,0.13592881552640673,2.5980793061171954,1.1775989293277334,0.21151066288353915,2.9019963761726664,2.6723800802406132,0.48532377384394415,5.266295566120836,0.361543797967865,0.6539771786363369,0.05450121618256057,0.8262739042206556,2.2544126366107604,1.2886538636051694,0.6403432820058663,1.7685442918389787,0.973574541887192,0.5809172886632075,0.5946440891047674,0.16040392586001362,0.3621051360710866,2.5978886751654264,0.5511960668341791,12.106687968597285,5.324281374199584,1.6026944116759172,0.8789999275920106,2.125915549474723,0.8930515027368505,7.173200406093258,0.9011082430145125,3.4146903090116254,0.2543521627339931,1.0986890440913284,2.857702378838617,0.5219552794342,2.6615900008237743,0.6071053837584942,0.2987756030765418,5.639084528394064,0.7699409604144871,0.15587873270414274,0.6759062378945231,1.794103898559748,8.380108194793749,1.406482248392574,2.763709006702973,1.035764653600975,2.2467728955020934,4.0
2.140811369585155,6.514434757634563,0.009490502947452436,0.15172895534333664,2.3299846497584205,1.3277448409211752,0.36075755751193667,0.5007000922075524,2.945926019771502,3.552831991832352,6.634654250642919,1.4932374192002151,5.606249737504058,0.05616730630042659,2.967629753466197,3.6784550700960272,2.798610474611298,7.050725876753119,0.7728146874991937,4.877606843878048,0.0,0.6827530612305459,7.0341628813001424,6.781240358361518,5.023295278732345,1.2346852478566255,1.4924172400758575,0.34596403034287176,0.428785589848052,2.683516807941886,5.710282974435569,4.271074521787929,5.560910560879889,1.251991702131708,7.690669908200478,1.8458312393368355,0.6321751353974845,4.168216801426136,1.7818213020875122,1.684010781627311,1.4113177683369713,2.8914191868460786,0.8274125743988575,4.359570365152389,0.45059103192518873,1.0637790297705711,3.756788469336465,6.460983320460724,3.2169980047045765,2.0765248914297834,4.088760682845987,0.19421315631120697,6.476555046838169,2.1388472272733483,1.243730004302143,1.1947174628935995,0.7256102938759981,1.7662135019816554,8.318676114440365,0.1761950948634081,0.3151024530776683,0.5354557994352918,1.8855353193223463,0.33113192221720217,1.5775859297269663,6.730406280169437,0.7009723072227164,1.174150712212013,0.07272323102162045,1.740754901366097,0.06598582949858534,2.050223057134736,2.5613505783483688,1.9808661701215258,12.887457395308605,3.9426927785894246,0.2485348361386787,2.2804812743006235,1.6098022318777567,1.6838311744013226,1.6811793672646156,0.017779412561234692,2.626906330691323,5.334157060421035,0.9839694871935531,0.6129657791939085,1.0181356247654318,0.8052924556007117,0.5859239769586013,0.17517326566379737,5.080866549100031,0.886901267686492,0.3336527147654136,0.7955176125786915,7.284393829611779,7.361551693299239,0.13369503251307496,3.653289362155662,2.023255352300303,5.651568384925593,2.0
4.430117974892026,5.578534218871925,0.5444853862360906,0.0,4.0614738046615875,1.4982508675278254,0.47840237803727326,0.5123786080755456,2.2095469428129153,4.827326188973461,6.641035851402124,1.2830920581750473,5.214361866687226,0.03506079690511427,2.0827707036354433,2.042329151152236,2.022793900021551,6.9261322922435316,1.7576633537608308,2.449667014318256,0.0597705810902546,1.6081468699694195,6.3151423147904815,5.828090774320176,4.970361324268634,0.6558097543554524,1.6485574780527603,0.7979260497258778,0.23682933548639973,2.7051153433965864,3.33431083288471,4.791491121326614,2.97592361080838,0.8917302465801187,4.5044805649629085,1.1984941536390832,2.910982042416276,2.323831196570373,1.0323124699489437,1.8226485798413214,1.1298764608331302,3.6781057178814165,1.8140991902745534,5.5727259920517715,1.2818465915766106,2.204015477399888,3.21204009797664,5.818952789064893,2.450432670931902,2.504137294686172,1.2474414711444077,0.6035966748602072,2.6754094809538076,2.6408985206429527,0.7216788852094682,1.4421738532373094,3.029647234550664,1.2481097370980252,7.9176334417069585,0.9002582124347499,0.9676113104586879,1.326192164494116,3.5235368654902963,1.6052572629390036,1.500954980821648,1.8724347958402232,0.8468743738149157,1.1494544868903884,0.6379347755351448,1.4574366977723685,0.03449746419944489,1.718043732380979,3.2879154967120936,1.129810534676842,7.83994573472972,2.759965391132665,0.16787170802916096,1.427391629686718,1.3328511220721542,5.169031055110568,1.3531538845391167,0.4497462390210094,3.423537834116669,3.492289044957557,3.578962858415031,3.017031080527841,1.9719941102468603,2.39539189392821,4.8063085888113095,1.9045804349213176,5.218602950622523,1.3591275522275732,1.6449176227653752,1.6961273898000457,1.8970854969834896,4.58050128923777,1.2456173527563845,3.4600479112289064,4.574446696082107,2.647567793704002,4.0
1.6692082251716382,4.445389028707342,0.8656813143391665,0.0,3.1852798357357766,1.8026481887908898,0.17466207953358823,0.7734056272825355,0.5655971758542251,5.39184675262814,7.8801112222594565,0.22650852980867975,4.785001197779116,0.1294808586988783,0.8125392979173273,1.4733193559174356,2.1394040058065786,1.0467005867416226,1.3966527275200187,2.9648791424501626,0.0,1.0129261744442701,4.922164540408687,0.4031586297428644,5.494422010982415,2.1979597231677417,1.9861560517844203,2.0484803348498524,0.6188024652975002,2.6427708749744463,2.5260437646612606,0.46435460355164043,2.1002039674437274,1.2948412714061401,0.14391580307144475,3.1138171634088003,2.0429944636184123,1.7645160137979525,1.2533842358000744,1.1413673907597024,4.778891907091698,5.731772475187369,0.17197537669009888,5.284906438465663,1.8101962924210626,1.1495845531581366,2.785843455007116,4.108148052451759,2.1025237646838533,2.7498131260039944,0.33055840003080245,0.263875732577862,6.221045706974432,0.8420536017612021,0.17453425469490197,3.0206977595946247,0.5236623139604925,1.5481406568950475,6.709141726027565,0.23584957650756347,0.6324543576894219,0.1302719545188591,0.13606010688026618,0.9486755965952552,1.0972736789614022,0.4739427298465735,1.7726035789018388,2.259724435573914,0.5243646238798677,1.28812227753672,1.1362570215111445,0.42061713897869074,3.0016581460456826,2.8651071940246773,7.68827339206917,3.8831906804776963,1.675906237894523,2.4694953019819947,2.547227707095679,1.2035770539323092,4.7861101544679165,2.8351964815479107,3.8081069884143743,1.6778915569605324,0.5280711645787354,1.9837141719876328,0.38912622692470417,4.52963357136889,0.487074680051724,0.28368475981474195,5.635423566474068,2.1184926258694046,0.11756206925697886,1.7006172696816386,0.47321543407039673,4.74158563307705,0.34573699516404316,2.647061180915084,0.13855237515264854,2.340818598778008,5.0
2.6973512668390387,6.194396381825526,1.6951475400803735,0.0,2.21555435487164,1.4422800352525846,1.4599036961331198,0.443394474838584,1.6000794117921393,6.604944566098067,1.6554892215978385,1.4432883748171437,6.612457187664653,0.22983399046099756,0.8675011509223944,3.411249965826331,3.9381352092008393,3.529021309529867,2.959083877400941,4.329195370378837,0.0,0.6470842126289534,5.07747374331124,0.7807300364763765,5.722099839488306,1.984662257934783,1.6099912952126787,1.1171630754657593,1.3661963008204907,0.48985117088366104,2.565816487821947,2.397720832672402,3.630743272340402,1.9456826075214055,2.7764619847570935,3.5952171936041823,1.5211512696379041,3.8909038465866645,0.47051083517727543,1.9353843107982454,1.6248963222090378,3.8138222272923565,1.158013806589768,4.5147408763806816,2.265766925798586,0.7653650075498053,3.625340634916107,3.488913417468324,1.6044034849440705,3.5031197177782003,3.6415113485014357,0.06502076994841134,5.048244905978529,1.0967341267917217,1.1115655449595176,0.8761731144374604,1.9292986555680054,0.8552721567245974,6.219151091826192,0.012640180778770332,0.7951019581228245,0.10621429609096804,2.1955995754499034,1.2453739626181626,2.6982629365545168,3.712419697080517,1.0044654367703003,2.331819848022602,1.2074556050730854,2.004753055399819,0.4556494273164153,0.41651550434749346,2.9133777345279297,4.193385396276842,6.272945114085597,1.0955193961213976,0.048794180260804905,0.6068212115293052,0.6125884066987176,4.731682883746704,3.03319391421362,0.2559236602735635,3.091429038980408,4.7490354058208775,0.7471725370354632,1.0842684053035274,0.4857359429892059,0.0714881055841824,1.9164384268443453,3.207549311922865,4.436681563746977,2.1412038773639086,0.34777902670226174,1.1160985522365798,0.6802343262632583,5.6185881261109465,0.9299424538145727,0.6543438800530379,0.09098888841477233,2.336197680662754,2.0
0.9707064330493829,4.509480498244519,0.2439127588731744,0.0,1.3738430629183085,1.297191416565856,0.2005043534465213,0.14038603228305635,0.09125976619267828,4.645984037689337,5.020751089048134,1.4277670591684262,4.681055647114936,0.030124161455128837,0.5768607022241918,1.6377029763346447,3.38198931729228,3.5617049392923805,0.9198358342815143,4.336154825152464,0.0585243118408003,0.9570973970637329,5.37079200930198,5.442124077727309,3.665017494176459,0.6341285575250407,2.3042481786867146,3.3635635937971893,0.16156525639703184,2.5330898472770014,8.05009623620395,2.169508162661999,2.957728911646322,3.0035482695221667,9.714236243168191,3.627081489441115,5.836123592859814,2.0238940426557015,0.5158133573619778,0.8867452247421088,1.6735564239901446,4.14081954791984,1.0054718512100596,3.8921578442350406,1.1977396060063557,0.12882128065013393,2.548905116240454,4.439064566843207,1.4656610849414244,3.0221902396340656,0.8723165857503631,0.0,4.835241966844016,0.0,0.17874650598181624,4.95237550456945,0.09437121059251717,2.1329387048203197,6.460604970508032,0.29454723389551485,0.7547165059512393,0.5955036605027422,1.0323124699489437,0.07450543636362976,1.281668579972845,1.1793836543562977,2.836105915110136,1.943583814552674,0.3716146178646564,1.843059258538312,0.17645043911909952,0.8735769942969629,3.0193282952189993,0.5733745264459443,3.4395566523827514,3.2796347224891544,0.6101330764560622,1.7078339698095495,2.4015212501086,2.8588165212980736,1.8105253649377322,0.39011735366633044,3.7304008453993682,3.1636275385899055,0.25096157353321874,1.7500061502042006,0.1571730940334645,0.7484612330040358,0.21760297658678796,2.6431173407522954,6.291865052273666,1.8501993419906386,0.1715911532316011,3.0445514956879975,0.34323724728342053,1.2311251578790499,3.738735416322637,0.8447873500790599,7.0942603538816815,2.302465287332405,5.0
4.489607156748714,4.390303114150837,1.402831302449143,0.09288396567848443,2.0985543072207293,2.036643991846286,1.1143003862286514,0.2918392732571145,2.324839399441301,6.4973920168798776,9.521806720552295,0.7022142510104408,5.023122256212669,0.6101330764560622,0.559638644922725,2.1329715968792087,5.838644241524435,3.1536756497972376,1.39061266181623,2.472695712518291,0.0,0.7396753145033141,6.419018011550664,2.6150160162863565,7.0576192265744355,0.26555691560250466,2.065331038068369,0.9057359776670264,1.1992483068402024,3.5903505108711373,4.587940993755221,2.2274946508593008,2.2754540944613217,0.8128678364990805,0.30964187342216065,2.3252712707959597,3.476381687567235,1.5436938382889924,0.4634132038178201,2.383773401958432,1.7306182202345501,3.1326426425396185,1.9172407837780858,5.072444562453238,1.1117658311822263,2.4519363989959686,1.733484502715555,3.0746081887614434,2.491391360034842,0.421263700854267,4.505008024893565,0.8954577414926829,4.577942366274054,1.892818427795033,0.41164317603901396,0.6030268900815178,2.508580774041327,0.8760945127299092,8.617908930381953,0.03337013846059218,1.1647862781433398,0.10326262660608464,1.3029916156127521,1.6458860756877256,1.5305202655151893,0.6809544136457589,1.2562860705850918,1.9950140964714038,1.875032970322697,1.7875996269109937,0.0,4.63309403835426,0.6758159311722699,1.0837920324938866,9.155049680985629,2.2330597449227905,0.6009357518250642,0.9240998856407416,4.763894870714372,0.5045695476295113,1.913913824633165,0.759496755416058,3.018010960498194,2.929639525720885,1.5374451751516318,0.5965535527425057,1.3343966522496817,0.41856777929971184,1.082157559085426,2.2102953418566376,4.895695236918327,1.8706606266792811,0.35749570322523433,1.0788830465219892,0.3600832959133314,5.151229691805586,0.46978180680686443,4.165526097027159,1.638398262235854,4.145775261713478,1.0
0.17248751551013405,3.7053586812863446,0.903038270112912,0.0,3.5774771688397906,0.7902715944133019,0.0038900274333718426,0.4032677223393011,0.40184887473607567,5.2037297343667746,5.557979801155821,0.08664791275518828,4.301675434705455,0.5052812114532669,1.442598534416632,1.6964390206557536,2.4705889235142995,4.619184086388276,2.772856905511952,2.2402532615845048,0.13986236801564095,2.1676148407551112,6.098093159267951,1.2130672706184267,6.445288042016228,0.6569081834733373,2.780751030139707,0.37784561029696545,0.8970854969834895,3.7060773944614924,7.355921894263098,0.14899916258776436,2.17523715119645,1.664755879833224,1.5160655900043478,1.5657433875369564,2.008558598836564,1.1861835863061028,0.23008001621890772,1.0491428173280364,0.6376566120250015,2.160565277681605,1.1985570147985836,5.402261712318541,1.8644932264511458,0.6303122711178806,2.1471764269809466,3.245875909795288,1.1642070247007474,0.2784606094434016,0.10097764772482092,0.03759307554023308,1.5250164628181113,0.6371928869588478,0.12512206056982392,2.1845976841557606,0.07778988864366763,1.5141980233475807,6.908958178471251,0.057138304393541776,0.1578198394788626,0.10675031506086766,0.34800574078159824,1.4758112371401408,1.8465534896852813,2.1590478576421552,1.2471983885758648,1.4926735961439999,0.023042392665863817,1.0825663510714116,0.9994949683499935,0.12987646083313048,2.2506281390918357,1.1145002931651926,12.060042113023078,4.990845973643411,0.11236652307256315,0.8167225710013019,1.8775872133709772,0.36086990381428596,4.656381957211043,3.6012924102081603,3.920140827684878,2.6961273898000457,0.7497487788644959,4.022793900021551,0.07464243793449277,0.0972062459743658,0.1807843910786988,0.45354391754268647,5.74606011141619,1.9593992347721212,0.09922786577486106,0.9245560016865544,0.6997292933866706,6.254537355976432,0.5688104148803245,2.187799412524695,0.0,1.3309598894995203,2.0
5.619759262808599,4.942481663127095,0.6480972442016344,4.012380950039625,3.374483104321468,1.7726035789018388,0.6264858629055068,3.276794404789259,2.941406841109145,5.8162566545106476,8.86399666239079,1.8934010445626355,3.685244976382265,0.05227676545235779,0.7382922634294944,2.08973541669621,4.288432393213399,5.858771773232348,2.191025645873275,1.5663280861329116,0.06515867512854683,1.1060132376221192,6.0418868987973084,5.2302145438114,8.100859415030488,0.6127771052851992,1.7374271827290588,1.5769574202908583,1.0147837526270704,3.4742543158326424,6.3694542691997835,2.998032987675137,1.5150059164337295,0.8149195093055186,7.369033680021703,0.5919665871004156,2.0819871948986868,1.3827225803529894,0.4362684647193904,0.5705600789363091,0.32964029003823003,6.107355191007466,1.9491240098937956,4.793422534361275,3.5939632316839556,1.553213031228527,1.301938766965336,4.413336822181869,1.1737031170710834,2.9354974648296674,1.9342145325018265,0.5238630088263497,1.2356657976014458,1.4077878056243618,0.7860108016075688,1.6287269430313265,1.9226926193648126,1.0846765996967684,8.150609430825122,1.114700172405481,0.12234140752611963,0.19232043503449908,1.592588593097334,1.6053046802383422,2.4666793197318206,0.8626695892683984,1.22675512326982,0.6152279435788257,0.6344074020398196,1.271365911183094,0.0560285389227513,5.656410561397316,2.4489537961494703,0.9550151564370706,10.821946616804754,4.91582680762387,1.6548021257897905,1.6082415132627188,3.3805632298224624,3.4853881830355173,1.3221012079056957,0.4846021943722032,4.322050718754397,1.8744035393783953,1.9289198164710097,1.3326792942488306,1.2522339784731633,1.1180274225907938,2.7943742745421956,1.6815841954078865,4.834124635174205,1.2904833844683572,0.2123825701223572,1.7353488701858852,4.428919553526464,6.338233635524673,0.13579751222339106,0.526469504640831,1.3565382432265887,1.9808296207506737,2.0
4.699196245148244,5.46854421905046,0.6968840908554544,0.9755568208232124,2.5053828490623045,0.8998716692711457,1.1689628840069286,0.3580586183054919,3.348685669334387,4.6360561302045005,4.416535771330347,1.1541943249927897,6.978475948484853,0.15289728719897241,0.5676427922030691,2.6161459356086025,2.254382399989239,4.849133582869052,1.7050932197348923,3.6806956736137937,0.0,0.47829882170511173,5.514895488995538,6.53974352704234,8.74985836836808,2.053528440989299,1.8023173144035927,0.2727398781174608,0.5375445719645746,1.4352018558870658,1.7590705908069009,4.897279155123154,2.7007282282992158,1.3495351296487497,0.42642579074202736,1.964472567274224,1.8848323276804992,3.4608342853542595,1.0387171075728538,1.1004394792803116,0.5195419045784366,4.81769999456849,1.3727849806993455,5.125870100956412,1.6015063629231643,0.8623521995320201,1.2974262206581493,6.526616606162316,1.8541153679383298,5.456957243257748,2.924004843311191,0.6753643127491455,3.0127831846982898,1.8180733899894423,0.6176746254686815,1.4933399088135066,3.3038830115428617,2.0647104350873815,9.771933929375955,0.43594856486053385,0.26159098896412525,0.04809665327294402,2.549521320789638,0.6485574780527603,3.527320607877047,2.9148323730388155,0.6749125529080066,1.8342257867823493,0.6524176569319944,2.3582837228528186,0.0,0.1059462119053246,3.2660218970874237,0.24646889502877495,5.298775603076542,2.680729424945322,0.0,3.073614608894209,0.8414096133381045,2.49085248084786,2.790751189517129,0.03562390973072122,4.1838834590322325,6.054674857037424,1.4901593402837194,3.3381391280432795,0.6966170652124263,0.2934882023755077,1.7756405663386894,2.80213116420774,4.487235502352045,0.5970305240302465,0.3294106712185684,1.2284185275793846,2.930169608150081,2.0112809361004897,0.4348817194071346,2.9892116853884945,1.3994445645894575,3.0382781367853324,1.0
2.3949805141838922,5.094434553460121,0.7084962730121507,0.6399730041620914,2.867184822457412,1.2739335692668852,0.3732862742730244,0.2994791279803835,0.984844510747831,4.044612692957976,8.711496971574718,1.4971780228508715,6.0980531440482695,0.146133828893375,0.6918021329181544,1.2779252534940748,2.8072724799854716,2.107553970289646,2.975098202166541,2.760902206127199,0.0,1.6774856911695053,5.490576548114493,1.63445387088626,5.834842658061312,0.326192164494116,2.324090516037983,0.9726926540042646,4.711324195992321,4.275260391119057,7.375067242067611,1.2492025959473552,1.800247628453575,1.6016014428349454,1.5891882114908569,2.625340634916107,4.811712487057085,2.7763145851162196,0.3743996367614405,0.8563881768140906,1.6087146366201512,6.967421103189986,1.9745293124838819,3.546030126988947,3.0159435255916174,0.4153260094369675,1.4421738532373094,4.033563960273344,1.4477378710535673,2.359240025529329,1.3756789423273104,0.4392507811114086,2.815472961087332,0.8451086272301235,0.42158687316270566,0.41943102243145913,1.1679359177023092,2.230510460366176,8.887439059826145,0.28463257625082955,0.4342412332519363,0.7875996269109937,1.990083536172477,0.5527705244390646,1.1663940962534578,0.252173413202027,0.3175356220163544,1.7133878897499935,1.5524754444910331,1.140189680456841,0.49825086752782544,0.6379347755351448,3.3509073667873865,1.4819188778347905,9.767702132581707,3.9183766927809263,0.07669590183038302,1.9584343950864156,5.064331046245984,1.8417316434824973,2.531244202999529,1.619741658769175,3.7652907405388114,0.04474382122439775,0.3379964635150159,1.318345767261359,0.32768736417604716,0.9095811159796838,1.1320503356468246,1.5017193765800978,4.607874735911323,0.7442472240466537,0.3005337724953679,1.0371713376446436,0.1843437779529075,1.1501697062957021,0.3484590620864717,1.1580784564986266,0.44551483830211264,3.6541147025905794,4.0
6.7745867811831575,5.969426815503908,0.853756175843635,0.3080113145521776,3.002954497507508,0.9376457069050639,2.655237324462259,0.751549414791606,3.556613342743988,4.320051371199332,8.29936601919187,1.2878859541747292,5.413099831380753,0.08800587129002016,0.5049762556569813,1.7239516723411241,3.1551987278466216,3.8078185709525942,2.0704923738570065,2.5772475355931506,0.0,1.3712242858384576,6.017289477127884,2.638583615231662,5.385524222619631,0.689567543950467,2.045932173918722,1.7966808083669086,1.8818212127255665,1.724650271732967,5.7359688886891025,3.086613947409496,2.306058042801196,1.7967638579044434,2.5111896952493633,2.3938280264529954,5.792412899679676,1.9524826744304755,0.36311499458931823,1.9800618699917398,2.016104036082342,6.019910921086766,0.34448766263568215,5.8697258464966335,0.9835317763161395,1.395172505995779,2.053945424962785,4.185295695888924,2.5827245885774706,1.7835823739403713,2.206580714178542,1.5949306698123917,4.296002134054449,3.2547451976292128,0.2856981259581251,0.24841339205081803,5.32556630855141,0.9182335602263115,6.405822220511669,1.2611095289093015,0.5914879383979433,0.03955955725570582,2.0485152099339397,1.3215818065212828,0.9616233282869445,1.4382396146175405,2.172167450053272,1.0504668703506619,3.043379504332318,1.28658548326394,0.01106620140620535,2.0003966865943372,0.5221562118914731,1.13284002414397,10.497001533742552,2.2292495110820876,0.5268700863568266,1.8034750429176554,2.551294520789988,5.365045082607424,1.83252549779251,1.8705817240545854,3.22391675051899,4.685177683886079,2.1349109022169053,0.3361691104640091,1.264176087551755,0.3743996367614405,2.083860095383569,3.8154217244704083,5.360248378664479,0.5415148394606787,0.16504364948304445,0.8453495381500936,1.6820788311429287,2.301616909897493,1.9996032043018461,3.448015509450343,0.0504668703506619,2.9078136250967472,3.0
2.5229094594629564,4.97048097132829,0.9536749844494871,0.3805078193394459,2.7602635346213997,1.4659744645040693,0.60055521900627,0.09990111000794269,0.33913738491958556,4.004986703322438,3.0317833447767266,0.2028878334701434,5.852395923235373,0.16632981792063128,0.9014944550475747,1.5213523140976621,2.8412687025433447,2.674483249989797,2.178395954396836,2.460480470040011,0.048654701840346405,1.4047396655623448,5.979568100095187,2.160855665493157,4.962262121105272,0.5939751793205553,2.747086583027818,1.2085172598055438,0.7135198656949139,2.4839318329793336,3.9077175037409417,2.855909988198215,1.7688406678774162,1.1886541178367291,1.772519126812551,2.4015212501086,4.539791596589624,2.800475439302936,0.7646009356592885,1.1889705469040581,1.4514880826918277,3.0330176684383434,0.3064955722596368,4.065675702182219,1.7170786602548813,0.9275172461984765,1.3444308490794146,3.203498750005363,1.3370830763107875,1.2875904955239414,2.3003287631003513,0.3467583722268024,2.9714423893173905,0.09774562163851885,0.3701642805402099,1.093560176162338,1.5004961488878898,0.8955352953183106,7.232277010268292,0.3160298585195769,0.4946716116475496,0.13592881552640673,0.9303967267254548,2.0056155674069096,0.579469816844294,0.663299071842335,0.5526721711622167,1.7742072300221385,1.740754901366097,1.3187506693463382,0.0,0.6071053837584942,0.21983452388537061,0.9615492470503938,7.955105852264673,3.9667349959130287,1.0545706750324277,0.8159032768450967,0.2912499129642299,1.9641028540230365,2.4417756010634224,0.04432416881220142,2.65901117119815,3.911183433673769,0.6290068334271774,3.3059413458655085,0.11569915343158636,3.6873742836113994,1.7521491276946994,3.6758723735361154,4.919526009345839,0.7467427157777361,0.5437928055358766,0.6142858061190465,1.988339307408238,2.2105135518004686,0.6316165286374511,2.669072132564897,0.31115431544056676,4.097956260498792,5.0
2.7262862897206737,5.6867470248880885,0.9234154410762051,0.6445946606032557,2.5927799256185375,1.5004451585529708,0.525166845373195,0.29865831556451516,3.0208044165303836,5.731077316925832,6.54017609531966,2.0522071960712287,5.516116031241382,0.05450121618256057,1.144829520838809,3.5633045894700763,3.5970305240302465,7.375644193579398,2.412944073368718,3.186484710731442,0.0,1.1064823304699813,5.460703252762492,4.871370556181455,3.9743457518193566,0.8891619957953762,1.5032978455560106,0.9256956613088879,0.26999063448831767,1.481195592928954,4.051372101721025,5.080197155268467,2.6811793672646154,0.5806279104572651,6.118532078175419,1.9624749892061613,1.5386871433770293,2.4387985047590783,0.7814856159616563,2.3435499527388814,0.437121184384194,4.06964202444459,1.458277000695805,5.353714967807878,0.6662112182489406,2.172871500352277,4.318193899677269,4.389029831053106,1.5548834997229577,0.5249663318161122,1.113100362557983,0.4969224660080712,3.6985963303675895,1.412944073368718,0.9619936774202551,0.3838286871624349,1.5534096573545446,0.8172958002006254,6.58800547975532,0.7049604706396811,0.5128842314084079,0.2184712107432615,2.3080404478412384,1.4732154340703967,1.8411277779842126,2.949796368623206,0.46393627950640753,1.3678742436019724,0.681943947305739,1.879627356812398,0.015497569395325591,1.2884176273117172,1.5901468765808795,1.535406029878033,9.233739257322902,2.031642211949605,0.1443074672630423,0.997473071970961,0.7992531235606396,2.070389327891398,2.2067057310799103,0.012354130407874092,4.0053101533740625,0.4748772859931199,4.154737113372716,4.995448337983929,1.0829069225988992,1.2464688950287752,4.2048997478630525,0.8664728297158477,3.659045433656424,2.0722430301048824,2.036151628461554,1.2152437037128656,5.879955668030844,4.411595725320303,0.3817263586255994,4.008693045238479,0.04711954856855063,4.032911910637402,0.0
0.37595690218422667,6.5862933739711815,1.6318958590538044,3.347438888768141,2.782240799936093,0.7309224899901625,0.45417589318580215,0.30859386858427595,0.2311866132278648,5.4413539977354235,3.2947236635931714,0.6177686458043977,7.129791992402576,0.13474665536848754,0.46404087188988674,3.0786439890042216,5.034743949324734,4.37710292085054,1.7667223592113934,6.0162489260499745,0.20539251298968486,1.0723116400224266,4.094016439129519,2.312374746775151,5.694197675617792,1.767103884384204,1.7382922634294942,1.073066133844733,0.55040819321728,0.8546340431338819,5.907498803795877,0.5214528258224312,5.304865101141408,1.2953116068081263,1.285461405137036,4.459884029321245,2.5649634206095544,3.4396896196677202,0.48109223690635056,2.857881495486794,1.7837080825659801,5.476239096105278,0.7690946560311588,2.569612607649745,0.504061001309293,0.37906639928090413,3.111815898393626,4.49816149427034,2.388795699975099,1.6420545819264176,0.44995748362800353,0.28534303015925594,4.0730747053711545,0.0,1.2113237570416064,0.3946238901619292,0.09301923313354474,1.4256741353875806,6.164186907555435,0.4480551677171875,0.0093471722592526,2.222217226301569,2.5396551369204055,0.08038478741460452,1.0510936294833442,4.915563922825417,1.436375082244539,2.2630043493740195,0.010350188169567268,2.1835817911178226,0.03731193064196659,0.08909131856468917,1.853556586030928,2.626252216729329,3.2248274892749396,3.583880073479516,0.18116617426997692,0.5489297694763999,1.8055813784645156,0.8767232065151669,3.0760630620699954,0.12498976997866353,3.1612750113922417,4.224634584142947,1.4836223303234939,2.9686437559647167,0.3160298585195769,2.4772887577265648,1.1488690435310007,0.04124298223188134,4.50747752951693,1.5216035802809418,0.08188496672922738,0.2796495785570857,0.3199646942164657,4.339158768580886,2.487486349348536,0.7078781328168502,4.44079941836602,6.15828046879321,5.0
3.381407976099368,4.1875064803242275,1.4350417965269537,0.03969991772095141,1.412347974366913,1.1927622921527052,0.20000206602186751,0.1502997081016821,0.19307782154636707,3.504289869337235,8.007586851125776,0.37250640898616877,4.040471656278502,0.36188062703843793,1.133629280625504,1.7069504256469006,3.552118809010898,1.651591344797654,2.3375112985658797,3.21998936434798,0.0,0.3630028229886795,7.442471640832443,1.7331373776777257,6.64831731182905,0.8932068651148694,1.6691628623958115,2.8237289831157657,0.21462220064854812,2.2389091166984043,7.984448081455408,1.3010022560328143,1.5286713289252771,0.860605306759854,6.5974939294476895,2.0056155674069096,4.421155960662223,1.1604684687541478,0.37773457823927525,1.5756511789882286,0.9661351054379538,2.94345253855882,0.5053828490623046,4.554159048712902,3.780845497844397,1.4653476372922583,1.9636220851094077,4.242404340861532,2.2848398281168927,0.5896676236645071,0.8284691068817333,0.1575611760911883,2.8684102090991357,1.8879930959764784,0.21412480535284734,1.3943495039915499,0.9420077136879638,1.493852247694877,8.535155211840925,0.9510655252521906,1.1460686414889452,0.3177671385122197,0.6053995101618578,0.9852089473175536,0.6981295574538909,0.3956112485038023,2.6773954832634614,0.6363578060358952,0.49610437977073235,0.5254675634651413,0.3329656625859605,0.8492787325307802,2.2805406627967066,1.568372667110737,13.074301080500163,4.846909466186981,2.1614362658259867,2.8224038478575473,0.4600610209773414,1.8412083079893067,1.298658315564515,3.04703227488738,3.8195762240829305,0.8318772411916731,0.5758931647720008,2.188843983605364,0.5525738111798439,0.9716631030087699,0.722116237818659,0.2807188136180102,6.770559506396739,1.1532216559844046,0.21101219348551165,3.125733746810392,0.6398804198501142,7.210775554954664,3.4162857919748433,2.3549598637800937,1.302757715638036,2.0007572161446165,5.0
3.0277025677550076,5.0471020942546705,0.515510619969011,0.0,1.8272499622434906,1.5959809789656203,0.05935527761642124,0.3420995648327843,0.9560566524124029,5.061840987825283,6.452148970902351,0.7495771724600009,5.15452650332269,0.040682058803007765,1.3250985377674906,2.5476225670966763,2.9538798135350466,1.683337139204658,0.8760945127299092,4.092571111104342,0.29783703588664373,2.687643025314919,5.166900188070209,4.6821462683327395,4.46345244107365,1.8334163752704937,2.2901294646757027,0.8821343485542176,0.09356017616233782,3.199342548277404,3.684515807103703,3.532441646687831,3.2452370376187925,1.9666888593467557,0.16298339202346543,2.8910691644597595,5.158433979221227,2.426452628334522,1.8705817240545854,1.1959144849835766,2.5162421266188137,5.692181669069013,0.8709761940324043,5.423110866484827,0.5259686210330886,0.2933704842047526,1.5853471681120204,3.301104716530772,3.0720371807728806,3.0587840400637463,0.6149453669368705,0.04334450487716922,5.898501022518796,0.09356017616233782,0.2835662389651465,3.0886165358667097,0.2583380111690374,1.6939886772195232,6.813251464597367,0.06598582949858534,0.8495990111514515,0.01934608880481197,0.9561310162195837,1.9317208729479587,1.0325240656921997,1.2487776936497126,0.5278710543015731,0.9207506211280514,0.0814759815979586,1.5119233955148246,0.0,0.6899253108564267,1.4111007890854135,0.6677559084103724,3.4430098251304067,2.508732879512401,0.32883646422954,1.333767191658224,3.2497487150835687,1.6488335479067469,1.358452528216714,0.39253724527513084,1.8187278775294946,3.035729468920619,0.5401264883381068,1.4393039807736705,0.18485154568041529,1.284040263954096,1.991861930556323,0.4884121759957323,5.162927015512852,1.7671462698426244,0.7651103618795848,1.2568295154117752,1.3947884968186073,6.74967370357419,0.2035144111307585,1.1582077476257362,3.1447968980242207,4.084123808755949,5.0
2.986174259239834,5.000649066739334,2.046316431489482,0.05255500943410528,1.611172380044005,0.9453080469250474,2.052937507308091,0.4557546221861902,2.8183393113628536,5.654108972687544,5.373355884606345,1.4168937744231214,4.614680401058831,0.2379307695958008,0.5759899477218166,3.2286032319484694,4.846648759610493,4.402585758232587,2.9756301862808234,4.10129709027942,0.0,0.25084033356164537,4.544979883255804,3.268194822828425,3.4288525732421835,2.2763775527736367,1.4590118644763819,2.1983684231025196,0.8954577414926829,0.9148706332003477,4.252029560492117,2.3306444428948114,5.166590930834283,1.647913109543964,4.30769809453384,3.1879102362270744,1.714355433101084,2.6773954832634614,0.29760229865200793,3.8774988727835344,0.4127273385916427,4.937410310130487,1.1338922701975558,3.288476690011698,0.5047729159750537,0.9331193644318079,6.304779331855883,2.5136423343006777,1.058939854556233,1.010135314885185,1.7300964655954687,0.13658515284762576,1.824034610786873,0.5156115394920412,0.5470549218559627,0.21710660808339172,0.7017708223790449,0.31950232900430725,5.1202316554631375,0.8127035765602842,0.5717253438910005,0.997473071970961,1.0927486855395239,0.6949247541199743,0.9005673724146941,4.62764185457462,1.4522264117974453,1.9247080083288708,0.4538599399690289,1.4240621254158998,0.022474346574899225,3.477107389313366,1.3914927899807217,2.6421239161534875,8.03097826139758,2.1759716315607274,0.2815498933666418,0.42556672407525103,1.8642951166447446,2.4573841625852504,2.6933865926141833,0.029700234215419886,3.4142032000204567,0.8854181778344232,1.5513929680274543,0.4271770546821001,0.7069062342315573,2.792772077518119,1.7224223057771413,0.5182329722534833,2.0341452695242372,0.8257856274647913,0.9278206201962065,0.39966330388801763,3.4384658581382928,0.6816741417928334,0.8940610592593583,2.9361385034239675,0.08963373610689557,4.7759460201140795,0.0
4.033229160785111,5.301613252018165,1.1210817302430442,0.07286040193124495,2.976051965275463,0.6839209808093251,0.5669612423144887,0.11116488907888972,0.2621925881725795,5.676772330873019,8.205259561201943,0.30170469621916013,4.793979092552413,1.7852994444560348,2.768798332170836,2.3342822252952367,3.312302130943205,2.792084876582063,1.5012098244111693,2.969804374679438,0.6548937574733228,0.8413290945692328,4.871828866722106,4.835666427135039,5.649100940209837,1.089430353426515,1.8610025136236525,0.7934381417224194,0.6012210855849464,3.118442789835447,4.516620346638166,2.1915626507007557,2.9067944127329945,0.51116438858385,0.08406426478847456,3.4192152600679537,3.740603807830254,2.2742914841021027,0.6161694661867307,1.2730383935111245,2.20342044182815,4.262816482312146,0.9228067731878861,4.437607275475931,2.4492708255327167,2.1772162008360634,3.731541698063632,3.698029515035529,1.9710008606097698,0.6785226768834941,5.447589114216725,0.20751807698254554,4.849629033627098,0.16027483140859297,0.17874650598181624,3.0529722748139885,2.4156234751209196,0.41218535915670673,7.039046248032869,0.038857550020362105,0.8667893143153156,0.14077865578279591,0.6920700511536373,1.4651386343523554,0.7331807728753013,0.23008001621890772,2.461580943962667,2.8221182747293447,2.567229032456408,1.4092551466848375,0.09180136921767433,0.03787416566112011,2.271814087670598,1.5131875203708554,8.846312779742137,3.440473877295558,0.41120928279036334,1.1168970182882625,3.304803055785424,1.0089887832272548,5.975579747929494,1.683337139204658,3.721099188707185,1.8126625086532264,0.7799740610657566,1.1081564180593564,0.7650254700003706,3.6751158623426607,1.151858816727005,2.022225756061509,5.698162903385104,1.6754094809538076,0.29865831556451516,3.8308738951212007,0.1147667926655143,6.217765810297104,2.79981261691531,2.681021903414484,1.2186571929587897,4.728149089999048,5.0
4.06771614952639,6.159009497892541,0.7612852733616191,0.18852752677440168,2.5694667875922557,2.647107243975142,0.7173857986902569,0.27393356926688534,0.4063189706361923,5.134110022153826,6.580160562679042,0.5658895844031886,5.843996402272228,0.18903382439001715,0.7439888231908526,2.158724796297479,3.5784074137536206,1.7118032359988495,2.013569452978944,4.904869407389161,0.0,1.2759010029395372,4.332851122072154,4.670993251639169,4.8620198573234426,2.8368330494230913,1.9046574999057588,0.38460245765075474,0.5276709162640892,2.6463239718654856,0.9503937578826275,1.5970305240302465,3.800682508863644,0.7803940963093238,0.10003572116184384,3.996741241643224,4.360603067059845,2.9713320198080306,1.1719113465526856,2.6575714126878203,3.9178327135104674,4.371168515498428,0.7189643357595386,4.17896953992226,1.1852322542301608,2.0959581668562555,3.9061401990672424,2.553311347641328,2.2215368556373076,2.1746620795335883,0.818523382066298,0.29195711642980726,8.172814509061144,0.0,0.28581647180462016,0.7053144410863783,2.6756578808049363,0.4214791571033068,6.27511695938656,0.046421211248710355,0.6915341649192002,0.13632265374921437,2.0282862430791098,0.8029789873113163,1.3447148944901273,0.9135692181485723,1.7110543218120664,1.6589654866546641,1.3062622397278507,1.726874802327005,0.08270258933024935,1.1937717433966801,0.7537756643320183,2.7563401522518527,2.2678054354942256,1.2653168665102887,0.20776793757217057,2.352589052083038,0.4498518651909058,1.669752467255762,2.1443074672630424,2.2052360978498458,3.770955870791122,2.6315466875820537,1.1702455647234642,5.1222668519974635,0.9053508995809584,7.1716992264223975,2.5156872245017667,0.5415148394606787,5.681505487720642,0.6590111711981499,0.6329196081178111,0.6315234064788974,0.10353120987799297,1.0721058004804196,0.5629628285152902,3.254624275219328,0.04292444517384094,6.611198943333354,5.0
3.5240260528499046,5.577057154006505,0.7447638869532937,0.03365205248999707,1.5758447708622336,2.172071416568149,0.541217448102037,0.25362627842137686,0.13619138628714403,2.750777988853492,8.55160483753629,0.4660266878137304,3.895612844975162,0.05032755355842493,0.6567251700212475,0.9518861496996742,3.2015554516997606,5.413404526689472,2.282054244024073,1.8892009428167968,0.0,1.4690002959586488,6.1857575463762275,6.994959807091076,1.8046731402699352,0.45280626256250056,1.7847133574369929,2.05529979112661,0.23499174124880237,3.4840349857779542,5.329866285375494,4.219106551022126,1.927972283275546,2.627840265043983,5.382079265834126,0.6977738195551858,0.5483379755086202,1.5507036962478875,0.24427819857814406,0.6446869428843434,4.026569917853028,2.464642130986978,3.870108217664178,4.627169060841846,1.2517493850971868,0.35558014737735943,0.7058452339698084,4.677840829980438,4.150876449828434,5.266126872169055,0.9877574288862532,0.053667449038825296,3.101196221324343,0.5841928581097375,1.569345259617919,0.9632521538166069,2.020164356608222,1.7512494648288037,8.19341053169771,0.4665488169645523,0.1715911532316011,0.1191569418736321,1.605209844081142,0.058247216854662685,0.0,0.4082770851530459,0.19105723992631402,0.5542450195500979,0.7808979772298271,0.6600158653256635,0.0,0.06818925877896807,3.2058303851844405,0.03618680284784627,9.946114109521977,2.065848003366081,1.1774075777735187,4.078421971548645,6.950881286861548,5.134175752135397,1.1654296204241854,0.011352507229905218,4.363388376333114,1.9853546961726443,0.5287713320474109,2.5848422711247796,1.2962518178574198,5.8973759744455725,0.7139596983378401,0.854873368806839,6.306645031083582,1.9148323730388157,0.051859298835249854,1.5944530036686086,0.2027624852758868,0.26519682698441444,0.29101410141730266,3.0122826089522965,2.166297677680231,1.1384213104202496,2.0
3.3573127085227847,4.991344970458439,1.8413290945692327,0.05158092063064492,2.509189099729059,1.2255834287568537,1.3765126612884795,0.19924830684020237,1.7863454365852103,5.359489544361526,5.869066943587223,1.0574849311078995,6.171705230251182,1.6348720231642142,0.44445504611393566,1.6869262694965985,4.055707588230653,2.7665103571771126,2.798610474611298,3.572950284585834,0.0,1.7249558026245206,5.946740216108941,2.6567251700212475,5.81185888250573,0.4420145655598879,2.3990890424795226,1.1007758580831342,1.3467016480228557,2.8618958294209995,5.274817010585787,1.151923743035645,3.5113162219187033,1.6127771052851991,1.330328927302326,3.904175776201047,5.205509813216667,3.037118611738153,0.6397878295961987,2.0551262254762177,1.800247628453575,4.123037073395529,0.48202217465514696,5.054014910575845,1.125915549474723,1.4783506008003486,2.548214654537763,2.264866666778886,1.6959047551117303,0.9144114442810113,2.147762557464937,0.20201016731643198,4.1291758413325,1.2133161720709982,0.3002994736656383,0.4576468193924441,1.758686934995755,0.7901881702920255,6.240594826099803,0.18180225515894124,0.980171573689218,0.4949787531966404,1.7014603412229043,1.3097582714246352,1.1319186788625675,1.2517493850971868,2.066571443711211,2.2915740909191578,3.014176730560741,1.1592416597301063,0.0,0.7243883366021198,1.562913998912101,2.9198548982583223,10.087041772754606,4.197181301179198,0.3535491357220443,1.4082227289545997,1.7728146874991935,1.7263516918668043,4.300680189943545,2.2464688950287752,2.3571296906059285,3.5775980137638785,0.49702469417753037,0.2487776936497124,0.7424374453762657,2.480601194655618,0.666574823579046,1.1672936923351824,4.579506021344864,0.6957266226209634,0.3895668117627256,0.1815478564559564,0.2496273731396907,5.026162654489676,1.8900964342417466,3.4510000507197867,3.1381263712306526,4.10129709027942,4.0
0.5999842315156153,4.402510722496654,0.4065366702051717,0.0,2.194402291938575,0.8737344679685582,0.020911065581689963,0.06281249240502118,0.05227676545235779,3.4584738759149145,7.933227974259971,1.4150555328541454,4.694562653542313,0.05088474002509346,0.5691021729535604,2.1595000220232197,1.7209350813597593,2.264176087551755,0.45059103192518873,1.9878301765372728,0.0,0.7730679770461596,5.599371358113777,3.668573016475889,5.253478788532158,1.4005379295837286,2.587124921871777,0.6454249887072632,0.5809172886632075,0.9937830352500068,0.4721758036723856,1.3550726624541847,2.5719194632455573,3.755848978400914,3.316029858519577,1.180211526789863,3.255621582121559,2.6288902190278183,1.861915674601933,0.9444087045327723,1.1435240325216134,2.0816804886563336,0.2564068537942453,4.386955760407866,1.534808661231747,0.05408439284237917,1.334453862323681,4.892653310259347,3.1511444344193213,4.073057562267384,0.8117998124457732,0.25084033356164537,4.310885391185277,0.03787416566112011,0.7551439584864066,0.8263552676158153,0.0,1.2507797097548965,8.018061050114445,2.9489371879569495,0.10768786931437331,0.31138685816203876,0.40979822782841957,0.4393571784742567,0.34596403034287176,2.5035013932323933,2.7437519150752556,1.3487423155852882,0.0,2.6718821074584826,0.010636636108736996,0.05116325258211458,1.6491555626486483,1.643348271721509,5.97439164417509,3.230679528292815,0.024603367140657025,3.2624030886426976,0.44540889410960005,5.548707875185253,2.0580393606832064,3.7009723072227163,4.083511239127271,1.5376439619298847,0.1506896432473209,0.29195711642980726,0.00647756407120479,0.0,0.03238300531165298,0.9976175871509766,5.463288945467044,1.0032424174886838,0.03534238079219708,0.6399730041620914,1.3329656625859605,1.6373783948722949,1.532616190882695,3.9256197120029355,2.556699167457392,3.6720405719889806,5.0
3.9737398358674243,4.885632929963779,0.42782068397713346,0.9075829230828409,3.606181619283634,0.6753643127491455,0.5431989001933327,1.0601165760174203,0.23560453276329896,5.935226351788194,1.1461990133524798,0.21698248926876829,3.6585999582179625,0.5660844905154667,1.4328525370185745,1.3516848599325497,3.81200526310061,2.1650436494830445,2.757556688939453,2.293193888936659,0.41964675253143346,0.19269917799205968,6.527103186235821,3.5577041626417545,5.676811814576486,1.1118325870779828,1.7039866038634306,2.413187861080041,2.985300042077479,2.222928180002613,3.8610819418748847,1.5551780876032806,1.780268098576382,1.1080225625164055,0.10218779322361488,2.7491695254219035,4.8270568365001525,1.2088293625738544,0.7276155509409654,1.1313260746065912,1.9152149290022602,3.9315128732955857,1.221691513510904,5.439117773372473,1.446997240676389,1.8467941594732928,2.259212216534144,4.447228728515216,2.7450867073350858,0.6211493035690023,2.1953475983222193,0.05561215668669251,6.285274590194203,3.048916212818064,0.22305178836844153,1.180211526789863,3.040243685577689,0.9708536543404835,6.361036651727032,0.00963381939726868,0.2602665869975681,0.06529656712778095,2.285638949394164,1.3016461725982411,0.9006446520590808,0.8489583827923953,2.0331586667809978,0.6792436188890716,0.21797514092288733,1.7108780501958794,0.03435659664664159,0.37027589672848954,2.307953046209074,3.441337396658129,9.935857347619327,3.1397641598009773,0.1625967659884867,1.6108890078544882,2.059286048746191,1.7194025119332605,5.91767520753845,4.364306279535605,3.398199853717497,1.7139596983378402,1.6680737276524635,2.0904808554581455,1.4316764413926328,1.133629280625504,2.210077098903209,4.448061777322341,5.460991508756654,0.8911858480244973,0.5915836808435362,3.184042206286011,1.0879380037119346,5.728886464547876,0.718789028019984,2.4215868731627057,0.37428833916903126,2.4509868583749674,4.0
1.246712100531861,6.37967640661062,0.8085909881399759,0.0615688492680028,3.499399459332313,1.2934882023755077,0.4823320207473761,0.18218376912146833,0.05741561242724302,5.556702232531301,1.2877086862454172,0.6207740658945055,6.290096280243331,0.06598582949858534,0.6768089943477886,3.0797194360249325,3.755229433797679,3.539258089931398,1.808261474053946,4.929142396494468,0.0,0.39209756678307595,6.119962014936392,6.548162239932905,4.006324956350426,1.1370444113742637,2.286260182286847,1.4304993862225919,0.6546188449611264,1.188843983605364,5.107683685157955,0.5246655092174434,3.202637126189838,1.7232090396410389,7.350847270328246,2.1414327909292954,1.647913109543964,4.2074243681038865,0.367594721961029,1.9487129696939138,0.8252971853968523,2.987430019053971,0.0,5.662100085619856,0.6749125529080066,0.5293712052539286,3.1135838254857817,6.621496604592963,1.8642554914187404,1.8335782939060046,4.069023273546396,0.6415460290875237,4.2673784862947866,0.7858434550071157,1.6201640964397224,4.29835039047115,0.2753646961504364,0.9657658180473772,5.776727792469509,0.0858325236749548,0.15016970629570192,0.1963552428827484,1.6861194933249586,0.7470006238988336,0.5285713188707577,3.609294001361425,2.0827707036354433,1.7840851427347568,0.2235461159528183,3.0758064263080738,0.026304324351908496,0.06295060882280785,4.212156858978074,2.836307933627968,0.862272841186562,2.276913483245923,0.07203718077288009,0.9688648981935262,0.922426225312796,2.2805109688542555,2.2761095128614675,1.3264222961010625,4.655660944431518,2.945251854447223,1.2577348021286452,1.5741984113028116,0.2916035580305647,0.062259894470126094,0.11689701828826238,3.659513605720642,5.303262015194685,0.8108132418300152,0.25882039687641173,0.7441610955704101,0.314638526699882,1.1110981022797717,0.4385057797827492,3.367622676562324,7.857780745108536,2.9438463307099956,5.0
2.048201303823015,4.323730337521348,0.5386374851706431,0.28475100953422644,3.139207520271254,2.4978933412736732,0.0901759497902069,0.11330043583336065,0.0889556823082184,5.310827238808714,8.599975679855211,0.344033091528057,4.877012902836568,0.8168863740149196,0.584577730738641,2.3994445645894578,1.96266006637552,3.888149004015846,0.9602151338941362,1.9723618070173514,0.038295698181544525,1.2305719419046521,5.805230536029858,5.07676857511284,6.843831880874684,0.4419083640035892,2.740539048613343,1.3731748907531165,1.4838286728047536,3.157350977935227,1.8456305500545989,1.1056780778945372,1.733614653074923,0.40936377926957257,0.1534162422552479,0.9833128710671207,2.9184625654979723,1.5986034113905425,0.263154625411455,0.757108610552388,0.9983399459888642,3.5862243069221917,0.730661691271567,4.334239312847371,1.2555611589003537,1.4189455117282772,1.4752405610642394,1.5239131781807926,0.9895750205809073,0.34437403328573263,0.7557421793453895,0.7414885592498122,1.7003509341759644,0.5795663601602125,0.4857359429892059,0.6275134567877689,0.5681294165004911,0.6849084825092959,6.910759040726661,0.22181522787370223,0.008200013832136126,0.01592568999025421,0.6654837325526488,1.2401921912502571,0.8935951978783482,0.8122106845018894,3.1449926238474606,1.1497146077008094,0.2441563956281046,0.5418121695288947,0.06502076994841134,0.05283319976294459,2.5890683335510896,1.01278318469829,8.983827587667871,5.509939648192983,0.3373114773309574,0.6093767487633067,4.426975861626579,0.3338816594680902,5.658819857516845,4.345382181155356,3.0987564078081427,2.5080990008912805,0.6514995031169475,1.019986511778558,0.5299708291365791,0.39253724527513084,1.211136826982275,0.2047667506546134,5.379620962055708,1.0579007732632257,0.05797006863732994,1.5842409728036968,0.0814759815979586,2.282083906219723,1.825256474425678,2.6274901105078468,0.0,2.042329151152236,2.0
2.3284343833125494,4.696539173422536,1.2928406335380065,0.0578314745605733,1.7385516865202324,0.8731044701240976,0.5115692419724726,0.28463257625082955,0.7330071842526771,5.079314103707613,7.535014812478213,0.5491269801992671,4.989679462515564,0.5897634869849773,0.5841928581097375,1.685132820478133,3.5309821296545003,1.3371401799558658,2.4350151182404036,3.810977717124144,0.08460857531780949,1.9487129696939138,5.311869991154945,0.9541963103868752,6.769717531397593,0.4407396306149471,2.1726155218134777,2.377873366976252,1.440261239387971,2.4394103742133124,6.519288706238877,0.9635481064389871,1.9568744435476333,1.2148708340039052,2.8658990243610463,3.9980691038079406,3.7871085322500257,1.6764930938417726,0.2926639733968575,2.569952797144221,1.955721967837485,4.6124055814039195,1.1480880826453357,3.9994859483207903,1.7015490569430707,1.5590512283670164,2.4004286303646993,1.4638839804710067,1.7175612770144881,1.2583983182038834,1.4684790534351346,0.16001660784590455,5.196386720437779,0.5491269801992671,0.21574071346401794,0.3808402503192697,1.563792679007477,1.3589025793152012,6.428633191039702,0.40424918466733795,0.766383141001298,0.3131297348378517,1.1006413159734691,1.8465133741503366,0.9240238522780062,0.9196833133974639,1.8246864001712255,1.5068557903152755,0.8167225710013019,1.2967804174264252,0.04893364519792244,0.24914190328034752,2.673443355684833,2.018206856653312,9.1533686115836,5.3100201325990675,0.8354390532241255,0.5507036962478876,3.0423816869770453,3.2586998155699027,2.514879712957212,2.782114963388813,2.9424582039463902,1.7375569779075863,0.8841680764480968,1.1926991779920597,0.3952822041322334,0.6012210855849464,1.0675010485665715,1.7839175726037957,3.813227089927078,0.9559822847719376,0.7003509341759644,1.070870146106443,0.31614574229335635,6.784479117688277,0.882760416387591,3.3464463615015796,0.17951105027151046,3.511505991119036,5.0
0.7770303852008065,5.866631080694001,0.7445055786286106,0.6744606515602588,1.369215194125736,1.90338540095093,0.11009592910342043,0.22317538614456242,0.057276965073247615,4.205501993498242,7.958186122822363,0.8718436485093178,5.6230064651279426,0.07135080412884309,0.5026361172024649,2.0844044829343473,6.02113766864219,3.401248172740162,1.1076878693143737,5.3639945382152945,0.10218779322361488,1.202010167316432,6.774230954895342,7.2954668205825355,3.4451704912269805,0.7748397598273262,2.2379001855558416,3.4056384476748254,0.6605635855451842,3.535692181388252,7.4730847092417685,0.5344600819267281,3.30761795755839,2.460611522866634,8.789695348165532,3.5059290285677625,3.98391478059586,3.446917864866026,0.502737941322272,2.145775261713478,2.1163314838209963,3.8800781530792245,2.754160628248144,3.7530054281952,1.1417597473138994,0.017779412561234692,2.309321730484024,4.790944025212486,2.260116009815178,5.445067833407606,0.4604804700400108,0.930548119247855,6.20807825102256,0.0,0.3540007188044978,4.18461355180982,0.0,0.8951474844934465,6.6891691443686,0.4227712193204742,0.03337013846059218,2.081169166644641,0.22465773412073844,0.3540007188044978,0.5171244858056433,2.6289835113013775,0.8940610592593583,1.5973643101296755,0.01249716268290215,1.4045216946397938,0.05921681655379864,0.0,2.785132015315987,3.509898488987959,3.726754939598508,2.7301834378067857,0.1080894918402974,0.9614751620096356,2.3610945701763204,1.677350377195178,2.471421602889334,0.6934981087222453,0.9687174738074497,0.1712068274181424,0.44010174038750755,0.7586443002737373,0.32054244242845936,1.236584458113175,0.7565963505017145,0.14287084509664236,7.001539931066608,1.7297050257483861,0.258096757817156,3.4277670591684264,0.6915341649192002,5.642378113148399,2.042854423330893,0.5978886751654264,8.181943844379205,4.886184306054248,5.0
4.993049330219096,5.739348580260973,0.8406847825880489,1.136191386287144,2.4355485902604186,1.6045932570566646,0.7969299426385114,0.3730634986331608,0.3551290584841702,4.727953118986793,7.894882622509386,2.953376999311406,6.523428657422497,0.28131249085814347,1.8747969658986652,2.398788147633769,4.285616757556873,4.332063409772547,2.7462052590636676,3.432652133945466,0.0,0.5733745264459443,7.132173752971257,6.871188177086543,4.749679066224489,0.9225784565085571,1.6951475400803735,0.8479969065549501,0.25168879947866285,2.434348000692569,6.509149502997345,3.840876092741956,2.670477804144288,1.5522294984223337,3.420563245740451,2.3512890975988747,3.020519980510853,3.1686741236148204,0.6275134567877689,1.602266826822113,1.577875918680885,3.8443354330028834,3.413214946060768,4.766876041207971,2.5027124859660614,1.2196486933910209,2.5557425462940078,4.30321086240395,1.934931605902248,3.8847834960939998,2.635429371071818,0.5624744580963247,2.1538701748485525,1.1495845531581366,0.7469146596478984,1.3074868147234118,2.9781956296816516,1.6971065744769749,8.398121168320618,1.7050489713936818,0.48532377384394415,1.990337726769196,2.3520239984016453,1.161887682376894,1.3749003697013507,1.1647219281336996,0.28166857997284495,2.2026057847162606,1.8128267732676635,2.089362552827734,0.04404433270602122,0.6562675347942892,3.2413063181349417,0.4653998832966054,3.623550857372489,4.250082352815129,0.08052123183149242,2.599055894590331,3.513793907086986,1.532965215933602,2.6883370431005083,0.5212517953698118,3.835257128290711,3.976354469915584,0.5699770933245684,2.3133329333670707,1.5188372424365117,1.7115389577345295,1.887291301223402,1.9138372525275853,4.961873324379718,0.8584584979036287,1.600126999575723,1.4205093504889033,0.4137023887821767,0.5806279104572651,2.749920364859095,2.6490175651315995,1.0766275001026178,4.487081113287955,5.0
7.208075323849027,4.980441226490273,1.0690146779151806,0.19874558184482394,2.573132117802025,1.6974624769218742,0.3189241640300768,0.16915535883089372,0.08827730968045189,3.233581332195895,8.980517485671601,0.5276709162640892,4.547665748353421,0.003746139232894637,0.6956375481270084,2.013640910669386,4.236997664573062,5.712738832359383,1.0145695387078633,2.8803916674251173,0.0,1.0412429822318814,5.947619406361265,6.818836503955628,2.9569301851569114,0.3078947755125013,1.7352622088228384,0.7232527345010678,0.1194225826478845,3.861032299730323,5.939226577728209,4.362624179434372,2.3331374563076657,1.5545397378189836,4.475804753452597,1.6837413624026079,0.9232632981769459,1.8853010268342731,0.18320064672542768,0.7445055786286106,0.7936878365407464,4.999927863444527,1.440845918237266,3.0467529636241597,2.617321994628412,1.9018419575012615,1.628960188798554,5.888234259098922,2.5633045894700763,2.7948525079551954,1.7749240761851943,0.16889872002546932,3.8663541300895163,0.1525079483649029,1.5929234083590513,0.9020349782581273,0.08324741374793612,1.3865350701847543,9.100764821898098,0.8516790908698056,0.022190239634065988,0.21051355180046855,2.371363702257125,0.15639661659766543,0.976143640046633,1.279114663710988,1.5016684294611415,0.9974008089520428,0.042784398089239506,1.429214229839585,0.11516644963493532,0.4361618393144501,2.923453474294184,0.46498186227495175,5.945387649188894,3.6387110316039486,1.4587494560941148,1.686612576815591,2.5651096965318345,6.246472695430077,1.666120302595831,0.08120326041739433,3.9640289000020603,3.263815654078639,0.6741894427915515,4.546746325305276,1.945457882833256,1.13415521183785,0.21275608340363805,1.2485348361386788,4.478596526127419,2.3614876521430683,0.19168897573396904,0.7567671240626253,0.9144114442810113,6.7067280738598285,0.5580716689588727,2.4721238024814385,1.2065182016651157,3.4280485671798067,2.0
1.4214252960575524,4.209500154979642,0.5070080777531,0.11236652307256315,2.6563361893333384,1.0436244767470346,0.07409435357387338,0.11809388938681974,2.841993240056613,5.467025094984136,8.398205412849531,0.1843437779529075,4.258488774029665,0.9906644774561667,1.3476089677593068,1.411426245726465,3.321596236862822,1.7632415856585828,2.292487291620764,3.1571730940334644,0.0,0.058662839378559886,6.026786782947895,0.7614554928227204,9.057658754713488,0.8066952535317583,1.8625902483801617,0.4719677876615157,0.23106369991227277,2.7231216459506262,7.569346778780782,1.0926810407128373,2.2043285554681917,0.30158764660318677,1.9179281633071166,3.040015678847879,4.351472857898268,1.9493855199686028,1.5786972376487034,3.0287812976336492,1.9453080469250474,4.033044106677272,0.4142437987186875,3.9484887165782983,3.8324444816453096,2.61706334388818,1.4483723946120535,2.3357976463846426,3.390089831560226,1.552032711374678,0.8821343485542176,0.3229664615496454,4.2974995891005685,0.574634395234676,0.933194919960427,1.7803100990433753,1.1512093928848937,0.8960780553970644,7.222822911403719,1.268673924548358,0.23670690199535252,0.03506079690511427,2.3468434543511387,2.1428708450966423,1.1069512708416995,0.5533605033353275,0.28853575029380213,1.108290261184129,0.2736949100370791,1.599174945533261,0.1740228420554138,0.3206579643119249,0.6753643127491455,2.467931546026287,10.766664972673336,2.475084882948783,2.347750684937139,1.9114998488611081,2.8951668775107655,1.7650254700003707,4.1327248881566065,4.4474403420399256,4.324479407863247,2.1072861349522225,0.2194628389571548,1.3761236523962235,1.0252414611318441,1.3771237491294872,0.19383481065383806,0.7108780501958792,6.003523533900048,1.8764874784504466,0.2998307618223704,3.710988222479867,1.943808831326255,6.35136861213964,2.976785200385659,4.1580542131223055,0.3059121701566207,3.226092307742739,3.0
1.188780697792142,4.267580741139435,0.34118877247874047,2.3731748907531163,3.855072776544774,1.7829536664562902,0.05380644369579382,0.48872065289528366,0.875072300640186,6.4022275979879435,9.337629037406286,0.4695734453043519,4.226153977848691,0.03604610015685955,0.3904475779933104,1.3593524900632874,3.6990185186261972,1.7749240761851943,3.3323785463052307,2.632710263991943,0.0,2.524815928357506,6.610556860222954,5.532921592419671,6.255749973064664,0.7361285882873148,0.9205981969291892,0.6706590814004026,3.5161412511985697,2.150754622192986,6.705917097161921,3.1014988070346647,1.400865777566253,1.6943453495637208,0.20012765427360202,2.4291606568047697,5.616863445641486,1.3955564129865532,0.2613502790209806,1.1981169291524554,2.305970520984386,6.974780523287929,0.8047970246065268,4.8383971654161755,1.6516372634456165,0.9851360673680097,1.0351311980294853,4.0528940467474435,2.199216891659719,2.7271362864458135,2.751742206841723,0.15458320905306852,5.641751205498408,0.0,0.10259094958809113,0.9571717072463906,0.4638316795396487,1.6726516293283848,9.310268993047988,0.5531638705094964,0.13014013533644853,0.03717133764464353,0.9328926741014912,0.2168583597749604,3.543421643348864,0.9108093989599713,1.825704231936496,0.7533478061359083,0.021479727410451392,2.00845103269327,0.013069150019521303,0.0,0.6959938131099002,1.1179609527324166,6.6650530359430675,3.782639209940978,0.36221737748716937,3.209936782425984,4.562828543129529,2.9628266155303153,1.2874722951190667,0.05102400302446689,4.739615913781087,1.2651968269844145,1.6222744313631228,0.32883646422954,0.7745024451096594,1.319791324626533,1.158401662593777,0.47466965916094334,4.614421276249282,0.963991921569914,0.16452886088136873,1.6698884957031848,0.11849262586940461,0.6799642008062253,0.40805964807036016,0.9648791424501625,0.03955955725570582,1.8342257867823493,2.0
9.223708521594272,5.110567872366068,1.277687253734243,0.7465707514124466,2.1975509074198736,1.7735744227713075,4.138429502314867,0.3304436682290092,0.7521491276946994,4.719243688447197,7.6188721920720965,0.7886021947351414,5.10903453701564,0.16517231793716664,0.6394174091458965,2.2538985278401857,2.9800070150146083,3.58735298843195,2.0194884295913598,2.914774980893969,0.0,1.9346674624296938,5.057597566860847,5.677635085607642,5.068335461164722,1.3332519740915718,2.343635224282899,0.9505430665545215,1.0166389421137891,2.85025936133739,3.9968587209053514,2.7875369432829555,3.767538276311289,1.217416858410578,3.91742220740986,2.219400882158241,3.6734207409603514,2.2583681650015768,0.8389114394829082,1.5120751489948356,0.8137709320158246,6.166114866444785,0.6142858061190465,4.856527618642973,2.1586278637855414,1.534509884127085,3.293782455785916,4.2018612245365174,1.883503519237687,1.6233986823772641,6.113142046778513,0.3601956947323582,2.8074991843486985,2.2057365666156614,0.3358262239404963,1.112299791878912,3.924109389529338,1.0964642750180307,7.065438754449465,0.1411711724607413,0.8667893143153156,0.8577421844600659,1.2885357502938022,0.8652061965871732,0.978708171381981,2.6298228703998636,0.8015725694635979,1.268913415757555,4.19203631255154,1.164013888525057,0.008056554871058458,0.7015934127574627,2.5667664546221807,1.1803388496247256,8.083310714961872,4.479993621635982,0.7937710585442241,1.4276061727818994,2.2057365666156614,3.8058496121811736,2.272172528644111,0.1467855409887005,3.856657088274406,1.9759969576164431,1.658280044847325,1.2545335767601218,1.0770378618312468,4.8262993307745665,0.7168592356182069,1.8594527880371892,4.5912126434688485,1.7302704047753386,0.4588019415890142,1.1087586143609367,0.9676113104586879,3.362932711309134,1.694300770342678,3.036626410332824,4.160403925860014,3.687643025314919,3.0
4.935346590815476,5.308029522926783,0.7706176466562031,0.07505336460450727,2.1739269319998087,1.50131174924366,0.4213714330008943,0.4059923596758368,0.19559957544990353,4.607377662963688,8.395242353820775,0.24829193773910016,4.593527075219421,0.019203733973092663,0.7711249531283667,2.5255928441725057,2.1071856838799747,1.3456802307863573,1.622789821831874,1.5303204946780384,0.0,1.3959950387766955,4.624054091110101,7.432551921968786,5.595986944447171,0.49968008718705925,1.549225575452399,1.1949065324228512,0.25290002870008066,2.8313705879675406,7.102875400998941,3.778786800356923,2.230879310301939,1.3159719131418852,7.938585733986249,2.3554955789526515,0.8609230809992202,1.5784557217795718,0.26435627052581034,2.213596134885853,0.42061713897869074,3.995782976632781,0.5550308011822083,3.336954584844787,1.7633265825679596,1.10976171661533,2.4433149005540353,5.192572941386922,2.4156505144147307,3.9812498826219187,1.6638910775175841,0.2184712107432615,1.6396026312595018,0.0,0.8351964815479106,0.1309308698264487,0.08038478741460452,0.8911858480244973,7.828438006101902,2.065882461133638,0.008056554871058458,0.46372707198851065,3.9765927622385857,0.758473748785078,0.04963076772460043,2.6782747698391707,1.7111424495443492,1.4511715402256515,0.026729250487489024,1.7794698572951695,0.17351124806392174,0.125915549474723,2.320253597243422,0.2741721890227864,6.714503805655971,2.6352668335061815,0.35884633060509863,2.4937754084607033,3.2892442851566424,7.664141468345685,2.069873987631984,0.14756720709463242,3.7136738223732806,3.0924104296844446,0.6666657105945982,0.5949306698123918,1.6556723918937062,1.0320302940073296,0.08065766334522519,3.629636388353311,4.313695716714358,2.6971510670843672,0.08773438181972541,1.0994298720351463,0.24488705912353448,2.195158586590933,3.3419715193967146,4.260070833595658,2.2553194407057884,3.0385942092152236,1.0
3.7682266785050476,5.422064766172812,1.01435529297707,0.34266851820249955,2.5624988805440108,1.2695119699049988,0.7956007291013064,0.42899992576300405,3.633047525686599,4.262237698001837,4.844310322347468,1.17830033463424,6.000601748825053,0.3125490098608487,3.1129669649581757,2.9768768285773746,3.4231747515708015,4.91456930695763,1.865720900423239,4.01976417490726,0.0,1.1365195325505602,4.995932182359801,5.420866369021135,5.565898721215443,1.0953843628902165,1.8808813972376508,1.3579460528592608,0.29490007171757004,1.0098487673812113,4.5483441412804595,4.38355223995426,3.3475806226531435,1.0019463248313376,6.715212486212675,2.1583693452424124,2.319271090818063,2.7631140809044847,0.6968840908554544,2.025560402324433,1.8080554895248493,4.877567582596794,0.10554399219892611,5.798532715406343,1.8428179648363132,1.6411760598481866,3.942129735356725,5.946230227342713,4.109836921175767,2.8250732608375273,1.1926360610702127,0.35952117042759535,4.16450472565806,3.1598713367783895,1.258217389536018,1.4419083640035892,3.425566724075251,1.8108132418300151,5.986825024868905,0.24914190328034752,0.6068212115293052,0.6663021281730949,3.1412529333285804,1.246651302999629,0.525166845373195,3.472305798450038,0.5305702039025285,1.8674616136571267,0.21337839072506246,1.4812472681636921,0.0,0.9099650667579685,2.455570526130118,0.9373443921502325,7.874006930634722,3.641615387758766,0.15769051358205344,0.7677395355455784,0.6518668347652438,3.7583138384510724,2.516569923030839,0.12446048627433613,2.6982407075607195,3.157011362360494,2.1240964910558318,1.1622100363143069,1.2579761160107648,4.340327260072305,2.928616673551629,1.8119641753101936,5.56689124351493,2.411751628964522,0.2586998155699026,2.627840265043983,2.201320197717847,4.510385991842456,1.040822310107341,3.291220438628647,0.0,3.973216339948113,3.0
3.7342001844371633,7.379989108652409,1.093424959419103,3.0374525099396066,2.917183487364691,1.8198725167651053,0.5250665920782109,0.6163576969966904,1.086240275820744,4.895448046971341,8.04606209062873,0.5262691720652277,5.633945536518155,0.7108780501958792,0.8196681834964556,1.7275719880198213,4.080009498716337,4.161774841480419,3.296589556589622,3.2406959442125096,0.0,1.1688345531901843,6.453267341122321,4.137790394808764,7.7621760433654465,0.8329305102992796,1.896426864794941,0.9960271234250763,1.0594245031648086,1.9150619187896403,5.5596294683781675,2.8631455429893995,1.5940707568515382,0.9542707701448794,0.4628899384097085,3.544200973682163,3.656885308061423,2.967168607532628,0.8892398887868314,1.2963105607080923,3.055907106517191,4.510487270468726,1.1390765150461117,6.220807807164427,2.8487381010770103,1.330673122709157,1.739804907590389,3.095114258505456,2.2839217723076173,0.9103489153809297,4.09791413518699,0.2872358652527741,5.706420039301946,0.17491769523958806,0.3090597425015848,0.6008406280297645,3.0482885068163075,1.8550328972020795,6.589779962851706,0.021479727410451392,0.775092694119104,0.5140970048942335,1.9748596628362518,0.8558302746837658,2.0703549776005383,0.3857071246579337,0.867026632211542,0.9409560223853404,0.8314719328476985,1.392152533923116,0.5183337015285036,0.9719573354150085,0.7462267611769378,1.7033222266742134,10.49645575830697,5.716700131885424,1.4459914909144402,0.7713785394845297,0.5510976061591101,0.6243348894450882,4.239474421111846,2.184819815432635,3.153173005315605,2.721810104914037,1.0728604019312449,1.8266806753178577,0.9041179585458587,2.6522340729092373,1.0716940332696834,1.3923723815430147,4.970711033942141,0.6674834361804921,0.5515898423510253,1.155166338666828,0.3283769340326658,2.316087801570005,0.40021000708183085,0.6738277517734518,0.1513393010422809,5.757265987269896,5.0
4.254782983803856,6.323451137309048,1.051650520217743,0.02814476771337868,2.828834649468056,0.8810380756740439,0.5915836808435362,0.2680750225343238,0.23707417130215755,5.424700428090413,7.083452733629763,0.5490283782075746,5.801295778051182,0.09437121059251717,1.37300779934775,2.6528994538729593,2.90097304437343,3.7474733357404775,1.6742346477936982,2.9017647419670487,0.0814759815979586,0.07997537672059589,5.199554569005376,4.906284536410003,5.954661620837898,0.9253918400924573,2.2287263550584986,0.5730836311851768,2.7349805234358895,2.7427176787007412,5.117786454782015,2.512884231408408,3.117794764686837,1.3455666953301808,0.39867871576502545,3.3131732797892117,4.380452406728162,2.7847970987326334,0.9553128034447055,3.4312351582345237,2.191152017934312,3.137454340126088,0.5204473933189255,5.103338170705313,0.5028397582559315,1.629799561462221,2.9425895704453815,2.9125157435862064,1.8559896973084806,1.0655033804179532,0.662661255475094,2.96731619026928,4.304102122920481,2.93570489083989,0.3046278544929762,2.7963900973310145,3.6628776890640804,1.6930073733571915,7.102937322101301,0.23842002607895993,0.8560694020150499,0.5224575581152087,1.137831371732459,0.7440749619520145,2.304744657718631,2.2790254919510953,1.7799740610657568,2.4033768066870818,2.2406196293117597,1.4987104139886647,1.2497487150835689,0.5088342742512338,1.640667197179586,1.2988342432570557,7.7792137488402044,1.9495722838614278,0.6956375481270084,1.3393084453360722,2.493621717713686,0.8833080029624838,2.9031925607970748,1.2268167650498671,3.6490175651315995,2.8290782930805842,1.7421787201388406,3.5814717680360535,1.1749176952395881,3.0178150377397306,2.733159075439675,2.157916826294121,6.196286383336631,0.7981749690721556,0.24549566281992083,0.061430600497748115,0.10902617649836696,0.766298323984848,2.177917792195843,3.95745962305711,1.3955564129865532,4.708214831300802,2.0
1.9326659481457786,4.274820737040401,0.25350526218669706,0.22193893162862405,1.9975453313704845,1.7652376903330358,0.03731193064196659,0.6770797111662634,0.19156265070075562,4.474890261678048,3.2504310734202773,1.4963089448247282,5.7377300199829255,0.03815520102596883,2.4657916680318994,2.517527670337266,6.153491232040715,2.6699111658641868,1.05866283937856,2.5252921521958953,0.0578314745605733,1.3955564129865532,6.053667449038826,6.161871562789177,4.230502774989639,1.4817122620033039,2.157658180296361,1.4320507576454498,0.06612364246529363,0.3917677199559967,6.093038254102297,0.7420062108667361,1.8569856897822046,1.508428652531857,7.625864426595787,2.113600493731906,3.567107315826575,2.532416710078908,0.8432603057997322,1.2877677779753764,1.7930635184462336,1.9767302206771529,0.9338747417153557,4.21939313737129,0.9897929777825136,1.6050201530624095,0.4795410073663164,6.697278975687854,1.7350021934953097,1.9204457566246425,0.41381068702498464,0.32688244921584425,5.489192880357926,0.17056605679206857,0.23854231427915087,0.907429101242319,0.5968397544377849,1.230510460366176,6.963233654761747,0.4337072774958546,0.1772162008360635,0.01206802330909034,1.4536492660432911,0.6565421333499936,0.6771699388182449,0.09909317921910914,1.204641565610421,1.1487389127375252,0.02772025835592744,0.6524176569319944,0.4588019415890142,0.6745510431545921,4.031254025470501,0.867817410043711,2.214093712452257,2.614380047556248,0.023326331860027503,3.0103322832848205,0.19861987321921495,1.1311943517084502,1.819177665542768,0.03969991772095141,0.8034750429176553,2.0773113714848246,0.24403458239369338,1.0571383043935418,0.3453963753912677,2.447922969254615,2.461685707236323,2.088650454098756,6.960422511962299,1.4009750436730866,0.3703875042820894,3.474449022906346,3.3796764066106197,5.64564402339752,0.3770682063840611,1.9305481192478549,0.05088474002509346,3.147192711599181,5.0
4.3901517555606455,6.8855816852004885,0.9665042983260368,0.0,1.8116354308537437,1.5430998921954289,1.5808690629928688,0.3170724775369711,0.9071214083505338,5.4966285196641955,1.0684644509669057,0.28900814553079585,5.657554264048243,0.06004738366993889,0.2027624852758868,3.09320520517819,2.8123544620813794,1.2403143293337102,1.9998196518478946,3.229357196129681,0.0,0.649569476018548,5.258051518321983,3.99506838380887,6.070333508253417,0.8168863740149196,1.8863160195989201,2.787913004204597,0.7303138862937762,1.0873949481215057,1.0182780850243496,4.377373665025136,3.6624789704232517,1.4257278380450304,0.28427721805512784,3.572744179232006,2.416137135064636,3.220391871792974,1.446520920293185,2.2058929275076706,2.272501021322066,3.317289595024459,1.5182329722534833,6.112005720787682,1.0313246125997506,1.5491762786680954,2.3804246996243696,2.775703768977776,4.172871500352278,2.2053925129896848,3.663868312559977,0.3026407514285684,5.685553360168536,0.4688439429746375,0.2645964794908822,0.5032469541493739,3.687015883450344,0.4976379111211161,8.098702201314445,0.12353377229099427,1.58894844564947,0.22872635505849842,1.8997170230022775,2.394239734909789,0.15185881672700494,0.8573440788142027,1.408277085153046,0.6785226768834941,3.237410752719177,3.3091907424398084,0.17785402525994942,1.4369613378336026,2.470250510190393,2.503017920601218,0.9205981969291892,0.740193617020435,0.08515268056313831,0.6167340849562708,0.29783703588664373,2.1138671594826968,2.144046369616707,1.6615215958527605,3.1927149567910744,2.3301854883098847,1.002306467383169,1.4849630292212919,0.6538854887166459,3.722651814141673,3.3598865769063506,1.310805431063173,3.739999275396798,2.8877786949081106,0.29490007171757004,0.718876684552556,0.0,3.7023583359750605,2.48856642269032,4.434821685907724,2.259965416915083,4.8727598236539045,5.0
1.569248029867182,4.86345780230689,0.9644356002123312,0.18624698614531154,2.5536554023328906,1.7239079986449977,0.6512239429898775,0.19143631460532143,0.12565110166152013,5.42167102073855,0.5866926968600387,0.3248106034204836,4.34254052325579,0.038576651452323155,1.6006979305758422,1.8727105817221399,2.431141535361186,4.6248729335387955,1.6581886279958613,3.3877898814592267,0.0,0.3760680711336855,5.988868703852132,6.0382430133515905,5.704011512057264,0.8122106845018894,2.8737147846995867,1.0548484769956197,0.32331241775790276,3.2589409681055064,2.607815569540301,2.8343067029629077,2.485993488920748,1.3516283291027824,0.9012627402347169,2.7226627422007628,1.8443053001639367,1.8469144793133099,0.21362723851194745,1.3292958481025152,3.9656642474410675,7.693512047629688,0.3704991032023453,4.23974935399785,2.201351567131985,0.21038886444540292,2.3203113709070418,4.826487473347032,2.474721568670381,2.684033230958449,1.3671473746579443,0.015069321717648201,1.9300181759004522,0.23069489712191563,1.7751769956962975,1.3589025793152012,0.3735090155180074,1.2933704842047526,6.762285025212162,0.48923463453201754,0.13894549792384134,0.4094724036750667,1.999963932173128,0.3681537110961903,1.183518274044667,2.039594648652263,0.5597365244329826,0.9589540043270006,0.22490464410609018,1.3924273382137218,0.013926706042921726,0.0,1.0797023716973781,0.23143240844796506,2.371363702257125,2.74429028635666,1.8238308662002687,2.914660189754436,1.6416385065748724,2.0599089890186852,1.4861994925681032,0.01106620140620535,3.849058499727147,3.231524570860242,0.5167211885660643,2.0191325512894274,0.27786575723487955,0.6816741417928334,0.45501809696972506,1.1712708888306833,5.662843517498063,0.707966454775976,0.4460444425960409,1.0117103096277338,0.1267086021969683,3.4755778060292553,0.4005379295837288,0.7649405731256065,0.2907782513201796,3.265181821341382,2.0
7.767616400005919,4.8253226291704685,0.7753455840740398,0.7538612207466255,2.6267661883782414,0.8593335093962684,0.7608596368219074,0.7156298405366631,0.09909317921910914,3.658154345183087,9.437761017629217,0.11835972595305722,4.668215588640808,0.0578314745605733,1.0938981625855515,2.651040206993591,4.011316722109022,6.370052655715915,1.0800436199050598,3.809352701329512,0.0,1.0608774728993347,6.139899194372654,7.107564431598484,5.784702889433257,1.059701372146302,1.8698319338171885,0.30940904924011914,0.23842002607895993,3.315435808038142,2.7146631517757496,4.082770703635443,2.7729202302147336,1.6785226768834942,6.4498964239119925,2.108825509547506,1.2830327746164152,2.7656408229808616,0.23462394136385586,1.8848323276804992,0.9672424007881045,4.696227564202018,0.14795788138710142,2.330587081555657,3.1289862034346902,0.40512103545132083,1.9430961577784016,6.08050844071558,2.521553330545095,3.964038144462003,2.367734489551153,0.03731193064196659,3.9097635053403073,0.0,0.18370881687541188,1.680954413645759,0.4838802538141047,0.7611150338144407,9.350347179547127,0.9745293124838816,0.0172092900322231,2.025666700388476,1.0248160964975421,0.43818637569136176,0.23241517077540189,2.324896989758696,0.48202217465514696,1.1249236201338189,0.00963381939726868,1.7804780886850289,0.04572253573460056,0.3923174227787603,2.5730351429387173,0.6432097175758189,7.7625474781892,2.5769574202908583,1.449640605117181,2.2645064058158098,3.0530765723047906,3.0781315894673416,2.2005671270804217,0.10675031506086766,3.8935757837225187,3.3074722425614085,0.756681739809004,2.10705173823627,1.8580605898996476,6.512187373071864,0.22934181304355386,0.847515928040447,5.389449794537749,1.9584715162391635,0.07546417426251252,2.0913613322486104,0.1658154881323355,0.5605193215443686,0.3455099242513388,3.2548812232265143,1.4486895517688407,3.9045322672154925,1.0
2.891360855678693,3.528996313730657,1.7069504256469006,0.0,2.211354909696856,2.4832353586082974,1.5608127609923217,0.7161568524296064,0.6439485193028281,4.243257781147232,3.3660283991571194,0.7420062108667361,3.5470796067286354,0.40261304298717004,0.08882003329858511,3.7958188871930827,5.0506322915696735,1.4062645406106862,3.2051891700008293,3.38378722345805,0.08610437124329078,1.2838032709283658,3.9943353323369046,3.9367227316478264,5.6953981331699115,1.004537346803506,2.1722954847570204,2.108189880004664,2.2057052924035685,1.0739572999433245,4.300614303930752,2.455675726752962,2.906486584432865,0.7970129778361451,2.0516853187522046,3.996560485634883,2.4976123656183598,2.0884469327440183,0.9289577048576153,2.8599099314917096,1.3072536424669117,4.378983196475674,0.37272927065972367,3.5184092438696704,4.32930302481501,1.0196307563355085,3.9804640761061334,2.280926628442504,2.193204013983875,0.7770303852008065,3.927071549948983,0.05408439284237917,4.03199501813372,2.00662118012238,0.9543452260600966,1.4557546221861903,2.195977458642588,0.2657969247597524,4.801531183470082,3.113533819591914,0.35049724708413316,1.7943118845820052,1.1834547541749425,0.4662355621504047,0.3633393116294792,2.314290483987996,1.0963968041871575,1.8897071584397873,2.4723577930815677,3.0644000334565593,0.07409435357387338,0.0,1.3417580850787212,2.4120227256150533,7.207216429792156,2.331877160369055,0.501413666875781,1.0970039280998882,1.4553337966772226,2.4520418649419473,3.010761939200008,0.0398402645317911,3.7263516918668045,2.5456471854870983,1.6520963695597535,1.3549034611356434,2.0845065327350967,1.4910321296092879,1.2290956613553796,0.4321042234686771,1.609565867861813,2.0460369815884336,1.3887956999750992,1.9583972729785002,0.09288396567848443,3.2198190389250474,1.24379092506481,1.9942538591764527,2.3508932266692733,3.602005462567509,2.0
6.732726414693407,3.958016716289416,0.9363646843511204,0.05311133645956253,2.3049198448278974,0.9090434131655784,0.3151024530776683,0.18510536254259158,0.31579806304335706,5.412327648467997,8.716254616668683,2.6616356023359593,3.6969063407616227,0.19029879162659463,1.1010449046671371,1.923377406855545,1.9974730719709608,1.477573719174233,1.0741628755070072,2.201445671282101,0.0,1.8190141224897234,5.189334354552731,5.048323386537814,7.365675916997404,1.3497049617085375,1.8347516608514998,0.3791773288908076,0.2514464315585819,1.9624749892061613,3.4388517211014267,2.211417212989355,2.839496077481278,1.092342768995447,0.6318958590538042,2.666779311312854,3.477599621969578,1.6773954832634614,0.5950261840658537,2.4813764481532923,2.7169689521081786,3.064365540263628,1.7297485243099164,4.093010779289157,2.381394131786851,1.7288347789848233,2.240222726740525,4.495330605852632,2.8237289831157657,2.8799605676324447,1.3305584000308022,0.15302704346482315,5.648994564262054,0.0,0.6922486356733787,2.544806828578119,4.050153388647138,1.215305839296177,8.605316163881103,0.8829168909041096,0.9852089473175536,0.09545188108566052,4.72205064337887,1.1450252422365663,0.8171320436691342,0.6038814828842078,1.3193289038394052,1.1275672509819141,0.018776585179183593,0.7660438430126953,0.0,1.9135309234575832,0.7121114994662765,2.441510038525234,8.608145021405779,1.8090851181964867,1.1161651079554986,1.1183597259530575,1.602266826822113,4.244179234464564,3.776493568435212,4.583362626956928,4.433346745609729,2.219029085478693,0.355467388376099,2.8858866867281994,2.8534368188880666,3.134188076173555,0.19585150857564437,2.672561118644777,6.121554238125389,0.765534746362977,0.30158764660318677,4.36774846556546,0.04264433740849372,4.318085413042953,0.6159812108147812,0.8666310806940011,0.9800984388177912,3.9001519233886803,3.0
7.131623435988443,6.337027754999147,1.330902540701354,0.08256635107141173,1.6442254724390277,1.89378932506904,2.276228647859441,0.3712800540226538,0.6876878107322444,4.3281542964627855,8.215579592340271,2.793417331870039,6.571801174872598,0.30707873853981527,0.5466599064408345,2.2699308100998086,3.4048077747224923,1.0899048684213355,1.8137709320158246,3.8619851305855377,0.0,0.7470006238988336,5.689145376705699,5.743574208454838,4.901861260739096,0.46236648314440026,1.7812338000993344,1.072448850069692,0.39604985762503087,2.581809172911676,2.782387595370314,4.587581018944219,3.3176513849083635,2.254714967976918,4.289222148708569,3.5524508517708417,3.3132023090266247,3.3510628989403854,0.5919665871004156,2.9024016465646443,2.630009328344954,5.582399441635105,1.714355433101084,5.079877271487142,2.211790976252541,1.2419011841795033,3.008773707066016,4.361922725143408,2.021941600157222,1.2702897192253566,5.249176043219712,0.44169593743456975,4.719490131200294,0.9350070665838507,0.583422804693596,0.39429462049465747,3.128194402070596,1.3389092728089216,8.971469405567152,0.807849475581577,0.9734275980043099,0.4369080517141522,2.299098094577489,0.8350347444355339,2.306058042801196,1.383718114635775,0.6400655825328928,1.5865485930751824,3.7725930226610287,2.09932887244062,0.8546340431338819,0.24000896473507027,2.522809049173322,1.7097758643729544,2.8931291860172124,2.362497942829235,0.1649149695524513,0.9659135443470033,1.7323994595386372,2.9232062404529713,2.3743996367614404,4.515491696772493,4.0048339378091224,2.252930296405416,1.5397791916984935,2.046106849138493,0.3815048825673062,1.9485260945183454,1.6591938949069482,2.5376439619298847,5.038651270468969,2.0460369815884336,2.0740943535738734,1.452911664939964,0.2487776936497124,2.245921532698241,0.6781620707350468,3.435668594284277,0.6962609541236969,4.2179596359921705,5.0
5.112712641611672,5.191416573591011,0.8829951217986268,0.6437638543373423,1.7186575332342313,1.4689481801800506,0.6086200243604925,0.0978804340519131,0.19610339771480698,4.03155399692106,8.922116956235136,0.6027419132823909,4.041383179019406,0.03815520102596883,0.7982579326445,2.820669140102723,2.4522000494062213,5.437520723294192,1.3069038134058162,3.4337072774958544,0.0,1.1300083041086062,5.561756864187868,6.801576449339622,4.5899012793494025,0.6067264750128128,1.6747318093546646,0.8925076026207425,0.13264264253961866,2.2577046350551155,7.577435626059192,4.4930452315487805,2.7895414697358025,0.8719224821499968,6.286932882850737,1.6486034933638523,2.2793524281284663,2.445806144722262,0.4644591656129936,3.1114153120431456,0.8009102510583519,5.75920644444462,0.15704371014558002,3.7253485330042126,3.3434220359720412,1.5026870301607005,2.791063883060337,5.384447045994146,4.427096580826779,6.025272472397834,2.1914994840359374,0.43434800069256885,3.264386298833753,2.6945905106597556,0.2228045610452611,1.4494821397578395,2.755443099922814,1.2656769251721691,9.302696493367376,0.7207162425211314,0.3617683594191533,2.1062478031117653,0.8858866867281993,0.16697247241069538,0.4307134676951452,2.409336621890241,1.36513259345253,0.5538519681811257,0.5009040067013038,2.0467704221624503,0.0,0.2916035580305647,2.773447828006242,0.5537536886047473,10.677373635187745,3.2809117855191685,1.1285573649737575,3.0119964876680254,3.0608947613471904,4.11696353718266,1.1029939933233253,0.13014013533644853,4.058134631812501,4.909173056285013,0.9050427630909171,0.8840899091335335,0.5434958834257717,7.13693781081702,0.5696855121518396,0.6686637777002207,5.7554350880141785,0.7665527600763142,0.14482952083880904,3.5501742103846246,0.5353562586037837,2.981286421347503,0.4537546068516975,3.401562207256068,0.8397177747603756,4.498882706179673,3.0
5.62119620141674,6.361706959369373,0.623024029374863,0.14860877020522015,3.4046443073359245,1.64528663387226,1.0008653574432533,0.33227828305692936,2.1335306471750113,5.258718657063396,3.682314847517343,1.6462087489149266,5.570654184736515,0.09747595901326854,1.962808111018122,2.397720832672402,2.5494227457466634,4.66961075731648,2.114333705975085,2.9131096147547875,0.11129845340254099,1.5758447708622336,5.943747892748734,5.049626411754737,4.745651469246201,1.3974744170458984,2.308826824347884,1.0775164697020956,0.8295248661977027,1.2345626322657912,1.2516887994786627,4.419343372862989,3.83004231212789,1.7050489713936818,0.8439034688266626,1.860009291338641,1.0444640665132456,2.3104855462501837,1.912458259207183,1.9589168955869591,0.8265993302731015,3.386838531199723,2.26192189957288,6.2467424983372135,1.1297446055078193,2.252082560527738,3.7815275809991356,5.457183854632544,4.202637126189837,2.87964695957939,3.2722471926389987,0.41813596395949654,2.3696339856874706,2.097003928099888,0.6085254058957341,1.0797023716973781,4.648649507207315,1.7820730154338524,7.332175326934914,0.5811101752255496,1.3426685182024996,0.2406196293117598,3.4875506620662953,0.7200157350828048,1.7876832008453192,1.098621677228955,0.38537581335991344,0.9676850810741459,0.6673926006671054,3.1568981394006546,0.8123750005659496,1.6886279834868527,3.5128968697215495,0.1589832511603865,5.638818168480238,1.4561753249786704,0.5739561410641376,5.666912780727586,0.41175162896452183,1.3922074989689706,1.1587247962974792,2.935912287031362,3.718427388516016,2.8023379962761195,1.1314577854790882,1.1152330483673596,2.5928516687725476,0.9509162706440615,3.3073556599662974,3.076080169497717,5.932002097518657,1.8050034748638715,0.0959919129246028,0.44381879691249276,2.5497923674338696,2.3968992835209604,0.13737236369339767,1.1848515456804154,2.4780916867383684,3.3218559583318887,5.0
4.790224668938666,5.6625046056504,0.6059683588414584,0.1649149695524513,1.7825343758694954,0.9142583488236714,0.4069719708167233,0.31788288282941357,0.6058735663028463,3.7868472435610134,2.062916080957958,0.9232632981769459,5.5167747579734305,0.14704614341731534,1.9926959317090889,2.235328808791722,5.559314371605624,4.181253652023588,1.8184006708735088,3.0789684146078904,0.0,1.0704580260195933,4.953456157616946,7.113428593195953,3.6443870038859645,1.1031954729746394,1.7702793432097266,0.24025326158450488,0.34357837714689493,3.064658706119811,5.967567507370908,5.784810182871006,2.839455765224628,2.1297116397934466,0.898092235559008,2.7212195222323006,2.8387501183331385,3.0581952556192493,0.4886178345906477,1.4240621254158998,2.2368905483358006,2.6255042945840033,0.2904244038652997,6.690949207702723,0.6973290237937195,0.874128076963685,1.9752633216784936,5.32153851463062,1.5029924701846122,1.539729571067321,1.8623125209049491,0.8018208604961168,6.134186022174506,0.7137837813712902,0.5406224814123666,2.3329656625859605,2.651269873332948,0.8106487477826461,6.957435245315877,0.3281471140336312,0.35185443913237907,0.37250640898616877,3.0694787687304084,0.8278190246173196,1.5526721711622167,0.7646858525221334,0.4298569511336522,1.101717301696874,1.0304773390232687,0.9759969576164432,0.03646816706929173,0.9488998206663021,2.148413534391824,1.7794698572951695,4.6769387191621865,2.027118656196106,0.2067682354683216,4.805870243478459,0.6908193401599264,1.6901488701274627,1.7922723274845245,0.014640946881753174,3.8107926810997497,2.238205996783222,0.4839834103005731,0.784922701562861,0.8046318431269682,12.937115844579498,2.3408470770504137,1.538190484379805,6.983887426519072,1.0049687317486784,1.297719672043513,2.0907518286312268,0.22564512061895256,0.3487989596121077,0.44169593743456975,0.6979516994692129,7.957372557804033,3.863066228272598,5.0
4.905317200357674,5.706422802236027,0.4743581628754001,0.03393391144193176,4.479612141870248,0.8289564764176633,0.6624789704232514,0.5731806027893732,1.0264459803038009,4.686097076434295,8.363348511388516,1.6089984361766656,5.585082720298818,0.17351124806392174,1.7332241667676205,1.7798060127206758,2.5773442277309093,3.5516021461042575,2.2711866015972526,2.3873625408359955,0.049909522443058005,1.7758512310355412,6.327164579904877,5.39676231316693,3.7996572238580675,1.4302852729777809,2.0712821485007393,0.4946716116475496,2.3548470562860264,3.0489510773671444,5.824658399649931,2.9422517467058906,3.208642109015166,1.0656412394759545,3.442771025443105,1.0873270517974754,3.3573267858624627,2.2235770058037096,0.47798810810165177,1.8094556047055348,1.5217040745022756,4.834979143115186,1.0650207699484113,5.9089761862206,1.2237932162430325,2.0438694075720223,2.9105791755427606,4.608111377133675,1.3918226996645033,2.6911767968121243,0.9038866647512329,0.24573903242928485,1.6638455472431453,1.6253640160053628,1.5020250215176953,2.0516853187522046,3.00775165720528,1.069633432499137,6.382010075145854,0.5379420907494521,0.48985117088366104,0.20414071678022522,2.7599440928113377,1.3763459560356153,1.3731748907531165,1.9201789473271427,1.4442960101174247,1.9019191689029866,0.5230600617952494,1.2510828033169876,0.05686094304675096,5.077806975607111,1.6962609541236973,1.0302654428576692,10.823972455820462,2.473657050230699,0.9569487652147486,2.6044034849440703,4.592534776253501,2.343436249506234,3.2209025849606414,1.3144645158393768,3.917278980122878,3.6522340729092373,3.963224405145364,2.9140669566530395,1.5031960609474675,1.8481171261326113,2.697573678432746,3.2149019101606964,5.4981168055652985,0.9510655252521906,2.171110729965424,2.312461880949154,1.7395025056103857,1.3712242858384576,0.36502057861953074,2.780331098818354,0.5023306017160116,3.932259641678644,1.0
3.7367239225062905,4.501133376060947,0.9686437559647167,1.6569996814940364,6.110759946655756,0.8880710521022308,0.15016970629570192,0.024035935455509406,0.46079497682632115,6.5660068357669665,6.6687758032130064,0.16452886088136873,3.967602088866519,2.088650454098756,2.0686708106650986,1.7756405663386894,0.8385887791425332,4.821225494191626,1.2697513220483745,2.063295842029578,0.2879450386445189,0.5702686155781226,7.4455653245941935,1.8610025136236525,4.885535319322346,0.9476287565694106,2.8633041593427984,0.127501219215837,0.1579491537836943,5.390571392631414,1.3806186381773762,1.6022193095702966,1.0171380088720572,0.18573970940278245,2.2783119193837105,0.9803909560614715,1.187070930617199,1.5619370596224325,0.0966666685801791,1.5138949467649272,0.44540889410960005,1.316087801570005,1.3697177294135654,5.351077037395616,0.9494975812055721,1.8169682685479582,1.1672936923351824,1.7678242678770208,0.9042721338108614,0.8397983835069194,1.0404015152842065,0.6055891513111139,1.8763695999727847,0.5377433450485056,0.3011193531507625,5.416221601097272,0.6351507240326344,1.5308697979314088,6.00713718232893,0.015069321717648201,0.7623062890028823,0.06419306192749237,2.1035647792715206,1.860764202628828,1.2217533720184015,0.4361618393144501,1.335997677389018,0.7777879042735475,0.2740528840782579,0.46686200377591763,0.03604610015685955,0.5755059680329915,3.466927242471643,0.2692725780450138,9.344718666591959,3.675635300767515,0.0,0.5007000922075524,3.5774650837906323,0.6094713114114506,5.6111310583995175,4.172183455012651,3.0876155891093364,1.0863082233088472,2.5821224067987454,2.710988222479867,0.1474369588174809,1.8727499754020083,1.1609201881811029,0.4387186765647911,6.549110033461534,1.738681380574308,0.17171923908784795,0.7890197257891622,1.019701914442548,4.902121829174157,3.072963271555224,0.11063050809643417,0.38967693695196187,0.905889980126704,3.0
5.133863508047995,5.8237468131749495,0.9405802324738909,0.7194025119332605,2.152118504431943,1.8805288085305696,0.7946861838783582,0.3870316095257043,4.020102113411595,4.152305126101296,8.396532858686781,2.136978811963504,6.014756977626543,0.08868437153339145,0.9101953881869049,1.9537494711181094,5.175700236723228,4.077037861831247,1.300416627836874,3.033105794017349,0.058662839378559886,1.5661819336981648,6.52160672083132,5.291964481308505,4.753315711655392,1.5293212253456978,1.8824474164317306,0.6355222414597538,0.7581325853094382,1.6016489804411207,4.195284597163193,2.860843644001106,2.4887720592998535,0.9968948664461074,5.1576420133817695,2.3550444636124594,4.943321250618606,2.3099037557227353,0.3975839402982482,1.2024490671345118,1.9685700343550077,5.619952893066274,3.013908845490639,4.995403110590932,3.2798426935203477,0.9575432007571052,1.987684677566761,5.934330137508628,1.679198570566922,4.860292429365695,1.480833814450416,0.23952024689811735,3.79482132365135,2.2944001926640887,0.4142437987186875,1.218285204549108,2.8733801280328732,1.6001745857896597,7.56791197655315,0.09653174269362867,0.33936546096794434,0.2381754185773755,3.035447960582276,1.6667565918848035,2.433066269617616,1.2623730190273292,0.8102374305907253,1.4547549610978212,0.6864332932263347,1.035412768177418,0.06695024392462703,0.5466599064408345,3.7543851431038773,0.7535189646413754,10.770018788876213,5.412751045543811,0.28048127430062353,1.9072752629993825,3.1171797024103407,4.037707275007088,1.9422705167668566,0.19105723992631402,3.8545742055118097,0.39374567066082494,1.2021982835884648,2.8786272623447546,1.2505371890498265,2.231432408447965,1.0999011100079423,2.0438694075720223,5.811933358699435,1.9814142995999684,0.7761882305794445,2.6568395561494254,1.2852246454678595,4.658942643840415,0.7859271307337806,2.8228728810290242,0.1962293257942208,3.303488527183418,2.0
3.6403664212159663,4.135937021586074,0.5731806027893732,0.0,1.299010149498923,2.171206827418142,0.3012364407652316,0.9492734500266086,6.100012585763602,4.655815477507544,9.568557358148821,0.8914191868460786,4.68769900686935,2.4136753129511797,1.567107315826575,1.3112705914866416,2.278371397246552,1.9573574659591804,1.200567127080422,2.7664043444763005,0.0,2.293282189272757,4.911916835605219,5.280592625725416,5.207295508456368,0.17325538302097232,1.4767964189771523,0.3115031154682697,0.18383583144967966,1.2692725780450138,5.89303208126316,1.3607575575119366,1.9338747417153557,1.4791788136842843,0.6263924089756997,3.003943981808953,3.7180218060913646,1.6930966103857896,0.6079575647544926,3.1750295128710166,2.4515408330178317,3.3262209329526127,1.5035522756645812,4.211861046085549,0.9209030292246319,2.09629559202406,1.7548447550104442,1.5333639983398146,2.1507221330859845,1.0422240737629849,1.0413130823286318,0.09761079662642233,4.240253261584505,2.816517791077197,1.0390681880605301,0.40979822782841957,4.330809344041927,1.5411183040246939,5.877520958437528,0.4805753456963181,0.4175960129666715,0.07340895518534003,1.7483753557433246,1.6872398939846032,1.0347087397421655,0.4247071455641508,2.2645364309990255,1.7052259566163646,1.7958915992267528,1.2714854385270635,0.2740528840782579,0.5922537001149073,3.0053460877927383,2.5003941664157954,10.81047089962183,1.5376936543449724,1.5721135564842315,1.1547128137821578,2.031536353268053,5.427287698904228,2.9120366370931077,6.099272057061287,3.4076926486656762,1.4849114869108277,0.3859279565948242,2.424734015146326,0.8503993967702546,0.5861161953375265,1.108825509547506,0.3707222751481672,4.845023294964807,1.7813597135246595,0.1714630560025812,1.6873742836113996,0.24208417055001266,4.509695841933387,1.1683853054147524,0.903269699951799,0.06956469509335926,3.3498040211782665,5.0
7.6933698644544855,6.0194150368770565,1.195977458642588,0.06391705369231143,3.2813570068042996,1.6433944534798923,1.7860944676290431,0.5179307422239107,3.5697948619977153,5.11687623050477,6.531136571493878,1.1260477552059394,4.599549891803849,0.07519031415521925,1.1765142681221354,2.179096972409117,3.2737396616500702,6.007614880699263,2.1255849821335224,2.9103489153809297,0.0,1.75279140071385,5.30266633815969,5.440679840386065,5.8531099037893695,1.2960168225332225,1.8021104793699214,0.9423080561561847,0.45185729447653983,2.5259185231064967,3.9437619557258565,4.206244677566113,2.9698412044313263,0.5387367998742167,4.501375448607464,2.6399730041620915,2.549989460286293,1.6613847761797584,0.16079113991938748,2.188495877273136,0.9835317763161395,4.028153610330199,0.4356285940520906,4.888397447634669,1.101448380489909,1.7377732772589396,3.629065137092278,4.284736205905484,1.5408704140189484,2.517829984809274,4.63540615254069,0.3854862589133369,4.209562538420153,2.988611982198006,0.6401581549632809,1.4025584729619762,3.37926052050115,0.6823935110627313,7.143597497603871,0.8507194267273984,1.3311319222172022,1.0031704428801282,3.0041957422185916,1.344942090560028,1.2544731079527323,1.5147534984397535,0.6549853833373076,1.2390313634502372,2.038857550020362,1.3913278068436112,0.01378381543309969,1.614898265448403,1.8574635220432223,1.5085807740413268,9.253740903579075,2.172167450053272,0.9049657186840264,0.828631581688019,2.202731146525554,4.746753462870013,1.4517518150364719,0.4486895517688408,3.807220951297926,2.7282470655235547,2.0343565966466417,1.601839115203465,0.9659874018247315,8.038303930012432,1.9876119225784257,1.6772150505282248,4.373919604555109,2.0036022366801953,3.7841479765162997,0.7231653434575853,1.0597705810902547,4.62014063092504,0.9064288593136861,2.9071021753657127,1.2230517883684415,4.525129251203973,2.0
5.067182640278072,6.482874091335671,1.73850845257783,0.15510155812570256,2.928976648677787,0.9001036075971279,1.2249663650002742,0.7337014134586813,3.9673715299035086,6.386791981666103,2.2026057847162606,1.8992143081132788,6.0050203994198466,0.12459282540582266,0.8866671969403164,3.518900172694398,2.4820479977046457,5.729027910305145,2.0068365773966583,3.368586778753805,0.0,0.49231468489252744,5.559724289857353,3.237012966243459,6.842445891293832,1.253807783742229,1.949161371378237,1.4531224465958126,1.0061184613833796,1.0485849575730497,3.493993108995875,2.8445664305281366,4.787197359625342,1.4199702872083764,2.847435749362521,2.231923873293763,2.049386813155729,3.376207020275255,0.7288347789848234,3.553987091667861,0.7623913410318464,3.9587870074795766,1.4824869188425687,6.3040272636090045,1.1300083041086062,1.8223222613031576,4.440480521725197,1.969601794236153,2.5353064856124248,0.7516351033278998,3.5055606976503455,0.4595365380977914,2.9773165629087104,4.232514945135962,0.8107309971507529,0.2121335075337561,3.9193782232475796,0.9021893762720684,5.0549830180934325,0.15289728719897241,1.658554260650898,0.8037230067741579,2.9306238095519506,0.9692333932635709,0.808261474053946,3.8015415300797635,0.8097436951167453,2.2921633188229102,1.1497146077008094,3.0408749008315206,0.7324862930299444,2.1438178704073274,2.4113177683369713,0.8870572937549824,3.055056793368935,1.7449360668127758,0.4483723946120536,0.28534303015925594,2.263154625411455,0.8582993478713782,2.9576917713808797,0.10608026022513196,3.3293963188288243,4.8143966098211814,2.7727724682509605,0.7543744527125109,1.688269894678365,0.4991698141152491,2.5455236342841445,3.217184176920325,2.9885574513628215,0.8266806753178578,0.485220713155906,0.5547361832224583,0.2841587458694001,1.3234277180609324,0.8903299493153726,0.7432995278882567,0.6271398709655507,5.529496147449825,0.0
4.709290635723358,5.506855790315275,1.4615809439626668,0.45817198959258987,2.783603326138652,1.8452290877187243,1.6261120108586133,0.9696017942361529,1.7937710585442241,5.584565705023002,5.29958902276289,1.2715451984856867,5.695554035793863,0.20138293586405415,0.6511320779167217,3.7973450708435132,2.5590022661895198,0.6564506063053387,2.398760790444761,2.6349649294359976,0.0,0.28818135232905856,5.331114003099549,3.87374430950234,6.895758239347164,0.8230155999936223,2.0056155674069096,1.128161400914489,2.7099302210885448,1.6014588206173521,4.352645545280926,2.1326755413490583,3.9636960599865363,0.7330071842526771,4.985591506662409,1.9457949567400605,2.4307937400579918,2.431141535361186,0.2035144111307585,3.410558198142582,0.46121421258397927,4.8927067327065386,0.2938412992667393,5.788868384744147,1.3073702333059025,1.6544355408453995,3.5842048869336645,3.443699468942789,1.6045932570566646,0.3265373481399519,3.18783107730836,0.2971327095711626,1.2908372174592304,4.070964573714524,0.71966535377182,0.37473347803121404,3.911193023032455,0.7363884007034606,5.900202653228398,0.2960755749528878,0.4932374192002152,0.6351507240326344,1.7694332373612478,0.5136928603321989,0.6815841954078862,3.511936042247858,0.9498710558098709,2.0221902396340656,0.8939057888463698,2.6188729260202215,0.0,0.17325538302097232,2.1847880844869727,0.35049724708413316,5.613811560462262,2.8399595874895316,0.2333972641018831,0.5373457714901125,2.455964988917518,0.49108345371825596,3.3362691036844025,0.43456151187260766,3.3538455030628533,2.64924755366066,3.120219211624994,0.46142378478668494,1.8399998856708695,1.944183781309104,2.2621925881725793,3.6926392122581144,3.2096561085233675,0.7718855785153658,0.4600610209773414,0.7002621447467036,4.955210494212129,4.626491703575123,0.760774494442887,0.7399344890375403,0.5220557491609642,4.261139624870436,0.0
10.304404373530343,5.166876092485199,1.3276873641760472,0.0,3.19701612735433,0.9581373914742728,3.8476061237271457,0.5654022038908377,0.6537020913934612,5.306134620035653,5.518478487541076,1.198808432050279,4.203107166607409,0.6837413624026079,0.6168281666049326,2.1627900919574046,2.2845733559630355,4.6774405879215415,2.0857305676291023,2.0126401807787704,0.05422334733715443,1.3928669162307998,5.7076876701911035,5.366969096065132,5.531765088403793,0.688404188397458,2.15704371014558,0.9048886701625046,1.3033423944873308,2.674754403537209,1.6298461789609209,4.700728228299216,3.007339046008162,0.3468718139442494,0.4848083967653062,1.440527031875852,3.3053577195540687,1.2617113288766852,0.4031586297428644,1.2722621249742956,0.5110631574824586,3.9258475479270087,1.7430409572197827,5.871082189452952,1.1115655449595176,2.4627329217713894,3.1729674805960877,4.020217705782339,1.441749047009237,0.6887622438788241,5.900294445547068,0.43999539792323583,2.769327439231144,3.2579610350756023,0.9797327088386762,0.7117591929832342,5.473043297042931,0.5882289089481046,6.455225282694716,0.1496495818949754,2.3030208504434144,0.42072491941584733,3.341615777989279,0.9405050627439852,1.15704371014558,0.9586571076771101,0.5563067842249769,0.9896476766401924,2.7384435992348557,1.10976171661533,0.046560905757741196,1.0059029568582365,2.6302656686777284,0.2934882023755077,7.974181674708255,2.8045079446048087,0.547252389012155,0.7728146874991937,0.49282738792251163,1.6742798513794483,1.1738949605643145,0.12035194036522208,3.082174594397669,2.5962434368216463,1.7092465159343395,2.597197426733176,1.4205093504889033,1.434454760232403,3.6073421511988184,2.5839763221271417,3.785257588992612,0.7478599848015892,0.19194159262147997,1.0757379823940783,0.6210555032997395,2.6126827590770834,0.48717760838914775,0.7286606666214829,0.3621051360710866,3.690394745319979,0.0
1.0835197488201729,4.132774233276326,0.2032638127210805,0.7187013661611762,2.2007240492164835,1.51767883549196,0.14287084509664236,0.23020301336642146,0.07683269555739859,2.7634965613653155,9.689318906590152,0.6350578297252141,5.157730929170164,0.05352844098929936,0.6413610563273641,1.3884650972831538,2.08803980388186,0.9050427630909171,0.5800489798552391,2.6932304555800988,0.11995371750556835,0.7320520733002891,6.042086148074215,4.009078388832133,4.35783347862949,0.44953496347828864,2.01574732184828,0.09868904409132834,0.0404015152842066,0.2496273731396907,7.567913497226015,1.0241778143011655,1.5317183099763187,1.653931334404906,6.18454611307474,1.1463293734357785,3.0104397092602646,2.6156987816891006,0.544782104786663,0.2834477083779797,0.7524060712153804,3.003620225284268,0.6616584025515393,4.826319671695049,0.858697190038334,0.06212171190779749,0.6698431543124527,6.523292209594022,0.6965280456806738,7.18273201874913,0.7369078852103836,0.038295698181544525,1.2723815780930465,0.1801478611584286,1.019346088804812,1.2321695429479778,0.4118600737378197,2.2622828064206555,6.667774355190977,0.07258604706859655,0.01321211142685117,0.11143200536198733,1.5319677773976814,0.41932314528325104,0.05450121618256057,0.962586038356883,0.2715451984856866,1.0657101640652658,0.14769744361387158,1.5378924068909576,1.0292054949436407,0.042784398089239506,3.02348602310241,0.31626161675957576,14.302839243735189,3.072963271555224,0.040822310107341116,4.67541512687996,5.704788984977958,4.9270336119947,1.625925048499654,0.02814476771337868,3.97209523620123,1.693408896525396,0.12921706366415378,1.3056203806119313,0.37194910413862786,0.501413666875781,0.2732174731034955,1.5296710483477833,6.636446266313458,0.9235675679325586,0.04110277181912811,1.073066133844733,0.24804899843720607,2.069186580809741,0.20701822594562194,0.47995483169067105,0.7361285882873148,0.28841762731171716,5.0
4.331662227329179,5.2603945652470046,0.7626464670381506,1.1426748311871147,2.7252394519555447,2.1039004302527218,0.6492015588878607,0.35479064923107084,3.727909566257652,4.642972990123033,7.587286222678004,1.3456234641751288,5.64294700547583,0.5299708291365791,1.9588797858923885,2.683786269100848,3.271111882691849,4.6239078203290624,2.1933617390100943,4.06667476272446,0.05616730630042659,1.1699891197970655,7.195850524547458,5.615024847211785,7.51950730866867,1.2402532615845048,2.3732305835879934,1.7351322070168582,0.6305918541504837,3.378899988871712,6.491035337419591,2.8473355197484853,2.970393537914677,0.8837771975162064,2.0151050138798174,2.467175122614019,3.6763464022334262,1.8175004697296737,1.1352064994306745,2.5763286369255596,1.7801840939740006,4.444859183716233,1.1629833920234658,5.4232520823637635,1.1983684231025193,2.0657101640652655,1.7789234376189782,4.053093954486889,2.823912367487802,1.7915640518022569,2.8442048528217607,0.5294711598762631,4.536798928891267,2.394102511811679,0.42018593669172105,1.5714341158765093,3.418176452138574,1.3953370500727025,6.697782158166111,0.5295711075738949,0.36412414672062215,0.16658691407044984,2.127336126577062,0.3397075074485972,1.539878427841117,1.2068932361217715,1.9233393716321505,1.3891262269247042,0.4549128483801552,1.548732531791919,0.11009592910342043,1.1793836543562977,1.842938616731921,1.3747891107330774,8.733183146012525,4.819203217470211,0.05213762333517526,0.9948693202504204,0.8063653061224554,2.502075956045791,2.79179323787002,0.7058452339698084,3.978790527174152,2.4509868583749674,1.6218057347471655,1.5262190845744357,0.6904617949187187,0.5740530540417639,2.582893154443182,2.736691456064493,6.086957809600333,0.6404358366195878,0.5840003832857726,1.649753399404938,1.1096948648259297,3.7215039070357077,0.8515191911699037,2.819831652426537,0.1432627930386199,4.5935509776187144,3.0
2.6004838579272427,4.826721346120338,1.0349903923451176,3.678590280502957,1.4337606819653452,2.421102087548795,0.8003304729246357,0.8041361851831706,0.4008657775662529,6.020831079532332,8.98525164870245,3.089515099694442,6.108687534826379,0.05297227481398869,0.4023947505006149,2.9740152837564717,5.644531213110718,3.860674825855923,1.5478446283640224,3.6212665453300064,0.0,1.9525944953635428,5.689570339348306,5.52224725019866,6.590477767708201,0.36322715746913287,1.5340616024211182,0.6984852076568235,0.2649567179648224,1.2810750492774745,7.429321369941442,4.276548774427284,2.6290068334271774,1.2158028276457118,9.465708830754618,3.042013896022044,4.036802215826557,2.7339833486774605,0.2965455081951174,2.6834718928552275,1.7583458219358798,7.049800640291462,1.8168863740149197,4.622666847649706,2.8396170074931586,0.6295664513709239,1.4791788136842843,4.932774592112375,1.4468384846882352,2.647199365683322,3.111715762233236,0.21387604338294247,1.903925216292177,0.383496944155365,0.21822319715473792,0.5223571163676215,2.732160640485567,2.214435697508105,11.179013097214199,0.07244885006969244,0.3061455593087739,0.04739878887541106,2.4937754084607033,1.0151407051589871,2.2684942800478596,0.9281997480045767,0.4525954347028694,1.9166677172200486,2.709445044360447,3.8079524862305103,0.0,0.37895546114090645,3.831492200969458,1.2687936751224789,1.2810750492774745,5.298189070141322,0.09518178934268523,0.672017935264532,4.614851162422103,1.5523278818812432,2.90456116803197,0.252052275031513,3.6281203274961804,1.8609627978581165,0.8239938641713932,0.6499372993466643,1.6925164710108023,0.5123786080755456,1.5210507369009632,0.7365615829905526,3.429294585661903,0.8463930208523603,0.3104564622952819,1.0668813785559468,0.10191895971107164,0.5291712752313125,0.5197431734181728,2.620117165028684,0.6725611186447773,4.618226907216667,2.0
1.990954860396993,4.717901205541476,0.8113066114697812,0.7166836718770849,3.084370464729913,1.6032643277543912,0.5895717539737456,0.2829734886215891,2.619765130774006,5.335304594421195,8.727986122913657,0.7304008453993683,4.576836521694371,0.023042392665863817,1.2276794735401417,2.6998181156148586,3.6097549621724436,5.066347560462503,1.331819848022602,3.1010617184128138,0.0,1.0227583975781576,6.492351541500736,6.571757193388747,5.448372394612053,0.777198757149517,1.7210663687310501,0.6802343262632583,0.11490002395719036,2.585707700665536,6.893898510135721,4.292281135530751,3.1367983982022936,1.2923105882044261,5.996675720206962,2.358396261956654,1.584577730738641,1.6802343262632584,0.7187013661611762,2.874069042459961,0.7845877363788885,3.1489666339237745,0.10969486482592981,3.272814512756765,2.969288659406997,1.7803940963093239,1.9172025864219921,4.796514694948085,1.3851548968843437,2.7786081013319825,1.8471951865893952,0.5868848128521847,1.7008391783835495,0.6024568801804286,0.4696776298171893,1.6584171592642016,0.44583262420762776,1.002306467383169,8.746821637871875,1.2913678042853078,0.22490464410609018,0.8391533873898213,3.8898531491747645,0.5007000922075524,2.002342476694179,2.973776565291314,0.7781244517856326,0.8540754621215539,0.22958792274065168,2.320253597243422,1.2098276379522757,0.061983516108957325,2.680729424945322,0.6084307812250616,8.665746991167271,2.659399431420304,0.36703551615500873,1.1363882830016259,1.6471302749536614,6.56494818268137,1.929222895706575,0.11955538469528244,3.326580490289172,3.3985692755949835,1.3465881929236396,2.6653700297680647,1.0099920482474418,7.348233304632165,0.6613847761797584,0.32745743429415336,5.268213540725777,1.481298941547565,0.1567849075543597,1.5112656125825508,1.7207600129445473,5.808207405961787,0.37717928973663867,3.547819956577703,0.5308697979314086,2.2810156827757733,2.0
0.46613112876218804,5.507252338612581,1.0980152338689595,0.12868932884678694,2.301938766965336,1.263935808575326,0.6682099144690924,0.3474388887681414,0.2204537860491856,3.839415451841529,7.234419886927331,2.4221791677741855,6.498353001614512,0.011495638837829437,0.6236796082940099,2.1860250745176786,4.2763998871852555,3.560152438283004,1.8783329849259087,4.226192520326269,0.0,2.245556509071206,7.212255125497579,5.690313722897049,3.9889300376632577,0.6780719051126377,1.8164358709681017,1.8644139857930704,0.4739427298465735,1.5010569236595144,3.1280788947214258,2.8666508608457897,1.8064478000493946,1.054362288449689,7.50858631983498,4.625738061908648,2.944689809258873,2.5487325317919187,0.4625758880422044,2.4815056165770555,1.5723561363178178,4.4092551466848375,1.0732718364245193,4.736556171358746,2.9616418480017206,2.1494219684911604,2.1770247985086333,5.27435485560099,2.254473107952732,1.0263751540664767,0.3980219501811994,0.0897693086335084,5.145465518323827,0.04012091720087747,0.2821432287814984,1.554294143442739,0.04264433740849372,2.5370723761002565,7.597918462912103,1.4250295475262855,0.008486888965491164,0.11782800382748095,5.072560323625106,0.02715405150372665,0.23535944739094555,1.0104218054865115,0.41748799851366614,1.644271626126537,0.0553345017510994,0.9590282189436938,0.0,0.0,2.9379469587418003,2.2863489080097077,1.6323612895965671,3.0617589196983084,1.2708279155536644,0.9356860351621784,1.1071521986349104,2.5649390398472045,3.0848296428233435,0.07052672087668244,3.134697377667426,2.8231786900956375,0.37317489075311644,1.521503079058965,0.7071713624213855,1.0664681172982116,1.5133391409459602,4.147762557464937,5.136359570571054,1.52922126033451,1.148218272154145,2.897511510582005,0.4569112597941348,3.136388283001626,0.3610945701763204,1.002306467383169,0.3674828981388679,3.671440578750862,5.0
2.528471301882892,5.171711234054981,0.5669612423144887,0.0,1.8965818641279995,1.5691994125344206,0.14025513403491605,0.45164632788394504,0.06832686143450555,4.062173531919688,8.764199503142887,1.5926842625297886,5.492240968851256,0.05422334733715443,0.4943644046958499,2.4449320489421824,4.315160433386764,3.646416143600628,1.4023401722177142,3.7036876719894,0.0,0.1126334169852453,6.401483705035287,4.898914529333893,4.171623175761781,1.461528559472877,1.9963525882240603,0.30847737659496083,0.3627784536195042,4.3051242029055645,8.064950734927102,5.1231364268560595,3.0341452695242372,2.077721538766081,4.146019749002593,1.867026632211542,1.3037515287411403,2.7650042462500353,0.8210570793590342,1.2920749499775424,1.3242345622705314,3.1000357211618437,0.3729520979118291,4.098975318167322,2.5749976145589004,0.5620836426961592,3.472890630041574,4.779259720372376,1.738681380574308,2.780939959363744,2.310863584318754,1.0125686735030557,3.664790006133715,1.1753649137754287,1.5589533023502884,3.2573878426926517,1.5431493970437098,2.2177890707554933,9.34260030008689,1.040331370879628,0.7752612923477508,0.4834675540928067,1.04271436944855,0.4150014314519718,0.7834985621042371,1.3547906492310708,0.9201408276848781,1.346134283283402,0.5693938720361155,1.8666706407263847,0.0,0.4497462390210094,2.010457612811835,1.4401017403875076,11.669960622772095,3.4110872267986,0.05769286716834593,0.9648052282128387,5.765455183780851,4.614627402043076,1.9660243291457438,0.1761950948634081,3.522332004838054,2.339935493391058,0.7693485994778592,2.201947456441158,1.012139555403256,0.8094967640008857,1.6651198520939725,2.407515911946301,4.600382757022599,0.8517590340743748,0.6623878192596837,1.291898196046679,0.5842890858930574,3.8363887331150246,0.5932103310370939,2.8983438104723764,4.724617532442258,4.243996513648566,3.0
2.977188320906731,5.247870563831117,0.499067737839628,0.6874190773718903,2.243303486918138,1.5605193215443685,0.2990101494989229,0.45111877639494635,2.4168937744231216,5.39174366567466,8.940401991630258,0.41413553298445116,4.028029808762372,0.08311122693130706,1.5722105933123085,2.2854909973639157,4.478156419610196,4.856861228319772,0.9411814493564321,2.04005075915185,0.0,1.0945738979800548,5.850601923975177,6.168272971609142,7.1963877041003075,0.3633393116294792,1.9852089473175536,0.22786427254650743,0.6579143426803756,3.8569359064857007,5.8710920490961795,1.5704143546176494,2.4611618147761796,1.4159208794838092,1.3226781013238469,1.0156402903768822,3.3026846141183785,1.786554544037186,0.08256635107141173,1.0959244199985356,2.1827558509639613,4.670472138862992,0.9912451849018494,4.719785806945904,2.380230734997094,1.7104813602962472,1.7400640588468588,4.647026632654853,2.3045694493337314,2.440819347065789,3.755496511510027,0.8693976665584529,2.463857830242331,1.9128031311292493,0.33639765621353873,1.8143453349632197,1.2782821795327308,0.9659874018247315,9.258048690806431,0.07189993156563308,0.7995018140615954,0.08664791275518828,1.641453545671941,1.4639362795064075,0.38360753363385147,1.7143993969304026,0.8311476041685629,0.9036553338694915,0.21101219348551165,2.329783783244194,0.0,0.726831217032493,2.014569538707863,2.151176914017708,11.389544172681672,2.855252219946513,0.10299399332332565,2.50049614888789,1.8428179648363132,7.131575080352068,1.1323794250528658,0.18485154568041529,3.7702264761294253,2.303956052366337,0.8136067748738272,2.861935519509887,0.9567257887261841,0.6936765165677566,0.8232602282334437,2.665006120626216,6.122165367447555,2.2921633188229102,0.48243528799203483,0.9423831320046073,0.503857532577429,6.594666480272654,0.23351997877391634,2.286467200486069,1.6279336252356218,1.6863436430761807,2.0
2.2904538944682358,4.462641320839952,0.6659384540998585,0.11169907219742026,1.4758112371401408,1.5197431734181728,0.02715405150372665,0.07929276727285353,0.06612364246529363,2.089498150839103,6.692215152759751,0.7303138862937762,3.5938318011506376,0.012354130407874092,0.41986245037752395,1.1087586143609367,2.215802827645712,2.415190777484178,1.1086248146816486,1.9063134021457728,0.0,2.704871964456353,4.032876656314207,6.267281094218874,2.2524762141352173,2.659901730768601,1.062328980788391,0.03322916078511099,0.2505978230482337,4.3302428656182315,3.5437433227610646,4.817899491816821,1.59741198755465,2.533986875259268,0.35524184393088254,2.755678096116959,3.4271502305624177,1.0960594026933277,0.1738949605643145,0.5564048900385465,1.8299713011249525,2.303926836480695,0.14090950654166198,5.691104195597259,1.2490812080599558,0.5555216974545579,2.0212309654405467,3.2220007795286993,0.6328265700343372,1.0444640665132456,0.383718114635775,0.039419183133397186,5.464406885529609,0.0,0.21250708529447856,0.20000206602186751,0.5708514834229196,0.8727893680062372,8.26644128307229,0.6073895000243984,0.10567807789453719,0.0174943794592725,1.1997508567158366,0.20439116292978055,3.127154502851338,0.0,0.26999063448831767,0.628353671349842,0.07901963303483801,0.7588148316026461,0.0,0.4552285711171388,0.09558690799772399,1.3346826799357212,3.471993791303172,2.855511376574402,0.0,4.371140629519923,3.447552749101318,0.5572875422783079,1.3527585250406369,0.03843618165610792,4.264874171259071,0.8614790175498898,0.26711626188040444,1.0849486651430302,2.9812133429709053,11.660228461446922,0.4748772859931199,0.22502808325404902,4.8949874821530175,0.7808979772298271,0.07176266930009127,1.006549373883862,0.04572253573460056,1.7562547427239061,0.23866459211461746,3.0126580570439216,6.102895341983046,1.760902206127199,3.0
2.459090577684841,4.2584963117591474,1.067294521468532,0.03280614508324148,2.6259951622236195,1.1352064994306745,0.5239633457906694,0.6370073551889305,3.677068432312987,3.953265239014844,8.24088671380497,1.968791187883591,4.980852464215966,0.588516766693908,1.2546545067720023,2.0727918181067024,3.6816404125556392,6.424534160647737,2.4948251905956806,1.1480229834850293,0.0,0.6278869458949973,6.138251318109655,3.9464407950143197,4.900939242733409,0.5561105525814631,2.2431511287170176,0.6264858629055068,0.5486339028367692,3.561008354138078,4.706171353564127,2.8412485713062483,1.899987643095152,0.6258315582335494,4.511404783985232,1.5151573460342276,2.6584857115861675,1.483673918710651,0.23032600002869183,1.9023823505558581,0.8907968661027338,4.21077847665466,0.8849495167450102,4.299654955614518,1.4699901382210732,2.19203631255154,2.687889327907414,3.7187342399824383,1.634221511685112,0.8725529962450975,0.10097764772482092,0.616263584661559,1.9390008450695133,1.5410687294309091,0.7772829357556552,0.3912178076028973,1.601125980601828,0.8671848224574119,6.105055731164347,0.5225579928704368,0.5127831209173627,0.37139158392421234,2.759709790522378,1.6277935826824816,2.7182629769509328,0.5577776713949258,0.6928735074639985,0.8633834609803555,0.08447251693690148,0.7073480874832698,0.9573946148317574,0.38537581335991344,2.8136478159104814,1.643902355277389,9.954119083414026,4.260597801488672,0.057276965073247615,1.0816804886563336,2.5900031174216864,1.212382570122357,2.40310408035101,1.1305355567561883,3.7019592962009207,1.917393563089982,2.3551290584841698,4.5778275912362485,1.0736831536164397,0.3287215954018278,1.8233417617631433,3.1730794494773407,5.272911532015937,2.0603933122271383,0.39769345523669164,1.22632355704852,3.9858920178554325,3.7183725867428032,0.394404385400625,3.7143774151832094,0.29101410141730266,2.2142491702545137,2.0
7.985161689644919,5.244464689418363,1.3968718904904587,0.09963185001446039,3.501107892377292,1.0705267208766824,1.8634627582591226,0.8422950233276651,4.491417015928515,5.392410164479009,5.587485010489867,2.3385670370011513,5.176378628114984,0.10420244938244294,0.7961824107200047,3.559406154468017,2.6192956181050215,6.397852579315925,2.953488750950979,2.6932973735210126,0.03759307554023308,0.5160151470036647,5.804507944604809,3.415082582794445,6.169728621252236,0.8137709320158246,2.3009437039095535,1.0638480433820505,0.8317961886316985,1.7006172696816386,4.049604631708134,3.3272418417435703,3.714926858410005,0.6815841954078862,4.758953373466483,2.3128394015690996,2.149812140914504,2.971810226712843,0.6212430977400127,2.619342576248465,0.4466797112284494,4.160597545880555,0.4749810882049781,5.06338645205872,1.2071432049417485,2.103161894986697,3.206002370049744,2.69543711040537,1.5854433189362012,0.5249663318161122,3.012836807513843,0.4790235599805143,1.7463557671271175,3.19006169473912,1.0896337361068955,0.3465314620280193,3.2027154768951016,0.38294386956899057,3.6874862654050093,0.7310094124207291,0.4846021943722032,0.3406192351293957,3.3529844580206443,1.0119249484797086,2.740927560318628,2.054917919128958,0.4891318528527172,1.1828194016122056,1.1498446505205198,1.3923174227787602,0.9131096147547874,0.6486495072073148,2.129414914462053,1.157496502997335,7.0481544300360595,3.5853591873154933,0.3160298585195769,0.6268596180995373,1.7414454132298947,1.7741228717575321,3.040927489638674,0.19421315631120697,3.748396825537747,4.1973543201437735,3.0565835283663674,4.347169556019207,1.772223505562853,0.38670060228761355,2.6862764018074548,2.6661430320462376,3.9158459246498474,2.041803687657085,1.397310116576036,0.7189643357595386,4.562944517607769,2.4247877528094186,0.7536901028433424,4.048698290295303,0.6053046802383422,4.566224563021093,0.0
3.2246114337936786,4.456615616812593,1.3587338266052842,0.02658762234808418,2.904349215265259,1.7603061215191311,0.7667223592113933,2.0444640665132456,2.5351073764735257,5.118355572633396,7.12865943183938,0.487074680051724,4.441390519433066,0.12446048627433613,0.6499372993466643,1.8054162867703416,3.924755507120277,3.3492520317806704,3.2992300021442165,3.68025683443517,0.039278795351367586,1.3302141772493017,6.90384329303626,2.468087997917803,6.936779257309466,0.4478436443620853,1.993855479702099,0.4663399879794748,1.5494227457466636,2.819709052465478,7.001172839966466,1.8188096675992986,1.4770037399821276,1.8305798534775406,4.006100503902428,3.7894475697493797,3.1194889851996597,1.7557848999163315,0.5015155773085496,2.929317594911761,1.5838078827796642,6.856733021787164,0.6118333654459015,5.586860799752194,2.1931093706905758,1.5665229330172121,2.424734015146326,3.146101235559342,3.809609946008737,1.4200242026012817,2.2053925129896848,0.14104034543359303,2.9901561666273913,0.7926887978667038,0.4889262675241344,0.9167059287399852,2.6741668397593017,0.767485308688175,6.889898160005093,0.6926057384080953,0.5493241639678907,0.16233895772459678,2.3268536939456026,1.248048998437206,0.7094671013881719,1.3342250084144307,0.6161694661867307,1.2266318318078908,1.6168281666049327,1.6056839625384929,0.0,0.8189323440104969,1.1096280099385993,2.1001703197569768,9.353923553974825,3.0454254961514504,0.417704019333249,2.6965948108444358,2.8422749064067636,2.415082582794445,2.8328292678315092,0.6564506063053387,3.668346088431239,2.6703644942912663,2.418891556007461,0.7635815432544742,0.3911077999745782,3.335097319379479,2.7891240896744836,4.210755102889021,4.3792813176542005,0.980537192445043,1.9388879654939801,1.9017647419670487,0.3596336130480406,7.284594638533789,0.5564048900385465,3.481208511911164,0.06805164299778978,2.3288651800074667,4.0
9.004388747512014,5.927223291790513,1.1044037603491952,0.36322715746913287,2.6957488903851643,1.7746289473712065,2.08004361990506,0.45943161863729726,2.081510068120917,4.521591018011062,5.947593692976396,0.8956903904636856,4.980930129292546,0.01178185945991471,0.7891867043820442,2.0553345017510996,3.7967534769736972,5.1533351678318935,1.390062308929076,2.1134338026040482,0.0,1.5513437452484569,5.999228853778539,5.847919259419865,6.218680439050042,0.6809544136457589,2.439862458818907,0.4369080517141522,1.1469809972232294,3.2428920828427494,3.891001094688573,3.4436199114793915,3.553630829718651,1.451066010634434,3.78526805297231,1.4386122321008856,2.963899471342656,2.2969565742520848,0.30754510189958634,1.1089592906159338,0.8674220753083053,5.798833361106914,0.1897929378202589,4.501248047067211,1.193077821546367,1.344942090560028,2.2478363929845373,4.005813153804327,1.565645914728265,1.9270241273502466,5.853287095976326,0.3163774819197303,2.7537970539113408,0.5471536588125689,0.3716146178646564,0.9443337340211081,1.9521844428964132,1.0472591754780127,6.461032449539199,0.22366967138824592,0.5363513579954835,0.35445216057956175,2.2495363599837517,1.8539956471763932,1.0960594026933277,1.621102404196702,1.4239008253086727,1.0578314745605737,2.739675314503314,1.1560729609505673,0.0,0.629846178960921,2.8329710052971318,1.2336426830088096,8.689299859515877,4.355862006329294,0.33514020631421343,1.581592278836014,2.3435215277708306,3.0690146779151806,1.6933196788115745,0.1740228420554138,3.673443355684833,2.3441751603856584,0.8435819231539904,2.6207036979639042,0.920217065962217,2.717890241355198,2.5406472765904797,1.4154341858731811,5.116310687887065,0.7271798625249798,2.4531224465958124,1.9048501443586199,0.8175414001514337,4.955717318893898,2.9303967267254545,3.507109593781773,3.1861201836806385,4.022483224015348,2.0
1.1859933700699659,4.329259964004522,0.637471139884759,0.08800587129002016,2.4875635242658207,1.0389979787975099,0.24926328606119333,0.20551763289270666,0.0553345017510994,5.136978811963504,7.836546531563956,0.13592881552640673,4.312752290193842,0.6814042858128296,0.6118333654459015,2.5994368230321405,2.3441183345214283,4.476407611773503,1.1749815920901816,2.1950010578964894,0.04404433270602122,1.8586971900383338,6.478002674296794,0.6241476966277906,6.258658363418037,0.9790009706200632,2.2760201551563948,0.6498453523060105,3.025578119212342,3.6330591539941004,6.693124495825295,0.6114556965848733,2.735630483669539,1.0567915943774808,0.31336195939221856,1.4145685471817107,2.2140315246406654,2.6638455472431453,0.18091166336856906,1.9329682415027545,0.3366261657635356,5.168373270068228,0.7512923186417874,3.6900259168154403,1.7241263539057992,0.3909977839573757,1.8680940799152828,3.9399129642136375,0.9471798782083255,0.8915747250965541,0.16233895772459678,0.17632277264046287,1.3212931693755128,0.0,0.3474388887681414,1.72194131268466,0.0,0.8296872221556603,7.809775201515561,0.3397075074485972,0.009490502947452436,0.2906603118113554,0.3208889803317762,0.4108837771955805,1.4995780470101316,1.8712916923751168,2.2416266610988504,2.2568597007896107,0.026162654489675658,0.8997943482088293,0.012783184698289592,0.37951006655306796,2.386424704896995,1.1482833625031774,10.82139883248839,3.4584738759149145,0.040822310107341116,0.8021518487489913,4.383697381343531,0.39407506562573746,4.587725019647115,1.816558749387444,3.757343335635176,3.093762977517903,0.8031443581323238,2.792459754034455,0.6319889571754054,0.7106136023826762,0.038576651452323155,0.19736218414916343,5.184740486759884,0.974015283756472,0.07874644707664834,0.5500140949997396,0.9170115844701304,6.139166582416278,0.4183518877855209,2.1891920059636516,0.20100646605609293,2.948769027526679,2.0
4.3576646008127,5.355629476669244,0.7282252937597761,0.0,2.1288542667153414,1.976803526489566,0.6226492790536728,0.3840498067951597,0.8640177172046234,4.986847773601391,8.851903295366307,0.4443490240642176,4.419060160935381,0.35614381022527536,0.7048719644563528,1.8806071690238204,3.500457906305657,1.1224739411756446,1.5786489377092663,2.259423152281415,0.0,0.9572460136016844,6.322222014059944,3.0320126561783427,5.684928113474278,0.5544415050854222,2.452015499178249,0.530670075491706,0.5193406076559823,3.032753259398348,5.805047341737832,1.989611349067932,2.2115729594502906,1.5481406568950475,0.5216538282666281,2.052902738964312,3.1114153120431456,1.8263552676158152,0.7261336731818974,1.1189576791895526,0.9963164290942442,3.9860012791350807,0.3870316095257043,5.3862522422308485,1.2969565742520848,1.2707681258754242,2.8174186054023016,2.142086629617527,1.4850145696904,1.5018212654209102,3.252037132044986,0.05644480101966811,2.270050456396185,0.5453753588725591,0.8626695892683984,0.4775737191742332,2.1454492141978774,0.6116445433736617,7.65020161445094,0.588996402005646,0.8312286931740579,0.16208110338237527,1.1239310083196312,1.5342110451339108,1.5111137739210527,0.9534515013662599,1.7780823876398204,1.3644603739602612,2.030230123804093,2.3862867364134397,0.026162654489675658,0.3913278068436113,0.5296710483477832,1.4471559791967548,10.241794669707078,3.0502753062926833,0.7634115744700071,2.126279086087681,0.7793858061989364,2.902652471196082,2.214404611307199,2.583037623796664,3.1005908594473803,1.909504313560603,1.1005740402131974,2.946974095607825,0.6604723132811555,3.991090957283174,0.9870297505489815,2.206143069691373,4.301273028696041,0.5900510387331085,0.3716146178646564,0.25374728450581674,0.04921253463256027,5.8843317255473515,1.259302621345141,0.8296872221556603,0.04012091720087747,3.381131064603995,3.0
6.067029865409604,4.938111679236755,1.139796896615349,0.16517231793716664,1.3077199493000737,1.7694755544409866,0.8733407515561896,0.11782800382748095,0.22008226064924694,3.7730257652096886,7.65140047975488,0.47030257894582195,4.812513627689504,0.037030730944967026,0.4379734003380242,2.2368905483358006,3.683516807941886,4.761902223377079,1.4357885883269776,2.661749599810705,0.0,2.01599703107277,6.31647342571225,6.612315634651246,4.490634305844486,0.3665879953942618,2.2576744673507725,0.444561060372784,0.3857071246579337,2.7611788759987705,0.7103491060869701,3.912410353808268,2.9666334935196015,0.3913278068436113,0.2661568636466181,3.4058562499497214,3.1550691667643056,2.0119607185172956,0.9222739780521135,1.6380738371807184,2.397474417045898,7.620726421316709,1.0619144132450526,3.2124448290517393,1.3846577110944294,1.0832474137479364,2.135994462696845,4.2671612180222604,3.6399614314480178,1.6654382525141571,2.531493752408732,0.07806325577681912,4.822898367593916,0.5132886025247513,0.2852246454678596,0.5422085143228405,1.886550147324343,0.2880632003253163,6.062963556559086,0.7981749690721556,0.25180996817153983,0.33822471998901293,1.0917336799577613,0.997473071970961,0.19610339771480698,1.0627434292373452,0.3213509014246168,1.1446990251541391,0.662661255475094,2.0559244546294897,0.0,0.43509515162009715,3.4816606034215822,1.6826631820889482,1.2249663650002742,4.24039829326838,0.8184415757641648,0.6636634117750471,1.5545397378189836,4.260642961210112,1.9505430665545216,0.09477655689559733,3.318938620978654,1.1172295820943703,0.8616378172243362,2.6537708681217604,1.3223319929557202,5.191799501065075,0.31950232900430725,3.2137205453669813,5.5082860240476,0.669208225171638,0.4542811955500608,1.2546545067720023,0.023042392665863817,2.903038270112912,0.3092926230575205,4.045582760019635,2.8016967203212872,3.479101188920827,3.0
4.726433440380303,5.758953373466483,0.5776342652673305,1.8613202003941935,1.589955194518432,1.6331056662868708,0.3473254916338021,0.15704371014558002,0.17274351676018718,4.9690077012029565,6.937164279454276,1.5721135564842315,4.870586655595055,0.0475383887633606,1.0814759815979587,3.680211817740181,4.884221814020207,5.3287754413036,1.179319952179849,4.27967186237215,0.0,0.07477942649661334,6.703996290434356,6.318972955650924,5.086185066130192,1.7933132781053875,1.2329063010068304,0.6477289513817419,0.11129845340254099,1.0475383887633607,4.459648006664734,1.1827558509639613,2.7132779005727166,0.9275930956788381,5.4818220303481375,2.568080761456361,6.412083715341653,2.940599024294411,0.893983426141741,1.7564682570638432,1.078678142503528,4.173415303990496,1.4803168306274648,5.803407878704832,1.8221182747293445,0.4027221768456047,1.5869808612554617,6.46126988316966,1.8140171327117016,6.1368783570847745,2.335969103229224,0.09369538023355704,1.8978599736184132,0.37250640898616877,0.3025237777356443,0.6639366063551703,2.6663021281730948,1.7926887978667039,9.743442260592134,0.03899797879750991,0.22119654994454657,0.20689323612177143,2.3512325512590513,0.5115692419724726,0.5833265191100258,1.2210108948183853,0.3546778285044531,1.1811025507537978,0.49139136003484224,4.0880143545128025,0.0,0.6954593826385583,2.1772162008360634,1.6725611186447773,1.9235675679325586,4.828702658662391,0.11129845340254099,1.8602477270555051,0.5940707568515382,1.6240072860736507,1.5566501253892004,0.0,4.347531017377264,1.9340257697229146,0.6843699290130068,0.9841882928420941,0.2933704842047526,1.4206710302037728,1.4398358695279954,1.4131607755908135,5.839115585703951,0.9193782232475795,0.0958569239148305,1.462052318796433,0.9289577048576153,1.7818632573618494,0.23192387329376324,2.280243695866017,1.3532668244985364,1.9096195156560516,5.0
5.794210495141844,5.978406159915799,0.9647313101884398,2.0837920324938866,2.374538746678806,1.7147510593430857,0.8114710305298359,0.3358262239404963,3.86709584257842,5.871545519859468,8.538608387771147,1.7500061502042006,6.378091932166015,0.15380533607903546,0.8935175396874592,2.8789214797498506,5.524267449584506,5.474702102823219,1.9212077971245534,3.7690734920594577,0.0,0.8581401802806509,6.648172042193741,6.000083403396196,5.431201722191496,0.6346861926698646,1.7340050337200494,0.5851548472371252,0.4500630943334338,2.5767156129656708,6.27100353340485,4.4869974789792835,3.129381941213263,1.4659222393039373,7.9521576456385334,2.6533122946556564,4.532871735359939,2.838003773280205,0.4937497944731682,1.7445055786286106,2.2210727825150633,4.743234889565663,2.7145972175848914,5.286005065434277,2.939000845069513,1.2151194245172952,2.489645688040287,5.0675139555285975,1.962734090595803,2.838366908290736,3.3207590383724095,0.5579736764276149,4.840709956426168,1.4007018628877956,0.5003941664157953,2.114833409849323,3.291824542183695,2.052485453469437,9.27689231962904,0.6253640160053627,0.6882251273272407,2.3769015653164907,2.2958993105154915,1.6351971689434113,1.1031954729746394,1.1770886021059677,0.676447959550887,1.6170163114983773,1.5730836311851768,2.6270231055540596,1.0883451612990838,0.9825099341924508,1.8667101996740252,0.8057051848385113,9.001171432228789,4.406427824526982,0.021337582965694914,2.762433865166107,0.9932033486361247,4.6686524328594325,2.6589883291072387,0.5340616024211182,3.4980721154759435,2.20373364903725,2.095586907997724,2.556797246592743,1.1403205846435644,1.9165912911438063,2.16800012451782,3.1027421041841627,5.641398630838716,0.7035437197338161,3.815636906034555,1.7962239504341173,0.18523225423016085,5.158046131906333,0.35106289894038534,3.968726688272945,4.78647613229443,2.8067158727395576,4.0
1.8547138227695308,6.80099176367526,0.03773362744651491,2.4526481445562167,1.142086629617527,1.425781538703535,0.03153635326805325,0.38239058287346944,1.7533050133365553,4.352073449434907,4.642204801873863,0.35162832910278236,7.18881332988626,0.9447085476266269,1.2764371104362824,1.9167059287399852,2.0761143837445943,3.7458074121524296,2.7533264098948953,2.549693810909596,0.0,0.45301705961735966,6.471000444287617,1.6699791742098702,6.782011402163648,1.7170347779973112,1.7503921211453415,0.4358419158092276,3.1729194912723595,4.370819902019745,7.582571808747522,3.7540537041305435,2.5466599064408344,2.828347238767998,2.9117682679426755,1.566084490515467,5.023592474111427,2.7465062594905656,0.6426553678895021,0.5660844905154667,0.9989175727583598,2.7903133046650037,2.603976406399121,4.038883881457294,1.6403895600549454,1.8573440788142028,1.2694521256639495,3.4030495288965246,1.8989435429060701,1.7136518295679433,0.57918014812715,0.0604624879861069,4.345666039342952,3.187261004841697,0.36131920155721625,0.6043560380152552,0.3446012830366772,0.9643616632467346,6.863232288468372,0.380175311742025,1.239092482941906,0.25423120737522265,3.0810839286876344,0.2960755749528878,1.0528331997629445,0.6543438800530379,0.8810380756740439,1.3403913572200783,2.33196312461999,0.9789277763813988,0.022474346574899225,0.6179566680959305,1.7381625343886375,1.7871398837128805,15.513242646312644,4.226816765049867,0.6023618566308545,2.602052986863092,3.00115369461637,2.0548831984801015,2.483699712212478,0.03562390973072122,3.9079001288417174,4.4396364342243295,0.576183494145623,3.0481838625918254,0.05422334733715443,0.1048733767260183,0.31115431544056676,0.07327183642451936,7.6090146938355305,0.7956838408356894,0.39517250599577874,1.1617587206318465,1.0304067104260457,6.906522661459494,0.16040392586001362,3.278386266329132,1.0616379686854738,3.740636186348658,3.0
2.9328926741014913,4.202981837469236,1.8248493015168765,0.07628544280891579,3.1255684517780287,2.068739590672305,0.5246655092174434,3.288476690011698,0.3400494728531664,5.18836135914622,6.742361988641455,0.18928690658361216,5.35961955819974,0.09963185001446039,0.6219932316661233,1.4912374150908891,3.8670365196100915,3.243730004302143,2.8763892470545955,3.327615515024366,0.0,1.4471030682972608,4.605292826059613,3.740226004745989,6.426672342347875,0.8177869582991809,2.4700422163743463,0.5305702039025285,0.20188474283985725,1.1208163948170558,1.1028596579220564,1.8307420907609153,1.8142222678683682,0.8987114179894946,0.1436546345260377,3.0337225223906525,5.431770029561108,1.928616673551629,0.3508366648108816,1.8889282915845642,1.9432837375840109,3.248261572563491,0.6955484681330996,4.2097028912992895,2.6969285903246485,2.4813764481532923,2.3310172360180967,2.237991935730713,1.1747259877061338,1.187451054027326,1.0975433793951246,0.039980597690881255,5.10598391425418,0.3870316095257043,0.6479131095439641,0.4926223285744457,1.1737670677367067,0.2507190834005546,5.476482141271757,0.02048442206508403,0.5725016646420333,0.1685136761974936,0.45280626256250056,1.495592840198345,0.4720717994160677,0.6838311744013227,1.8177051102271713,1.266156863646618,0.9826559559578476,0.4859419834124194,0.08827730968045189,0.17018145776525037,2.0028465126988175,2.9951407637479734,6.934819586674731,3.921331590695901,1.2907192827709535,2.0147837526270704,0.35501626421954985,0.726220884609513,4.684319429313963,0.4537546068516975,3.091564442912171,1.9971117206751734,0.34596403034287176,1.2136894437524828,0.3071953435138847,0.2866446210164392,0.47995483169067105,0.4139189771388196,5.629417824025512,2.1403205846435647,0.28924428515664247,2.4026403272257437,0.01564029037688224,5.618887604904319,0.963474123974886,3.3920975667830757,0.2554403048654443,3.8340740567104943,2.0
1.718219130702327,5.618455983348103,0.5890923099359382,1.407515911946301,3.1676951166912364,0.8913414114321193,0.11330043583336065,0.22181522787370223,0.24354722657759398,4.96637509156184,8.497085788023742,0.6759062378945231,5.565322989003551,0.13842131042024963,1.4792823068723409,2.3045694493337314,3.894090170601479,6.735351578269602,1.2798872548411304,4.909197062991687,0.05158092063064492,0.4186757129428916,7.94194728567533,5.708203793252104,4.367413003848293,3.2491267297146376,2.4663399879794747,0.12816140091448883,0.17976580835814965,3.191515275961426,3.268823611212969,0.3939652756602426,2.515813357361978,0.4045761904579163,0.25120402291466304,2.8190550099910623,1.9340257697229146,2.0687739794462985,0.13750352374993502,2.6562904200036535,2.8027308955321564,4.152280785513417,2.0437994315793384,4.539282908569799,0.8426973028498014,3.003782112628423,1.8898239522096052,2.793521378130398,2.20119471324,0.7136078429514515,0.2657969247597524,0.3208889803317762,6.466989216500176,0.10366548276569647,0.4379734003380242,0.6848187375532225,0.9051198033836163,1.7897292513757694,7.060566245405756,0.0,0.7104372769069143,0.16349873228287956,1.3012949810091436,1.834104404001504,1.8806463476744368,0.7296180246905644,1.0098487673812113,1.2798872548411304,0.44148347958264483,0.7158055325591525,0.0,1.0436244767470346,2.8473154729900503,1.4050665602104704,10.516309996833595,3.505979825453147,0.7198405550642678,0.4549128483801552,3.0790879214423432,0.25423120737522265,7.018702043653712,1.8782545008087699,3.558879853475443,3.2536867827322706,0.3020557880986188,2.642285683059577,1.0981500210920117,1.6534728119497086,0.857821792408266,0.7118472776699478,6.144609302523376,1.7142235335741918,0.4486895517688408,1.2414741257014414,0.18650055764449475,4.036942844798256,3.0880567698784955,3.226261894191208,0.451751815036472,3.5475855535621763,3.0
4.004366554621787,4.597161663493701,0.567253374550151,0.10406822646371666,3.441722492466292,1.6775758934354401,0.7472584859223782,0.484086559411609,4.11026300631827,4.6447100125323235,7.883903634008304,2.2586998155699027,4.779301750205619,0.22478119439558927,1.1076878693143737,1.7783768109083231,2.040927489638674,4.468531186162872,1.6555350163521043,2.9147558496716472,0.1866273266829219,0.19748800240598138,6.4418685364043515,4.762045785968453,5.597933356554806,0.7493197245740804,2.4369080517141524,0.5654022038908377,2.3608699038142857,3.09917735978996,4.954126500873363,3.945251854447223,1.8766053472973827,0.845510123083573,2.0798730058908723,2.1651079851445365,4.2198112963825585,1.5081243613841995,0.16915535883089372,0.9131096147547874,1.308768588933385,3.3028454325725436,1.3659724275933836,5.721025342710913,1.5324167100789081,1.885730534001465,2.261530815243406,2.843762801413016,2.6034542497610356,1.0520680472438746,0.7314439460347151,0.1525079483649029,3.9663566325080075,2.411046539173177,0.3297550857447468,1.2789957668062821,3.497382435736466,1.2676556431461328,6.419815269229272,0.40979822782841957,1.5500140949997396,0.2954879430597532,1.9099266762780265,0.8516790908698056,1.5739076821339184,1.2161754565864544,1.4595889949668415,0.8885387004177968,0.14769744361387158,0.4896456880402872,0.011352507229905218,0.911269735607428,2.581592278836014,1.0224743465748993,10.268333446494845,3.769803469729852,1.035553532646345,2.4368281188445526,2.8816450439495362,1.6173455060328092,1.7537756643320181,0.21809917437014498,3.4736700368950935,1.4962066659234843,2.6670746313238296,2.7660014251528247,1.406971970816723,8.452699205390253,1.5090877299256948,1.805209895582326,5.883501075447774,1.971184847326621,0.5621813564718671,2.611974965783738,0.8289564764176633,3.6476023290076194,0.47321543407039673,3.136716384488312,1.1527026309157535,2.933459333154151,4.0
1.7616256922024836,5.758929396019007,0.28048127430062353,3.939903563864774,2.1494544868903884,0.8502393551659095,0.13435238662336282,0.5379420907494521,0.06612364246529363,2.1611137389325803,8.626153635898614,0.2393980415665554,4.451019839010829,0.06101577468162803,0.06502076994841134,1.0831793219465837,2.8192798705373128,2.792688797866704,2.2082363095743656,1.207955304620321,0.0,1.8266806753178577,4.225668254387137,5.9624819300285115,5.318023933662116,1.083111226931307,1.0126401807787704,2.5758689680200337,0.4056656747574566,1.6491555626486483,7.414846724059798,3.529508641074312,1.2371965736303936,2.3482607515423894,2.9099266762780265,2.4871518769932246,4.687167094376119,1.6272332764908748,0.23229236208914864,0.45890690685086627,2.3138262963903977,8.284364214871259,0.14834844991564902,5.788429927965692,1.1361257480769418,0.15146919750307983,1.2228663718479909,4.318063714737108,4.614951254514805,2.8495990111514518,0.35535462056106637,0.2046415656104211,2.6680737276524633,2.693810307974912,0.4554390145630504,0.8018208604961168,3.4528326138788095,1.5694424828163445,8.305666432571432,0.20864210901516606,0.04488367823976479,0.07737974079701358,1.0171380088720572,0.5396303246846664,0.418027989926524,0.12816140091448883,2.3299846497584205,2.444693567242178,0.49733133523027473,0.7073480874832698,0.8872133029512296,0.8997170230022776,2.582989468952924,1.4180819779531328,4.751469077166313,2.9560380608616725,0.04474382122439775,1.8091674567543314,2.734221866220779,4.892920402715375,1.9337236978958292,0.9606599753718028,4.450267693077404,1.1802751896118795,0.3692710400250943,0.612210935466609,0.6870606883398922,1.2778062585219776,1.4818155736178629,3.601470706340684,5.455241724731874,2.45930045858076,0.04432416881220142,0.8490384768960043,0.6733755104478812,1.0157829972409278,1.4459914909144402,3.5644269486377937,0.16014572540457922,1.0571383043935418,3.0
4.686517335182872,4.422663591655022,1.6659384540998585,0.0,2.369466483650723,1.5007000922075524,0.7277897894726856,0.7503492405841502,1.020555538080226,4.653736480167455,7.9273276050492205,0.6316165286374511,3.3216539567856493,0.06736336711961023,0.4669663842730794,2.024390606411616,2.6929404419632514,2.9820170015911924,1.545424785703024,1.7743337581710412,0.0769694763151108,1.8911469545514903,5.537994877974396,2.8629869091950906,5.7889075261916005,0.3900072620915592,2.372060582332161,0.2659169143669151,0.3827225803529897,3.19701612735433,4.301112034859329,2.3817540407424134,2.420185936691721,2.1676790618613513,1.0908534304511135,1.595885527905948,4.724595705835689,1.2868220197305746,0.31231665440199746,1.1315894843281353,0.8995623601546928,4.27169458755325,0.17810907609432516,3.6380158964573677,1.086444108685315,1.619413010597937,2.694612795966431,3.3948296455484024,1.70110542377817,3.8059011898712005,2.088820033298585,0.12353377229099427,4.1255353904988175,0.6675742659750189,0.40163046658474055,0.8536763432319948,1.8758193730245099,0.4323180669495235,7.014895309780811,0.03717133764464353,0.7756827017390598,0.2734562113203052,1.1139004892361002,0.8339830110071211,0.5174268847672862,0.5522786909904362,1.1098954109014871,1.1163647566917847,0.6839209808093251,1.4548075921118497,0.04446406651324603,0.42449217088920543,1.677440587921541,1.1257172181593613,6.9915626604464745,3.1703897949649966,0.0714881055841824,1.7844621043815183,2.4613451987782105,3.309234406442663,1.3861487547343567,0.9096579143103768,3.6515569048525367,1.8246049426001527,0.915176677970458,0.8099905839752052,1.0776531856501614,0.10447085776291738,0.6107945380878376,3.908486295329356,5.96209319254347,2.5961002839101486,0.45533379667722257,0.184978459693331,0.18065710756007647,6.941413884034054,0.25713134077342537,0.8853400782246658,1.9127648160976856,2.8804112598097813,1.0
3.7555392393561093,4.683634703391799,1.0787464470766484,0.0,4.292980474143046,1.8780975197644771,1.0170667241898335,1.8105664937251598,1.8477965183275442,5.848930849417278,2.541019153133559,1.5680321047712789,3.0474685905079033,0.17708860210596758,1.1505596765753812,1.6457938700799937,2.601577673444448,4.662285267316349,2.561521660015977,1.5467092892829515,0.0,2.138814468902282,5.42249204346593,5.490175388969917,3.847385635425921,0.5448809974104044,1.9407305601848623,0.8223630551570825,2.908755275628077,1.564280603471303,1.3324501586452695,2.4448525594222916,2.2357270598380583,0.5193406076559823,3.115199749385445,0.8879930959764782,0.6016014428349451,0.97438246582073,0.3693827253389406,2.0277202583559273,2.4801358425130986,5.554208175532895,1.5214025708353711,6.755573954799283,1.5315686088149625,2.1229377130923948,4.4100086168259605,3.8305494319557014,1.4518572944765398,1.5678374616192177,0.36188062703843793,0.14234808214468114,3.073905901474998,6.254323814731625,0.49251978796948487,0.34607753453559714,3.6487990420638865,0.55040819321728,5.276887435673362,0.22786427254650743,0.8552721567245974,1.1475672070946323,4.080632083419145,1.614898265448403,0.7801420898384704,1.22508979886764,0.43242497680476444,0.6890307271848729,0.18878069779214163,0.6449637543157617,0.0418036876570852,1.298658315564515,1.5173764893418724,0.5927320948670738,8.148419635910933,2.8928961236262114,0.3240040813944298,0.5807243763087195,2.389621875408116,1.706066340047099,1.2422061485708746,1.75279140071385,3.6897464384935557,1.1372411917115925,2.755122588867291,0.9359876964368561,1.8653645865572384,1.3488556014150197,4.3689080030317715,4.78547208540816,3.991118175119831,2.5918230091632717,2.3120552097715636,0.38692128221781646,2.742696124223605,3.2448718407411494,0.8586176303812761,0.751463721165559,0.03210084316702408,2.262974292288049,0.0
7.58782701144939,6.147015606505118,1.0498398388126977,0.46414545669118584,4.241741052064175,0.82268936446939,2.8396573152446387,0.34471489449012716,0.7964316310656951,5.428219455962772,2.9594177830591715,0.3857071246579337,4.99945437777446,1.7753877280904273,0.8870572937549824,2.650925360112017,2.5909612413425993,2.740539048613343,1.6617495998107048,3.3951039404245322,0.05297227481398869,0.9144114442810113,5.644245664858994,3.21466882266671,5.300391001174826,0.9843341448404885,2.2044850690282236,1.1207500533349255,2.3936084005591134,1.9821813311726186,3.084744620868468,2.621032052279479,4.374483104321468,0.4313555215735165,0.13422093976063337,2.7026353820065543,2.6624333955613473,2.757193969546637,1.3725064089861687,1.6824384597344246,1.0426443374084937,6.011880234685516,0.36356359379718917,5.839909213179888,0.6911767968121242,1.9595847069123637,2.8654833676241367,2.093762977517903,2.5035013932323933,1.3751228619007183,5.5129063483837495,0.23167816179851056,6.021766194749957,2.861260639453137,0.5011078923772916,1.1806571075600765,5.667809829106137,0.334911461262063,6.142609487298665,0.025454096427749127,0.586308388109527,0.06515867512854683,2.255923660273564,1.7095112144319733,0.977829416951956,1.9853911310858556,1.1695402314597974,1.4194310224314592,3.2319085175512696,2.3476656563009706,0.01535483429346404,1.2470768319308174,0.6803243568440164,1.587124921871777,9.373077205549466,3.8951086976767355,0.7891032175013815,1.3993351825020715,2.5517128751617433,1.4743581628754001,5.2078382030668875,4.023415051399138,2.800226916592474,4.4445411832926425,2.0749506439094834,1.2322923620891486,1.641083552712065,0.44180215462886685,0.7396753145033141,4.080137449013163,4.610983471435526,1.7037651787934098,0.4321042234686771,0.9646573883765778,0.0,7.033863451866284,0.8195864420850119,3.641915903475113,1.4531224465958126,4.188780697792142,4.0
5.213040044416635,5.094379656468886,1.0447438212243974,0.030689204071140407,1.2967804174264252,1.7881009979120046,0.2550776820054507,1.8147964911821537,1.1327084394083,3.8194229453666946,7.078361124261852,0.5056877189343697,5.149043888303233,0.03294716409912902,0.49600208636544313,1.779259720372376,3.915358361339725,4.569223721405596,1.1761950948634083,3.430432479247067,0.0,0.9692333932635709,5.677747825884209,5.70790021381355,4.298108403211415,0.9289577048576153,1.0539454249627853,2.95227764687353,0.2710670494910409,1.6808644223759865,2.316696063137959,3.5806037929865253,2.011602978225617,0.7583031771319012,4.000856345977966,2.710172748279662,5.21078626782572,1.6782071514331487,0.5157124519560342,1.6439946818511368,1.9423080561561847,4.656856713286455,0.17376706773670667,5.278166931819293,1.7620936369911049,0.43456151187260766,2.689478088359622,4.73751912218675,0.8774301596977447,2.5243897000549156,1.133760781404092,0.1867540845831823,3.9690030948748904,2.577924244506702,0.4508021528798186,0.45501809696972506,3.1031283162172256,1.2140004297296065,7.240706437195675,0.702834822211592,0.2747685657998658,0.15211850443194314,1.4213714330008944,2.544510115112959,0.37395439486580295,1.7913139891067693,1.049561070628479,1.4344013814500127,0.2393980415665554,1.0256667003884758,0.13737236369339767,0.17912882877215228,1.9509908998782757,1.9435463083447482,10.328557913956956,3.571094275540907,0.5532621902724328,1.9012241174807318,0.8052098955823258,3.0978298808731513,1.8334568566330924,0.3000651367787609,4.615645820072182,1.5891402615102663,0.8894735425311092,2.473786911614367,0.33319471633588815,1.5325663232675124,1.8469545836968417,0.37928824997192856,4.622766398986267,0.7980090276133933,0.7130798989198626,1.3709454125766363,1.8733407515561895,6.018182371088546,0.4811955929289537,2.662684039487237,0.4753962223826181,4.291912926368057,2.0
6.927671311279036,5.529586723776189,1.2513858332159966,0.9266826386151916,4.193243446857042,1.8422950233276651,0.7824085649273732,0.6977738195551858,2.8262332208022727,4.744898404224369,5.028295084828841,1.565987040750771,4.470953279878261,0.048236185652847624,0.8911080600299301,1.9812316129120937,3.2117598330121186,5.787761547012058,2.1002376143457377,1.8690422597281828,0.0,2.6391858480583106,6.090084889074225,5.521782580742269,4.900214731498746,0.6676650900514056,1.857582955384148,0.38725223883350374,3.4923403243718263,2.6947019337508826,2.747902939412549,4.383275739763504,2.442916963282159,0.3912178076028973,3.1963080252624234,1.6947019337508828,2.4991953320557108,1.0626743627633926,0.6835617216302566,2.9028068031432643,0.9917531122445143,5.781548563060131,0.27130614379733703,6.6446855010190955,0.6243348894450882,1.780646058767986,3.2482919377391,4.383448558592714,1.3498181719758604,1.0269416666309206,2.7206505843959707,0.39275703428239456,3.6152279435788257,1.1222088617002293,0.7148389615542866,0.262914176237417,2.4394635679909813,0.7360419737499677,6.150053913573757,0.7304008453993683,0.7564255567237372,0.6439485193028281,3.5014264060735707,1.927858537460776,1.4020672498278255,1.6317562006060204,0.5110631574824586,1.4358419158092275,0.6314302783091664,1.0790879214423434,0.043764442310170244,0.40522997976255926,2.8697727232513848,0.9165530765873934,8.757881991993516,4.110647210498603,0.4358419158092276,1.2042033323936503,2.549274870552292,3.213082828217337,1.8081378868657185,1.40261304298717,4.1024649753259945,1.9231872207101692,1.3474388887681414,3.037434938276512,1.2410469407704963,4.268599075391629,2.292487291620764,5.304153244120634,4.528302507491285,1.0426443374084937,4.282276695627473,0.719314887344519,3.1344016761093876,2.764898122814709,0.5656946519558053,2.9942357534048383,0.5896676236645071,4.39597448117154,0.0
6.63358233084931,5.96509624362457,0.7056683247064489,0.04711954856855063,2.8417718921968325,1.5051795666833732,0.6497533994049379,0.14064779315484202,0.7941870965668001,5.349301577917905,3.320080262369761,0.37584572466782373,5.292030763524966,0.21001473770927276,1.1471764269809468,2.5964342852771063,2.9645834627768646,4.688493710599149,1.6629801989060906,3.2408180396576536,0.06901467791518046,1.7089376396264442,5.2948963967683165,3.5072999170844392,5.51840924386967,0.8931291860172123,2.4317299210894454,0.6623878192596837,1.1996252356577324,2.7084962730121505,1.747645192560823,3.040138456180057,3.381020285121989,0.4991698141152491,1.6662112182489406,2.461816650631213,2.4581194811745064,2.4416959374345697,0.6910874409518938,1.8934010445626355,1.8337401943708687,4.584030459169758,1.5396303246846663,5.855513868239102,1.039419183133397,1.5965058469395188,2.34036286995042,2.68567108931784,2.1045044052995925,1.4921608384470721,2.04197886342146,0.36647609351009586,4.193921523631047,1.1390110079722526,0.5334636767204042,1.8426168559185685,3.7755352224535383,0.38095104362584714,5.192367783342093,0.11316705673273479,0.9239478149079257,0.25290002870008066,2.2018847428398574,1.6495234915080212,1.0833835877100826,1.2603870374289374,1.1674221602819184,1.244765307569313,1.6665748235790458,1.152118504431943,0.11636475669178462,1.038014690186716,1.0770378618312468,1.5622790636298665,5.369103495841313,3.99306745088631,0.937721025761793,0.3430097825543898,0.9946521286744151,2.0762512326185987,5.319932189005273,2.225429187559199,2.6441100817600818,3.4855427533640553,2.1750135394542647,3.248261572563491,1.1497146077008094,1.5587084582241661,0.9892843597476707,3.202668466982559,5.233086595930246,0.853756175843635,1.835762418694691,2.1295138296869816,0.30859386858427595,3.758121922650742,0.4129440733687181,0.954791880875085,1.0227583975781576,4.893595197878348,2.0
7.552517712249418,6.328813132239107,0.9328171027418506,0.0,1.3545085808701731,1.4333868091577358,3.7316068624034706,0.3918776772778661,1.158854029516618,5.9088081051515235,3.1711267466520656,0.3497049617085375,5.3277340642058855,0.14104034543359303,0.43956994966273916,3.0442542148741616,3.1305190830273384,2.832991252369821,2.348572370159641,2.6113848726655218,0.0,0.6876878107322444,4.6049371553982015,4.31977687622024,6.373954394865803,0.6886727383391431,2.701482520664395,0.8603669301381203,0.2809563138310563,2.0048968432148473,0.5968397544377849,2.2837736440626197,4.616369460606924,0.9940727912342884,0.5821705905918426,3.0048069775098565,2.5181574206815833,2.9697491282886594,2.38816197824834,2.5946918565094865,1.8218734527629417,5.306061689428342,1.622086970988523,5.834084172545093,0.9471050515678745,1.9562053761938747,2.7432133428145495,1.16459321950297,3.0268885655270434,0.8507194267273984,7.229366810475217,0.35106289894038534,3.2019004214957607,0.8256228318156806,0.6930519925614534,0.9147175864659031,3.6979183486558957,0.2822618665876496,4.3810133611219175,0.02233230009805639,2.571579737232307,0.17427857103612218,1.260266586997568,0.7779561878431875,0.09153059312061654,1.4020672498278255,0.5716282744180698,0.9397531499522271,4.197267813255204,3.290394912659524,0.0,0.6291001181603831,0.9879756608353731,2.341501922210122,2.4308472524853304,1.5559142942433986,0.39330636035265304,0.15237814540103928,0.9822178463155835,2.621125854073429,2.2929878337994256,0.27393356926688534,2.254805655033609,3.0994972011701902,2.050745463581399,1.394129957475488,1.2489598099581602,0.2659169143669151,0.1753010339002435,1.4296427425154579,3.3570592929168477,0.7936046097363223,0.31533436033437867,0.21909105824619673,0.0,0.3090597425015848,0.8250529023358668,4.189144553312604,0.9098882847764772,4.674353304185613,2.0
3.9077463408201307,4.864037533219305,0.8044666427327777,0.061430600497748115,2.0624671435007054,1.1850419125132954,1.3012364407652315,0.15846629512479557,0.07833657112117902,4.544170055895407,8.550702157326395,1.4138106870249847,5.9317232364080565,0.08188496672922738,0.7632415856585828,2.194685948896266,3.782785964844304,0.9941452211382065,1.2471376115335855,2.7469576424136477,0.0,1.5583166211711,4.894143539869751,6.469161517227956,5.229411035639459,0.6399730041620914,1.6105110916661087,0.2998307618223704,0.39275703428239456,1.5091890997290591,0.586308388109527,4.513395994553732,2.752748591407134,1.2231753861445624,0.13842131042024963,2.538562994656059,2.2555913708272883,2.8804112598097813,0.9596217984792793,1.197173436187765,1.7480317955724114,6.11633564297181,0.26711626188040444,4.829352342970452,2.7700890126534072,0.5680321047712789,2.5867647433551415,5.4860385547322,1.7107458323484799,2.8253989577990253,5.837648114993656,0.20138293586405415,4.365230599297538,0.09180136921767433,0.3619928859219628,1.652279971105086,2.2137827465845854,1.231555290356041,8.493265444427104,0.19572554751205637,0.9337992217822952,0.092478087200385,1.2645364309990257,0.4971269151036998,0.0604624879861069,0.9709272593526619,0.39473363001980655,2.03128931946683,3.0799753767205957,3.0627952269230483,0.0,0.9697491282886593,3.338809462417687,1.1431321555557679,0.8949923309695148,3.2337500406540207,0.7051374667190209,1.9975453313704845,0.8031443581323238,1.9436963273264405,2.494261987839889,0.2859348079438727,4.648661010438874,2.7812547864333816,0.7949356628035361,6.635176849478927,0.9471050515678745,0.3874728344059349,2.1466878029403897,0.6855365409343533,5.071951401548486,0.790355013710841,5.579373267067387,0.9610305718548415,0.4490066392182045,0.9405050627439852,0.21437352443645455,2.6690948155575613,0.4945692165986483,3.991526381062802,4.0
1.883503519237687,5.14336484534186,1.2406196293117597,0.0,2.6967060792516886,1.0756010848240278,0.3059121701566207,0.49825086752782544,4.061102206563421,4.81871765344473,7.430165656823142,0.915176677970458,5.9813161083806525,0.13566619696904392,1.9533397468411728,1.9266067412513164,2.9673715299035086,6.3529420982819325,1.8881490040158464,3.3608418180588777,0.0,1.301470587489902,6.2283280907753,5.384871798203308,3.716442236843321,1.3999913506641815,2.1793518036196695,0.9054279234212846,0.6213368858135637,3.8486980462421783,6.184875342908284,3.161903801784505,3.0973916791050264,1.254352162733993,6.86323476683399,1.7200157350828047,4.040585628121593,2.113567157047078,0.4424392936238634,2.5735441882651897,2.363171077119244,4.905341271311771,0.7564255567237372,4.866601409957815,2.6485574780527603,1.7704062162988397,2.280065486361635,5.415410522970855,1.2723218527699898,2.9003548320454726,0.5350575948948424,0.21822319715473792,3.777503881230817,1.1004394792803116,1.7078781328168502,2.8742067858777984,1.480523646388259,1.4849114869108277,7.425257032637182,1.3818370839060474,0.5692966455616446,0.7216788852094682,2.8462927187672302,1.0876665014686702,1.2621925881725795,2.2750368549407214,0.5985557733235107,1.3306157625103188,0.2590615292588702,1.0818849667292274,0.041383179019406156,1.2122580442027349,2.8589756142920195,1.0038180851269822,9.560895280084473,3.4859419834124195,0.9754100787144666,1.8412083079893067,3.2966336036392807,3.39700885044204,2.470693034722621,0.06529656712778095,3.7884038251455037,3.8629373325570135,3.098604835021834,3.93980015598451,1.0272248395138923,1.157496502997335,1.2228663718479909,0.8625902483801616,5.63876894441695,1.0523463314788868,0.7420924680812482,3.275811632318435,5.392087260211164,4.5252044385628025,0.6812243537795597,3.4908909788942912,1.3986787157650256,1.9224642846176903,2.0
4.781926187985739,5.178905819457567,0.6269530417706652,0.6545271958145157,2.4508813152733686,1.7693062786740636,0.5084286525318571,0.5337626705470877,0.5170236720645808,4.202879999527062,7.502936795832988,1.975776906004421,5.564109848679098,0.009777121611529915,0.7072597276583523,1.9127265000485263,3.639996149311747,6.0358372192943,1.3806740444043506,3.2391383208614797,0.0,1.5436938382889924,7.23442659340036,6.814733696637974,4.190441031058026,0.9180045185978745,1.681764082570325,2.6315001250000427,0.16285452819051038,2.610156705308697,6.32897106449904,2.047608183642109,2.0743341661027426,2.049142817328036,7.1824181911979394,3.0934756671829686,4.879323479858993,2.0749506439094834,0.984552895194584,1.873458877762199,2.02094661351356,4.186167735910957,2.2504159134074477,4.5633412019138575,3.2463928849003145,0.674099028537714,2.1835817911178226,5.81056649372516,1.8462325341687431,5.376561280025585,1.1423480821446812,0.21536797220347947,4.60140533365055,1.7691793088133974,0.36075755751193667,1.3175356220163543,2.435868578811176,1.8464732574999096,9.44494053584569,1.284040263954096,0.4234168167540797,0.10782175591285359,2.1224408089046753,1.1476323268238584,0.7386381505183938,0.9628821276428662,0.6123996834280071,1.6524635492877275,0.8942939335501798,1.2119466823711844,0.0,0.8871353004619081,1.9272517416090762,0.8039709280190851,6.390884321152072,4.299142065106466,1.3636196588915666,0.7129038746345187,0.9667995846272036,5.695581873775384,2.0305479641629662,3.309350837323276,4.286578090874428,3.0671396067405823,1.6730136152896087,2.8871938027242745,0.4953881735728224,4.436141846173687,1.3590713122883442,2.191152017934312,5.673587516220636,0.856547537804078,0.34437403328573263,3.5458448454063527,0.5446832053836497,2.31388432800847,0.45301705961735966,1.014069582501656,5.206533830047413,2.611054315062484,5.0
2.365020578619531,4.698118441972208,1.3138262963903977,0.02687086472474519,3.5335259722111707,0.901648910916347,0.20338911736708698,3.1061640341005825,0.1271049651394007,5.221285501226531,8.61317063932415,0.40163046658474055,5.433930895519679,0.03463831799900894,1.2151194245172952,1.6900147387219995,2.3342536171384842,3.8785487942354173,1.0784732093786933,2.6037153517031886,0.0,2.0712478194614428,7.00821346237839,5.5228780819981536,4.448141090222323,0.6987518877846765,1.3636196588915666,0.4317833988038758,0.4443490240642176,1.8499592396311215,3.582929273137852,1.238603454492365,2.0716940332696834,1.0180643893603616,0.21375164631100604,3.0001081980706896,0.9698227896729081,2.5575571338981185,0.3842708925424149,1.7633265825679596,0.6575485477897526,2.545054043192125,2.0180643893603616,4.824248511639495,1.8097436951167452,1.9958462779167367,2.208080202468281,3.3638999516866215,0.7676547982373466,0.8217102150346742,0.23658445811317516,0.024745190197137796,2.698374076386239,1.2760797275747324,0.2586998155699026,1.4330128394362904,0.7752612923477508,1.4228788389573066,6.940351187488862,0.13658515284762576,0.17670573818911434,0.36311499458931823,1.8426973028498013,0.7095553261269787,1.5233612193040955,1.5472030247569317,0.9359876964368561,1.0583164955908229,0.12287146908839316,0.5575816397293087,0.09963185001446039,0.08120326041739433,1.3733419628083752,3.0775335599041402,11.756949049045105,2.8783526052880837,0.7500061502042006,2.1758758509770644,3.4415631549436667,3.09169983413681,2.4902877247748196,2.3227934523306155,3.8604761909789542,2.7409707218282837,0.9079674059465318,0.6084307812250616,1.2588806837505306,5.29777468753377,0.6181446658862524,0.6347791109090936,6.25422364732858,0.7848389675577366,0.48583896687905476,2.2602063580105263,0.1247251523988885,1.8303770312139331,0.4023947505006149,3.64717633580774,1.5971735846720307,2.5814717680360535,2.0
3.271664710977234,5.405485285760006,0.7789654772500989,0.13592881552640673,1.3041021229204814,2.371196400937932,0.6345003382359987,0.18738770708047234,0.33227828305692936,4.189373893334991,9.316013108922979,2.4508813152733686,5.759685825643288,0.011495638837829437,1.0129976640030613,1.9148706332003478,4.558206397822323,4.382079265834126,1.2973088233889096,3.0362395628193597,0.0,0.7760197406474704,5.8222483195027355,5.202970087304314,5.515895337807948,0.5270703355126606,1.9511028364916605,0.48367391871065085,0.5414157158190932,1.9824369177670542,7.374663064817044,2.5767397955220694,1.7284865332427695,1.5464129668717588,5.601432077381825,3.8933622107638715,5.067660226361977,2.1552958910233166,0.6527847549087559,1.59579007053066,1.9919707406609002,6.942604817567829,0.5819778457631138,3.0983353329643992,2.1089927339447687,1.0732032721567075,2.633733435514965,3.9761803083240532,1.8634231101645577,5.428480776131033,0.7129918894617973,0.5451776346152923,5.1228590479990075,0.4962066659234843,0.12167855658825247,0.31429048398799614,1.4792305612063361,1.4782988217051118,6.530734052095487,1.3084191270727612,0.14899916258776436,0.47581123714014084,1.4203476526529069,0.6421932470485961,0.23633953916837358,1.3558056389440718,2.0212309654405467,2.1048062980306264,0.7543744527125109,1.477573719174233,0.8754655448547094,0.13920752027125408,2.8577620868589415,2.666370306857018,9.011795274658413,3.933676493459015,0.09450633868149234,2.5333639983398144,3.202041521731883,4.9268628788535676,2.706420039301946,0.058662839378559886,4.033220349222967,2.0695990642056237,0.1443074672630423,3.003997934166806,0.6520504655223032,3.0828728690638063,1.6424705373158217,0.7278769008479432,5.9575803448474485,1.0254540964277492,0.4493236569907796,2.6307316253515314,0.1614362658259871,3.8187994440941493,2.847435749362521,3.0966329382915303,0.6712933724815757,2.846733995790101,3.0
4.157108403539949,5.477958975270156,0.6076735603490564,0.05088474002509346,1.852638117078989,1.17139900312265,1.2492025959473552,0.1649149695524513,1.3307304806274982,5.03102459344585,7.773198562094643,2.3626943061090997,5.167566673049286,0.16298339202346543,1.12366619645382,2.2810750492774745,2.837378159753807,5.180183673421816,1.4340276746635974,3.085254677455322,0.0,0.5993177936982264,5.406825751667176,7.286020780457304,4.853885894416382,1.6712027765419002,1.9887392127984227,0.35727047567955966,0.06736336711961023,3.1664101653891934,6.365685539241868,4.21991968819635,3.9684410124725717,1.5754091526089449,4.7303628014356205,3.1089258465118257,1.832484990287604,2.7733001200723373,0.5842890858930574,1.9755935040183752,1.8323229488934607,2.7184821882076244,0.8914191868460786,4.468153181198852,2.1907728685378838,1.092478087200385,2.505281211453267,3.4013847178854872,2.24735031998084,2.1950640714383596,2.426452628334522,0.4465738525468971,4.585767780665915,1.2368293354863997,0.6052098440811416,3.723798808620129,3.9053701559265637,1.166265536723798,8.607739759081147,0.13894549792384134,1.8524783236423867,0.24573903242928485,3.667097345744016,0.6066317322749103,0.5681294165004911,0.7021255761869156,2.1155992864513173,1.0338634518662841,1.3865902496627167,2.3986787157650253,0.0,0.7334411166531236,0.7153662623791952,1.360195694732358,6.529752245129083,2.2848398281168927,0.2761988650322418,0.7471725370354632,2.4138106870249847,2.625153572559451,2.319097637852313,1.7405390486133434,4.252650295898284,2.3870591900344347,1.818932344010497,2.593282052791385,2.489620000626915,6.295184851813152,2.99294966248085,2.771209486866468,4.999431826961241,0.8454298328511517,0.4047941531476932,2.5742953080078577,0.040822310107341116,2.958731337567836,0.5488311540048216,0.9519607287811293,9.476059013738139,1.583952260567214,5.0
1.8396371615096696,5.237475765080258,0.6108890078544883,0.0,1.1629189615457785,0.8208120772287196,0.014783752627070351,0.19773960600635554,0.08542465625267767,5.425680848329084,5.522583100466802,1.3646844819282284,5.824080449353737,0.006764781878422359,0.6771699388182449,2.45420221949744,2.2111368269822753,6.530398533453671,1.0699083493768948,1.7944782518138198,0.0,1.398952279874704,6.422412989885651,6.672019350070216,4.905143877631423,0.3964883334405446,2.714047648777767,1.9590653248204437,0.42792792761523446,3.0799071303079013,7.916288532448411,0.9578403267062328,2.6178156536746187,2.69269500028227,8.12015076859656,1.966208951574222,4.281675997561546,2.9028646733673367,0.2954879430597532,2.0104218054865113,0.6463470153513448,4.339044718724584,0.3468718139442494,3.8854181778344232,1.4494293141031993,1.2954291667039612,2.3078947755125014,5.63097619237431,1.8464732574999096,2.7129258788447377,0.8241568437288291,0.16362753858990575,1.0369604224559115,0.0,0.2560444738264448,4.787641414483327,0.0497701518163845,1.200567127080422,6.549735390264331,1.1448947642550278,0.30240679455772584,0.6387689444169499,1.7516351033278998,0.2666366425139895,1.5360529002402097,1.9586571076771102,2.0992278657748615,1.7050489713936818,0.5510976061591101,1.1654939388763432,0.05213762333517526,0.7400208702033827,1.429856951133652,0.6649378774417523,0.8965431158558993,3.959399234772121,1.7938542757473095,0.5727926772584291,2.866670640726385,3.9523242466041766,2.712397685148521,0.08215755908542595,4.528264994944392,2.1548100096887883,0.4737349684635979,1.3574957032252344,0.047677975144475616,1.2962518178574198,0.5083272292803207,1.880724701783941,5.900060122001217,1.0436244767470346,0.05227676545235779,3.79354218648205,0.4313555215735165,3.55288116386146,3.89701771049272,4.653209095534918,5.631991866394904,3.6209265179707435,5.0
3.8280425234375732,5.214855295674484,0.8224446394046169,0.26195197859215374,2.15007219725299,1.0504668703506619,0.12987646083313048,0.1733833212147234,0.5947396223326862,5.868738613712493,8.200235572943521,0.6487415304917277,5.290369107359934,0.01321211142685117,1.2297724774654484,2.813504167174027,4.217145393023185,6.885894005972585,0.7488046909370681,3.077994918849497,0.0,1.3764570950111645,6.292049174711341,7.1823009849210795,5.6518237929253505,0.4262110720274044,1.8276564582707744,0.6055891513111139,0.1682569232085816,2.822465034745649,7.754641688734764,1.025312343046069,2.9233393716321503,1.0253832214779233,5.235857233453961,0.9940727912342884,0.9107326619029126,2.7877667699385675,0.26999063448831767,1.1604039258600136,0.744677789317074,7.039936745045002,0.1436546345260377,2.4736310765512,2.5401264883381067,0.6455172178932232,1.912304956330978,6.551317594964017,1.989611349067932,5.217362569419379,1.7974695860156347,0.13474665536848754,1.7052259566163646,1.0522767654523582,1.7743337581710412,1.1158322986525653,0.15613769788898613,2.051093629483344,8.466550040482815,1.3446012830366771,0.08759861792362102,3.138814468902282,0.7854250035609333,0.24622564851987147,0.5607149544744789,1.7121114994662767,0.22094900446677918,1.968348846920172,0.06997707041155635,2.18570799868324,0.03421571533791298,0.0,2.922102680677022,0.09477655689559733,8.721804979368322,2.8168249500642606,1.297778355158528,2.460480470040011,0.5475485390780392,2.0712821485007393,2.3527302809301633,0.09342495941910291,3.967961687291012,2.3704712042815843,1.3401634433110912,0.44593853728926636,0.1405169186556468,0.08065766334522519,0.22070141650652012,2.864136609210203,4.886920771867879,2.9729866765336137,0.16375633339790888,3.1684655384925198,1.7690946560311587,1.0492822485682034,0.17261552181347775,0.743816530237774,1.4886178345906478,1.9908459736434119,1.0
4.120708588359371,7.211216664658312,0.40805964807036016,1.297191416565856,2.9199883390428494,1.9759969576164431,0.19370867338242317,0.3368546391254651,2.2482312067487564,4.4269624477585525,6.944545749929028,1.0899726435389527,5.96192424419911,0.0475383887633606,1.987430019053971,2.2853726248142903,4.225714520810679,6.239913525041401,1.5719679890033154,2.58894844564947,0.0,0.3339961181964527,6.056603035829686,6.194849420281152,5.241519888014074,1.023113382703565,1.3914927899807217,0.7075247908996078,0.2519311266885868,1.4711874603869852,5.90051907053474,3.6477634828278203,2.85181898857085,1.2354207226374405,6.368995279880752,2.524314470222152,3.9669195274253246,2.8565076992068428,2.2920160344066964,2.5572385202072216,2.8728484548958853,4.681111884861873,2.0411378256998267,4.588990407548301,1.4061012382118598,1.6323612895965671,2.990954860396993,5.781800323992794,2.4548339068988687,4.290306435424914,1.9997475062739989,0.586500555281425,6.508878632208725,0.335711910320462,1.5657921214718298,1.1162982101828178,2.6232816137651263,1.5861642459309093,8.034303217457035,0.32906617445069064,0.372617844126292,0.4972291287876059,2.527971112909713,1.657731456828462,2.740409521458199,2.155133948759866,1.2077054764815283,1.4478965281083895,0.09315448790708296,2.2482919377391,0.021053252054075176,1.817172984544625,1.8858476501310004,0.9697491282886593,7.89629183227221,4.029364536784163,0.6133430530038224,2.429133869541326,0.7614554928227204,3.1944338121326066,1.824116100565526,0.03322916078511099,3.071539590261287,3.06063541287345,3.035518342816698,3.658714195803314,1.330902540701354,4.38308907217279,1.4464150499591761,1.0306185858454775,5.439772717997989,0.8155754288625726,0.6613847761797584,1.9509162706440615,2.548831154004822,3.699340631827797,0.962586038356883,3.8840899091335332,1.1615007625531317,5.580688202370301,3.0
6.199097115008133,6.168948848379829,1.144764274471935,0.07997537672059589,2.536749205648026,1.6285869774681907,1.649753399404938,0.7138717425358994,2.270648539084831,4.33884510977868,7.480525262019679,1.398952279874704,4.9586710260725475,0.1307991108381943,1.135075130368401,2.5970066792106756,2.4381065136182034,5.979945300672136,1.9983760544382494,1.7435149680500681,0.05949372539167156,1.4105581981425823,5.905606025303512,5.545866462817144,4.927583614711872,1.262613558403634,1.8610819418748847,1.1712068274181424,0.1191569418736321,3.0112809361004897,3.1903145967004156,5.177319866495129,2.5344351801818408,0.6074841930138907,3.155830171556526,1.5986034113905425,3.4701724035335246,2.4969480237295505,0.7667223592113933,2.1155327046236847,0.6130601068961155,4.210934292082059,1.5938795954572094,5.826586619695535,1.6125884066987175,2.0830090783816213,3.0992952043377753,4.323370069061268,2.067328944704737,1.2144978679005165,2.4007018628877956,0.637842060324105,2.1743424961991202,4.81155837053451,0.79002130757603,1.3070204325183918,4.737221649811698,0.9779759131991259,7.475418921588363,0.35681991507599453,1.5587084582241661,0.5958855279059481,2.703189314514104,1.9380975610740931,1.0907179597677998,1.1656225671789329,0.23388806017427727,1.1186919527918056,1.4300711279512799,1.3767904605770522,0.0,2.9315317835941235,1.3145225217916148,0.7251739993673084,6.600978852730016,3.43235815907366,0.5654996931661993,0.7865963618908067,1.5186358471628003,2.678071905112638,1.8877981872310097,0.10648233046998125,3.4894915566990794,3.6322914845867125,2.4119956182422637,2.668028329189949,1.7571939695466374,3.4526086123467503,3.245754241666827,1.692203991615852,4.436235145126863,0.8306609743997633,2.174214643040503,2.6548708500980513,0.1257833316273236,4.806427177009878,0.4747734763121333,3.0151228596297743,0.636172166835885,4.076926733721364,3.0
3.6735111977313943,5.903298626071496,0.18840092460321,0.6539771786363369,3.784755228692409,1.164979310952435,0.48160894299005497,0.33651191551276205,1.175492665040977,5.639946965424881,5.6881887528315564,4.726329891480859,6.289688786927742,0.0506061736907874,2.4928530182917865,2.2362476838435197,2.484911486910828,5.284973045739124,1.1871976495492864,5.127674546156302,0.23682933548639973,1.3446012830366771,6.252165842364358,6.604968280081832,5.712958884530808,1.7852157323148434,1.638815272993595,0.5491269801992671,1.626018532707747,2.32016693240979,1.2955467170210546,5.045163351603224,3.6563819572110434,1.2724413009436704,0.5964581395589856,2.2208252157978725,2.0797023716973784,3.4724227837359423,0.8228524914529297,2.5136675975376286,2.4172179269950864,3.3733976491942124,2.0427843980892395,6.231228862261669,2.1898561792467186,2.133201820296419,2.4933399088135064,5.7676415575833335,1.2302645080081003,2.181897643108388,2.0766275001026178,0.9103489153809297,5.804466642732778,2.0672945214685323,0.7046949357990487,0.6954593826385583,2.68070692414537,1.8420536017612021,7.980925560874364,0.07464243793449277,0.8151655140875776,0.1976138096910743,3.720781897658278,1.6295198248324234,2.5996510510886637,2.532416710078908,0.4056656747574566,1.962067735839762,0.5606171413254607,1.2232989733327897,0.0,1.239092482941906,2.6448253552390653,1.7718010843842755,1.4003193228644848,1.6202110263241136,0.6262054829530376,1.1738310155676999,1.103061156333551,3.251991702131708,2.0232908425166833,1.870305530880412,3.420347652652907,3.8620148964120617,3.3073265128454428,2.674008608617225,1.8314719328476985,9.808786601524872,3.47692599809657,4.442034477481377,5.504915892180056,1.6611567145531294,0.6228366663822764,0.3913278068436113,0.9200645853785641,2.9169160740106554,0.33559758764193715,0.7232527345010678,0.13461524442510825,4.7637674236868,5.0
2.745968714664241,4.835812938002926,0.3109217352303438,0.026162654489675658,1.817377671496558,1.488874866614148,0.18421680809224125,1.5252169694083217,0.6435791657317148,3.971736666736236,9.860912375877525,0.9088897469737209,5.663398705182906,0.15561972102644722,0.5043661506122717,1.986629370960682,1.7495771724600009,6.148187760042084,1.4743581628754001,2.6353132746792385,0.0,1.5786006361527425,6.731811839364096,7.504064975022269,6.991013837290654,2.8190754533071916,1.6567709255608365,0.40762467556660875,1.1286233484191206,1.5382401579742764,6.112831470394598,1.6545271958145156,2.0394542779444693,1.1370444113742637,3.0848466466130664,1.5071603491175234,2.506601942191015,2.607176418070667,0.7324862930299444,0.6759965389643046,1.3312465993001201,2.658325751100901,2.728725961220202,3.174566211966351,3.400182676841889,2.5528688710113028,1.67897330785417,3.2189206267294272,1.3110961739030538,3.364432358016326,0.3263072348862718,1.4029404197990334,1.9719205596457285,1.3483457451134808,0.9951588581653732,0.39517250599577874,1.3550726624541847,1.7837499830071748,8.850890976059581,0.009203827329839744,0.9018033502507437,0.070389327891398,2.77184333206839,1.8397177747603757,2.0633303608069524,0.5175276703372659,2.1517289553433367,1.4223406604749629,0.36479652285873115,1.1690912034093872,0.10728613495222236,0.22478119439558927,2.756724432567486,0.5548343958941927,12.996531622593395,1.678477606043868,0.38714192839716993,1.1679359177023092,0.8422145539609439,3.8716268337830795,1.8729075393656751,4.753518964641375,4.8948905024006315,2.663299071842335,0.5334636767204042,0.44763208998955445,1.8749543064709386,5.480895193975235,2.6031218698399963,1.0519288849942352,5.310412835263556,1.2474414711444077,0.09004041547277068,2.7006172696816386,0.08188496672922738,1.161307263720935,0.9396027203560439,0.5519835104183807,0.0,0.9616233282869445,3.0
0.9265308398944193,4.091319013927592,0.3760680711336855,0.0,3.219648693391021,0.9983399459888642,0.12565110166152013,2.0360109223398823,0.14469902515413874,5.059783557397634,6.146720383025548,2.1905200469051342,4.744376407120827,0.06184530707106949,0.3520805137298626,1.1339580101005495,3.010224849309626,2.647199365683322,4.5790413279196605,1.6403895600549454,0.0,1.2618316587521363,5.351416318760601,0.4379734003380242,6.069403578964449,1.0489336451979225,2.484782623077873,2.0908534304511135,1.4118058523701205,3.0311128408502492,4.348593614432674,1.0227583975781576,1.5205479681065772,0.5896676236645071,1.7392864653816333,2.798071257897196,2.589332051871264,1.5285213112435534,0.6203987305971979,2.8698121972319304,1.4849630292212919,2.92829451439129,0.372840688587793,4.381227989673362,1.0702519218204443,0.7608596368219074,1.1845342117942428,4.530788664024869,1.099160524068737,3.558279880990519,1.2798872548411304,0.029700234215419886,5.455642852382368,0.2691528672171736,0.21574071346401794,3.1259981794764578,0.7270055503105601,1.2479882572191312,7.809737908152371,0.252173413202027,0.09922786577486106,0.0959919129246028,0.6206802412243009,2.5717981417098605,1.772730247767181,0.4801616993481647,1.3363405231703107,1.1558139841440758,0.6212430977400127,0.98469871033933,0.0,3.815472961087332,3.0061364186408137,1.9046960308543057,8.837127081275373,2.7673581784578745,1.909235472891475,1.3812833725037834,4.2723591813866495,1.0432745034195323,5.8359518569795945,2.7015046997649126,4.204993620864234,1.7113186888605822,0.6961719126152048,2.332421514135815,1.0975433793951246,2.6048304370991024,0.7914390258724417,0.4309275174048685,4.391534032817187,1.0547095827006354,0.11490002395719036,0.22268093149457158,0.23988680079572053,5.240043321479257,2.0040698675055175,0.5623767641710539,0.19748800240598138,4.354339313378527,5.0
1.7925638693751578,5.371290510317199,1.8934010445626355,0.07983888066667044,2.6830226650636826,2.1107641218998077,0.10608026022513196,0.10379974315766799,0.33433943990692677,4.721383597229451,7.545671894458041,0.2527789515281839,5.252968130144116,0.026162654489675658,0.4760186997578249,1.8521986425335661,2.5466352143858786,2.7980090276133933,1.5713855721580405,2.7865336346558185,0.0,1.034779158048019,5.92685813597788,3.9392453871889153,4.955670828634071,1.3051533945537528,2.5361523930191803,0.46560884839559313,1.423954594014897,2.880646347674437,2.0765590951316044,2.2191220436316836,2.3143775025378623,0.9697491282886593,0.04166353172936154,4.416704651782959,6.402311176665092,1.7816534687880108,0.399006986472397,1.4958486326567533,1.7273977231800033,5.764691159660109,0.4663399879794748,5.087450111532053,1.7216351426555818,0.18802105141694836,2.0153905193928607,2.873793516164244,1.2645364309990257,1.3735090155180074,0.14756720709463242,0.09125976619267828,3.5308947612924144,0.5444853862360906,0.2311866132278648,0.613154428431299,0.9940003576938746,0.8897850220035532,5.858393845320427,0.056583528366367514,0.2156164770772123,0.2583380111690374,1.0214086569387069,1.292192773901891,0.6637544823833461,2.006513469424323,1.6345932684457567,1.031959741397545,0.39517250599577874,1.0183493098788918,0.03421571533791298,0.0550567933689351,3.086427123713177,1.3982409052644682,0.498046577660465,3.7306725588261584,0.02658762234808418,2.0911581929859695,1.3502143379664724,1.30439421966803,2.3900347857728605,0.18928690658361216,3.7264606888554623,2.836651300199819,0.6394174091458965,1.3622734949207445,0.6600158653256635,0.8681335998517574,0.37183761733042053,0.3088268243478838,6.350079936698534,1.7790075156562355,1.0169241442578214,1.9255057805467075,0.29560548858806107,3.5938318011506376,0.4997821201473117,0.6840107816273111,0.43999539792323583,2.760306121519131,2.0
4.6985685504923085,5.261102004820918,0.6070106659013291,0.2396424418789966,2.389098685904327,0.8414901276133656,0.6318958590538042,0.5425057014782615,1.8568263771860802,6.10052147884253,9.529366519711084,0.4363750822445388,5.103287808412022,0.97834208874892,1.816067172902176,2.6699111658641868,3.004051884507083,3.3398072557316003,1.2229899855093538,4.314696525656286,0.0,1.4020126591536768,6.482036700177364,4.001703177775604,7.861714729533333,1.0631577586603222,2.1248243896791883,1.2144978679005165,1.098891125806269,3.90248847541054,7.312921971037766,2.391822699664503,3.0806235566763296,2.182501620373253,2.2210108948183853,3.4952090664547457,5.1193354246602585,2.331619236878444,0.44222694522181843,2.235298169541811,2.32920972476781,3.289347584090197,1.4619999514198545,4.420792278100378,1.4726437300641484,2.009311337362124,2.5255928441725057,3.769655388183544,2.7105034014857896,0.37740143078579397,2.154712813782158,0.16915535883089372,6.28732637813826,1.2176029765867877,0.2946648560912417,0.7099081711402665,2.5033741793001116,1.369494402007409,8.810846973643391,0.026020970714370147,1.360195694732358,0.3766237874230145,1.289834465177509,0.5952171936041825,1.4190534171165767,1.1920678844796502,2.3804246996243696,1.4680097740928324,1.3391373849195856,2.5536062566858733,0.046421211248710355,0.14509047680241982,1.7934797605267,1.5561105525814631,7.633944810198066,3.138257462758958,0.08488065359129648,1.6224618673827302,5.56410374991986,3.4832482593378917,2.400729183294203,2.443447521923358,3.0862742499648164,2.358058618305492,0.6219932316661233,2.527971112909713,0.3841603539038218,3.1725195181507644,0.6167340849562708,0.8999489861896718,5.6438100227947405,0.7338749185750526,0.9654703200606021,0.5615949745206071,0.2704691403105779,3.257086070994456,0.6877773773963047,2.8930320812631596,1.5229094594629564,2.3118518311870577,5.0
3.171302918470267,3.7474948189626134,0.7252612688250908,0.0,1.00539998774259,2.2461040098839167,0.2623128779163344,0.34016344331109105,0.2613502790209806,5.082694074815978,8.75875421535343,1.1054098940400816,5.091839443030768,0.026162654489675658,0.6843699290130068,1.7995847013697042,2.577996730210377,3.4675925087129493,1.0457225357346005,2.488309335703363,0.0,0.12498976997866353,3.836307933627968,5.997154635877585,5.136835302852571,0.9770967124969541,2.0043935231526153,0.11889125217842651,0.690282989063512,1.5976980190212493,1.8681335998517574,3.9133585847679706,2.1042360031610285,3.1341059139305423,1.3821692087682493,4.241519888014074,2.1295467999215916,2.2796792902340175,0.3307878362655241,1.3761792315175205,1.9469553866431188,2.299332588580872,0.5206485358833348,4.552475444491033,0.876644634773139,1.2142491702545137,2.1756523382164508,2.996804500896167,2.5707300720398383,4.115998712900831,1.2403143293337102,0.2681948228284253,4.012845744456,0.15626716305180363,0.1826922975161903,0.4737349684635979,2.2969859316319687,0.5233612193040956,7.053981253899947,0.4360552060285529,0.4785059269367176,0.5692966455616446,1.271306143797337,2.5187617225034513,0.12021921162499426,0.45343856134876015,0.41943102243145913,2.0092038273298396,0.15393501070416332,1.5675454476437467,1.443394474838584,0.23216954294797806,1.555227179735685,2.6429787644255205,2.1933301953843043,1.6377957004841006,0.8546340431338819,0.25954367314869103,0.5471536588125689,1.96262305284102,2.7496415272537793,5.6685616709213615,5.291563040597209,2.8150015155605295,0.5444853862360906,0.7472584859223782,1.4399953979232358,1.803599030173269,3.8238512419538,1.0420839586712523,4.308717631017307,3.151858816727005,0.6565421333499936,3.0346735293002713,0.0,1.3024067945577258,1.2077679375721706,2.797490337499556,0.19824268160761352,2.777156666004501,5.0
6.941507786414256,5.464985128533663,1.2029505034834411,0.0,3.9725272399947706,1.0722430301048822,1.9549779462429597,0.6024568801804286,7.293619704285671,5.4735888683246445,2.8453294637765465,1.9019577730543045,4.982103733425011,0.0874628412503394,1.1237324039773344,2.917049786883534,3.061240486804671,5.046508521901974,3.3620630432886416,2.5065765549218066,0.0422240737629849,1.1763227726404628,5.402756279483408,4.413743001575921,5.702169914279975,0.7120234309108124,2.1684173991813047,1.5011078923772916,2.598936833822527,1.562376764171054,3.9289671767987944,3.636984162039977,2.6494085238188063,0.38890588403906945,2.732876979077496,2.0105292247964073,1.602076748423829,2.4506438150603227,0.3679301414318828,3.1909940511283326,1.5693938720361154,3.989129922358262,1.5325164539285667,6.8854852913088544,1.3240617050655135,2.359689831072047,3.064089565027208,3.0686708106650986,2.412916983302135,1.2597846846829783,2.784043252026675,0.41316077559081366,4.451164944852345,7.291364120327342,0.6896569939948823,0.3562565163728182,5.364978570814823,0.5964581395589856,6.237510182203046,0.5092397819598663,0.7060221215424783,0.2047667506546134,4.141285636378358,1.3896218754081164,1.9210554212223323,2.1636919374311567,0.8279815726475619,1.3354260866363397,0.9744558910206792,2.21989646206466,0.012211083950874365,0.9602892836662538,2.3908602521370548,1.0289227105960133,8.810281459988316,2.4370945445222976,0.19585150857564437,0.5191392826429724,1.8006203911160377,3.8561789887970654,1.7414885592498122,1.7796799636147558,3.7530910302981053,2.4464679860973257,4.9756852079257605,2.074231394185792,1.7798060127206758,2.36779039279605,5.376693236910635,4.651091885107717,4.191120425956802,0.9429835981871018,2.040927489638674,0.657365615558367,2.855431641031734,3.2697662802389207,0.6602897514282212,4.17023755150947,0.6528765148096225,4.805720659888247,2.0
4.149625196462153,5.508479361483933,0.029417546835091735,0.0,2.0824300999459493,0.9500950941736861,0.39966330388801763,0.23044897620750635,0.6877773773963047,5.989724869694153,8.061363631486765,0.3815048825673062,4.173223396699712,0.046979908144409395,2.0827366468848334,2.012175320120362,0.9620677358397622,6.454330553387608,0.19597745864258795,2.415298964060475,0.0,0.6285403192627604,6.547704301954816,3.497829487975167,2.379121865152036,0.9870297505489815,1.755913054039524,4.74487688230383,0.04306447866493742,1.7801840939740006,6.344553350521227,2.682753061230546,2.332707933640605,2.5312192456843317,6.034270748736517,0.8871353004619081,3.6324427245061433,2.29983076182237,0.5763770146074676,0.2659169143669151,0.8999489861896718,2.062259894470126,2.8768017739782707,4.098747987515553,1.9297152637076669,0.25447310795273254,1.0501185531416763,7.8488175815971015,0.8818212127255665,2.4783247114850275,1.3680419305947678,0.03773362744651491,1.6002221704340522,2.439809279747026,0.32215890762937754,1.3419857472286159,0.8527978928187713,1.6682099144690925,8.570955433800389,0.7464847615426021,0.24110797493405445,0.09801523386895944,1.2066432239833953,1.198808432050279,0.15536066283920233,0.7758512310355415,0.12220886170022928,0.49947599961550815,0.057138304393541776,0.8137709320158246,2.1329715968792087,0.26002565596145555,0.9882665854261733,0.03604610015685955,8.411561830994257,2.8200768210975133,0.04292444517384094,1.2875904955239414,2.9860285931621027,1.339707507448597,0.6712933724815757,0.018634174139050975,3.237426050008884,4.465569669744976,0.35264554528092595,2.848016943846926,0.5318679956055548,0.10835717809041852,0.7840851427347569,0.7430409572197827,6.297011618849327,0.5446832053836497,0.038717107572853585,1.2242872898920016,3.9377398548615887,2.816538270377672,0.3022898018932747,0.3982409052644684,0.0,2.1777264829320684,3.0
0.6935873154028048,4.515289833897457,0.17747136444495093,0.6401581549632809,0.5471536588125689,1.2732174731034955,0.12446048627433613,0.3294106712185684,0.22835695420104843,3.062760695339215,7.309237135398964,2.660928616868756,5.73431943021488,0.01178185945991471,0.41066673265765213,1.4385057797827492,1.6921593461767763,4.54165112334852,1.1799568474051354,1.5473017515783545,0.0,0.006190289072069835,7.731951641379524,0.4709272574751268,3.552918041783479,1.152118504431943,2.0025225097687107,0.7068178473397615,2.5432979013970693,0.7432133428145499,6.469454600658542,0.10447085776291738,0.9602892836662538,2.1902671809594985,8.257559447190522,1.3474388887681414,5.506640022257204,1.3594087190427702,0.2343786893376148,0.4914939808721646,0.7293569900333181,1.892313302874871,3.924042860994362,4.374663934136937,2.897859973618413,0.8101551530783196,0.6205864104518776,5.645410577364339,0.8137709320158246,2.219493816358861,0.9236436253457025,0.8833080029624838,2.4326387727507526,2.2846325762508295,0.203890227146661,0.16992500144231237,0.8283066137756437,2.288653863605169,7.869810346913219,0.6841903664960174,0.05644480101966811,1.140189680456841,2.6445946606032558,1.430178204437831,0.9307751782480175,0.17670573818911434,0.23216954294797806,1.3222743001542052,0.08691960673732627,0.45859198815185565,0.0753272507070651,0.475188670225608,2.819688618125685,0.2223099792643156,10.344597954441227,3.4835062497072076,0.007195501404203766,1.7599227941755813,0.2232989733327897,4.780782520061914,1.5921101507500133,4.9267964771750075,4.944703863057506,0.8977825446614167,0.20826752896869236,0.44763208998955445,0.21797514092288733,0.2067682354683216,0.5927320948670738,0.3403913572200783,5.484009198269738,1.682708122359675,0.05561215668669251,1.3632271574691328,0.8730257010464725,2.5278210223950333,0.06584800336608129,0.2741721890227864,0.6409910396439075,2.205455074297597,5.0
4.160839534370271,5.239707353753172,0.8952250549986615,2.6894333584840737,2.9249549849688803,0.7381192887825767,0.6000794117921392,0.7720545519333253,0.6737373148487464,4.575130772068884,7.92674489519055,0.5292712437059316,5.0528331997629445,0.01049341924845273,0.6038814828842078,2.5556443954280192,1.9865929673058969,6.574454265068833,2.1433281073443053,3.694857911622643,0.13842131042024963,1.7582178837421285,4.253475006541852,6.523977455116635,6.422084955349904,0.7573646723854911,1.7536901028433423,0.5847701285572751,0.17325538302097232,2.447023698309387,5.406903963753376,4.913080884680588,2.9807930704538528,0.7970129778361451,7.180510916538984,2.027012465062582,1.9063134021457728,2.192825403552391,0.7058452339698084,1.6386299497599814,0.9129563810806243,3.5263943831848845,1.8345494242781577,4.157747095088397,1.8240753562515621,1.1550367746756418,1.5142485299218613,5.764762804112035,4.087785289987139,3.2772706596556422,1.7317046033947345,0.02233230009805639,3.1357482704036745,3.132395877552805,0.24123003551544533,1.6309645472656766,2.66471037684349,0.886276994617085,9.083210442426426,0.8208120772287196,0.0753272507070651,0.30824436439371317,4.387824338897587,0.2608687386156793,0.16697247241069538,2.563548654879954,0.4377603935399274,1.0679828301843026,0.40882053452885037,2.227309804497919,1.1890970991007084,0.35524184393088254,3.2811492539694163,1.1905516520322703,11.985962334413193,3.372381034164188,0.08406426478847456,3.0298238925286096,2.7163763839121255,6.4665341346644745,1.6937211150820928,0.11116488907888972,3.959399234772121,3.625375706407895,1.4030495288965246,3.5598466309449823,1.6487415304917277,3.089430353426515,1.3694385647537635,5.620952902271679,5.194536248007431,2.386231545325411,0.498353001614512,1.7273977231800033,0.37784561029696545,3.840594153133551,0.46999013822107316,4.055377888857353,0.5495213207896378,4.163273293569882,2.0
5.951193778595461,6.079395179281999,0.7771145736314252,0.3508366648108816,1.7983823690582645,0.8404430913897917,0.5816886802286453,0.30836087519861305,3.4961299519888054,5.741332148787993,7.1192337336859035,1.8801761336311993,5.67298533840686,0.09288396567848443,0.6253640160053627,2.824930745292493,1.6896122696659353,5.08222995777329,1.0736831536164397,2.2083611830984204,0.0,1.1385523751526485,5.214012090399793,1.1683211157397226,4.904122776772293,0.40512103545132083,2.2414741257014414,0.9699701011593167,0.44847812141147714,3.2006612824102567,8.406933717238052,4.553126998870854,3.0328061450832418,1.179001399099244,8.509122972579082,2.0690834415309745,1.2034517656090966,2.720169000151831,0.5243646238798677,2.8725529962450973,1.1040011103212146,2.280273395310006,1.046630747940162,5.198769150992734,1.8721983659739303,1.36513259345253,1.9600668229157594,5.257410473025605,2.013247849565275,1.6441331606342235,2.9746944971155784,0.4188915560074607,2.602100509593213,3.9331665871008954,0.17056605679206857,4.641245436307837,2.4499574836280034,1.4256204307310374,8.715976743065982,1.3857071246579338,1.0632958420295782,0.8608436440011059,2.5423571155529134,0.4045761904579163,1.4479494099162467,2.778692197748024,3.106867542668074,1.1813570279852885,0.022900402110078828,1.7755562918459444,0.02772025835592744,0.33170521649889234,3.896620611359417,0.13920752027125408,11.473174989804642,2.914392308237281,0.6876878107322444,0.427391629686718,5.09511003772317,2.6488565513434965,2.259724435573914,0.06515867512854683,3.607709063957367,4.659005460709327,1.1147667926655143,0.9900109020609001,0.47404659931930554,5.646168418708053,1.3111543154405667,2.933232696240941,5.5204945386236375,1.1110313123887439,1.7836661809078285,1.883699009019811,0.6824834070057387,4.247084429521197,1.047957107396655,0.8459115072335314,4.54881266285343,3.784168920502028,3.0
7.309030629788749,6.492140003812953,1.0987564078081427,0.8108132418300152,3.395556412986553,1.0313246125997506,2.5388857591117624,0.08610437124329078,0.45249000921845045,5.009566641584083,7.493656139460062,0.4667576157261716,5.358188761155092,0.09477655689559733,0.5681294165004911,2.0298062277042126,3.6531632268893777,3.7468394367262507,1.7526629689826516,2.7194025119332608,0.05088474002509346,1.0031704428801282,5.895377759743307,5.693576164869383,5.392059775659424,2.600745497962084,1.768925335563751,1.0841323148364053,0.6910874409518938,2.1519562050942813,3.0233973079277807,3.8335580550703567,2.70298992331195,0.42556672407525103,0.5362518789372893,3.8841094513592296,4.727833345817799,1.8781367666269475,0.6768089943477886,1.9984843743642866,2.125221270553076,4.381871683813497,1.6169692775752507,4.962137162155532,1.0170667241898335,2.0180643893603616,2.778355782667374,3.521063303876202,2.3572423197638903,0.8925853151926533,4.05399753948633,0.1086248146816487,6.036885715931756,0.28747229511906675,0.5287713320474109,0.7476022302749431,4.989561397162426,1.2830327746164152,7.9909968249725996,0.08392815506235927,0.6331986863740039,0.14221736180382347,1.9438838291190557,1.1579491537836943,1.6596506029549831,0.7961824107200047,1.735478852470609,1.421909973094829,3.4930324181283408,1.9295259112850762,0.0,0.8054575614650358,2.733159075439675,2.71699089440494,0.8228524914529297,3.587100912768008,0.5895717539737456,1.7734056272825354,4.599032083222812,1.8082202795008575,2.1193561770396756,0.01178185945991471,3.5870408882604714,0.6259250484996542,0.9451581954535143,2.570098568089166,0.19383481065383806,2.4795151394043478,2.2587601074829395,4.79245454807018,5.141976315119995,1.6254107770471267,0.3534362178617833,1.1388799849006077,0.0,3.8956613113939365,0.7356954635907689,4.05906103197261,0.8385887791425332,5.488720652895283,3.0
3.514703009540874,4.466640170141147,0.5607149544744789,0.5033487351675041,3.313913342942171,1.0311834348874465,0.5979839937899456,1.5614483417854796,2.277092082504313,4.842506234063066,8.92184510154901,1.282736320276342,4.95114481048268,0.12684073527769343,1.0025225097687107,2.195473592387265,2.672787384707707,4.743003245125026,1.818277949242396,2.5330150697629654,0.3534362178617833,1.5493241639678907,6.544613662681283,5.528646327061596,6.205887064280043,0.6188024652975002,2.2311558858806886,0.5749249780093444,2.040331370879628,3.742502119436521,6.673259600786685,2.303342394487331,2.4311147848528383,1.206580714178542,3.6128950293696596,1.383386346199016,3.1837246943087427,1.335540422905292,0.36064520246021614,1.3245226115958146,1.2231753861445624,4.7762672034617655,1.5584635725377551,4.866804147827573,1.7624338651661071,2.0878022589770873,2.6228132442972067,4.071196324370833,1.9733173802693627,0.7868472435610134,0.7526629689826515,0.8168863740149196,2.8793921028304843,3.52743321627806,1.7604338746701116,0.8106487477826461,1.9207887246616526,1.3488556014150197,8.450574536799415,0.5555216974545579,0.35884633060509863,0.5492255754523989,2.1717192390878477,0.4673838307577306,2.4411381688289446,1.087259152277948,0.24379092506481007,2.161533009835471,0.5849625007211562,1.0111377831889927,0.05004887960722227,1.6792886658046262,1.9280860201230083,1.0258792730232589,12.07109792206431,3.1573024663189737,0.622368152416905,3.541328977045603,4.136412893201595,1.3954467356989158,1.872277180234583,2.2903064354249145,4.293017272049508,2.8347516608515,3.2426482324639325,1.474150461314303,1.535406029878033,0.08854869701023801,3.651407655589246,0.8145094080943975,5.769033808775685,0.6867022102560776,0.5763770146074676,1.6076735603490564,1.7733212221316623,4.233949397945205,0.676447959550887,2.7799950657326162,0.1126334169852453,2.7745656976269717,2.0
2.3919326527962452,5.151018569068538,1.2189051319567599,0.0,2.3960772662681005,0.9698964472963324,0.36131920155721625,0.26519682698441444,0.9225784565085571,5.697487498009141,2.3812833725037836,0.5135918064995733,5.056778591130871,0.12075005333492556,0.7784609208072473,2.597054368455718,4.081100976681926,1.6914894987466278,2.3986787157650253,3.961956646784827,0.0,1.8336997209579278,5.697987828646975,0.6889412383010002,5.079331172628227,1.1805934615893643,2.4179200078119654,1.3335954729124535,1.2985410185165307,3.4764853815973873,6.1260828703169565,1.566084490515467,2.585707700665536,1.4005925760881912,3.154307760339075,3.4613059041686483,5.352377182886664,2.3356833305001206,0.6170163114983772,2.83848793298525,1.9492360914445936,4.358846330605099,0.5808208357104129,5.049587207434107,1.9546430113010298,1.0628124924050213,3.0130691500195215,4.897129072331446,1.2988928810541611,1.5197934862411002,1.6458860756877256,0.09990111000794269,6.675834275182731,3.601577673444448,0.27584142314061144,2.463360885816658,2.1594677292667654,1.0580393606832064,4.157019449374762,0.8928961236262115,2.009956229364915,0.16800012451782012,2.541960811586987,1.1434587270855345,1.507109593781773,1.2109498726992693,0.9538239539411667,1.1957255475120563,0.4500630943334338,1.3423271731066475,0.07423139418579203,0.8987114179894946,3.482912802870846,2.7790075156562355,9.567903612823745,3.24996103893073,0.1585955515008968,0.6019816998326367,2.677440587921541,4.9014268754047965,1.9917893859271083,0.8292812979975314,2.905889980126704,1.4313555215735165,1.825215762305661,0.6527847549087559,0.5276709162640892,0.49661573802968845,2.0732718364245195,3.7888005370528446,5.95874757484733,2.03899797879751,0.5218548027102057,1.7245193101121479,1.0694272104560145,3.6966504461207643,0.4965134808768024,0.8230155999936223,0.13920752027125408,3.0890743647299868,5.0
5.022407764030268,5.01111988807626,0.5239633457906694,0.030265442857669595,2.6769443591069124,0.9172407837780857,1.3631710771192438,0.8422950233276651,4.3339174287961875,6.495955732278188,4.727070919859091,2.0327356304058948,3.96287287577244,0.24171817459670142,1.5500140949997396,2.167422160281918,1.6249430984120374,6.920299255842047,1.4583820041560132,2.264206119610228,0.04460395064976797,0.2795307257299897,7.277021389608282,5.218393711076788,5.070762834503662,0.7712940156516619,1.6076262208454872,0.8007446239367776,0.5928277547842847,1.189792937820259,5.682219321731286,2.756553653952757,3.7258611034861935,0.5525738111798439,6.675337493458522,0.9749697628127154,1.417866013723713,2.708032692697105,0.577054131873994,2.790667793124725,1.549126980199267,3.5271329076741385,0.22453426327972947,5.252313466533177,1.0432044985651676,2.1953160980866064,4.416887020470003,4.88363547774614,2.2966336036392807,1.3306157625103188,2.80514797246787,0.19685880136635595,2.4255398699975954,3.9268533930866005,0.6997292933866706,0.4221253328565201,2.847656230005509,0.888616627068146,5.7083279664310345,1.304978235803961,0.7780403222675232,0.8843243983727148,3.4035267841990633,0.7665527600763142,2.3884650972831536,3.5458201393973803,0.1728715003522772,1.9784153127073618,0.4940571323136817,1.8722377736424585,0.0,0.5853471681120203,2.0464910601940334,0.6762674082658896,9.478963920327176,2.3490538302144643,1.0628815522667368,1.3393084453360722,1.7595393649540174,3.629613076402548,1.5296210788262472,0.0,3.413743001575921,3.391644007950662,4.145970854859234,2.3858175448516956,1.5327159209422458,1.0965992072142465,2.8142632913997816,3.4064414306858564,5.073404670421324,2.5770299545859934,1.309001516488424,1.822607794060249,3.9564005528931165,5.147929398295446,0.5045695476295113,3.7511744675929592,1.1084240918930273,3.967998564113285,0.0
5.022065925252076,5.355763361959832,1.5601769000699721,0.09909317921910914,1.8363685336674989,1.1603393800782484,1.508631477646895,0.24439999124554931,0.487074680051724,4.532254611613881,9.215680295151278,2.276943251324433,4.58909830396989,0.31301360854158516,1.3708896314549368,2.3511760027028115,1.9221217147231184,1.5311194121059313,2.1836135486057637,2.3407901199434407,0.0,1.569248029867182,6.730646748250336,1.638166537498227,7.346066007173433,1.3961594890731543,2.037979560338516,0.29442960210932806,2.4749032372462736,3.8480269623885546,5.402746048776709,3.0829750272577683,2.8568064618745406,0.45122430212668996,0.21958674457331648,1.668573016475889,4.898861336269419,1.6155104648841228,0.21983452388537061,0.832120371553323,1.150819598212133,3.138978253319883,2.3353117413053064,3.936477761518627,1.8292000994585544,0.7136958148433591,2.0813396274519387,2.613696657620227,1.2431206551458933,0.8133605041330846,4.717780594909271,0.26771556195170204,2.346786733492437,0.8085086166739743,0.82268936446939,0.5526721711622167,3.1882584838796273,1.6838311744013226,7.947348223960969,0.07888304652198912,0.8429386167319208,0.06846445096690573,3.284025453030493,2.1522807855134167,2.7297920215599656,0.3487989596121077,0.7213289076370348,1.5374948744141161,3.4553864065793487,1.4013574098902775,1.4225559559597512,0.6622054996536166,4.002981492446822,1.8642554914187404,9.57840326220716,4.162475924101034,1.1028596579220564,3.131688250575853,1.9692333932635708,2.3587619534277424,7.001556819513829,5.880029160307745,3.8957582393471646,2.660038691153586,0.5374451751516318,0.9722515078258537,0.16182320294534797,2.0262689081905516,1.0555427479622854,1.779932050814574,6.3104255599507555,1.6542980474729088,0.12446048627433613,0.8369743941020461,0.060185765046563026,4.59390946609479,0.17133494739876848,1.9622158412747437,0.15730246631897368,2.953842574046108,2.0
1.0350607969051142,2.9345353725554117,0.7949356628035361,0.0,2.0024865049510576,1.526469504640831,0.056583528366367514,2.08702147879072,0.01735184178777496,1.8065302892595656,9.138196783200248,0.41413553298445116,3.9061979357372207,0.004033901284489715,0.5424066458950655,1.1854225708376382,4.4679315460262865,3.576268162541808,0.6781620707350468,1.689478088359622,0.0,1.1303378595937152,6.4886515726545895,2.505865529945788,5.802668865920718,0.3565945819961317,2.2613201874540123,0.007195501404203766,0.05338941954463493,0.4389315419345448,5.612151946664131,1.5480913230245794,1.3176513849083635,2.5217794405746914,5.468902577329384,1.0137123648206545,3.933600963147382,1.4739427298465735,0.05325038470225017,0.2613502790209806,0.252173413202027,2.286467200486069,0.010636636108736996,4.000198356931396,1.4608997971875317,0.01249716268290215,0.1126334169852453,6.132640586339119,0.6407134648396092,7.993368107489038,0.4790235599805143,0.11569915343158636,0.2458607018403533,0.5570914439986953,0.2002532315936873,0.963474123974886,0.22317538614456242,0.973574541887192,7.8806151272733365,1.117828003827481,0.023468280503905366,0.37906639928090413,1.6805944148813485,2.257825299564617,0.6823935110627313,0.7258720072628183,0.0326651122818301,0.729531018385868,0.038857550020362105,0.3859279565948242,0.0,0.0,0.12234140752611963,0.14274017211608214,13.668037218356853,2.255107904058616,0.021906076733622215,2.2381142602212805,1.2579761160107648,3.826528149596328,1.2611697202037548,3.3734950951976574,4.022092564950003,2.0454080213300703,0.06818925877896807,1.6376566120250016,1.0903114713760367,0.24379092506481007,0.047677975144475616,0.0765590951316044,6.245324518978576,1.1344838215107942,0.0,0.2531421525641866,0.344942090560028,7.462049045891085,0.038857550020362105,1.6081941923921648,0.0,0.9124199350153097,5.0
1.1587894143540995,4.460224882782137,2.225336634924684,0.0994972011701899,3.8977631867728397,1.9956654097361088,0.07997537672059589,0.2873540850292068,0.8195864420850119,5.857321682107806,8.349878753508959,0.7625614300488895,6.099360435573468,1.1194225826478845,0.9656919492247045,1.9636960599865365,2.520899924658978,1.901146868870685,3.7674005564460655,2.9422705167668566,0.0,1.8307420907609153,5.848730590880188,1.0996318500144604,5.765158111366554,0.36580449987198166,2.4415631549436667,0.5166203466381661,1.2878859541747292,3.688392997731648,3.7436549869049562,0.46498186227495175,1.9805737492249584,1.60255189747166,1.8861599133374116,2.4668880996082203,2.246712100531861,2.760902206127199,0.25857922418429397,2.7307486294162127,1.3930317234629601,4.216454865144756,0.33090254070135383,4.455195686555614,2.339080360273206,1.4838802538141045,1.8682916687727975,2.8870962976356744,1.4207249194158473,0.4475263011689105,0.5912964344432069,0.28818135232905856,4.242610127118787,0.0,0.0858325236749548,0.9486755965952552,0.2467121005318611,1.1466552221194652,7.309365390522689,0.4542811955500608,0.4127273385916427,0.06873959067230509,0.2772706596556423,2.759070590806901,1.8692002291286736,0.4884121759957323,0.38780366453332893,2.663412937955597,0.16568687702987556,0.774165051506417,0.07409435357387338,0.19685880136635595,3.050501697446727,1.6155104648841228,7.654733398207618,4.503933836714726,1.1013811423550246,2.3538031685985725,2.5586839715259706,1.0727232310216201,7.737619843249477,5.624589315737131,4.44948213975784,2.142086629617527,0.06032413315110383,1.4124563743249543,1.3054452785535526,1.9387374456533795,0.09639680418715713,0.2624331576313475,5.690559569998086,1.7728146874991935,0.16427139768074095,1.5070588366603401,0.22786427254650743,5.057107970593276,2.47503298651032,1.9940003576938745,0.03294716409912902,3.0556121566866925,2.0
3.8846174563356737,5.982863555211399,0.3509497863102053,0.6778915569605323,3.003152448666922,1.630452069406808,0.37362037324573705,0.18941343103367256,0.719227257433423,5.267629427886134,7.9222394822996005,0.7470006238988336,5.351956883573784,0.06805164299778978,1.4211559606622235,1.9358745808504494,2.476770501756595,0.9932758222021051,1.184915004082453,3.995502608984038,0.0,0.5337626705470877,7.032729019478188,6.215612594517731,5.207092433530335,1.1906148602094972,1.7964731636046953,2.414785005552843,1.6816741417928334,2.5668882000118183,5.802185460496023,3.8476061237271457,3.7229468426861363,1.5929234083590513,1.5302205988851105,1.6600615166203716,4.86160804361678,2.6148276103322354,0.7171225411777311,1.0056874201370036,2.291898196046679,6.288511757345794,0.7048719644563528,5.756529636588662,1.0002885101581236,0.2879450386445189,1.5827005061316441,5.718150618271024,3.51151864151157,4.9912905428286205,2.21974161163025,0.1714630560025812,5.898230123396376,0.5389354087733312,0.21288056634438476,1.6240072860736507,1.426479465427782,1.9118832894057942,7.958660587288558,0.10982856530708651,1.1799568474051354,0.2873540850292068,0.7829117428808164,0.47019843955566676,0.6832023729663678,3.4529775375156166,1.6190373209917284,1.1100959291034205,0.4602707607525002,1.0226163790673486,0.15846629512479557,0.20614306969137305,3.6745962368280516,1.8106076213401086,4.663287684736709,4.260755854329581,0.10218779322361488,3.756937877411255,2.8527779218189595,4.1581592648108865,1.3369117518129052,0.11623166060415031,3.433760681965345,3.4113177683369713,0.755314904045098,2.9642137779469393,0.09841955776554452,0.9144114442810113,0.21586493915323998,0.8507994231254833,6.689125803042239,1.84052365962151,0.1631122443471244,0.9831669157793349,0.05644480101966811,2.9126498648972037,2.603786553123299,0.862272841186562,0.456806149230474,3.0450235216984973,2.0
6.9476065497261175,4.527477006060396,1.2019474564411579,0.5241639987869441,2.4539389347604352,1.0010816157254514,2.1457426602776053,0.15146919750307983,1.156914314653239,5.8237187944115805,5.058615222037745,0.47321543407039673,4.6732454648250465,0.0824300999459491,0.5538519681811257,2.7097758643729546,3.381214143633553,3.9980781326998738,3.335540422905292,2.5467586704347727,0.0,1.747645192560823,5.810389117454013,2.9613269805139333,7.092491829745613,0.5053828490623046,2.5640854534874555,0.294194309759318,0.17082239919517525,1.6511320779167218,3.9588148416299074,3.0909719568648395,2.718087583960517,0.9462817022783724,0.5751186673485477,2.781863257361849,5.422068131055281,2.0656757021822183,0.38338634619901596,1.6994627938863487,1.205204812786776,5.445776354720281,0.03534238079219708,4.293061428298372,1.613955912600705,1.057346290415799,3.3665600207369235,1.507464843639736,1.772730247767181,1.6926057384080953,5.056735246129038,0.1578198394788626,3.6778013744294267,2.7911472565601807,0.4430761513626729,0.613908778796663,3.594297728113599,0.7586443002737373,6.950793823693689,0.2632748349720702,1.0385766514523231,0.21387604338294247,1.7077014726757014,0.988775562337746,0.4648773380915413,1.5689563012922685,1.818277949242396,1.2341947229538122,2.6279569643395684,2.712353660276962,0.76009317445814,0.4662355621504047,2.0740600913868295,1.4648250731598824,5.189966845072791,3.295061760217933,0.08990486842133553,1.7926887978667039,0.7369078852103836,2.0435544888730117,1.99262342900581,0.062259894470126094,3.358972887118979,2.070904484133575,1.3454531509384264,1.7078781328168502,0.6750029161939268,6.543857749102287,1.345793757308362,2.914009534050323,3.604130643791436,1.8456706901444944,1.3055036482677553,0.7471725370354632,0.07382023329167137,6.206889330015286,2.8298495598446904,3.1743584770473023,0.22687840419626906,3.1036654827656966,3.0
6.252277508191362,5.804275606192673,1.0528331997629445,0.36367572180726304,3.70458428185619,0.9812681521003865,2.0506061736907872,1.264176087551755,3.2622677704377594,5.968033135278104,5.031377550680332,0.5886127065137863,4.898938707351227,0.18396283484259518,0.8497591238025108,2.984133594540979,2.5280211396115537,3.878028835185978,2.440819347065789,2.7650042462500353,0.05004887960722227,1.714926858410005,4.733050583366492,3.8179608700359697,7.442789268480334,1.1774075777735187,1.9923696408469291,1.3307304806274982,2.181007110218295,1.4739946655177236,3.523775208257848,4.663902459861682,3.1366835776972364,0.6236796082940099,2.886081853871919,2.2204537860491858,2.914870633200348,2.4222330006830477,0.62246186738273,1.7290523898938577,0.6294731967869488,3.1603877896852977,2.1717832777518122,6.353333878416423,1.5055861028018473,1.8987887971115542,2.74553853454927,4.087089389496856,2.251446431558582,1.6388616000825602,3.9303778015430706,0.37417703298983873,2.420563245740451,4.592899495559918,0.39966330388801763,1.7666799612967363,5.512486067861976,0.21375164631100604,6.738234157072293,0.7343085900969069,1.8300524562715617,0.11089772332981347,2.781737387878334,2.6529912064791366,1.345793757308362,2.0534241761617364,0.5285713188707577,1.5365502955359103,1.888616627068146,1.8968143319082138,0.0,1.1371100078023508,1.4899539013313055,1.426479465427782,4.171206827418143,2.930074964856782,0.5627675001856,0.8265179806415208,1.5583166211711,3.5214528258224314,2.0311834348874465,0.2541102418747209,3.821924460765467,3.3389805617180732,1.5721135564842315,3.207283793372214,2.063502942306158,3.4696906523522992,4.309088854626956,4.444580937179068,4.311924469687115,0.9728396727591956,3.2704691403105777,1.6060157527752315,0.08038478741460452,5.091737910629551,0.7738275789806938,3.0418212061907166,2.440633335161527,4.217835590547223,2.0
5.583076748423714,6.808669494066222,0.10554399219892611,0.25084033356164537,3.182167874720489,2.10114578420201,0.7431271525919301,1.3099328508219268,4.044944861420907,4.971276831886868,6.99630173918888,0.8807247017839409,5.3650380815104945,0.1467855409887005,2.398979633432858,2.487460623458667,2.3059121701566205,6.921180418265707,1.716420286200244,2.8720013114831797,0.35681991507599453,0.8099905839752052,4.893643732124967,6.090707375584917,4.747951261821213,2.1825334016472167,1.8734195034348569,2.7273977231800033,0.3115031154682697,2.8103814049475027,5.97027618474142,3.6219346414965257,3.623960479518666,1.2917214204578913,3.6557067337352818,1.5274207046675465,2.894041651371594,1.6429325693584864,1.5066527153892424,2.3572423197638903,0.8145094080943975,3.987357251221771,2.944202526250485,5.411449974068188,1.4271770546821,1.6200702320909002,2.813811968382954,5.535776149864295,2.6834718928552275,4.938652771341317,2.7227064536093675,0.2714256760929345,2.474669659160943,3.5985676829877398,0.6653018037956752,1.7390703927965137,4.812570101587808,1.6212430977400127,6.210488225553611,1.4252444421481008,1.1142337444270878,0.8887724677424417,2.9717182761560275,1.9609935164901564,0.8915747250965541,3.1286728340227645,0.9974008089520428,3.198289835952505,0.777198757149517,1.960771164312852,0.23927582588255789,1.2098276379522757,2.5704143546176494,0.4552285711171388,11.508416272145908,1.900915098219942,0.11583229865256488,3.030512652025287,2.8504794109152454,4.731009412420729,1.1031283162172254,0.022758397578157615,2.855750556764647,4.292767027774768,1.6097549621724434,3.5195922244208195,1.7511637533838589,1.1060132376221192,4.443135842364698,4.369878224635876,5.357629415445859,1.834872989189161,1.7798900393400472,3.497395210580208,0.7179121696444287,6.028116028834396,0.43242497680476444,1.7253485330042124,1.2904244038652994,4.428557823042429,2.0
5.324875393659077,5.410093442419972,1.4225021351005598,0.02800327847275247,3.2325379690085176,1.466392198059672,1.3393084453360722,0.2866446210164392,2.285668537979558,5.259754560442958,8.042104757865255,1.1791925393880245,4.677124825697621,0.24488705912353448,0.6066317322749103,1.6881803585869264,2.2776575010034263,3.4035949506416654,1.7161129421241474,2.7797429895443386,0.0,1.942983598187102,5.068739590672305,2.0555080423478094,4.584565705023002,0.2632748349720702,2.5707543551338676,0.5727926772584291,0.29666296759195726,3.6940221189979203,3.693397744612892,2.021053252054075,1.5221562118914733,1.278163213997833,0.4298569511336522,2.374538746678806,2.4813764481532923,1.638166537498227,0.7089376396264442,2.6589198006644805,1.137831371732459,4.2401998251834145,0.5678374616192178,5.594240988645634,0.41662359163287005,1.427874306792687,3.101364332331652,2.8526980350550426,1.766891938411223,0.5212517953698118,2.3007094716500966,0.14769744361387158,3.085968453862165,2.48078212440398,0.3964883334405446,0.35749570322523433,3.3334952942044054,0.9014944550475747,5.737532642201078,0.05838577100035305,1.2872949763519115,0.23695175858808054,1.2991274084123772,0.8547935979936871,2.2788174030747217,0.6893886272216597,0.9983399459888642,1.3590150701566535,2.4576205558634867,1.0208399670901451,0.09234276899544701,2.467670755164968,0.45027429255382123,1.2936647616235983,7.3787560977318565,1.7798060127206758,0.03280614508324148,1.7126838140717147,1.391272808271625,1.4300175867276594,5.665460992712619,0.24379092506481007,2.3657485196208876,3.3876796121256953,1.8037230067741579,2.5965297000381993,0.7604338746701116,1.4237395071653165,0.9804640761061334,2.5296460638033595,5.593296994374749,1.8130731351263376,0.30696212414045587,0.41359408240917517,0.7146631517757496,3.6255042945840033,3.060566245405756,3.058264536850592,0.2666366425139895,4.766033238664648,3.0
0.8917302465801187,5.268265949546432,0.29442960210932806,0.5050779147516145,1.6970620804973913,1.3660843685494368,0.07244885006969244,0.6258315582335494,0.13448382151079383,3.8310360993435513,9.272607392122888,1.6429787644255205,6.248244491871347,0.019915367707685924,2.1560405913919913,1.7495771724600009,3.6094831313066704,5.6661884898727815,0.3559183715122783,2.19465443421053,0.0,0.6778013744294267,6.218831529513881,6.401261827836263,3.2298955008338943,0.658645654337596,1.908274918479059,3.267011358767853,0.23315180343929373,4.39405448064362,8.107008307877338,4.299259313299051,1.1169635371826598,2.0883451612990838,7.9464150606141,1.562913998912101,4.83521164347262,1.7634540685434668,0.35614381022527536,0.5400272692575073,1.0020903926406135,1.3846024576507547,5.390488850720022,3.2666516330329594,2.3057371035117438,0.903809558578697,1.315392331324316,7.297838869620938,2.0525897861589293,3.4046851759190364,0.29136780428530784,0.7804780886850288,4.645505689567414,0.10178452416693216,0.2568898855358929,2.8009723563270557,0.14234808214468114,3.0593379707102986,8.002164109275695,2.3026699933699493,0.05032755355842493,0.062259894470126094,1.0085585988365642,0.2308178418610832,1.6428863728122396,0.011924948479708557,0.8265993302731015,1.6040713236688608,0.0675010485665715,0.3971457973927809,1.9043877544481245,3.218502209444198,3.4905316238369233,0.45048545986111993,12.293878563647878,5.960273063729251,0.04488367823976479,1.3835522399542597,5.81869464898909,1.5719679890033154,2.354113592492377,0.22391675051899007,4.207174447999169,5.0696592081819905,0.18002052146631284,2.819300310667388,1.6168752051286284,1.6111251552108319,0.5022287488414667,0.40795091723857274,6.496660473255049,1.4584869999743257,0.21288056634438476,1.9056589702720477,1.2499307088656435,1.191246789716267,0.14535138557262012,3.0968521710725567,0.6358008167589596,1.107487016116719,2.0
1.4230940541499022,4.105895940574134,0.6270464593924086,0.08311122693130706,2.5239884289414336,1.8559896973084806,0.0398402645317911,1.9493481642885633,0.04572253573460056,3.6243231906055624,8.277460838616939,0.18573970940278245,4.281861424885517,0.1971105147126964,0.7854250035609333,1.3996633038880175,2.0485849575730497,1.1295467999215918,1.3037515287411403,2.3699131125391113,0.0,1.4323715228674536,6.635554164274919,4.919730977905868,6.389864474567028,1.260567694222356,1.8142222678683682,3.1824539471495568,1.0012257699063156,2.684280150548129,2.31840361737428,0.3894566781666655,1.0387171075728538,0.7600079868320699,0.4169478049098378,2.123169543155821,4.535200712303906,1.6659839183727965,0.6153221234947053,0.8226077940602489,5.074462620704536,2.9139903926748394,1.2421451608495793,5.01407851181053,1.0854926421644686,1.939753149952227,1.220639512876857,4.416988326446995,2.184534211794243,3.721547653568782,0.7317914787171277,0.11316705673273479,4.071445200283053,0.9223501036907819,1.03266511228183,2.112666775252953,1.121413330915865,1.6764479595508872,6.989796383102531,0.15198866642250583,0.11209957977623511,0.11649784050174836,1.5576796588916857,0.9792205310579084,1.5722591092789158,0.5422085143228405,2.0867158410477304,1.7189205108217054,0.10097764772482092,0.6444100783306281,0.011924948479708557,0.33696886223948636,3.2192459785191927,2.737924667511842,7.049353048336176,2.2761690815901967,1.0095621629519818,1.9749697628127154,0.7323994595386372,1.5313689830998398,1.4146226648192768,5.3377075246287236,2.482874091335671,1.7893536636509366,0.38670060228761355,0.13014013533644853,0.07833657112117902,1.7129478827193507,0.17325538302097232,0.25495678746137457,5.7355546700621804,1.8950311209148258,0.02786177535450958,1.4120227256150535,0.36075755751193667,6.802233291247487,0.16954023145979727,0.5171244858056433,0.08949815083910263,3.9803178323106825,5.0
