feature_0,feature_1,feature_2,feature_3,feature_4,feature_5,feature_6,feature_7,feature_8,feature_9,feature_10,feature_11,feature_12,feature_13,feature_14,feature_15,feature_16,feature_17,feature_18,feature_19,feature_20,feature_21,feature_22,feature_23,feature_24,feature_25,feature_26,feature_27,feature_28,feature_29,feature_30,feature_31,feature_32,feature_33,feature_34,feature_35,feature_36,feature_37,feature_38,feature_39,feature_40,feature_41,feature_42,feature_43,feature_44,feature_45,feature_46,feature_47,feature_48,feature_49,target
19.640042067008835,7.533579354151527,-18.30945465330227,5.894802873304507,3.386391499120286,-7.1778516341070375,-8.269411413335098,6.336240241748262,-9.086485863755623,-3.8203091574298966,-6.331680425392583,-3.7801848450641193,2.9514813766101295,0.3438877425754255,3.522328317933736,15.217404936755814,-3.078434702632344,-1.2572540502412715,0.5057950551978446,-6.777572079113377,-3.773002774114742,-3.4722124348605488,3.951251164462449,-2.101257988291774,-2.530798196769126,2.2411980543741286,-2.8946282696630092,-3.5976158683208577,-2.5888246801857115,2.6995972228930523,-1.5461614538411037,1.1939347308565176,3.728788526776094,1.5248834529130746,1.8981582340467145,-0.44061863259716355,1.3128997115166499,0.5114454797833905,0.4512633681571665,-0.4617169031734383,1.3008058069608803,0.8051544423167734,-0.6921390316769994,1.9230970369101732,1.1784384546026687,0.3026904973953907,-2.446017266129874,-1.038366134664235,-0.22173525392237095,-0.21540193606600716,3.0
-67.79004195910767,63.939046830930295,-11.01721702579816,9.043312385285585,4.146207219105002,-9.357790348681704,10.13822297253504,-2.1945233498076484,-15.73327454514403,-2.8328661448210464,1.4875813508868334,-20.71373397049122,18.54079410074227,15.157892293376566,13.50354756432229,-12.601263929049423,2.510846186099195,-4.825607502108393,19.85077619446017,3.3251406117491076,6.285102231668033,7.079042521232619,-2.6196954190010713,-9.589875725103843,-1.0656386947433216,-2.8028554545556066,4.321014066322563,-5.461940640324039,2.739663517045687,0.3113829677166892,-1.3205963461778938,5.594586303337854,-1.7815950030765157,3.987121434556092,3.0013067365450135,-2.283842477471865,-2.7522540486415688,-3.499812872724957,-1.908983411702133,3.760452679195093,0.26734003020835323,1.0038366878620006,-0.8218853769179368,0.7343803679515366,0.3916676950440235,0.6448128588534828,-1.9873917716310925,-3.2097854379776583,2.8229479600059224,5.197609376118904,3.0
5.892569193272945,9.382740738297489,-8.849148465331426,2.723268254102067,30.43854117839833,-2.314667327830514,-1.9143914898818342,2.134362971405028,1.2486386590696177,13.545449528097047,-2.041750261321371,-1.9959190774383424,-0.6033193420479271,4.203450368439662,-9.703648404795809,6.743780614832833,-11.625608091304446,-5.814194817876359,15.25432626772869,-11.274896238313735,-0.23777470312229027,3.2813975266177238,-6.12235006646546,-6.516345576980459,0.26020362119059764,13.208158991620545,-4.4028523757285685,-3.3204808936297305,-9.726116145827133,-8.312210690131247,10.77008454179402,4.753005781150301,0.9891410758565422,-0.6240556238367212,-2.3289344602116397,1.253554136418726,-6.004431688765386,6.5905577084063784,-2.8282031393915568,4.05684817322692,0.9333105052462852,0.11550391822860272,-2.651213307878943,-2.1472422300221847,1.1422787084983417,3.6021686671664015,5.54905709337567,-4.545949609265148,4.565369746668221,0.8010625157848023,5.0
45.674618991356645,6.6825468755577235,0.5407312014841826,18.435827295003257,22.80943633756058,13.490652043577052,-4.916029593139866,3.0943392684891236,5.007841004258615,23.574786633107127,4.113293857918081,11.028484187208367,-4.789633829024644,-3.1274229839892964,0.9402416221308065,-4.4007063143233855,2.6013988914286417,-2.892669458900012,-4.5513564193355585,0.029237223604762844,2.2767597681303964,-3.4161238215017704,-0.5715767041488402,1.9451107077550867,-1.0110908015442297,-4.232149681248189,-5.264093459732272,2.1878208574759292,0.09849281095975114,0.6031250789375938,-0.4812602844147289,1.0759426344926166,2.5223660256446876,-2.1073895818139503,-1.157659481261301,-1.8568012145336317,-8.31958074138016,-2.040066868274651,-0.840713515031457,-1.816305627496104,-2.846309632589565,-6.179734121797747,1.74332593816952,-2.5557468907455743,3.6268827500851284,0.3108597620329046,-0.5163583494397044,-4.270790210340981,-1.8001418391853978,4.169410810716326,0.0
-1.9216064032905487,-38.43174378791841,9.377405948838526,19.062300245941177,-12.957937861147528,-3.7113084239460576,-0.1878735998980523,9.805522806551547,-12.564810646237348,1.230444137633678,-1.755769773848528,1.4712411821298308,2.498622715646589,-1.8837845080789895,2.9523289192440445,1.2359048723143287,2.0345769434615177,2.6229013376996444,1.586091873908065,1.9212363277772104,-1.285667776612449,0.04952201586248367,1.4009394008566614,1.1301295407595564,0.11350261817253816,0.7756557085258887,-4.728060990471757,0.41873429243381816,2.231538426049605,0.24843327596114134,0.9036398161247642,0.7064908919113977,1.5274043659321324,-0.1226184996590569,-3.2140929202982496,-3.991219496901386,-1.7744513069180483,-1.32295590336612,-0.3295220469981122,-0.40262765268263717,1.4972582030141728,-3.4423568371036364,-1.2081113533281038,-1.2224800776080584,4.439513020513961,-1.5405870080375057,0.36783257827900206,-2.6766647198795783,0.45417127389835055,0.07233118645659749,2.0
-8.73069241424584,-24.117414911356743,2.445090286331545,9.336789818534166,-30.374960241650708,-7.105746136948344,-12.711950132026228,11.897853631193389,-2.1848977277406547,-2.3739306645930425,-4.183345137269872,1.9736619417452135,3.8284616562296647,-3.7127081784172593,-4.269454120493937,-3.824154589427909,-5.423016505050852,2.2708096425566215,-7.763681228808557,-4.533285028715165,-2.088532614626953,11.608821749577196,-4.727287310444713,-0.6748927436619949,0.909399958373564,1.9345262346029997,5.280818873544398,-1.4961780195336962,3.6581218308895513,-2.196406498242009,5.741785290480433,-2.8082349246498173,0.8019238736351301,3.7353894022381327,-2.032306378675027,-0.9196261576326622,4.457140292589929,0.49016819712122817,0.37591726288403415,0.14688091042564033,-0.23465639986715528,-0.4699405769075389,-0.9070889387427267,0.19851338946788008,-3.033325290568619,9.549213249254366,2.958004505443745,-0.8492663496374693,-3.993152582889285,2.5880808948550067,2.0
17.36563545650064,29.73489989149963,-0.1292835128060054,-16.962822779442835,5.7287235244437,0.5337450271311915,-8.096522138537917,-4.844628206657093,-5.931436019557296,-11.67742414205432,-6.202850294949218,2.3167598568331513,1.7858440408492813,-7.7319618098166725,-0.316523590372818,-0.7397303208886917,2.87863147103338,12.319964440472292,-10.677091137432122,-0.976732615171617,-4.765542235777113,13.24059712890538,-1.6054213281144791,-6.241935678559748,-3.74547269916493,-5.771018185189147,3.2438880845995843,-5.2246379744443665,-0.22561021349427407,2.6754997976423125,5.352880032251629,-4.480130878369577,-1.8252082230613547,-0.062350907340779464,-9.892090555953894,-1.9758253043044942,5.892985474092317,-3.6411593248907805,-3.0411072524456517,-0.05189121447052927,4.163009787639953,4.791251958299482,0.3562157540886213,-4.907086604160668,6.33204319426114,2.1207639868610695,-0.9410438931834898,-0.790213091388237,-0.5727784580168687,13.654092826080996,3.0
12.417930122026279,13.432899780566114,-18.266041870203836,6.816937237567794,-3.3743352878906205,0.1948290295724729,-7.1204792402066435,11.616807874026968,-10.87959822435439,-4.712790240279258,-3.2568173784384413,5.611924857223262,2.7629139800995293,-0.7108180842860367,-1.6093165817594492,6.940059915815635,1.4076745020145232,-1.3714339706430783,-0.6958683580384158,-12.554855554093132,-2.5037278153213958,-3.6142192220047558,5.980928113429584,0.4211437401117242,1.89082372843444,-0.2571722854080508,-4.135515600269866,1.3327722854397643,-2.6832105880844566,-0.07476433528968468,3.9696539222884772,-3.595900832594428,1.418341143424834,-2.1249847955273866,2.2666417284019524,1.1819341558556942,3.291984795062256,0.8673677085817282,-0.25038066492247585,3.5804252814822495,2.88494646037785,0.2912290268341302,0.5922994592827139,1.8965235051228426,1.9775027399304357,1.7355425027949714,0.09215030007769713,1.6644181984037207,-1.6501490790345936,3.2376913483720786,2.0
13.396655028271052,-3.912872707986551,4.553604064565267,3.615821911581851,9.10042330921869,5.644183960293873,-0.7824816672673448,-10.212116839938034,-4.330086911902066,-8.129531602387427,0.826487957124873,-5.992709164055658,0.2332535243392947,12.80465572509794,1.0790147264156913,4.948678828870813,9.15121282071348,-7.77655022508733,-6.22149480426264,-6.710656439305071,0.5095213048746526,-6.741087733940537,1.409262887586999,3.0969780158181237,6.3363165053221335,8.404057445107064,-5.24180446349952,0.9404679876508195,7.135979738524442,0.8689381790270142,1.8737481620748144,0.6885228049566631,-3.991040860964109,-3.6416252496367933,1.9591724389389682,-0.8461574267760069,1.6105178732136376,1.32455661306811,-2.5228855402690535,1.3138606444367313,-5.306798080863635,-0.015047396906443876,-2.86503532366914,0.7905244326093275,-0.9837794266266577,-2.4762119275841195,-3.2451162908834132,-1.58689192591151,-1.1708937176530643,3.1438448429070114,4.0
19.90593600974925,12.441376309163674,10.397568488510275,23.765564984216216,5.220528759673897,13.347369783607801,-4.275023680478587,-1.8410539156009593,0.6680025836625513,-9.158100638456853,9.931871798566382,8.81046002045978,-9.241036982263653,5.148673258839321,-2.9582502268111464,3.8616641372675877,5.872328872569291,3.012328385563569,10.110715461568994,-1.6929584665532276,1.5039039716947047,7.395063562291406,0.8355591532640533,6.165154896223671,0.8443258111243446,0.5491626302540945,-5.26058321622069,7.45763845808206,-0.6344252648114597,-4.900178258308888,1.4141983282285817,1.5783147481879904,-1.5977582559135086,0.7623303418710079,4.526238773545403,4.54848319724239,2.776395740318177,-2.4886677147424803,-2.667220168563122,5.038848931277789,3.5286639309796826,1.4395567288398892,-2.661003923693835,2.8758020234960564,-1.2482508095466438,1.0951194992984454,1.4372620180254574,0.05154294795265537,-3.375586592248938,1.189488200523494,1.0
-10.52496011681062,10.779813006271128,16.52998955415639,-17.761270383102644,-1.7839263417914772,0.10159720942083197,-15.042303511550466,6.642844022439798,10.932638646424493,2.523663038086554,9.578528993888716,-2.4631780472669167,9.929769525525932,-4.999383934396322,-11.40235290186302,12.328136663904584,7.173528341311698,-2.7731452588078613,2.1848727276059225,-0.3428816738214971,7.409530330918982,-5.8107201592969355,2.1741461521658167,10.44216548643243,5.571208916463779,-3.728339124195241,-1.773492450879141,-2.540203221167288,1.9962069864162109,2.0548896353735002,3.642002456631795,5.358892497108959,0.7559831787697807,4.307587742456751,-5.953273817268055,1.0128532694189512,-3.8643226521377323,2.421094358275702,0.5634047542132969,-0.34261911591937166,-5.746059156652343,-0.6153033045227846,-1.919348447602174,5.532708897917258,-1.776367907540772,-5.9679307198403455,3.3826503780850787,2.7505911503837583,5.567032758414434,-2.051266554077359,3.0
-13.079981751857165,62.863423863067304,-9.353226050704658,7.807083813822467,7.883324276214237,-10.470923108786415,8.112381781071658,-0.6055072806446514,-6.879846833644394,-8.352313419839989,-2.5857071247862686,-4.480211565779449,8.32954003700634,11.508463303654423,1.712960758741004,-5.671926858032953,7.8623951687645315,-4.526009092474996,7.360877068210564,-4.746726129264383,-0.3984417411570598,-3.471250630318489,0.8910673227279173,-1.7186696705147355,8.850944024116604,5.609262501642122,7.1790137125500015,-0.7255291707332914,-1.924403095604397,-1.0842296184776712,-5.807203881468659,4.326155988390174,-3.0027097867939476,2.7517457265573886,3.5067716088278535,0.18264137770438718,3.730283018365408,-3.819413420550346,-1.2651862656900101,-3.0191586390510365,-1.6392942210635053,0.6046482372308524,2.883119340842819,0.17082925403867846,-4.44802569740432,1.4632566926915458,0.6684942957020718,-2.726401885369574,-3.0797064908179665,-3.7184316666421187,3.0
-11.564356749966873,-16.836225492740596,-9.093450597381702,26.134564912827546,1.1246086890975762,-12.704674774308764,-1.1522568084716298,-7.893814894551781,23.011791254823137,10.959037961154122,-2.1125337957686616,-5.943609562470827,8.736347982875799,-1.807948974203186,-1.4500203610099407,-2.0196199985543815,-3.109679408609323,3.2292273002698533,-4.568064232720528,10.39474713571932,2.2609639439470386,3.848307853971315,-4.613050635959963,2.6412015788833703,4.053537747575392,-4.7586545695326965,2.997048558526855,2.0987403383605576,5.5522643379696515,4.537905870512245,-2.253260907023518,-2.618045146718797,-0.18057215477704333,0.18809447680960234,-0.10019547465433444,-1.807554774930057,-6.125845452398567,3.8004182308498176,-6.341430211122393,-0.34436116187748894,-0.4124179626590946,-0.9662118925574689,-1.2207226495547419,-6.047904190414115,5.508740855196857,-1.7238760658922674,2.734888666480603,0.2946882384865789,-1.7877357113377261,2.7804509836653226,3.0
22.415007812515096,-8.058918253753514,9.908879052164522,-5.255539126215152,20.701868219059605,-10.233779494286932,6.388704266150585,1.4904990692801474,14.673675120384438,13.896818241549214,-15.895407664050616,0.31118524116083496,6.021568456925728,-5.446460230887515,3.339517087200393,-1.7395764426681715,2.1688998505023975,0.207867577818375,-3.9031843113189875,-1.464822315733945,-3.010229661972378,-2.1657213505911277,-0.17314832560031534,-2.3371963906807633,-10.064941583432239,-0.6947879781399748,1.4547049401324472,1.0978211319725821,-8.708791821748614,1.6970766159186534,2.206710057128638,-4.972420591050509,-1.2331659644119468,2.8921211440774317,2.5125866060616193,-2.724923915961239,-2.6575009829331795,-1.0424477529318656,0.9795291537519243,2.540375475678873,-4.336170942102072,-0.0038889628148645458,-2.72899403115139,3.6554449711186243,2.2824802520890146,1.3348190278146523,5.9305616942074595,1.8423088268891115,-3.3144434304071897,-3.0614971684471475,2.0
13.122166732933161,22.332143160415956,1.115684782086987,-3.1223403186214758,8.94649223842586,-2.9923751055112207,-10.618569788742896,-7.873909908825362,2.5776982161577378,-5.325367460950814,-6.105751074022324,-6.544704026728017,-2.0180434835227534,3.492839928684011,1.8517058271771902,7.1950720554519,-4.230978187047988,-0.11357280305251832,-1.3394484424491144,-6.987425465714294,1.8191291226630812,5.374150274358127,-1.3854978551768573,3.5142744548697786,11.970159686310886,-1.2286049126823908,1.8950544647418486,0.47986201551643654,-4.190456726964781,2.0440601798160687,2.913931821281592,3.1503706877855118,-1.4702539216290254,3.705380633011687,-1.6081406840828154,-2.3887756400573696,-4.354725904448872,2.1077731069271115,3.7884448560593365,2.4287245848816443,-0.016175483711312465,-0.7119472302492628,-4.917557261594403,-5.602023917692563,-2.8596265420230784,2.240731886117383,1.1599679555856517,-0.31275326811335313,4.0631357683183165,1.6358645957874325,2.0
-7.7564137921510135,-51.83320045599996,-14.60645533805376,9.456313969227077,-20.363173577367505,-8.660954907036766,0.7383568206417482,-1.2920365609306936,4.93920517344546,-0.37462756431898053,-4.730662616978524,-0.8242496813336311,13.876810661394291,-1.237746212831965,2.1625371074864033,-2.4992213257651335,5.849609300854949,-4.2364059295941034,2.0318670878847254,0.8366104796606644,3.7262127207332516,14.108464272074364,1.6516854206314813,-2.567518097354104,0.40402782672236376,1.8341460960023432,-2.240605832957688,-0.09014211526663045,-1.7500015096357882,1.7039248902868624,-5.9851016955463106,-3.004819620455093,1.2041412830142684,-3.306640994934648,-2.221871732344226,0.8968936410310862,0.6252753646799943,0.8324406998310774,-3.3597588695834055,2.9803232171671485,-0.35655365240180514,1.3869219970408555,1.9546618964894573,0.43323835641178526,5.146537106808024,-4.082805284358859,-4.971609454688737,-1.3238782708573145,-0.11616709015206268,-4.2065668435768595,2.0
21.619267422642242,62.94272361246859,13.64856017461054,-19.682695258135244,-49.50075912735927,-5.291638209992059,-9.5460212510721,-1.7940889094063057,6.024931265490841,11.871483351123432,24.47731138175663,4.263324133468827,-2.9015998666033784,0.7567272647658774,10.542524855811612,15.807470100371592,-6.8123305271526995,-6.098888914232029,13.233557344777775,13.471568568753963,5.076747213845001,7.111242588224896,-4.619012227670938,1.5111095695246783,-12.584102881011338,1.21660754809809,0.12397657173733409,-1.541997145281108,-0.6379999337834361,3.472784654001951,-5.646968875741835,-4.874137110982295,3.483266417872169,4.516925696230824,-0.7876583859312944,-3.747497853695804,2.065603287687425,2.6901783284268688,1.195031279763093,1.093912230113825,6.343114821459661,2.204302708434051,-9.184191748323883,3.3625689152667104,2.9166483476609555,-1.7967986708769772,-1.5753485842772539,-0.10850543634062598,-6.8250579704373315,-1.234284737607551,2.0
-30.731109065204432,-8.48780456116204,0.926723043583137,18.65980529589577,-15.325379545239501,-0.5715224370170774,-11.601744162313414,12.421497548718134,-6.034041405435861,-1.0733708602840337,1.8064643887911553,-3.7144787943109607,2.661976202181244,-1.3626645101714576,1.2718429101373425,5.932864330885552,-2.238992079190616,2.524798209126229,-0.6898410625095348,-7.758083167190269,-4.425569066510252,-3.172337006434807,-0.5941858089338107,2.5940736674422182,0.6109835265486487,-2.0770580647366246,-4.304260056316356,1.9239362360223007,7.304634277167044,-0.6177191203154722,-1.3899454479309183,2.5524290199385904,-4.315349505624748,-1.5471048006229544,-3.571344975857826,1.258369229548187,-2.8639576519844847,0.11933677406632463,-4.949931118738883,-1.3566493816063838,1.5404542426456354,-0.2633247185189988,-1.5976983982564827,-3.315591714474281,2.267048703480024,-0.09648311751434435,0.07115179016656022,-1.0175127904021548,1.4695970680555632,-1.2542321679970236,2.0
5.086366134547601,-5.6887306934718636,17.291742451920985,18.848584434187142,-6.756476908752742,-1.1268909326288388,-6.626697116790002,-2.0912791461476186,6.160416474757697,-10.894692143488248,-1.8826981960033737,0.6832809455782964,-4.227108834834308,-8.189493006248847,-2.7071334604236577,2.6540750398135438,-6.047299443792626,7.49647784181315,4.426887930592573,0.4430219550126045,-5.652857583807401,1.2636937358435543,4.000866223366782,3.9152737246739417,1.6914541053783336,0.8682573113522718,0.2527538652256748,-0.3035525969559464,-1.014348905842819,0.7500149600011037,0.16911102709351977,1.7622060408501503,-0.4311229370690146,0.9066175007484117,0.5113168534397702,-0.11965333304571509,-0.9106560771000518,-3.340387841845248,-2.802248505534776,-2.2354705429941153,2.6019012978533276,-4.369887853601441,2.529520850472843,-0.6058044043468869,2.703149625314491,0.40540469296925685,-0.2647656313290863,-0.8904865634009613,-2.50558855781425,3.226750263784956,3.0
-5.631379835515801,11.682159016563816,28.4873273826199,-35.74762369171968,-17.994118542374263,-12.542228543173353,3.09815461427598,9.896421473374652,10.14471239646526,21.30787852033348,27.404923079420993,0.44336767293857615,6.908483809380407,-1.4064552625166251,-16.03309475649553,12.735166550998477,11.933471078413643,1.3878063656028918,6.0971903073233165,8.146782113581763,3.519230518592845,-9.93686067658449,-3.861721674013082,7.918907387934132,2.409996017307404,-1.2051434796884124,0.033856559054721944,1.273765306230281,3.7751285410767506,0.9932521743317271,0.19689036646323,-1.432804683279309,-2.226461833730777,0.4877820511639777,-1.3898588513951908,-2.0868579787955186,-5.04683200249964,1.807466546076959,0.9837230945950575,-5.115721904865983,-0.9526730255519485,-1.7785393127915206,-4.2020442645828755,3.3672428189691472,-0.4126634007498346,1.0568959113036145,-2.537687582182793,1.4523630157413936,-2.451222813259444,-0.3037402407161276,1.0
15.905198128060533,18.99384424895315,8.771755617980363,16.65185491221948,11.936247037660602,9.319547350996634,-7.047436238749261,0.7904643178299272,-1.1691137763881054,-7.021020966747916,10.044304335020309,0.7631850903814631,-4.430179096569052,-1.4965008355107732,1.244997975595791,5.595664162404965,-3.530252471780828,-1.7684373393761241,-1.1967055567082083,-9.489943261994553,-1.7521968042604095,-2.9339480785070444,-0.4719087357421952,4.117729223172651,2.4366647043854432,6.098838164132697,-3.3901427861016202,1.5498566700760101,0.35373694860110527,-0.08361122102046191,0.8344342989884335,0.10237156892497085,-1.5801272294469078,-4.867909190670202,1.8150178953182812,-2.1400626190705707,-3.4862233518835812,-1.4440997719849573,-2.0271054919341247,-0.5517002431934148,-1.8353121460779698,-0.9809774216772055,3.2663298035345245,0.8701211740161012,-0.22765600327415328,-0.8058826764838465,-1.5085507050631388,-1.5489072799559291,0.5399232274165673,-1.1158670372206347,3.0
23.341854598541396,15.826979974426463,26.358083522959532,17.648944492695556,-13.656459699264131,5.260052424899948,3.2220387590928077,-9.310212344366342,-3.9502788993421665,-7.578974069124997,-3.532172082702421,8.067097355990967,-4.990635057551646,-3.6552784217699745,8.578124051239755,1.7984857376940144,-10.601622215053373,6.717715603527268,4.6074011263026415,2.229942112984274,-1.0806933571278639,0.23330792387543564,-0.8872245087022244,4.812913543036502,-7.902968980369709,-2.323319240383979,-2.524400820804076,0.8895578105316532,-1.728807594114473,3.299502401237136,-2.60192459568716,-4.152079746550228,0.4398983527360206,4.740339329945925,2.0838559772684073,0.09437879379554867,-4.6268736097533045,-1.245225068653962,5.581878542698285,-0.5887384332628816,-2.7600920415748216,0.6020970951640321,0.6183852068384873,3.042543117614355,0.957873232693859,-3.562619122632142,-0.46787321023039613,-1.153094575810341,-3.5171932913147606,-2.862643913465908,0.0
-2.56378881740291,28.981070811484187,-28.572333284346975,5.489045991420098,10.301911481308544,-16.540046671597302,14.164864221155623,8.561652778826595,22.979361762271214,-9.286419199155143,10.407872132688544,-1.3579772893357451,-11.952304335190806,-13.453923277189869,-8.044151708723433,-0.0660145011788692,-3.6734414828026356,-1.2808459832461871,-9.01396394005143,-1.4431465893408728,11.741617834059205,-2.855167633990481,-2.8182027836613974,1.9108161460090924,-6.793919886948666,9.555491798923015,-3.836029739989709,-5.4263319503328304,-3.251460103540443,-12.88341513165551,-4.515113957025326,0.460644773567735,-9.652656899060112,6.9407037781032805,6.699929717362357,4.547177811414898,4.688344302438182,-3.155617892234441,-0.06186896861790701,1.3621777052508572,-2.1043243443095525,-6.8473640683914025,-5.706642054138561,-4.020287504989707,-6.196046338833717,-4.33217833366279,-0.08103803569826386,0.8384678466154841,3.648978193898437,-0.05256501187822404,4.0
7.912190100856646,-12.027540563976038,6.979310636779432,14.617769898284491,7.4795084697038625,-8.260486471214813,3.5758041193848715,14.464149079500137,2.6494641708801234,1.745995761743175,-2.9288361939756817,0.8200265674417112,8.541350470641884,8.376937061343902,2.582385555759586,2.6352182204516397,-5.041469923406441,2.8540530123673027,7.919853109082569,-4.3601063952488195,3.935148757076334,2.1044461403791077,-0.7597320469362705,3.6782498208436154,-0.281694143562115,9.049544656748784,3.327582311481551,-3.0562263529022755,-3.103100754703707,3.9232889676784866,-3.565928725324858,0.5624172889124227,-1.3365612287742492,-2.3531952030988,2.6856174296562108,0.3015255191748235,8.051726213493541,-2.8800604180234464,-5.2417963974145625,1.7169587200902992,0.23560232479317345,3.838340797074457,0.3036899992144026,-2.5440010788558376,-3.778271978142257,0.9820842562258902,-4.6135900627467095,1.216817991852428,2.453037644275071,1.847326139914801,2.0
31.790215012334876,-24.056990468109852,-5.501564530831483,0.649494895329461,8.286953590660579,-4.978535913321777,-0.707821233751939,12.150092211075544,-11.83908225149216,12.562888095375884,-0.11783472127858009,3.8483436048667428,6.440809615694161,10.811253887533372,3.768004120503423,-7.07242828559778,-2.7948825978190897,-0.5429548529093279,-0.5700632478557552,-3.174769399302864,-0.44460298535121895,-5.844235215191211,1.5310194597454545,3.9720365766677004,-0.32049596596359925,-3.9903455199995195,3.9606935503839336,-2.647851673487615,2.669653708650491,-0.049754046107445445,-5.303598674940586,-0.5421360876509642,-0.03324269035767499,0.9377050300062976,-3.400845495863043,-3.789013073404953,-0.8083178021178451,-2.7277830922281425,1.2771164693438308,0.7709353131090765,-4.380518682761743,1.1368627441045054,3.369534755174945,0.5270717066816295,2.194357771994758,-3.1915938701687594,2.0560561525699756,0.9388070900343526,-2.4118297924439176,-2.0659085506819532,3.0
-8.596082085853611,38.1874057133829,-16.18027466502451,-13.48890205641483,10.884511624362856,3.1861768374966375,-1.3358926205541337,-3.3597632551514134,-9.329883419157506,26.925279583940036,-15.347111762371478,20.301012052451224,-1.3030488589452454,1.243357029139679,-6.564454744241758,-7.217951738579801,-11.980226692165267,6.551154345089235,3.457993453910477,-0.3757694444490842,12.308925605617862,-17.80212840597216,8.547388191700023,-7.124603878857039,-2.1814090533480086,-2.732485002313096,4.756798674169043,8.651296133427335,12.523620405406144,1.9816495277123454,2.168150731446507,-2.634594939605033,-9.489706650562885,5.915530631259569,1.3471359275556412,2.604947577599051,1.0056169356076585,4.905425643650016,-12.657985523540976,1.9775806873360315,7.2511158395556174,-2.3538839742750346,-8.232859744153389,5.368311860457486,2.295993849589287,-0.9627424924250212,-5.182212744814674,-0.8233183718380922,-8.325311757447341,5.494241501800625,5.0
33.50935635898927,-39.59179697424603,-3.471686235362913,11.712610360917829,-4.0780501760044165,-18.514123765058777,12.224559686886087,-6.516774175308163,-10.142949884891586,5.597531035260919,-11.718169810155596,-7.653381419652577,-0.7692496326701458,-8.440077240957878,-2.9579016100055284,2.9439597735134155,5.476790684980559,-5.217164635771236,3.4744127194912937,-1.8451935414640903,3.3210156895244007,0.4077948336372132,9.379514317179714,1.9576753021776843,3.711368503901492,0.06435868289778791,1.2385788864763465,-2.2635902368633913,0.5780930960660118,0.22173235217303852,-1.739592013820877,2.2964925332962864,3.380896654846862,-0.6084502985261402,-6.12689703528005,0.6205481487095217,-3.339152404593306,-4.214440904986344,-1.8362973610902498,-0.07129593987190663,2.0165331042011028,0.23508721139370736,0.4513536850911596,1.542293692985463,5.5947011742432355,-5.586209612408517,2.09956775298123,1.2008128543170264,3.6497707870130855,-5.172618829989414,2.0
-0.32271545116957895,-2.2237380662533184,21.30109496958709,24.014978487365177,-8.5598390998863,-5.322579677451771,5.847180703635137,1.6226337084718847,-2.007021955246719,-0.8547723125505752,-6.52889163266357,4.1086486019098,-5.12719020062241,-2.529174961171259,2.8115646103646537,7.247239195831444,-3.6704336716795214,4.867790776857901,2.0241461560529004,3.59429410654008,1.4322372282198061,3.8041021427971056,-2.866873523629733,4.597700650310304,-5.5083332154532565,-1.0704181580506966,-1.110148670104937,-0.7139904465198534,-1.3365583331720607,3.930029513715672,0.1749093154972524,-4.613025327212171,-0.6251537833421825,2.6296305319579654,1.1478933784278267,-0.19796851396167697,-2.2077018242675224,-1.9463190212756514,5.922896133142477,-0.24411898467457369,-2.7067232829025043,0.42453110433244534,2.987702388780979,1.7893977734302262,-0.22497770922979182,1.0842464816536819,2.272419278924312,-3.0056174043191475,-1.9964640735471333,-2.3380568271060453,2.0
-3.7996371288264985,-17.80496354789682,-7.47838004422326,-19.058491973528064,-34.81141608521345,0.5512559611546564,-15.436145117756471,-11.136607996781402,8.538592819250518,18.23164907482851,4.650811648114896,10.44441263017255,9.51665152269267,7.81621795190981,-2.896962426048714,-3.5392975377357643,4.911985151655697,16.543480760135544,-4.017001244643864,21.63380975055551,5.750557671815043,-4.7328953574072194,-3.03174002986712,8.7951552523645,0.3464362614158225,16.37280342244133,-6.925935610090029,-12.313750857952577,3.668917908281194,6.94527822800497,1.570870169746642,11.590902238716208,-6.501231899531055,-0.18901894385269535,7.605194750678983,-2.02738564006063,-1.5857002623921426,-2.3063804989595638,-4.12534078902911,-15.644818815921832,3.210638326456773,-2.267140914197392,5.348936034087609,-2.3519870517597212,-0.9460464240959223,1.7154687391121253,12.14716920939014,5.31772037583023,-4.170679074832467,-4.487055981457512,5.0
8.160604752115823,-11.53847895930919,-9.869398249261762,10.049739486921627,2.5268534661486126,-3.7372378590462256,-5.9755892099086205,2.842497674678526,1.7155202454095206,-8.374096990193902,4.690613477198568,-0.9367425141988822,-5.725536066166406,6.251005916976696,-1.9776142941290173,2.395855215980396,4.291567186638612,1.6787271731279019,1.2740621062372715,-0.3896709625678283,-1.3867061971966368,0.31069182545938284,-0.47280794945087135,4.59003340795783,3.8019372789646884,1.4840011067057577,-3.232924701051728,7.01015331399339,1.6435078215381307,-0.16913587519304638,-0.7918779965580622,1.895904608815648,1.8756551332172624,-5.703444495833189,-6.288814591602635,-0.40692819358273324,2.1628010483624815,5.06216267098486,1.6946162998554861,2.423139941096666,0.2507093427466206,1.1892752345057471,-2.0991255159232436,-0.9955166708194956,0.6345829735218868,-3.5958316413719293,1.8872907415028564,-0.4205764079041693,2.21724418437062,1.8854576813436272,3.0
19.5434661290803,5.7749414281774305,-8.162215232216386,15.782442194012772,3.1233160464098866,-7.979356903626728,4.626575857330881,2.5834515318282723,-8.020131236617594,-6.402867936537594,-5.361810681322646,3.5647849310948954,4.990862122387963,6.062623178111952,2.539999026170168,10.01531099232444,-0.4817821448889116,-5.13784925224211,2.141205022767834,0.238617632712648,5.464279475611369,-1.5419607856520983,-5.3340842305270275,0.4551681230188184,-3.869150309493041,0.0067232778745433056,1.4160004327857643,-0.020995532362607802,2.883760614156602,7.4010432815022,1.4085454292951904,0.04634352116182206,1.2230385174036584,-1.8454127048112305,1.572093290221599,-1.5383030146396053,-1.0473523155841724,0.24258909674702842,-1.6606899822406775,-3.485160766631581,0.3877880075959072,0.5876160971114767,3.163056685789239,-3.9997749512305667,0.5240572865181642,0.17738094900623025,-1.1824483218005608,-1.1769853861678359,1.3933601978450927,2.6703042960182377,5.0
37.97230473468466,5.25290638714959,-46.65698532673691,-27.445057173049182,3.890029344572972,-23.965237687834662,12.947037031985927,-7.460738659212749,12.960605367725506,-4.206052006606589,-7.631373057427143,-7.215614275144068,-9.355536968235882,-11.1191753836291,-4.23997435743837,-7.523652254660535,1.3108807961419264,2.9235709487847332,-3.2787869418546607,1.0701692890757417,-2.600898646167751,12.88388307975568,1.3127067332777442,-3.424304777813146,-2.8144334370694843,-8.423104566966767,-5.74410868374065,-6.115225695788627,-7.54440995525452,11.459383664396299,1.7678125920076457,8.094449533989716,4.1966919464997785,-5.567059697433972,4.48516595608425,14.64441498926644,-6.109945450798869,-9.52519154802446,1.4601076657851926,0.3037698399951618,1.6595815845664998,0.23228454905524712,-6.568106672222445,2.2163833477103094,2.243632987291745,-2.058615418826581,-0.5089957392145967,0.5435405209317603,0.7707384007922553,-1.5644623308424972,4.0
19.129698432222096,18.620186492797508,10.174568290035348,19.925190741873433,7.276012066895308,13.009437508065211,-15.537934188076775,0.6281974460955128,5.136997569883188,-9.836644506925333,11.775466014743873,6.3580277874115385,-4.520377060928867,-1.6670835605469936,0.30975170979806077,2.254059185359126,3.0501945349164608,4.0546191849739985,4.083489909449716,1.7255618823276289,1.1395409056359254,-0.11868822613860056,4.435413118622976,4.069936983479578,2.5362371495184073,-7.466071205396647,2.213471518160775,0.9996325851377614,3.621088752917821,-2.0838797623548695,-1.003782651496418,0.7706312353257755,-0.22814163836136045,0.8120323316935742,-1.0208721705240487,1.620176060334895,1.342772464750934,0.7109576230058041,0.10875342558406986,1.8976575227499275,2.093835552462375,-1.9530429238980347,-0.8706289576481694,3.507425553186753,-1.3022846434863544,0.42414702538377014,-0.22155434870304327,4.234089258618343,5.034477853070046,2.668372162206846,2.0
-10.382485673707386,-3.3963975579649768,-3.1516134767181847,13.303878029953704,3.10045242437423,-14.866972768042766,14.03308946365033,3.8461914792621976,2.558213515808155,13.205785362641628,-6.9264245799497495,5.90171570795603,0.8898859657590502,9.771542418839493,4.952644817911407,4.728710633661493,-8.232454881741159,-0.31054401492426226,6.761265325033993,2.0683324894033377,-4.469613542241566,0.46521903997288355,-3.527993575028661,-10.9167006513131,-3.621111594663418,4.8165963240473815,-2.872979550881197,1.6340205746480236,0.5510570199780861,-3.3012715619223303,1.416049049688562,1.3133481794665032,-0.3418992446558415,2.535783538528657,1.8383576736287188,0.9299833361206493,1.3561114523878401,2.8070911223873094,4.397569649113513,1.8011545997866494,0.36670030801344955,4.586259420723784,2.9576432471728786,-5.349377550511633,0.007387461236734408,2.1386328533474783,-2.278208312326955,-2.511883887035142,3.473574250067706,-1.5455739203472547,2.0
12.832583485328357,5.337150604872414,5.108484457693783,17.91707938597307,-11.270792503588831,0.9134700905382711,-15.50780769338475,4.478293703847238,12.161329804270398,-10.777806548760413,2.1796515474865017,3.9399393488365297,-2.740868849481764,2.3272541492979935,4.8372492073333015,0.28568607497604653,0.1828952915100984,1.2211832757001586,-2.778298957482143,-2.532557986650631,-0.35015071174965545,-2.595510420791314,0.9645604664954193,3.11256678769709,5.7419599227261635,1.2111981436118977,-2.633880125529294,2.3508681751395475,2.691082882474512,-3.858907053982838,-2.527953334994908,4.402714974606815,-1.0803909855946632,-1.385916431134097,0.10271318938184354,0.5158313828325054,-1.715427656632981,3.300838405933181,-3.33874051047482,3.1402676680905244,1.2036183588071347,-2.357860524679891,-4.209986000208082,-0.13627902935449168,0.18410370679416174,-0.6306825798469591,1.730669029604081,-0.7175438505110047,-1.402423941216465,-3.1526657178305446,5.0
-40.11774453883204,41.949884257842776,8.041239273866994,-12.579018637318022,11.009452028174584,2.9010089747981747,1.9895469234322567,1.9830900043314972,16.32787090981838,-14.975069152962662,-7.8387889428821405,1.9995932571530504,-0.005479299028960476,-15.208122424514269,5.6379542721197975,3.0660239803648204,4.961638034700307,-3.2411882454282592,3.3755423498770623,8.116646273931732,1.8576973400139796,-0.296024896838167,-6.315104578925484,-0.17752434466675865,-3.80910885729059,-4.459311520436662,0.0006674300418978003,-0.32652520695193404,4.234596157223042,2.387158933962253,-2.045916816788779,5.866977624579274,-7.334481594238548,-2.7042589707999576,-4.503433952155119,1.7185360531151341,1.3478364932778515,0.9526917217441878,-2.4194779068250423,2.2821277148858097,-8.018274766442433,1.932051424349791,-5.005570989961664,-2.263508755709116,0.47397451149081715,-2.776016875576341,-5.4929618536096125,-2.582622704907753,5.734627789659448,-1.3153694648342384,3.0
6.471328617508562,5.67449366440626,2.8476501952166124,20.738715674855847,9.35793218545443,-4.651610319574022,9.375349318201446,-1.0197587541270434,-13.692486437869123,-6.431076048481894,-3.697521098790771,3.937012129166095,7.262014498399468,4.940997375014933,-4.98419185798485,4.543571036085046,3.6311765139347196,2.751468369445147,4.107769619232149,10.915155644280505,-3.3329329022612653,-3.5089163912947923,2.6218054546881273,1.2896517315407796,-6.286081215302925,-4.468236474921652,0.4436495226016892,1.7895707942581447,-3.398544181904218,3.509940433904807,-3.152898217472745,-1.9377188799468315,-2.031297360563672,-2.618560560475485,2.6915222270164767,1.8655265353509272,6.815910825638954,4.1355397767963105,-3.230986665822659,-0.39618087560744614,6.520551015822827,2.416547077356072,3.103758968736792,2.0352035340285926,-3.00080332396293,5.760918894993083,-2.4482908602409736,4.677681978120923,0.4684820906477453,-1.0897756502289515,2.0
-50.61666154654978,32.385942766136594,-2.2964551893817027,13.847371184152912,-31.78031130183572,-3.0957608962800034,-5.012307811273273,8.706833075282008,-11.26200642003627,-8.400139495170517,-1.9887081175739185,5.890031675170354,9.419284895096176,-3.797797956567485,0.3552249847906426,-7.719505042208035,0.685895981730837,0.286453485309308,-0.03530434942583408,-4.596492287300883,0.2238576824362671,4.149288602742777,0.23870668796858008,-0.951639871258786,5.249386226428211,-2.6021732503010018,1.4568319188896885,-0.28657808594497075,2.96649500214833,-2.049443278586165,4.989785368458821,-0.9234117545082613,-3.8268578921269705,-2.016658102617719,-1.9525405744813717,-3.8623595700864986,-0.987730957398386,1.7862702365767593,-0.6284261441631589,-0.4984503127734908,-2.3689814853152558,-0.0049682286732638525,0.3414980857992979,3.4512345273850626,-4.085986232940894,8.28263156017368,2.2681548835797183,-2.0811836805907835,-3.5389605868161604,-1.4149121414578731,2.0
-75.43868634992832,-5.715656584844214,5.21176416950293,-13.609662331888744,0.19197107089578788,21.81586929518588,0.23198838371394373,-13.507628352927657,5.206590651340952,9.339663488418944,12.588069581704172,-0.36990876509254417,6.574614168558493,-1.255089880366404,7.037087910773172,-12.762484819583827,-8.795908730815997,-9.198642142948842,-6.653669154725226,-21.853205582500262,-3.7959941366814482,12.397598275414744,2.665348308906354,7.731704633417822,-0.21309211319684443,5.677496420447884,-15.254475840536559,-7.298846705722107,4.262257003126238,9.044189831208307,-1.953717545885753,-10.401067828420883,-5.369713444196772,3.010987024205066,-2.401697189300802,1.6740641466380255,-5.696944618094796,3.7788132405885273,-6.017030834474484,0.7804328001486494,2.2516460068901525,3.6424780299253676,2.8904419410998896,2.6236306055374157,-3.707111880832223,9.747408207842167,-2.449805994406402,-2.299524402278256,3.344028037130666,0.8813959421635846,4.0
-9.1417727284911,-42.575411926365334,-6.711583165824686,4.087437386441546,-4.479756100933141,-0.35735812327315014,-6.940000651336389,15.831059500706484,-4.531654459285641,-7.524186042451034,2.2228358799007006,7.496546836172036,5.59668315922936,-0.4410888534851758,4.9069578430582474,2.895486840588094,7.121282061011734,3.9373350847970547,-0.40911172549450303,9.02814410895371,-0.901886619025131,-0.7612055489429052,0.54430417317414,-4.215467276958147,-3.271809315855608,4.5151686068813275,-2.288238698322211,-3.5584239527516948,0.6119452577184742,-1.7216792640233107,2.176851051128369,2.6460595625778827,-0.10807001117404667,3.8396356857041516,-3.5544808584423504,-0.6925249545309247,0.15977310526949157,-3.437278118221317,-3.911227234107639,-1.2434537000942711,0.37727551516704433,1.5238095722127147,1.3660961932942224,-5.175536223816524,0.6022286203688799,3.621519952448804,-3.453351899858731,-0.2761135584632603,-8.702050357566959,-3.4180871950884755,3.0
-40.50638424140606,-35.36961809658099,-14.076223769322864,-0.20808474795491103,-13.541071938791474,12.998224250581833,-17.553459421587245,15.18790983004598,2.6685768662305582,2.2163113743040634,5.123022570716571,8.710145620891705,-1.599444780067139,4.431809283733446,0.9517529477283512,1.2684648476816116,16.111418872163235,5.710042103401419,-3.5216028858247466,-5.326328032347127,-2.137770253311264,6.971042929140601,-1.072645424856672,-3.061544633156086,-4.9537178918964315,10.188532542748499,-4.699204884057943,2.5410086131725085,-6.296595620884453,-9.052598399950458,-2.5431104385640935,-5.503757694714794,-3.614220336519395,6.876918954276853,4.1097528367993394,-0.6094739803658896,-0.7386647005198809,5.434921567151764,2.0334257170679257,4.682053241611518,-4.960006952674964,-3.4381927254502798,0.13468382939758558,1.8594085505718096,7.9105359650929525,1.5633986396989343,-9.625251568733349,-0.019809538814004955,0.6278512143960943,-0.124926461275703,2.0
23.491779186216746,-32.309650768410215,-1.6942069809371196,11.854119957841787,0.03850241496260359,-14.090902608108983,-0.012142267307845251,4.042581758984794,9.393555358533797,-0.7796609984220855,-4.097305750076779,-3.032557920227384,6.413448361178607,1.6051152006700047,0.24277974642257327,-5.76508451865661,6.293922072241592,5.096638764434511,-1.4831985504948655,8.185572408461708,0.6692413787436267,5.689472510170813,2.632023092223972,3.388258671010684,-2.3501996360302853,-3.9223242486576004,-3.682043731540447,-0.594305730290546,-1.8030253184142921,-0.05221472282382668,-3.039905089208578,-1.2022183230415726,5.161148387304047,-1.558514350063068,-2.6095397740404622,1.4217505983631902,-2.374651231339218,0.6214206110029709,1.7432826698415353,0.7952116414937968,-0.3099286249903617,-1.8708926979060603,-0.12648586853048704,-2.5459966472115068,-1.271363795451953,-2.7753192448159165,-0.01808537856535143,1.7168969999921566,-2.0806215437551114,-0.10857558848320574,1.0
-5.078787705747299,-20.38540262551079,-28.056893494771412,9.002333144155829,1.7547104097051778,-10.088278965344493,10.344764496665675,-0.6933519284101346,7.764882852407725,-5.079440169328151,10.392497904152364,10.955568453032166,2.596264907877083,2.5639346998096606,6.942668399141857,0.04541135487277131,-6.80231608830561,11.071214974652328,-6.796075886779587,14.513737793716972,6.331170117899023,2.3877207983285715,-3.1578203161387157,-1.0093564178497456,6.739571181742012,6.358956675533242,-1.7872108732256073,-11.692668775285084,-0.7553825251402975,-1.6805675233731008,0.7209266794725893,4.639136452849276,-7.0807486366653745,-1.8091124487298347,0.9825740343380575,4.078461296683296,7.573033903830358,4.345800146781374,1.7063444722149275,-1.8545650808608298,3.0044925630551407,-5.295853535501466,-4.30616353998911,-1.7580031775535048,-1.6004889740037371,2.4646228353285413,-2.247078451774807,-3.1534227603800065,-0.5956801445098977,1.617758569930395,5.0
-3.6227407300075773,-19.42322777712146,16.651382447722956,0.7307751860946038,-8.727671826822535,-3.175914758575204,7.304876319942489,-15.5582162481301,1.469137199690624,-8.339995013575436,-2.1607724251676714,3.355039152518256,-1.2203668834421366,15.957221161530674,5.986561204832847,-7.376415559320635,-2.2653613261536067,1.0773016092931254,2.4449624747208807,6.662927900879312,-3.567306727144836,2.2847158308396884,-0.06115110730036075,-8.515818567514227,-6.062324992629264,0.9654208825187041,3.6940894075457757,-0.8485165134957675,1.7586242373725027,2.1791436709512833,-1.1068129898798977,1.2367848969810198,-0.8612305955600665,7.942478652234923,0.870697619007535,0.07170564174822365,3.221382740068493,2.6258850920177363,-0.8556020149710727,-2.8601801482602327,-0.9960786673047975,-0.224638352523617,0.4692699050387161,1.5937381546828684,6.383988636091986,0.11036048553548843,1.9241780016459307,0.10294715920184919,-2.69133422206523,-3.886554082505332,3.0
30.364769603573716,-2.8366913553394637,27.294859933274246,16.91351131262904,-2.324656277189892,13.064146266109887,-2.7923530572475848,-10.319822602244972,-8.338639961595423,-15.025300752086256,5.527567058232892,5.461176668658973,0.965348707249522,-5.655657289485968,4.209575304943886,-1.3275208996336956,-5.6209018269483275,3.24455435355058,-0.4698243593330197,5.680882509668373,-1.3433391548310933,-4.910046450487781,0.30660113298846153,-4.712716553122807,-6.589801605919864,-1.2640999555068426,-1.3568510016505193,-6.888150232303549,-1.221784214322523,-1.504498254416044,1.693605691561457,-0.9866380402780998,-2.4730347238486545,-3.4155990981553077,-2.01366179731394,1.5535150944103777,-4.4446545628204515,1.418237476549271,-1.1458856629078424,3.517526215581691,0.1177009211846368,2.442905017964228,-1.0189027506680994,3.420807050436444,-0.8791405657709478,1.290020624068838,-2.119373485447369,-0.030186403545910567,5.289903451741194,0.9754509895265344,0.0
-2.4500559859292,4.253776349121661,6.214191941202959,-19.891949329821927,-7.829569359759421,6.056474707727356,-4.412395585829811,-11.443461668059461,8.022697396213477,-6.432915250964511,-10.385242202515354,6.487513599585389,1.7738513869815873,-4.32943331148285,-7.154375104181023,-7.856026062703376,10.954262531366618,-5.050600476697762,-1.0203816431979633,-3.5555344338647097,1.820612836419003,-4.1071177130009895,-6.457863253148613,14.822951200019029,0.7549230743339265,-2.3177163357141803,-11.403122453618428,4.860341776193214,5.50081913774139,-1.3661506840773183,2.7934012442629492,7.434558885462368,3.608445740300985,3.554343728162459,-10.052827581793936,2.5962109760046257,1.7157776893188168,5.021293659402447,-3.3385294345622456,1.159059337293548,0.0814668466338511,3.566450358538845,-4.763663761989775,5.35384328473752,-4.769409333946143,-0.02624569725168743,-1.2556815080700552,2.598809992626575,0.6887263941663612,-2.772463706367986,5.0
-6.74901911624697,-14.118246033616257,1.3151309346921074,15.554150645063054,-0.5472972883735598,3.142965979802341,-3.7068377458285435,12.937769622157427,-6.273014950551587,-5.860571176719103,3.112301967609158,8.350574284473838,-7.4376327499327095,-4.021548165242724,-2.993646224940183,1.3128559988729704,1.5183821937304907,-6.887026767595607,4.235001094057061,6.355804671860156,-5.458315099490212,1.9144961000521206,0.5084270395029832,0.21943267368246205,2.819137083317735,-1.4704073839764387,-2.2861625311831455,1.706238047035061,-1.3903927108900076,9.195301288255775,6.6438877246471675,-2.298467048395363,4.734242197967874,1.8884704609111043,4.039157456738697,-0.6766903121975468,-5.475707401833137,2.6352783002867834,-2.0421756175377537,-3.364932692450924,-8.936934363418477,-3.75214271992804,0.6061775070809701,1.5966257612715022,-0.002054545713545658,3.2306191679940732,-0.379677410646332,-3.225082579000626,5.989891426935866,4.828331917540393,4.0
0.5437278599873973,-28.727791473969337,1.5171890689913325,-10.008096846624273,7.15354970050592,2.459971230705452,3.6187795580434408,-5.399198855163735,13.124844756195378,-12.273000356009895,-1.0545544904924524,0.22497236151693215,10.134098839735703,-12.158539560595482,16.729312860475275,2.1339902934553843,15.554574640209252,-3.658407952747333,-4.284863547225037,0.10039000918177785,-1.0439963221636153,-0.662109320608636,-5.429930179748549,4.505071346249961,3.7331904523747146,-3.58614685095842,6.611745335950384,-0.49125970845987227,-3.636879812564052,-4.931755925379344,2.7738658509704526,2.4476361769853754,-1.6706110385250352,4.264960616269903,2.865291965588666,-8.184883556272478,-8.621211032945514,3.718583068280438,-8.87774952260566,4.253928275609119,3.4148423176141103,1.2517067755049878,0.23761868786055054,-2.748563447099301,-7.841752264795886,2.496914914905846,0.7709222256316292,-0.14354775843906878,-2.7845329983476983,-5.978096756210903,4.0
1.9573551191628717,11.604067378015573,-22.3854915798479,-8.878632833459454,-14.135279427877128,-8.043396459173724,0.7462185416558068,1.119584391738831,1.1281626870960855,-10.243506105676747,-5.745141344646714,7.7642562847285,-0.08627707290752305,6.274532567595822,8.674100260544606,-2.0929315073279935,2.7255773092647573,-0.9440937882734245,-5.399450700433853,-7.71814486601442,-4.2421938777172725,-10.135647592020483,3.9174506666295996,-0.589232799274496,1.3869910513416663,1.9984826340848907,-5.564867654368506,7.970896129729696,-0.6306075459570795,1.5270090058637598,6.058693518998761,2.9769833235558427,-2.9321857642170714,-0.5851602540093503,3.366398698330623,2.5056470284810093,-2.494987439008354,0.49572619745307506,5.339427833676107,-3.263646954781076,6.245266526742558,-1.2139626513281598,-1.993497951220658,-0.7123283160003572,2.95155979447268,5.190844747084613,-2.425112033214065,0.9114574257862066,-5.116817556665324,-4.424008335487388,5.0
11.488935293359543,9.836254117661916,-0.5364333179859645,-2.7374640135222865,11.099816780175907,-0.6287138286058536,1.0774057586381676,-8.516703332066372,7.474676075508455,-7.677230940042454,-3.1011264054534213,-1.03773510555967,7.715236237481816,2.5720493547136187,4.706234826152077,2.4307648716319337,-0.5150495368769065,-4.413316260290179,0.943449409155054,-12.232736825859737,-0.6323049632190111,3.957065285485401,8.336676987029632,7.69073343566871,7.6858836395798145,2.1569273228118377,-0.6047457437567763,-3.532563255314612,4.967624550910192,2.6288708422548392,-5.303018528093427,-1.1153132047719443,2.2169765660936607,-2.6663553068422194,-3.1883356760275947,-0.05202031098698864,-2.7469953113113035,0.06303183603439057,-1.1492957379395863,-1.3676077072606383,-0.630717712128371,-4.365134573856272,8.41961543376487,3.3413277147428406,-0.7008353045495109,-2.009749156120648,-3.313443622901455,1.3053992954660794,2.8544054123342213,-0.17937806133220754,5.0
43.961100723957216,-59.570180280338164,24.5092235909599,-10.87375978460946,13.853585219619534,4.547355760578072,-22.361313345068865,10.445002572824752,-13.339969216124622,-8.445724881212579,4.447241505100533,-28.821342415864546,-15.12962400612661,-12.55185359570597,10.012936546864587,-14.476215555924043,15.606959588595425,-0.2649020034027839,15.524962557764416,-2.161796887009481,20.890684486456134,-2.9464467576177227,6.669172970248109,0.3711680445754096,7.256118234010056,6.962303718375391,-2.5680150684371346,3.508589346034177,0.20645719248878858,4.014920703969811,14.809934157612494,-4.855852938698305,-3.5234795996799626,-1.3120429664976685,5.807702422620435,-2.9325273976351607,6.9638294962590646,2.2381995284302936,-0.3415671702320665,-1.8950990962098382,-4.686477305274966,-4.5450772870694465,3.449511786019863,-6.995779224341771,-5.224688872258194,-2.7301429813636675,-3.535085322139083,-7.538866744595425,-2.682884834264945,5.9334421696647786,2.0
-18.912272859917937,14.293303179844905,-2.4097323507088366,21.346193404397432,3.8363023766865214,-3.8125344625937996,9.620958072641324,-5.049442124380435,-3.2090499252789138,9.071903426916151,5.0813950031203,2.4687015960697845,-10.129108088058373,9.445025974903054,-0.011456345794737841,5.740076930855853,-3.279580760424168,-9.640789736794352,0.8341082213035022,-3.2446693263971174,2.211304175320848,-2.127971383736141,-2.8752525343731534,-4.2779168849621625,-9.514333084311437,-1.7883263026133078,4.1701930582822895,-1.769593656385494,0.28442638219225985,-2.5184844262835666,3.2392027693698946,1.3048779254446117,-1.3621765371185306,7.570520043272963,0.35183949035279666,-3.326086720137147,-5.534947565009034,0.2832653912198882,1.7292212894363552,-4.09078270031782,-5.2511784373105685,1.7175736755862878,-3.386191375217895,-2.1635389866436197,-0.5109871963933049,-3.8883920761998327,-0.3178111553675112,3.3277902905566745,1.5550656507774194,1.5777944804045212,2.0
59.607481375306755,2.789616441884746,20.50453601956505,-9.573986901043307,-14.629177898543261,-7.764984661809242,2.9751402720297366,-11.533295365199619,-7.904216852151876,-5.874392720345159,9.969839495277558,0.34774518357260403,10.607794952570789,-7.249836967852872,-3.8590258394897905,5.107357503457439,-0.18639624214415784,5.724529981938546,4.383187942391295,4.362809857738888,-2.9581341400347276,-0.19244033145948358,-1.8335527030531418,-7.670569024249954,-2.8000470922428624,1.6441410795568172,6.5547448280413905,-6.512391182736453,-2.8792373931763597,3.6473597763622867,-2.3142615411138245,-2.9310566045634636,-3.2631370949043323,-0.5482544172232696,-2.346170082287153,-2.3864219250790155,1.3371209520920768,2.0666137788846166,0.40773422770876283,2.780475480719084,0.9909540231697757,4.486544887061569,0.2938712352104119,3.0570370108707077,-1.521377060820686,-1.0006480270465414,-1.6497580960136469,0.6094639718383894,1.5301335913918477,2.687567275548597,0.0
-18.501285938390208,-32.764270807531055,-10.30178494237791,19.606746965261827,-8.480651062631399,3.8843541431313575,-3.4298795781247606,-22.522060138773742,20.383959839584886,-1.3693621688245547,9.293685667926454,-4.129354564989033,-4.809296637701126,-9.095324647438268,3.2632675515229543,-3.1842373028518867,1.1587446539898882,0.9505697747286004,1.6987484279307787,2.324713365065047,-3.7468668179129936,-5.33398573769471,8.984843710220296,-3.201488550925757,2.73278376669104,3.759234816267332,-1.0885951028015328,-2.3522590759570767,0.26830897246502594,-2.2650632649213263,-5.30118688432503,-2.7538606733120434,-4.420872372806152,-8.80218785052745,8.817925031549576,-0.9523653192428909,2.057424370767453,1.8139391746337825,-0.22663580134273276,1.4119173273089596,-2.727066575470534,3.1472770512797825,-4.3623962020521825,0.789896378129365,7.245566992516769,-6.139150655449894,0.20440297996417608,5.418190999939868,-3.145368147694925,3.242721294660069,5.0
13.619205024401843,5.7549136221868,-29.71177840920319,-17.545987692181647,13.197938887043097,-8.263341978593095,5.304739315352059,-4.505708725700906,2.0006382023361917,-14.005310022602828,4.577773772842972,-2.3840447319323257,-8.322081031007507,7.667738547027361,4.146619316079981,0.5195564102350164,-1.9746241714433317,9.825032816966727,3.504913216013246,-8.282346746210203,-1.3372877901033302,-2.528849825298695,-0.6795986244316641,0.048534665652017764,0.6291496979608312,0.7276865615696675,0.09557986939350953,-0.3185677636743492,-4.950573293593692,3.060186353027961,0.9897116731708638,0.5958086215479829,-2.8124242640452817,3.8012898922160727,-0.482602633417913,3.197840537111178,-1.852242457618096,2.010114028497327,1.5037152332448216,-1.9752960566964965,4.358766334144088,-2.415181080437836,1.293771000972212,-2.825262617685984,-0.36438626660020657,-4.374904536325816,2.4325386183167925,0.7491056978280408,-6.414642391458539,-4.09406819196688,5.0
15.50181249190611,23.98253179298095,-6.588339043340415,13.215439561522631,-12.797369451406325,-4.66804830047505,2.0440761914687715,-6.163661640268929,-13.514029134665071,5.609494243246448,-7.6413733637217645,6.211213026519983,1.881141188184074,1.3249924820644443,6.086699984517875,11.892772274699453,-6.0362441897935755,-8.126192889631943,-6.047532110478591,1.8880245068669192,3.864655192694534,0.3248291920646047,-7.999924986138441,1.7518103084651782,0.4054879639199055,-0.0727775396513244,1.3437671961996838,4.118672579140462,8.026483586322867,-2.9642254560667194,4.138062112252684,-1.8188382579438316,-3.110461410773856,3.2373238545753122,4.609564077002566,-3.8625356917721816,1.4469199605133416,1.1911849627548383,-0.8100205155214749,-1.8853135366330225,-0.22186057869672873,-1.8136001156156436,3.9072171757354397,-3.400809163995953,0.11442414728695711,-2.2424255961101944,0.3589091208299532,-1.907392823179254,3.939245824455265,-1.196599336470576,2.0
38.65752336248454,-27.114621217227914,-2.310173743841928,5.7676694550743,-3.7086372346308125,-9.300945382598282,-4.533769642741056,14.639996469040081,0.9594034741786356,-4.113530667682937,-3.5078272669749264,-1.875109182505971,14.290842560705883,-1.6935534963945713,7.240479948905674,3.536760151240714,0.20739745036416865,-0.35700945607102313,-4.859913995453766,-0.6708883099882359,4.180123639428388,5.602246364217679,4.551509342587027,2.0851768270458275,8.793107101264905,0.5560406446155508,3.123575349706358,-3.1481013151741393,2.2371720147327165,-5.196836073106857,-3.9810917016886465,-0.7771203576877205,2.06354650659199,-1.4828452237456957,-1.8471428619557597,-1.1319635745579468,-1.3057087281555804,0.4556637909619946,0.9428277604487018,-1.7488623905932594,-1.8039896363333177,-4.5867497274097495,-0.633813083239753,-1.056539719210019,1.3018622261744386,-1.5209710380399,2.3447797405576534,0.4435086289278886,-1.6527076748727543,-5.053796710993288,2.0
25.067621398675676,24.20967291395604,2.5869606381091654,9.651678083379279,17.85368529051277,-2.8489591211366037,-11.092001691358325,12.415499672447899,15.626648072028589,13.820807759202381,0.06542127795771606,2.0195413044347634,1.677139232259016,0.09954217698209522,7.031859703557246,-4.493976348074313,-9.283238530719316,6.291717810817776,-0.7160251505208972,-10.216215502792913,-0.09397436212875027,-11.196871973923278,-3.064448997978295,6.350691578127337,2.0149085738078325,6.720347407892757,2.116864225589568,0.4961958318952333,0.13340531276729767,1.7859413220405054,-4.948967494048889,2.921330815096701,-1.5899687579574047,-0.5181464325299767,2.382088670533567,0.656377173749703,0.939587871864641,-0.8964699702022455,-5.636469722993347,-0.1214072131298328,0.5240111455249132,-2.917326083241873,-0.4468634559392414,-0.45131144319147054,-1.715266330535144,0.39511343054071957,-3.760439911279065,-1.256932464206017,1.0030827597055598,1.4528226308147294,1.0
-3.7524595599545965,2.100453588452405,-5.2677727792783005,-37.13920513137129,-7.180208338427018,-3.3361053936643756,1.3005664185413777,-7.554329847544365,-3.956759019118134,-10.617912962670935,-23.434083547299167,2.7396534057145434,6.531692769222251,-3.67443467963271,-14.946637518503255,-3.6192716762960084,3.1718940743229007,3.547355500329615,5.247607834556799,-7.1622202826092725,11.902924351786611,-5.566387328064223,-1.144211316524161,-0.20835626183323327,-1.3216723764085705,-1.0179684987905593,-18.053244101266312,7.682605361535455,1.9419365284062833,4.2718888895647416,-3.360814015663373,2.014388014025753,6.618189568680484,-7.135000680033645,5.230616199125329,0.22474920131600862,8.012382376853967,-3.1274215266514727,2.966062632608664,-8.989846908127284,0.10494438519066027,6.11586435570032,-4.027614327698544,-4.45179130059391,-7.541212941800049,2.521024575076744,-4.022360988163086,-2.2487904129234995,2.5219783521587815,10.378893958353194,5.0
-8.476734498279605,5.124286968673063,22.741308824166886,17.697191978055056,-2.725489071495959,2.142711850502026,-12.913467992723636,-4.41867826234436,7.688166688417051,5.866591384890531,-4.3074668495895,-1.2115785714815306,-16.828555588826756,-7.32157500683912,0.0005145964658743629,-0.2150209947247973,-5.197326353180159,16.06457838243255,3.2002166808136185,4.095344543575315,-11.48117098548319,-1.9691171358707864,5.807000847393586,3.46330896391158,-6.596218544333836,-5.907506280197881,0.9191818844947832,-2.2839546334423177,-1.2286770019781474,0.8337287598158408,-2.5450872031609717,2.1890981496451194,-4.046252418882019,3.406368671297973,2.309005640834643,1.0791718638229344,-1.8305585739781625,-1.0133234190882783,1.129359714740098,-3.7384114142918206,2.5126651772302795,-6.653848621310193,0.4034168478090101,0.16803564026969456,-0.7462196106755504,-0.7967800817437214,-2.9349333656185608,-0.19443742346875592,-2.221830184750907,3.583880646996835,1.0
68.77024866487906,2.7559295651761873,-9.235145070426066,5.217952548185733,11.628115194062334,11.91783738929558,2.5211182516131903,1.8598488847175723,0.8595627178566653,3.5957070092719903,-2.5418237441655998,1.1289690680348052,6.566237577112867,0.015055721331149241,-0.9573841661622352,-0.6594971409930196,6.816972356430621,-8.153410998863801,-7.172077743568317,3.6719642653763187,1.585376851364074,6.323700768039514,-1.0912610374769223,-4.337998510938092,5.386245804643836,-1.0310955086383604,1.676190394500235,-0.9229626674085947,-0.23558632383116754,-2.3442070030891773,-1.7116770434218362,5.974767049783234,3.028135680110959,0.4002667435420619,0.7375113230624952,-1.328333029178285,3.5365637206194154,-1.6358301293605142,0.28375713059042423,-2.973758049083633,0.008510775882541764,-4.025867503299499,-0.9656518466376602,-5.9754134399522,-4.661455346272727,0.8568587642070051,-1.9619470756349615,2.1370566469366623,0.25337854475904076,-2.7592371595676584,0.0
40.34446187853419,19.807184919363642,16.398974218366142,2.0360561145860183,-9.519163577822049,2.3868441694715425,0.9630670846034559,-16.32938517030347,-19.823550622521378,-2.9206118525416893,-0.24564286235849897,0.2963905138516874,-6.561632230792661,-10.628132946833825,-6.836433573015253,-9.445916009245414,0.27500696572162414,13.585500780051783,-5.309256796682437,-6.560989731764503,-8.102810655450094,-0.25501697008561164,-2.2309228883730294,-5.31928167159809,3.8298907445424137,-3.7327019635188203,4.220563730407924,-3.051396698260893,-3.3021687705208183,-0.4064746732546439,-1.8989289591262448,-5.252027794202946,-3.505614886234085,4.176510602684342,-1.7138089319488632,-1.2548454179369288,2.4056937069038926,0.0262689258979385,-0.2744308732157077,-3.901884663175323,1.2663015422984505,4.6681973212793295,-0.06178444406613973,-0.7888881502624097,-0.18259524077087244,0.9455974969332114,-3.25134310909402,-2.983170410501054,3.834173254817283,1.5960969005895822,0.0
46.956364190148456,-16.16458660667537,0.6560115027887149,11.758178260138827,-3.9467665353893397,-7.4338262029588815,3.9564946434588077,-4.62050280449777,-10.24042573967207,5.738963578567246,-6.450824982040316,5.079859490608576,3.1751652957165297,-0.364564346049625,1.5272943852681908,-1.3996728290712455,3.8431931429965847,-5.135342087349137,-2.1440441739136644,5.741651260656288,2.0163499348343783,1.6030022479786479,2.2780359800323593,-1.0351977215906134,2.3786134765035714,-1.0472460420837921,-0.7386493280158413,0.37592638709824217,0.4642348992360992,-2.841283609129848,0.8303149022485885,3.4141100198658965,3.8316695400445533,1.3329386626660706,-0.17684441305053902,-3.91288093570956,2.828479373509924,-1.2641430397312279,-0.2975323277963843,-2.074471786314038,0.20268015013829832,-5.425073000757592,-1.6405646693841962,-2.0606985879716384,0.12416577977845605,-1.0748832826925392,1.8886725187880589,1.7897658949951667,1.8640736580232729,-0.38946769174873025,3.0
-1.2073512378025455,-24.725467791865622,-16.196549269196264,-11.756112553470743,-5.567525897857259,-9.68508249437,-7.079785738007476,-11.938809883260653,8.331515750056333,-7.560347967662836,-16.626397609556207,-9.668565377043521,9.545104557810863,-3.201713554293994,-3.020708422887213,-1.6526919179178783,0.8243157963881291,-4.1330055361359195,5.561288129065008,15.604011056177299,-10.989803341134367,2.737467356214458,-3.335558984288983,0.7768294398906781,-0.25110286457211445,-0.7580222851591301,-2.4359215629346793,0.7384402720705595,-6.48666045527149,-7.6068207870055256,-4.038949462604347,-5.872289975269835,-4.348206810435367,-4.23919286855607,2.6025890932067695,-0.5912784086880021,-6.073246354826206,-1.618048040250767,1.8362328922295907,10.915580636433335,10.07030575306937,-5.650013863884709,11.383665471994151,3.742217827995552,-6.481981724674767,-9.580640361811973,1.4733847341750916,-1.0335481360871168,5.91769109728406,-0.16318377432896436,4.0
21.56264794435023,23.513235827989053,-18.74896725789355,-14.669806505825669,6.649385636734288,-13.471413869173277,5.390727623752418,3.1391542921061024,1.0885751117476201,-11.463468756798788,0.3823298858307887,-4.1760109824539065,-6.763602703010054,7.723466840380933,5.2635702493791126,0.5075494498408668,-2.423631776204305,-4.832927461774959,2.391451079995845,-5.292249517590632,-7.005487483447749,-1.6059189936393121,10.957055724611841,6.147841611152673,-3.1087121863666005,-9.06392993099008,-4.5354808400746816,5.1394290769146656,4.055308295722706,-6.039657182748812,-9.78093256930944,-1.3512431151383117,-5.675776112644013,1.8958095923092853,5.795642625840946,1.7036837923185817,-3.6524251655483706,0.9954113563953881,-0.47185525233560793,0.8551438316091886,2.728368996468366,1.4156507786856798,2.3502889738927433,-0.6352629976454462,5.181743779719082,2.9433229942441086,0.10178353318294701,-1.8178186540257046,1.9186385072885463,2.2806420462368133,5.0
-29.132837076177328,15.069083544794106,-3.7987308007093423,-27.656226705559153,8.90894184647402,3.2190634278607226,-8.804338181416089,-5.1817355727256,4.952509485658487,-8.849187408604433,-8.82316540966445,-5.890009674441878,-8.74619332275492,1.4501162499620157,7.156456533242328,8.63633093063105,9.794911254456014,0.7261885550239253,-2.1949752751676344,-4.649477619166865,0.6914302842636841,0.6330212486672465,-3.473291574563173,-4.133215440457912,-12.062373321976137,-9.608472301279408,-2.9199229808615845,3.85747946540161,-5.020121477061898,4.878910462446211,-7.559821618793435,3.2348608589609587,1.912432488715772,-4.864493321189055,-5.26800250077327,-6.478564755608231,2.7930020232853896,-3.5858534766088463,-1.9054832043726888,2.694753652412041,-4.259158782106441,-4.872264285575927,-7.681000840958562,4.775663301013271,-5.326727310675575,0.648953276238787,4.6294266198827945,-8.282358627920532,-1.1072650567559001,3.905201737194081,3.0
-7.794054356401508,15.392846693993317,36.09734804779625,-13.496162554408166,-8.018808649683887,-12.2959291514585,13.423599341930233,1.4307221584281733,0.17895631462914763,4.0768802644439,3.8118478833996523,-1.108713520983827,-6.1816591698313195,13.57201060245146,-2.9982575676621943,-5.553760236944672,-10.00623787434585,3.784082169164316,-1.7072797267837898,7.18292952755595,-0.834566765412595,3.465948566622332,-2.5016285722183698,4.287704727703781,0.7692478626208302,1.0157240709162159,2.8200704289547947,1.4859633063378783,6.375732661929774,2.8659976199125987,1.647093667384434,-0.4545844636429049,-3.321701527658471,1.3079814580518772,2.6676285148358967,5.564393890603797,0.9190338382240165,2.198091481878062,1.151711974512927,2.1693986701895858,9.059157169450826,-3.1424740145526893,3.67714389228104,1.1999014902247798,4.578465316825895,1.5133723638307073,2.9328018950199777,2.1633543543366676,-0.6205485290334077,-0.5895169015714226,2.0
4.766392601432456,-11.530797751700087,6.202277906298056,-6.024887417781474,3.8370168103517894,1.871138278726028,-4.182129038635293,-8.623028155509207,-3.2804597548247947,1.8456388021892693,-13.06758356093333,-0.43460075661107306,18.43143010091395,-2.07621068037115,-20.766575798449363,-4.874809146422599,-7.480258493937297,-11.690849697842813,-9.721533449964445,12.877701800096267,9.088146359713024,-3.981127331623013,-5.847253690850193,-6.874183170786876,-5.6071608542945555,4.2233053090374275,0.5308298663300255,9.008936219305548,-5.945277716827015,2.767727950719846,0.6978522627948203,-0.29126820407152787,7.11453135194552,-1.6247709151946201,9.554426833128092,5.141783573180024,2.7289383494789186,1.0703247553967004,-4.611013846459573,-2.859431458375045,-2.6878891005636882,-2.341127576922884,-1.6181239520625395,-0.9442078715657362,-5.088841628611923,-2.553477703738031,-6.765673197603274,-1.3897968076445002,5.429775236922001,2.102542401428639,3.0
-51.445304549186375,-0.8592932287081486,21.919269123575525,-20.592240110638464,-7.72383226919084,5.472747008087586,10.391699800978953,-6.3457157823001635,-5.9300635512618625,11.458742566354095,0.8141433227665887,1.8954335730195808,-0.22540464888613507,0.9826172175435688,16.328479027249287,10.289264975730994,4.5833206837219524,-0.1314854544282049,-7.94182817260767,-6.783578106687878,0.550405113006216,5.185195090600133,8.667449269136949,-16.099463284823095,2.643542377814412,-6.905631892834541,6.457851400298719,9.814583958964722,-2.7738218681204905,6.147137840189446,-2.8065560754470056,1.511013807670744,2.8565666152533695,14.743763186130167,-6.367831970318774,10.6143464057766,-0.2880140639782566,1.9601831241790293,-9.88463068423302,2.010148208850375,1.4505231797873452,-5.8388702265086,8.11792805522127,1.2156344667462062,-1.4186272544495078,0.02337206012751927,14.689672610416274,0.8251723605471082,-2.019669461866959,-1.0711292080808257,5.0
38.58972574258672,42.9556933800898,14.968984921227035,-4.810330244660806,-22.111603869925993,2.9038457787289955,-5.543734033536176,-10.009631360574595,-5.885215223932007,0.13778842712170672,4.11679939672794,5.3215794234188545,-3.5581254155429,-2.394838242215676,10.80336818860571,-0.35419065407925626,-13.368836491762005,-3.169875205532508,-2.3483972961518935,-2.501357614368485,0.08247855094009254,-3.2340318355022792,-7.185157388389826,0.9313840719793309,-4.859284981868768,0.5938032246041537,-1.0126817129338876,-1.3913302126671552,2.078854439394846,-1.5486409998510389,-2.723131289966576,-1.4545574217334405,0.9369743237434395,-0.01911186851336732,0.05659788917185375,-1.8500707166332873,-6.242295216348745,2.6319744972646673,-1.3425371179745067,2.5712795904080696,-4.77704429648533,1.5087229970729132,-0.8612798591940979,2.3970195467073303,2.8239143687937966,-1.6055754659567327,-0.16862423084464626,-0.6879330884342024,1.3098573937449223,-2.108941810354003,0.0
6.3631130777689435,-13.366517638407311,25.281842224665613,22.895033241079393,-12.507153860961182,-1.5891339714024648,3.5519840127768028,-1.298598689009444,-5.853709509621934,-13.445931072634624,-0.5722343222764288,2.1245281203401873,-1.729185704975605,-6.05181348834537,6.0469810447721395,4.19700881300273,-5.504862903696643,5.2151642241625975,6.074123344031588,1.9950103420780971,-1.348358778155582,-2.023189477716491,2.3815972276099955,0.4837214054127745,-5.325563271557275,0.4723658994428835,-5.26513574391171,-2.8237938996946625,-1.4426743369792756,0.1681471345908531,6.272544650418879,1.3394428582737021,-0.011629561584680122,3.3378612408627535,3.5464075384773777,0.20988657797725835,-3.7590705168192655,-3.2588490067416878,-1.4870722489519739,1.4780619883961035,1.4325241516680762,-1.684099660054536,-0.7382865366810563,0.8460810100650178,0.20440901505218226,1.5807893059907017,-2.496660358055757,-1.9853319183411076,-1.3321083594732905,0.003187029667426105,2.0
-15.864370500399875,-2.480874958670616,-23.81385281714733,6.2001080856801325,2.05767039742889,-12.123910068419667,13.842092148898397,-3.265489364699965,19.530675242817775,-14.572889356414363,13.244785140961277,1.502175707189905,-11.251572825229815,-16.456365955735528,-3.993987819432746,-4.284898709528927,-6.652213865231424,3.872682658174803,8.395365668682281,8.168624049090427,-2.8798268541368364,-3.022685060628182,-3.650076902044,-6.577281767869738,-3.0526409279704487,-2.3277655690600967,-2.7331731640951404,-0.21421921902551036,3.5275162522068007,-6.643679123678761,3.0209483392589873,6.876567436161511,5.609968783324619,-1.8449666096388375,-5.625042811272777,7.980485542734948,1.7899719385558064,-0.7134813037341029,-7.428922202360527,-0.7663468709309884,-0.22235372435761294,-5.538839743264466,-0.346140022088223,-0.46552586691232106,-5.455195548358701,4.674084091401956,-6.016564317043424,5.50044945333995,0.07536885207533783,-0.44333750151738294,5.0
-34.85561266792222,-3.1717661704565585,-15.952965492685617,6.531939311709528,-11.14843109122847,13.429090104346272,-22.03971997804494,-5.656803503296371,-5.479693722000519,7.275789353762634,-5.263355386674207,8.47563414345658,8.204789508816082,2.079146858672391,4.358197177646248,7.829177303992938,-13.967906822409292,-8.675361597692262,0.7272169154724031,10.626623193413334,-4.485444996002483,-12.104751315116799,-5.178638398694509,4.739375373438193,7.203454208801642,-14.982580101054824,-0.28710058584973175,5.668830456005616,0.22182391486952927,0.3650090488873247,1.0187210446233894,-9.383217856725357,-3.9420687067779947,1.685670570913135,-9.26919000666482,7.118476166638035,8.95902188003891,4.041484287807016,-3.7904287130741463,-5.919284751276635,8.237894985764951,-10.380102245540431,5.718490342715827,-3.395039741464398,-7.0152847311344075,-7.2187271993748805,3.24122787086383,-6.9680325269279875,0.6189755352158403,-2.8608123595572796,4.0
-81.15121078350093,16.49067508514092,-22.78105154739815,8.086789736091617,-21.893345647556878,8.790831642207307,-7.895712754209763,9.688356835510326,-9.165932203426895,-1.4712181136389015,10.65033457129887,3.8238690667506403,7.437465818036602,-5.611346848585052,3.437567929878268,-11.416167950691582,2.518936632223889,-0.8565713795634836,-5.358846180252431,-1.999901602260712,3.049599911228651,6.702919898522068,-0.4056935170779415,-2.3686893844605277,9.788696599143272,-2.597695234087753,-0.010043283512971258,-6.481255303151693,-7.326435529185834,5.483559740834033,-0.6989495720608242,1.6134431726832188,-0.3393168896989478,-1.8846596192424678,1.4852320316353498,1.1119954241669674,-2.095158329420338,7.676012624389089,3.8863490763202364,-0.27248549864383065,-2.313236157181476,-2.4792785019039383,-4.560477505710917,3.97634124712185,-0.16322429097120858,6.308573046508856,-5.989637100078875,-0.02749647807751279,3.901209608208012,0.8082084922193643,4.0
-8.849363673538159,-20.54039902752952,-8.09725096159499,15.068168461811393,-6.537607194562069,-8.692348513541075,-1.9220107852908148,9.476579996813806,-14.93381485905373,-3.2536840263741365,-3.838654631538442,-2.7901903615112604,2.83825547983104,-10.759806749522065,-10.192133549687924,2.1270437383483114,1.9495242589371606,-2.1854446121955693,2.436475872478396,0.13576492907246623,1.6743946212981475,-11.609210002703183,1.1051518139764176,-0.868624753844885,-4.960893248797047,-9.177302598939177,2.516482167385476,1.661104312182219,-0.4984927450197284,0.5958799661909138,-4.8633539664585745,0.5010239631566303,3.866273660880608,-1.8446932562900382,1.042165462247818,-2.907054747083774,-2.076559241469402,0.6462348155155694,-6.208855382145525,-2.7111464006844415,5.022806930749455,2.7192645996201263,3.3333456617777713,1.1144884919931561,-3.3504861141820936,3.6566397918009916,-2.086351254088796,1.8161441841646258,-2.2625637125281832,2.0131029914905354,2.0
-42.369048309345345,9.327554545035728,-3.402842379169035,13.347708998945299,-11.652349348234436,-2.1367746722841536,-17.512760351219708,10.837225400519364,-1.1933159978310186,13.481583727023642,-7.084219646738453,-1.359859030996935,-9.536627192593537,-2.743997321354866,-1.8455647570855833,7.150695230824497,-0.8918299386616033,5.244132064321848,-4.124264080200654,1.7043991437520165,-3.783407600556142,8.458844764442976,-1.0899438612116081,-2.2651338267842807,-5.367842386996276,-5.38429755815911,2.001325047845471,-0.8364320076459378,0.4313833273456291,5.263457567660852,-0.9643841832161717,-2.076296928934972,2.9449427601208416,3.5090361591266364,-2.9174552438826398,0.7117281054190757,-0.4793200838804979,-0.8791017461414131,1.1438241534818026,-3.3593988189437685,3.0180218457597077,-1.348460552966125,-3.4980498820527597,-0.5891982207790775,-4.6244536920406345,-0.926636455897108,-5.53946762661897,0.06171878868601306,0.6982546265068375,1.972397327025093,2.0
-19.04889061647251,52.63156460910473,1.1902885323795904,9.590962089770589,-0.6592741336937882,-1.6150750275031969,20.1160509214639,-11.411247687207533,7.069585884765411,-8.935558360424322,0.49297933746998074,-3.4111544781178096,-1.309553402029416,2.2537568833517065,-4.789883759222806,-14.70530541924848,3.6928135324050384,-10.14054478905382,2.284784103135194,-0.4442095948900223,4.21020989001201,7.7835139281062045,20.239810810927203,9.113563840644147,10.019400512792313,-3.93798826361156,0.2361303307978791,1.4504282516951992,-0.13321403078962626,1.6909576296712494,-5.699184901262211,-1.4687311334356803,0.12534892100149372,0.2026737358815287,-2.1744097610517263,-2.398324503799788,3.2564172925952044,5.303741546083513,-3.8125164037995605,0.8452685527929925,5.354066155589476,3.6274165382967847,1.4404467403380596,-2.9974429714345048,-0.02796573356362466,2.3646801284273673,1.9115009167018278,4.760765346175382,3.383354687433998,-0.4397860026721571,5.0
16.545765977655076,-5.655453435904776,-2.3456526180545243,15.900427297667967,4.220774653091449,-5.009044689130977,-7.527694613235643,4.995746653419796,1.3613231957627026,1.3221586606921942,-5.106717620039979,4.335666959114169,1.3204016099088038,3.27976375207844,-3.028332468842137,-0.6408757637407148,7.6085914639405745,4.452672630413864,0.7267667072112651,0.15782135193116303,-7.810199669236942,-1.5890332833726333,3.4405051450328092,3.5169447798913134,-2.9142695078233145,-5.9168371607572094,-1.3084399194972367,1.7087908115034083,1.3231818480120396,4.833149096776928,-1.2097849601361328,3.044850119045083,1.2281518923404284,-0.3607943783835421,-2.531438713636968,1.0227411510073492,-0.8233314299772369,0.8199184119091215,0.7118329227815631,-1.8097366666218002,2.7009114120084994,-1.2823257864957245,2.204857791157181,0.2752172166593872,-0.44713633779063944,-1.445756773650004,-0.17064958758604906,0.5748456103665909,-1.2909973059019706,2.8942049086606954,2.0
-3.813682443142424,-31.85158631590678,2.041797193664853,2.075843842662376,-2.595284747392202,-0.5924379603448594,-0.4751745770922316,-16.559824043989554,11.916808462286749,-9.517321906660275,-2.1453101436971402,-3.816923103741812,14.529957123875487,11.69557282294817,3.162856607334325,-3.8216380002208257,-7.314307918095038,-13.301611762937373,12.091864533650606,0.9028422533050765,-0.2143667087135272,0.05941285451746403,-2.3253958670555854,11.111392322576641,6.653786663587861,-7.376625118240206,5.587165369529572,-2.990140300099757,-7.321399688914271,3.555480856148435,4.616197965616619,-0.008083832872029965,1.7353800997937012,13.973463324610254,-0.6899768542719524,6.873541897075151,8.98653892138155,-7.508236557608425,5.325392365625458,-1.7082213661342012,-6.716089495745918,-0.06187726333781377,0.7893754615233537,2.859275266374623,2.7835389839643288,3.99515579764021,5.332749844046076,3.183572178126807,4.060547230947549,1.8065940780462955,4.0
0.11097701159875295,42.636600365818445,-11.34904364990113,7.365725672907238,21.797989526135208,12.83732412920598,-3.120891114921414,-2.6549024582498655,0.2544464126411343,3.3634521879323884,11.34171061608244,5.9284092283910335,-5.49142128199781,1.677988694636821,3.8187840465859693,3.4699976397435037,-4.129889936492325,-4.57518787956375,-1.021781410267758,3.4525640148339853,0.20751781026550542,-0.06878115741115827,4.926267631161282,0.8637179113101484,-0.792002723689491,-14.461136481423418,-5.9722793083111485,1.3265617056579289,12.557646432069903,-2.3860102664274523,-0.05978079176979635,-3.858903800292702,3.9900951833886102,-3.248855243505622,-3.940767239250303,2.4163532923769684,-5.054318113504407,4.529491842274118,-0.1333156327466062,-5.189212589198335,3.1767542726692515,-7.69131464799344,6.069323193306525,-1.06850720865007,5.002931393225643,4.740370346946009,-2.6252887138019005,-0.1272152750858029,-0.9651771888059065,-1.522768697937977,5.0
24.003991494230117,7.793834047123652,28.606853755541966,17.565444493174777,-3.430232096295129,18.36542757119859,-9.521714920849343,-13.4035062135755,-4.189412580814087,-8.340874926028444,6.132985748792836,5.491923995049726,-7.573373558426357,-8.385191316256687,-2.861872030825098,-3.7831154935971623,-2.199124522782264,7.852533258205039,2.5684631499732933,1.7309602193397704,-6.068377985394527,2.5304081389385042,3.3939012747510957,-7.836668447886147,-3.2732758597098313,-3.1465671572699496,-1.4956298975317706,-5.024160147014422,-4.188095379059554,-0.09336807324813698,3.0936640199102268,-3.600081073975451,-3.993532930305462,3.781483864215135,-0.1864552011692687,0.785460905300626,-5.219507427010342,1.6257367504847857,-0.6150470307864627,0.9169031882857548,-1.3805959746553116,0.7864124191213879,3.4077732182182414,1.0830828382301845,-3.8788764708003067,-1.4770326761379078,1.2949810264466144,0.8681854250601881,0.4348445782863847,-1.751220166252699,0.0
16.536828948853817,11.741985886082357,26.129510803621933,-5.170313968044487,-8.880478509639188,-3.291453858444093,7.196281402648051,7.493493265945259,0.04072172251146357,-9.857044556825489,4.16693283902624,3.9146639603531077,6.422897673306727,6.190333421890855,7.79333780909408,2.882619042797447,-2.5584796202559987,-2.839773539662334,-2.981973276142407,-6.257988059195902,3.775458306604362,-0.04358070160992918,-6.064805703757534,2.0372185572727854,-2.207288283747052,3.4706832763681237,2.9047993891626525,4.626179118292437,-1.1625053904795164,-0.25144166402499907,3.687740271660222,-1.1219721988036917,-0.6491714380452425,-2.4269495541536203,-0.17359785921050286,0.9120761154799086,4.956898136434324,0.07034729845696404,-3.4229474880480013,1.723812416985092,-0.4185318591630069,-1.8808273088945673,3.74243506878113,1.1222112678900873,2.6092621524555573,-1.8909756844721408,-0.2741413874836343,1.3547663898732818,1.252147583954317,-1.7743193795285002,2.0
-10.809566033102454,32.87434658876449,11.95259254136468,3.160499958189047,18.635107233203193,5.7511731301589615,-7.548531668114774,-0.24046235578898956,0.9108338474663129,-3.279470224860559,-3.0838192970756784,-2.6348862140705474,-5.1214696939479945,-1.769603501005884,4.9407106729404395,12.065038087024055,2.359565409825471,3.3141302594219204,0.7172740214429268,-1.3810392124086406,4.822576839184727,0.35658487774430403,-2.615766751306333,2.172791065988624,1.4258556462477308,-5.814240502806907,0.3655089606780273,-1.1392639844444026,4.534260730335353,2.2076285010649817,-0.04700189521436693,0.8357558573651216,2.0878395767785047,-3.19171422059727,2.3156783779306145,1.2054678558215295,4.426085304921356,-1.5618767723906475,0.3914161335102043,-1.3954481869746544,0.3247934388137526,-0.6363315309167412,-0.8113826112187795,-3.1223253619947515,2.908445121462572,-1.9110431476413754,1.8121615254899388,1.7535299835865654,-2.844460588147915,3.7852175141600846,4.0
-19.40581504107023,-26.244513308202716,-19.168523023550755,-18.82891034414956,-11.38023234605224,19.96849567873728,-16.486815723757296,-24.534665990403695,-9.681393290790233,-0.6233609484057248,-11.642303372577326,2.4227355066242526,7.6224162061940826,16.01064523389839,-13.521148472846942,-5.713689896201531,-2.0835776535297503,3.41441919637799,10.618718743648012,7.687512559644765,14.81609891929909,-15.3397773833874,-6.934518486252944,1.7751421425706055,5.141674941399347,-11.035196118047647,8.60362284021257,-8.413998553180855,-3.2608050459717632,-8.96159050742304,6.175962090252752,-11.385251244952064,-4.928954346029179,7.057378830273942,12.893334107600262,-3.7340452884956754,-3.3028200560943852,-18.92306702917781,-3.406317589044142,9.194019927288362,5.991086275784706,-14.365562071530837,-2.2391608499135915,10.672730760521826,6.181685256258183,-0.7049103754189728,-1.0196574862636136,-15.400999929645822,9.465047766833916,-12.910982554818696,5.0
-33.801417626562866,-34.68850862197102,6.923909413665724,16.165939197499107,-4.514694141284796,-1.678350349597438,9.135783107314364,3.7657234885222497,2.397241164341564,-11.239371280315625,9.06254536887712,-0.12205160705597667,12.508588206321948,10.468783931306215,2.660446371599603,-2.03058817812302,-5.617828666248121,-5.665814979865236,10.57628094144751,0.9150338979482537,-2.9487427201591823,2.8127166944306823,-5.378494493059655,-8.593873415805893,-5.858399040569088,0.12948181912359932,2.6259441863284327,-1.7161981430694515,0.9590802319303069,-3.139883041196627,-3.0276432095950465,6.4228515956713075,-4.1874577984557,1.3128376743563694,-6.208351086123181,1.1718584752771402,-5.409060248112105,-0.8728280898180737,1.0892315765167617,0.12392098639003797,-2.7964499117222794,7.064701884097407,-0.9842824892202033,-2.049723317925843,-9.561819300816532,2.0497370782510536,2.001251266973241,-0.40319262556012286,-2.7832719085207662,-0.19233223986823533,1.0
14.585522268958455,-13.754515291297158,9.416695950457108,-19.363302335893025,-4.008263607531308,-14.663040727936789,16.035892430394348,-6.717576325949038,18.96439929038955,-1.294703586383358,12.035542405479388,8.694531680646131,15.137101003493983,-6.823197041280897,-4.7071965902021855,-0.3148159021571029,4.930360906211096,-12.24903409267483,6.5637538275992355,0.30708179030801525,0.0934598129288664,9.56072533745086,24.580945069894312,3.353765617810185,-2.6311998824634926,-6.243840857498381,-1.3848767684714391,0.29622468946713426,1.0144212039661809,1.305966201635831,2.988492361594185,-9.106159681641818,-0.7974183198895289,4.434287985954459,1.7528273430497547,-4.981972022477462,1.5312525792690501,2.6858276379359376,-0.2635840939213832,1.939755583651208,1.6595804809931571,-1.5880736182158457,2.398679728695209,-0.3830529752468179,-1.2787402073813132,5.478785254445227,-5.104494133896888,0.6330835424103342,2.1373966547195753,-0.8657502983987058,5.0
0.4129116088728036,22.35905424284761,7.927758440368425,17.064954400742394,-6.132582642844918,7.691218086446612,-16.882338098580707,2.667202396785277,-1.5108317875794548,-5.031040625541104,-1.5276153363192133,0.6808852096680499,-13.516911108222029,0.6296613094680815,0.5294413282670991,10.353513371678455,-0.7129387560268307,2.4636298152685345,0.49131119172238225,-2.905583369409164,3.019774033890773,4.367910503762622,1.0307969759730895,6.737416111315311,1.295641617667332,-6.407925926819089,1.0472551054571635,0.8559882501967574,0.1576344463237957,5.364578629043244,-2.971844912539434,-3.2326246462368053,6.222444663023505,3.3375761173637093,-1.8183775433944347,-0.2934588774744447,2.656528885599555,-0.045994699586700244,4.115673653088237,0.8188500166363578,-1.427900279001016,-0.3130599891578503,-1.4915015707632178,1.4424450129834503,1.591911669991165,-2.2407376766918854,2.0569980436929147,0.11184109919402552,-0.6647050298129793,-2.857791127704118,1.0
19.488873536125574,-31.965743129002924,18.66274249013443,-4.067900699796327,10.798962578424845,-2.6723609951883387,-0.47555648733031547,8.192336452790713,-5.445441847357701,-6.151970063769763,3.443496030559911,-4.18831232441742,8.985549304551482,10.427546782455346,5.825680673339584,-3.5133390335986325,-6.486814098420795,-2.27691326604277,-8.62903659871803,6.767483508235585,-0.451440002362772,-3.7787119487586778,2.7151169415081453,-4.1470002835153394,7.108755535651749,4.543603034877511,-0.06234538669315764,0.9914924950892617,1.2073344836122444,1.2690426286826308,-2.172619137506505,3.185303958626078,5.453376755337431,0.32036398440848113,0.6434047754059815,4.649475114566399,2.838190674251346,3.1063317172968334,1.5359795359013582,0.3420100528216555,0.6216037485549255,-4.027911710130209,1.5236253679229206,-4.80743751176276,-1.3750379021381807,-0.8285738333184884,-1.0032301434270077,0.9920316805055642,-5.261139146149098,-1.4134942478132762,2.0
-24.531793203321477,-30.548137157452803,-5.357572691601703,22.53241972352671,-18.248921298057084,-2.2780364877258306,6.610518039141589,-10.072496888481197,-4.657405615693453,14.014416783895774,-7.5658594032071695,-9.009312448207965,4.720713468185473,-9.546409942831964,-5.363441258639338,0.9865735773401774,7.624946469086946,-6.0803627855313325,-8.145398464988983,5.906817397423874,-3.4474201247000136,-3.476473194164487,-4.585405754841109,-2.637180666471723,3.188951891150333,-6.266915086258255,1.8517971483058688,5.044650288258809,4.348325739546799,5.923029159250609,-2.738679248973211,0.5229430289902626,-5.949085711709994,-2.4387826012180716,3.237179123078216,3.170993750181162,-3.7640940764796897,-2.471953452089908,3.7500048344679677,12.602308716035775,10.786095171384321,1.8558511588404218,0.15808842414834076,-2.4864029604680424,8.843918756560797,0.7517592871019421,1.4696362658326239,3.6672167541003753,-1.0715174968921248,3.820311264002241,5.0
48.88378438654932,5.837062464455205,-8.340887571547412,21.901887952079434,22.66826244150276,28.755563211779048,0.6058250295765952,-4.638132958446614,-0.6027593766535355,29.21682254767228,10.326416085236806,16.53250303865789,-2.779241660139459,-5.636489468862433,-10.79320255051962,-3.5965082858312685,3.8564126440334277,-12.423189947492897,-2.387145357943497,-0.554467543695354,1.0185944199258707,18.279154038846773,-3.7437631805380485,-13.58383839250968,-2.5455374776186077,-0.9139999757060814,-8.447968169572277,0.20669587048744123,0.7243594001763229,1.9209433830092253,4.610232511787366,3.1191020605457336,5.960108936071476,3.523885819650138,2.5020419495593127,-5.1140744059711265,-4.049466435501005,-7.222587070746949,-2.0234777975996137,-1.8693890795087977,-7.18125617013694,-4.37709069761334,2.2900990344787564,-1.5402348995196504,-1.2568118804210742,1.6380219359061237,-2.350258133796588,-5.961397622620933,0.07529597346441551,0.9357738601021464,0.0
-15.651314139441306,-27.704917503963504,-1.964054567375892,8.528417861434534,11.022618915705749,3.8097989852014726,4.929171625026497,-20.41613469441194,18.09482381973385,-1.3288281450034334,13.14845396921938,-2.7840852728889534,-5.08463618988631,2.421020168682155,3.1731633670986272,-4.539750542256595,-1.4601090149971778,-2.802886925467571,-9.899745265134209,3.1505340427609907,2.160484185711381,-12.50393228831914,6.392520947342133,-7.0752900432716315,-2.0564015046039414,2.0607127275389816,4.281290755518162,5.837862471189291,-0.22130889031126996,3.353350277323826,2.4518789590489383,-2.1131150013603883,1.930622607376753,1.5586511335402458,1.5892728175580884,-4.580485442595817,-3.6461682820348855,5.728463058772572,-3.57186251381983,-2.766287071856548,0.8665345071892546,4.362480024688806,-5.266054577489559,2.824972645666303,-5.607584398395426,-5.142599424805182,0.6733740477904612,-5.164075691786324,-3.411729131095729,-0.36242622867127194,5.0
2.3765366707242053,-15.069634877714007,-17.291467021237924,9.641357404100935,0.792449378031271,-13.728096698700888,12.611854927169546,10.29554314938824,-1.8529766729141601,3.8783802772792986,2.559141626457169,11.179605310950903,-5.0181914779930725,-4.855008323600791,-5.896440941307367,-2.2324840698044177,-3.0966498935678013,2.4555419987524307,-1.6239825295100434,-4.88434258582766,17.916080930199865,-0.01974971300862236,0.11573376332631566,6.239705168633516,1.0278245192974533,-7.505109305733921,6.447974823026872,-10.256479708928799,-2.8849858456842026,2.804159552389616,10.661986800423168,1.627181966952239,3.1093175187103106,-2.9762777943291137,5.801805774070848,4.523013410980434,-4.308950212256602,7.9190229391486096,-5.788878107554078,0.973094905828021,4.155254541573682,4.308529839969385,-1.099941710296819,7.591910603941162,-1.9986403795613896,-6.479067856559236,-0.5833881860365405,3.9699578622871785,-5.774476596764063,2.1887001212946173,5.0
-16.59145966613534,-33.23918463650035,4.773324173434876,-11.234976821293397,10.907498706414367,13.391587341109267,2.274212537274448,-7.587975677736316,7.457720768801565,-6.233899846756849,5.473166041422921,12.390611518490855,0.7829289769235757,0.879281081791104,11.813333172505885,-4.999163071577387,-5.95863955772207,2.310121487159345,13.290605861232557,7.622768188691669,-6.041512170198028,-13.32525175338299,13.70572188741196,-4.119566507662587,-3.622778601205719,-1.713421991590217,11.034677739908625,7.727312715155963,3.310520955067214,-14.551375687354641,2.9025373045308607,13.113053499051587,2.834117168178497,11.656825805987486,0.4176101595829189,13.411365368054582,13.94922125337996,8.602459677780274,7.9268924754923065,-1.0167625451950477,4.342515565689043,5.954808027762,-3.0512223435844072,2.138840224163797,7.258391466002286,13.040294362621568,-3.4287396326302595,-9.840791296737056,5.721519987993333,5.32872648587668,5.0
61.19852823123487,10.602984530365028,-8.523831628000183,9.287488692617973,18.015386800344977,15.759853521555188,-13.478800984436438,-5.57615097608194,13.84473893712728,10.735514828294516,4.231645069555293,9.214088863246264,3.2144216820982616,-2.8693513349284854,-5.617647056512016,-5.464317654511084,6.091634995629714,-10.77849360692238,-8.659550185250497,4.245138716913768,0.45222276061174754,18.424200313310717,-5.139271930922349,-9.452918174640436,1.7925682180663778,1.3774496848928928,-0.6481959533826777,0.5698480326500645,0.5175032652888695,-2.163160800189868,-4.651175871836913,7.765149232734642,1.2149330912865335,8.11413852974454,1.8944402424591527,-1.6068575079957683,-0.7368959288959833,-5.852035309205691,2.2899677584805245,-6.179866029532873,-4.459523763922765,-9.950254935865097,-1.5846542862057074,-1.8731716638536706,-4.075408714243221,-0.8103132627784397,0.37941866719917416,-0.09678124131290938,-1.668335479876868,0.5286949956560851,2.0
21.06965544742118,-7.758452949024066,13.004840266961487,1.96180580583288,16.157831268897645,-7.2516625515556,16.74726759248129,2.680182540842855,-6.86506731377289,-9.138573579510771,-1.2464535057757862,3.4405755035093684,11.686332294750596,-2.704552526833915,6.006964977060333,7.653340943889247,3.3957286571074827,-3.03759359567527,-4.231634064512992,0.8569160069464287,6.076363052725376,-2.4262050649545204,-5.642509081726424,0.41038743265532923,2.480837132088782,-0.9251383341016043,-1.0112609114833873,-2.1175121136489223,1.1627759425849344,-4.4850305252230696,3.8566638472248025,-2.9941201248361327,2.7989372780861683,-5.632444277670546,4.009433253113643,-0.29806856588120095,4.799498526411504,-0.7018113471129745,1.427757971018111,1.4756450816609703,-1.294686705928593,-1.9605571603344027,0.15306757593104292,-3.127609989887701,1.4134635900349704,0.39668663812882643,-1.0244940535322382,-1.6724025352943404,-2.2775781567311815,-3.077841517962248,3.0
-9.513932486081242,-46.31353458680436,-22.626586912215476,-4.493696280751944,-11.837310312722932,6.154902811039612,-3.809265493312415,4.644212808069947,-10.705507783294193,3.849225534017034,1.5503527394570427,8.47665522437249,6.255282461678679,-1.4597016969122725,0.19529058051312181,-4.6341819400390625,6.099594489126486,7.274716884811087,-1.7044018336809617,-1.0953655606431647,3.969043103931614,6.304196451175677,1.290404516752864,-3.4447559262998437,7.392972389536559,2.4430802755741365,-8.423044718875142,2.350532738587231,-11.705987394501648,1.3086774149621823,-7.4714335191693975,-5.324970413547536,-3.0035435255629728,1.059233597297349,-5.614262404539849,4.884338454030965,5.6295800389216755,11.19447154455513,0.17631019254090954,-1.3438206918914735,-2.3379388037029862,-7.098580849375885,-2.816247799545285,1.863348640224733,1.80282675346783,-8.356122115322412,-1.0224378625189479,-0.5500713954097743,2.5615298268939184,-6.112453713155387,5.0
27.81834012390318,18.4010888021764,-32.86931068044649,3.3195801004416907,17.84199543471677,-5.687994148171406,2.236646562613943,6.588114979895728,-15.684692361205434,0.37397266603244067,4.48976748856566,-5.5068633360031125,7.804183607920862,-1.3887288567201024,-1.0463730170448369,10.594658662796752,2.1651599652055333,3.271195956593975,-4.4460822836361835,-5.565832969747866,-5.794501346155469,13.698790289523831,-1.6011804966137364,6.070667402034947,0.18645125738161378,-0.4033009859607629,0.10394640799369845,5.373508566611489,0.513741831075812,-1.3050981369825743,-3.6086297341799347,-0.8594834981330689,-2.107990837697797,5.055536881210629,9.442192245229243,-0.7098579131801639,12.80401568656056,2.768672104533128,-0.012061486767070077,2.543319785735331,-4.959114879172864,2.3889440306102605,-3.2445625778689138,2.281945870174775,-1.9552890502794296,1.137703211133348,7.1966011042260565,2.383168412829353,-4.5611343864973595,2.55921106548033,4.0
-9.49455216214826,12.494910583568721,-15.9847867130274,4.368212131336777,-15.080928647677494,-15.809556880758779,9.048078819643903,-4.407448145681542,-6.540039582638297,6.178863029238482,-5.42859337900859,-4.131394186956705,-9.863087062254252,6.756652629848513,7.721505029849542,9.407946422357105,-7.747142905206467,-2.431888733078802,-12.443363173134045,6.423345810589394,6.123191246023482,-7.21779476078146,1.6421247049665,-0.1887882104413215,-4.4700939263163795,4.423381146293228,-14.620796994566415,-1.0763166871773673,1.8478560006924072,-2.8663832401906637,-4.299454743764366,-3.4909142975177763,1.450260070917296,-0.4498961668523078,8.870580427909577,-5.959134936354745,5.659453772089143,-1.3442347763888876,5.286232798831408,0.2526291488191179,0.25852118391568846,1.129937744169085,2.267770280729925,1.0309550542134756,-4.938894287122555,-2.363823371261152,1.8595779642958115,-0.8002453092427101,6.424247461201388,3.4140847752727983,3.0
26.96063292297351,-16.446042021145647,18.972307649811942,-3.8711487741988595,16.623404137536465,-4.719030683592419,4.627578763550541,12.540748164742167,-0.07569170572084719,-8.526665634026239,-3.535856136419799,3.571388574878185,8.846213694526842,1.0980749941290968,6.320560242768619,-2.0377856705956208,-0.09548094914316611,-4.763009629797978,-1.8250688437592262,3.339045177951876,0.5467251328382853,-4.898388278217119,-0.6086857631059347,-0.06105478658586684,4.480664056865612,-0.4449378917799911,-0.01378184838402649,-2.811434479271864,0.07100166535106336,0.5870661091285193,1.1501949901980992,-2.5610126496138186,0.18551281233416403,-5.44453053089011,1.1076437067927978,-1.5086112652240877,3.0478942016537793,-1.6508602553693161,0.2686519749108739,-1.7894722608253684,0.95834553687664,-3.7829836496554514,0.6824877546083464,-1.0470704743207104,-0.06624081044599404,-1.0926231968427207,0.11236338847234537,-1.981482433014289,-3.1700156967110025,1.925747634032511,2.0
-41.22619229527113,-41.0111328898349,-14.650305350176758,-28.142405484873038,7.339123448759473,30.51080189848467,15.967982857712382,0.9474793208756924,-18.423755468906414,15.031951205330172,15.951762408184273,26.40038527043714,8.599634493773818,-16.470656341671596,22.645770089818768,-2.223179619645366,-16.176539504317564,14.70999924372486,3.445555244787221,-9.993204108888737,-1.1746312581195582,14.089770900590649,9.00983222525586,-9.067363359627466,-0.36984422497747865,9.838471925473497,7.184486428136151,13.715924061472842,-3.6895897067506187,4.250440780624413,0.4678980718873827,10.150981537182146,8.523816931571357,-18.076941025816677,7.101897672472141,-14.51798094171163,-0.028691128349745548,-6.961294365211246,0.12987539332765471,-15.776014199987777,11.916854049052292,-4.114090583396271,-2.9531599867500784,14.191956560882643,4.439669717790577,3.5449666713437753,8.268792574741179,21.05988549891468,6.087910086507715,3.6331007962699258,4.0
16.641211427274946,8.51496485970566,22.437069265098984,13.593731188031105,-3.659913268796955,0.7138084954261606,0.1471003094518158,-2.9748435800444675,-4.350740660334859,-7.217032270708326,1.0532402678901358,6.382523506284366,1.2531063922191596,-3.5860855699202507,3.4236016594592273,-0.471360765664435,-4.744926822627893,0.40272848862803357,-3.370338506513671,4.000755407366102,-1.887341022399543,-0.8644961572130995,-2.159802367928295,-2.547362326811683,-7.678552917738401,0.5999850011472171,-0.7521783958003525,-8.40561465472019,-0.178734052920126,-0.14407884386668027,3.74353754349268,-2.658890210348807,-3.079745631613203,-4.097598528727369,-0.18714877573665406,2.867832245982761,-2.075252664757433,-0.38411837127160536,0.1676089943506129,-0.5417725002674778,-1.49123976431376,1.2814841358732272,2.306011433836333,2.1880982041458767,2.4148004018591425,2.1687122226836504,0.4484834463725067,0.5194422056207555,2.834322256274999,-1.0573417330489394,2.0
-25.020377949197492,23.263467502131657,15.900421393670811,-1.3940353437497257,11.522890168022276,-4.246630893537827,11.340415110123748,0.7026155306041979,-14.678837097629414,-0.8061656377466531,-7.944965094597644,-0.9945911692670762,-4.7376697697859855,-7.1405591589650665,-0.42969998924102054,1.4411626285915669,9.636595433714264,7.15833771011138,0.7058021602584437,1.581329501670221,5.170031038747428,-2.3653966423321378,-1.9963270339891375,6.779666030637044,7.912003976772155,-3.188090281391465,1.1306718122438424,-1.8245092497247715,-0.5673097758459708,-0.9993338818252155,0.3511722559030267,-0.563984455275398,-1.0854768257121012,1.819628373559796,0.06945596436848854,-0.7561396994099596,-0.1459604720525084,1.0921177522054406,4.138549114624161,-1.437830978372634,0.3689603727781088,1.7721131630323603,-1.7458233568012536,-6.013019723779619,1.7694986126091443,1.3885007247376886,3.9095850730818325,-0.23940522464692024,-2.797167203789153,-2.156991020325972,1.0
11.647044920253373,13.12553666033919,1.4722503625072667,34.19976182699112,32.35565055630913,23.44244877570665,6.177874814052225,-12.635378762290006,-9.692593768655879,19.280118180045598,10.873680196876755,8.868361271849185,-2.339879512791754,-0.36551104795458184,-12.547995463136083,7.61213048998236,8.132887683332372,-9.546912148710488,0.14636765603058152,12.587401141119088,-1.0817722554252867,13.279399735556431,-2.0631296278987508,-10.5659787095402,-8.185594128781437,-5.039931131496451,-5.173766851308457,1.596613255391281,3.8160493179452804,0.8088608815128424,2.0847887391388333,1.5997161283504462,-0.24102963039891565,-2.1749695941539424,8.204969282215234,0.6929751896389132,-5.436052631674929,-4.97060703484771,0.3198280721881634,-3.00171131877359,2.0685390169470166,-0.47831914834952977,4.178603381210476,-1.5768913480544966,-2.9849430117595226,0.8092877860106839,-1.3055765512696955,0.053950266973946205,1.1245521182193243,-1.3880586704462754,0.0
-41.33048184906865,-14.850385013867443,14.740511042429434,-9.953055910309434,6.794349263470212,11.31909056443248,-7.264143214071603,-9.457186907268872,14.852051395036389,-6.616168498450558,-5.786707613635168,-9.81511034849154,4.177061581899568,-11.200951676406872,-2.3977992841543987,7.7386904929390745,7.623522651889358,-7.952467064160415,1.7642423061230383,-4.243048066985009,-0.6547982135022954,2.843135152695959,-18.70622573408297,6.488160219672483,0.9241249049633823,3.3701240118047258,-4.258518931589135,-0.58618726239894,-0.7347566167374397,0.9577457706679522,-9.05565994930922,8.149500273718992,1.0012622073491215,3.0645342307350707,0.275941257648109,-5.734940087339079,-4.979176841099815,-0.19902969292114767,-2.6940556298460834,-2.5821528260244495,5.713713730727412,6.182867128914601,2.7928858025989327,2.206949684185268,-5.513318560350837,4.058502909509987,-6.744694998128803,-1.5523843995087951,-6.271189327090636,-5.541364028555611,2.0
4.789210799320974,-14.04202265989633,-21.754853323203292,-4.037621527679071,-1.214744790318101,-27.198008650540146,25.314042420132036,3.423602888517277,0.5942908122165053,-13.332696457734501,0.7973650872059167,-7.423047564768102,-0.8504306378487521,-4.061727938445518,0.8086250590966839,3.943269287014497,1.5743488840128113,-6.211359560821622,-8.686713470529687,1.228862895295606,2.360956943561511,0.8007181414351995,-4.92034870811094,5.726785091835085,-13.275519465915108,5.122292663159273,-5.813533862939159,-3.447192425889597,-1.3161785945442137,-7.576400081273929,-0.3395913195235395,2.9737555734644228,-5.821010649987218,4.699198437891691,4.760684758104183,-1.3489175197689898,-1.4933601752859011,-5.028165709324281,4.821781141294352,-0.26233450362690597,-0.5239856444518877,-4.734604856633699,-3.0303573205344443,3.6077143279702377,-0.9556458157896519,0.48579522298831546,-0.4739574485761998,-5.638694561203888,3.613403910600267,2.798092329026842,3.0
40.21807295313305,15.538139292605711,-14.916613189588437,2.9275219727681865,-32.2585438154793,74.19217537591886,46.6678521926898,29.47512658494638,18.163046176102192,-4.004517007509952,-12.83146921769284,-27.64844713586223,3.874727144355513,4.666215563393433,-5.210077122217761,4.79776373983604,-3.375679605946029,5.532209377773032,0.2570872599418877,3.5129976445771254,-3.6781766938658915,-0.9754692881709545,4.225275125246305,0.2232846601698968,-0.6324658893703841,-0.912757956188335,3.0042845398044853,-5.793109434850344,0.03253259985488049,1.4940511266762166,-0.07834828526006238,0.8673452868911122,-1.9319757713949617,0.37860863551591833,-1.1471619921641165,-1.6913652100131107,2.0957347316644634,2.2213382589009183,-0.7944102361932651,-2.069752664502466,0.9734188452640006,-0.8593874870776741,0.42565108990247036,0.5715689223507031,-0.11242334633190477,0.4015258651356855,-0.03213709471394139,0.5670750565362067,0.7607857044542904,1.4625945090318264,0.0
-2.0715688670618224,3.136143415775751,-3.019633352261515,-1.1995157267273386,21.893841011050007,-3.0511351227157317,-1.1566347750555566,-8.818173532952166,7.060200363973845,-8.749328865413302,10.86003651944481,-15.785064933529586,-0.5037979576653928,2.1593566631069567,3.415067068211768,4.377858195614726,-8.096841115411426,-2.2115723262427016,-6.993924236788642,-0.5979482545608291,4.699491026701823,-1.6668429230814834,3.1665500177048327,8.06660863105844,13.35345083935685,-8.15766503504361,3.6676587423644817,-3.3394310893791332,6.727479961612455,1.1402430443783413,3.519748182628185,3.112628411571877,7.00006381464842,0.9604705729405473,-3.6923231689639273,-1.974912115507227,-6.2559237520916815,-2.9863398483982153,-0.5633976385201457,4.741924709160222,7.300473619420929,3.80648219028971,2.4818683272475797,4.237021945990026,-1.9163287055948584,8.90174580609733,-2.8535624141226426,-0.2633600527083414,5.006577308270973,-4.463084038313035,3.0
-25.361646598555264,-29.11889406361745,-10.995390958642924,10.799754425979287,-19.70528391457613,-3.0562125372785927,-10.68667009857589,20.40109475825182,-8.67556503766173,9.60736819815994,2.2493072849063407,0.6622684806653178,3.8459232235415426,-5.348908163683909,-5.636905553873197,-0.3775590448048553,-2.7947788217871405,1.9159878718782575,-11.196834726514158,-2.942364386103403,2.492000592373254,0.502576391901077,2.972781616469146,7.220389577872177,4.403842020861717,-4.082370275942128,-2.695953721615465,2.4312843916650677,-3.515456350085616,-3.5103946622971076,2.0982931097444193,-3.354884849216284,-1.321468477308253,-0.6039610011681581,0.6799760740661296,2.915276334033882,-6.746057990512585,-3.9469386740768693,0.8983365722474811,-2.7982346608649085,-1.5573847029180428,-1.3790662339788329,1.939712364962469,-2.1010280711806115,0.5431823523698763,3.7012569353880065,-6.582103307704707,0.3110521129973364,-0.48739405187112417,0.5140173476161224,4.0
3.3251105853844294,-4.245471953047321,-24.836114309155434,-25.340701148895644,26.311984060762338,-13.021921454978983,23.947055653348663,-0.8218430632539694,1.2149396347615162,-13.830018922011023,14.094296333680695,-2.025753903073504,-1.4196282164485652,-2.155342718199978,-2.843734618975974,-6.155648096577909,-14.246258594456137,3.366948549098276,-3.724242453041578,-1.0972242784197246,4.0530555642612045,9.136831329013448,10.283794777594535,-1.7801138249941697,0.12321322389789763,-3.2078781874536832,-3.8590765812105396,4.035588730572455,5.142687964926147,0.1723002846271655,-1.7288755508032743,-12.372192428643606,4.576714501373732,5.193654332709544,-2.6244455806086235,-1.9473030842510326,1.5757514232276768,7.451976930357007,-3.4143960018869284,0.25494084108437565,7.075663376922538,-12.939745189948779,-3.042709285141249,-2.489490650046762,5.705418444680097,4.832780258071878,-4.018149018406229,-3.97518004062709,-8.525216803177514,-4.4041194369884655,5.0
14.625172746639421,-11.806284235066814,-2.596668746127431,16.982775343478316,6.6787048540629375,-5.021189505613816,11.810848215208635,-11.48148618110176,-2.775612488932091,-6.095696132933471,3.6002765734096895,1.0863627592606655,7.977002926278474,16.07143520390953,6.943347637327832,3.4830880165875997,2.9398038293227984,-6.478669461049813,-0.02055194390878036,6.197971714885161,5.010938374366985,-0.7489988917513134,-3.0027608601228324,-0.6667913031441368,0.7512358191742925,-0.3725712026492932,6.197008972233106,2.1523222778448576,0.5151275629498818,4.021078282338055,3.642918169915757,4.3392855721293735,0.6673668788745564,7.550453920378392,1.412163888526197,-1.1650963121839448,2.413985180665949,-1.1735833076270703,4.975419991269694,-5.6793823471694465,-2.359218342171942,2.8680532918878914,-3.462405937611047,-1.344729575433391,0.19042859530580952,3.776351258829036,0.7802665546193227,0.6167899799385453,5.988268825859737,-2.395972255994201,3.0
19.225993366152654,-15.23327552866314,14.13837685799728,11.553357630401306,-0.32087531120773977,1.9044311915476726,-13.176760618952004,0.2730231317590949,5.274284802018191,0.07410739796019315,-3.715722103274822,2.5411240564463773,-6.35063147306123,-3.3669082623599973,-3.743447091114409,-5.878579741734462,-2.5774255920254325,10.71879091933121,4.918903706423176,2.66297832682665,-4.781782344094911,-0.6862129174727598,0.3521344635471121,2.0100567628987105,-3.91330470930351,-1.7144520198972972,-2.0298456482282026,2.751010486362318,-2.3706028073488916,0.9286463897622725,2.9673698075975334,1.5482066160404144,2.1063446797832333,1.6039618431407068,-2.0932847969662975,-3.340881550993101,-4.10865689774643,1.8513200589203125,-1.3411468322551388,2.427529478440446,-0.8385511610774768,-3.1757818334875694,0.04135192225591247,0.08964229552047343,-3.9002479345245287,-0.6845515014935926,1.6570135486826059,-0.6518304092015379,-1.8497995749751361,2.577445457943871,1.0
18.28412194619293,19.80656150313676,-18.24640270619095,-22.583222852520024,14.05667728213453,-15.957819829019693,8.102332082308996,1.2000964027022367,-11.062733296905739,5.2470170421886015,-3.3138491128770933,-3.4533985038353157,-8.86866059033367,-0.2580411085969853,-0.6594547270894747,-1.4144982857672879,-2.129918482747404,8.31911201169076,1.7500014991498754,-0.099688892250501,-11.391051264441039,4.032084476707907,1.5728102136087816,9.359122441512506,-6.3366441637332445,-5.316382078347335,12.252409029058777,4.350289847605822,10.899898868372903,-12.12531517354489,3.067803299614568,1.635604897429762,-1.3318653902926565,0.7008795604490404,6.443189826905542,-5.011177606179665,-2.585229697925055,9.207123170181397,0.7320970435489362,-3.5879266461345245,-3.243675612253519,-0.8299600757533607,7.9498453689135085,3.466018490903956,-0.26519270200614553,-3.207453205953247,3.619995700806986,-2.3680218010005416,3.5884535483174904,0.35479789780072746,5.0
-3.9316924855526802,11.372721074294889,-6.392301605974071,13.133704218183995,-0.8751510439618266,-5.927848339251501,-7.084999907468334,1.7849081607534092,0.7847228484966224,-6.507840681392663,-4.373254709919117,-1.1225784632187987,-3.218822528497765,-3.0542173629867935,-1.298472018310742,8.446494980847023,-0.1592006530660002,3.237934120160351,2.6546725016472656,-5.688257019275556,-4.248631762007351,5.016944827624286,-1.5539973352696954,-0.7647557807735336,0.8758354950052493,2.539239407566471,0.5629317302651156,0.11050025602360153,4.620580897611139,5.402129278090043,3.2033277436494174,-0.19931326737590505,0.6210506273190304,-0.612658705936615,2.6822658651553657,-1.5713818609656178,2.1947121320573593,-0.07738041267371454,2.7953178303873414,-4.161463765979531,1.968721022309073,-0.9550299502496267,0.026877644437283448,-0.4745248636651448,1.0590171370966595,0.28875222915759463,-0.28501414425123867,-1.9157124182822935,-1.2865855565192117,-3.1248056471165424,3.0
-5.429290589974057,14.099041093901391,-15.416370717073047,-14.061420109280418,7.314833726015915,4.992753084691199,2.453456463449442,3.160394613035479,-14.144443828735907,2.2888782669953023,-4.780034558010237,8.555832698553406,-23.500328522692328,6.8624307495137264,6.855799738610744,12.803242848641734,10.105109458235814,3.53487016060017,-8.627657877302099,9.944243252717365,0.4895244031782896,-7.456151967779951,7.050681133800319,-4.133662392335813,-2.3418393854027286,-4.063168594822641,-3.449232103490733,-5.793997784148513,4.9524113951098405,-3.632460043789548,-3.1750887746351832,-2.9847030963973595,2.762262756385033,-2.8211724057654313,-1.1337656108837002,12.298840885876215,-1.3277175604715907,-4.604471148173165,2.6795433126990136,5.43963858997445,9.750311068610639,3.806620376742268,9.133022339891602,-6.452281713449474,-1.6284035407117279,-2.110239293486481,0.6499115166532006,2.132275874241119,-0.8080495125123515,1.3140866158102922,5.0
17.797739810821625,2.306008515729979,-11.259696575485275,11.252199979291216,-13.900068554520521,-2.0676996588175958,14.06550195241459,5.196011706752622,-9.7589779193798,-7.337924303810868,-0.33271382143961165,18.5050751358713,-3.088972346374296,2.7841012501795297,-4.355679316181534,3.204934106373107,3.681972558187542,-5.82152848365879,-2.3094130642410753,2.6421639485786863,10.341315782982518,8.520490023763164,-3.874542772282072,0.21796444061972628,0.5580433070590829,1.050907671480159,2.6059987943572684,7.189229986107657,-3.9035511595992984,-4.71360031282577,1.6748726268157954,-4.936736734689729,-1.6681659089009433,-3.506519774516406,1.8538297580883718,3.3694835218248547,-1.1673251516467598,8.211098784009119,-0.3051631798161596,9.029176256692118,-4.853673307390579,2.4897271417719216,0.867274063533857,0.986718288806002,-4.215587277200689,-5.083171903819547,-1.8804141448888938,4.183965352388336,-1.7144082890515917,-2.6727792049040424,0.0
-18.466170043461336,-33.64939357001357,-0.4954231883650126,5.596816528455363,1.7476340231472365,-7.616025636937212,10.3392416973451,-9.203731744041441,16.327041322026965,5.452273755544914,6.444689941005425,-3.6045991592663373,-7.291665877949536,17.411096482683913,-6.7410873801489855,-17.09486586048394,-0.8888598948534346,1.967178905344747,14.74714263740711,4.2855908103163864,-3.366538281379263,3.8610101457974575,-4.2603499263530535,2.348762805653988,-1.0711632952983616,-6.180559749552717,5.2281746400895415,0.3997613723524351,-2.4575478223697127,-1.9871859769056406,-8.65265591026073,2.1354769747449462,-5.582938825884628,0.9990541890385172,-4.077273459713189,1.4189463031834548,0.04292725607232782,-4.158865773164688,3.174710867085752,-6.718409888697066,-3.4883647698776197,-2.046468392195641,-3.819238495188217,-6.934428281050255,1.7673648297694609,-2.946331352710894,4.58861963417753,-0.9756289943889265,0.40750757960291134,7.494234249742621,2.0
30.340766163608688,14.41644301972027,12.607591172598216,13.252857127850039,8.834711177282443,7.057930344735524,-8.14725962579414,-6.116370960913745,1.425123152523689,-9.104055156616116,1.1127300554640838,2.935822110076022,-0.8632364483773509,-4.877434428862495,4.942395685673282,2.2278824123088987,-3.6657119405472485,7.903865205362197,3.347412611718064,-3.8758488095787578,-5.672705875570149,-1.4388865651044047,8.15412889134388,4.6447528876929915,0.10951699227157946,-4.119406451802087,3.6146870809319087,-1.773722034122105,-2.413273718919394,3.180398310753408,-3.2167820636935405,-0.9834969364856901,0.9480458320324084,2.073147125437922,0.17633582488744912,2.2149719794380744,-0.5829988664684354,-4.441646056626095,1.5147805627102557,-2.3314618485715237,2.2858198195136974,1.4265646029620187,-0.33288152537926563,2.7209590723128763,1.2762294499966358,-1.0605546199634144,-2.3710234402189982,0.5283201785407184,4.127214951344074,0.3093920752604022,4.0
-14.193950530072469,-24.68571258991609,26.68846341915925,-7.785749594532383,9.592200351455485,-1.9382531525484334,11.34469242367994,3.5235513530006917,6.654924415188188,-6.2598759647429265,-8.09833709493089,2.924272129680178,12.799830618655983,-2.825207745642339,11.509168920156407,4.806685492876453,1.5798777978104492,-3.7971465459661338,-2.823215577828793,0.32699970002583106,6.614727391577235,-4.023203341982128,-0.3757363484651634,-3.0137286143786297,0.4219719995281733,-2.1212866286388583,-5.48947484290248,5.8058564541644255,-0.9108067573661239,-4.630311442902269,1.129066651328934,1.0818699383972974,-2.638142728112209,-0.9745292550788569,-1.0246503005064682,-1.2159240840690773,3.0848917119836914,-0.12950270707232645,0.7154105755784708,-1.356004655644054,-4.306416086461717,-4.252483253126818,-3.328536405126908,-2.3914702945013264,2.9450349987927114,1.3668376214933098,-1.6790727621741746,1.348242718396005,-1.379516782389832,1.2834468789066849,2.0
-39.9062133025707,-0.35411628596740785,12.529696032736787,-25.452254398811828,-7.959046378597316,11.15495316141808,-4.650007004395505,12.250369364478475,-9.722806658006213,3.802105485557016,2.4982346249765124,11.417243656159519,-23.96933587741844,14.474130714125204,6.7111988551693615,-4.8922057732024,-3.892240660553269,-6.611927255941201,-8.532659256385827,3.828240496985922,-3.464377372854445,2.0273506111721855,-3.71724025504409,2.8079854116300362,3.883219486797976,-6.5548349079392905,1.8495348512625072,5.320948430606993,0.9913924450693811,4.097248390165041,-8.778116675649116,-3.9807725557772247,1.3569698481548382,2.495274290048257,-1.4967888096289115,0.31633890477127224,-3.5500997440746556,-1.9146180977088743,-8.587459402547506,5.9613159393774,-3.4300782137815315,-0.4932983804420726,-8.795326724822523,9.539650747826695,-13.676545688361935,1.664401890058171,2.653054830869893,-3.6069434677338448,6.27699050686509,-1.100412992013817,4.0
-16.87612296341633,-10.213683866330397,16.680939827761154,1.3822582237589953,14.226627531159926,9.828372362746425,-7.066820761210646,-5.0985190725889575,-6.567955554579826,2.746277633472972,-2.6991612420459155,-1.1358058390171502,-2.8226293889730023,-5.73251262991039,-16.035139496181692,0.5567226750702249,2.490770169327465,2.712613564296649,-3.829760425364731,3.49647437110207,6.41405672986714,2.2847728227813957,-4.307169924923699,2.182405483042043,11.99431048815382,-0.45599056527710147,12.240498310206895,-3.3549562281154417,2.074039985521597,-2.726998211940165,-3.055837733263713,0.20203228347122673,2.2799649151498707,9.173296572065642,-5.731506059890147,-2.6631044784018423,-4.603346716155547,7.392180126847142,11.898768439824035,-2.3967327505489253,3.863174235941786,4.097158707635592,-5.25349122602523,-1.7024923126748057,-5.722936548187226,2.037588971486321,4.323721062865627,5.054092454672448,0.019687521948727058,3.4503741160336108,3.0
31.33523914175725,11.565142117142878,7.085438368148411,5.628814346303039,0.2411422588692748,1.6406394688399577,-12.078616433058947,-2.9394858518863165,6.383218209181731,-4.185379312713711,-0.31089049835124505,3.332093762731403,-2.146834584265746,1.2036649989109909,2.7832003115277963,-4.961026746654138,-2.587252928343767,3.6947641159222977,-0.7327437901023686,-4.528581894032765,-4.021437212380597,-2.8157621383533096,1.0625638754722533,3.2155892655071665,1.6110287011234545,-0.007391183422823478,1.0813049125247887,4.804384213703604,-1.2617015256155997,2.783154789049187,-1.9467464012931524,0.4806394228293168,-0.5134050068196487,-0.6739701363887878,1.000414855535524,-4.1453486888538915,0.22262732348302494,-1.0675418792866187,-0.9826310329533028,-5.548762597185973,0.32276304511898785,0.24983087497174958,-3.94822905240919,-0.05608247805025459,1.4827663723018167,-5.384075219739666,0.43354394885132413,2.2239409402754844,-0.5366800979272531,-2.9401142852721542,4.0
-5.701465982609688,1.2409891275227987,11.89827516811349,2.963885927645747,9.675347543538185,-1.7928846634992959,5.793070898256323,-0.029149448222928278,9.877150822350698,-8.681986701235399,-4.517034527228223,2.791574866597874,1.6151808274088721,-3.08207162093662,9.012224028060881,8.820613814469763,6.412861877189556,1.3952015470569052,-1.2094766327961286,-6.702743362132535,0.9159292381567572,-0.15491233089264772,3.270370670700409,2.2812802631035063,-0.7285644089395917,-0.9472864737437707,5.308537675136048,10.032354063149205,-4.059329104130867,0.6350889912033324,4.548922106600634,-0.13580284446487542,-0.7610580427496829,-1.703731825871921,0.7330464808263306,-1.110977415597696,2.4912700115985706,-2.258131865150367,-1.052614217099476,2.550113809767545,0.5205703655242765,-1.7661496480502705,-1.6229000191341942,-3.3728079561073403,0.18747974847900042,-1.073179343240607,1.78917273938706,2.4754528900888677,-0.9274191118040606,2.1155466606296702,2.0
-69.26278582339013,46.0820312532775,-18.45693208301704,14.386013867622564,-15.828245508107248,1.121157209323133,-4.754426093859979,17.69751056276655,-0.9703263033372197,8.071274070619433,11.800924760320598,-6.561298432672013,-0.28420540704367775,-6.456825052270351,8.937251244572975,-14.383085181981308,8.645800994261661,-5.440367201710936,-16.08133591035626,-1.152626563442126,11.480764259988918,-0.6435964251794264,0.42675859291237456,-5.002601143143405,-12.388282588559678,-1.7814999466949522,-1.2680598391768383,0.6330390094143339,-10.392527303228945,-4.32934645789668,-2.0643908641297717,0.33455469481107847,7.284772107057603,10.674001788473248,2.2558656862442925,-9.531213049035786,4.4701634754599295,2.3983712198831433,8.960549294032987,1.609927150297755,-2.707797105684686,-0.611098185569232,6.426420698865973,3.9747335294763477,1.8870786100844954,1.641815070768084,-0.8414647785603797,-0.21021240402830954,2.9718632890656527,5.166816931018405,2.0
-25.93270331530257,28.827388376933968,5.293739871743719,6.951112827176749,-0.5273072523775549,-9.542439171268402,8.02325893091404,3.4400268876723694,-3.4183173454048412,-8.838062852627958,-1.5403781450237528,0.9830774928903483,4.547372172355991,14.070506096861584,0.3250605098034166,-0.21985228121150976,-4.6384176181180665,7.386664060416603,9.37651124169093,-2.3652941785524937,-5.108458909256725,1.578782765428768,-6.62464836526562,4.458694169980612,4.5034255905349365,2.4074743632334585,2.8479287464433476,1.5883954971057836,4.59937505942978,-2.7363592070963114,2.410614041600979,-2.7019215765412605,-4.198987463549284,-0.9102475837699526,-0.298395341112337,-4.648545427692783,-0.41321857735376233,-0.19739262513867045,-3.428713664016688,-6.854438297478184,-3.620927322781301,0.5303505718541848,1.2637711353051693,-5.783322551216458,1.765619415026864,-5.989348757628101,-0.2593119565233172,1.978329947134136,-1.6719514194641052,-0.5657278882207815,3.0
7.855712855162575,-23.357995257252046,13.189606652173985,-11.070040974531503,-2.034807652822029,-13.939971695118153,13.785053435397057,-3.7382015709188177,-5.466348154754643,-7.265167987040731,-10.603546664373566,-0.17758229829083375,-0.922562600411337,1.3715932731071176,5.870214613604704,-2.1672434695992844,8.715979125118272,-5.938602816317097,-2.3665046495363367,-2.416427625438056,5.672288613650631,-0.769107794602755,0.105271586794757,-2.3557563985889405,-1.7919329831335031,-7.459716286439497,3.5581079985171677,-0.2933599203961707,-4.441592584128458,1.4141281050729666,4.739249058940121,2.185712923710198,-1.3586695948804566,-6.0715296326714965,-2.378526611917997,-4.918012190261585,0.39281068993997764,-3.3652932081042795,-3.89633294102619,0.42886862933476877,-0.7942690817073081,-1.2808623522747518,-1.005275882208801,0.15811501461705005,-0.7184421489389281,2.8495291821435735,3.698276551631022,1.8613312523403769,3.575592708595534,-0.7399308209808875,3.0
-2.1187516835164937,13.085204184315453,22.859769778410826,-9.12845580494481,7.05180042778903,-7.458709684884056,-3.388211902451131,9.764790751242455,2.8179891631496456,9.199790793866642,4.596315031850123,-6.105996976095947,-7.390345483802543,8.175519489322646,-7.254552566435659,-0.18078132332778946,-8.143406993295777,1.6252128675373034,-4.676295953090923,-2.4505622803920515,-3.093964842186688,-5.097884788938551,-6.023391245106779,-3.847881911154556,6.041041182050596,-2.6155817664404526,4.313580985219218,5.603318472778381,3.1024698878160883,-2.4437144797925066,7.228219068072036,-1.8975597479391841,8.979277165058333,-6.863762752180113,-0.3540595723163777,2.663367951830519,0.6267116356505906,0.1893270592027459,2.613812037450641,1.8529007303383755,1.7534264126236145,0.33286128819244687,3.940111366893446,3.085149053052911,-0.5001156802640473,-5.728957748484655,-0.8898356786815623,1.7310205251514759,-1.6895818569612089,-1.3800453550333223,3.0
3.9073167068248376,-30.28752091669991,27.697964635146427,-11.262980827794042,1.4100206949622922,-2.777866649125615,8.04855870941725,-5.447461353312387,-4.606370700580377,-6.638404206899049,-2.683867780790053,-1.9745624382838332,7.072189366253077,7.028688449069129,-1.3275515700745553,-10.354347054634173,-8.867760437114818,-5.630367389767305,-1.7049494045953486,0.16437676993433098,-2.923652628370198,3.6378824529422427,3.212047421468607,-6.297897600524131,1.7109287665620023,0.3908948663947143,0.5187608419623772,-1.0818644314883714,2.584163155003357,0.6863692117781409,-1.5234279549101202,-0.5231236830609127,0.9278433495606909,4.923025636524237,-5.254789372288723,1.5168466044707383,2.195093136976328,5.108897214728902,4.847923359113287,1.2768275445425536,-2.291920980463494,-4.496102974982715,2.667155025744153,0.30122882505978216,2.4292277597661327,2.9554888490610622,-0.9820805500379974,2.3716746858124536,-1.6901841965933881,2.969383834453759,2.0
12.218548994130428,-2.9237807284087167,-14.171708549123352,5.903034758393623,6.9143732797703095,-2.576233161284331,5.191117167633882,-4.287854752904182,4.30005770205033,-2.6998836844337575,3.2242393941960845,1.540506281372143,-2.2417481112705975,12.829474210902331,-0.04648081296835502,0.010554863066606423,3.311501388848898,-8.155585992119365,2.0660264674016413,-9.75050996937332,3.1911565060229234,-8.038225605935976,0.2479130773664637,1.165907370809667,2.5176281330349353,-3.4931393329096174,1.5904536835595937,1.342114947694487,3.3304015417451427,6.319597486083928,-3.841136902981539,2.487712788787984,1.828470139446161,-2.7943673947358647,-1.8484646545909353,-0.8688366887648052,-5.659876138088077,-4.6996921262921125,1.4111100974979294,-9.265657591860622,-2.276675165787722,-4.412194863235019,2.0192307346591774,3.7310375135076854,5.424226769153389,0.6382680209384278,-1.7316825457053342,-2.1261823982917427,-1.8640071056185075,1.6496101535445549,5.0
-32.44708370114918,2.479452241208704,-7.5488707737464305,3.3904009775530777,-26.341903786227707,-8.552207543637582,-2.9314304317216853,-17.84091341536698,-17.210719290485102,23.520294209244405,-21.813354541505067,-15.647807340502988,-17.760077398643478,-9.515217060181785,12.266769424740309,22.23791428517102,-16.106469365839306,-21.51940216006177,8.024256284842908,12.017014688107183,-9.572909813055604,4.089339805531324,8.485368749665003,8.138638195400581,4.930506193382167,-2.169838918704424,6.067291045965648,-0.37237919154420085,-1.3902990238741095,-3.1304072624127426,0.1317617393402489,1.7494558910811255,-1.692346928861459,-0.7418978989662853,-1.7574683352643368,-7.131974890577265,2.9640099991589888,-14.462952400735618,2.5804675180664822,-2.4276161803742893,3.6798062991444223,-4.526603142501279,-5.983517402046751,2.1264489423830275,-1.953786239105565,-0.012170638134555007,-8.774745857620827,3.4320982698908384,-1.5529032836399004,-0.6846238472005872,3.0
0.9096285694528653,8.945502904005018,26.19709847307528,-31.989777322219712,-12.146944704443431,-11.44327949729997,-3.0782798755860585,6.041631605400855,7.448834270792465,6.131550657495883,29.53418413345624,-6.53036509898023,9.373969709481008,2.975871090497726,-13.313197583572054,15.551954636436047,7.560471570395138,3.3651663543060786,-0.6085081965114013,3.130819686237366,-2.456451815907337,-1.9684324647565725,6.27102752269735,1.623272333863528,1.999336806934547,-1.5606595226429674,-1.9367639739200795,-2.360309438240938,-0.3305674876571076,5.968138657341237,3.401066081049305,1.7403397895407575,-0.667679287464996,-2.1046093311455416,2.305675940065473,0.2142002841394883,0.3854818596604263,-2.1748039137167043,-1.2137583047748979,-3.922224718726953,2.7765903834077026,-1.6505049278092796,-2.160449804843965,-4.099281284761814,0.7851897263845485,0.6789914894948464,-1.406979589750699,2.5242539344322648,-3.4173215103915573,4.455391073734843,2.0
-11.184987598283639,11.266095662635486,-14.445714548527961,9.881549764140914,-0.9647560507379574,-1.04809722774647,-10.536958198198311,15.750652475867472,5.410912900370518,3.573685006197577,-2.3481631704974033,9.930240104990618,-2.582104875369774,-5.01413625150673,-0.5983364029062888,6.950420805822321,-1.7515662704117754,-3.7224298102136912,1.5449069509218034,-9.59317341715651,-1.058932202121822,-0.0288932778587969,0.5156751538674076,-6.208053216784636,-0.827377706330611,-0.9230113668558821,-0.2632232815836106,-2.234447862276326,2.5668359710515998,-0.1494958982330148,3.3191108541222643,0.45316248070976173,3.6578321740633353,2.330121085812267,-0.4312733529608182,-1.5161387480648074,5.40180108667245,2.1573588559585732,-0.885001009240795,-3.107320165399648,-4.003661222021662,0.8913103417507777,1.1307715398427642,1.0386458950546482,0.29622783848101425,-0.631977193750941,2.269421563299131,0.6348195017355197,0.9178243795931678,-2.663111663894984,2.0
75.56476370441791,0.899874035036832,-8.64145158870937,-11.893033815828932,3.2235930214731523,-6.407711645352596,1.0748888729555148,-4.979708943277374,-13.145563603502895,-4.303253377138359,6.93519099180871,-6.294755825271288,11.41860841122794,-6.430371264718857,0.6275338849121103,1.5462218043830112,2.00969709014176,-0.6444638082241965,-6.050996705057928,-0.3808185390894709,-7.535604488450339,3.3046260710841295,-3.0398893930150943,-4.497109461009777,-2.0892333715324565,0.5565488135684009,3.312476880505193,-3.533380234862436,-3.7857435250663283,-1.209486017663627,-5.528583312206698,0.35759503996741376,-2.757514623553041,0.13937072694070524,0.33213240164052926,-1.3014344872284995,2.48394335636414,-0.1632228299765676,0.21250947996024538,0.3489862703605437,0.19546627525482188,0.8296731230649983,-2.325723496878744,3.166417500192341,0.0461114433502936,0.14737840657918314,-2.2478940997664485,-2.882735785804782,0.3329676298304673,0.3875443785190964,0.0
-24.050219085751106,-31.360719193928908,-14.48212784943455,4.746373777096773,-17.686889011546768,-1.4894067702770561,-2.5561190596058525,-14.72295803924766,8.176152720429464,-5.479686103580323,10.140120101291556,-7.502852563617159,-11.689113746854707,-4.6899267836088345,-0.1395506161030094,-3.2988304859628044,-3.8661275492765252,-6.098559720487201,-8.927952833958637,7.997685907701157,4.72605696467475,-2.488039453609021,0.4844581810661771,-1.8604639170580604,9.513144065578722,4.801788864347535,-3.8145443634229133,-12.178016125623273,2.6464500804344118,-6.312586320641013,-2.290888920895141,1.7386204890048826,-0.17493096916605536,-2.7066790103494105,5.315494331456776,-2.5112895806738975,2.2458327034882615,-2.185118655115804,-10.50744709848894,-0.23981797010437045,-0.6733063994605121,2.255012369895837,0.4340495321618079,-0.9132707972411647,-0.3926316855008271,3.3101949829077157,10.856070834435174,-3.944655531617203,7.004615580402346,1.6173112020569869,4.0
27.03047446846098,-7.2968526378615675,-0.6522484468950355,8.563148059117545,3.3373474035263935,-13.482117177843156,-1.7745049449180892,1.3687478788833736,8.202063268357195,-2.5284917178101685,-9.679192285909176,-1.8214321706113947,-1.2221007164425401,-3.2703796897996624,0.90784117615679,1.6805864613519925,-3.142753051189316,0.5918277048378686,6.8332266967509705,-4.607415406434325,-4.526248699525105,-4.067578606000514,-0.34558609946720026,-6.602293342577273,-3.0139150468003817,3.679777392077612,1.019870873226193,-1.537288471039841,-5.053397476826656,3.508537894657904,0.20678417829753215,1.3629608627868892,0.2198163538517432,1.9840538156628755,1.1876068848468124,-1.8746358722623016,2.0277844731568195,1.8246517706469207,4.092526094463348,1.4559435298434182,-0.9146708370143268,-0.701688883994418,-1.5105312025383848,0.4017515056885249,-3.8405512972377833,-2.09209044612265,1.8034087263807148,-0.8963863464116396,0.28944495258485353,-1.6167671094655833,3.0
-4.312730260310362,0.334457588704051,-2.816655336303866,1.1651120008231604,-3.0554726220265724,-0.6807524403625101,7.088902959176052,-5.356402588107189,-3.9747009834563944,-4.933452440437495,-6.38757434416428,8.274971288967711,0.29987659455680726,16.852796804599524,4.727122392335112,3.004615825026939,0.9645410096138143,-5.673550167593661,11.007522608937457,-9.479397644688273,-2.3559371745938162,-4.873264950535966,1.2935706520555268,-1.0112845344516699,1.5351247480760764,-1.9130175046298645,-2.6417475493847182,3.853106583100187,2.350979686346449,3.2491301436890643,1.4364111452530783,3.1515146604368858,-4.991736747419491,2.0139829864675662,-3.802222887734285,-0.01409240667174397,-0.30224722281920446,-2.4218112683528723,-1.0418815238944013,-5.022042042588232,-2.3887582749097187,-0.01788257992211591,-0.5651104129209717,0.3915443060626738,6.670793094209278,-1.7356263347356826,2.459901280049854,-3.553533811092115,-1.6849509081713165,0.48751970143936724,4.0
95.87744856393532,-58.02184384183273,-9.999273943446568,-24.938652213993468,20.00677565982563,7.582797931048378,-35.98098232725338,19.95701412278836,-14.585499919583219,19.775126844694935,3.237665011770206,-44.26411272440986,-23.143357500773558,-16.761593134285615,30.606304313782626,-18.246390943428832,5.770817898654311,-9.979556466242757,26.59245491550363,1.8126900820142708,20.216298432928298,7.430069200428364,-5.935778039011894,-3.8786509941430953,-8.81729302860322,1.5081125068678563,-4.272102370568261,6.538612186707082,12.448892929918664,5.480270787781682,7.426450977732783,-7.291501187374232,-12.232093244525176,0.04785380802704308,6.595967432731958,6.369603017280899,-1.979269504030628,6.649686693361949,1.638833626720857,-10.278261256341787,4.196813688471834,3.4192132371893917,2.7650843886138823,2.308122817139837,0.68179092078959,-0.16569161348132336,3.022201723069927,4.254612756511629,3.1836878649759726,-6.551195370769682,1.0
5.913742002996501,8.137599075781132,33.17693166413257,12.12387156568896,-0.10181676187281126,11.577003297515732,-8.251824088905135,-8.314693251149512,1.3242450520983555,-15.19614734880173,2.6885281949418847,0.8345394306454683,-4.22063602278165,-4.205853447354292,2.7870881165648305,1.2193083878159396,-5.037096843663474,5.673739972300979,1.1389939388149095,-0.022407289702254744,-2.0590494052348713,-2.1033775260270406,0.9146969067595588,0.3125407043488388,-3.5298555434521615,1.5196234009905885,-2.4661974210233084,-0.4857222963481447,-4.358487681759502,1.1588809831018054,0.8018730066084286,0.5380078649931003,0.4861862558735456,0.8894718380997071,1.763829417396232,-0.4272770755136847,-1.433348914491099,0.9631808030640799,-1.4638816001295212,1.362006426010993,-5.38771081863114,-2.696502477414954,-2.2153191034458484,1.3526936475051239,1.397346274247812,-0.8452960549233307,0.2768308161066,0.8262403687921378,-3.8456368821561515,-1.0289932526622405,4.0
20.548482084915328,-31.599372356054985,-9.676734830913768,7.737163823464723,-9.450120311033968,-8.284812659756842,-4.344206490832923,8.899482570118542,1.2813315342098595,-17.31131849450257,-0.7459082760181184,6.010514961626405,2.4983668334315827,4.7637629670996695,-0.7209255904007923,-1.8680364497108526,5.180724066462186,-3.1086310296758146,1.6479337002991976,8.92127433560778,4.473602912425559,7.862413634989241,-1.0873267027288782,4.7297282711463,-3.634384943043874,1.9396471171821803,-3.3461562806436747,-2.062605888290383,-2.4584795089635785,1.92888272849642,5.0380033872372785,1.1804834164590758,2.880358467948767,-2.818429528953245,1.1917997237550122,1.11016231920681,-0.7917292731853355,0.36586666374334575,4.14867415801787,4.9208897491280394,3.804456401113305,-1.9740028567701489,-2.8163714533001434,2.9275464070244435,-2.4595741942473928,7.697320161183033,2.0814944262008384,0.5148886898110551,-2.0981172499093526,3.250216480277284,2.0
21.07999300514997,-21.079075176422958,0.7139832945596981,4.143924977671656,15.051935580368003,-2.873058507984674,1.9115703327544928,-5.119459543494747,15.030221600759342,7.6459989106373385,5.296761275413686,4.168077230771861,1.8053737845916191,1.688939973383156,1.4191227403723152,-11.278497841375968,-2.3853107082917964,-10.661472835362497,-11.059476989925173,3.7244204468516537,0.04931206788151694,3.9963706638853074,18.77390935683151,5.783440915071863,-2.272910245031332,-0.5327136075145483,-4.62818317646522,-3.666062591563996,0.2366040888783347,-4.045274298824554,0.06338576197620417,-9.999424060035976,-2.5536352283660846,2.7237083864046676,-1.3909136949862655,-10.562697375916942,-0.6256019473488426,4.196143959837596,-1.1869538836905522,-0.8562834082983716,-0.8199342930297135,1.203021225911916,-6.168181922437648,-3.432303859759322,2.6349934803046318,-1.0642479929403483,0.29340078419007476,5.685490520084335,-4.447463045678288,-1.5783972815463776,2.0
-10.881283452348544,16.447656175313757,7.995451596746305,16.686369202643778,-3.6177156879040533,-2.9943477325053522,-12.134740045712975,14.006152404434829,-1.1300725575289299,-2.035244144804755,1.9928112723951075,3.568073076444821,2.8049089812474954,0.4417273369084107,-0.21851886331344758,-0.04904307910424622,-2.9359928218019324,6.865707784709455,-5.507752082882044,-0.20620166963902253,-2.8876351622877747,1.2269395967179797,1.6471216710812253,3.0918252362981518,-0.024882601024530895,-3.850028372734122,3.6730859696778553,-3.411488485594254,4.001240644595897,-1.4365468487030546,-2.9269087347583205,-0.7732697419616726,-0.9431424996991128,1.4053339295277412,-1.848564217687976,1.8871906244722727,-0.9235296333472338,0.8168769647428817,5.055736659375718,-1.2326361399517527,-1.5917040541184058,-0.2380673437436269,0.9208430301845016,-0.21270086500429258,-2.9925841383324463,3.052906673019917,2.494086088252526,3.219184240538925,2.9419334985156866,0.14569009966264876,1.0
4.89193894284507,-35.074757024882544,-0.5176971374181311,8.711779794033616,-21.584252932684894,-15.916392008668439,-6.232955203543897,10.367971650791079,6.957985500202678,-6.513545583479221,5.052302122577367,-1.9453113150388148,9.029249021445706,-1.4757671150730567,-6.365635847514051,1.6246702669481732,3.6645477320524433,-0.5522275767893798,-3.3239565183953217,2.7469224670814816,3.8791476479405342,9.675053596677955,2.2613511074828607,-2.029752592041502,0.13815175213545694,-1.6962394148856055,3.9111153417717524,-5.233152457529567,1.743027243439756,-0.8776824797117163,0.08897158235968929,-0.010935476845206552,-1.9796292535924755,-1.3172846146605615,1.602125054791599,-1.7339523333063984,5.965363310790776,-2.177002892336337,0.8168638915762696,0.09863650686158572,-0.4908765630148381,-1.6578956267123046,-0.6635059227510641,-0.6378570286266837,-0.8446395331013509,2.7528177903103894,0.8480404951897164,-2.7800343997988826,-0.49436579442622985,1.9789680428814078,2.0
-38.47118251971413,-30.90053560253334,-22.00560795715873,-17.76342228799905,-3.4324619205180125,18.451886323942215,3.96335663907122,-7.728369920877472,-17.862412439326413,-0.2773444581395996,10.18016623031595,3.1368397711390164,28.372093870451376,-9.256232489107923,0.7589087508193711,-4.00805004802268,-18.960357496229097,-8.84981980677592,4.430437639491992,-16.843131361809522,-5.085528474598316,5.97226764250911,-12.983513333745156,11.527330019242807,-2.7509146344214264,-14.489184607373229,-4.962321838015913,1.81540267646254,-13.49489167888362,5.74404522008352,11.495613615593893,8.324049681952486,-5.710484041504733,3.5617868074708707,-4.830724299231048,0.0887938047573987,-7.1968023389904205,7.214965042956363,1.4856773587058654,1.0373249480777431,14.183228439589735,-4.509589920172,-1.0341723431999124,-12.35824343692054,-7.278538831033365,-11.219832021618958,3.5490795428079385,0.6180402693200455,2.2043844135603776,2.0966287185516395,5.0
72.94726705023376,0.2976270119390725,3.168591216355613,-7.76693181643105,-4.729955666808639,-2.8250343796950323,-4.0610420365625375,-5.344250127870216,2.765872383156706,0.6995373970137463,-6.380122788422233,2.4131365636497284,5.183500232506107,-6.157739663075068,4.825317643019833,-12.061847774764322,-2.8692246222875992,0.8613309543984341,-5.2759604013210275,-2.7434936305020092,-3.224487470507159,-0.08668628407868431,-6.363588353016147,-9.079111567197343,-1.355464572474068,0.8706554657758344,6.0429376429484405,-6.8164333979179625,-4.76023419490076,-3.190263031180906,-5.33169813841895,-2.362621919242857,-0.9375106427012738,-0.12892716673173554,-1.5119915647443443,0.540178607513027,4.042029919199661,-1.8865236237864602,1.7604923990892025,-0.2656488745651157,2.212125274239248,2.624789750481978,-5.843141049954607,-0.017337355317776273,0.10621529237050265,-2.1920750750433657,-3.377847723182335,0.6065018956242914,-0.18257712129810125,-0.7341221946795669,0.0
-17.771202518352855,-15.064083542409156,20.45314093495174,5.840051375185493,-10.896284791799497,-5.360173912344221,8.976362989659352,-1.055473038061206,-8.445409752502373,-3.2582310080769687,-5.243440089817843,0.5473678528433841,7.763298195823727,17.341366044964186,0.27188333457587,-3.2657704766578797,-3.5048836087325106,-0.21842188897095352,9.70465266690748,-2.6262692408522175,4.85266541020655,4.661313193571355,-7.982943172815412,0.4000451448821008,-7.881366688320813,-5.308206070286504,0.4228808098377765,-0.5753839279217953,2.883048063583412,1.3619653835904002,0.10842460830704008,-1.4041461461115667,-2.250556320801724,-2.320456353676606,1.8220731752683748,-3.2724488251588277,-4.608095179476298,-1.9516357016753352,-0.4348695764891319,-3.2796018944443537,-4.251205756151316,5.290777668024805,3.949634625102243,-0.3104016075167046,-0.12700207734183863,0.8667881348720017,2.6037963301517952,0.8679439332341384,2.2932904303672896,0.2451702567725103,1.0
-32.718626115099525,-1.6312712939276954,30.865057015200698,-19.707040258388314,8.44570494257828,-3.0777740777156977,-1.5977544493228097,0.9081739379921882,13.212741462643324,25.483634013218417,-8.760603271390268,-1.9581386991065992,-2.0579034932994458,6.931700682432818,-8.077947938717584,-3.5598133368202145,-2.941748270227452,-0.32152625744900665,1.8775844971008904,-0.700179919683603,-6.524306735597362,2.384474583273538,1.029590548713198,-8.02835193109189,-3.668651539925239,-5.955498824054479,1.713701836289499,-3.087378563865858,-6.382616870332095,5.332177330008099,-0.25982655397901183,2.391522140901901,-0.13570285288960926,1.9432464216312284,3.6688287642884636,6.088842004155793,5.04860095577968,1.095244081273352,1.7974094160942713,-0.0035500208858920096,3.486292697913025,0.8086183726994312,6.00325817652914,6.156694059627065,-0.9796480218793939,3.5034772122176956,-2.3852488065842983,0.7833472337191287,-4.8953393210937355,1.1511792359401838,1.0
10.275907276010287,-25.506385217537378,1.1406760427062264,3.0583256668002265,-16.400894702093083,-1.9406389630209782,-16.414146011294346,9.348136135275627,-3.843700719755124,-6.589145951493858,-8.257135896158884,1.6982275363892614,-1.1410707692012236,-2.845525267382413,-2.9682612286834615,0.351751801252561,7.983624677732388,-2.2918438917878747,-3.610930895110385,0.7408886641985722,1.5353823916656568,3.6342628067169156,3.373030591936525,-6.757877216381074,4.795364306100841,1.664030072408189,1.5430226000866685,2.373094268991119,1.4999789623371664,-1.5833740903198856,10.53427294947999,4.257725298324074,-0.9215731423466947,4.4163729574730395,-0.9054166419496601,-0.9459338286551842,-5.462527901635597,0.12637215939639024,-3.8740415091047526,6.948670042984068,-0.4008618006904126,1.8526062169687976,2.8886442829367707,-1.062957457139588,-4.52156282804294,4.630074403359974,0.6367845386961902,1.6351489486350583,-5.174488768927478,0.45802700360703114,3.0
6.312762012279084,-29.220541495138207,-6.997829433309979,14.553363016607657,16.426808699187585,-4.829126669811807,7.926148622843421,-4.289501122004762,7.8051228455403265,9.397994243237296,10.441296629427182,-7.775985534121241,-2.4738362446815563,-2.3926170281125727,-0.01171276345278619,-4.527624844659214,-3.832479465762625,3.104182619106494,-8.424677360671575,11.707990481978085,4.901349888724429,-4.99851586527725,1.2296792689090954,-2.978138009260153,5.461895988729299,-11.589461615103334,4.5239328612560294,1.5077158183845678,0.6675937495507445,1.5820577686798487,-6.685641315984202,-3.0120221038600965,8.765323107567172,0.06675154880948002,-0.6390412065897505,-4.206762930091562,7.458737276247268,3.752124171538102,6.8050126704588765,2.126793216198025,-5.775413610324799,3.9669972336996446,-0.35406368558915285,-1.1446473284113592,1.2725630247440594,3.896636028020701,1.2656329206866541,1.1537464449487713,2.820040034391128,6.333245952593166,3.0
-69.93232207564428,16.783271108680296,-25.494314047411535,14.715772498490203,-23.635835950943818,3.1661158367083697,-3.403694445900301,-5.071652682631647,-17.985742973532695,6.983166487390413,1.128700428420697,-4.315606302612162,3.859797956296399,-10.154346106578176,5.970836723000179,-6.80432751585431,9.166796533181207,-1.6489478712530017,7.408458623485277,7.333050614090998,2.6353093537538146,-4.821022816352122,2.5952901418471273,-0.9902608778474955,8.498307053699254,3.4813588576739836,2.394429480694008,-6.434002731603596,-0.9527062677854801,-7.092389564061687,-0.2279093383207271,-0.6315790099572224,-2.6005200754431455,-4.654327883090395,-3.023347962284432,1.117508536096442,0.38905015404408433,-2.098432895658852,-2.803257274466877,0.7918571907416286,-1.8877193034915032,-2.3129633993285563,-3.341931171223011,-0.3931003801956988,-2.1159459430234477,0.6023974179937148,-4.02087337862481,1.2540309893498947,4.039187293221461,4.791485837608535,4.0
-47.390947653127334,-30.080458044321308,32.79168897856735,-17.044927161512515,7.414260256356151,11.172096917380202,14.226646407090852,28.474538973521742,-12.98847217537996,-1.5908945264719394,2.7903842981136235,10.950505800341881,-10.622805282071369,-14.038694842667681,-7.603209081081238,-4.553828758701023,-1.2027197914050396,-9.878766500963794,-0.5244736391262519,8.072577945796967,-17.250414829961578,-1.4033982317968214,-7.058323425500976,6.426060083036578,9.345143067180201,12.46828559474713,2.881563250123877,-0.8458939468175395,8.32752269351181,-2.800114083794097,-0.23008603215064063,-0.9650416195711595,2.2719816344427963,10.131649424781424,5.701734335892139,-1.7041834026719802,-6.895598529512581,-5.370636819620903,3.299730357933591,0.24646037414150979,2.6684539546074877,5.359495340717152,-1.9365497291450924,-0.6292747899300566,-0.15964230296747894,-5.98865250119663,4.4670085108055195,-0.17282056950393773,0.8963461212229044,-2.5270931971629644,5.0
-19.572121407354253,19.266279988123017,-19.65955590206056,-26.253102252012106,-2.5837484897524416,6.774869145723201,-15.05218623785971,-2.60688004679668,-3.5670904733143804,-10.983035491470734,-14.98096733867118,7.40643629521609,3.40398305971856,8.568717885226492,2.5209567292358437,10.534641972724273,-6.725522714608081,10.755302807310846,3.111725264197668,0.9134083409557749,11.98301236103121,-0.7634322129716538,6.482416145398546,-11.740310247878979,1.7098709863033856,6.859743226319141,-6.542470394504218,-0.03172971160713299,-0.4452523337696678,6.053972661184936,-12.18079744109452,-3.0626712360840926,0.4336034053069098,-1.4758146975452826,-2.586401674063482,5.603417245771147,0.9843840046770628,-3.6173997743694284,-3.5254406366881397,-8.053390426740355,0.4910230427711211,-2.3898228557328194,1.6336375839503152,-1.007948986836535,-0.39220742261404234,-0.6937781366124345,4.909557113804657,-0.9331283073535035,2.844818318825874,-1.0192540687397973,5.0
-9.868728009912957,-4.9146163503495295,-34.70926555418919,-19.3477616806191,18.86034135157307,7.39434805622588,10.61927470123958,-13.745981138243051,0.0343109362770808,-10.672153395551767,2.5892431740907846,7.952461421438644,4.552183115973882,-4.7762485382389555,-3.676853975419224,5.226036154978489,-8.879000837254154,19.447072096530533,14.95996030669597,3.1547330701343728,10.262541830091621,1.4075729759984776,-4.887259919252932,-6.71028584718281,1.1689433098753983,8.368715855064353,6.125685996260001,10.610001341423,6.7009006188178315,0.6915230077602744,4.023693386499205,-4.825065151473106,-6.5654752480964955,-2.936786993394683,-9.836948933692343,2.5307633263726137,-10.050517135457335,-10.073127764091959,7.167437230946399,-1.8823429396100566,3.35012577633044,-9.99918155932743,-1.4566739710051495,-1.3983693375936375,-1.5497863616693348,2.122588894703335,-4.2373676355477095,-0.2942709837479917,-0.8434776042716452,-5.80978810892818,5.0
-27.13715318173266,-3.8614255355248335,-5.088665795161874,-8.331079873533445,15.375788555224604,-2.6307358408405297,24.510077559360326,0.3717177286914023,-0.6198861438287804,-8.611558963033254,18.818058325104392,1.5563582023404339,-14.597498534259394,-7.090713779746112,-9.280779336877034,-1.8924411165165804,-16.2479010871534,-12.685305653919002,0.2955684219666366,-5.700727107548895,6.600758681788104,-0.37932710144266507,11.482072143199925,4.646033160508144,-4.899387022250566,-4.481419047582953,-4.187952656427053,-0.13389453125808634,9.444388045136415,-8.982358932608998,-8.071007154722121,-11.738239367565813,3.8855362111872593,3.04398685277056,-2.370134023578095,0.21633738364324254,0.8751010456623752,9.598601570929747,-5.187421945887107,-6.995898252046035,3.6450623136477325,-9.442869426728558,-6.411641728191952,-0.3486027478751719,-3.480632514620922,-0.8627087649045434,-0.7861183627857161,-4.153642390276948,0.18193158219587988,5.616295960923632,4.0
5.941519356636927,6.873079700916227,-18.11271635146833,-25.59800905248257,20.167212972543453,-2.817139318573274,5.096057996031809,-0.7750385044031071,0.9487960831574851,0.9184736424385572,-13.910713306617863,1.006278111656598,-7.849065028629685,-3.808267262737573,1.291558342655562,7.978684505564397,14.443604136079841,5.973304517627317,3.3645995646086555,-3.919426897521849,3.7146815435503187,-2.861195293602708,-4.2022519497013615,-0.2941416340791815,2.290802812641524,-4.973845487456882,-5.970882765978915,-9.488528315362291,-1.0337086105122717,-0.36120504581066115,1.988609165074641,-3.2262959829625526,7.408205697448474,-2.6677385853023816,-2.6674479826835373,-0.16662017880485872,3.830621726755577,-2.9329429513328824,-0.9447042742818711,1.2900288601379066,-2.1879468177183075,1.0415913528095178,4.733744994655695,-1.8762534696599726,1.7140857332783395,2.768402092994668,-3.079388777207395,2.3752809535627435,4.748788961892336,-1.5411349034293083,5.0
-33.562345352425666,14.43773294348972,-3.344625042254201,-10.941253460234787,-5.299819147140114,9.319058039165363,14.936038719333093,-13.225935349276863,1.280469071220768,1.9689913168034572,0.28050044992897605,4.325894994473593,-1.5139030542800351,-18.088852951239083,-4.834434557103223,-9.924661555369404,10.566046915279854,-2.4234068310729326,-1.762619947710875,-8.890392034156497,-5.0238944824784655,3.1639020427413467,-1.9265650857901275,20.993491847229397,-10.775722203368467,17.6896129301803,13.9517727405422,-1.8223508120177443,13.969654892108057,3.7723722223025016,4.52346141064909,-13.134011015797325,0.24302258254045545,-0.4275616126080932,-14.817195996183711,12.442982101099771,0.038299892649798266,-12.672275585621838,1.6104986044368774,-2.433765379806681,-3.5110036707600045,-5.009741741543191,16.873142541928058,-0.06936174014709494,-8.451393155381513,5.87691924731546,0.6505732162389322,-0.5233220815904055,-6.77994838854725,1.1598083311168979,5.0
55.35448968770863,33.96279666718871,-3.6022373136699533,2.8433487441546808,-15.033409630704654,18.014755823127643,-3.2305601033358684,-6.025034897660609,10.125652748902208,7.809446733810835,6.8067990590858996,16.577697171821995,-6.075298043178615,5.4361922595104994,-4.213300863620617,-9.227452747873377,6.064737262994115,-0.8896211958690209,3.6652211317003904,-4.389684133830186,2.828859273511684,7.114194938387714,-7.867080244419637,8.183381916400942,5.482093954591166,-2.2235942155089212,-10.11442206132504,15.438022957241618,-1.990376365617591,-3.7489707900973914,-2.86884329843821,2.8845178127032893,10.719484124615695,3.5133770247275975,2.726893995221895,6.373771711753174,3.0343456210786335,-5.367231117960635,-1.9727806960519145,0.06345259231528654,3.247169467244681,3.7843136088947644,-3.1193664973869932,-3.520432131601593,-0.9583006557463154,-0.7438119733151006,1.788751838523442,-0.7882164570969498,0.2170622433359722,4.964150383807262,0.0
28.531631149088827,35.49975917987504,-16.053639781968254,-3.0650914069619475,5.278000440307947,-3.4381599476996785,-0.745310558918448,-7.829716924408278,5.141736817174701,11.291055663503823,-13.159265038833832,5.62019263984552,-0.6971792868614858,3.4662318631872004,2.760350534185531,-4.3281516626493275,3.3392088569175327,-3.0714094547110693,3.6179508825114057,-4.93160683708319,-3.5906196493855713,-3.452529993334666,-3.4586447456989906,5.527186444588649,-2.5372325799319477,5.492263990018952,2.1310621462901223,0.4064976538784439,-1.0306965562885073,2.286916727155331,-2.231692156653269,-2.7077357298016143,3.748131807121771,-1.0284700521591306,-0.7404793319204223,2.998918907136133,-4.292851604623746,4.826819407276301,-2.0479934513446865,2.8054850390650987,-0.5307471494973167,4.923105336135458,-0.631007827608522,4.059332299229044,-3.912478397154762,4.114484655537145,5.705761554800456,1.6014247152852208,0.023092439719379798,-6.6606417948747065,5.0
21.279311131054897,24.032892160622502,15.621752924248126,-18.442101826517103,0.19261129917878198,-12.306987048731104,-2.5961280672214877,8.753840970504973,3.297254786361535,-2.724759920402268,13.377239162430627,-3.378138271514986,9.9094337572359,3.968084175854792,-5.45356694391794,6.091035234428552,0.7633668914289443,0.7255038833607153,-5.382360429568078,3.6339752030294328,-4.466582226290251,-0.829220671225135,-0.8819509589346893,0.0912740184076835,1.8797253675549,0.06182157640158989,1.73102127253229,0.8049207126880027,2.11320630083024,3.1389193617126665,6.104947817717207,-0.12825833772003994,-4.558058424471952,-3.272753654605385,3.4844762225620944,-0.037196385252977,2.6652719105802736,2.077852524691594,-0.0023885821440096837,-0.42783509406103337,-0.7389751081102272,-2.2797540806930288,0.8638224925837055,4.0502472144903185,0.4200017949530803,-1.151118244141162,0.7689751404354868,0.5919424308632765,1.477768063714131,-3.3890493632960745,3.0
-7.158842360303545,-12.213477327761403,-14.977193292903152,-16.48891832506853,3.5975265853526666,6.280404574606645,-18.10481308902774,1.852333380253067,14.929820421501715,-9.49541085897742,-5.878136826240607,1.791838943872955,3.233380223827621,-8.77372819096428,-6.815324055335745,3.6201486558256524,-2.77540367819158,5.724772136330187,-7.361555302416848,7.574359222878634,13.209986449750435,7.477709394988352,5.167008845723202,12.13417478494527,-9.91972393077594,5.665202637795804,12.865735310521806,13.163611170912601,-14.680689234914707,-22.911537773567428,-5.754087580706682,10.593481221887275,-1.200879212495374,-0.3173107297213293,-0.38173671326090325,-3.395449663600709,-11.168139990095018,4.964517327816064,2.9133463463373293,-9.274980951194102,-0.8051126740280387,7.788232969652521,10.059784939348024,2.7901571190172247,11.706149615358015,-2.8952326421503813,1.728062316022177,-8.141720019137898,4.933671365898527,2.0051280155280558,4.0
24.91095068889249,2.9820452919777796,18.548205382220633,21.94989705961668,1.080568072605515,5.501925360570112,10.129196640031806,-2.233818786816507,-0.48823177860195877,-7.828854486014272,1.547843294646017,8.3871483009614,-0.23381390714465347,6.226494086494387,4.043300224522792,-0.17401162230966402,-3.5025888714096616,2.5383327465753243,8.756754524019506,2.869444774136059,3.773401348634787,2.9442522503798383,4.580122105017725,8.613442531569373,-2.34035198328612,8.24990501538599,-4.188550170408211,4.786238100665995,-4.4193717370692065,1.3835753881456392,-2.5524756032058993,1.1240957496021535,-0.6884951206361275,-0.7154060727892518,2.168727112281778,1.126123224811371,6.062867099387044,0.4940895655088388,-2.3988815515242137,5.952046293468799,5.1646274417320575,3.0831428026580707,-1.1836657009835645,3.8181500116415266,-2.0662909729745227,-3.5721004639744307,-2.615281234435384,2.6358313274399454,-0.7499844818535414,-0.4945827039625067,0.0
-3.669533224598814,-20.20794551400255,-9.751416107593434,-3.612352225080667,-2.993285485562302,9.637867447023298,-5.504591317859107,-7.234826834500457,4.7707604122049245,-0.21660084548603337,-4.513976317534011,5.465412985112048,12.474869506307943,8.747732817447815,5.042255316347133,-0.4409473010869007,-3.2071461235500536,-10.788390118828428,8.048385490889833,-12.9167516048372,-10.154210901406906,-8.016235479765042,2.9759033108944397,6.483710615603064,1.8667835320117425,-2.7020672777846957,-0.3049182032945571,-3.2580595790780267,-5.899967343356373,0.42524155828118143,6.467039892154968,3.404593472253015,1.3312009137555725,3.5125471665951595,-3.54768768739302,-0.3424438382124134,3.3791054782179595,-2.4308393932904764,4.860910048590328,-2.9406414734179753,0.2443012339734997,-4.101233507341463,1.6194913549384857,4.013426241555723,4.150438165688388,-9.513803782173195,-2.0708497835538813,0.2531570068246016,0.36841891012827166,-1.145823430556283,5.0
-38.327190799598064,40.41567880960642,-23.032594393665047,17.273891977589173,1.0056791038443973,-7.97905868914226,-2.1109491633675583,18.979577755376827,-14.53017539023522,9.445709287108768,-4.192591578172052,0.8186671611331465,14.559338544155477,-3.1096250594050727,-4.503859624235942,-2.8858413677716963,10.291223469912772,3.924697150520901,-5.402022563812911,-6.610111643772024,-2.295730967286087,-7.525610059472695,3.0144712659314683,-2.625351074827423,-1.2239240248311325,-1.7792724287707247,-0.09441912739586197,-0.33487906756183927,-2.1609976364482164,0.9882163863387669,1.2809331022782762,-4.6066128241658415,4.168793031172306,0.8262661057509759,0.1983303657802631,3.8443931994915306,-0.9567926467009438,1.7833442503727446,7.238753294612126,-4.616262183112563,5.572459691561531,0.6902395591615623,3.2523220574303804,1.6690679592869453,0.997139216418277,1.0051342402119707,-1.0529918356500836,-1.1600449375251163,-1.5421073936755276,-2.876361983421425,3.0
-31.18553055603773,-21.5560878856691,-19.506673847909852,15.547105124892068,-0.1321734220482998,-6.961820000890646,16.39467389865655,-3.680467721440773,13.621103377900182,1.9640570513405307,13.7854279415641,-0.7207091123809621,-4.976291118703653,-12.466070566901127,-2.4716469744555414,-3.1805771742697315,-7.075893338399442,4.175311381424921,7.284876984009777,-1.0557069393758327,6.6045446759889614,6.731087610379299,-3.993575173712442,-7.796239337261778,5.23480101623907,-11.84042735958923,1.5372546012939858,-0.7543017616364964,-1.545723576991074,-0.957814340414244,-1.748212186790598,-5.799134832235928,3.0786628127959137,-7.381461441107824,0.7880416458711462,2.976347161744178,-0.3980155113770051,2.7574398411393393,6.2215157151271745,2.2045104642954616,-3.370743833763443,11.3262366666639,4.539361340698604,5.534386944374945,3.894221462269374,-5.69818037000626,-1.8565696774642368,-1.8086082421507297,-4.888787490343344,-9.74965405698534,5.0
-21.670181965974205,-19.12801701894426,16.19215177243455,12.556352730567747,-14.734997227096887,-4.443189585739358,-5.128983864859202,16.638418598604847,-3.328419302809688,-5.11122631807432,3.3477960748467064,-3.900216026991154,-4.079156652020261,2.906174788719969,-1.5385232046883162,-1.1240434210688748,-3.5654038367250203,9.41530635527288,-2.2008665953818314,-2.3355564953925874,0.2115612071359145,7.937637314668347,-3.781446032528023,1.3660343279222682,3.744899910029992,3.5181712862571466,-1.3664481718498227,5.083899525331982,2.1111989817696455,5.225072973327762,1.0373011733323567,3.6909044727871643,1.7347644232075385,-0.621212200712785,2.9449509073056648,-3.1427031291819065,-4.391747896605652,1.9604889438382946,1.1304574970156878,1.5311684913894712,-2.100063428619051,-4.474033713974287,1.1627294924195268,-0.010392322371607117,-4.443324429067383,4.17458895912759,-0.28911743762436287,0.8500181260984968,-0.5784992941652114,2.6590591130493664,1.0
-0.03998187316546203,-11.863846989787204,-32.01259109671389,1.7313599071024461,11.64703951137168,-11.447673377167643,3.68897498273383,-8.190481830746805,8.968799936981453,-3.8351026473515324,4.900445314606186,-4.042096088963187,11.201464258957229,-3.854205656317656,0.21835327793104817,3.8799001928998407,-16.970338513626153,7.636241256331949,2.1032707233381376,6.8496653231914735,5.827887159545454,10.007603226898114,1.2841917169740484,3.1104355450550916,8.97680410046759,-16.74938615715329,-2.7054823783211734,-0.8053409526523845,5.829309121562149,6.693221699123306,6.826792476904964,-4.178633370214302,6.241545330685948,-7.539467654006224,-3.4486497809628958,-4.766135964349511,4.689585921737622,-0.6402845675360214,-0.5733858538170293,3.9030072425441933,-2.041724188010624,13.113675771093074,0.2700989491845266,1.4184119941515811,-4.711653725849646,2.1859057237799786,2.9949961344138365,-1.6204420312024725,0.5091076239678756,-5.370363130357685,5.0
12.040336650093932,24.60955917145247,24.398627815012908,18.51474103963698,-11.72882420025274,0.8823217506719051,-6.033562442079269,-4.980809572555415,5.187366692720642,-12.47478839405901,-3.4111714696439384,8.624282574539244,-1.5633493471108266,-3.648639959378755,7.595658068021979,-0.9931426351846339,-10.787843685146234,8.622229565318694,3.543553993272882,3.8867997892699004,-1.1328875921402382,1.2556643321611554,5.145528935512119,4.609706910255707,-6.853461272902113,-2.354317671616907,-0.3808371921195297,0.4612669257202133,1.8927106172381005,3.1548094480640434,-2.4883765221562273,-1.4685538421734494,-3.775244398567656,5.187990764183623,3.4406832322449925,-1.9976721728428548,-0.617532114599948,1.6488147375223638,0.3112843139258536,0.05258066141648176,1.661617122998536,-0.23208931127874938,-2.271713056783395,1.545700755538126,0.5504075628878645,1.719926383419819,-2.683593936898699,-0.7507373098621254,2.3668563482512854,1.6042220797862115,2.0
26.35486394645335,15.311090546213176,11.444079051877745,8.689534817017746,4.719178513193712,2.1856312696173923,-11.294032553252576,5.114869209659074,2.3898165927772053,-5.968905675887831,5.543023540408441,3.837567659076725,-5.933900046619503,2.33939356763725,1.6209901992298812,-4.633959836892084,-2.1994263651945216,-0.3086710901033743,-4.650231484139298,-3.8115538403279805,-2.9435517231953043,-7.78910198515166,0.9832444473277581,3.88219121830565,4.0187131838336905,3.892248619462363,1.532783094773276,1.5242161963970329,-0.8856989342864215,-0.5602255860908656,-3.155252976917388,1.8416023070435938,-2.346080262823037,-4.243338860722716,0.09645145446664052,1.841703150373124,1.4029046543389814,3.713291930178812,-3.312904933704719,3.206633478905894,2.6814391017160535,-1.5328659116131045,-0.9678820519201429,3.6156527668234335,-0.044346672930561146,-2.545612984443192,-0.9444684169616389,2.6748870644373026,2.371814194378191,-4.392883224572499,2.0
48.18194090425779,15.366818331515157,-14.173895429062533,-18.67720319843348,-16.326897172838645,3.9664927320544368,-5.113294093885208,-11.626059853691315,15.093433946817143,4.7038959089925285,-16.13972535595707,-0.5980450942419804,-2.0746500685467044,7.131533789078363,1.3631373210391249,-10.813512391311114,4.683799686882216,-6.094712314188482,-9.962008083846978,0.944384111359032,-3.028795251846843,-4.863406606664445,6.015084541548533,2.9884921395249555,5.890413963848796,-4.362244185099398,1.6037971510769105,0.9993486862397427,-0.5092275345117457,-2.1791580863417184,-0.8526474917284839,4.5314821894067485,1.3529810673168716,-4.851922324466916,0.7797582268839129,2.766863723421658,-0.9650768443239384,4.474298386632664,0.08202599868951245,-3.4574005217978403,-2.8837633084866074,3.4716640842992676,-1.4239258252309117,-8.311641532062257,-2.6895135256155167,-1.0162495687273183,0.08128398640669016,9.947113197616048,3.922150568315009,-7.083697945702448,2.0
-6.6334103517269964,19.691153463809467,-34.84140552862895,-13.886871812562593,15.487736149035108,13.031914493635691,-11.812353463538146,10.984704835191623,-6.329982006545702,-9.644170311398083,1.3471001994406886,7.735757278896963,-3.6251729736689717,0.08016847332226808,-3.1071913367170767,16.512646193839537,-10.414809029834029,0.29741375539466114,-3.8640785001467512,-0.34182993109190635,16.208706729827583,-3.244106750894612,6.252868263260867,-11.039664410518514,5.391579261760905,3.3275699143283446,4.613902097303073,-2.13799583790499,-7.743236164652629,-1.9644022979416373,-6.616452336767496,4.548589801746599,-5.890117102773421,1.4744011743169407,0.4348283033176078,-0.23527952365782562,-13.913039097992472,-6.138717397987783,1.4136477654463007,-0.46334796655888333,-0.6986746327039922,-2.1049450547830015,9.3985258627159,-4.227353377584925,4.740378346715818,-1.5931852521989551,2.3770677265109206,1.771399809841844,-2.7626157111447265,1.737003154021834,5.0
16.131107455659645,17.29395947731327,21.886414161939598,-15.004039486202077,-15.878061564258633,-2.6984838289275452,-1.6425122742549625,-3.650979491633677,-12.10754765935541,-3.04937726241887,2.337164055871472,-2.6351680410150937,-8.57553506788109,4.912167436642087,-4.8947389430082655,1.9032682572300825,-9.459099971563393,-4.220847829394229,-10.099844509205928,6.32693594130434,2.313401096441952,0.8761897980593919,-6.1234490220719175,-8.32721721701209,-1.128423947140092,5.704686820100808,-1.303032852823912,0.00719124589513786,3.967437076515802,3.4041903273918463,4.856305464150805,0.6382568631557647,-0.6883656366360732,-4.280642290221169,-2.487380424828199,-3.5548871811429237,-1.177279456266683,4.400070430922553,5.0955191984109565,2.0556893473971414,5.0703984404813705,4.577339918361377,-0.7823384194797979,0.4589874754517204,1.2069769538907775,-0.5163980930158726,1.9442281911204475,-2.8895228987338144,0.21661836663285539,-1.9019391982683849,2.0
9.890365944849924,-1.3200177381630673,27.66768517583141,-6.150107147067008,1.0948456247514018,-4.180727839619148,-10.985525838168469,4.404008520642809,7.478367777178188,3.8606736569407323,-3.369768778300918,-0.014939619066084825,-4.9770499980912755,3.793944922891438,-5.153589496137012,-13.2421993253743,-9.989392677075939,2.3854710793787435,-7.322597432923016,-1.4022932251179867,-7.225571643378755,-5.885584993361811,1.068503601568912,-7.12989521719429,0.025977623330163093,-0.20825645554193886,2.623895979958547,-3.1040480041612994,-0.7153369236403759,-1.4092821978369492,1.9313349841297092,1.9186695553541282,-3.000199229311394,-2.0976111807923585,-0.8730500977913785,-2.0474703061150805,0.9804895788339224,6.285172480264921,-2.7635856411547715,1.9564385454039182,0.38567919908799736,0.5621708726481164,-3.433786709601939,-0.6553280975478036,-1.5309728890532146,0.9799529156455505,-0.6124151920661448,2.479218550304219,0.937736834679323,-3.1698981037794716,2.0
12.6755479379324,37.21329915379763,3.4434826960293368,-2.039387603111849,2.8270536698443234,2.8209962409738383,-7.540564711706344,-5.985089540774958,2.228866322441709,-4.911659544415769,-1.5161548671302347,0.6770332057741376,-7.190848163356928,1.2965732797632514,3.909966143694732,0.12000306884790544,-5.007469658005205,2.3753728549346858,1.3245711336869692,-3.744444262753935,1.1477997062863678,-0.4707045744874428,1.174698774222119,-2.108667075578867,-2.8666527718703283,-0.7910388521121253,-6.206753169734753,2.824845227929816,6.402460516572788,4.40720811780046,5.139020652579654,0.8400722269990663,9.729603822122675,-3.9570526214123776,-2.411811908594704,-3.3363486648998535,-4.483487784253164,-0.7877891201074068,-5.378212592153184,3.7461561951059807,-1.0984587328528188,1.6997280566851127,1.8048598977861745,1.0740725525181605,5.446511732032213,-3.904985722157725,-0.573156522286332,-1.6523408914027304,-1.2406312261413681,-1.8998518481250455,3.0
-16.104027993008852,-3.9843655756360574,-15.458552684287872,-3.93478458116135,-16.103501821425905,-2.2519714891401352,-7.444361697117471,-7.859319006927933,10.600672501998336,4.7469484277908105,-11.699483326328703,0.9816148536105752,-0.7398547043673234,-1.8544316842771402,-1.6197339711931902,-1.515416500338249,-0.8931011870446383,-4.512240958875367,7.243671566453747,-5.063163810444537,-12.362812837752031,12.109740420713152,9.920598552717445,-4.605653614008369,8.110602638016921,0.9579539726028328,0.025487409788995212,5.778734811279997,-2.675990951882457,-7.369886926854216,-1.7628108443076083,-6.1325345558751465,-6.56020494976798,-11.414938007462643,2.5269096462888108,-6.410628013023026,-0.42791852509026534,2.772707078300118,2.498027069028711,6.258752528775024,4.723743610588561,3.045815041186661,15.450887680818603,1.77797545491629,-3.2024353345268612,5.9055964250379525,-7.66865812470826,-1.8107027901814687,1.0079482929716335,-9.555895160647491,4.0
24.787265754212868,-24.76609721150252,8.75486463060269,22.730550855432703,4.2334778319776305,17.5983950596651,-0.4886822701761634,-8.415764588895119,-10.9551884075187,-4.617065042687571,9.190845498520101,5.8169279331487695,-11.926285884894982,6.6677227365451985,-6.256194101265767,1.4303701246288283,14.892426789153594,-2.023536122882252,9.032779345654916,7.53690315793472,1.9135300706792695,7.739025049658675,1.1901927323462846,7.390356377514217,-5.202918039555196,3.6139294000375193,-7.269571617036161,5.026497971115466,-2.2976646359187454,-3.751777656618142,0.5188273662900378,4.35219382044925,2.0393101052147204,-4.774644226226078,-5.549830335584185,3.1029315168353593,1.4970077649513072,-1.5260721519868246,-2.017247195777661,7.685718742635487,5.676828664034025,1.988103349364235,-2.583066265097243,5.883885606998434,2.5225158516165402,0.48099617933685956,1.996038498010777,0.8044856306228336,-1.0430065331122134,3.0513676816741686,4.0
-47.14571460651915,-9.650416208663762,22.962937087422464,-16.516181312670252,10.439741328753309,9.839046513794855,-0.7322491788022227,5.430061143262436,14.798025723980498,-5.389613701827833,-4.530096211734054,0.9342672366978387,2.9764434155988893,-14.435943897613374,2.9985605879354806,-0.21638699495461935,6.32002974069997,-7.671833871765956,3.6095675249858434,-6.528919567843634,-3.4931060475635296,-5.607817148610414,-9.156443114966983,-3.6842088255384717,-0.6449834154137333,-6.891684376097928,-7.222222325286883,-1.9806374666235043,0.9085241808109781,-6.857216710640135,0.013255464316811377,1.1875212533313504,1.380758736261364,1.6921318422639928,3.9730871811085895,-0.8698338336034873,2.6711909233639166,-3.750859684575063,0.5201379523766912,-0.21572075085988504,-0.31507247332547644,4.829101676680061,0.4492844762363557,-0.825349170540644,-3.524905481564453,0.9910146942055337,2.311111248107799,-2.8425451368747683,-2.7578599757311695,-0.6029741845011254,3.0
8.482688115139895,-23.245621991082473,-11.228862323931974,-20.68195417683445,6.7389464315480225,-10.708949048994649,23.146103495004745,-26.631534848243295,1.3127035679043562,3.0895074281454997,9.616608780740375,-3.7973284397377416,-8.955757386974264,8.369798569436744,-1.062253701672508,1.793475692378631,-1.9523866108571584,16.16171749004314,8.160333814106053,14.046586467594429,-2.9469892258145634,-2.320762152881358,4.785835512938958,-10.075108208927517,-1.4672177384641338,9.71042973853381,-3.9409193401849403,2.4839393190366024,1.4140743092608312,0.17273551926634428,-0.0346145882582757,-10.52583377778467,-1.5005124466562976,-2.236075979863244,-0.5084610346317116,3.9341312226070015,-3.0778641785888747,2.1800911761210857,2.443110009060178,3.8805651613012766,-7.360983899983719,-2.107435051087477,2.05813979966664,-0.10365464714095782,-4.492356168683112,-1.4778375778739412,-1.2625937990687692,-2.73999758913154,-2.998160671974005,-8.70866611848801,4.0
-5.935818338808409,-15.812110335438598,-27.56012972729643,-4.208992035490391,9.850675437409482,-7.372007308131774,16.260931747149282,-8.137478034255318,9.28233205529571,-10.66125191985511,16.009048289352673,-4.213038851422778,-12.079848616382238,1.6675467254166383,2.6792715313515294,-2.523050082656306,-4.822403408237236,-1.633565155645593,-5.363945897186238,-2.924003543838691,4.548803971531874,-4.634643996468072,-3.201218536417395,-0.9293270154720994,1.3907370144413447,-0.12120805173526639,7.468432967043893,0.308375629694232,-6.5914921159648765,4.381616958872278,12.564127703140716,1.7488629762782704,2.1729644168944198,0.24365652588985595,-2.151705093969637,-0.5877534528292234,-3.2951581857829253,-3.180502662888026,0.3059356849314026,1.6485519625728313,2.8872331152707007,4.347354004864995,-4.02063414483623,-0.5707095883519623,-3.198958011000753,-8.105418929917006,-2.8011711039587825,3.1490767582254455,3.7129796536443425,-0.9683616136779197,5.0
2.781399663005177,-9.339808593054082,-27.272302646119517,5.138468895248523,12.723071045239244,-16.11978222956078,-3.146641387986804,6.98662159149123,-1.2597492471099552,-7.730870412530221,6.1387897129011835,-14.20406361968826,-0.4026737155754957,-8.271963816357557,-6.482801334290171,10.711108874780937,-4.501618407147591,3.912584978795492,-3.0613471988248144,-1.1102061103975047,0.08110285005197242,2.913563548753142,0.18764259776804817,0.1001968428486588,-3.3379613864626947,-0.7761050588584759,1.3374223795000644,4.7296572541439765,0.6880187664080665,-0.8640347174497963,3.4549951908642362,0.8739644266000225,-0.5860886585631959,12.773716752704972,6.830552423408691,-5.0913780340643005,5.917917180030732,-0.9099733860192476,0.5801211229303063,-1.1427725215146722,1.0386697851043556,4.14472779660521,-4.050366464801221,3.9509793075983404,0.6156624071014352,-1.522276342968933,2.1260982092791343,-0.533342569293015,0.6333255742862013,-0.5681438388638703,4.0
-22.29248226882938,81.53895181954367,9.792674481566085,5.592605445756732,-15.70750919308304,-13.89828104874583,2.806139113252126,0.5644272983525027,-5.194497702700045,8.086482576216328,-9.796293757047193,-12.677529664242403,0.27104598853051454,-8.86222489297788,4.887246630662162,-21.432023144777876,-1.278746014059537,9.36070010849583,9.02861104032228,5.163063065749907,1.0676548207786494,4.310638207096111,10.777299917312632,-0.31857963378493964,2.6480739851408455,2.8844268486127436,-5.339647696220112,1.6296320605888928,-4.010773338883803,0.1995301776166316,7.233734377376807,6.1070434863899035,14.683853751556235,3.514639583161394,0.9052543285326973,-2.5287586805896827,3.454322911538464,-7.853853249049545,0.024296678892643798,2.1515669845433134,-0.10036405502695672,-0.9519416558615247,0.5763641231901772,-2.705662853347139,-1.016962618511063,-6.382910690115871,-7.148707315038178,1.0612530536476033,2.1853329856271944,-1.0540392372474772,2.0
27.170540242316235,24.902017240249105,16.780649709129722,-12.349812344752673,-9.086541657798458,-4.0103623039521485,-5.958472236706054,-3.799778963508865,3.5032069189467885,-1.720803717882013,10.585157651267526,0.6273619955982107,4.100580900754552,0.1982183947265507,-3.0115989004186567,3.4719474530663303,2.7603027033097747,-5.014168475982767,-5.276087682188758,-7.074203964527146,-0.49564081238305796,-1.0036207450510237,-0.3616114583687697,-3.584017174148107,2.426153489634202,-2.274868190872312,0.557316095496369,-2.114805443219481,1.5976414274578128,1.314712537930839,4.464280022963798,0.39623624236879096,-0.2148126699784704,-3.1553269591151203,-1.0970704670173406,0.40644664710956374,3.288621318813576,0.38475062021805184,2.1869940395254317,-0.17899341810775662,-1.8803078822096952,-0.16343288131582356,2.3016459832224485,-0.5941318897451701,0.7759462089816792,-1.5208104413583576,1.6808543100252011,-0.16165556129887543,1.9022976359615977,-1.8203170155685036,2.0
-6.683102259117647,-34.23770876735373,2.076396521218151,7.257045061907053,-0.4101614663491583,-2.3581393028761726,1.741546233670453,24.64347696157436,-14.197218003336012,3.4530506162606676,0.14661411588321402,4.931521988900532,5.763930285792481,3.810495559371368,0.9240306379268488,-0.6454926846034164,4.4878998999454085,-0.3593266322473351,-1.671363751960157,-1.297398581584228,2.1398072286329746,-3.9560413892004966,0.5226260645381079,1.7353672615546625,-2.974254504007906,-1.8131820155202656,-2.6630722507906954,0.07590821652125813,-1.887119287210471,-0.0012711491297871763,-0.8183135412375606,2.4409515948749694,2.809365819426906,-1.2019154888647834,-4.450130337039641,2.092656640691201,-4.700561394397712,-0.3692106757283857,1.5646881140336797,0.666700252101102,1.982908827048208,1.8511471097659145,2.678817433186789,0.22392881301055684,3.9829098818314055,-0.12045656781505404,-3.0613307404896286,-0.15055852684193544,-0.320698549916085,0.8467870797040887,1.0
-33.63979088733139,-31.311865452792812,0.34234135221352513,-12.2157879256379,1.5379315100703264,16.23972918951824,-2.058171952262123,-17.12492161701648,5.069208900189403,13.511842725353379,7.978296394159606,2.0861472524558438,8.450407725304,3.043358971086359,10.697733257168142,1.6812630075256345,9.07373593967503,8.333018438691314,-7.773689765693408,-1.2210904473808295,-3.6478305053600746,1.6527765700055188,4.569392916692964,10.026617485451778,-6.973684094868535,-6.1911913590157255,21.30338343272861,5.060285566917342,-0.821389247741684,-0.08762923897082989,11.101106550555407,7.497564132374019,8.084547445784793,-0.39739494799452657,7.685836561253599,6.471585018934723,3.264482827843607,5.974459249216818,-3.359350884988845,-2.4024854045268227,-0.4901214737862011,5.970671474601655,-0.8669385225341834,-1.1918150878411256,-6.135218299562243,-8.92146996636709,-0.5179653836397987,-21.254461880980152,-0.903178482832566,-0.42026233763561777,5.0
-43.86305546784392,7.841879392598118,-15.082593479275115,-5.8930987682666345,-1.149103925105108,9.30702925472809,-11.812334618004138,11.419988880166166,-3.5151662593588804,-6.394640497343607,-0.16592322917218796,5.850865477921229,-5.8960947287845515,18.572822281235172,-9.800478603860382,2.245482944136124,-1.3681736080522096,-4.8186376611514365,12.532109126879305,-2.4951053892366266,11.942206174516128,9.258062645154547,1.023497819777041,-5.432002441760177,1.5867172995796914,-3.6804570963447354,5.692511569211455,4.352539840846931,-7.905575771710951,-1.0971371380437873,-13.712440188313757,-5.861736316655986,-6.840576865965947,-1.9918846625653304,-4.9554142609362755,-0.312758912829342,-4.103856407379645,4.336999420049532,1.6590607733313179,-4.0620099346317415,-1.3468181186793526,-5.53245225450515,-2.1636143891585085,3.383990057806927,0.9809406909565239,7.987740364807206,-6.6065886344975056,1.9653004463035033,5.076989363866921,3.758295839028191,3.0
-33.31355588077134,18.41911307774448,8.089133846611197,-12.822210058196635,1.47910336960202,-0.3437599037498104,8.873395154052263,-9.263746724129387,2.277550962276216,6.7758248334628455,-12.486335410593544,0.3054010283094141,-7.520231285224599,3.434071014037407,21.39460383602122,13.910743503357553,-5.277485524778159,-14.285087102480935,-0.9093646689389474,4.377310115787809,7.062442538918366,10.207488544680627,-2.958579465106401,8.450282157968799,0.20626710461487105,-6.4412477109963895,-0.7351817133948025,-13.910898205263106,-4.509421812074882,-0.7553871457200849,-4.909984898371821,3.6835004075584004,-1.0578400148311966,-2.4232901954100554,1.3405488013466038,1.7774940279617129,0.07982860645681562,3.4256570446548285,5.134878873469735,-1.205190545066624,3.9358039052234712,-4.782535454589915,0.18614058844105213,-0.3182848148929842,-2.3477419498901404,-8.450342953216945,-3.4552851136100533,7.134924294937715,0.11985060944355344,3.9190897446380717,3.0
-21.26353795870085,-2.5266586193708322,40.28503484149148,-10.234440869891865,-4.019423431398396,4.062462290630892,-5.199952509727737,6.366093007294601,-2.795071001853924,2.629853947373759,4.979690419807807,-7.52646468609357,-2.286770212434869,-2.9900733668645505,-5.681452804516095,-2.1753247804144524,2.5125606245406193,2.327831528113877,-5.21423929913726,-5.108659467887761,-7.685205335309304,-2.331909828003669,2.3191776270655837,-0.5853399430996179,-3.087513323021844,-5.453283601193163,1.204394407946736,-1.3226805382712634,-4.8085162551677865,-5.885410767342396,0.5758545748194164,-1.1088891322263725,0.05323042095503192,-5.472343004526569,-0.7400404488553098,6.793754587635268,3.4528095952929676,-3.7720041979790797,1.2578069790683388,0.5273619550405123,-3.003717907387831,-2.345617230736189,1.7651171777057475,-0.3331339202979219,1.8322156167433117,-2.1695296149644356,5.43332126112224,2.697039590687477,-3.7667250209800445,-4.69657461475898,4.0
-11.408155156941296,18.111530055887346,-17.35382412180794,0.03144317303146853,4.168555093456201,-5.958040446219617,-14.575652722482198,-7.45626860330699,8.802111251302264,-16.946665678527363,-0.3277728792449403,-7.396583959256619,-6.92381588236703,12.356479790985734,-8.474784882408182,0.6490401302040637,2.90156064602105,0.26652048332980743,8.27784154030614,-2.906957006874966,1.9381528304832345,2.9127106276244445,-2.5974593731089213,-1.949024774807425,-2.6833664870796112,-7.022129179640541,10.339496384610406,-1.8802913570389181,-1.0679403765858,9.667767380451403,-3.742052168775066,-1.734684779441327,-2.1675303333227007,-3.1073938038781623,1.9152646440862071,-4.254823640744158,1.033787400825296,-0.5869570867499285,-6.282475659628314,-3.7170163482966445,-3.0574400970907836,4.313218003441815,-6.532664049486997,-3.241457818436187,-3.9789701611323767,-0.4067405142881835,0.2534746953721228,-1.2002899014089305,-3.4727010797795166,1.7175789126315377,5.0
25.762519528560578,1.70226276137689,0.8419676460781014,-1.9741345451854373,19.09732403665862,-11.872428657298723,8.685003426863096,2.4322965761248385,8.05104360931835,-12.924314363154915,-1.6481149519801093,0.7226375605387947,13.819447913106679,3.013030679069038,8.015738873867594,4.5020178721316055,-2.3895541761318,-4.778481523400485,-0.7987265970524431,0.2742292728683547,2.5072748525328636,-3.171800998646292,2.7732342100003424,8.683613144674746,-1.8837768520908111,1.7765840625945621,-1.5742588946832137,-3.0823426364451807,1.298136229313126,-0.05443403519300684,-1.2599566525379802,-1.6828009410873384,-0.22648115413489373,-1.1697709800021707,4.451732404648482,2.0359852781424084,1.7664259687817474,0.1668475786610547,-2.100978642581464,2.0531662752193065,1.2427153387397418,-1.505720301674434,-2.650383547362713,1.4814643252495368,-1.0411498734700644,6.7481575374745235,-2.6107132489255425,0.07837858831288798,0.4388008353344822,0.23624552321959685,5.0
1.0785146423384169,-12.08385150450565,-17.87368944347427,10.833770981840841,1.6039756912347876,-12.828297998134428,10.74084801823525,10.448088845834704,4.602570964871304,0.7505541192952366,3.361892767046991,13.210214908031206,-0.7575649022773211,-4.619255014953205,-5.505132054738765,-1.7585415513287659,-4.793986949669637,2.9520524678960958,-2.811390882855537,-3.591858148602112,16.831777155621385,1.7581470113324813,-2.1571730437480348,5.626359478806828,0.26259416692116316,-6.345719654241615,7.754309498834871,-9.96628714958945,-4.144996704505894,2.2797535923735275,9.614235642077217,0.34831764003862564,2.8646925232529687,-1.7585286620340757,6.2866719117272085,3.8492189165198742,-4.86788234182798,9.169336895323857,-3.6557305660004107,1.234900908082797,2.6237492182268807,4.967487100835125,-0.7564589982521174,8.151716802844554,-4.413851186695491,-5.747453281359914,0.5901646352161115,4.288367003355191,-8.753233394081086,2.1870977514382237,0.0
28.7193289621872,19.714605386397267,12.247826205914576,-6.908522952044229,-2.6479412357889074,2.130486789797129,-12.376702573841904,-13.617339465725449,-1.3855466431556143,-9.196106535553715,-8.137427294691875,-1.2137302661010643,-2.5063387417684613,-6.249828934730337,-5.124495861780733,-5.974062989645629,-7.108631915303564,4.60889916940997,-1.3317821812755881,-1.8116338517530888,-3.2704867436470497,5.991280981659392,2.100484469834197,-5.953894294551502,-2.8339958200790782,-3.1423906074958206,3.044479416520443,-7.579035278397792,2.1789774123093517,2.4647646724819237,-0.721192985779079,-0.7487080466405784,-2.6885321065992347,-1.9112983631048162,-3.820443618587561,-3.2037359394536478,-1.5454618718092086,0.9212770165363741,-4.347725812753059,-0.7313001255615434,1.4415105570395352,1.7968866287313623,0.8027769957276792,0.015111946480372672,6.376129269242169,1.6759237875864095,-2.7154096936499346,2.341872763392636,3.5237547355063947,3.9683085307268087,5.0
-49.99926192502224,-23.35599752452228,-17.287363990267913,18.565149010686465,-15.374104449637255,15.686886508928206,-14.718897895243325,-16.912896518777654,2.1551407920233525,0.04628583634528115,7.475700529801498,-6.782032114094112,7.714163721420088,-3.8172588727521157,0.4092428544980195,4.661243633646726,-2.270579617966696,3.8149775979095955,4.802124851810573,2.1406762930963086,-4.302920145859996,-2.434474976344525,-9.09899182723181,-5.75709165169731,7.815790263618725,6.216054175303202,-2.7639959691474902,-3.5165327131194446,9.755040718284711,-2.7674418923913224,-1.2141655354505376,-3.182503314100082,-8.216524218409416,-6.259193529554637,3.12754622855167,-3.1245437878776827,-1.2094335276318233,1.7321064575087526,1.0918550627547456,7.051060334125797,2.3634824762641475,-0.033562291553120044,-2.2506681754705733,-0.05089049544214384,-2.25366027343807,-3.630943076489784,2.545762506702478,1.2314273258287756,6.563731161994377,7.922392628178866,5.0
14.665020133006532,15.068988335650396,-15.270468463639855,-7.261863562142277,-2.1465794163991396,10.201318385317974,-8.393165981659322,2.734169736628159,1.8408038449479487,-0.7748845524575456,-16.60964392148071,4.269784591883245,1.795000820983458,10.03974291515116,-14.78909029292932,0.8126863439796527,2.3810750943137178,-5.415326114236002,-4.143039361580503,3.040952773000098,11.015466329782015,-3.013963588092646,8.322508111393534,0.6273985659749639,-3.0378519383504328,0.6116755455807488,4.915636298394114,1.4570374065333802,0.8947593693305642,-1.5322998830051178,8.346027318994235,-2.9355203261250336,-6.565925132635358,-3.2875213582486684,0.7231650920395453,0.9416303383326337,1.1627384919163695,1.5432624189428026,-4.264869625544067,5.747877261257801,4.195810724025604,6.892462384027925,-1.6287949868937148,-4.248037377492276,-3.1174462256231283,4.506591308812856,-2.783026675483389,6.2675662596358,1.399694695421161,-1.898329576154501,2.0
-22.761067395352548,-40.41863205825268,-15.800425240710469,9.225448112867248,-24.32274741567505,0.8821301391443861,-11.517659358776223,-1.6072007466586222,-8.465448693730727,3.13835933192298,-3.3590983782132513,-1.3261057234900555,16.669140839521013,-2.9271700149106388,-5.743756244143516,-1.6571711785455834,5.459210394080215,-0.6497928260166366,-6.426432950687534,0.6146927163281682,-8.294935627933228,4.790656867511667,-4.711512104284531,-4.199276623124563,-4.107047965007483,0.2583680164206172,-3.231004131791209,-2.0166059688082205,3.0474146687608386,-1.5842267683640454,2.3975865949410617,1.5957082790721107,-5.687083202823807,-0.16946572332024673,-3.1510525509046228,-4.888189336727981,4.213829086462459,2.4137316776960964,-0.5116221938744966,2.5849261523435185,0.1412535180650646,1.0185722389739982,-6.088700491043096,0.009471229081130515,1.8255106748610626,2.351609242526913,3.3401817749740625,-3.4298929535387517,-4.618055824674874,2.5170482071779996,2.0
-24.577751529638984,-12.771540981610595,-31.68109782595318,-0.7531291831526425,-3.5623546617337025,-0.35839191206846277,-4.912843211839725,4.079729008810904,4.832375247304853,-12.186476770920157,9.13751193101202,5.521678038369139,3.252845853644859,0.8548457967560478,0.36394270555305286,1.3997031985531199,3.2575242211128943,11.864032108838074,-2.417727812982239,-1.0551975100373792,2.8989562020388435,9.657956070722442,0.8759581926626923,-2.3277809687442614,0.5760823938596277,-0.30470263976609624,-4.181327157325452,-5.374330416209798,-0.8350992744042972,-0.3086942224947677,-0.3994723506327503,-5.896624420864819,-2.692494523196698,-0.682411576299246,0.8286968707620473,5.176031915531617,2.3767128549286864,4.106842387061786,2.7481185522464666,-0.06898825611385409,-0.1432726466492967,-2.471846777004597,-1.1556673373922732,0.581366646641521,3.351612672794675,-3.587368667491532,0.6487433325765257,2.293242010007815,2.309445348611096,-3.836038839074951,5.0
17.784550100789726,-4.2183524945356465,-16.21984419873675,-9.298505381512927,-12.280361322374805,9.409842140137302,-24.14822377631891,-6.5083008633602875,1.1243946905385855,-10.886183761741375,-7.3616750644955795,7.677149794207817,1.1139792365775796,7.931961857771051,-6.521962862309551,-3.6026291608117935,1.4599941528676836,-7.58703007984535,-4.247615704370582,1.701236374961457,12.35112324301729,-8.794081598626828,3.7580687671003528,3.2019812855331184,1.786812308429051,-5.280415053607334,4.662417375128186,4.630419197772042,-7.543209277089947,-2.2255376794482777,7.529213080240183,3.43876823648038,-7.463197863794706,-0.03860347337146164,-4.248664593903614,3.6861212249287743,0.38996703931138615,2.5116418247703924,2.5210157022268818,4.73344045257198,6.502157618792359,3.0575580225642756,0.7553729168130352,-0.9833972912310622,0.8086443669100898,3.2847555478021055,5.0402388271017164,6.288125888357948,1.0768125125467194,0.6560815820800472,5.0
-29.955067522201432,3.657209678291122,16.323523124046364,-18.413852827085933,6.7438141769655005,4.067705426433371,-4.976799638897335,6.9955512188392674,6.117663846635307,-19.407126468530635,-5.993127538929558,7.713355023473705,-7.2229970976815645,-8.362243666850048,-7.017311564945076,-3.497483782199953,-0.596889799343565,-3.230862867696802,0.8085280454627304,12.037709904371543,-3.2819794523458996,-3.172102502232485,-5.35173285152923,-3.1916477459206805,4.293698443694877,3.517678452181554,-5.332512342654916,-2.9771406321684775,-5.121136757535016,-0.058600781278341355,-5.0947702933166275,2.470691251390603,0.16628085648069385,-4.860690409386472,3.785005334456047,0.591442666960385,0.472533829035669,5.829143939364245,-0.7616395693015775,-1.3705750237218008,7.9415899774105485,1.5924734165021341,-0.09590545723767727,5.071908114797641,4.001263878755657,0.35274406315157153,1.464541661354205,-1.873673827372617,-1.8528217940343192,0.7176747963235309,4.0
-33.50983557981152,13.249155264719384,-6.88173297844542,9.500837602706197,-18.00400994744348,-9.145562027184017,-6.468255051903102,11.986489600042292,5.3460708057160895,0.23385830659630308,-6.659080559233869,-3.0861696590866097,-8.087778780649774,-5.387346489074428,-1.5276303841069072,4.835879459034974,-2.705208085930033,-0.09330087961221752,-1.8324490086241176,-7.097345033121843,1.4569964559303477,3.534411705642762,5.177585544480136,-2.2994735772180763,-0.04085557476393028,-2.052348904109229,4.854849095432364,-3.7246183143476954,7.019182740178752,0.9767047321853657,-4.326569768828257,0.7586506021256924,6.85172946107879,-0.9785708496664861,8.16732865842344,-0.799079755296607,0.5732324875629835,-2.2351376816988786,-4.144507024803159,-1.972961263862518,0.27649900111255177,1.4916615679966378,3.9134931022072363,-2.712865031080353,-4.538352020684708,1.0832548943560543,4.746683661224722,-0.8875282086651153,-2.393943920066005,1.674340178044171,2.0
18.657876680504874,18.286279653749485,-26.025286375061548,-11.101690637058363,-3.369623746903147,0.21809813986085388,-12.643671095288502,1.7967813194844684,-1.3594283608093618,-11.846078568246584,-3.633028947344686,-3.8922775663706597,-2.711839273746004,12.01735194497285,-0.35405785173001486,-0.05042296257462475,10.58768190135332,-3.7291386500755306,-1.5312501428575367,-10.73164865905923,-4.178214933550831,-13.83988612396188,0.3056824875783198,-0.15927361233669537,-4.756240567896579,-4.954384426952955,-6.668335249627132,-1.1100940897867198,-0.8868504235887649,-3.5004714525601632,0.5890714973431724,-2.646466633343833,1.009459283799659,-1.8373670459264109,9.20233002262763,-5.462319760551221,-8.527973725921536,-2.594207343911591,-4.500902222436685,3.336628809299832,1.7192123446559846,1.392607613245785,-0.8843167082996338,-1.0284491694030549,3.7089396401162293,3.8014650269473464,-0.5173686983003669,-1.4358620140319427,-3.3036360927082837,5.887764592932621,4.0
57.34432491669817,7.498607581025694,-41.85084859300817,-9.125165256906033,43.32551345853795,-4.2746646159197335,1.187185736625694,12.692878535043103,-10.750836129954347,9.117657093549075,6.762565624610989,-18.30627562343,19.938882904536953,-5.082927870925065,2.7687972888012666,6.38772976615484,-4.056751888042711,3.6464274452501835,-1.2317317004438566,-3.727016785657139,-12.86872089884824,2.040847285227694,-6.2189758835505256,6.617133985748005,-6.716286379826633,-1.3016105418888373,2.1446901022434184,-1.6938595419453935,-0.8345186567088255,0.9425460596721762,-14.738430359928946,-2.3475490664749676,-0.6181788365104404,0.02546931303014193,5.365653943532282,7.1329816786563995,-2.308611792074613,-4.466056451080028,-0.18367114172320909,3.6532568645914267,-3.4864333098735583,3.282861785848739,-2.4918705668886645,7.33539766078133,-3.815668532568886,6.231796151103009,2.612067114098841,0.18961696038290446,-5.987944285688816,4.608600256194269,2.0
-4.080147897955478,31.28524993153367,-28.742531933174874,-26.589304563066115,-14.144493863157335,-15.364955855168738,8.073394271917696,-3.0476176496840086,-1.6913655758919257,1.1206892225618021,-3.398485789144863,5.423387908651734,-12.102190770190001,4.273222906215724,6.2418572863487425,-13.654337039227212,-8.173360936416774,12.936473948059879,-4.255597274898645,4.157716567500055,-1.6913231994003455,-3.4974305315894156,-5.246195617846051,2.7859528297483225,-1.5260742775211082,-3.1201638510125616,-12.107150135403213,-8.52463180404816,2.8254528803686263,-5.465128946085367,1.4163831786849759,5.406682954151118,-0.9053476513746657,-2.208663522661811,7.242399376974543,1.4885510771495936,-5.792936958388509,-0.26135193602183426,-0.4238147633786727,-1.1622394844517665,0.7611791713731542,-3.3893895300069414,2.429197654447001,-0.8748900140180038,-4.998223080036773,1.4194507654124715,2.4556463890311098,0.06215447110054617,3.9214810827318214,-2.0278470208151447,5.0
-18.571467273712464,-9.692215532104981,-8.816196462827204,18.45363083808343,-2.3849075222651877,-4.109395451675157,-2.3807314567267155,6.485985484070377,4.3769193608160695,-8.562217652599408,3.969080040216413,0.463171837710582,-2.4920360836747015,-4.517630035844744,-3.8841645965010594,6.48149380083614,7.727129503998654,5.699723292223959,0.7122013797512271,-4.846540601355382,5.099497907287747,3.9278490791202385,1.3584503627640538,-1.652418544030924,-1.1838223438202669,0.25102427658279847,2.0256834452808565,0.35291976580237944,0.4409862138493414,1.3728181165539148,-2.5069729351063623,-1.9839822076964144,1.2991924674934137,4.067415946291514,3.1499120111847905,3.729789982505796,2.813491202462561,1.393842209812247,-0.6055660941478679,-3.537897921860122,-0.6071405819196738,-0.383179228558018,-1.4601995278646207,-1.2721679343801686,3.942234869375478,-3.880989521634219,1.55726280678268,1.6992776048558176,0.36630127675477653,-5.361806862786592,3.0
-19.000282880805006,16.738140534346993,-38.73603525674333,-25.214341404577354,25.540327279288558,2.685037611473961,-4.341863172176159,0.2805147324542017,-30.428088721920226,15.226304865729972,4.264897162072582,-17.19679809573371,-5.62789136408563,-5.5294200454779325,3.1203818143565765,4.0613262755577,-0.6296737000958943,-3.6187558735291594,-2.5267513163850177,6.731040502616304,-19.31673216958418,3.8890474828197057,-2.4176362322765117,19.458006339373352,-17.257528056630854,-1.1306026024673272,-2.8305151606119696,-6.896121855589371,-0.6378334994783683,3.859001557564621,-3.0033157165820956,0.8579586963986872,-8.537482814111707,2.9024083783701404,-12.070118923346236,-1.529369167084043,-0.7778161142150644,5.609543906535787,-6.279442367152085,5.833899989584589,-6.09446842550142,-5.171094398066087,-8.201282663788685,-0.9097868646880861,1.7979684441924735,0.30224699303853286,1.9403694902224744,2.8731570469345526,-7.061927958720191,-2.7935508029660534,5.0
-3.8770255711085624,-26.678949263537376,16.402698134234075,-17.20899953518353,-6.025165768133813,-1.2655397110617412,0.6542671510405322,-5.246562969789394,-17.935903665325863,7.2077585649217495,-16.135202267112604,-4.075749479527014,-3.3878873544881376,0.10768420633534528,-20.39771464667372,-3.961771508512708,-4.164098824928677,-1.0061817176572145,-0.26511729884976354,2.5113489314764825,9.542161021362435,3.879105445443559,5.537975023505733,0.6607253184296389,-6.155660492524492,-0.28469914675884356,6.311433625504807,-2.086578790599853,5.147125200993213,-1.7145256461550518,-1.1248394043393282,0.3586337494187473,1.9546356911732476,-6.15161219505934,-1.7201158383097963,-1.4241320654290566,-4.7079668906724965,1.78598380731745,-5.566074255582637,-1.1562049098828273,-4.2769027128606485,3.9632512886903273,-1.9427956769538683,1.688010124574597,1.706865560469497,-1.6881360537448664,-3.319244045801077,7.970310567160116,-1.4796821215852771,-2.831750435824458,5.0
-5.232305732302783,-11.898820913482306,-28.800099835125764,-28.747071685298977,8.864960868852151,7.637344151071406,-5.225744582293446,-6.241167908545313,-5.243772439774348,-4.176620223247697,0.2378542484707694,7.917823346852984,-1.958339870122402,6.065638246722545,8.979122572479891,-0.8494969739536633,3.2150798964485334,9.849196489996324,-13.604898494979356,3.5344739719618308,-0.09239809958584017,2.008048446220108,4.644326607955843,-2.33110711934209,-0.9822545128807371,-5.438754919709991,-1.8537293984917236,-12.261957380324796,-3.6404082740844173,6.174955427775343,8.357459701161275,-14.723192146743846,-3.057492117043719,-6.790457993874428,5.168235205914836,-9.261545754121144,0.5645780606859769,-0.30149210424620004,10.855119399521927,4.628190462695548,5.4220248118581305,5.821817934814132,-0.1374250274079697,1.9345090199036352,-2.891803527489045,-2.5318989431070835,4.112247839035235,-7.535187320164135,-7.047222044682545,3.4294443015482874,5.0
-27.629134835262587,31.12565037295281,32.95555126940547,-8.584083726175292,-9.149382213618367,-5.850875460099608,9.150298051084421,-1.4588516444986668,4.1299339696059185,4.453295141728753,-1.3950475873905488,-3.430853662540577,7.441550863301356,4.0050837674625495,11.697481279656389,9.255110182276654,-8.127916882374167,-1.6273654408861782,2.9764494338089564,0.18825199590566888,4.936733064223763,1.7379063687622631,-0.5372001786034637,2.0460121687494888,-2.400408831368334,0.2347021034140397,-2.8847380276268777,1.7675732391543824,-0.20110478598601447,-2.9181708125542216,4.766408763306275,-3.9695621723683705,-3.9637744656567504,-3.2389968275797396,3.2521610836946846,4.284537722084547,3.541281593640102,-0.9713315466062232,1.7388408498071966,0.662831514113791,-3.441210405279429,-5.654219875779598,-2.437049792340815,-1.9288684705163177,5.0632424824341244,-3.8776115801849937,-0.33796372199562885,2.862602304861534,1.6536837860461508,-0.4867928814062369,3.0
20.450921148899788,12.302732590293585,-13.970163580178179,-24.05561357088787,-20.281513223410734,-24.706629741047976,7.527101444159106,6.072781018389288,2.527382740587536,-4.393020458452985,0.020495880956542315,-0.09927810086808521,0.4722971598153976,1.014819246052678,-5.3849550477229595,-6.970168414095014,2.63737712232791,7.737369382519116,-8.12150897823891,-0.41550220232521823,-1.4993180070577359,9.202150364672377,-10.30136753220097,7.078965113241302,-0.7915545031570631,-7.312973628501009,-10.195754026732692,-0.12161876325192827,2.429165051210755,-0.5715415165317496,-0.5578333775939927,0.9736497324441242,-5.776617014298749,-2.6199940946634785,4.275816341335054,2.6990978182665644,-2.3178026234673883,0.8943747616840394,1.5118119967770478,-0.8296848487098758,-2.222948414314737,-2.319236565886655,0.5847830669916391,2.4573688957506836,-0.38313534080607187,1.8019785724285267,2.8812757705185965,-4.780720179263028,2.564275581425819,-2.5674856263882844,5.0
11.063688199547794,-6.868469798468673,13.203696639501528,19.20966029049399,-4.950715247282853,-13.581712913506504,7.899945807405273,-8.094116498035236,3.4558881663971137,-2.4951409653504872,-6.706722909549316,-2.959618115812976,-1.9615260551723732,3.041498087062084,0.3829025778759965,-0.07742145167965601,-3.303307432979051,5.143840822003575,3.771244515532718,2.969197976551761,-1.7307741307287126,-1.1735853205232787,-1.9021079725913725,3.885943893850477,0.20602005947705537,2.9133690651600714,-1.614798899163136,4.485353444522563,3.3620666302327056,9.722611255019736,-3.264335889055124,3.6990451600824232,-2.0517366253907574,-0.35428451116329435,0.8472033118075915,0.17506673056513822,-0.32923549968035953,1.317706177493998,-1.2291336732126092,0.06041503628257061,2.9005431235261794,-1.8551076374514786,2.380956401546872,-1.296122611694565,-2.9886264765346846,1.4162142935878173,-0.21329884364498525,-3.0469163430426844,-0.1485958583087593,2.3591525462386165,2.0
23.346043936932105,3.313317131699616,8.708725500733156,27.250008469343456,19.547430616979504,9.987993082136663,3.3676728204808724,6.735844360752895,-1.1537178739325322,-1.3781402304784098,11.640840680563489,6.863091084922317,10.248801340940611,2.062860196992545,5.530875477116231,6.327270980912159,0.06173689630383487,-4.781710843766039,-3.6331798102661295,0.1686551419408689,2.421091528998237,-3.3472576394239937,-1.127259273341092,7.765712067006046,0.5806310653004529,4.100757910568313,3.401402606638479,0.27996498600623276,1.8667301268592802,-3.4621651390827477,-9.058508001093426,0.7898634366919494,-2.113951478455211,-2.032603620607926,2.471181378116829,3.9590193912969758,0.22326671802504713,-4.108189399260538,2.412114133459191,-1.9337152625928673,0.6356426175755285,-1.1448632760869264,4.06470839496165,2.830146063639728,-5.196838180830667,-0.20814953508996187,-1.7451991716314144,2.3493415608573107,-1.0593303265112934,-1.8923628495634242,0.0
-3.522201146252665,-19.743032452199625,-19.145816411386665,8.153336818296237,-10.594304957840137,4.405962134335774,-10.664765012949015,-2.278747345445052,-2.742633026762213,9.200697458081281,3.013813003704486,5.206254183430465,-19.241664548025746,7.152414873726097,0.7752293830081988,2.1666599062263523,11.663304181847723,2.5000547735345897,-0.3903026548850663,5.823023128671081,2.572787210973602,2.813212077521239,-5.430908169353433,14.683644820148833,4.351686723794964,-4.163395717683315,5.972142987033364,-11.723804500714156,7.28214968185836,-13.202648289885555,0.10459576548707063,0.13868512247497944,3.1758152853533885,-1.759138417484166,3.205152358675145,0.04718807586988579,4.296931436115819,8.793865032550771,2.4237952552528554,3.9136876418736466,-2.245218558660416,-5.738050217962381,-0.8615795696205238,-1.6024124209644206,4.677780933656641,2.263492345296938,6.6543219323908,2.3273802688587915,2.673101071298254,8.439386171281479,4.0
0.47923304718503285,-30.349688157054626,34.53265485475009,0.5944695495021495,3.068952883573403,6.122143020024482,5.27962807611232,-2.2997592939465528,-15.711471956700082,-7.753590751545198,-5.225865090682965,-1.581858809671476,4.1537992735495815,-5.992058500352627,-6.697632417268251,0.21173865146667137,0.8242995107805257,-1.6195266693116392,-0.008210685965854449,4.982489991474254,10.488366514981411,-1.9411931837849117,-3.340016174667335,2.7602554013791836,0.8528738090247734,-0.0048857280677172986,-0.6689334749246795,0.42155510500216004,-2.3093826791869714,-0.8080227270835255,1.994467016500288,-0.9356882458411623,2.7877864564507138,4.391760559893132,-5.351780583977694,1.0457843404716278,-3.481338420978927,0.6110061628337224,2.4548726361256086,-3.672191738384339,-0.7032219041472669,-2.4385390341974587,-5.573863451812517,0.67240043146344,2.2164161475303357,2.9492539947976875,-2.295359442750664,0.9313442169294587,2.9766625003659763,0.42544174173562715,3.0
-17.861972638174734,86.20184206650629,-10.253562695417234,14.890914125778929,15.437818930661711,-1.1457920698102313,-3.177238667874584,-3.4656374753156243,-10.370993932324819,-4.244837111404384,1.7810880874453647,-10.300298114932442,10.456882342876519,-2.9047414355408416,1.291334953779564,-4.43600490105043,0.247487731505592,-1.373485611914708,8.636816592413565,5.001184002658117,8.590647045819757,5.361276316006494,8.294039070930213,1.3297780437693363,-0.5256788368255597,4.093597653899943,5.111043217573293,-1.5529195843548416,-1.4768185925227664,1.203241441916285,0.36803142426262225,0.8309799847652032,2.4632540295538226,0.36700843217145884,1.0010918789523229,-2.6998190214580826,3.137103101664492,-4.3940363368721185,1.6003207719566734,3.7591999233955224,1.1623013189219675,2.4039462161491056,-0.18941864306741743,2.0116144585559197,-0.6016196710578684,0.7990303549824807,0.14625832888384924,-1.3344388167590675,-1.8394762427403262,1.9106740947279712,3.0
28.11980985609528,-11.07699279630196,32.131231649709036,13.689134824526166,-1.8073792123025436,5.205174287203245,2.5330371714843483,-12.475604457056772,-3.4061814899066305,-9.4497406242003,0.33491366430145614,3.152626568042202,0.2957161934557778,-4.250756306127533,1.6415892420604252,-4.455144117626636,-0.1776398237157184,2.545794973899622,0.20208920835609875,5.562155058175159,-3.4784802608678507,-1.7351546779794025,4.461592111129914,0.010110958659848564,-0.6976206645884195,-0.7357494396642913,-0.15645266284403547,-5.467679573519642,-2.3246178264721316,-1.4202580227872916,-2.366187234125229,0.6388359585107694,-0.9422839108612735,1.149931993412644,2.0959612969130776,2.645117667174291,0.11933923897305201,0.3677952970957504,-1.519862177835215,-3.3492324753495346,-0.9271520489572392,-5.427177533589138,3.3189245879581115,0.3225258110309144,-1.441617554374954,-2.3049637860252905,-1.0167010495286855,2.1676858464587063,1.7140723801648992,-4.0455905245448305,0.0
6.230332828583804,-0.5212954849770737,3.0008953276826693,-6.457311914752127,23.087990835411322,-3.661031460731394,1.6242325713992456,7.178673071624348,16.872414068828768,-0.833224934641614,1.1213632297645828,2.273039871304334,1.0175718417883979,2.7939713090833886,-1.1073701818393358,-4.243456532311133,3.760998827359532,-1.6241466279134502,-2.3230039929347024,-9.146389884972285,-1.5728035719614573,5.124141078605682,4.494983946478805,6.473122053975458,3.4620813821800533,-2.4481953946327275,-2.207826125083707,-3.607539686839072,1.2757610655242506,1.8706315681824535,-4.668226912906574,-8.580113608510489,4.06902599624553,-3.384031782154927,-2.527479944623867,-0.05818211612853362,-1.2569187794822874,1.9302645689181026,-1.9881617420300757,-0.3290162333538851,1.060401105741468,-7.599318930910202,1.4749351509722854,-0.940018855304659,-0.39328164880602695,-1.2207483971025797,-3.5726947638119793,3.5083688293001183,-0.33433475291789455,-0.24153084092987867,4.0
0.7930409072124709,-19.188029672245346,8.55206020537427,5.560144686768631,-14.961335524675663,-14.99849490576255,4.19032510287893,9.366554905752352,-0.5547239863593146,-10.93525230049658,-1.7789473475030577,-0.06949908632146728,-5.966840935014529,3.187039157313886,-1.1463558492583474,-4.124526718590535,-0.24519957260646558,-4.6233005439313715,-4.250376052747213,-0.2780615500235368,-2.253232653211743,6.335518766292361,2.833414244099528,-7.632298150116462,2.197284602640694,-0.38272640769525645,7.466040397641075,-3.630702084582968,3.3862786426668396,-1.689418859076958,-2.109964451158864,4.726891430531434,-3.249769629416509,3.9846396234851107,2.0659762290604093,-3.8933548437031873,1.9503186629999223,0.29288909116531486,-1.6580137029079516,0.8880624132333675,-1.8397914468346726,-0.051829303441203095,0.7922930718790038,-4.008331690234427,4.498510933139329,2.8801922444691064,3.968991724491135,2.3796224738777263,-1.7726133956503238,-2.5745460840814816,2.0
-13.136753442313896,-20.06390492543519,24.689560675006945,-3.9622440442693097,5.235598604913892,1.7870442935083786,4.665032192066532,11.240565973838796,-2.5644609649641414,-5.431473573460975,-1.5509119171151273,0.6019739813937661,3.9000629914305738,3.1813965253591885,9.51216879785381,5.9538015654841905,1.7392101834669527,4.933416011917187,-3.8766595221496143,-7.651903501412785,8.120005667155908,3.0288627568743256,-4.750829383855129,0.8885679233244156,-5.045921043737985,-0.280599804307951,7.081613590798599,10.067118488586843,-6.532312745603303,0.6621187639145888,2.5706917439008334,-1.5899178042431674,1.7291360879757565,-0.9041245051100009,0.2765915470248155,0.48724853389057576,0.8419413468780996,-0.003236731947582284,-5.626732824711541,0.8381254246072565,0.9497524103690862,-3.2470493137095464,-2.9844795326423896,-2.2368572376501383,2.121548412805293,-3.954142338891345,2.644653394493711,-2.4036861133277516,-2.5375081067654386,-2.726544396780158,2.0
6.693891435258728,-24.10766934594827,9.886605131120161,19.726706241109017,0.8630342426053839,5.816118217922963,-8.780780813277806,12.503896141168548,-6.897411836630493,1.8744881338300574,3.941969566325552,3.3360628415795937,0.9061274573183108,-2.1395669091246035,4.80806496500982,1.8448430043643083,1.016726903793665,3.448910826789866,-3.230998309245472,-2.871994617486856,0.12894777485805692,-6.94305677565193,0.4985413138034273,2.603054566176065,-0.5127513393113496,-0.638214806490503,0.46401839148826574,-1.1791885199690748,2.5249527540245014,5.874850683610186,-0.2935859541684779,3.7193743666022785,3.51308834608651,-6.374252864839723,-2.221684838025284,0.20514422708302457,0.12493219152026361,-1.6946579884093222,2.3498557497395005,-2.975205273063754,-0.8693095968089695,-2.6083298963479193,0.7312887513110775,-1.4907568085243115,-2.426017574524716,1.217467760838111,0.016678782403438425,-2.307212246053698,0.36335059372628437,2.3995172531528826,2.0
-21.748401821283405,-24.54107909824147,30.525657568309622,-10.470807558968612,7.15194256796048,-3.43389525082577,8.600206277396184,12.83620258491439,-4.992847372770016,-0.9612114263120056,9.628958737668093,-13.24012302953457,3.6483512272975847,6.704485871646975,-9.680304395347932,-3.755847450127074,-4.571074852340903,-3.723833792947106,-7.914438494794204,-1.30770941259411,-6.4830830934334,6.310974938612405,-8.039395288367167,1.7817046906515317,-9.757080116840452,6.932275066474624,-5.18241072292758,4.214908361696333,1.7632056676826822,-4.919324696407259,7.0845965438126655,-3.436902792773838,3.7333821552047053,-6.368576938909476,2.021947984545511,6.202770594812433,-2.3011047969911567,-6.9878664055211175,1.6579753501396906,0.006221445965715205,2.505652520442189,-1.127619562628047,1.3863315108955658,3.512749060480216,-0.4382222631171872,0.715482262909861,-2.1713301052233067,3.5185859573515432,2.582259073220336,1.1627966761232846,1.0
-9.051011225131061,4.205419268879521,29.60743581166543,-9.855002018204795,3.8407443316562317,-3.8186794240340727,-5.980248840790934,11.22672771196354,4.2085229368008426,-3.3256707868154796,-5.921591849374154,-1.535989577894775,-3.540968740114865,-6.8975332629701445,-6.519966397448851,-0.5111481442721794,-3.3904338256144793,2.8032478018191163,0.6449970686340473,-4.142721353659964,-0.4302516884137384,-6.056830769586487,-1.9994042666014844,1.9272039271219552,2.0218645026240067,-3.066226609447831,-5.395159477880471,0.45450219375364503,-2.915497138973458,-3.427434592359618,2.3994003010417075,-0.02292755806286944,-0.5934967180058842,-2.4177120347393335,1.2392787476570484,-2.747902522617385,2.0776205657713547,-0.9986497075567236,3.183766763765095,0.0502077588484371,-1.666358760139331,1.170788027493228,-1.304488634628953,0.12496100899365244,-0.6429450496388965,-1.7251811121786822,-0.587283123610319,-0.008379451026541227,1.8448428188548265,-1.2366890822288075,1.0
-38.85114018919646,42.24344276399311,-4.338962284094032,22.500286961362075,1.3462481110910023,-5.873479162217045,-3.568129951432014,8.956008738968823,4.349770680202419,4.548848511396254,1.9963361926018857,-7.834137615360035,6.944532265604103,-4.3938514005725,-2.5129434498158636,-9.689340983844014,4.662777004506875,11.002575259585548,-7.54383065721564,1.341341879834033,0.7564603613406967,0.0893284912882472,-0.32617294758457904,4.266822300098891,-3.6288014158453343,1.7638079302266712,1.5040332830662215,5.537650125370252,-0.30697651984435403,1.8122005126403453,-2.1150410126676844,-3.4692945968713014,0.2565404435757983,7.933516039480164,-5.334070670020492,2.294045259607771,-5.948262822118156,-2.196678723804414,6.3922943007423525,1.1632951948476595,-1.8972765488708938,0.3375270732314123,0.8213736583281281,2.1256783111566557,2.598086614932857,-0.3922252688342477,-0.7485103716871473,-0.5296721849714965,3.7103485246250902,-1.1177303471134956,2.0
-34.72381320130062,-21.67375656796489,-14.825539654735362,13.082324628488397,-13.954990235992629,5.962325390340645,-16.95311095299807,-2.987099053949681,2.8031994886939855,-3.461869664785633,1.3465905957813793,-1.367594630670182,6.268451915152747,-4.198808684259555,-1.338780163803012,6.364672069858099,-1.8418905921962299,1.069434806995727,2.3567044819649747,5.264139890597208,-5.506477011730685,2.0146690023867153,3.045386278118635,-0.6165980404662191,3.355807467601962,2.8765178801966944,-6.291297561509828,3.90139520477965,0.1425879530959155,-3.406311529506377,1.6254620388197354,-10.055998857733721,-2.2051637913661826,-5.220655405496189,1.41275715196761,-3.064424108544922,3.0285186869419385,0.8929320368922394,-0.32031069165128295,0.14118675307335268,-3.5948091380983476,-0.10412756061884945,-4.344269401344223,-2.126568064426521,0.5097365954262151,1.814243841253029,-3.5490022728105908,2.3358078072426656,0.6921240004075591,-1.691209072141599,4.0
18.886488823825243,16.027291042132266,-27.69977265543338,-3.2602574875498838,9.855557807136178,-14.243459923753008,-2.761252169673821,-2.5676827968087004,9.076795034720478,-0.5129675304350196,-5.289569262707537,-3.4549503589360095,-0.38173209240600603,0.24013998837705353,5.381385386176572,8.689634737026578,-9.071864686099275,0.6410260224391996,-4.944143439433281,0.9561427121301899,-8.322209127718233,2.4960996128742874,2.1564733968544973,-2.037334722853345,12.698917798061164,-0.15978950829180685,0.04925860302566468,2.2131857326068287,-1.5914299359411757,4.546451161979053,4.923531030736864,-0.01674347192593195,0.5196563474149644,8.284195251850317,0.6783668659774735,-2.0320838898191402,5.547602833818007,1.24518764293435,-0.5234348401033536,0.7912423837726003,-4.928821314243405,-3.6500643162971014,-6.127686613115152,-1.250732421138358,6.767092328112301,4.8666129245155485,-0.48877788034915326,-0.3237026136449755,-1.167230868997997,-0.5381741508363643,3.0
11.019985282412495,-41.89428591769188,-36.77626062131734,-41.98129688833492,17.834865491827507,10.293762702770561,-7.548985632590767,-5.427235307541623,-23.2751253974169,3.0140384316735793,-1.729480472938576,-2.3601358850534417,15.594427855113867,1.2341785184671343,-0.31009160249418144,1.5858186843098023,-15.375240494842108,14.665664258953258,7.61760371639132,9.297780671730749,-1.4742692094561394,9.48329280107663,10.765626485977375,5.9132658380903,-6.624040934125857,1.6714044922920437,-10.567518406131812,3.6665142467439713,0.27658805881341947,-2.4567413839628194,-0.7350616538538925,8.675368504847311,5.387654727033203,6.972442210912816,-1.8347463071370094,2.558486464055619,3.466620177185219,-6.18253934162582,1.024144659590075,1.0111609116929186,-5.020913946426885,6.853766356015911,-0.08716982403984373,-2.474254771123484,0.9097322198261949,3.2147840863980197,6.271756531546401,0.40461968128682435,7.9957209733441825,2.900976671561723,5.0
-2.9200377216588325,23.087591648124903,-8.088850755763467,-10.201028795685367,25.013718482684304,-4.031610444153382,-0.5384847367357711,-0.30306157793570426,13.581922073220431,7.7379082943862745,-14.765912904252483,2.413133109069889,-0.5532240056788356,-8.180571402035099,-1.3079642450025044,9.691628707456545,0.9209049320111058,-6.203671894798834,10.518541510309399,-8.034013962408562,1.2591059452471338,-0.18118038433622743,-7.991849507023666,-4.044004128841121,2.576202322974274,1.329710335716743,-3.228185309136975,-8.420155360601797,-5.744898066817284,-2.4331782214975797,2.7516439721835835,2.9108534731845994,0.10183495441606004,-4.059876073102062,-5.331212962789978,-4.206165920468946,4.457277386480668,3.9449154072997272,-2.5606201884289184,3.009936426696315,-4.335101794290818,2.1387666765737223,-0.5938452003001731,-0.9091021681641835,-0.06119259965891514,4.508894677044897,-2.5786202315996234,0.023915834449991378,5.1546735690079934,-1.1917874941943598,4.0
-0.3635569977902206,16.174452827633136,-0.686353336538472,-2.108374580218003,27.589922131102806,-0.8673705605061317,-8.198596173626164,-1.546858866571106,-3.84346320211012,-2.4656492947019863,-3.9153737513778775,-10.559198375068647,7.383529497092375,0.018676878312525937,-7.422838814842873,11.049225252086144,-2.4064050679725404,-0.6620556809881611,-3.545718442266169,-3.4834648019256114,-3.3376709333814345,2.5347897642449753,2.866210195051336,-3.0396381282456257,3.971330629740494,-0.25477730214005634,-0.6770407190067217,-0.2994549608336278,1.3007416220182608,0.5300864071127771,1.090968639583273,-0.7664195014357977,-1.6799881445304223,1.6651797916110218,-0.3397231958900541,-0.09036111309707533,1.6772119061730293,1.3280050411155921,1.7931498794587297,-1.82527193682104,-3.686529524446662,-0.6393304043172333,-3.6548014776783786,0.7332402317286005,-1.3952988943522404,-1.169347299622868,1.524510138588921,1.3241219669596673,-1.0348878384599915,1.495083701800415,2.0
15.868617601632584,-18.359685975578756,6.451583449333299,-9.160730634881828,14.310034221482358,-16.965559930885117,13.257059357656448,16.494673075035518,-7.406256445687839,-3.84192089407011,-3.59276860016584,-5.961313458484513,6.8801103303011875,10.949806720580085,-2.207680244752062,-0.1727745315426188,-5.01001502171102,-3.9886374623100744,4.833330586207825,-5.116948470470942,-3.3070351863958365,1.3426752009963767,2.3975819528259654,-0.43492863537931303,-1.2842840887681568,4.577537529553484,-3.06591140298136,7.430069370618953,-4.881351878859927,-7.915465161997849,1.1310030721194297,0.0033884852053033374,0.26326560359877127,-3.791471965621329,-3.175709444245046,-0.6759040506077489,-2.5315004500750296,-1.6682253054873666,-1.4900758006987966,3.242660720345458,2.2829236447202885,0.7736755697044496,-0.7594875554547563,-2.0669718074705465,-2.8276148548420887,-2.7501540127622315,-5.199931232133973,2.507567901571521,-1.532010463838641,2.1508879760238253,3.0
-33.62200132990622,-0.41559970987641703,-11.344033050000327,-15.931448757828555,1.7342994051175646,25.515091470818803,-21.33266196038249,-19.986407819002604,4.868878915238706,-1.2906439723595,-3.9470333363475705,-0.4199772570781375,-6.218758301717021,-2.092948633665861,6.69080672435054,11.012172248371279,1.5677246294708538,-7.122651538343571,3.592881563633854,0.07701031076238328,-11.727609134337909,1.7207862516582377,9.503304061715166,6.675411291171007,-14.543529985575242,8.716870996038056,11.551059984019794,-6.682403142265669,6.39035951629889,-10.13929406179076,-7.89069166955291,3.2330964427397713,7.447420138312389,-11.858744024226576,-2.786722277604693,-3.9326706383026586,-0.3219954542164567,9.680530700100984,2.5952660552120053,-8.580323259337938,-1.4741095211792585,6.904661347482165,3.0476850638628568,-7.217814834892553,-1.578035698466926,-1.4590201637123683,-3.4349930573877696,-9.735759660262099,-5.590077195409506,-4.792475199486456,5.0
-49.15630021984071,8.639442851222812,20.574919415135177,-3.3598198177367236,10.0723413177354,5.77190387456413,7.295735496617971,-11.897167687728274,-4.104160908884757,1.8458069567430997,-2.9235471084002036,-12.560586879535506,7.2009404481618375,-0.01251552678532247,-6.896004349859242,0.5214704785397007,4.672960559561416,-7.935117266632488,-3.7739938311177332,-8.8087677789747,1.9078736589438836,4.731896296123667,-8.667055249578386,-8.12574002344876,1.0522827599303153,-1.442531484345276,-5.933056279436698,1.7288268889896135,4.392052385170228,1.8840580644079399,0.12624614348161808,-1.6293030955222507,0.06026668584456538,-1.8673216171464286,9.27850484643271,4.552387493852998,3.1253454360774127,-0.35943721780504634,1.940004724991944,-4.494316218868105,2.678714651412375,-0.16418639453386386,3.3445149541302905,2.952002154971607,-0.25248803562827316,-1.7679991157600443,5.283506333005989,-2.8587415962883065,-1.143651530833885,-2.88047841485582,3.0
-8.057384693113706,-25.44698469040339,-19.62603528797963,9.38721360826769,-2.6860607739740687,-7.673106653698424,-6.297804548933448,-3.4687432512977985,12.538863603279022,0.6610275061323377,3.569186693294203,-11.357513045184248,-4.055168080607557,4.148943534891943,-2.419400907206489,-2.6695541985700335,6.965585732869017,4.001667737794822,-2.6490418339481394,0.5872079399504261,-4.836685238070269,-3.0661828576008925,-4.987193171282693,-10.622909494097792,-0.010713679826756667,-5.868121048673732,2.6044833997326338,8.957993754876352,-6.533037146354901,3.5504068659413464,-2.0320991988102706,1.0598374044710406,-1.422745853765217,-1.4069943389169401,3.8709927028094318,-0.044988762825691385,0.17620359227707352,3.269239062625062,11.15792580824798,0.36557660795412644,-1.024364122935525,-2.1056501364771836,-2.6645226867038874,6.612184467126732,4.634594401179183,-3.7868058692145246,-5.670407749846909,-1.1612232619396567,-3.601529315405176,-1.4510970017766363,3.0
-4.584059582644688,-7.713974110053443,-12.879774099281526,6.195969694661861,-19.729707874468208,-17.33699686153974,29.963903065912206,-0.37023544673076864,-27.64762998379344,12.774414248067574,-0.8039545396802484,1.730124904132338,-17.161180925665633,-8.231011179564765,-14.06160044081202,2.0514982998170392,9.93209827219735,2.2305452737950433,1.0468657920438686,-8.238990267590728,5.461497394662794,1.9924146465992951,5.42424482037227,-3.2971484151029,9.40632632677372,-2.0714875999680906,9.204410292937645,4.007022853464628,-5.630482726445374,-3.45638280801315,-3.481657938703949,-1.702079323077125,-3.519356627495208,-1.1042842314732526,1.4306373913261106,2.5450417560924876,3.3438190655023217,5.51659890318519,-2.0519344393346874,6.787574854150518,-7.675948342287935,2.2426861242728062,0.9004036481351618,0.2991583168249519,-0.16606861129417338,-6.446334406556139,-5.882161171565106,1.851698348130692,1.4794880538316653,-0.4362592524532935,3.0
-38.12849651476607,7.821589267720673,10.186735264467158,-21.26819638474114,3.2812195235851593,5.7076247472857435,10.494535312693326,-16.811759617521222,9.831276576879581,-3.2461809852652914,-12.273591903199428,-4.337932575504406,-3.3491034482444375,-13.805235838786931,4.637389609880211,6.51774050661607,11.923781355476242,3.013316105361077,6.400274155999711,-7.107748850014588,-0.00849378661681856,11.520104935559106,-10.514173681682538,6.18504252817088,9.008511780730077,-2.3114077458758695,-7.452993871206728,-3.2183618832553345,-3.6829709281971628,-8.45426276872765,-6.873480246638075,0.9062454374709228,-1.2245901312369174,-3.1493254747797823,2.202645310573998,-7.44792583181115,-2.1040006758087033,3.166028169248545,6.947183742532981,2.061675288806926,0.9208491777605445,-1.0009469494777914,8.042624966637549,-1.0917010119196608,4.5038821231263695,6.207273409315288,0.5261183966194584,-2.5617149442220324,0.4806361692206793,0.3876299479999012,4.0
-0.26358202809718695,7.382876698305297,-17.44418819730559,8.673189457777418,-9.565391370370415,-9.664032350030709,-2.4886567130682025,10.484311313296425,14.012188071953807,1.0222753239784979,-8.071628369664941,4.1537710009708295,-3.7460488432736945,-10.759233178253687,-2.5226975750068634,6.6045604921877,-3.3729794626552745,-2.9496738906713427,-0.29878316727052157,-14.23187639437122,4.723507439646253,8.802473016346738,3.3014159235315095,-1.2316921658221092,7.224804234453769,0.8102414007485591,0.1111261719277369,-4.737666877271171,-0.2313457344560217,-2.579782216812278,-0.2794675676106724,-0.6355948320665552,3.7479163238154425,7.336992462854,4.404182327121205,2.4117082765706748,-1.2031447943124562,2.4405545989066253,0.8425886399760918,1.2251525605873697,-2.0941166672092906,-4.186866314952641,3.6797611428076906,3.6488669519583286,4.924845868894141,-2.790546305377307,0.9184211616344818,2.821904586691401,4.417983696091248,-1.3749282286119526,3.0
2.1785138278694616,-4.2344517829815596,21.410750184181143,-0.28807401549541384,11.221177623903698,2.904875090092394,4.046128985946378,-6.557289115804363,6.365293974926257,-8.79626068411214,-7.836587888553014,7.764942071244063,-1.53823519655879,-4.9092055240125125,6.7228061132989705,5.610793661846179,7.389677418456672,2.9975551340578397,4.121320989943054,0.060011975220114325,-1.7361207912995018,-6.427161099231832,2.1379299420920574,2.0803646771378776,3.7646009519038754,0.4115207697096945,0.08302293211721225,-0.182928012524718,4.732635682569119,-5.474928764707149,5.891590188702367,-0.9242523291157195,2.6314529370039965,1.6872139499855934,1.5375237806101918,0.24352883053953756,4.107889657384357,4.133617627809031,0.964952988712058,-0.3439062949207098,-0.6203816555616385,-4.371008266134676,1.7231262732740111,-3.544284145631855,0.3317913477351663,-0.39880009120175025,-3.5693644114267222,-0.6300219458268335,-0.8496669120195166,-1.112862506580224,4.0
2.5672535374254344,3.0233135587125513,8.386419254541055,11.512655996136395,-11.747672996411156,-3.208673252851108,-16.446450314631587,11.843177792499679,5.754671579335022,-6.642904239504083,-2.3049647974375924,2.6433792890757455,-0.12535227385776973,-0.7407461638959035,0.16347591337788314,-0.46361610158384464,-6.546657646829174,6.570000593642562,0.8245262684077969,-8.027465463463663,-1.7377837926326063,-2.546732762775943,0.4272467006906108,2.0964257980512415,0.6644191276162589,-0.7230427759380165,-2.005764066798428,2.4066575658050495,1.387502063195979,1.9776819491300894,-0.7287500882347175,1.012997011712217,1.0480715897475983,-0.1861226000919865,-2.0589942424253693,-0.8661422966202992,2.292485509828773,1.3506472272476522,-5.143913586777349,0.3091526120350657,0.18222398756056313,-0.5375060058030691,-0.03654882007722829,-1.9732617643401258,-0.6925224077305508,0.07291995527847109,-1.058432941526385,-2.893300664093475,-3.6276901880855847,-0.32090559688505926,1.0
7.143800116836075,24.761268902075322,-2.6752649286247596,19.265567997857183,0.5428150537955306,15.034898371354142,-3.9178919430717984,-1.5395534787983027,-4.6956839146672875,-4.349914897920738,6.436301534848858,9.728896685362296,-9.772287720886002,13.755161633382421,-5.786955029066325,2.843219370927702,7.28998671506942,-4.905163674620987,8.936173833125729,-3.3787847665055346,-2.1532500216106247,10.316401967188748,-0.6579343765294235,5.020543339211805,2.790616243052224,0.7215428435040553,-2.9829675078244886,5.19276359331878,-0.25598506486354144,-6.568742504140868,1.8432073027639562,-5.679895706784734,-2.2257781502447123,-1.0162622703438864,0.5698263032858558,0.546946761908916,0.8824747041184072,-2.5928002639639747,2.3675432245277497,1.3285081380286097,0.16891440336400204,3.2734085435330633,-1.8506445503956677,-2.7248943076787904,3.368897990894208,1.6576707996132214,6.6789718243058145,2.021586696338586,-3.8240284101069495,0.31576747174950975,2.0
49.39611189260281,5.195027386579126,17.724095075350817,7.691666990510513,-1.3764406898679737,3.350142371853129,0.8530982635154439,-10.663035346798235,-9.865127039953348,-3.565213203511538,0.35835569763727587,2.4668323485309602,-2.1916407954598762,-9.045529053682547,2.6372313237322986,-3.336493760125515,-6.222094353806645,6.27260598270726,3.6804450200981025,-6.547824135722125,-6.316879229689702,0.7776346833706851,1.1964812965129172,-5.184123891004752,-0.1833892637211739,2.960836989592248,2.3467704637798508,-3.185956418184768,-4.816934466757265,-0.2064599299029541,-0.7612514823199832,-3.8660888027726923,-2.394313140053996,6.711050381456249,6.076605630434393,-1.6434109810136226,1.975495417814495,-1.6869428353068603,-4.0121161833144265,0.14786360810092725,1.1323753213852203,2.535971872833897,-0.6578227015196512,-1.3069327840352656,-1.1868684172649377,0.4483729889110894,-3.5673914016766135,0.2028363551940571,0.39480062406692995,-2.0238710776496562,0.0
18.921215824803532,18.103808908746466,-5.598108403219352,4.870351942079742,-19.63678519123905,-13.605912447162146,8.103593387155891,10.347156208140623,-12.415913099580903,-2.38163675537082,-7.37847906133644,10.067352788101411,-4.876930764928358,-0.554200628136632,1.531528284958535,2.370636611652809,-1.6169906836064283,-8.989738826508281,-8.413423671797851,-3.9211851145002674,2.6382459267694047,2.494574841991925,-7.412509009163746,-3.9178773620182206,-3.9287238362747554,-2.1801578723619603,1.7795025038778451,-2.6907371195652035,6.215174421449835,1.1758480046360462,1.190324957113528,-1.6017818301471989,-1.1667652909152155,-0.6255655791698084,-7.919067593897331,-0.6294760105145174,3.132709806283035,3.6756997136902,0.9727526764417833,-0.5688955343318263,1.7951145895566414,0.47910530185071587,2.7890400779826536,1.6067535408199423,4.059900716500878,2.5594321558690685,-3.3093352354960155,-1.0948158231513436,2.4037340804087735,-4.203420359433,2.0
-11.42586660452243,-11.714292124916053,16.9032960506458,-13.207895696974434,-3.4115347954412747,5.6646791186840755,-3.201965075913061,-20.36892115999761,12.702981692044306,6.498270564250677,-13.58089720911695,-8.303779609132716,0.4439049069065443,-3.3784456998194115,2.6908037606583,1.766809549123501,-4.9643171519496665,-2.62700756701856,-0.9525371083910839,-11.681093790874765,-4.858762803095094,8.944008937402694,12.759525298325201,4.459997351131739,8.927932907554974,4.7810081114967,-5.750274648468107,-4.053401925730309,3.454352873849142,2.4264448975156356,-3.1573153871234956,2.934881635780632,-1.7792647095843843,6.103751005093511,2.3195311445091282,0.7103210316881557,-3.052795933460823,-7.847514737480584,3.288226873043451,1.1105825998323404,-12.495445092899736,6.596210040997152,1.2204118562102477,3.011649457629087,1.180461937394233,0.3903131609702987,-1.1236938738760212,3.7096640320768968,2.491161060647898,-0.7570094725355765,5.0
2.5015198451010665,-11.315604624719798,-18.521341675447825,15.317258537423585,9.541013561033155,-2.374450351639031,-8.765141076004552,5.659622472946565,5.095161831774558,13.618319876973292,-0.3283732129815591,0.5394661211922621,-0.5335658187265284,0.9797085550984304,-1.6197849592156104,0.9947492405079156,6.375483841391394,7.959487220368064,-0.9959460199311169,-1.266492499208041,1.762161172240541,-5.519507322920907,-0.3419443653435946,-2.3507658307259867,-0.860743661430522,8.443516480944226,-0.24397769247970347,-0.7407944795356478,-2.120264102281986,1.04987438054976,-2.75472053544026,-1.9006792522580305,-5.221168657806151,-2.4903130182986217,-7.4655042844635275,1.890846763070729,1.555360264512966,2.0943634865507756,-3.048679089698138,4.32066571861533,-0.7246660672300583,2.0871794182870396,-1.854090696380081,0.29257677078280453,2.112869430664849,-0.5087449879512009,3.659165507027639,0.5914506722717346,-1.4911557459132165,-3.1813075324988085,2.0
48.1205263488533,5.975735895315599,-11.968603385176097,20.648302996063407,27.290109209110078,13.62844177962169,0.9639077891156468,4.18978838881962,-9.584453927839654,21.79427145503599,7.262550811855884,5.012980568880612,2.324467193781353,-0.7196697865129926,4.191560878612982,3.662901437956691,4.12691346945096,-5.96346801393728,-3.21201238459707,-2.9962013249708135,-0.9717878115513502,-7.346005054966751,-2.7778675585687456,0.7276275793035683,-2.233151017151354,-0.9523920328877867,-1.2872064918556168,-0.19265764132892085,2.7801252731972017,-1.4061584974265797,-4.73076757461169,1.73457025283323,4.468436450175862,-3.4246277496773985,1.6075296553279994,1.6505178183124718,-5.1499538750048695,-5.197521986796003,-1.195217157218695,-2.378912528238592,-1.6001954287147881,-3.2366913756836206,2.1547999438511702,-2.476743974802314,0.6423459578487666,2.4989639889434105,0.10788734102157062,-2.500019143402902,-1.7224921990470903,0.2249792193376474,2.0
5.576704247918823,-18.132354665274992,-19.233994769937702,-10.422330373053867,-13.4907123604011,-7.134783269476104,-6.1808398239494595,-7.006840734021769,4.821660377277364,-7.244732597410096,-0.6298837169973109,-0.6433981887028176,-2.171059981516178,7.557105376416127,1.0711572457862502,-4.400201324012402,4.908780170026001,1.477483604842615,-12.50455405370694,6.546753440892464,-9.832331031528136,6.811026637789775,-11.35382242522115,-1.6661382413576546,-3.066131271214935,10.675163925917484,-2.201507235806148,0.020341331198257952,0.8772292674277203,-0.19679377431068237,5.59782313350102,0.040580729845367265,-1.4063717546762418,3.8186531670274197,-12.5784774407619,-5.829300749060458,4.6422380882612915,2.8789499706509343,7.810059309013142,0.7272821991908708,-3.478585832656134,-4.671922616940945,-6.861505511875054,1.3838707085949224,3.4079547309035987,3.2028637612540396,2.6027885515875004,5.135171910419315,-2.6988005529635553,0.254035732026347,5.0
-6.115391342048035,80.43387846454762,0.21327379431521046,-8.65282466450232,-7.577383702913995,-11.77761901388151,-3.267700514290592,12.682551934558315,-6.635298045417193,2.8487191840695267,4.9320447766727264,-7.24126771990117,-0.15970204373037308,4.6438655533672595,2.2854453623988986,-14.230081007148549,3.0542884599421214,-8.214490173903362,-5.51156382935202,0.09394164860134188,0.990037596659727,1.7556477949696192,1.283953130681893,-1.5898197756235521,3.942566097783704,6.503224648453717,6.12242412634477,-3.5066980634260725,-2.179010246452346,-7.96138011896404,2.387110528549411,0.1711994960033833,2.917216356439479,-3.1089636507263183,-4.846200383308428,2.3653758856804434,0.6362681687723523,-2.103587045068365,-0.16724348199825853,3.9111867373670757,-1.2239077441419295,-0.1700931636240538,1.8598807699984032,-0.2846254110969408,2.958720466232094,-2.3340347429079173,3.2009994864929676,-0.8593155251518748,-3.4259413516367903,-5.476988627544034,1.0
-31.58032129923834,40.08989108525115,-8.975469845488126,14.769565081712715,5.2362896517506,-19.81421081626835,16.49526812276437,-2.750699245726278,-4.028536485920067,-5.6439607425382405,1.786011039207624,-14.701671095424182,-3.0053679254066332,-6.975420740366466,-7.152285118991768,-5.452348546895563,0.8836572669605396,5.327963183052615,2.753419784540538,-4.832055719496079,-4.65443250806564,-10.353562213436051,-0.29381892467757315,0.882074500158178,-1.1907807645813353,5.649461780641131,0.3382518599532054,1.6906624359002418,-3.005559808858579,-0.5884534881782454,2.185496958384544,3.662426645555001,3.6311097593304105,0.3778492834826688,0.2590126990171282,2.2799871845651616,-0.5694291936985375,-1.2153404332620328,4.22601060512561,-4.3147243897017615,5.384270237943169,-2.499523893612961,-0.142151790206661,0.16270818576616855,-0.6613870183076386,-0.1113656706141915,3.3583716006992876,-0.05875393095868065,1.660571280005392,1.1964517046206542,2.0
22.28069073506896,-23.28162200568178,6.8342891790312486,13.6533128284145,-2.8533466707435826,-8.363552444562966,-2.2315149958232063,-5.67996490082406,3.86544713133413,6.323347991837541,-8.721890161456509,-0.4222810713494486,6.239232593683094,-3.065095624459669,1.8945256820008591,-0.7365134168537966,-10.540576553564314,-1.873550896384694,-0.7712120536087791,9.113404111864282,-2.8874567531201656,-1.6436005951724604,6.8213217155138945,0.0647265298568211,2.0469898211033364,-7.03928979374624,-7.080750490735805,-1.299925366048582,-0.49484969578568316,-2.07475416524683,5.4595286440772846,-2.556476446351039,-1.3046019705523026,-3.616250092911961,-3.08291452640995,-3.60056801939812,-1.2969363201288686,-2.9055623436590245,1.669657574091507,3.3834980087349673,1.4017151535499057,0.20539174345378042,-0.141225392510161,2.723916239168855,-0.5388184706655943,-0.6908941089706859,-2.506441784459101,-1.7292566135901137,-1.8626464429615255,2.4487436107454887,2.0
49.72382621796095,11.022482800374169,16.856233452636783,-4.6828998041364,-11.4337153024389,-0.4859901631626746,0.13162753004257627,-11.375564467585372,-16.646015494068326,0.9915979320285944,10.899130776202957,0.5331785088059764,-1.424278683083629,-6.289725482594562,-8.905942156485056,-0.2147125959830782,7.486476498117816,8.481405659121314,-3.6683096689774874,-2.9689680383741286,-2.484694331583678,-2.927212595687237,-0.06865056467977373,-2.417995340566652,6.677378413839017,-3.5320440116376055,4.86179109488899,-3.7706093325479273,-2.5794029984103637,-1.4397895434028485,-4.892453466435296,-3.1350876821140967,-1.480778729165552,0.33619712861250284,-2.8295683157662914,-1.7891366549494965,3.846814888462188,1.111005070409097,-0.16617867850958756,-3.0329240186435675,0.01566885440154175,1.2117603889901518,1.7176435211736534,-0.8969385132184415,-0.31175123668810956,-0.8012689989470205,-0.11292289322931769,-2.8829074454730024,2.4501469205799546,1.3322234222015692,0.0
84.08711064029256,3.879492603231729,-1.1115124972499262,-14.64015764869902,-14.611644098812304,0.7115461184756369,-3.7664396333950365,-4.758319361253611,-11.166647575371126,-3.597124263989461,6.582798466926138,-1.0923223541328086,4.232313470780637,-3.646500647828998,4.087341153585512,-9.856008628441371,1.743913698126699,-0.6869312047203671,-4.604752061260439,-4.710187449120053,-1.5367607989690262,3.0981458199890293,-9.690224849666931,-2.2179282771949755,3.372442056796991,0.10353598252945592,5.595391391385386,1.4334127711063935,0.5098604155837009,-6.690603709788248,-8.92302224182206,-2.485631681590652,4.963824991129156,1.4826566305139905,-4.786120839831072,0.028394411214933322,2.4199982033602527,-1.6807018869738197,-0.34490470686912383,-0.16660576009487754,3.9856546325983566,0.1830644440283849,-5.3750037586729045,-2.597929595789662,1.1380120246260723,-1.0366244946410361,0.7622028593990013,-1.0384868389453878,-2.4255450463340527,3.9068675076482693,0.0
-28.206484807639818,0.5241501751389519,11.489135607793402,-5.912961048637781,23.012355748846996,11.685046039281003,-19.545036769790148,11.017504379491719,11.392603249649966,-1.134410106766315,5.874069716909527,-1.841899470789392,-13.1406506725335,5.682895602822008,1.324370738382766,2.4419150303955903,-0.16125126502345258,-6.314862129940817,-3.0195411362790177,7.321807864233994,-2.904995548726127,6.5439582845369095,-6.709170120893329,10.37455613584155,4.796154676790838,-0.05396977273231644,12.55314733504996,-1.3034861190976659,-5.8413629462489975,12.383204385948327,-4.9032967764192135,3.8025786322648623,-2.7197237446039915,-3.1897949934022467,-0.594011834899988,-0.8044261114634145,2.67101912187942,-5.334576875132433,-9.857015740457914,2.934626016484811,-0.3463243494564483,-3.20644130493462,-4.029061695677032,11.381058557571894,2.2138975953600832,-0.24141622242180172,1.3889198825066085,-7.348248447713868,0.9739440577114412,-3.0440961126969173,3.0
45.81703352859865,-11.022811065698072,6.200987847962965,9.709442770070133,6.17196482888935,0.5999213978885355,1.6566610664164099,-0.19533302162275015,0.8240330760229081,14.116096847456749,-4.868691864374436,8.989268215742566,-9.120246882964995,9.994561810325614,-1.2548478015066062,-12.794928350860225,8.340939457894146,1.4550555755504775,8.084149948779645,2.2560363191473476,3.2346509374247168,4.372888930519952,-4.799628250742088,8.230813467694766,-1.7790964428303324,2.1873556622481476,-3.448214544412158,0.8317871641089333,-8.047784303209468,1.1350792414626454,-4.646909872227597,0.6075391552743723,0.1307711683402974,-3.529550778445011,-3.9599681611795887,1.1971103045100027,2.6343044959523394,-0.1405303355482752,-6.072721757642055,6.853588903227813,1.5290468526606116,4.590638759738899,-1.0897357412716175,-0.6194070762236041,2.282425699938683,2.564876208653395,3.6942135152778706,3.01162084693382,2.491908910907795,0.731956060847708,2.0
-55.86871228760864,51.56266455477076,-6.161826787365626,12.815905159695486,-7.280759011912593,-3.140989837376064,-3.5968569689645027,21.324243772799075,-6.408740444117087,0.38047018400519367,-3.0913730544324345,5.964503111380645,1.8591844706726037,1.0955410215506876,1.9589569474639332,-11.046153332496536,5.2796061068887115,-13.709391330544161,1.2097306662410185,12.218948976670877,-11.35231656996451,-1.6461357899351297,8.969516595096055,1.8586150144642104,1.234043660170182,4.159597810572209,2.602574036139631,3.528627707061296,-3.991006478855701,2.047881419254398,-0.06862353707357378,-3.9862947405753606,0.3502562632711207,2.081767161347956,7.119163319569786,6.566974893487249,-5.475639964920374,-3.458918389129227,4.063253986323616,-0.7197426919899387,1.7398626960681918,3.064674103414022,-4.318173590643784,0.6554008138117426,-4.037193391511873,-1.2462110160388133,-8.244657601729438,-3.4016322071677663,2.2575678343932943,-2.4773032119185068,2.0
47.77261076443054,29.3593616931523,4.02626619802951,-44.749103206508856,-29.99250502731694,-20.557529519001523,4.42661775249175,-4.307882717945532,3.321811408192825,7.271812727533773,6.146947925820468,-1.6029752998268911,4.8062939509714555,2.0448012250285648,-9.063264839119801,6.113259477637265,3.600202334000768,-3.5090984489852906,8.65329117038124,0.25205154887944287,-9.302174276289332,7.103695255070002,0.7267236941175479,-1.666918095389046,-7.175197767882515,5.698405866823883,-0.7172160930772269,-0.21707448500752816,1.2849655115225207,2.0528980608355445,0.9326305770282313,-2.553062971546795,-10.540461155716287,2.5446086563882226,-4.501040534484677,4.840616405646063,-0.3675954060784626,-3.23740526964715,5.368475877831381,-1.871038683907385,1.6705319042145281,1.139469679248723,3.1119573135939897,-2.844320542924437,-1.5655636005581843,0.5842270327939385,1.7079736107395225,-2.1831688341665294,-3.5459699659577777,6.772666708414282,5.0
54.99769492928219,12.672787481140137,-16.45172968731617,3.944918168662291,-26.1826885121985,67.57174573201108,46.92369847242279,26.995494355257186,10.942433980836645,2.1017098258262443,-13.736359947244768,-24.111321960947574,0.35243548420130844,4.805061975482863,-4.556924113959,7.911590568885766,-1.0224247494007492,3.2579340103735057,-0.6400547497232361,4.764823387771866,0.6316580824808516,-3.399671873781159,0.47359858533766586,-3.364818763581318,-0.4867846855649135,1.4053823799758511,2.019951692560466,-3.2654185760268297,0.38483314496199295,3.7548475959175156,5.409007540778372,0.6163808486464871,0.6791725780982586,1.0855715638781525,-0.8495673956695373,-2.2104840814805984,1.7080167150031453,1.3840259772450543,-0.10732586845708925,-1.3146215032196336,0.32585403727851425,-4.439069453688462,-1.4047137892210442,-0.05293883756054789,-0.36501510830660666,-0.40745625028533056,-2.5025558588563226,-1.8323655136354104,2.871453171963119,0.7374083384661603,0.0
7.6758460621681355,13.386850267428114,-2.075417768381838,-21.42681149929214,8.024969349342793,2.8797154520297896,-6.305842261278829,-1.2493426900893976,5.3206775320764175,4.4170314160290145,-23.12819024932089,12.11789377032233,2.806760719332766,-3.230869934861349,1.05526833568149,2.297209322947607,-3.2958668993195324,7.252855104990731,4.338433399044388,7.600074152851269,14.214774172698789,-7.933015348971775,-0.986235772300219,-9.708713088601547,1.59263193238231,9.157552933645901,-0.6600370957575347,-5.418327372412054,8.441096096178715,-0.06549818993619974,-2.8113252957849006,5.941203246675406,3.138557807465047,10.048754290506762,-1.8713938400988746,-2.631000993083303,-5.875793758854837,2.1748840251914596,-5.310360396994685,13.243966095343845,-1.3799666105460675,1.2994659691502564,6.289359089373727,4.793171183317851,-0.28580705835207737,-2.973909713099569,5.202756503122613,1.9071442138754824,-7.82782855439137,7.520329250150521,3.0
-32.192229946599305,-7.731716844919894,-10.181395591432734,17.230772618411336,-10.317544868083521,-5.021422094859971,3.0849974196422885,-3.280319049946225,5.980094690606562,-0.821884566688863,2.7593584626966465,-3.1082599229508583,-4.877385629190885,-2.50140139486186,4.93170336902243,7.2260526905703015,1.347785818485666,3.553591188596721,0.8239890758423095,1.6802835718792728,1.8696664596067785,-0.48218683284984853,-9.209151601309038,-4.994913230572415,1.5984531380339468,-1.2714268600723628,10.508217978179706,3.87466943500387,4.949537674272371,1.9309161851162915,-7.841474648632963,4.074569108258951,-1.2691096172400433,1.7107312486500803,4.928749523165343,3.5815188514740126,-0.5178053049336082,8.620204772679388,0.8790042357954364,2.06168945374665,-2.289731256824925,-4.743174413577758,7.0656101234387405,2.6434745649945066,-0.7845709213294568,-2.077724647092606,-2.110976210792824,2.7736450723673123,-2.729645188147691,5.4885653472725835,5.0
-15.749458481484888,-6.990874367595234,4.197545379841017,8.720397221023749,-27.106318905900306,-8.971408040136398,-7.422461743538711,16.025860918214928,-1.7493387249593502,-4.406580576090786,-6.42146135024632,1.8273717584673943,-10.477509052829285,0.817906248162783,1.7289474090460184,3.5267534936810874,-4.379696481007864,4.297910334038804,-0.24687193927443893,-6.90967734871992,-1.1191149445777369,1.8372967488059408,-3.3561254157386515,3.3907052286323474,2.870948861967324,4.002532265464815,-0.8836551233675246,1.9516700733072978,0.15040449724286806,2.928934411914487,2.9013100988934055,2.5140088128000335,0.9410864527191712,2.307698092186465,-2.0470693557634787,-1.6786765879874714,0.6637881791661582,-1.972975072625281,1.0778624565985384,-3.0062623324731974,-2.3695941497411606,-2.3169491906549275,1.194813136993732,-0.05922918857781959,-6.059352820287909,4.456390766968518,-1.6579730543764717,-4.2185451332132535,-0.24247685307992659,1.6349905559296354,1.0
-34.637497359839195,1.591842642470935,18.940176909671347,-20.55932201478457,15.80928385383358,6.939499656159288,-9.94630684464169,24.15308727346598,9.838225752257033,-13.005152440445118,-3.8563418096024678,9.016813919835034,1.1864054944673241,-4.59888408784611,1.7049099026150158,-4.175107825637904,3.2256127555691005,-12.155482223637266,-5.189590266760124,14.00835151628929,-11.339590793256436,-1.7172192096654775,-7.590874849711795,2.5333137429998107,6.979634248295191,5.141078654009635,-2.918578966764889,-5.15677940043802,3.179565915276366,5.486934582941798,1.6402741330432868,2.3198153153904997,2.678115747392344,2.507891902427723,2.2029027876585072,-1.5629067051263141,-0.8591613249668274,-1.2533460896937578,-3.1397986698470897,0.39129014229871856,5.458156597956543,2.3095478278815844,-2.725306304032057,4.096600224897486,4.522789135865904,-3.2673264929685297,-0.8356644140111228,-1.6477008293564661,-0.39248172586789787,-0.18577026302383887,4.0
-5.952552243153589,-4.552616119945314,12.213957273357575,10.104483600182986,23.299312489619243,4.718092867055259,-2.0773306717713487,-2.035486700346436,13.36853600274814,22.00591351766764,-1.517164199288278,9.609316817367521,2.345170728455622,6.180528902185902,4.0362054699515415,-6.20301076043904,-6.757111527391351,3.2035786967427646,-4.344532012951856,5.225866294964199,-2.155733812242368,-4.134772920976304,4.416154045419055,2.087031803184309,3.732422312390287,-1.3123496243416932,1.1014246074248246,-6.398377789265689,2.822343236092038,3.2993811425324204,2.7098525557004156,-6.003284497307692,-1.855597760119933,2.9451500229893353,-1.8279449761492823,2.4394773720374103,-1.6028953557799959,3.45990854182633,0.009170782641628088,-4.391056493618999,-1.679863490160551,2.66823246787877,-3.3311593599261435,-4.3306541555812,2.9936618895708795,1.2036269634089438,3.0235071572238277,0.5616137433893199,1.7996913422793979,2.7266728285258326,2.0
17.438844990725404,14.033036454424812,-6.199791333521979,16.62979044960771,3.6994766452272025,13.779388425874966,-6.251797919819741,1.0356340468496246,1.1482581206175202,-5.054065200304665,7.618401531233705,6.307714589566926,-16.970157447096877,-2.719580831636804,-9.542023300408532,3.236666975948779,6.020458411444915,-1.7313095084397718,3.4907614420425084,-6.07501284997179,1.3947240391016376,6.695172058927738,0.09321444397062995,4.240488547315312,-3.438912572671268,4.581249376259933,-5.167635761064209,7.377427770936954,-6.007647202209135,-1.053716653382343,0.19181572886143552,-0.7456025443943018,-0.9238624118939489,3.2779043619244628,-2.7755325600001135,-0.05550581422044626,6.505425344412079,-1.3238957213677538,1.6021147767873225,5.892362310762819,4.350072085889914,3.592041820525197,-1.6437933033208845,4.8167009748988825,1.7457152057658762,-3.6831761506920038,4.131503326472444,1.0208075207862113,-1.3282928552237858,-0.03815129061958576,4.0
31.022975270840263,-18.273589804488452,19.116106899500075,14.766700052578507,13.099285013852413,-3.2482387624028117,1.793918441747745,0.6284289936558004,4.079830385126315,11.738265027161356,0.04390656819088719,1.2724511300951282,-1.3751461120044446,-2.1491239933746753,3.762569530615991,-8.768451949629277,-6.827199511749164,6.888858339861278,3.354509328494706,-0.7193434202132917,-4.139053121060608,-6.038146705812246,2.8046340231840636,6.2455716132489325,-4.017780948503074,7.165341373391653,0.2531395278141463,-4.823790597667603,-5.490954488790667,2.6947582273577737,-8.486953825832847,0.6804287500508301,-2.55126260845116,-1.3324340502911511,0.15718073394371043,-2.841677623380713,-2.0836929969329954,-1.5942578980772544,-5.283041453788338,1.494818587099116,0.5609304574238057,-4.523077561052757,1.0999000447260465,-1.0452394936708753,-0.3596202035868809,1.3920799823141545,-1.895495347282113,1.1070701509457779,1.6876432070559397,2.602325722675095,2.0
11.584589072975005,-6.867804886839751,28.07970715641244,-24.045649334763272,-9.544211783870189,-15.757879449770938,8.058656799722206,9.327212200773607,5.877537924104515,19.566413905311194,16.741459835479898,0.9581769803800352,-3.1867067650985033,6.288204205538876,-13.742181773901855,5.952868175718309,5.047874353010747,-1.4038957869471818,8.963357710520208,2.315943306354806,-3.44715927652296,-3.8833622461238395,9.971782877779546,0.8498311174791119,7.533802990810266,3.873155605306323,2.9484658794010423,3.6200550229214774,-7.092591869303636,3.0890375037801467,2.3940088374143524,-0.5672732395973755,3.526010860151381,-1.4169952538175348,-3.6074771287170635,-4.15082988002181,-0.5964402393429825,2.0520279048205814,4.470015078265929,4.65823447989839,-1.2877047226208154,-0.9314031685874701,3.6744104290138777,-1.8340720371386294,-2.517149160301886,-0.8293662182589454,0.8521405483597829,-1.8976761546844036,-0.38173002959590924,2.1800653897302333,2.0
-1.941469457945696,-13.801223976289647,-4.732821720361941,-8.108177028012669,-8.59445466968498,-5.955719366027173,1.1962559662696066,4.551936776173164,-7.659392670889775,-6.727900143163692,-1.7705605595887322,0.10741009320118401,-11.03188403948738,15.59842494750417,1.6673912884396798,-1.0952967620458842,9.922755331578424,-5.4298172168812515,-1.3714010969115917,-12.117698901086067,-1.3855927032738877,-3.7357570707328724,1.7740058693322347,7.007369240761026,-1.5157468492046724,-6.163283417087242,3.6944879847051353,-5.589920952046003,-2.7740498700717784,-0.18820401370678566,5.692776955992299,1.9155808044527285,1.604632720346592,5.48728390176437,-2.509139157198374,-2.4103313669217576,-5.395999557883483,-3.6696568711063327,-2.3673714559808,-0.6285185481628235,-1.9054775402481328,1.2892310735576993,-0.09403938582602522,-1.597556942417353,0.25707750637165355,-0.19856795251858053,-0.6505692565275532,3.4227114972938,0.4029044512959228,0.5471286697967538,4.0
-9.31312117855784,8.838574988150784,10.894899551066063,1.6148179732723564,20.01436003013078,0.9237687861049967,4.949682141761172,10.527834648916166,6.974342164963678,15.1963526449336,-6.010782234231273,8.997805816934576,-2.9755214842845565,0.692729194892677,0.4656536499095099,3.353058337274954,1.9459170941337198,-4.058947097347735,-0.37438696622729756,-13.376391113247966,5.543569483110746,-7.411817281316402,-3.3174881943430083,-3.1769018106702718,3.6704390502704047,0.37792025936171947,-3.874072749710883,0.860631503965925,-4.146998595776046,-4.977450596071169,5.72419503420843,-4.488765792281486,-2.112068176054415,-2.6736251174102805,0.6585567802046697,-0.9179552135981446,2.235710869136893,2.534071212425834,0.26102010430122086,-1.3029883064808705,-1.9278095990286999,-3.4587132186683807,-2.6974757999246055,-5.647482652657483,2.156762625530901,-0.033975970901171375,-0.6829400923870503,-2.4320578075654344,-1.0703082406565947,0.051760233500990176,2.0
-36.11406026535545,-13.483757057238691,9.788704687913274,-29.03648773578208,14.242975321904344,5.73566870017834,9.012105057595328,27.837826204201004,-0.9277359948755829,-13.564348258200464,4.23231680568241,20.257395190361244,-14.23926253257519,-4.4160164658529455,-1.9063393659761039,-9.219221041227717,-0.4833739467329646,-8.356811727390804,1.954980452308558,11.301608638371258,-17.360802599769112,0.6906747171018446,0.5663978113958839,-5.548591789857946,4.020307911348159,-2.36004894837231,5.479855612557802,1.5957971117452814,5.837540796515407,2.5113270878982092,3.77942147141457,-0.2828595199756546,2.227770735386405,-0.4562667887620137,5.142089363677486,-7.017017290986161,2.142437153588533,-4.901730784657825,-5.938695305112281,-0.22112086788068414,1.828427703984742,6.35232829662886,-1.828877302364418,-1.0923783608058346,0.5178294555441534,-6.8001910041348435,1.6695261573470173,-2.8438799802101764,-2.0650215401972556,0.8613415800460449,5.0
-9.750349080475175,-32.975207709868755,-18.69523976438663,8.285228270891162,0.09751182644361567,9.976566324186097,-12.761091811988843,-11.99325417266599,9.141668417359822,-5.663895928785223,11.035226227280882,-9.147716093596424,5.630398157079502,-4.217200806526579,0.625390429989922,1.5991998895537232,-9.406306121803468,-6.798203305417192,1.5578378695584627,8.590866846042404,-12.478359528833247,-9.79072233576702,2.282637055191968,-7.8228282532181295,8.02018918881593,-7.971684540238583,-6.040636924025348,3.6950335075123117,2.649222254408313,-9.713640872807558,1.5116991702156382,-2.9150139562362662,9.748876879321799,-6.506636017536935,-8.844083670138428,2.519757316362652,2.412173286808376,1.2561545334583493,5.029033546785526,3.173304453495742,-1.911298997228125,-2.453186106109318,2.6599173963402807,-0.5723409817513191,-1.2887734571509977,0.15301015740741583,4.703075001934819,3.9193726787730228,3.3295709376405607,-0.5969657410620404,5.0
-44.445286196304956,-14.547910841411374,-19.307317267030612,-8.966120095920234,-10.247570955034778,21.357286363045116,-15.357174446712841,-12.01511985088628,1.4312711357744194,-7.271314685154866,5.052773551401107,5.62827850664374,-0.022483966282210034,20.812870956378703,4.490633234933485,-4.657865669340756,8.237930978842817,-0.6326248344850555,6.112738531849965,-1.0557316315290084,-11.333672758135128,-17.939399812347773,-7.95687719516699,-8.118549114149783,-5.115475744620501,0.32454974645213364,-0.25881230251228166,0.6998265732009291,-5.9697570529040584,-1.871179207502142,-1.2635660725712103,-10.224998095288749,8.428877751151523,5.132086125549172,8.055080670895055,-7.383531294704184,6.7202097436159445,3.4508596351223506,0.27405797558002126,-3.690837737653793,-1.8747374525600609,-6.635654371071363,6.4576033880752375,1.7028116006866558,-3.455551949074981,2.7195933240721555,-15.02608486624801,10.145273614083091,-2.9628358553094714,5.668562445615422,5.0
62.585621306072255,23.799059419553533,-16.28889029609802,-4.916401219301309,-36.81809168160878,62.05255341758399,30.53599529388715,22.506786092766756,19.405699720838676,-8.606683919349875,-12.302864277172011,-18.166148894463976,4.901148637378693,5.595288620428602,2.3890891794176543,-1.1446125343984819,-4.789903843755208,5.119943363550413,-0.45149478910601554,-1.0578309778388262,-0.18757554064330106,-0.11456991709854482,-1.4590298636495302,3.192105356324615,0.4616643656409975,-0.4081973032960187,-1.4641482062168207,1.3118714942372207,1.8681120894393637,-1.7949172547305279,0.7221600188887545,-0.1270401920121411,2.2631189952747754,-0.3014941216827175,-1.588211932867321,-2.449131453247308,-2.742454503031575,2.836829242732144,-0.2971365166104205,0.3580776906134813,1.0239953057889033,0.6187677246171331,-1.5810113362896272,1.2687256806741665,0.9403755491789799,1.0689453126234316,2.824765121131254,-0.4448437100391534,-3.895280479901607,1.2229970799393473,0.0
-24.80495307800007,-26.25213291077681,-9.813650110168986,-9.383577258478333,9.342674571824428,3.3990680286268744,-5.949356514041871,-3.4359508923204407,-4.873049090368282,1.1095380336204177,4.729393312076981,-4.574959839353975,-1.0198026427680098,25.963502795022638,1.0143596500491938,0.6546812951181422,14.240464540628924,14.171187576238749,-2.8882510448127525,7.823413114081734,-5.6674900053133275,4.647982284337268,-7.82758640203931,0.35903577885326277,-3.9029210971717356,2.069367071625583,6.673164350110427,-8.047087855064856,5.442846443030691,-3.453705712029711,5.093845375792636,-11.685016951968757,11.060179465379848,7.382314623750786,7.159898688802478,-7.786994953491961,-2.2682628618252045,-3.8875323017051024,-5.9759371589810355,-3.448823546707056,-0.3161805563321804,-2.4286991409053433,2.961776908762918,5.82531116575305,-1.1722815032011795,-6.5703223851845785,2.2601428299545816,3.7473164736025337,5.1434874357374065,-3.73971877395493,5.0
-33.37460467944372,-41.40221447843343,21.39426808413929,-5.531199536100825,-5.098636191762604,17.320493275023043,20.403501311755164,-34.03474032796383,-18.45525255501162,10.431585203854139,-2.2459513968585796,-6.861744071346599,-5.822826939051725,-7.277561995679125,6.322019154309249,-3.050892460644464,5.351168606681513,-9.312753847952461,1.9820084888850678,-10.517940107439724,-12.039150335768184,-10.256423270163236,8.707459419425543,4.645271896574754,3.7862182095568127,5.408214594312272,1.1656879478574615,-2.0293682071478285,-4.292281701530842,-2.239588539546276,2.7597215676679143,3.9237581613824846,-2.0475088980379135,9.779980009643968,9.859120278929845,10.250640291859352,-1.1158247428424501,5.435753012389833,6.802784543034184,7.153589686729177,-4.845121329216035,0.08802869397307884,-0.021973261487865665,1.359980951279774,3.4069970511429593,4.490156696196258,-2.0225270038250223,6.979234336422164,-12.497539213937923,6.805452796007887,5.0
0.7006801551778847,23.906732357550855,-36.07481391939867,-26.648129181698238,-7.003981130198038,0.3022365966302635,7.975740177069048,18.385816478575645,-9.070546695989798,-15.077336665405833,-10.022748175619238,18.570357612223646,-9.92994259219235,-11.985669579865387,3.141047024194583,-5.074930538221764,-0.7806157819646251,-16.6806628228685,1.5943464422467446,22.216552884217048,-18.621716024986938,3.818969334453349,-6.864501346206893,2.2716569903533577,10.319257349809451,5.135145430901237,9.181954832461578,4.494451734398318,-17.96048293732316,24.961879945497707,0.5696741548957784,-10.033622638685367,0.42260260102255615,-5.2480841980293,8.348246399972213,23.772182118070575,-14.56744773174305,4.774152030485194,1.2450222053869682,-5.1289165714288965,-17.103270070254904,3.594769291657382,-1.4269102625058454,-6.25420886579327,5.848695917262837,7.188816219693199,-3.383032758819794,-3.534245003797541,1.6090087474587753,6.431306312132196,5.0
73.7697562648204,19.444806763791874,9.444544002622122,-12.102900252693154,-20.78233029834435,-1.0697582192738633,-0.4386275439858705,-8.73391944039045,-3.3393556476413444,4.622928291081738,9.714933830376356,5.679161238010896,7.908342110887995,-4.154310979621621,3.369806010440407,-2.110909082547779,-5.631675600984686,-0.645489889193587,-0.5751694109207998,-4.211302980891146,-1.451217253319524,-0.07315570513017931,-7.488788958661234,-7.890281054357729,0.4830353537433776,1.307794800357994,3.3740885362923243,-1.3040760084246086,1.38807498503213,-3.71361557251576,-0.8261022351793634,-5.452565419152294,1.4994939383027655,4.568399697696008,-0.2858731083770058,-1.1466787108650114,0.44578542457092146,-2.2384901968667195,0.09263503340773697,3.4351225763665063,1.6914037024154878,5.76783800109111,-4.266615453355957,2.531726701502302,0.5833753169414378,0.5387023597210007,-4.012315115607608,-1.8668208018508006,0.7566674056313367,0.046823096289162765,0.0
6.052623594088032,-10.692770434407718,-28.35396645901677,-7.332020783378654,5.657116087480639,11.65566865581725,-1.9157186065787712,-19.288204390307797,-3.969668117231596,0.2291557805703037,20.759713634150348,-19.832201271439967,2.465805689357581,2.2339911801903676,1.233163602982175,5.491659269272788,-5.5644788608199685,-6.435724522729731,-20.18667511417612,13.816349613215358,-0.3117336200613196,-18.711193471527267,-9.607170555578987,7.123098253598023,-0.611624250279377,1.243316709105519,-11.535495642694032,9.980443180587686,-12.72347143068833,3.7929661943373696,7.651730810521071,-11.49160627009179,-2.99791569639621,9.756463466552193,-4.007227881656539,4.439859688299525,7.755997945675088,-6.409421087138515,-10.901013895264162,-0.5483172184588556,-7.9685177253461745,11.117733031457428,16.555982779777214,-6.2572393308040475,9.42411644147691,-4.844818247535924,-4.555196540280596,10.802932654735237,0.014606904830106727,5.20250411438297,5.0
5.095369234804807,-8.444827499650925,6.625802128215239,-3.049850522495873,-4.7473996747982055,-2.628437461503049,14.110778335538669,-10.09281670973903,8.446254589299114,-5.622032683647241,2.1425887621209516,7.838725507578549,-4.385059419090148,9.76173994784846,16.800523211617246,-0.5439117281682203,-11.86258841479841,10.092189450668512,-4.542762588102541,0.5973583395866202,10.445280648474734,2.349106820357445,4.9994646326511285,4.66163921679896,6.394611282603483,10.604129693467138,-3.1229852293577323,-0.8617056137718107,-0.8671159648037411,2.8305045867405565,0.09140144615085381,-1.4822451288191507,0.023869266718966265,-1.505841889354656,1.9493783673773033,3.3876560851310074,-3.713113948531609,-1.367623564279628,6.2274769820398745,2.0859503635854524,1.75392246630083,-2.2691337625459447,-3.3597719648684348,-7.269888320560232,-6.111168402789008,-6.38905643052421,-0.8596076157256234,4.045747633513877,0.7739950266222927,1.9259296930703662,2.0
-6.3201364556003865,6.682183198631835,14.108717919115392,-25.273033507241646,-11.16880758739963,-11.178808908256293,-2.517973987921781,9.069769020621559,3.67447886578806,12.469168337521813,11.481993614365807,-1.0324954497919,0.9306213288847146,9.836847594291687,-15.153591998557292,8.33237444467466,-4.009749360872455,-3.895613734903776,5.483297196751433,-0.7677461639507913,-7.323956198898118,2.7566974144104535,10.375355713819092,-3.2041674042119292,2.3235896434082077,8.880719357657975,-2.274678395849225,0.8840038697292664,-3.333956726445507,-3.119920721070422,-1.4952756530506968,4.678707695248134,-10.82157230709959,-1.1191005735258865,1.3009757341287935,-1.4868948553836365,-0.8853788200444243,3.8982130669130974,3.1653029440307408,-4.540488976612586,-2.5946677313700905,0.8678032210811992,2.742110538288789,0.8746188497720778,-3.049048684311664,-2.6156365697816693,-2.4617697526069207,2.7036686810126676,0.27027398539301856,-0.2420334295038746,2.0
30.2662177590943,-38.93519533664997,-6.647911421662804,6.630082774757551,-1.4550350982890892,-11.834444716318925,5.52322447498454,-1.5366021287224287,-10.283902359483161,0.8294341269388186,-5.710172475757542,-1.9365165559078894,-1.2907415738883474,4.12990790955476,3.022592021812869,-2.816180102865802,11.031570183600465,-2.997739059543547,-0.03955755059546319,4.147147763445795,0.9181993470478821,-6.188618899054084,3.9971770192302656,-0.13436139897109592,-2.5924232557908615,2.969133814124331,-1.4442733343578547,-0.6184204772326599,-0.35718618588443674,4.134370118337088,-2.457577192006353,2.9218558271545882,-0.028098098571702732,-1.8669557782534163,-4.453961246115345,-1.3569279173314353,2.4742629378048084,-0.48038180090606314,1.111084232364,0.11061256191123638,-0.8341816052945987,-0.08752775861578298,-1.9573464706396726,1.6196362543166807,2.3860021979389345,-1.8579219892726222,0.33814775998250995,-1.6007047686818636,-0.41243678821053437,-0.8447644066645101,3.0
22.629864135306303,-36.69216819657672,-11.856046304536617,-17.546701842577097,9.878154428774703,-11.359885925652335,23.021745335825425,-7.011732672386927,-4.118882828741685,-3.4477902069379294,18.34816213276786,-4.342731500926619,-13.94399627026735,-8.697730598235427,-8.434881704585292,-12.087230580178888,-2.146536305364439,-13.17400910051092,-7.5931891256253055,-2.9649880017092913,10.04467778971005,-6.500920504318649,11.346022141306731,5.8174438166421405,-2.3692587452907516,5.07400729045811,-9.377920996888868,-5.9332566585871005,-10.30903708848666,4.635268943664516,-4.372717731431955,-6.786624506854803,-0.318570540983671,-4.250228304721834,-14.674488991926987,-10.772622485101778,3.2548951960097274,-2.9292234337379903,-5.121609837918454,-3.9965891467867203,6.054071840078041,-1.8036585095891675,-1.0710942071786624,4.828431784985707,-1.6466671992853679,6.976909407716257,1.1166274462776473,-13.874734245818622,-1.3057221871682774,1.0561084936838987,5.0
-27.23707881133327,-13.250725372575458,30.037842014302672,-2.1390285280969286,9.812573029968162,10.240698166152871,-7.186376854283117,-0.7551920401386963,-12.12836769976397,-8.14923898672001,-4.133078970605966,-10.660635547185995,-1.7773647244511552,-6.7392574024044505,-9.5395271220998,8.646905989896478,0.6050105455382937,0.6655798344522936,-2.313094129396757,2.0179706560002386,8.230767056402511,-2.8780511152193666,-2.281887671056323,-1.4793927562997549,2.11073982053155,1.4606389456722269,-2.158244293049872,-2.649224557191054,-2.644029938894881,2.4822252434208183,3.2174124249430816,-0.14841365860096298,5.601322852761168,1.9665962611587309,4.490480900396438,0.9244600927366812,-1.296580519637573,0.6089861926902396,1.6375114156495412,-4.2315214164727495,4.976052738754721,2.1387338412362826,-4.594402395691482,-0.8583222768897002,4.6705447471230865,5.039640817494573,-3.0329371014884186,2.344300194691843,-0.2520079228511463,-1.376240348298595,1.0
-12.54846092698011,60.86925046852747,9.275624885756795,30.784620318870218,8.192262930359044,16.47320060238291,-1.5006911055633614,-16.786035909879423,-6.150724441497045,-8.834076772451269,9.042995161079434,1.2185047581950503,-4.8706679704696105,-0.4499940866575804,-2.683304687474883,-2.670167673494173,10.18238940643032,4.6255411387078595,10.701175078913188,4.802135102405341,-1.717421359934182,4.656191935456364,3.790255051930279,0.6251008050044548,1.0530174900882103,3.931452858604986,-2.2353294873989222,5.638564238094149,-6.364718617747993,-1.7458766910471217,1.0170204900182953,1.6472421076159616,0.6360811277520312,-1.3731104045558733,3.8115559748826855,3.346236494095829,3.9803075288659064,-3.829978184599112,0.31780906576172857,1.2225069833897773,4.0189999958780085,-0.5726109225491393,-1.0974806387428042,0.14235904863275564,1.2252440738142825,0.5552382021032414,3.7464350562152307,-0.9821312167821639,-5.052220976171554,-0.09626377641595428,3.0
-27.760739563313027,75.27670599088918,-3.5457183228249125,-4.545438604781904,21.434747989032726,-1.4438462610543648,10.533538797824997,7.09495316610592,-7.84286871481414,-13.667791155848244,-5.139876060705529,2.7867684060755336,12.701140341544324,-5.9406434950734175,4.122804541917208,0.9526131626276305,6.617019907101049,-8.797589046364548,4.5064518365059705,8.1637699240928,-2.227680557293067,-1.3952531518382505,-1.9660251900176482,-5.292568854432962,2.7284113048206096,-5.15643131089734,-4.619559568179924,-2.684082124980823,11.772710902842181,0.8137708379345928,0.8154057244424976,-0.6845419416941994,-2.8268312662773845,5.655678261547421,9.379121616710123,1.448781304878364,1.775860202949002,3.79775650449082,-3.696712913130247,-0.3023623858416469,-2.531684262096087,1.6113435765617843,4.682461345716025,1.0774908395773566,2.630045546448098,-2.4804976413651074,0.8580992772198768,1.3664692570877852,-1.6180090863717846,3.5514436505838005,5.0
6.408811875567643,-24.386545060168853,-5.7226178031323744,13.26598738586978,-19.48565675296469,-6.443334336407707,8.540070991827783,-12.346309765763655,6.113252665503096,-8.168180655627848,-5.429938058911534,1.1916196539588773,-0.921032033859985,-4.436050831772341,5.4289903664299315,0.2483535263588617,8.929170090846318,-9.597359789299711,3.2252472261451364,-1.407475026167167,-3.69410137308964,0.2839675208974659,1.808158855146517,4.606578025481392,-6.7920283855286305,16.260541590174444,1.9392068830701652,7.008421552888727,6.103450382694186,5.100770571776037,0.47453183477332717,1.9092456813992742,-0.22553806194425075,-1.9905781321870668,-3.658897699025131,-5.614555591653323,1.7071797884769724,-1.5022854791071152,-7.793660834388886,1.323581132207439,1.3085332959103608,-0.37709641181133824,-0.017287283551857408,6.105515445524097,6.609983442299419,1.514974804920965,-1.5301296697619413,1.4310251953439206,0.39424328982670265,-6.20987039131712,5.0
-20.272783705587713,-37.10400650730161,4.101396754785339,18.149493903494385,-12.736119093892103,-5.215800489313583,-4.672964474936878,6.789706376889352,1.0352726635250757,6.918809649596997,-4.657592593389473,-5.876078697424449,5.034437474638539,-3.066882719912415,-0.8982608416324959,-0.9494668107293465,-2.741372684097922,1.5670801080972379,4.804157438235235,-1.174961804028792,-2.9904276091912787,2.6508066560207935,-0.8692702069349617,-1.9916570230263853,-0.5167727893293468,-4.917330387806006,-1.732991140459879,1.117208625797091,3.2735592418662502,2.423136615227438,-3.6542195201479895,0.2883741880301491,-0.4151480541919918,1.472152160203871,-4.783622613520502,-0.5343243170783591,-2.2918531008100183,-4.501551504899301,0.529027937614068,5.279336089570465,1.483914494019159,2.585595406626321,2.2055786407360483,0.14966016270923857,-0.009485472250457374,1.3554719710037744,2.3799099308028273,-3.3083658407550103,2.1058720010268797,2.399030931515262,4.0
-31.93976899453132,-40.14080534237911,-14.981117615365166,20.9959957240864,-11.423832964400608,-0.975677144967383,-7.910304714661331,5.2107933622482285,9.297306346939568,10.205929683196297,4.7956166177618496,-5.758608593002379,2.114303718301385,-12.999574801111144,-10.193547018199203,-0.9158192140560071,-4.847398138202866,-1.4516528987302153,6.670322039320274,-0.7409633351626543,-1.1424356937818048,0.7741939105709685,-5.606709122936208,-6.35883686257529,3.828279209005134,-4.852960884710393,0.27555822470914376,1.7998009392152352,2.631551996351692,-9.591180610942319,-2.8234240912645165,-4.940174207594727,5.166812448802966,-0.6164161156089761,-2.1952210692298384,3.3613655854671993,-1.2092886844407535,-2.6218434820191496,-3.0593968017572006,3.0414465355588263,0.04300663957526255,2.701305044770774,-1.8713599319506382,2.2295056293658435,-2.580905994030348,-1.5653344965825051,4.397580469468535,1.1953685292416198,-1.075792501745347,0.7725059702241152,5.0
-15.649742454754824,11.683449058972322,22.74085760028312,-20.172122978153617,-1.048315038605088,-8.815747745431624,-4.909500728840471,14.537211277551764,2.8077755075113364,9.497898471581017,12.948716825659686,-10.459954558988136,-7.079614781866882,8.005063282178584,-7.927503320036873,2.7356566867748024,-0.6709127109489545,-4.163061798278682,-2.791521614448295,-2.5070205262667877,-2.3076359267174795,-1.0997549062011982,1.7189823413969476,-0.7931686788835784,0.185748780933258,1.6862005657216768,-2.5425993672720257,-2.2043859449849252,-3.0624089736001006,-1.9587986251241454,1.2221441265367219,5.671035602720989,0.3425058143983644,-6.445654911958512,1.119987561211333,3.802677116025958,1.954701941572387,-2.3263817428262166,-2.273707571012659,2.638512933106383,0.7818361776506467,-2.4520372833959443,3.680069446682597,-0.6897912034239984,-1.6438881921904243,2.5678266391163875,-2.663015642566872,3.9776493039352374,0.9891049408037845,-3.4928370821344594,1.0
2.314778445216509,11.731365971087156,10.049752165091435,27.49239177018797,4.491245468291486,-0.9294687884441829,9.410815092025546,-4.357450269189372,-3.47974070360463,3.9456256404421075,-5.768870012650485,10.222710838145057,-3.235704702920299,2.3154694872770487,1.3131931848008485,6.288732446065473,-0.7273216691155805,-0.02479855197980057,9.40973359251964,5.495561478785247,1.57215091018868,0.512778668889309,-0.021617553666412086,4.384686919418244,-6.470324127956401,0.012165118349636647,-1.08184555977477,-1.904107500499643,1.224779064959724,0.354338020623071,1.2303428677965842,0.4583569465974357,-4.654315757169551,-0.7632035406441886,1.492554451117492,5.451156916666707,2.0096857770767773,3.0018504184739205,2.0293271815100202,1.28526134746471,4.536153815369125,-0.3145033643421922,0.2162592516270762,3.837449402238358,1.053741666575566,1.9966746744038728,0.9426527703579171,-0.40908721656210784,2.6479839563506578,3.4699617622695773,2.0
-13.912806337770407,26.866120884858212,-6.054450148633736,-13.256866415590506,22.509487175661484,-5.628394823034976,10.13429648261532,18.420021908639878,4.891651058692586,7.360410699865119,-3.8607605188267096,15.423891633183269,-6.93256242269705,-0.5386968456813365,3.8338343961637187,0.27877204450210435,-4.475228170074253,-3.967718367850142,3.3680729776150935,-3.9514916445674904,-10.126810541294025,-0.050589579213064235,0.5179827031434148,-1.1124878047680022,5.206489236111472,6.909970816095055,1.3358560425643737,-0.8098095863263458,1.5992401039350423,1.6481742529093144,3.4833967176034792,-3.066510534124944,-2.391154944584308,4.527695804344347,1.6912597508248377,-1.2777958364121567,5.1634611484084765,2.2545292512481874,-7.662057390055376,4.495175854562831,5.24329818833524,2.938609362597792,1.0341118197758448,-3.214972210039607,4.141004698488837,1.2619425501472035,5.292075188012902,-7.3425238247344815,6.815855195648533,3.145096743063516,5.0
10.29274582314105,-19.83180114543601,-4.011468293977726,-6.145244511306932,34.19022459466856,-1.1122223860942035,-1.4675566856388176,4.150354232633855,-16.167464770046234,7.91979303393717,1.0009380954142155,-16.711993394024827,1.3068314634019471,-0.7805143125073222,-4.896343690580831,8.711500570680359,-3.394327011983026,2.439841357034748,0.03506181753039644,-3.3403619706891194,-8.962951194552117,-4.076136733559058,0.37520916733042714,2.056301075830442,7.939584015682251,3.2329437855221284,0.11207315322572536,-4.884030001561325,3.211416189084645,2.2608420491332635,-1.2542056043344698,-3.045611242089699,1.872505716158785,-1.2008634662957438,-3.0994257420571487,1.5182085079130854,-0.184475860048702,5.813657558062681,3.638248682214389,1.1213556140871361,-3.6690921610198215,4.114971906279464,-7.331543916167636,0.43854662357815216,-6.191341897824974,-3.8775773329109082,1.949913793883762,2.6578233805166755,2.181875897622468,-0.08999606938145079,3.0
-13.616986642557757,-24.56542126020238,-21.511044241191875,-4.015397748045353,6.2476539202848365,-2.00741942177115,-1.98286880690549,-15.1162024965556,6.167107093533931,-9.268968733889938,1.4258886476732948,-10.725804362688132,4.50827263965539,14.905544127733068,-3.3369687585852073,-2.3597665470820175,4.84279188316792,1.132199727844893,21.377545275781234,-1.7001273711276845,-7.481883996402991,0.24679941402208225,-12.984597966186916,2.814059152541134,0.8195754511557084,-1.6669322253778376,2.789391248355627,-2.252000510298167,-2.000703533654184,-5.917954438198886,1.180822333857452,-5.2588913942071605,4.86704791226438,-1.2411075426549356,2.6762214092898104,-7.711448468058565,0.9053779835870476,-1.1124044640169906,-3.8806265373004623,-1.8343611248573988,-1.7296838211469299,-6.865482278299338,5.013724195556619,1.9491854159361597,6.0994835980735935,-6.668065029917443,-1.62170962274146,4.195433538440083,2.5216870578200945,9.471577370483967,5.0
13.32276776160907,16.2544602398082,29.880332590120382,12.405342467481056,-2.648459936206141,2.5759521029523262,15.379654492982965,-8.887594400726964,-11.912974919489992,11.693161330410653,16.88193251212354,9.08620118443875,3.506290804985832,0.24315254938858727,-4.306620259776341,15.605964254776676,8.597897382708807,-2.793426169342965,0.6710765030110419,7.587809836296441,6.737538172811197,-1.9411921261030627,0.1462897529168934,3.1078609027042923,-1.4342775678072115,1.1142769440189308,-1.4184307297719243,1.6070399411425063,0.4365686241293689,3.0627312495393744,3.188157696850613,-0.05552580841005337,-4.506863181659543,-2.7251139208589548,1.0970701403786094,0.7883986178324413,-0.8400447136654505,-1.492939092431843,3.737085871112533,0.16859196924427053,-6.14297490845603,-1.6089262979956709,4.539872710407354,2.0521305558279095,-1.2851818903529262,2.0762209826857383,3.3339889848124287,-5.592451919127228,2.3389010255229246,0.08254012563476439,0.0
-22.613354205579736,-41.63476776036948,7.834451034815028,-21.096440258296298,8.462250004254297,4.739534814835787,17.997399827231533,34.82297672637573,-9.508246101037598,-6.909659018284059,4.211917877054065,24.160246010688137,-2.974966718763828,-11.21130455952636,3.634145877247875,-8.91994000764767,-6.351440852196464,-13.19123952319266,12.351056077287838,9.994480475383725,-11.592476540969656,5.504121172332272,5.194769264072414,3.7189263432643482,12.995540976885579,1.7275828410616585,-4.171289514751879,-4.402480164907447,-2.943493946206418,-6.240200189967873,-4.1778660673007355,-0.005182612295326658,-8.277907509672175,-0.9034751557884265,1.2029078334805545,-8.821482213408311,0.19603286706210404,-2.5630217291142126,-5.125822557265285,-6.5229774503265725,0.904353550502043,9.507968153527967,-1.7019592230689455,-3.33052392417319,10.809733213745222,-15.646824946749815,1.3016333272797678,-3.4821061770918913,1.2268685445507261,6.161876822876203,3.0
-4.332855254819549,41.0270956254116,21.314808298309533,-43.74468964560445,-28.74200727682864,-14.941378781536022,-0.12024653336079615,-3.4407472151811174,21.261404386109586,28.02078216674255,32.15838856132519,-1.818642339458093,7.4560121799888615,-9.936492881729146,-1.8282134261521006,33.26301181764479,13.982156200893984,-4.6281964045876895,23.444652161132364,13.549821264863708,9.732361771841722,-5.398621029449334,10.339903776412742,-5.604294699976606,-6.041657748017187,-8.43975947543948,-4.554543253453046,-8.304532837344745,-3.33413799074466,10.459006248590786,1.157108844841399,2.018338677181592,3.5112749491449144,0.08975575298383934,-1.2192356870728989,-3.987417399150565,-3.291509362283122,5.478353611662142,0.41950260955220786,-1.419216430760683,-1.2141353738457548,3.668862875594707,-4.014293388541266,-3.132643186757355,-0.36212479824886085,2.2654147527434008,-2.2392965633057997,0.5348962641377134,3.8531506082495453,-2.0886735408805968,3.0
-22.969520458300995,9.462140305941292,3.7961463148488135,-8.594179526557712,4.029251959887361,-7.060130860467662,-4.134882413066313,4.790102873317576,7.354376793104716,5.584890723874652,1.220770852923116,-9.920232664961214,-12.309068050119658,15.51898241875601,-0.17007011902229668,1.4957842069885092,-14.41041266377484,2.159592701206325,-5.965803677071121,-8.611887798257088,6.939723035974561,2.929074077014077,0.898630192526217,1.88648850891215,5.147966160097973,5.283259233741301,-1.6371172391988884,1.6487751108932291,-3.4384183266758304,0.7348752398970443,-3.2711420054189304,-2.0390914847685986,3.348375895413476,-3.555556028331107,7.256367267093439,0.7122343215803214,3.0718097713633448,-6.72396219012604,-5.958377897089162,-5.379843356878876,3.301893705450353,4.530218949515733,4.525477829269516,-9.970015679256107,1.1822164394672487,-3.120259960404222,1.1009538600979585,-4.035448754258054,-3.633967892487682,1.362248615731053,2.0
-39.897365536908445,-15.943775999969379,-6.9478805100610534,-30.6009483906378,15.443190630205716,4.897579112751111,15.314145287662972,1.566025147924575,-12.948352384033056,-10.043273548793302,-1.8445008848931115,4.239461475667611,1.8157189363880777,-4.84182395681604,-0.5673560966868032,7.11599533339572,8.07476487347491,14.542897934300175,8.55609585111867,0.2746940575207598,4.871026466797587,4.78841833255993,-8.009721329681023,-3.555918110107265,11.16840772253178,-4.490387335864905,-7.4159881069029305,-0.24952046558406438,8.010771697962184,-3.6645582780074926,-1.2807029283363447,3.3505774924672957,1.6752780438481976,17.53254130532766,-1.6411399077146998,-0.7151870238892151,-8.371621944101555,-0.9878769885012417,-5.225267580882021,0.8497144008279068,6.398750007100827,0.18472607064917476,-3.9964818084315628,-6.8884867976388575,3.7830533114189837,1.4417017910415344,-8.114792554024,9.922533906954984,-8.34035915145182,-3.9909880342431903,5.0
59.13052982106739,-2.3150019632124956,10.49715410991638,2.530006045029736,-5.278116744348758,0.49305038434434245,2.6068388376696165,-7.417431358125856,-0.6830105693405071,7.085522316523299,-1.5406550912952097,7.5851797164867145,6.489821214192785,-3.290857629704117,2.2719311105216096,-9.286646577287112,-2.7614536828489133,0.28321219548835197,-3.7951162479236467,-2.888127066458432,0.7563602325916832,6.821402780522538,-5.986374428468032,-3.0332202576588565,0.6853271718331829,-0.4530067164811945,3.421037956695014,-2.1619536801381503,1.4162157809805465,-2.9443355243237828,-2.12594531404549,-2.8095859084374126,2.770506771124144,3.502397850269424,-2.9341491143264147,1.0969519565569836,2.8759036583680335,-5.203275710067319,1.7969730497654113,-1.5783379604455712,0.5596031201645394,1.4746589676236077,-2.876252280016792,-0.4035409527595351,0.6722457102530925,-4.612232031886491,-4.027761579291657,0.5559600836636094,0.04317989458447191,-0.6160104457671843,0.0
-11.750931411891433,-18.924450531790797,4.243557113451337,7.065613747586269,-21.43033801966962,-9.39857691495541,-0.5565540623806315,0.3744090806559361,8.546906001924315,-1.5132120166895302,8.810928739795827,-3.898426854572186,-3.9491505134281586,4.253593557542472,3.1044066007187303,-4.385321536908395,-0.048669159455112465,5.5142955327505385,-5.6528982791811195,-0.6275955770553976,-2.388494673325285,-3.54191738660877,-7.540997791838643,-1.7914379826595792,5.199920406176092,-0.7614935987582645,-4.291469562607283,5.461298806621617,1.341973578026368,0.23156844002031932,0.4247389484316244,5.89057506958544,1.1398923997446035,2.3375052961212677,2.5473013077611273,0.5697864906618817,-3.0819955894654973,0.29464213809900386,-0.7316405883101802,-0.5490700891099842,-5.02109391280425,-1.129642116506514,-1.4441811809779663,-3.211336803065195,-2.4825734532974364,5.883849958907769,1.1845906177554901,0.0054209334961546176,2.495584392759525,-0.7501253739118334,1.0
30.26700957601127,2.5969836537973223,-26.13924704292059,-10.12512784583365,23.176976210677186,-14.930142896674726,-5.489470883427508,10.285126728250951,-3.263555653457503,-3.760643205820307,-1.908857240190757,-9.153310251881392,7.100640935145012,3.2009686056885807,-3.9559189790426688,-0.8446662794474998,-0.25292536386499226,2.824403241907665,0.4891081256225511,7.491844255511051,-20.39172947629397,-1.3947381517579007,-4.241736358781047,2.333838785101925,-4.233541969129028,-4.111467947867163,-3.2564381870588353,1.4977017243310795,2.450883628512863,-0.1711674488850414,-4.401795625656976,2.8472560648141965,-2.7158971104570258,2.871836010989726,2.878552511667646,0.19843119100698975,-2.712371959413427,6.450854002014147,0.9208651874227095,2.9592465413493914,0.6955088692398612,-4.052783586899575,-0.8966802688329452,6.802334357854989,-7.526799475037282,-1.3814912128191363,1.8675809855206407,0.6479336372004426,-1.6764521375863124,0.5646139899743813,3.0
9.660175541811915,-10.054490006116254,-9.498454708712591,11.414560945748585,15.898080321808218,-1.6616401880798803,-9.551322525662025,-5.512970840163164,9.526544835134798,7.111881230963389,2.578011871210282,-4.713803308415304,2.3112041931075686,12.055807368073193,-1.334537777519863,-4.30637156697966,2.3908716256362146,0.0829477611519637,4.838516392278846,-3.8552981353834372,-3.3381943524758677,-5.567337276508803,-4.020873968387509,1.2257751272200277,-0.46284137043814705,-3.1642327028605357,5.807968517263586,-0.5236488580102254,-2.4667056169524226,5.133398203624542,-2.130471228127637,1.4105794087159178,-1.0257568655583118,-4.134053359427608,-3.54056314468369,-0.9573449579224809,-1.1960239486002104,-3.041438048342432,0.3004123387953972,-4.896014238934654,0.29221169350765597,3.0749677834304903,-2.103287493854374,-1.0008881157830618,-2.5353500279296153,-4.010092932364277,-0.9827373088008161,0.05975079512531352,0.5764086075773143,-3.2293239791786625,4.0
29.680791670859946,-4.840681411133652,8.253412615044967,2.9505878887188235,7.35354401234504,-13.116636019803773,-0.815997467300611,15.813318184587729,9.407953897043651,4.832988068953432,18.216466847094964,0.9696994323449197,16.94827864197896,4.304765354666368,-3.404058701836964,15.714599955858624,5.778523858054032,-1.0984054906305658,5.265063105685669,2.710512722696443,4.335700018068539,-0.3352388435978208,-0.9940474746059818,3.0048570354243345,3.422324329646283,9.194736970032851,7.189071546926691,-3.96489275945682,-0.9091244066535024,4.635932071170893,-3.219744623833765,2.3190608765271574,-2.2590540662274217,-1.3235936527170498,0.5859873376575674,1.2454381896233746,8.382563637907882,-0.9570206399925008,0.09121969749163947,0.4058918311336645,0.4885443772758185,-1.973353499676679,0.52422411412778,-2.726352811662536,-4.577882387304606,-0.330754293331124,-2.5126292235297614,0.9492439297333313,3.0350196076806264,-1.6882846495097308,3.0
-10.314296163424624,62.02263763434966,-9.1515614185642,19.73224695765318,3.607349037448728,-11.999729497043083,-1.3842651937569799,8.793664990845087,-1.8467848268986735,3.1121997819279157,-3.082286588859459,-4.885613467997148,9.455234716904167,-3.888171862550371,4.232970549291991,-5.1375740453058745,-0.03742597993548293,7.373414538079652,-0.2092154364021905,-2.1213290519709855,2.221741581000036,-6.3749778574121905,1.773388389964545,7.1347982943704285,2.6692757175189503,2.054686346481898,4.700300634248215,0.5871294111096002,1.4252502216212286,4.209282295236335,-3.831951711339192,0.13861960958728076,0.4088267507742573,-0.6218041983468755,0.06278179592505945,0.031337190100100186,1.7402973587851538,-3.7822212331286296,2.0658637614551614,-2.539206214677221,0.7354702437042449,0.8968234550502371,0.414920397351518,2.108653500159552,-3.2383941893784005,-2.2939453343619935,-1.0306195925991795,-1.603704652712637,-0.7247772279135384,-0.05423066118117293,3.0
6.375057933291025,-7.294768512964042,1.6951799297987769,-24.58056241734562,4.628484926496558,-3.5686656943101003,16.652524915958853,-2.442771166439482,-1.440717148502131,-8.905720263459136,-14.576161357763175,8.437346390721729,-10.535772050914442,-15.679878846029222,4.785042131610383,2.9135140527733383,8.942869806824646,8.441678398159812,2.9706149614074935,-2.8953382864529797,5.900622342190362,-8.29808649756554,-5.516129849714274,0.8218872335668531,9.858494191546393,4.945223765500103,3.1514358427479006,2.5760492020346972,-4.964983390227704,-1.281499874375878,2.577662502174671,-1.8341748654802805,3.9883467361261133,-0.8362390212052533,2.915775283141721,-5.465439419011654,-1.7593160356453088,-4.132547325699388,12.13873394498652,-0.6487174336344181,-3.483260727709276,0.4799226044038197,-7.780361534883514,-5.30661781675022,-1.2873456083600452,4.713449256733983,0.8669912354744124,1.2399446745040066,-11.17216751577534,-6.316716871525138,5.0
30.612093009437377,12.504635138743911,-11.099898717415243,9.70623272023321,17.37753234080067,11.586468841464198,-8.316115548113498,-1.4360713781934693,4.478102449771234,8.074130534537531,3.2784294843729094,8.537611635990075,2.324481240432636,3.2585382925742667,-4.945269250284162,0.3366823295020375,-0.2939440756812888,-7.593899671411764,-3.8149136934553853,-2.8615297564824584,0.9210323008253196,1.8539234539230678,-2.6115357850502834,-2.8436986794806467,1.0260608542295577,5.526768882696899,-2.5763808854105816,3.088980882982482,-1.4981361022553281,-0.829515954665955,-1.976094110219983,0.9150287065696974,-1.6066535374557285,-3.9170039922490743,-3.094613058177005,-3.8048183494762404,-2.0917891625660547,0.6008678591059932,3.8018840397316143,1.2234718213596334,-5.6699092982440815,-0.12979254428430617,0.49915763925869566,0.030363668221589018,-2.2096144782888762,-0.14215315419704458,1.5589927833993695,-1.0533400742132417,-4.041880880290051,-0.509386661155876,2.0
27.113927084572506,12.827213915788088,-6.472797224555126,6.519227256120387,12.132902774413008,0.5972855694200004,-8.864774367307604,-0.3969772505659027,-1.2930890244562931,-4.873174262262946,-6.9688285118647055,1.9774558221943233,-0.9252738196038928,4.817586219389495,-2.632377398417536,6.458956748065289,0.7278465598188866,0.3273503406682844,0.8150976809725844,1.66941811948926,1.6217519081871388,-2.1507330668194395,9.78537230717727,-1.641947395802521,-2.4987746713594254,-5.440747614975371,-1.6978007159297313,2.2217148008439316,-2.2170643058508595,1.8588504096397342,-5.148540388669306,1.2835303843866004,-0.4812914603184851,-2.462597336823282,-2.9197487426666906,4.073433434962902,-1.0955921103280664,1.118532941152898,0.9867081993057661,0.9713947995077915,4.815870872642482,1.8896984958650087,1.9897238127991577,3.1064892817514567,-0.045335811018454686,-0.13256396217355385,-2.0860478229508423,0.3088570410973358,-2.5153098395069384,0.22319568032717965,3.0
-6.48965591468357,-14.834935090298607,-8.253208033305086,1.1597465780674752,-31.676908224937673,-6.826474139624031,-5.7818990503945145,-14.46261777439112,-12.352062809077909,29.722322353255105,-16.68606801755647,-3.4835541055072765,-20.40650519731694,-7.667580403616033,7.04814540152586,10.26445086181922,-19.494687986039622,-13.88342997274934,0.6790270157176022,9.423879350993847,-2.290339130642271,-1.026208278115126,-6.639239785063954,9.844231442170273,10.92190952965236,-0.22477621739783255,13.662535121306215,8.167285301699886,-4.713360132973742,-4.173976357713555,3.038017896046437,-4.073180794008291,-2.405041175381639,-1.834435664329033,-1.6331225920468062,-10.043513448491836,4.784732973488571,-9.610420679013865,3.8650092996137526,-4.793315269379402,2.69894025002701,-1.594177173859397,-5.3788784060110615,1.2739955097650193,-7.084285791868401,5.884264076806474,-5.722458456934526,1.5578478059228547,-8.689233480047927,-1.6663561551120616,0.0
-7.799194438034825,-4.149567267396874,8.874615413486318,-23.176044187072904,-1.436401439669484,2.079746961764349,-19.21732181992938,3.5846968052863524,-2.1291936992977987,-5.18180852337355,1.4072383573047191,1.3775892526753752,7.2239339773141955,3.3491547194511737,-14.17940219605959,4.104059677912369,1.1258038135779385,8.08944816534867,-4.9184816012203045,6.488477326753889,4.771664641789809,6.6243199916576465,7.6982201443707465,0.500697606207217,-2.236384958103604,5.853941223313136,6.513624964033488,0.1852856099791837,2.3260841745080074,3.2010413201078554,1.196580202543446,0.5661898255887617,-4.361807464161625,-1.3729717654839548,-5.8619015345160035,-1.498399112711743,3.4100535016821976,-4.594832835239376,-1.7389626031227712,-4.914945959596729,-3.5516714636189204,2.795067760684406,4.378407858466597,2.17213754955877,8.112354786592093,-0.6892783069289444,-1.528403340649418,0.18315926352421646,-2.20674142931949,0.6722162808696603,5.0
38.7263912042047,36.90650630236723,-5.8255622004297924,17.470427541616424,-8.162881427444225,28.67159120357188,11.859265267619634,-4.479882723603924,-3.872021151097945,2.511487244522845,3.7226412430457874,8.478714343026692,-7.732081770598168,11.04894000620518,-3.0895157314424018,2.4825915317607343,7.259189822178879,-10.940969808198645,0.01956895132118455,3.2875861005820664,6.970672015303801,9.96491633095562,-6.474436802168505,2.8471053499485257,-2.987821906793816,-3.5913832784412407,-8.787913547642205,7.876072928408894,4.414207309034962,-7.004059925121432,3.7896704655129714,0.8623739145983719,0.1885293828262897,-4.996409116508149,1.7562861526218567,1.566264636062962,0.7837515511401387,0.3938569640734668,-3.701647555025451,5.3101160257709275,2.4453865468678417,5.056804804639877,0.026683184611800997,0.6653900627854967,-1.9665092374813873,3.5120676426679283,1.4795300233833073,0.4856393147816905,-2.1131325518750943,1.1395120082959465,0.0
7.851185758978929,12.58376623020117,-4.215026331609467,5.357685329269822,6.914020185488605,-14.984868304462735,21.18866988142304,-4.416380457564429,0.058573157202156265,9.826993964319962,-9.38157919915669,6.611128908783059,-6.98721797120495,4.323973922673652,0.0708831209168619,-2.4267840952645634,-3.012962836556761,-12.45403739687685,1.3225545887214547,-8.87824828625388,-1.3103727275147774,-10.040989413477396,2.172475483146489,-3.573170699159649,-11.02548040716665,3.726302931840142,-1.7428035790992986,-1.5551559986077406,-3.7045182588138,3.3466937841229587,2.6498636672290568,0.47979667306474744,-1.7520836156967796,5.947061054603616,-1.6753194542486307,-3.4799131052276104,-7.731725419995547,2.2085281943624095,0.4661571813663664,-1.9772082309298522,-0.7608164884415713,2.6879520342549212,1.1740979304549028,0.46852299025854743,1.2126733275401131,0.27659498977840863,2.413470853809803,-0.5186333203388033,2.0187074842563675,-5.353114831864491,2.0
-19.834624785086685,-28.02449029098444,-18.9925971598387,-29.454818769656278,6.881262858501474,13.965311236654701,-9.113882862454227,-19.657947973922454,-6.344048427109867,-0.054031535520151774,4.173539869431879,-5.936848254785772,9.632662873560285,1.6337016984355521,-0.3387722868337772,0.47649495751333204,0.7482158432981296,12.66404365070588,-3.499855851366511,0.8397861485955126,-8.631529873232834,11.891775165080773,4.567227194466872,20.751290013014273,-15.87475867459682,4.801088280966322,2.3991075618891786,9.865970733291677,9.92256993346454,-3.4376943538563394,6.281802705715508,9.932269213500042,15.02865480673752,-0.3122829039268083,9.191123339051448,-3.4559818417055546,-1.572607060400682,10.786645431544118,-4.5346485943873285,-1.0113638473597995,-7.648610537420182,5.418385663983011,-1.8429819473541578,-7.0545056705235885,3.677306415863493,2.429700486647759,-15.568025763504927,-5.48457369984802,8.233907266292402,-7.001808870059391,5.0
-36.70409916649495,-10.562737583008026,21.780182958571842,-10.8525567927126,13.789117903295603,7.56037259810497,4.982156670231686,-11.241558426532153,12.308322190538311,13.159125190612208,-9.970150256150038,2.0403103991793214,6.819593395356137,-9.137019774923656,1.0767444235282677,-2.548708218935278,5.729902078181203,3.8021808063710263,-3.61907463981608,-0.21628025518470104,3.199093109380447,-1.362854945303771,-12.17665580943844,1.2443954582826195,3.5470954824691217,-3.25212302870267,-7.374132232377448,-1.7153376850248896,12.643930793543706,-0.18574258356031392,-4.7461806299352824,-1.2736222991902548,-2.1909069420850997,1.7244030153380663,0.7389945816905453,-1.6392106721802984,-4.826426596994464,3.4254849884370127,6.019102662611654,-5.569741837487454,1.9158530966364105,1.6894431579684412,-1.909694168753337,-0.15819809767586607,1.682435196136351,1.8575182184374655,-3.422225775364762,-0.3427261823837197,-1.8937649699438912,-5.443422115307089,5.0
-2.424843689559895,-34.049682623188296,-7.223867981646227,-6.5501336805637695,14.20984080959812,-0.8670530628733101,0.15200737163786315,13.514147373960773,-12.656009707238496,8.59378467111447,-1.2354710961866664,-1.0061925157995562,9.477376881144501,9.843925696244009,-1.4231014388211087,-2.2316582738713233,-2.2707837643588493,10.006520468836714,8.432232652477097,0.5039724241138395,0.4357710850420264,2.779539599293295,2.2748490923101485,4.820993834074515,-7.046684921344798,-4.966944220540877,2.742802849505288,0.8872799550577115,-1.9580385764807702,-0.559499640791006,-5.545531221447846,1.0539061554666729,0.892993745759498,2.189995292734804,-2.3576498706418274,-0.14720496170302086,3.326127252538451,-5.296412969594109,-1.3103738320292029,-0.3290522193590995,-2.662312820929523,7.517171477507986,2.2283156419784063,-4.706819055948687,-0.329205010929631,-0.17504215039875914,1.4559131128591714,5.952516018029965,5.0415900081650395,1.3353530611664337,2.0
-13.667260250332843,-20.175565546468874,-17.854541509331636,23.19206598805198,-11.545646356856999,-1.2915805925177868,-13.798174440012476,1.3707032436498645,6.711152775097494,13.64944628454059,-4.371564163153938,0.38797905634142393,12.525518158501114,-12.116642365451781,-3.608566460524825,6.346978887856541,-9.236612573627013,-6.636450455954333,3.2876309271453756,-4.659699019230758,-1.9686696405622128,0.13950896197071183,1.4233910918259984,-3.0578440961326128,5.2994317724897035,8.04655617430145,1.6072814366132973,3.483304961428216,2.317248247751487,-6.686676857348161,-2.10676278158388,-1.393897006160394,-2.2709987271583834,-3.877263821521,1.2282251877812933,-0.9580781839794389,-0.013455237817438107,0.06027056642039566,-9.480968049101714,-4.765570740751147,1.1281712892210298,-0.5202040906367212,-1.9781458191080445,-4.2390012148272325,3.126731219896861,-3.6995672126806567,2.5579768166267494,-1.1417868747807265,-3.8295084499157928,0.15343459965159714,4.0
-30.01027127549951,-10.149918474374083,16.740436677933157,-6.070982804971426,9.605360134925773,3.3529939291376256,15.481010242075763,-8.037062927286955,0.6445046397139361,-5.083186065440258,-5.822737667876955,0.27232586311569396,-1.1107516784132427,-13.680408006642274,-4.334203304927549,3.4410909848237288,6.42700112490307,0.5443011429273737,10.071391433726948,-6.6881937926818145,8.559617672965492,1.184044211521938,-15.468346589502723,3.1824539680042245,2.8690434615579163,-0.6596275688568868,-2.216538762798644,0.8163415298376031,-0.13182240153362673,6.498783775391698,-11.151388461934676,7.082483856518532,-4.629656335881732,8.955632772704792,-8.270464542663712,-1.992698666502275,5.007149610151448,5.40816408299028,-1.6906500557523856,-2.543300114846502,2.5774454620439964,5.970022051042307,11.462138981176246,6.164882513051732,1.8683637622382754,-2.1458964917200998,-3.5234993924977096,4.061461483521449,-1.5456267151938905,-3.8721529895495093,5.0
29.72159075905905,12.906718981256786,27.67311831964449,2.745707151703276,-6.7754417475301425,6.665206561021201,-8.010632025700295,-13.031919687638684,-10.920412265679309,-3.6421561204804176,1.7511100522617353,-2.6356143736540285,-6.672526333961592,-9.200138124759416,-4.598694653441772,-8.373869580182536,-2.3463408045144765,9.56296226791315,0.5138132917552916,-0.21097185363085127,-5.814108750989244,-3.6385754416177147,5.363005008634144,-3.3807268165323423,-0.7010394583350801,-4.551391477281898,2.0019638753856537,-7.545851581748172,-0.1657885991534756,0.4515062618428858,-0.729741440025986,0.21072620481915116,-5.474081813530328,-0.8398060912628702,0.27314655210101485,0.8027335536574666,-3.990560907305319,1.1463930539018679,-2.214468177951805,-0.01428444192844251,-2.9713756129475697,1.2915844307126945,5.638458777029857,0.3132547708432559,-2.131702524270327,1.5230659843408814,0.7290573060610881,3.783055630874622,6.403907608582159,1.7250309711190146,0.0
-24.254270584296922,-6.193661228148551,4.931281556723169,17.217444971379127,-1.5096708569387356,-4.618111416381894,-4.9094893228962855,8.003996866146988,2.9329249606469987,12.11038196313202,-3.0231622694298723,-3.183846977702077,5.187525856858443,6.927864092599303,-0.5610449582225525,-2.836928028784546,-0.507059131174588,8.701952321966683,-2.2233283895394806,-6.133540338562022,-3.8898069018020283,-1.7887074671354695,-1.8741628864523634,0.6293523583226823,3.0249576872859985,-6.216782891153293,-0.35598293905439155,1.6010935901691663,5.018146943111928,4.671460355792666,-3.950339455097878,-1.8402684940761835,-5.533671424630063,-3.045243028380448,-2.932732114516945,3.9984645661868754,-2.3019646341471627,-0.19174033553367287,4.9260617190485965,-2.2556210606258382,-1.177143721519247,3.097479100451945,-3.1456139595207553,-2.903710427201735,-1.6263324009560989,-2.0867842922410764,-0.8727176458332375,-3.1649482503805313,-0.7002581437373593,0.10141312301631783,2.0
-2.1983697452894924,4.662286807770807,23.34562788034123,-5.339591206421613,9.653464604852225,-2.830959484743694,1.8467193563835427,-8.437916226032161,11.503984649223108,9.091733694872122,-15.458415467256494,1.397663184838038,-2.911566717762976,0.03613798920682586,2.807134600218604,1.5422293786532872,0.5026722953799879,6.0698688545532224,1.1790866128804751,7.385745864009226,1.0462053401049543,2.2098057164686122,-13.737749637180569,6.372333936630056,-6.340039886203609,-3.8226049398633375,-1.3427132298703695,0.08952035977877786,0.3150363900680065,-3.00248649123107,-6.307232070340441,-4.130316210044161,3.599059468950635,-1.7874704786778766,-6.133123175515952,-1.3315220141572155,-0.8912008087175005,7.177371073940423,5.144131312763223,-1.1006107154354654,-3.57329231209671,0.815817044068312,-0.34921662873899495,-0.1570728078839063,1.0366968321326813,-2.251605822932362,2.271881185243499,-3.3755676077373864,-2.8838648260152655,0.9625569599338397,3.0
30.004964215695313,-17.56808890043648,13.055144117377898,-0.4411939959486739,8.425506171774163,5.703860764796654,2.652383932610402,3.31048935996903,7.256652309649641,0.49270794303719967,-5.426969966682189,11.002279017799633,3.9492177976016425,-5.8888502964011895,5.825985449159457,-3.651301906219719,8.377519819004279,-3.7606957156742298,-5.895484692322697,12.588846203490336,-0.8441154609541848,2.056827632737694,-2.0483796008123667,-6.7836016091331395,1.875410189131833,-4.4553794196839664,3.4302040579407187,2.4837074933506345,3.108777839175884,3.4257301432289355,2.0766056890094986,0.6110295292476356,5.414596113084411,-1.6459066585793392,-3.0906570777990696,-7.112066292897062,-0.3871264582431936,2.358561595620769,0.5513909086294244,-2.923122506537052,-0.17273092814312646,-0.09584336048089424,2.4180375723555896,-4.8066242987336985,-4.267982163026667,-2.4496022494101153,-4.500592917922721,1.9143255622682582,2.0727063030292903,-0.42421464928827557,3.0
39.24217318201071,8.294544764885813,13.760675152722651,18.063062466025574,12.306733434201377,7.122193511859723,-6.945366867030726,-9.09327860744784,5.783407426521572,-3.7539021625896947,4.110073510362927,4.288419471803588,1.0400490003943677,-1.7643960519394186,-4.4287595091746175,-5.35943887395134,3.0376953056639424,6.087704136382894,-4.245420404351587,8.415077804608488,-6.009292108771192,5.295089740172417,1.3450176530043545,-1.9075482011601892,-1.6159308598530866,-2.5805540161649345,-2.5155542414479766,1.0396786057498049,-1.860827244159947,-0.4833813560188286,-1.744667140610227,0.2654169029766466,-5.469212700954677,3.058223269191006,2.7179301843038965,-2.038234718124742,0.7928819482915132,0.03902557741293541,-0.13802024891255193,-3.473633122332813,2.4944409545431863,-2.1700099340662806,-0.4463007009105038,-1.2824591854700662,-7.030239991440431,0.20168665155683346,-1.894182648717081,0.4802273945667651,-1.5288695181391065,-2.38867593535825,0.0
-9.808734718024146,8.091429937288167,-25.0237028204145,5.346384287786843,-13.82634506734179,-3.1419527417987356,-5.613636604232953,-14.728753442176352,4.431240777569188,-10.375328049150012,-1.7958118008243507,0.17762598056547757,8.199304629145121,-15.838321418965764,-3.054586385087883,-0.09089437212508607,-10.18999623695023,-6.120286128083079,2.6424262805791576,14.689794712303993,-6.242158841915852,-12.937896164802012,-12.166241028794394,7.861040792052742,3.8781604647650116,3.032272453064204,0.8526535169615681,11.730704140566225,-13.326121751502564,-3.816563002133989,3.22326999292844,-14.802635686819091,6.550265092773532,0.243491452532772,1.7813202960741188,1.1579521271853812,6.3848140724007285,4.751546562739212,-15.488668429072586,-11.360661501767387,-6.448991894227055,0.8307405669995779,8.065183668112542,-0.06001755392748047,-3.926809412112327,7.262011281427191,13.24166423963261,6.047173033080153,-3.2994222157584034,-3.678989924264871,5.0
10.16629669857989,-11.482545855369107,-13.814474424746141,11.110706099995083,3.547913888342446,-16.30660294788991,0.4602956271789243,-1.0486788584517994,-1.6744043129999036,-4.1789966880183576,-2.208898218347354,-18.83065654145437,-4.154937718585296,-6.993119656331795,-6.5919302408293685,6.035098115710841,-0.5265451054513776,1.7294998059997309,6.735038030583209,-2.563078430309716,-7.688349993460874,-3.360553387355157,-1.8839798181579033,-9.283037868365096,-1.8738718298138661,-1.4165494304372928,-0.507460370673459,7.343578106042943,2.7072818863578756,5.030645821416953,1.6557765822949748,5.500312393980178,6.708057131634915,-0.5848269431823352,9.078657016275933,-1.1151041644691988,1.1577347437169978,-4.347863879282323,-1.673254040846356,3.7073208058731795,2.8876242081604286,3.527656388284655,-3.044044767195909,1.6525199013284346,1.1524690183200874,0.33513648636567184,2.2564249392743934,4.302171821172365,-3.213076137682796,-2.292525915568934,3.0
1.8993989744623887,96.9540553789993,7.253446991037485,-25.10303918049613,-22.83893236175771,-18.163968505688857,6.13392045540358,7.1926879044225265,-8.833195697197878,-1.1873224531256126,20.807583761694996,-15.32086497390051,16.302970176503518,-3.007020584594128,7.552489676247337,-7.1674021719988446,-0.45356657055133287,1.947332686894898,4.802873086011898,3.0334815248121507,4.1324972598243175,0.3349571567407062,-2.6456052332718536,0.9993281995424695,1.5315255347726633,8.485722530776162,2.704704482204798,6.228049691364891,3.1508821684962944,-9.33185961903077,5.306881353265696,0.8514949583871586,6.551916010164973,-4.353926558816732,-4.512423116206927,-1.2090135115011005,0.2430469216550508,-4.744960717294026,2.1629316962152867,5.232768394061874,-1.3705805533202033,-4.484330695873436,-1.0081555608866102,-1.0206051686027942,2.2668056120821505,-2.306782082949881,-1.276865378305901,-2.7258567102177027,-0.8886418722636162,1.3120670702449775,1.0
7.025828126418118,-18.192711525921272,-18.30012483864632,-1.6676696490338858,-9.566815720591444,-10.791661323133491,-10.531312736013124,13.70533524469323,13.485445259066514,2.002233464006503,-8.183243567763423,8.892201195157655,-4.4326773429023465,0.04640414055604272,-3.4706113064613793,-7.936023966522051,8.390227683801438,0.6155389046003282,-1.8526234537973378,-5.728585054228239,-3.5860424881205732,-8.19616130607119,5.060731680639083,-2.0525324413325454,-7.575509849224314,1.614083154754616,-2.0015322879198796,0.3829871613173584,2.734878632803537,2.0533832642997814,3.4301362121351597,3.899201843273615,5.463354074294381,-0.85229955644743,1.9919603971711066,0.304345280765011,-0.2716154228356308,3.4773017682383864,-0.5351555025119243,0.6072749586443204,0.8807879313577731,-1.9187013493670957,-1.4109132779542388,4.0956167393045675,-2.467874215867604,1.0073274960551846,0.7614993542657592,1.135183727933918,-2.256031470575876,6.761692143051623,5.0
1.2091032559256703,-0.5149967903319932,13.255343689542604,12.141405657055389,11.13075271000631,-6.018518389992622,-4.905217237462008,8.582800521451897,9.609240570527293,11.033993008492958,-4.088663201759308,1.6184162795695005,-4.38196068396436,-1.9923776451723274,-1.541192470736261,-1.3918509797584873,-9.719072931945414,7.400610944880507,13.591792898443057,-4.787318128419156,-3.830990896463714,-1.30387092123107,-3.375965799863433,-6.305409910303942,-5.918470220501243,6.565657322974393,-2.3128213198391885,-3.9479904162088766,-8.639236510648816,-4.1431887894002815,6.995657985901207,-0.6505445282005756,0.5004070935641091,-0.23384841099662365,-3.912892713823794,-1.5793271722083753,-4.64360832353905,4.16715437983995,-3.748901590696291,4.709161018877286,-2.1566178176150403,0.42532869217572533,0.6216643085061964,-3.002146605078197,-0.5496297850293141,5.483969942517384,1.209193318002432,-2.6220896238597233,3.2325517813046747,-0.4647310167513884,2.0
51.859246063294066,-5.457998640101701,8.222028129998256,15.12211229565126,12.272001182560354,8.632285522625473,1.5917810869482438,-8.803964247914978,-8.648990355352403,3.628474859234817,5.313251428458947,2.307424061339492,1.7574608662034543,-2.551077687481149,-2.0003754920033106,1.1187788938228738,6.937917622722836,-2.201688085112479,-1.7043840617051844,6.028783581079872,-2.28979866315537,-0.2950138921673595,4.879763217753013,-3.935583788459365,0.9186275780097717,-1.3979254653530875,2.521423909903389,-2.3556679867465475,-3.3766443269041706,1.926948740960855,-2.498257518277363,2.650245919996521,1.2207634583313205,1.6609658477227474,3.1061026259860958,-0.3692346874536045,2.649400175859002,-2.280134390045312,-2.1547833057534604,-4.774133499263714,0.26380170999230496,-3.743026109951338,0.7959419352737362,-4.115149312043035,-4.081356867455335,0.4769177426738592,-2.242926255367643,0.986633415910336,-0.29195110216642944,-3.9432138910758168,0.0
-22.013780314519305,-18.94561425151327,8.52355698524244,-19.557962914416347,2.4109581806269387,18.03573380962146,-23.63603266182835,-4.117938230977533,-7.411700848391215,-0.8320679887878724,-2.4372882392103223,-15.783815401973182,0.762416618778402,1.6282267904606673,-20.468494190513294,2.049291767461552,-12.950535690278665,-9.751704691376444,-13.588273415865064,-0.37091543112394026,5.32005427230083,-0.19429594067606792,5.099155145255044,-6.551144721803819,-7.8293757901985375,12.110781789140226,5.212972044308837,-4.839049666138621,1.2366370916501495,-6.013161294506797,2.2219023859077103,0.7891175037801976,11.10689558754911,1.657503674617242,2.6225899931726135,15.083528406883328,-5.447863316963197,-0.3047146982303476,-4.177411753056306,2.3842350264203613,-0.22231828550555105,-6.0960091367706575,-4.825869294992364,-0.5452462137938002,-1.5095120465514358,-6.056975259935167,-4.241028398627615,0.9852179587472312,-4.828609520962519,0.9213560236088789,4.0
16.997482195398366,13.270770397529263,-11.013048306680991,-15.295647105975299,-14.118223528334696,1.725108409616992,-3.5983125132448284,-7.241833152100933,9.50221200301006,7.32617530796135,-10.568080247105295,13.462888125797846,-13.751872822821687,16.28228744883286,5.592518545927088,-4.545839126129367,-4.946970300551489,-0.975713749922054,-1.9296746498154813,7.585267911299393,11.21667526708476,7.268678885919252,-0.5066059961360455,11.863768007060072,-0.6969097739611396,-3.906102151743142,-3.4368677242639,-3.1834995978003455,-6.140133202646236,3.084251509829414,3.467736749772437,0.9580371982258301,3.539388792472089,2.95215031395999,2.446141909128438,5.92721519903803,1.3395343530289006,-1.1112853742530007,5.1042627568187084,3.170572218027147,4.248658650111697,5.740106032716837,2.157673945947365,-10.291324475636717,-6.12322445167693,2.083674814060559,1.335340279965339,4.157857653220147,4.112364735182852,-3.105273983242358,5.0
14.160104387618896,-21.37305388766589,28.940000617484266,-13.717453140514142,-7.416754419763318,-14.256379689364554,13.726762619109605,0.03839759678191175,-18.228213956059832,5.368932328513552,-5.2657343144524535,-9.311950020351487,-4.937727996799396,11.02653661753394,-6.830423109129285,-8.446550591986556,-5.411903753851259,-0.04635301441762476,-5.159264393197744,2.5994098090881383,-0.6930973591324812,3.823699516684185,-1.8240306488942843,-0.9510540180735119,3.3110671912421408,1.4050392510544185,2.987900854915939,3.353951247806198,2.846978197308721,-0.48918244321344656,-5.045941113282501,1.36100199328577,-1.8562446078269905,-4.247559447712172,-1.8470612796569383,1.4716278051361515,-0.42516500783794126,2.494128829827829,-1.267109494901127,4.707422716965288,-2.3039955175677673,-0.5800412410471637,0.9469444438118642,1.4480651024907656,2.3694877800364087,0.5495732579604743,-0.9766445848931729,-0.45489720594464417,-0.8670507221357108,-1.8255074742343378,1.0
76.5728569404825,34.220270867471065,-1.5681979546811524,-34.54125988966174,-45.04598738092623,-0.8805043151113622,4.091714287495044,-7.445722460001373,-9.37818616154251,15.913691688138156,24.856177579382162,4.4033891003472885,5.8612250658609835,-4.83746345606029,-0.23558641480247938,-3.046455503950159,5.008835657927573,2.4895862636211787,5.357003337741094,-13.22869803836986,-2.041914011662867,-9.877453262393209,-5.627849720616113,1.6803243824821161,12.449738352365017,-1.8876646799763916,-1.3385613421095361,5.3829730821423984,-1.166539726296746,-6.619128780941563,-11.453327960479841,-1.3163514564937953,6.639443531405601,6.489288232117093,4.3127735053823,4.580193179482357,-5.766750198128318,-1.843835957919413,0.007823715208584889,0.42699331168410243,3.819088652029022,3.114238946141099,-2.4767879134986694,0.18696831991168386,0.5038440376758929,1.926131292152274,4.0356273965204945,-4.217086145545456,-0.44235261416141336,1.2324698162385985,0.0
-1.126471844896514,10.043131467613085,14.868937203815282,6.709109358487536,2.116188235388252,9.168726836185241,-24.638751051890544,-2.609107148725299,5.84934579175244,-16.552244883297774,-0.27294224837516545,-3.1535407275080347,-3.5834506249874805,3.223729615778381,-2.7193044546322565,4.220853067232292,-1.8744534246783724,4.929197642614251,2.191133629771615,-0.6752413317534179,2.466874902102513,1.2015179738333843,3.212498433126274,-0.015225327799528818,-1.1809835959056536,-2.676167703359336,-2.7030787483369916,-3.243010199526644,-4.565908365573655,3.3221728725550603,2.2237294800299092,-1.49895193488341,-0.4480176592886922,1.3948024309217675,1.372857634259964,0.3156901682481214,-0.5647356518579871,-4.23178240659584,-2.0744098270542306,-4.227814015916784,-0.5214379306452156,-0.7305972365465316,1.0103810329499616,-2.382088319492847,4.225194935241459,-1.9626794686251154,1.6880511070696915,-0.6124501397876646,-3.898248397930338,-3.231296596893698,2.0
-31.085022777991657,13.015181656035459,13.639030230748691,-4.518464022562553,0.5721617056258997,10.288373589046737,3.992371228494732,-11.573451247626801,-2.4918378380214055,-9.283104414844876,-10.4161478281244,1.5999194519077848,9.432374295818425,2.868481630098404,-8.808692310034775,6.31015320226395,-1.5229081623984275,-1.2671856289493835,-0.2660572906036152,0.26000133707787293,8.224334439245172,-2.3759046507133226,6.963528093609597,2.2525872852144473,9.496465098494328,11.058164923516289,2.1401590527572334,1.2878773733813114,16.874334303348792,-3.6793312630576533,-2.9010261262022263,-8.664677839735287,-3.0424538402558294,3.6764473842437893,3.3987525045899867,3.6288109890887585,-6.490156446928718,-0.8690915569262421,2.505322609540422,-0.28481624565889385,-10.944337189956503,1.1809782286514876,-11.059636300843234,8.175251784466656,-7.216890204492353,0.8565203957165148,4.695668956967885,5.399392058270821,8.022975343131302,5.629458705894651,3.0
-14.813634593997664,7.850840958673679,17.19574837663776,-7.589891692082401,-4.480785326298433,2.357134811463348,-5.682724773635475,-10.689441208201542,-0.8294344298107111,-0.9009262071897266,-14.971753688064782,-3.026275709690807,0.0267174853344721,6.2920007127115944,-9.497162769699832,-0.08531298751864867,-4.833400524133113,0.6248987119104268,3.0922852070079037,-8.246207640000035,8.768356001114837,2.632868570743247,-6.087404071600665,-1.6120985468272497,0.09693786347782725,-0.42575368848947737,-4.207985430410754,2.2813776511608683,-0.3960721875506397,5.257090758902661,-6.57974206075958,3.77949985518334,0.5801867238866122,-3.1041737810160464,1.1159767243511192,4.534321131082851,4.5701174948283985,8.506190293832834,-0.004053844122290736,-4.137818106719547,-2.471679807789657,-1.03891747771456,-0.283502345309742,3.9168947544379025,-0.2912827543445291,-8.177375778554767,2.285124508614659,-1.128620680923636,-2.160793571135479,2.223508873425364,2.0
-46.10215387392507,32.95657500191715,-7.534304256153466,12.593535659493966,-7.038921588251279,-15.43157270431918,13.748604754279482,-0.34263682326998,1.310576169477903,-8.506300576673272,-2.160517730632373,-5.365382101268477,4.909680346206744,-11.587627187503484,-5.70082760002707,-6.946031466654564,12.703016193777005,2.405791526058129,3.8346152343732194,-4.541770434113153,0.16120737411231242,0.18103725448752286,5.068466703998047,0.2243984044943923,-4.998653217382331,5.048541546347613,0.7167169395986637,0.6944902631532324,5.228421752717213,1.0963464269012115,-0.9653472009662158,-0.5701773699829266,1.5349362068718075,1.7423085423943594,1.539251014912707,1.4960921011523929,3.4929299984128512,0.9401706772327898,-1.081360816979639,-3.618782165153596,-1.1422627980785793,-1.660416413856793,-0.7011533881601243,-4.355384622539822,-1.6985372147887405,-4.423170442921255,5.500637679060706,1.809490510324623,5.612771879175631,-0.3541060960991412,3.0
1.9725294417373627,49.602331726591004,-15.616359832283562,15.192283449388963,14.896206593660818,-7.192638556356275,-0.8104084550829621,-7.099603952004416,-0.4407326077747086,5.060234689407705,-5.507280533885093,-0.5348166675707131,1.2711951253419724,-3.617797287958983,-5.240330521065447,2.0226113081041843,1.7417462631718088,0.7198883479959304,3.779201644048956,-0.6046282886077264,-7.397647468563157,2.863929364307655,0.9224329555341465,-1.4805898613135866,0.009111324700473091,2.452511030982619,-4.529534666445343,0.12773245401171177,-2.2836336093426417,4.70110187427895,5.532063366329514,-4.908672255716022,-1.3881232807165564,3.7096412627522106,0.31803050619716017,1.5778458388366923,-4.151048579343173,1.6091132788790028,-0.9585753177123684,-0.8104008946495436,0.4599920293479473,-1.79114973612507,-0.5659826084152606,-0.0004594288193988576,4.3078811885140285,-1.38912273747331,0.6319387511129992,-2.609521538713618,1.9295365326289153,-1.4240964885516583,5.0
-17.092261865738404,-18.836093305721736,23.211792466843736,2.270550288284847,10.332626082446486,2.4580801652994,16.235628354895503,-12.040144929134065,12.134708227552611,7.879952878921308,-8.121508749064278,-5.520608048716347,8.963815595710802,-6.103618042221632,4.316071020488945,-3.3731289339970574,7.114733170766957,-0.7306290237993618,-10.505015118637248,5.2020801974324575,5.54945892814619,-7.0001569929648735,-0.9432726505978053,0.3481538310780771,-6.999458417929278,-6.294845104401382,4.702208584755339,5.601299885474574,-5.739694700744275,6.421050877554486,-1.6904586993992228,1.8667107863150376,-8.228364397658694,-5.746536566898517,3.9736130526455256,-0.9257249426342556,-4.5629303782427675,-4.539298157463308,-3.2250468902679437,3.6430147810791196,-2.7326726423150856,-0.38965933139375714,-4.4593293654057815,3.691561518421286,2.6781389287064052,3.1164814722292515,2.713273584665369,1.5854846390739705,3.626205941467545,-1.068291564278651,3.0
-12.950719290894218,-27.85612075578625,37.990928270851136,-12.9925619713393,7.140993184050779,0.3673408731924874,7.698369660699186,6.584633983182912,8.910219279428473,17.029000867327117,-13.524675825902557,-0.24027626259909204,2.7807238492064803,-1.5283940249172734,0.987051527027854,-8.213751735739532,0.6240350917883914,3.394730157956275,1.3612957542584823,-4.455580939501362,6.520454814735634,-5.4792458487072295,-1.5960114014496023,2.309978342171799,-4.968930148088598,-8.481351220610147,-5.297082584175706,0.9308218464168599,-1.1310204949402038,-7.6536895390356845,-6.093360303789906,-5.247356291174367,1.6709754445342622,-8.058586875808817,4.471020434765882,0.4704606689443104,1.1965647229850296,-6.033704101969238,2.4752695746010303,1.1973863975958163,-9.43939212790576,-4.351622806218083,-4.1227478023063036,0.36291797430310124,2.2201097754411756,-3.8283570437121415,0.5270572268907961,-0.13061264409003567,-5.016468760897917,8.285584546467454,3.0
-37.97211353989788,45.831129170172126,9.374662975561693,18.21428360713112,-2.1935675322617794,-1.4511301454417047,0.23993587492605437,1.235270942915858,-11.40226790316981,-9.876764390120796,3.3357219303299908,-4.517935878033618,-1.2256639327162182,3.7651259682377036,-0.02836297494997306,-4.831717370229181,3.592679810720797,1.3087096274112886,4.516138041160259,-4.370492304152281,-0.6487120106394877,-3.6160023065488014,3.1177964346668614,-0.26685550946031034,-1.590874803282878,-2.1140818024058734,2.2704104690366274,-2.076459304478503,-2.624689296987639,4.351715429541195,1.315295042612537,-0.9095534530501328,2.1196224206933985,1.5638437743461837,-1.4903521433596265,-5.083020034955781,-0.843017975691353,-4.239986581455038,-0.45807709374911937,-4.5022043127785585,-2.341438034985333,1.1221170205828321,0.4426777787439432,-1.9062363325693168,-0.11708581372685771,-1.2500620507082603,-0.11032477833156423,-0.9916485289350555,-1.6359173852498843,0.3079243920345064,2.0
-3.3856798839235567,-39.68894120406424,-4.811364834825245,13.008577314426644,-16.164065836109028,-3.0203150454146215,-4.116578594183447,9.283885092438412,-3.413229914038032,6.288234521075831,-0.6613931313968944,2.2604796105938436,4.969594917208845,1.4185833910703198,2.918023498967203,-2.7662142419382616,6.562509333130099,-4.633105562537152,-3.551802752262098,-9.151839402262064,2.8005854108461063,-4.504740988311801,3.2836132132039304,4.734611836814509,-4.284476926368574,-0.8281951105642364,1.9081486734549162,-4.252423335608927,5.293344459150009,2.5244988274351403,-3.0823576807299635,0.6294652113995947,1.2620848359551056,3.196821502003378,-3.5359142810433095,2.4116007761329183,-0.8298539643081372,-2.694193117470554,-5.427441957369916,1.9183017273980527,-3.714145929648639,1.3623814102606848,0.4896932574207199,0.9879603660791691,3.116315984279788,0.16885456780915525,0.09942658690480016,-1.8685923304569836,-2.892486852237281,-4.422714282354153,2.0
44.09691209234758,45.37743312209646,-13.040003921006642,-20.171253784136955,-10.995439942601097,-2.393075640008331,-12.922767532225189,-3.038855611550229,8.44568339570901,-1.761733448825148,6.143715324443154,3.7951671131168645,0.024984344752191613,3.295525012270441,-1.9083808034671916,5.242466240158357,2.522938146353175,-7.13566848986586,-2.747568022437248,-7.593409227131998,-3.014725864340482,-2.0642029479559745,-7.44431487855281,-4.793647877324877,6.588668800550036,1.8358072576369193,4.755927135719471,0.6443979761063341,-0.43012650458738066,-0.4243950294519687,-2.1679147512101498,1.8257076582349396,-0.962010373357491,-2.1651990948463964,0.8477451588377615,1.2971745944878845,-0.5396961236930448,3.5492118769525627,2.9095251182846336,-1.1075746100850739,-1.7639775476526958,-3.0235222010460077,5.641899610606598,2.001890214758087,-2.263600117026233,-0.5913869629893979,1.5890526285584854,-2.736787231038077,0.016381766265984338,0.8737967534122221,4.0
-25.245515790960926,-11.316536354099139,-20.91686401124039,2.0880330509661005,-12.418861146120726,6.421390969992964,-8.749630848060331,2.4362587647068734,-12.653262417165989,-0.12117139923820572,-0.32408387201490413,7.675700616649965,3.8432055235549196,9.276528258521004,5.580816835328003,4.864748552436903,-0.22666234336108504,5.5180281689283825,4.29095625824381,-10.178294485787157,-5.873420462868988,-2.0065575193023766,5.657983623594999,-9.428716408412676,2.044221832418108,4.1608626698421975,-7.8943175293850585,2.4259310485284202,1.7811506396303252,2.2379686269972745,0.8724977325013649,-5.9937801049456585,2.2279060572087603,-5.090254333598715,0.571929694152366,-2.9519482679452174,2.204870883810715,4.759750435663434,3.340670470575406,-5.328816793863876,0.12750679336725493,2.9001227620283494,2.225293801517163,2.2636324166275292,-2.8723368075476694,0.7640843944643925,-0.5409285171378881,-1.1312751042530667,0.4317469676045621,0.04794161968498506,5.0
-5.197320018569616,30.98484033337652,-20.425040004371755,-0.37254635260620644,0.7965440105022293,-4.226483562513846,-10.752645445741448,2.964360498991495,0.5680557998558621,16.49631801720772,-10.415192299315105,8.348135079288555,-17.82656261981932,6.994992647259879,6.488086245687434,8.093497285958328,0.2995780136857983,3.141910439823619,4.346768310872339,3.665211259878557,-0.6870703332718301,-0.9468327079554769,-3.73523655429885,-0.1396695964719125,-0.6185348540680636,4.964098601684622,4.351017558768018,-16.053148212471566,-3.3796971941390064,-4.718606955811301,0.029056247764056166,-0.7090630023614072,2.167308213856037,-0.7339435867278925,-1.0357306736738456,-1.384308816907697,3.1833094088566494,2.077606166839283,-3.6854586590685154,0.1629895114695263,-1.8990144046218138,-4.021209409573498,2.3429685035014947,-0.6932547611228,5.212887812478876,4.69184773661804,4.555408902142263,1.7038162483339396,1.1143280641475597,2.629986493161233,5.0
14.421400375722612,-10.870011299479284,18.769819127108445,13.66786920102677,-7.76838281643432,-2.598031787905491,1.4952239493512527,9.715973419119342,-17.035943754875298,-0.5171061180640589,2.6505066403191897,0.1648023955412308,-5.954416628599381,3.0009335173120495,7.27034845617197,0.49587625690591797,-3.627957831096151,1.1100277769202367,-3.3762162578475228,1.3791853540396435,3.2739381817634334,-7.141052386566234,1.7427511840045586,6.505559662555196,0.3449615609890439,1.1014598518320375,-4.431488315409477,1.279686372432818,1.317095162855569,-0.5517295717716365,1.351675676327069,0.6550381703487635,2.4319905762959797,-1.4672573996930498,-2.744908439375787,-1.0120090626333427,-1.1717653608784564,-2.0957316460601563,3.2591007180418625,0.47043300443627206,0.35221993361771414,-0.29014844053976635,-0.8985655395487794,1.2484158709864221,1.7249720917099889,6.279231478152659,-0.7211965209387393,-1.946539180984908,3.5086108152952145,-2.5009077927174435,2.0
-41.83941482616683,-22.994037448724246,-32.74548083797638,-28.876024459365674,-4.666919100985975,45.145657244211,-16.23670525265125,7.636556257973334,-8.908116159103665,-8.490302225192902,20.78402024742289,24.813895244190864,3.4404492351828986,-19.903954742795325,-22.887559746304504,-20.419743661272086,-22.536150276305936,-9.70869045756555,13.267475595120741,-11.285765197352237,7.084257574949806,-15.276595616334706,-0.3354890350886136,6.369416387049426,-18.320755278569596,-5.916535949809671,12.303258311457382,0.4490037864748807,9.595531621089837,21.111443890821725,-14.091195914037426,8.01458344717002,-1.7719352055331636,-6.617243050092152,13.643287225311305,-9.654788112421825,10.485060202150903,-4.171918261050035,15.536603470130244,27.20114903991884,-8.938804544187056,-12.065302640447621,2.7381406784464972,-19.660330139173176,6.2712869365188375,1.8022525565142762,6.649045756212332,4.023865741062174,1.6861959016819532,-12.031417122995027,5.0
35.70450169127112,29.07352199664268,0.765337600025923,-0.7812252478578797,5.778965845590539,-10.061673328065405,13.07670787595656,2.5810416369990508,0.8600672033766426,7.256869539946086,-6.3394702227152,9.850856470236751,-0.9879440760750934,8.123548840282144,0.6811529156544528,0.43616660337085855,-10.665696413162669,-14.51542552491052,-7.794986548589058,-1.4816657311349122,1.6670844413305288,10.37175980129952,-8.106330160092007,-11.042586974592371,-3.2483977971877573,2.5302132497263456,3.498011797928168,-1.83526421220912,4.00057876572897,-0.7452333889246914,3.1598894757006937,-1.723936120528448,0.5412982883852853,-0.30303072140931775,3.222663951332357,-1.7961096941719716,2.7758800270105866,3.028560058737149,0.7805419674471895,-0.10854807978687885,2.090757734768425,2.8808240677396637,0.10380067207934597,-4.304927103456457,1.360546219445191,-2.666967511705401,-1.727916854625047,-2.267301516472102,0.5238972765392441,-4.17018489917331,1.0
10.91529436020251,14.5196966243549,23.157381757557797,-16.386400799388255,-1.816865887136877,-9.813797667098237,-4.792419131364545,6.752634700969915,5.5418418114261,1.9664068880360437,0.7130942934456234,-1.1066658508645508,2.7401934533667958,0.30046435318072934,-7.0571840140669675,-4.981004645303833,2.565682100177977,3.6299004780954696,-2.151677334119143,-8.929804997947645,0.021197831083691984,0.06351778126823905,-1.275842343770082,-1.1313741200954315,-0.6553008044085831,-3.3854861739294715,2.90002060145089,-3.9177056362621876,0.24323276350548878,-2.4883714140797597,2.39836114803497,-4.033332808010523,-3.897979121520046,-4.719685481014528,-0.4061810462131473,5.068190820330159,6.838616579884788,-5.263819899939208,-2.1569929358941353,-1.7407273845324194,0.46833337914011547,1.3135744567112622,1.5523602516735173,-4.266249433868943,2.1947342025425334,-0.8702925547002479,-1.6099992852540543,-0.31075747904610596,0.4341663762278125,-2.5947381970113854,5.0
14.493907016018838,-14.332356795248135,4.556952491849779,6.68087747428412,-23.918860415401305,-19.196179833800752,8.94136459407321,-0.4000011539767848,-0.9682412744976607,-9.112293516298376,-7.0484395804908715,-6.568281167425408,-6.3500659985761745,5.084361111101157,9.157340576525462,1.9639394218898478,-6.099288488331199,-2.6511706704741678,1.7369721355746999,5.492096906588965,8.3016942558152,-0.7327612957415972,-9.878800390655265,3.6757631730598086,1.3630762578130806,-3.3227966893012058,1.5964029190493483,8.971033807397175,5.050236153722346,6.035460319370569,-6.704159236615825,4.8654882675477875,2.9532555089037436,-4.017641151085418,-2.2941366386923554,-0.28726444401803486,-5.910832935266353,0.5804493223594872,0.7221440330757464,2.3956749973033724,-6.937815751926566,-3.114659936566174,-0.41064661067829994,-5.77684912818863,0.008801842847826067,1.617071144483599,0.8784416751429944,-5.000095869785331,-2.7756158204692,6.024191752291053,2.0
-1.9693750392154514,4.979377664881672,-4.514701065602544,-1.018327391758055,-25.92674608166233,-14.336476659119455,5.6620520581858385,8.082062203685565,3.6256516511164376,-6.382240122854321,-8.471745705480995,5.423771885629931,-12.561203188534403,4.844679207099529,6.151312995198863,-0.18932794959438987,3.4550868178142067,-1.8201723687704794,-5.876430976792411,-1.1599811607135917,3.539359560499464,-1.6406730578357858,1.9770303260404272,-0.14831876030996688,-8.945101650459884,-1.4876883426815597,-7.6926145667646235,4.268793815335416,1.8440709953040384,3.8346735742485896,-2.0315217763733195,-0.3398121023341386,4.51593823839102,5.952246403905254,5.893949767398619,-5.781133170792287,0.6507736181686922,0.5594691118376749,5.514702991409854,1.5405491688775361,-6.4196468863290255,2.7220347158465947,-1.1056052972855275,0.2201830820987798,-0.2529101423393837,1.378478628621196,-4.669490816317257,1.865466449720624,0.5720899602632857,-3.6926609466969857,2.0
29.51280475018344,-36.650067278303204,-4.213171780367154,4.247183209152293,0.8142362063700965,-4.856850834567354,-3.5123885177781475,2.1318376141738096,-12.868848889137794,-0.18342628609216016,-6.986682304019017,0.10980632891399977,-7.610008499410905,3.466596719020305,0.6451263973333919,2.381399216423941,9.062217153154759,1.5425115703949475,6.342490207336107,2.4827050254443557,-2.136798883417749,-2.7371662238289467,5.167492580644588,2.461520136460359,5.222213316450123,-0.7847515151267983,3.547440282716133,-5.443264829016612,-2.323534356831896,-2.4792918060201448,3.940381230418864,3.079434330185871,3.437408316404467,-0.8576706153123574,-4.5078686668893715,3.236523165526558,1.8545367977474372,-2.569208783630524,3.2845277029687088,4.6156215120742585,2.1377651095675607,-4.960994491753175,0.23718314296101312,6.499543063244988,-0.5704195147581104,-1.9138739312777346,2.214574919345556,-1.263909479501136,0.7977470681691663,-0.8824949231865867,4.0
-13.125846988651118,-6.18008243990131,9.08913648470192,1.3345282497650213,27.792450063465612,-4.79178410163676,2.4737664400265973,2.572034449565066,17.23274198315982,15.759819022251026,-6.01525856961719,-2.5175710698202125,-0.5796111183966751,-9.050399029137726,0.2838972112252178,3.3636394937996683,4.676697694508499,10.568500294814175,-6.389174397059642,1.0086856503702946,-0.12769345300076687,-4.5968490887425455,-7.3089841622722895,11.022080591768082,4.490973485958193,0.04691710216368672,4.256499534769216,2.103181099925402,1.94576469306747,-0.9519934025384104,0.8747553740603948,-6.087470800567441,-7.070606398014744,-0.10347057060489073,-2.3907417457494256,1.2825263611962552,9.301454718656565,-5.812647025184538,3.922522362715237,-0.022108514069819035,8.63579913382293,5.01472100186638,-3.4478863016133845,-3.075964901533241,3.6325362750071704,9.76244302320578,-0.3051514696259321,0.3083919352573211,-0.6663172762982302,2.2381755784369397,2.0
-2.8522373037200013,9.54875061418483,1.181003259436719,-11.352778183532783,9.717514345169162,7.532566427120799,-17.719325457524157,-3.3652571236425763,1.8990960075487189,-9.138406830498562,-5.3357950426375735,-1.1664989029731612,-4.292456636776945,4.128767177183849,-6.839893675663068,4.698727462599147,-0.012407889368682147,-1.2433788654587181,-1.9040179191419309,-0.29596169406867034,6.196199900658064,-5.629987701595246,5.0614026858111565,-3.48535642784916,3.075679306793997,0.8031957595659255,-6.469263653222631,1.7288376588362557,0.6199876145297925,-1.5552346937189245,2.9268423914615838,-1.1021912151213062,0.7364158212116424,-1.2023348447812265,-4.262773473092615,-4.445654081718834,-2.014549508275961,2.566964435865886,2.4702518898408545,2.169538202187365,-5.436850188612704,-0.3201288664289294,-1.9614191409410033,2.6828033147799832,-3.404698716888987,0.17674761478503814,3.0553275709770062,-0.5119882556025515,-0.07796178281615092,0.2324648420125814,2.0
32.1629631549983,15.897064176194855,-18.41552965734665,8.856810872338029,-20.68489335025666,80.09718031217243,48.48201877015729,31.389989257552312,14.817618645997735,5.241796568813702,-8.886053978312026,-30.68681710134492,2.180635166095378,2.238170370975221,-10.81661056920657,5.950521051063688,-0.47371180194155493,8.326393031746441,1.7328038658520026,3.6943784327553058,-7.056769218479927,-3.8201223445434724,4.9639369310061126,-3.3430499848692934,0.5503664268149999,-1.6645488040682148,2.1685600274520973,-5.251285369643898,-1.5224853441957378,0.815740435760953,3.666662488237617,0.5549454441600599,-6.147635049837904,0.3544900002693366,-0.02610536008972753,-1.7928449103696653,0.9331542656682734,3.2167413301249423,-1.189451691390512,-2.5324918752469374,0.36515488739029767,-2.154485652815482,2.165211093658764,1.6163969897723247,-0.9106498409023588,1.5423026142657317,0.3572914294667504,-2.034906488122077,2.060961420617995,-1.1490957104078043,0.0
-28.367772368563525,-28.849615689769156,-13.643576705419866,26.223916586756822,-3.9630075641701117,-1.4793246905603123,2.030043776499724,-5.871991882138655,17.45732876956016,0.579223354512329,15.923657691042548,-14.694720544964765,-1.9565133727996677,-2.723637952222622,2.357747492656319,2.510883029509792,0.5246423115877643,-1.141222034533878,-3.1306560031757553,-2.694547432530668,-3.398910627685626,-3.5869531166905455,-1.0043365370905564,-6.05371388601615,6.734702080442119,-1.8916478371748204,5.163850736513304,0.1142638306906001,8.808230153723914,-5.363217384351691,-3.022747432648289,4.756405707102643,-3.481726056643559,1.8725248439102213,0.9148145163113979,8.695064359597348,-8.051573751221225,-11.367408227837249,-3.343007642843008,8.294662396691155,5.950030858339483,8.55216136537008,-2.511116071315883,-2.0574849826150277,2.3858882387102773,0.21583766510430014,-4.695609350062005,0.0777041415891042,-0.7003669011856621,1.4050531243724946,4.0
-18.722076279508016,-35.6264611282645,-2.169759711362498,19.70887390295779,-16.277281486765173,-5.060454590724747,1.2606534022260305,7.849674487041106,4.554021904773593,3.7573235704448513,2.872686409337606,2.3765603718759323,9.717570765376097,-7.18920216455539,-3.3193374113078766,-1.8177318195910301,-11.871388454463302,-0.01654583472522693,3.097444808821793,-6.303095017827297,4.0618671490651765,7.028858408590206,3.9458129126887536,2.6000098538393304,-8.790091898861823,2.886142917346499,-5.479799568152875,-5.220712091226147,2.652802324932536,-2.9760359549122026,2.7772729453436846,-7.365369664318434,5.159834714943941,2.584513368106365,3.674230823981306,3.973018022444712,3.8064440732038154,-6.8227215548865585,-3.712825731228065,0.34424725558288966,-1.5220321178126786,7.809971078774861,3.3762979138779072,-2.650099159668149,-3.6545183520520843,0.7754031684157401,7.460964016977387,-7.783382247812288,-4.222009261859693,0.8631543099524389,2.0
10.377608434530991,22.538992539348644,6.3506759592633895,7.367805245027545,-6.572952020424734,25.58643875453104,-15.93344266167686,-10.951201184972247,-4.968978703603812,-15.039786557290848,9.216692950444552,0.6968151531508263,-7.411019573827487,-6.529569698412986,1.2068980207773743,5.067352935855627,2.2980380895846952,-3.176955489954209,-6.261816799881313,-6.896862111823898,0.10318475632964383,-9.986103848136926,-10.620483841465841,-7.687694498320222,-4.379903779754346,2.0308655355968717,1.336149455285003,-4.428967310330953,1.9623783300071216,-1.729129530608617,-1.2770213762247775,1.278101243719932,1.5475878894872228,-11.642357979035674,-8.647747042294434,5.819972568360178,-5.313860658346914,-0.7300615694839143,-0.4432975990499649,-0.4655736254668145,-1.7360567791875574,5.531101802366255,-1.9529617541530029,-0.10320452123442224,2.8349762253463635,1.8495097880563705,-5.536501903378314,2.5883023339596227,4.327375725956091,7.273455843951862,1.0
-25.374018015865605,-24.91922515350916,7.533111465894634,-12.526578133630636,5.983311342486447,-0.07327413121821946,22.127771193737225,-4.280795846989291,13.230919165905542,1.7198711211552682,-4.056367468866276,2.973082761118629,-4.213005533640543,-2.037244309783393,12.72184178663776,1.9939017738278841,15.68129973186517,13.750210750672442,-7.124263160458234,-0.8626306968636175,-0.9157309504849062,14.316257503788776,1.7581833802070133,-6.038185469887644,-5.838806430553748,6.296257207944293,13.822746355580756,8.994914679729742,-5.1955930654045845,-0.46769327565298696,-4.394233939014893,-10.22425897293911,5.87757274805254,-11.618205575345916,4.091098379853548,1.561754576197481,-8.402652639256424,-0.39831442696471675,3.896575143446702,-0.7556820820178052,3.6188361934024416,-1.219616006883777,-1.5290998578430894,1.7350416868145337,-5.380832548035464,-0.035161276451937756,3.18626602287774,0.1800260871349035,4.904128464733156,1.0989455921443325,5.0
-70.6863911941352,28.564012711508276,3.060934532961455,2.747154671471006,-2.8262128380156564,15.693121815522554,3.1272738479983344,-16.244813468860084,-19.50299481579157,10.448326454116936,4.210238393047337,-2.3000957152095745,15.51596648709121,1.864899753251243,1.305046920671107,-14.58078836406449,4.852651742752199,-2.009320706958265,-2.8723256569631994,-13.60961924186573,3.4014638814230502,2.8639978940538064,-0.6752324988894971,5.918428785342704,3.3069608319827393,1.969072973397099,-4.450285585676015,-10.308416288361034,-7.475028303960675,4.470113087680762,3.9434693265410283,-0.9527780849671871,3.157129563392267,-2.5056812417935075,4.341580305167566,-0.32701797492796375,0.25445656023008084,5.845459813331678,5.965795455808401,0.6065425132555616,8.651065417071596,-0.1734601608935457,-1.4886045947876947,-1.6001116361477525,-8.613732299887298,-3.104822107780623,1.3273453525535692,-2.4754209149176,-2.5135959396937477,1.4203943779132482,3.0
-22.02242087203479,-13.558483149734858,17.087707662473402,8.944882114979302,0.2803454454083508,-6.39609176424001,23.76573842592408,-16.7553772283746,6.525867191830682,-6.668970715375401,8.437857948842957,-12.391505400258161,-7.945010059418018,-0.9162613972207487,0.016620189560671718,-3.875019577442359,-12.365005088575321,-10.269143128837,-7.862602511059231,1.451030699323058,4.7519583904780465,-5.264022324039144,12.68247655340591,-5.249029273011128,-1.0467657049753962,-1.257477255729608,-3.5719674959490275,12.52922682361804,2.105323775774275,2.802830862482341,-7.4366470768003765,-2.7905882760977323,-3.0169491736922796,3.8064382071029845,-1.2742599044405813,-7.327183029097177,-7.707137939563452,3.0453098031761536,6.240033937042311,-4.837257188253817,-0.07894225799974776,0.6269634217987436,3.3936865480783975,2.046756488668766,-0.2746546869188254,-3.0359674728187325,8.01103361568533,-5.31222524289472,3.0306453386001655,4.648241686714811,3.0
29.425606630299853,16.297000912352683,-30.66453475592821,4.0265115906943185,16.146123073679274,9.312099879292091,-10.519763843674628,-3.5358842741174725,3.212522112301242,-3.147972850444516,2.4239694542079047,-2.355580951684322,-3.0856522912607165,-3.6109993248316554,3.338518257824232,12.75060111423297,3.731724291571914,-6.523549943816477,-1.3913567780572906,-5.231245119364145,-8.086351723346755,-9.274834815541185,1.2148360618704326,-1.2163998184830669,1.9885754244381517,1.8063312800029703,-5.4546674768162005,1.3988478073601964,-0.18343089109427027,0.8031323174745629,1.3907241590503656,0.9170130158529842,2.4813162047296964,-5.2446524509576005,-0.17975098179107712,3.121256566221012,-5.312789386811822,-4.1156071740210285,8.975916141141635,-2.7447981898247047,-2.5672011658858334,-1.2519313692579754,1.5122928544842364,6.516404536092555,6.468456534098794,0.40856174231538944,5.186017170230527,-1.384233478129376,-1.3113271807214746,-4.289382103798057,5.0
8.737982559226662,-15.910306051092451,2.0748245338240285,19.764673199058297,1.0471657935890124,-5.641946381965908,-2.3554611054123646,7.474654165891992,-4.03058420702018,1.8032034982847793,0.5551686241404727,0.6960656150166842,3.332610957648641,-0.1958029739081289,2.1235030940851187,4.358493695181148,-4.140213008892538,-2.16032608775936,-2.434602835571317,-1.1275157828120594,-0.5647256739427775,-3.158703550273529,1.8752310932020184,0.041420582309849976,3.8242053521969317,0.11047630686231237,0.04978081394690285,0.783550173422306,1.1841632597856881,2.2956120506175113,4.890360856249464,-0.2776634650127405,4.3943772501323615,0.13343654312188205,0.6638125035560023,0.12533067593010863,0.05625168001457706,0.28549952957589875,4.573383324317085,-0.5404417574634919,-1.2031964875027044,-2.170781823573601,2.5839812810115896,1.8110735206635389,-3.00831467624103,1.2817074013354317,-0.956388306956202,-0.5013525990984606,1.080342947785103,-0.16184723046558377,2.0
-14.04652578426515,63.35582680580939,-2.9947232264920958,5.947064477934429,10.371485684410287,-13.52629126080125,3.7707224350793105,-0.3421178062655346,0.6173817554367318,-4.331706343507173,-3.137206634468971,-1.8315092601543728,3.232582630065441,4.656872876499008,-4.117062064958297,-16.148662880003222,2.857267905594905,6.873652536842225,6.173347221306654,1.8562552699409829,-9.459550158017041,-5.420340100883601,4.2449916550597475,2.580696830301569,3.03739151024314,-3.8676530491025183,4.944950888697415,3.304732622198459,-0.3166626781028614,1.1935679711277303,-4.802541486958301,0.7061720555692508,-0.7031684041500641,-1.1888935060572252,0.40195546005665117,-4.488278058806798,1.35914631077995,-0.8737279847445111,-0.9548858376890319,-0.4162738618843713,4.875244992935993,2.8447743119339193,-0.47475950547435364,-3.0922611902075166,-0.4816269642533068,-0.5107214323931474,2.0041698951445817,2.92773436054054,-4.552272178962782,-2.182529649401313,2.0
-15.084811944889482,10.24421024329884,23.283470435131047,3.6849146119564535,11.273695657659015,-5.042515184879849,13.7282428636186,5.120120185815645,-3.8889522757927555,14.133032399273464,-13.39936995152283,1.99719440814142,0.48589171856648034,-3.2744918719713003,-2.512522836469647,6.26259796214664,-7.401434094951118,-0.8028705449421245,7.0352663182229245,-5.639062955846293,9.097795654281699,-4.283092771095652,-6.618809227144373,1.781340537182276,-1.984292343119265,6.996146430208244,2.203322992737431,2.7566558242897363,-6.4554952026337995,-5.779920002805542,-0.907874443432954,-4.456846550911658,-0.9037866109921734,-2.1417843360299154,-1.6570118891001202,-0.11567158693155763,2.9154802757961584,4.3653831845687865,-0.5844902218912469,2.5456118925538624,-4.476281392677211,2.6997344085691988,0.1697780242493518,2.5304471139675417,2.8413845791338765,0.779489274865125,2.5404580247511888,-1.6419257551531676,1.9756183144198565,-1.1340214215027566,5.0
16.26040682996269,3.8361692294502747,10.561298403314154,-10.839860006088633,2.4498432369533267,1.994919430295158,-12.420842612371114,-5.052911006837463,-4.737381579380843,-9.929475813940364,-2.4796938276353084,-0.8602844908577002,-5.02004273085161,-4.671998096615926,-4.391681603310963,-0.7571886261161316,-3.5586988774451074,3.234147823560561,-12.174894492159176,-0.7166677844462607,-0.5611288460025334,-2.9828964191021257,0.6579897561751413,-5.949052754987979,-1.3585171545325567,-2.3086646790222765,5.926166368686962,-7.816267105523631,-4.833951794388177,-0.1141960082163499,5.024802914035455,5.993022652570326,-0.4564463762252173,0.06826147347142124,-4.717140169205119,-0.5370668145355205,5.262093645142121,-0.7094323264753973,3.464291963901803,-5.5819315129278415,4.562191027460378,-0.803910369736071,6.456878624954767,-4.024864085425616,2.222542197747118,0.42303335446446944,-0.15818248573451407,-0.5913092472256504,2.7709113837865083,5.279816816251184,5.0
17.39890912948739,-8.447446934640602,15.944213603440973,-24.74365620408823,-6.7542589838709155,-6.839528276785217,-1.803601160612588,-11.582906650045144,5.536229043797768,-13.612557776862731,-8.26597835780112,-1.9121986821719645,-11.18100951480142,3.913816787321048,-1.5828996604165106,-8.813377826610367,1.0803521949305206,-5.533865351901675,7.26231381569532,-3.6292250637699435,-7.665211216528644,-3.169382159856863,5.433214018637998,-0.9630633566364025,-0.815450003083425,-4.71102003635323,-0.7981421746896457,-3.9729008831158374,0.27812822406070514,-8.372787914439597,-2.4532578848356223,9.262870418037563,-0.07348658236887275,-1.0301391752812332,0.978079280471143,3.6570379765512495,0.3890135741552707,-0.6403085042843255,-2.5650017009065804,-2.224871955694339,-2.4358330177489877,-6.612320818123308,2.664457167605594,6.398369773460121,-6.227846265372011,4.142946404331176,-1.5153862491162238,-0.523077862667499,-5.4716331787959005,-3.0475120228192325,5.0
11.43986452019984,-34.914588490656946,-6.555139788101421,10.424828878558019,-4.2762133999771335,-5.255507085910735,-2.174828475415422,10.920867585233795,-7.2218649966051025,10.311509809071563,-2.345854337506442,0.07352599310903563,10.411233222200758,3.4706512171450052,8.331831578241145,-2.79287998845376,-0.26980125346066514,-3.073888006520142,-3.538506063200395,0.4841118016438996,-1.3398518442416838,-9.322485087263605,4.932530950448109,-0.581463722912318,2.3679721179313193,-3.1241302599350678,-5.0301673249135455,-1.7642052730801578,1.9639105031745803,-0.3083760115359245,-1.5226208630909108,1.472506128714325,2.1163791538335475,-2.615617671632509,-3.7341858398198298,-0.773134307699685,-2.8134171543780147,0.6788044221100218,1.152601941370094,-1.1647152287250961,-0.8921280285684787,0.05049274898459198,-0.4397877957451326,0.9081254673139024,0.504837377361174,-2.312074907730268,-0.6298739286821329,-0.7484656339458197,-0.49878696708341963,0.24050490057931928,3.0
8.713027729487145,7.037937118372083,-6.9458520777376656,11.29065363066847,22.401425973204386,-11.159505462437204,7.815889523607615,-1.096789120200014,1.4322734339967083,3.689750528057194,2.732058232684482,-5.8268915639499514,-4.440102380846444,6.614939513245561,-8.46530756014659,1.8308748142296956,-6.8456876335323935,5.142136415557943,13.212158545569888,0.43037538505346684,-5.831255851910897,-0.5272409633448336,-10.297804489136018,-4.200973731466501,2.0470351141902126,-1.4667134672933424,4.2884714776617585,6.408511506038765,0.043260408895794085,-4.625622399076036,8.248543750845847,-2.460468168836505,5.530443110604088,-0.6898285671559118,-6.036125888515149,-8.01953617157392,-2.2674367477362036,4.041339924555314,-0.3055127741720613,4.4752471927714454,-1.278639064212244,0.7777036388457537,2.148659507833863,-2.146555425977567,-3.8619146947230623,1.296686962855149,1.5757321378793088,2.131085256481035,3.3699132840447015,-0.26298314859977256,2.0
-42.867959137497216,33.23785273070871,12.38134467915955,-9.171773250775123,-0.8262761461858524,6.043568037269117,-24.600768126642393,12.142857105406305,8.05566363523539,-9.650273376258342,2.4726685899033503,-18.673432845823232,-2.1757971903978985,4.782843045172067,13.493701008053291,5.507444600918044,-17.719497985196,-22.286383752043164,-4.606056606982539,10.69457719748262,4.767966627295371,9.649309944065708,4.319346044922947,-4.520322623751177,-17.76202706896561,-1.300639166337943,1.625525126368037,-5.385126833486702,-6.101569223520402,-1.9850575206610217,-5.986966094191962,6.970314853384952,5.614415933936586,-2.121513011552843,-3.5408252306431636,-0.11924114883453829,3.861222873516064,1.9751704033768123,1.4579619561828447,3.118636343434565,4.719817307661984,-0.5748462542340017,1.3630669630757726,-0.34125211488554263,-0.6160952809190697,1.3448627031758387,1.92562381797608,5.573611962884896,-8.847521838122665,2.916352481438129,2.0
-4.826502741955075,-40.96654945334315,-8.575403446381586,18.90627446598002,-5.908619645265583,-8.15351963917084,-1.7694310375122708,17.61225234485563,-1.8320877003734786,5.548715671304534,1.861770618626716,-1.5118454214932404,3.3423001194287703,0.7912538940249316,-0.15169227439626423,3.299940345048775,3.544438930483107,0.8812810320805599,-1.12756839783772,0.7087622539512208,4.098551354696748,-1.333047033287773,5.491046926393455,-3.6501002458313785,-0.022862254973821442,0.44741800417565797,3.519063987786337,-6.2701039906466045,2.397222317244441,-4.970277581906596,-6.033749889335911,-1.148254480962593,3.962354451615253,-1.2180258267384478,0.4007953350866709,6.634095757587188,-0.39915583589997455,-2.961088212641326,-0.9414299893713148,0.11593033160793641,-0.7201738513115813,0.2307304553384652,0.9152789544243227,-3.8402456554138347,-0.501825721811672,-0.7663800930244673,-3.307248156214034,-1.7162231519159314,-0.7662812616508461,-1.205344887439074,2.0
-46.42177760370706,-5.7114953316837385,6.730092642898706,-27.45546536723714,1.3582059291048998,15.639050923285211,4.634750856520274,19.447284618492507,-3.611476264731093,0.2328830542640233,-5.995804455462773,13.201147408437603,-13.774221869180272,-5.563821722639178,17.569919329449757,10.118057519689449,11.022122759859993,1.9728474633514919,2.4732937057582096,2.31503044481709,-9.266888086781776,-2.0521862030111953,-0.1289226749994495,-13.330539245397397,-6.239803432911096,-6.132900177209532,-8.090315721238568,3.0511028917991925,-0.7611350569945361,-8.137869072810844,-13.754993708361082,-1.3390915529596206,-4.0212279298270115,5.277805699405751,-7.207101693079038,5.65844207936669,7.770507019418155,-6.419640931264793,-2.3163625687962033,1.2837568155124932,1.1889989280734377,1.620440481584961,-0.8226521162934178,-11.485742160794004,-11.486282902139395,-3.9331843486527167,3.567865557059562,2.9081571073771535,5.778092838513602,-8.194408195958484,3.0
-27.775594344331303,-39.932660413451835,-6.17384773300735,-30.664558315010993,-4.758029760641605,21.62186380317872,-3.3422415457994217,-11.233180577107627,-6.767758552635895,-1.3034287157750215,-4.2774262743532905,7.570287176987389,5.689830185376469,1.1643740696440985,13.641201744435106,7.389837391077396,13.174809808481914,7.275070559812065,-3.9402298482750457,-0.6043520186673018,5.335780851805049,9.811578112326911,2.532573575522568,-2.1463439558780655,3.2166395316897396,9.069190881753991,0.30925031398831093,-2.2769485912980576,1.1044424914664086,7.063588904561627,-0.39374949423396854,1.420542346374903,1.009348549351145,5.532297996365426,-5.391038196078589,-4.945753681805687,2.620266101997972,-3.10234586010955,-7.92803676855091,15.505023886159353,-0.8891464981788902,-2.7716336568285134,8.482111180949445,1.964161936000919,-9.192118420082227,-10.784515300145818,-3.4788495455859025,-5.3366546202463,1.0381428706718714,8.222593759987923,3.0
-1.1400921788671314,-7.563104727587363,-2.9719783271239573,25.24048290650633,-8.958917804573332,-6.419432464430626,4.315735565967666,-9.86698175781242,6.606497528014614,1.5871800404730656,0.3238109637185835,-0.32585469002253004,3.758616964797011,-3.3500567445436547,5.073940054631376,5.353042503931431,-2.7840058506297565,-2.538905929708589,-3.3360296739992474,-0.7522022876219709,3.5552533310834464,-0.8431149272987599,-0.5120223210441391,1.000659986734585,2.871496165985137,3.506100308477962,5.544626118010715,1.8044783435185554,5.259707290192013,2.170022172759354,-4.852192733500582,2.8726289240508134,-2.9706765847173955,-2.8047174627140428,-0.9472476888931309,-0.006125292055186914,1.4845418106808963,1.8830004164732252,-1.9124710636610311,2.032230664489376,-5.507812863743492,1.3269843780541801,1.3928652559504822,-0.038426411979256454,-0.4641969152980524,-1.3304498184836206,1.2070748415994128,-1.4537502429521871,-1.6356289203861847,-0.38960762447040626,1.0
-32.27280215478527,-4.543142141037663,-16.1985467572566,18.341325289766594,-4.313749634110143,4.440522776690055,-2.7196904947267004,-4.751065255889773,-5.348582389019685,0.6119034408650902,5.792102352579203,-3.09817650004697,-1.9156310291828516,0.6115612785543668,0.07095602585935375,13.32320072084073,0.40566079135907523,0.24241009375845116,-1.4797090270426396,-4.589041011842841,-1.9771115035351412,0.7873660022089176,-4.763034668159966,-2.940217594176115,5.2339044865495765,0.640306094962162,1.8740234186498514,6.266290137902068,-0.9997917100590624,1.1782762442017034,-2.278587531214618,-1.230042988509676,-4.554833162551891,-4.206808676563724,-4.059253014258942,8.596522902316037,8.647965659272174,2.5962648666931365,3.2207920191522317,-1.0424596683938443,0.5395378558708972,3.292107945107833,-4.096572881575974,-2.5630951886740205,-0.18644202280545813,-6.929550123074034,-4.093254133750203,-5.644386698416875,2.920651742247716,-1.1568506201696886,4.0
-45.32796653575693,83.21587907260465,11.382858769133833,6.069014592078424,16.55869607776221,-0.20490901295307487,-3.6016093800212765,8.272505513060212,-3.395902736270534,3.944489374961734,-1.3035231122611108,-10.776767505141514,11.121562319068271,-13.549980061201047,13.913461887346868,-9.020187600888837,0.6499039686304547,3.076628830249285,4.271846181497852,13.60927326652219,5.8145989347750495,-1.3982427470753385,-1.9817785544090423,-2.420689471456825,-1.3527979920290174,-1.831971457832082,-3.4892696615756886,-0.3385102198614882,-2.705778353660965,-5.126569289101678,6.004233725028747,1.8718364683707336,6.845862241410705,0.8842415524032372,-6.096765671809938,-4.407150646938097,-2.7425683621403545,-1.0839449808367863,3.8918376362745914,2.1224615906807687,-1.624031093975523,-1.9652913952908388,0.26746937657043596,0.5039698983904696,3.3723105385030685,-6.591716476276184,-2.303862592344497,0.4705072954877502,-7.16804999326186,-0.34954922390116144,2.0
-8.7509880116878,28.223974665245688,13.772917460935508,15.608894970590375,8.652484302226148,4.966229317504943,-3.597556693363918,-4.587477400408641,-4.1602163631548255,-8.898639732489315,5.601990914161744,1.5983144159888942,-4.784198668116572,1.69714291155442,-4.697249943902421,-0.33137217789986734,-0.32661421402588325,1.1672616717482922,-2.0405832907253014,-0.20971209527072202,-0.8323357530862435,-0.6768995487835433,8.168092628449344,6.073352344043287,1.7870312242904205,1.7954281160704337,-3.985762723942103,1.8788930986950751,2.328498696525828,1.8537305844900753,0.3716592189598295,-1.4407774454145361,-1.982090170941437,-3.234010898108624,0.2056419307298028,-1.5392850204608501,-2.963069594671857,2.0941166633452664,-0.8787605054133889,-2.7157537627031285,1.5392455526979898,0.07435049313092293,-1.1856818618783067,0.9781457708941512,2.2368191069464927,-0.22990214363850367,-0.7011737653761785,0.02930965964440641,2.797106673165785,-1.287806160267387,4.0
13.888836185812178,2.4028402774634516,-23.978081508836578,-2.544745456369143,-7.326935355183145,-9.531575314972097,4.213201026776805,-13.958237982048027,11.422639220252588,17.193822244059366,-15.655086808334152,10.309895186933876,1.2111513630141664,-0.5434395038998473,-6.925261883986428,-9.673159586154641,9.585032671614321,-2.51703861916415,-5.88207136017969,-4.160023682262933,-6.4872661077322356,3.8643709324361817,-3.491941549396076,0.29042419390025676,-5.842813539603712,4.605380212279406,-2.2208275225911804,-2.6450213888277805,8.407030669301234,5.384358589824135,6.53508521116773,4.551220626087081,-8.025833431399594,-0.6294501339651414,-7.092811988971574,-0.27645909578206423,5.789064865453991,-0.7604997062865353,1.362114524690239,-3.575693525098142,2.7557094421409163,-1.401358140727116,0.44961063965303405,2.9782449149504857,6.396908386677666,-4.599860069903501,-0.0644986832064126,3.2669390335062594,4.385542760585934,-1.474702055265727,5.0
-16.87109829005461,1.4118928652258325,5.756136689872611,-11.681383731387069,21.608898739089355,4.601286845194664,-3.192315467558726,23.709669737171208,9.788812077178372,0.10635004068426404,-4.984570165135316,18.90479972861225,0.8783133918334831,-3.465625252236798,-6.885840217866087,-3.5838475778510896,-1.5329414585572727,0.8786142557780083,-5.1787646729902725,9.303961270018629,4.0125673712189975,-10.5477854909905,2.3820028999538594,1.3277620697724766,-0.17364825790079652,6.520953416439421,4.539623021283641,0.8192596196705759,7.375446563231883,-1.2658811351509287,-0.596452528690509,-6.6806388724857415,-4.093034320237324,5.612321370376467,-1.064702908887961,-6.797509806588797,1.1707361971757606,-0.33657647360378534,7.46671914717659,0.1060519058982949,4.07964323421988,4.69402587799037,0.0641154075191436,7.296439334945049,-3.32994671122578,-3.619347268711282,-4.096619006238371,1.3453445313343104,5.993686690500543,1.5654621347097146,5.0
-48.73071223891038,44.811842877649944,-14.423812070802498,21.05561366034141,-1.0063061801567086,-8.11899867471853,1.0872150503062366,-10.829097783745148,-1.1020376655387718,4.976054838419567,3.4031153421874603,-16.448050517757967,3.9039804067368196,0.7708314861979714,-1.7571010195232117,-14.956252990023525,8.037632126956394,5.263210453756117,0.2589814302971688,8.486802926767492,-2.9329131264455794,-3.779040468221711,-0.935269676919423,-6.316600984326412,3.611088690401839,6.960696171942557,-7.4364102916143775,-1.3697902768526875,-2.913913072732877,3.934127979546254,-4.536790669419921,4.139895416786909,-0.9728827990285295,-8.599754177473365,-2.4188476596975583,-0.1199826381642207,-2.296849268796465,-0.09237880761179935,-5.738943407238378,2.2939802644567493,5.414468323158249,3.664405215310239,-1.6325824614965152,-4.6267890732413735,6.092847587163773,-0.8681944318206622,2.193156305207088,-5.262301628086108,-0.958445399832196,-1.1348022744834538,2.0
-17.00044832453237,-15.838805522799621,-1.2940157830572718,-30.730354446824133,3.2421746808506327,5.0032171097027955,-1.3761368661003204,-8.268855533582032,-22.720845504890647,-1.3146707419326655,-17.525868193329252,4.647692178418527,1.2493667379350848,-2.098342511372877,-16.563374274741566,-0.8078563169686813,-1.578294614882263,3.668791444415759,-0.3027235387377899,9.373456466527772,11.563002033745171,-4.821317094285598,2.5868038835926446,3.6574908534134876,-1.6891228304791643,0.8650433874392638,2.7261372381211335,-4.047078422615637,-7.149112529273524,-9.470002691339285,-2.567869842234537,3.829564363335538,4.085001200082854,-0.6326968981480896,0.5436978543483667,2.8334823579853836,0.06548976915020824,4.051245337323495,3.8065313383606547,-8.767964291938076,1.9676849194946004,3.951989498060684,-0.178496401434341,-1.9101772648730673,3.608358617858673,3.5613439988553846,2.318311195669653,-8.030690487471919,-6.022079355052869,-4.080841476536548,5.0
26.001183715298176,4.6605284632774575,-12.040866727123763,-5.2367120503533355,25.91949996472508,-0.1116658345467448,-4.364834206716844,-3.7222047856582496,-13.238688954558283,-6.213427405912929,-2.7142583976396577,-9.894832257294349,7.246265766206072,-0.9809364713044757,0.4841405832959654,10.095894664075972,-4.3718118940195785,7.8824328794307394,3.4661342769262924,4.110399978071305,-1.139088358421695,-1.831928529248445,2.477124358021023,-3.376075487560604,-0.715530608542202,3.5511727315056363,0.5996403767263615,5.043641883172832,4.5573325199905845,3.118287612615755,0.3782751593441911,-5.007635366037331,0.5948750814796315,1.5785101011282974,1.1178074117678989,-1.3745336962607082,-0.7977579258805908,1.5392738082531174,-3.0771428116408486,9.240283279571166,-1.604841187837787,1.5160575755887509,-0.4734321028858228,6.086537753118868,-4.0853124468482145,1.8058345599204286,-0.1442236799758897,3.670800368690168,-0.5528308867683511,-2.2284301674955516,4.0
-23.660036451466194,-17.676788432314627,-13.136469051139214,1.260475064232204,-5.215748316336675,5.006659364893178,14.142719845564873,-11.198556091922127,-1.1044021603672924,-5.826268756850426,10.087288428326955,6.899978527659147,-11.013078084158906,-1.4287498397407836,-3.6050049428348636,-4.391014928003979,0.5494856591100711,-6.169387105820328,7.136330034217272,-6.9839727583893865,-5.858525918793314,-15.510085049931686,3.8467132910975583,-2.6050414212185644,-13.443291734080024,6.007665977409136,2.234290842228193,-7.338936121790482,-1.2075363380846715,-5.376543873375493,5.185442675847401,0.6443274033408021,3.136518661560683,-2.161779272396648,-2.768082141132361,-0.3819501714921135,-6.01315974122448,-5.7240650992202875,6.114481862503656,-5.986364411516911,-1.7844623594713118,8.581791266842819,-3.225653447184869,2.0001354242448657,-7.494648925709025,-3.9788978758159423,10.387649041333487,4.521161442078335,-3.2453303328830905,2.160033071963714,5.0
-58.929562853828735,54.33182535638482,3.316932913834597,-5.157555832363619,10.63503989819606,3.4951027385959246,-2.9471224714797857,6.6735647292488025,-1.4940737582646892,18.583447514910382,0.4451421577005405,-5.114342090600061,7.133346717422821,4.284084810564768,20.46614234180213,-16.914926318296285,5.550403491403153,3.6773454449119374,-5.9541341141262345,6.7654333684259385,5.434307436795586,-1.8386804104912686,5.2326765397376995,-5.190365208526236,1.6662864422148624,2.8180586491413937,2.405898114668545,0.6141094830097126,-12.421067242871496,0.02260389015137839,-2.7613765869852163,0.14937224235200186,3.757328628025167,0.9840604530772185,-8.801762885903111,-5.086627306264639,-2.0942259609890232,-0.1936512126745736,-5.131791750120647,2.2461970270257035,-5.3447016287334135,-3.1327054793818574,-3.4087564895507496,2.7148924912131998,0.28979451480712765,5.327185971675679,0.40295844680372495,2.553056342854001,5.02661714149652,-3.7583401117363002,2.0
24.938873429586458,-42.57170135186589,-14.644056519824302,2.445977128937606,-12.320934943967822,-13.194795715298884,1.8082323288037092,-5.893676582386435,-8.20785757882631,-0.947042950874079,-6.125723707194539,-6.356462367124591,-2.2751423732739307,1.1506240276646524,1.3530357242504902,-0.6316281875571843,5.494175606626063,-0.6046520624348245,1.8928652184213288,0.6438264743558669,-2.5678514599496407,-2.0651540280372873,1.7609844829499084,3.928319032223864,-1.06426931518867,3.570067742660398,0.09283515889608483,-1.7517609519340125,0.6222793763783051,-2.67194973954964,1.346601371813061,5.358404090497301,5.743080420203693,-0.8885951525005199,-1.940735755114811,0.7246515259748758,0.0682212892936122,1.3633536681188838,1.941436956604912,1.1019918999438278,1.0228776906956907,-2.7680653520131613,-2.8351012639696487,0.7132841938673372,5.330754487248382,-2.9009369562783283,5.583339155985578,-2.2044499148587957,2.3299681072606724,2.638139147251254,5.0
10.826917661446698,-38.844674479734195,13.181911823063214,6.87428688732664,23.764131869522963,0.5619071307508077,4.645312873726965,-6.581909117644401,8.500115427603761,19.491167791429195,-2.7377489868901903,-7.521204786454882,12.899994607547919,5.569998978288768,5.559991865375663,-3.745311258275723,-7.172295158117234,1.131842593901418,3.4177875530458515,-0.35293007239792407,2.734726340701524,-6.490473226689827,-3.981622284152017,-1.64646269220801,3.722270895074337,12.817525569430584,2.066769394661196,-8.525158072968168,-1.7713248476155097,2.509302651034847,-8.507697706957394,7.955623084598474,2.2274190787664323,-3.327043220916314,4.764379447051236,7.397109824920095,4.251331196362556,4.34986343637911,-0.6622659649923073,5.883217388169003,6.387529499020407,0.16520001602580678,1.8569952715153764,-2.9232201619013045,-3.9175925252232693,7.569961305850388,-5.59158782684571,-3.4939454574390605,0.7047452688092749,0.48634410581768367,2.0
33.83406153038767,6.745813255564785,7.65208409624016,10.918532543514157,18.52858443489021,-2.1038382547980383,9.728301935547742,-14.553190334844924,-23.30214238372391,11.208376089994996,-0.39038816570971646,-3.1898344560619796,-9.678071493581538,-9.354375499329862,-13.116816457496911,-2.3773775475513035,11.3748580823965,8.408086485510825,-5.480305196441739,1.2584434637581878,-6.709759267992517,0.9707439726817979,4.768512795228708,-0.8479442690377899,5.957424413340977,-3.4727714867280226,1.4275283998276154,-1.5584704855161933,-4.288442624257645,1.3261052721450064,-5.563267866593856,5.459926951844846,-3.3028919813468054,5.317699529335562,4.6407484296657255,-7.401636353356554,1.9711382804425357,3.0292206757400026,-6.965213082552023,-2.6178740891977066,-2.1114560868658883,-4.894459498559778,1.7767589377789197,-6.986482781412592,-2.976273953304726,0.08201193510368371,-1.4461942733672575,-3.3034172415813288,2.021888278999807,0.9269824663253815,0.0
81.79684776837841,11.125345851746266,18.84946699834722,-34.38352140262978,-45.4961393113439,-5.012264174111672,-1.6072273883955737,-6.175569134016115,4.067113937818071,9.229851622740918,25.42369145687551,4.238605351299448,15.9014473223562,-3.762020805599706,7.398233351602781,-1.846681500486502,1.3177161606349668,1.4871514574740952,8.283103289214258,0.24176372325869686,0.7544608840965576,-11.298750038067759,-5.119456532882437,0.44481980742410904,1.5210210827383512,-0.8227783908711952,-1.1303771452938123,3.909597808184773,0.2391202168017259,-1.216831733452574,-9.111684035425201,-0.6886503028206484,6.875361366468448,0.3923258354625018,1.5684647248978532,1.0310123488449405,-7.294121696443931,1.915105804690601,-2.826621585370842,2.5707965805677904,4.606999816311812,-0.5451688460907135,-1.8101339797311122,0.22950227800612444,1.8034262561076646,-1.1434032992965166,0.8959154794235471,-0.9290808256512645,-1.297336383960771,2.4320150881798255,0.0
9.7601883873666,-0.4990132452973571,7.326049073972152,16.772397289029573,6.360902880792916,8.137022949289696,-14.042435632860167,-2.563845103552024,-1.4959987668519712,-6.939568293425701,0.8585286875436752,-1.082229150725641,-10.364191869277736,-7.461303852892423,-6.367366783313036,1.668509258652102,4.236973618240089,8.955512813718967,7.026531208215172,1.0198674784516568,-5.983619221678217,4.277754557258335,9.050908571049844,-7.094247461871677,0.45643033707246317,-2.512058678670473,-3.4602418741759946,-3.279413864845494,-5.022621080079621,5.051048394971975,5.1319459093897475,-0.12476209109959992,-1.5622637072269263,2.4415173303141784,0.8154097947353824,0.9038606689399015,-3.498864186028232,2.2351309598543008,0.792369414354648,-1.9897765184564844,-1.8404776758670247,-1.793218368500158,3.8923473600772827,-2.9979689778246352,-3.6752426337650452,-0.4483438915378875,1.9780720997926937,0.7822490264031083,-0.6265429026523008,-0.4864403143310563,2.0
5.9985688308700365,-3.512851759939552,-18.60269196784205,3.9910219231325783,-1.4274622410449604,-0.41828739060362746,3.691200926157447,-18.84630780670103,11.312612840272271,6.889042825407652,-10.690220752766765,8.052982184597637,6.325881185946601,-3.498470093865074,-11.234477959867121,-3.7105311610466942,5.447607418755545,-20.625064715538567,1.6885159755117896,-6.257874691232463,-5.841062050706044,7.9588684514081915,-2.6964620020534817,-7.605747122253542,-0.7279790149328919,5.580848468044825,0.4185964789551731,2.755768233674308,9.11310934987287,6.300944499777917,12.538211464446622,5.324144629177171,-2.747019801812644,1.682225906042284,-0.3710226740894033,-3.470919271225311,5.674932011676892,-4.68126126752766,5.89342736887528,-3.0352053068569993,3.42081986982048,-8.357924881043932,-0.5575913848842671,1.5263038408410234,-0.036138254442762315,-3.407075645498595,4.414290169960651,-2.346283715155764,-2.798590685854616,7.4172553649253095,5.0
29.39643478352067,5.257456652280655,10.40318632778872,21.237213918351063,7.791206754646157,2.9110784624946,-1.7824748471322296,-0.9174776425910344,2.8726183070084317,-10.08129999546261,4.291751837548385,5.81746038785375,8.977771646197953,-0.8550930338263509,5.329762853792714,2.052442282937211,-3.8958033065510786,3.0040687521628615,0.4568725985726002,2.7613821339398776,-1.0418738501859894,4.234526237387478,0.978280720048881,2.917085838448092,-1.3895874768400358,4.5347205071064485,0.35932391929186286,1.0245424585149103,-0.8418081233374326,1.505504257148624,-2.69200533922027,0.20654622246441942,-4.148898333366496,1.2953159769679232,3.8268131188206116,-0.9531888168755341,3.4270905839476384,-4.349262488304579,3.6989971773191024,-1.4261859798966374,1.017673736283322,1.5163678494341308,-1.2111368677680494,0.11386070414133057,-3.2060884835302925,-1.1506123009929572,-1.1256008997117584,1.1003273282790584,-0.6608501645657686,0.4976315912138644,4.0
-9.209551667905327,-20.113633219469488,-12.8247934260347,20.383650975517558,-5.270062675889937,-7.306643455556409,6.588833624640856,3.363028909398443,8.237558703896681,3.6214036464869244,1.768789350193833,3.757903779996675,10.689718406163859,-4.987110148157175,3.9261823367989783,-1.167313404847305,-3.385299289216246,-1.7252213314916125,-7.940012371765909,0.9572957330578102,10.499633971220684,-11.379623064344308,-10.073913739797991,7.0839639373442695,-3.513427401896778,2.75370069735192,3.304647693798237,6.7157587960254554,-2.480858522651683,7.218693927948503,-1.5634580215384442,-0.6875407446698782,-2.6049937383906867,8.426624162642433,1.3817706871544086,-7.559484061087579,-3.1285339263386067,5.600206264386802,-0.29939354637923743,-1.4451582022756286,6.878261210871301,2.579930014275179,8.965692939617634,-0.4393738637171774,5.159633853973084,3.5058860572890467,-2.4770501366586433,4.5632418449533825,-1.100013160833975,1.2667047965667788,2.0
-26.104994324018634,-9.432780893466553,33.79877324300999,-7.702562601625157,3.1804260585317348,-3.117727392011671,4.08921269180039,11.325808643288383,-0.7878547546905926,-1.109381219496221,0.8685401570526231,-7.335495472446979,-3.1876476482098974,7.563055113378032,-7.695544257700462,-4.946217603203787,-3.354324595079913,-4.940400317213043,-6.845456764808821,-1.062444487957674,-3.802032797016536,2.033011379315727,-1.5042564630677728,0.3950495083898128,-0.09857098822861098,2.8741181037331427,-2.5370684207328953,2.727519061236964,2.316728496160216,-5.399659213969415,-0.32776456097193757,3.2859945283122816,-1.376761534278838,-4.352272931800278,2.282789695174732,5.906230282179974,0.22140706671894908,-2.28663151643164,-0.4866288506252027,0.3075730809386392,3.367407975141632,-4.186103932651337,2.093294468592635,1.2652393302053573,1.093752347477906,1.168346325325677,-4.6339753235704295,4.528118783467793,1.811565176881936,-4.202176436727214,2.0
27.200143734968865,-32.677894056351185,0.5940332555841054,8.825684728033472,5.372623845117425,-5.357317613875837,-2.2181220373494153,5.2385191322586175,-16.016139865974456,2.344817092232968,-6.722181338551795,-3.401287999369732,6.626064358340267,-0.48689683670591094,-0.03031376657492097,5.090815083039557,2.331605210137229,-0.45514060380698645,2.394767119862869,-1.8402515974934532,4.137757695800435,-4.087772790711934,6.16511260862477,4.927344015674907,2.077765329060141,2.1660886762720892,0.16879523422347917,-3.420371249448628,-1.572195969356544,3.0759417953184234,-3.3107541144162997,2.2597065997643355,2.8017705831059416,-2.4165631871550795,-2.2761729394687418,0.07775535062079621,1.203071386138691,-0.04706830174784226,-0.8728284724196333,-0.6028093336652899,-0.6395356886382335,0.9989142503284371,-1.5237325620716085,2.102831882432106,0.9971503879213295,-1.844886941543667,-1.7746436643907786,0.06872975057567854,1.2305280348066732,-3.525377657409347,2.0
-25.968158138679634,-4.462314541352546,26.17271152712236,-4.848318286295844,8.335688942075523,0.914777483539205,0.615718649730411,1.2422538981809765,6.500828815056562,-9.026868937111631,-0.6943090383264586,-3.3385709027569765,11.03206789688415,-2.5402561764445006,9.678614471136305,2.8976451127493132,6.513686405559084,1.5807814093459516,-8.943584786404386,-3.494453686961939,-2.446377151029474,0.6540667691454135,-1.5712413410597919,-5.007915265295879,-5.266874286608561,-9.975719549481864,6.224414492138045,9.209992488012725,-4.132019237678265,-6.513965809186506,7.036709576842752,0.11223802766812917,-8.584028926274,-4.016944846978974,2.9386332960869015,3.2569216929103546,1.7241513625441913,-2.2304454128309192,-5.686891956126547,4.1151308735991465,-0.32367390864569456,-3.5643563084530756,-4.338877117247158,-1.1326580433409232,0.07568325445467781,5.246433038900729,5.181061430739508,0.2637643367217415,4.929945017408315,1.3173538750265121,2.0
29.62065144346951,3.1916170409720945,19.596900654115064,14.545040733710698,-1.6671547815737269,4.211935736865127,5.900444115870967,-2.5086982802208144,-7.852893974432665,-11.33502485211987,1.1238353789838356,7.227428294231358,-4.872429162155779,-0.2717502161438537,-2.117869477081277,0.11354868091330982,3.8342625749828474,0.15207148179113789,0.4850535707822189,0.14375430351418403,4.780638026028977,1.8787418815565282,3.794806999508754,8.43418591346509,2.0478963446490677,-0.3696082115833456,-5.780528902139489,3.3794909333009757,-2.245586138148579,1.0517513647225893,-2.545756184598728,-1.9683437649147315,-2.077447105603186,1.8077222649310556,-0.9150482183400035,-2.1697621861763707,-0.9047304638652313,-1.2219594039116124,-0.9409890582117886,2.902187720819318,-1.8348154847682523,1.141845771344478,0.8984464698262437,1.1507980234028379,2.7747289729833784,-2.4939557427896144,-0.10271662499195956,-2.5881822193145076,0.2481100401318822,0.8622755755539372,0.0
-28.750291788861126,-9.234166156650907,9.68238125962594,3.9049263699354264,7.20294774388268,11.827749730527605,0.20623801782613546,-19.79982139128221,4.8561942426596385,4.773187265381392,5.40324710353233,-5.249724374723551,-8.1000798857885,5.632931802773157,4.09769827657418,5.898597585666409,2.7523439612935867,-1.3157625828120503,-7.035666148581989,-10.086476664379154,-2.4889790650657253,6.141587830600547,2.8322149297721375,13.043741319654,-0.5149784560585623,5.001746896165682,0.9126107906964246,-4.9780103486201694,-3.797497788104396,1.8535265620404904,3.6551667761459523,-0.619887656011965,-3.3504017583815964,2.4697518323671606,1.6982970691383166,5.969766426842791,-6.81518940006218,-0.10874950875454681,5.418968338545712,3.293981148899426,3.5467230939243066,-1.7023422267398887,-2.229345103797008,-4.982467571782746,0.35489603164754874,-6.7475893970237,-6.484946299897415,3.241883989164245,1.1077925182759463,5.7200713257880995,3.0
-3.984703155585869,-18.427443739605426,-2.466201886579125,22.099926288086206,-3.626471610688944,0.9947814723956291,1.8588921716304445,5.465976388805048,1.445437517498278,9.265395303657176,-6.156965255312479,12.266429413853745,11.767439130844858,-3.3428416715897606,-6.892627683237996,-2.535302954644665,-0.3543131258105545,-3.7261161674425036,4.934817951691464,8.408257079867184,2.078635577868423,0.6874663528857172,-1.805631468493702,-1.5139295206375463,-10.769333843631117,-1.346267821813717,-5.479104184197618,-0.09580065044370767,0.8910929829357558,-1.0304685129062492,0.8474864739129322,-3.642798779287142,-1.1900830696861862,2.1518094127787513,-3.9450281720501525,6.176412225265691,-4.6425287236660076,0.05026989417149133,-0.629319652219425,-1.093779067030143,2.2309473609903057,4.7148952298619395,-1.7887869845457725,1.3000194825828766,0.9383432163724497,-1.7589754870984629,-1.6710809592778486,1.661624214812276,0.21129937384393466,-3.720582887025606,3.0
-48.12179961491304,70.82629613217844,9.233998495016728,7.863781239774264,15.76217998817446,4.8993108734998065,-7.018624221917678,-1.1659926615335643,-2.042068608144023,0.005714030413516209,0.3574654679294598,-11.64750987049205,18.153637717531673,-2.4001500740546033,2.752490188131666,-12.923564750719382,0.620512945927051,-2.8992689740160826,-2.501991145589643,9.278981176119293,6.160619593619076,-2.2054790108203175,7.8632566549641485,-2.2624630337408997,3.609947123105164,3.9905536731445683,-2.82420371573086,-2.331666402999086,-0.8534612594895026,-2.755894858007411,3.2241109914490202,1.3492450416921948,0.2222291541091062,2.461781675610848,-6.130353470071367,0.35182961629462867,-2.835920238103875,1.2801187054136502,2.550176943192558,1.9375430818512365,-7.534140721083817,-4.499828475304474,-3.4015584981176894,3.3694062629653163,1.8169613388098058,-2.3695387415394995,5.268673305286094,0.0724757091434945,-3.8637978604175456,-2.0535171827887155,1.0
57.287619697945416,14.581461497885241,-14.698741216825379,-3.047349752206946,-35.18971574529207,69.06679996974823,34.87775056843714,26.788326740796816,16.252982816663767,3.958701192605083,-14.762763062744915,-25.401284440711695,-2.9285954202674276,4.339674775806834,-3.8823732523889416,0.5155234934649578,-4.313701734321724,7.924268493729092,0.7558364681480182,-0.14148386262240062,-2.2243494467997214,-2.577555391450105,4.047934441931216,3.413797790043732,2.0136304375605216,-2.1904602912125957,1.295877895383112,-1.6780437356481923,-0.7681841478834587,2.4919992680981013,1.250884056686559,-0.7306540650954916,1.7762161517110424,0.5245253433952166,-2.8446180646468977,-2.1706536501175377,1.7573599478173432,0.9966789073292242,-0.9283364626280223,-0.8699063810865687,-0.43715035199557833,1.5055920237847475,-2.5468598589197913,0.10368787055595993,2.019792044522566,-1.6820032045645603,1.0984452412305852,-1.8156774430139946,-2.9681914256879005,-2.05261455378842,0.0
0.7175057011744229,-32.688757794384976,-14.248001537730882,10.548034844561569,-1.2569036897963448,-15.280822778655326,21.24727336383156,-5.544320753755707,-3.423041355097959,-6.766197554932623,11.414390505173161,-11.307700204057682,-16.74453941665724,-10.679170989495805,-0.5089726780062698,2.5022887794462116,0.707663010495085,4.086081077014811,-11.488368801997492,3.3179113558973965,4.824737483148888,-7.017163131518533,-3.2837577022535203,-2.3710134261489486,-1.80715942931421,3.371414944113374,-2.4226737906563414,-3.2495706159423543,-2.1384723336129876,5.774391101372798,-0.1834514567183881,2.193834429462483,7.616687200516601,1.4372047953620641,-4.849889495028639,-1.1559864296979034,-0.6321561562714332,-2.7641811365021645,-0.45462762095845793,1.1345783099137157,-1.6682324285032955,-5.412695755400754,4.052492344639355,-2.371533383943967,-0.6611129904411669,2.3632785372661123,2.659688419188793,0.9731506505223647,6.488728542054717,-2.8329681311629895,5.0
-48.41178598213606,-35.39663742602263,15.13141742470321,-5.0474048269840495,3.135021917675565,13.239587455517206,1.5159958740656105,-6.770392351874704,-5.040919320680438,13.57911180316368,6.19585842144005,-5.422297314776037,-7.429645404115146,17.921263754458018,-9.383023776276485,-6.396371968816226,2.785157482289443,3.1348338680212766,8.035456650952339,-9.285289470582592,5.483399718588636,7.742893117251181,-11.084147323282304,-3.9473604825229636,5.150991104025637,-0.8968085829583624,-2.1069164065796997,-8.43305605009108,-6.629535429676273,6.357845715089932,-8.529089706030742,-7.261147206683495,8.31969618767274,0.6257364419719971,5.8904283031320634,0.03174260602785424,4.781526782282681,-2.4196426032857214,-2.0387592629548434,-5.198340957822823,2.2335478943583427,3.6113189301940403,-6.074293867225769,9.538235870003058,6.475184073807874,3.386892931952905,-0.9806490508983672,1.6566899507003043,-1.8553970210167545,-2.8772763040685763,3.0
-33.51504546839269,-19.144287046755252,26.131846691200607,-9.888208124422887,15.813674186637462,10.666433241175334,3.6382562328295873,13.187613525433465,-5.896630799805451,-7.471248687016034,6.340763777133715,-1.3440599325277824,-6.0658842801094055,2.3986288016852826,-2.633226839499113,1.8643860015822546,4.381875731859491,-6.424016881095099,-2.73658877182498,7.3897050285046415,-8.167953284526629,-2.991649760271287,-14.759190485466256,0.728123997157364,11.463905656212035,-0.6038361490659556,-9.286919674524745,-2.464454855725355,-0.667654829939802,1.7518133285907689,-2.8035530017254455,2.306496355712066,9.876869144170898,-3.0916793212255222,5.129703938273554,-1.3234081768306867,2.9376082155131926,-0.239663205529254,0.554733422082285,-0.9268036768285846,5.966359347801537,-2.2848758373145635,-0.2522112438770999,2.1585643035688764,6.400673512786269,8.214724144809743,4.291030759448281,-1.4618289280514898,4.020669879688809,-1.9003063560893632,2.0
-10.35420829001895,5.060033489587516,-29.320779038892123,-12.134549948275303,5.398418569737866,0.9236319309090151,-7.878768784002764,0.45176309484227917,-6.444656628716302,-10.73232276735669,0.0029312215838402625,-0.7832349302334817,5.825366503742713,2.913935063707444,-4.5177492882756445,5.538791461688286,1.025050949759118,3.7825401482453866,-0.5242204073124369,-0.9427007778484008,0.7981992544458935,-2.434652041359777,-5.557175417215266,3.338386130064254,-4.245282550379782,3.556652926359788,2.23909978965955,6.969933040727449,-6.789477844427476,-3.8059268563409336,4.980092858728937,0.5371466212465976,-16.796267163215518,-3.391266773358842,-3.7237185367155967,-3.287780778099787,-13.674204914582948,-5.7992811842050145,-1.0077169508096329,-5.810187493431867,6.720477272995466,-1.508105908164073,-10.890994711226252,-8.162621816178861,-1.9494318199510554,4.0506800719597,-3.3969105583478556,-0.7770807804446098,2.5516195286734917,0.912867909318639,5.0
-17.006163320419226,77.30871998910379,-8.571683293731699,19.25254904468839,6.125304315864173,18.46732088858615,-5.647311467318025,-4.1231131397036025,1.159214949490611,1.2077809137343343,2.0010251383917743,0.9972378477155215,6.202376986560946,4.722466403104756,-4.435702554944618,-14.379212106302996,11.580377988347257,-4.5050187869278195,0.18789853075317753,14.304343667784874,8.265962626567962,8.515932999292797,7.843734176731278,6.545930668654801,3.0957174085720665,2.0631010871974693,1.4226587627416836,5.945490595543125,-1.0717706503517404,-4.046354221225202,0.7076066102019816,3.7773374691109867,-0.9321690165217652,-5.635608188000284,-6.082902024850067,0.939642775891681,4.67626874120876,-0.12641334342092908,3.906960770861907,0.4621792262318211,-0.07769913507931224,1.6604203448035881,0.670238296947209,-2.205413078435686,-1.0344125409016316,1.1447414538533036,3.049180081417666,0.08864443585124562,-3.846949322181864,-3.4947676039182745,3.0
-5.590734065825225,-18.022833759154658,-1.0613120061783514,-2.5893792293880953,-0.5327499002302111,-6.300848010029923,9.116712145714837,-8.24487088734261,-2.943576111147528,-10.41725506389898,-1.7771070990921636,-1.832558391429926,-2.5177489968160045,15.173933768473736,-3.2650131382946244,-2.3960448020164935,8.724532333264728,-9.853187946404736,3.5507395083937743,2.0117182148691195,-1.304479896385072,-0.015888766614944025,-3.5178568652383744,-6.68079381805567,-1.5318625185134285,0.2965565308339888,2.373816035757234,-0.9262107277515802,3.8476696079546406,4.701758637242054,0.3298392370183843,-1.3170578828262547,-3.9529995134295057,-4.600855573781748,-3.3895388010293206,-8.314902188996237,-0.7057320715552505,1.5272203402583642,-2.1271275888987367,-0.9248189214772434,-2.6332684762084,2.326730772102408,2.848215286160197,-3.2804114499426813,-0.5931885528958765,3.2325794649216597,-2.174343185757225,1.2099039094495174,-4.257956427445772,2.5219020617488495,3.0
-17.881833066025344,-3.5179352478852524,-17.15552010675397,5.703603300369759,11.157578878005351,-9.40018294559323,2.8600765728128903,12.58663025596765,10.981838793804407,-3.1766523375132003,15.532174998374373,-11.820932253077796,-22.384290881882517,-4.0758525333294475,-7.279851618799175,-0.65350060257999,3.518552400319891,2.2073076398019142,-15.924779781430612,-2.089723831012976,11.558977463086006,-6.161037823606419,-7.53593755720204,-1.2094523603639993,-10.746230493408115,6.072865610459141,0.2826029338382331,7.50022306528238,-7.777162086371239,1.6881492568982126,-7.884803207457466,4.988982577638402,-7.909547371969343,10.81027725743731,-3.8366038046589668,-7.191732797652155,4.539712989763121,-3.735563647350407,7.105497683425778,-0.20632951325747537,7.323745770804833,2.1332550876536978,9.769454703009982,4.403208229453075,-3.4150905758403423,-2.373627293633561,-3.8004283477686336,-1.5303217434994187,3.2151684258008153,2.156425155155489,3.0
-36.72347334786884,16.66668284659574,0.28099196859218223,25.988165309800493,-9.976520342831707,-1.580702204133926,-4.021725596775851,1.9057878829509616,-9.02320883631023,-0.31962626067181044,2.303337990753192,-1.0676955461952908,0.8394431137069526,-3.038592948586342,-1.2343821070406389,5.000897571791634,-1.8182467509033255,8.472902150581408,-4.31251024704628,1.2990879415254777,0.9089964882590544,1.696133938206967,-1.577115094971192,1.1125815932344565,1.7072473862074675,6.926166288185271,-3.571016055088893,-3.941447169122308,1.7587334478585748,0.6770830750012866,0.872695768728632,-1.288090601633283,-0.4985257994087563,-3.575985150475679,3.1674740319087737,-1.1046485292522858,4.848362457684189,0.7278593934717537,0.8851544796708452,-4.396644752345925,-1.1380710961490514,2.049242735482451,-0.1768133299843247,-1.8815299433605628,-4.260741384063204,4.44493385427581,3.638845184391603,0.08203997640451509,-1.045956253334828,-1.34215378578535,2.0
42.48787777592859,11.756716728315803,7.656886289082901,21.411453413122413,6.31765310686464,10.476335903046287,4.503090834639909,-12.695892702719373,-4.435166883061238,1.6776568505838825,1.7399344830819299,10.746014110622065,1.036128331422252,5.650896140566029,-2.110518726265579,-0.8318051379666941,3.8267295442296114,-8.25605530995362,-2.934433403373091,9.89763703122942,2.522089985522116,4.42936367966711,-1.037219869548828,-3.57159075687052,-4.312876568688518,-0.6299990840815287,-6.429165289075105,3.3748729895472698,1.9055923043951157,-2.183792822416073,2.627866714916542,2.13566243298506,-1.2948548683256305,1.0220466508860138,4.106281062975135,1.265157694470655,1.544402534135134,-2.168481255462007,1.6648557670932616,0.9983070200097872,1.7854755776920732,1.4473046007391972,-2.5147269000657912,0.050346032763815156,-0.5992191101578246,-1.4180191565587332,0.12792409249763312,-0.43259976352397506,-1.4543622049265623,-5.411662957719202,2.0
-5.793210144398351,-17.625383024311333,18.730127219049955,21.03964700717773,9.698254124545285,0.3833821160789468,-2.560698895358278,4.819667851804962,9.324556887273472,18.798750151218954,-3.1431524650899685,4.928492986626289,-1.9195447992341592,-3.971149130503281,-0.08055280097362551,3.061581892439177,-11.705312861905893,6.759482523801016,10.758468839995746,-3.6392360671460757,-2.503115930866501,0.6424522071992855,-4.176168495937003,-4.623126424492862,-2.924850532915152,8.345856277674411,-1.8119529949307749,-1.5396519288011907,-10.491403863407267,-3.016237322410437,6.212494086747418,1.208557652137012,-0.8036900877307642,2.6849398676587013,0.4045012821531819,-1.647605049438996,-0.4885722095988689,5.288804891248404,0.8128845500621305,4.71423096181935,-0.9659200068977972,-2.126401651226232,-1.2502672169055502,-2.574901378505962,-2.3635954959005123,7.761394425061131,4.474151556177512,-2.6295785261912155,0.3349125499236813,1.2305643652547593,2.0
34.676854178973215,8.577295336079732,-10.520711791213328,-18.63524543464981,-17.949946613847064,-16.874248272519058,-13.87376848195705,11.720762075251143,9.238048714599937,-0.5590448401858948,11.235995678357378,2.7634365663776004,8.33937834320593,-0.06131868516843618,-2.519613321446315,9.33191965277547,10.413695707016684,2.7163490890675925,1.498217571289921,-2.9656518652463,-8.004057009164468,1.705924968108982,6.979639615333611,1.6762087013165605,-2.022835625642215,-0.6934208754898258,3.3739267251314953,-4.250511084053748,1.5861382832489763,2.9134537480241356,6.476098217004901,-1.0207496236216747,2.775111653194917,4.394617357775588,-0.7494298790060456,2.010695904475542,3.3913006897436677,2.9626427353021265,5.413550776165802,1.103959774405454,4.5536666100578085,-2.568109742019637,0.46656775298481845,5.305295739415981,3.015790239700664,0.6347713900861014,2.755369270569124,2.6429696168166372,4.318852453270326,1.6053012772306816,5.0
-26.49210107640323,-13.768292342327495,-29.970092372631687,-5.804901199419451,-0.23343444748916553,0.7682021387350728,15.601116982498468,1.3594845176333157,11.785718313036746,-13.27794869490021,16.31837660274021,13.476297152691291,-8.799166329991229,-0.00879114825708684,-3.7345516734769464,-9.313911422995991,-0.155319218758167,-2.766602404633171,10.988971018289945,-8.616032599311113,7.615523063628155,-3.7961608132116016,-8.188245144386762,-3.69979294236165,-9.47115609017566,-6.036988221802698,4.852003790179943,-5.478262151467955,0.5055263928536309,-3.3643779946708787,4.883002813214425,1.1054513307986724,-0.5507092424709833,1.761188130332976,-8.90158074689488,3.5511611149397524,13.671537832673163,-6.684887429512706,-6.356520909358358,-7.7626182205092755,-5.01672224427969,-1.9247612441400763,-2.167884692606894,5.39459197784553,-7.85356208894759,2.1559586306109737,-7.804533864631926,3.972269893272494,-3.146928687519744,-2.2948743538196763,5.0
86.6537299358996,-40.93820598447374,-5.072616559394571,-25.096574425214794,8.273171544866479,10.337930378941953,-47.46617638956747,24.692527389028673,-0.3216435587090242,4.217624172171977,6.845249286709249,-32.34620958159766,-17.434211416356977,-11.319251102418905,26.444163393962203,-25.75411838221386,8.28449624719356,-14.163430129288551,17.775903331392428,0.4821838492247726,19.65101537215394,4.522892650633447,-0.9378414626566901,-4.186380822162113,3.6185408767142273,2.6478950465806257,3.4284609041714673,4.66489683448054,9.692490090945975,2.083622908494725,4.8236400969306334,-7.1498913271097,-11.848805095472127,3.240873561424144,5.3218837903397045,6.136386847684795,0.5550236175177593,5.304069282689151,5.173934676693252,-5.818613873013315,2.5339380230068533,2.1683756217603656,2.94646118390105,0.3290634978316325,-2.749257868352669,1.253555339983454,1.7881304256394626,0.49400303157931574,2.388883299362328,1.4048343032631223,2.0
50.7245640127038,34.342857171489506,-0.37915415156255056,-1.715307730310491,-7.070825094001587,5.975894354387727,-7.57168013026481,-4.192598889283118,-5.726402951317715,-12.663976149449121,4.728493288121834,3.970624724977324,6.021679142222146,-5.743754689526903,8.859611199728946,-1.8577990891158194,-8.845216680435156,3.85813860595973,-3.5763709970647444,-10.596147688221253,-2.696020403489604,-3.5733215123799273,-10.605820699132671,-2.167720952069118,1.789723043530446,2.266243563340484,5.208312097535442,-2.897548735968268,0.09021934764418729,-3.3488148866072915,-3.4988374571569003,-2.048568630903151,1.7518919315783603,-2.031510676930085,-1.260711430636594,1.3778547662676623,-3.6071915854904995,2.1515014297620905,-1.0811257314660438,1.7894957262688398,-2.8632207880662786,1.9987695719007559,-0.8040499352375154,1.3689615534042623,1.8965126197903814,-0.1371024663836633,1.1047167560635747,1.5957102265780918,0.8320339724805673,0.5305557161805124,1.0
6.701664680408473,-29.647468779126847,3.6469179945765604,0.259411304145791,-6.667966110325477,-7.01364930587151,-1.388799372969522,11.668939727125244,5.02627960960422,-9.742000618424562,10.235111768271844,3.951005125373886,5.001322897123423,16.406947567394262,5.216556635538552,0.5117129049497828,3.5997121690368075,-3.664204508927897,5.680624712652027,-0.8809707952899936,-0.5990721041471605,-1.355392195854458,10.402067097236333,-9.170418746903056,4.275570296974853,-6.020276564408685,2.055135107124123,-7.856312642748625,-2.0985121038357035,-7.3515677475011305,-1.7206602530346717,1.4016312019194264,-5.540156463651265,1.4967765296783337,3.361217432025706,-7.293460977151804,-7.216192303641816,-5.923189497430621,2.771682861942472,-0.19052264842163782,-3.868689805563136,8.346206556703438,5.533797122684831,-7.545105870242268,-3.2002640650042506,4.854774597233563,0.731356363342998,-1.5629892485030814,-6.8356567589250945,-1.444374222668042,2.0
-11.524346017272352,-15.343352483186155,19.395003289602403,15.883723512807686,-3.9347110958082694,-4.9167339309969185,-3.2910234745775018,11.779318303558341,-0.12881501180030622,-12.028188337072823,4.104488857299866,-4.2528948977896075,-1.6608057872607151,2.7014493126553627,-0.2057682329463049,0.6403890039106472,-5.511631293227164,3.8405546509705317,0.11416787427470615,2.958571115470282,-5.435827076506241,2.858289674714139,0.0041236791128447725,-2.5823050285390057,-3.445236232839788,2.315547643229738,-5.531992782014766,1.6967619575976745,1.7687635906718686,1.8146974444930482,0.799932585607759,0.9886355149414426,1.0683682490339848,-0.4249001354265797,-5.365624629733286,-1.4732811518163114,-3.419772683236875,-0.07165901095738489,0.2567095878145704,1.1219118013941312,-1.3815611683059945,-0.30322255543641613,-1.0949747055391912,-2.0809425770362346,0.6145478926697097,-2.1022769392542644,-0.7063707458470726,-1.0796387733625143,-1.4966103513297877,-2.957297976261692,2.0
41.49175549530145,39.56256113800049,0.9853980461002685,-2.580946105919185,-11.793697309792119,4.520723953410997,-4.313844354277904,-5.012991596994546,-12.585906476638439,-12.244323108637355,-0.3115719442939042,0.6617429936216577,2.444447367396061,-5.007413545493993,12.16910847133242,5.6444271188912865,-11.102029253950217,-1.3750904330041416,-6.2521264047577505,-6.286733444915483,1.2049525270226407,1.1398512604017188,-12.178416552055415,-5.640862966951589,-6.654993769347842,1.16342133178043,4.722988807581411,-7.594180134937284,0.8297351520221512,-1.6437388833472324,0.0048517675495438495,-4.325059657428692,2.0485449381874217,-2.0069921744102994,-4.435442132550031,0.15967744409133353,1.6566352023204667,-0.6931572871280035,0.807845899804093,-0.2778813737268075,-0.8549110790415894,6.648621366026355,-3.5809414578838203,2.190670455125976,2.8687350452813,-1.419130401955437,-3.1610963638462986,-0.27915431394189383,2.347277233613649,0.30324927489678716,0.0
-21.979376474470378,18.7614720024531,26.61798938323418,-23.753612157428282,-9.65200369259587,-12.022666634368637,6.512891796538174,0.8236240611330176,-1.8096529886387558,9.809754268586696,3.4620987862327266,-5.783756351933403,-1.1644230875979897,-6.048201281220871,0.46853347319314453,14.629862071580602,12.889373278123577,-0.31642816607841134,-4.081348940939098,-6.365147627231594,-0.3236476248429688,0.5913812821101323,9.27296496268207,-3.6517895745297406,-2.6563582482957986,-12.593333022312782,0.6878993840071942,6.355798755931776,-4.833266079677586,-1.0959134663825094,5.698045728525019,4.2275126483181324,-11.697785118748232,-2.619667185691198,5.645940995872794,-2.907458733710022,-1.0086001117921262,-2.853043774310324,-6.8421513736739,2.0128986020139545,-2.750044399931051,-1.9528352500873822,0.7937763741962455,-1.1583648018433974,2.0232352710567367,3.5615301609113934,4.290706656012616,-1.117715339527066,2.5854392452205057,-1.148222774421498,1.0
-9.95307241886206,20.033455053931284,-1.829758269239013,-21.12762343731798,7.014199706311468,-5.235792074887431,14.080009511796375,-2.860765448029254,9.442817776937968,14.099155576052487,-3.1015246637226217,9.581867445482878,-4.798001859202658,-4.808869282987949,9.309472135886057,4.611249864120292,13.10075387192603,12.211548244301301,-8.379184223270446,-1.9080265720936054,1.071562341083409,-3.294990124104176,5.045742599519572,-2.327353832980763,-7.663896037425675,0.5593310921475325,6.367521208344786,5.132561148855158,6.2511103696198385,-3.1680980415199036,3.8941571175597134,-10.827195575342271,-0.5619379995482917,-10.103662375734716,2.337833226846083,-1.4234414265488389,1.3904276260125485,-2.0082109911676884,-3.310795786071382,7.26288274949206,0.5636479188857979,-5.96891835133781,-4.455934189481529,-7.375554008376362,2.934370612500908,3.8717089445808623,1.5092122702891984,5.14332202005015,-3.052896699380059,7.101243001583184,5.0
4.5960162009673535,8.68802681901335,15.690714235056063,-7.206685857394699,12.916939410309881,-7.5705454093797,-3.6147634501554333,3.244651635111748,-3.1433195460211634,6.338056509031836,-0.6421522304021845,-10.160972863673127,-12.339445428452617,9.73422702617322,-8.997043767118459,-2.7120411661641115,-9.33644651648378,2.120150547581924,-6.889592254264516,1.6154002084404708,-8.782541263732973,3.940485959468579,-6.193800645485979,-5.022616438246096,4.065023607130727,2.86758394951413,0.6721920766028837,4.188831617937312,-1.0296045305422903,0.5072061655244351,0.5958415993131366,3.709026519228001,-4.510476197108218,1.8927563735316688,-1.0202773815206378,-2.443532021276766,3.604190413684176,4.563126946220722,6.3472778107047985,3.470241202588776,1.9966518766159687,1.2976481149692363,0.8775107412234404,-0.055023458395527344,1.454831705831177,-0.8747767500930214,-1.083540369379186,-0.5612261993570176,-0.3913955784766267,-2.7764005284055795,2.0
11.38320764126785,12.57873380570046,23.93623475196778,8.05694279267119,-2.3465120237678714,1.230774845304991,-9.32064335832278,-3.5241652373502292,0.27133522751161065,-6.3654666310949475,-3.0148983319096896,-0.6535621794547436,-7.667345484841999,-4.115038023412899,0.09477492588292495,-0.5487120575675613,-7.273161313064757,8.725524841022473,1.6085678705216668,-3.3068057486413998,-3.6160607492001473,-0.1981313775426721,0.8035978194072098,2.497056832113578,-2.007327094332526,-4.037327639587399,-1.6398650884618315,1.4841628727130616,-0.2790279707931027,1.4788881839163772,2.740229999039498,1.3872087197116159,-2.8506154733787783,1.9270636896781697,-1.2294503354814454,-3.01604191534339,-1.6053805189987824,3.1207689589423495,-2.7581524161123285,2.130772473928786,-3.1274888599485755,-2.892236536932453,-1.4590441812671149,-2.4259460643888744,0.5239373796364387,-2.549223847603801,-1.4572406801654707,0.07095686940260741,-0.1346989197496456,0.9310878419967547,1.0
-1.7484244911529483,7.137314813694359,-7.142599225015389,-29.90193329680801,-6.196680777735467,2.9556070081751633,-15.996148989818796,-12.687931106155894,2.016837538995485,3.5350937063667986,-19.72475836167481,-3.195437241214686,1.9929484695190687,6.754201344948798,-10.86200273102892,0.9909914117250543,-12.056323537672974,7.512525363402458,-4.301167739312496,2.252077595930208,8.68839556456959,-0.882925205358986,10.307404631501056,-7.880301170659674,5.536656063494215,0.36225633839269167,-9.096646021787576,15.234204108588944,2.29302909583317,2.4668222002163875,-3.411998230711403,-0.5824380531620069,1.5788542099599687,5.7872231859870675,-2.4651459351228633,0.2002007717953988,3.176816228092921,-5.265034078971809,3.849133462817912,0.7820815561348994,-5.407454393064837,5.4431036365702745,-0.16876037227265292,2.3450555028623743,-3.463885459571687,0.37539608719012746,0.4374609498303096,-1.5372082579275337,-2.177160657017167,2.338764881128208,5.0
54.42453336199256,6.632961437541716,3.9372070874571103,5.864862662193444,4.343917719693175,3.0552052586948513,0.1873434318601669,-9.190120464604076,-11.018452714255877,-5.05001095435392,0.3425655035659486,-0.6640951661139519,2.8752706793553466,-4.944605713980509,-0.1862042249155134,-0.46647418311577915,2.4688380040692253,-2.7338143729088293,-4.319990880867418,-3.4170623717446795,-3.411257470405648,2.8067445368470354,2.1880939732882174,-4.087505552161952,3.3284527061659483,0.7925637600602152,3.7565400232537116,-5.429016011816,-2.7650848881047674,-1.874303940327377,-5.178625297255057,0.68224041691502,-2.2910847399613785,2.6300230822235773,2.710184139380829,-1.641135589384786,3.0131520873114965,-0.5301675172778705,-1.0633087227871254,-1.0476192427517304,-1.5430894125448742,1.3227543902407477,0.41471339973951504,-0.6431510037401702,-2.9534221301667167,0.12340563997465158,-1.1893747673823238,3.793340722102695,1.8015248611799535,-4.9186898191011625,0.0
32.38233196199714,18.551382110991067,-12.120004692347857,9.467718391047201,16.277200360745184,15.676948246105544,-16.104753509455,0.5113193928990194,3.3610420059551376,11.424598012988803,5.8634086105425265,7.890463184934864,-0.708039488071996,0.7605170400018498,-6.321493026062904,-0.4686776380624121,5.258032358886058,-5.157469557556754,-8.847229425902466,-0.7668793350697936,5.527310555863701,6.035645081773763,-2.7241463498235956,-5.262022437799697,5.006467616547161,-5.2142647304604415,2.9808050541940267,3.530084536685541,5.138112416889512,-7.112573999285211,0.3889138250621965,5.96695947132787,2.866058640414272,2.434255069822496,-2.1188118916792633,-1.2103517085095619,-6.267741812215405,-4.911572614258533,1.354043611690772,-2.425349684699387,-2.0627566967014546,-3.27599440637775,-0.39842540735211573,-0.32757264394178937,-0.2958305805795223,-1.1727126704726627,-0.533418072342183,3.11376337735785,1.1746982680165208,-0.2682445304375278,5.0
20.183292514671745,-41.14430138203709,1.1844429346557348,10.574444687309304,-0.3235334572395725,-10.223274410283471,1.4238196954683848,0.9180608928766996,-11.58241492901541,-7.121334777814353,1.6713221309287922,-4.4042404164650595,-5.146205820286695,-0.21767088919807256,-1.5189215570532097,0.5043622163583584,4.635080725968251,2.4527110445640896,1.9341181001333385,5.364006479715746,1.1353159762039473,-1.1036714156704217,1.8689272505398136,4.778867248461502,0.04351672833773854,-0.65234652428184,1.026318055094774,-2.2545839073954688,-1.1238519995801632,0.06971514278508027,0.14405915530900507,3.4463580178858644,4.189379244257441,-2.7123852095290726,-3.752422733038659,-0.8166494489727181,3.5852346029722644,2.874133081087381,-2.7653221431232224,0.09872219643536913,-2.5063107307887886,-3.6623370386105094,-2.2523851291771546,-2.0929539595538955,-0.48788554908467513,1.3079639781552066,2.102668444889916,0.35257112336346313,-2.3728974252894117,0.38347938432133377,2.0
-1.4265090379145497,-10.218386965573046,18.743117738830797,12.807148010399883,-13.204020158954918,-3.4935567737353166,-8.416153021449148,5.468455711175377,2.365785682519191,-3.1956385196622086,-5.0181615086967435,2.4072161504998566,-4.865642437771897,3.7988794594223947,0.12966759271043243,-1.5095434985992258,-1.2531826478852952,10.818250653426679,-3.8665338396430546,2.5152640718129353,-1.0938725037676287,5.23324375856446,-0.8527825532182614,0.991891830371653,-0.6721248074658542,-3.0027587387972217,-2.917697471048416,-0.09945518907839547,2.4069070752167847,5.080380628549797,1.499897918075057,-0.4038569155237532,-1.320680349151951,3.1061358000859447,0.9988025479992061,2.2018219407558877,-2.313987683846373,0.9460633445103078,2.7347178926117413,-1.0743303660382226,0.37077583269470743,-4.5760900704283465,-1.0119393178372798,1.2808273651426096,0.6589009880914627,-2.9530761159480132,-0.6818939908097919,-4.035554939341482,-3.034745802318991,-3.5430477622967795,1.0
12.043890849333575,22.739144983562927,-2.4722223747019045,-8.650143802227875,-2.805570243583328,-7.348040713323331,8.658933140412438,-8.266742405343816,-4.956533384626987,-7.423725396277978,-1.4662178360349656,2.478664019301601,-6.7912582964115,-1.9915243332982362,1.8710154846062443,-0.6557537331070525,-3.343847766841301,-4.920152716974739,-8.952123785877756,-9.72451959465735,-0.28568675909868185,-2.6621693052271147,4.295606956983288,-6.2730947221610815,3.013585630713256,0.7196293434035969,6.860398278421582,-0.33463019088435775,8.273889611745455,1.0352043070695978,4.217986443028885,7.7731753260034235,-1.482133082202055,-1.2455473509786537,-1.9777688630570907,0.7747476460410583,-0.9547003153561736,4.310372036095237,0.5144389240457353,-2.5550056188950245,1.5244738448092796,1.8820366623592262,0.9191260477495178,1.3170394088386475,-2.762988018748463,3.0976762568406344,2.2099717122714693,1.738545026116822,8.61279734743853,-2.830351129665028,5.0
-11.687664130205091,-9.11316545863804,38.058725741796366,-5.516336297677741,-4.066875999009912,4.025472868984117,6.275857158317719,-8.100114897841728,3.2846550182807652,-11.670607452232632,-8.257096193151297,1.3759125364525435,14.290246868170891,-6.239508978040998,0.7995022599890813,-3.100558221035929,-2.000644964523001,-4.251025715201381,-1.5430812561000709,-0.32059094941612915,2.500309596162145,1.1947498965121175,-4.365684520303125,-3.8986024588159176,-8.923917145302529,-5.608358609417314,-2.8187552309251975,-5.136954508136374,0.8232466507770924,-3.9220385399783866,2.5573401285379673,-5.475313855506317,-2.408134302514902,-5.80250184957791,2.82192220854903,6.611504257886556,2.8047653450559817,-1.0821248781370665,1.370687592908456,-3.5290493501364577,-5.998447574897115,-2.148093513622317,2.3851720026428507,3.5979573238602094,0.6260498228565967,-0.8686245062893726,3.630435883005225,1.9052906965193137,0.15056242994343533,-0.23782119181067085,2.0
-30.97634524542725,-22.783636210866405,-21.996372621757118,0.8712638204741453,-6.953683222377387,4.490482958988048,0.9255552683273419,-9.4491624678787,4.9381569382750925,-3.384295324541435,12.531724720073491,1.052017082128922,-11.178477975349862,2.5931763007945436,4.97722401365179,0.3209494516326841,2.2918866338005217,6.269543484780844,-2.679617724828233,-3.282329531310647,1.5273058122614562,-6.698085681114537,-0.3747130554120013,-3.091027167144575,-0.08550388517034317,5.48253194786277,-8.504758149283528,-4.8726180554726435,6.421253200031454,1.9297865717363236,-0.20526822525239025,3.494832967954509,-1.1958655137750827,3.8298538498147106,-0.6407940500735927,3.1110860704669654,5.72454470321747,-4.6244212592809895,2.4911606022805697,-0.502132199938845,-2.1919856313649007,5.019418304513899,-9.29001096181505,-2.3625372880784,5.697465308237078,-5.16373255187661,0.1629273591070032,-1.9156941786537245,1.164438752101635,-6.675718383474411,5.0
-46.811819811164945,-40.96151800560354,9.048599033343725,-10.981252542165722,-5.604982394650831,21.26809328984779,0.6436790853354954,-8.609436670136459,-5.237135377371074,9.685474353985418,4.632324526028951,5.7609694633395305,4.825238958793783,4.287101220697893,21.409893927558144,3.638758842511162,7.89273121197358,1.9184285896245399,-16.2005519941644,-6.875068788657422,-4.923338902428233,2.0328960717600824,9.533826707281,-12.995248039263297,-0.4227989342948473,1.3693033260745013,1.1424171093433415,9.801677190285034,-1.4822427496125172,3.7363264486186836,0.12246493411363868,3.2199196889200725,-1.9699527700389579,4.672118043751306,-4.440719358822044,9.485380198780014,1.0008610766783903,-0.1874110194396832,-8.024995908316326,-1.663245119400276,2.210184051297777,1.388078601274479,-4.1398920609977425,1.763181910700874,0.45878058614815376,1.6739968339781277,4.461660287851338,-2.317336836590932,1.2000140738352565,-5.031503460244132,5.0
-4.487712420452823,-34.120426646681224,-11.017498603298282,12.23511705703566,-3.9508244530795267,-7.219644191999638,-2.120819171183029,14.02641086464073,-11.727143939464241,6.07078214322082,-1.9025399443224222,-0.03265869516873354,11.222805235083317,3.681380446852699,0.08726347350788875,1.5643820475824308,6.262183641481758,0.6049027636120121,-1.1219207128965438,-0.3597723368843647,-3.6755041410338336,-4.945001881290645,2.7794222182047745,-5.241069981077051,-8.544149852195876,-5.876611097920042,-5.901994618486188,0.3124711317153324,2.814133524853426,-0.9505113010491882,1.162667180174721,1.596007029087795,-0.9243817672767404,1.3751251151557609,0.5581068690354519,-1.388784054863309,-2.709771388240224,3.682147156430481,0.8802322001312884,-1.0390819956764168,0.89633138478206,2.5376979792726706,-0.024553885936318413,2.3187763671294426,-1.6906730371910912,0.41005293685034216,0.6025055144862006,-3.534726799954734,-3.452269660445596,0.40755095287447013,1.0
-51.25024101552867,2.5192123574128753,-10.235597034433347,17.145805911088193,-19.106145731160836,-8.736506429922466,-3.669705099944574,-2.416336021045795,-4.419238797448448,18.92937565463099,-1.7269673027490366,-12.528197005553254,-22.29970206239903,-6.146972556298619,-1.4112606287739395,3.986061033421634,-2.1574420877688603,-2.1026054076384706,5.147673260807893,1.6031149697902205,-2.158636962383396,1.0723865194423183,-2.168616273613829,0.0014834284457884762,-7.004786654309863,-0.9247214270180549,0.09079380109708096,0.688341619321102,4.29549247877966,-1.065215916631783,0.1279977585981196,-1.7649325150243587,6.6206961310072465,1.6923893316352294,-0.8330153052599196,1.499137559065872,0.5078734045684347,-1.2611490968405903,-5.75819295281859,0.6848766483944037,2.483208142968926,-0.46196794231329674,-2.4279251176940666,-5.893684228025257,5.322445757794602,-0.6338296715687076,-1.295927784466833,3.575702804063279,5.690851659336203,-1.0976394348927727,5.0
31.060728889095074,6.571948967981088,-7.880364217623002,0.00556966670785631,9.861179729776975,-9.691329310241704,5.077873476304155,4.079202702428313,9.520852693581228,-4.641924441793893,-5.827955320470468,6.06306961728183,9.629146711623573,10.200128954900151,11.455943732959831,0.27130503720502414,3.473618614243926,4.008560189154143,-2.419682937858928,3.6997064713435726,-0.24870026569157905,-4.264796867375638,-4.599205894546114,3.77686964877816,-1.3939413406801353,3.1804944265441772,-0.34532925509800966,-3.2275979255995555,3.565622008878094,1.8697904333859745,-2.6873924047721083,-1.7948310571632011,4.504940968349255,-1.5367764955262349,4.385106607121383,-0.24746330900041583,-5.238001113550175,-1.6611229774087475,4.467743727288452,1.9659018605015888,2.386290369661686,-0.165529738647557,6.689555374533936,0.45462180134346497,-0.2848957360059894,-0.928412500403027,0.4143958910067334,0.3936520647138711,0.3845705727233316,4.298307174299494,3.0
-25.833109556934655,-29.92600005744042,-5.7907198635895885,1.1302989836623827,12.554616793244588,-0.1311967971458936,19.24147459334926,-11.61064529701316,6.790409977469548,-0.14538392897312616,16.423261829775676,2.921460942528189,-10.359599209879502,14.213436737130552,1.5303752961504526,-4.521623964745531,-7.110754757376757,6.240774875208106,10.676979650327807,-1.314352998861095,4.405071681194849,11.421569623342368,-7.49101136685129,-8.75484116923762,7.840736145895635,0.9051994688418887,6.51202927993235,-1.8083585617979314,5.168385897473928,1.6324014755721208,6.77131134691851,1.8621662184948922,5.845921676523157,0.80580582509578,-11.109459080790534,7.181982479225224,-5.620245856002854,-0.3475978800446393,1.5013621592520938,2.3754719287026878,-1.0381565448543673,-2.089478327985109,5.573149638582158,-4.141635185699197,9.272712989928692,7.309190183887317,-1.8961819176652828,-5.759840427522545,-3.5680944535652506,2.0538387879270266,3.0
-25.587795136656467,-18.71790866332235,3.2739980804951503,2.7675720210482826,5.529937306578052,11.403976957944797,-6.573161208410751,-17.691002404164237,8.59409128285382,0.49262633728483485,9.997552216436672,-10.529697628237797,-3.923922223460143,4.2313662493902555,6.814204401294703,4.778386536887766,-0.7432437524551632,-4.8067873255347635,-16.65330590439921,-6.589373174283442,-0.11736094437604765,3.1586000793863693,7.001559885244045,0.4095042183997435,5.396335591203931,3.6855842651327433,-0.4642725214816991,-5.68775326583644,-2.727564127813615,0.49385853331122614,2.0750007665370993,-1.0890628316494837,-2.396648310154251,0.279823379798429,4.65729339473793,-4.676901817095576,1.2937646839257022,-0.4897197027864913,1.4809693184642896,4.015674757568072,-1.2934949195599574,9.187082555361048,-3.2215916476879194,-2.5642881309765464,4.078074923098002,1.1490231897717098,-2.712660948200163,-0.7564974713156818,-2.9790302737640464,-1.7680324900749518,4.0
-7.188623170871386,-37.14701182510995,25.784508179909807,0.7038777009057777,7.8282870320054565,-0.6907171067187737,5.3873549171701125,13.213406127904213,-9.869709576792392,-5.50987023048859,2.5774037191869157,-3.065010824042278,-0.328594585739213,5.398005145325523,2.3121126400004712,1.394083300301141,0.6401112085529505,-1.593623016257651,3.457324187413772,-3.9061339159889163,2.151011828075123,-1.4351285972708845,0.6653702415091356,3.243010254479916,-0.9139594316716264,-1.5094883016369351,0.9302796074899058,2.328303991959892,-4.362756583987364,-2.22825900158101,2.534160840143272,1.4390641733073182,2.1983397888890384,-3.9563922306746755,-1.3053452835473294,-0.6908097141439637,0.5097573094656741,-2.3344442764974467,-1.0036481595771765,1.5029070546924903,-2.9529639752138848,-1.3721907323550642,-0.5110188739462057,-2.1385846973551828,0.6340278359727727,-0.044947476147202896,0.9873487794100528,1.3678809467374908,2.463365858162661,-1.1579009371866271,3.0
-18.180991288808418,0.8907532628484575,32.012781834034875,-6.486276311409358,6.276014746789888,-0.3539656528625365,-5.414493843583225,3.0317237270650796,8.611061915639118,3.860989024528154,-5.136312347750746,-6.444992480483483,7.315862156692298,-4.225511773874773,-3.4666367448530755,-4.173199750446808,-3.34944079835104,6.655133946052052,-6.97187344449132,-4.364655347664298,0.9303458368451012,5.662456239136807,-0.5711386026742289,2.391795342726503,-10.402008568684877,-9.277878777782416,0.9921186053681148,-1.2438610401560337,3.4010169583773973,-5.969194383828948,4.072964077340711,-6.32445070459143,-5.877537156686434,-2.9944662462218514,0.33193032352833973,9.795659140930956,7.672993166264404,-7.493411527536708,1.781998735846102,-2.6255124876590936,-1.2527323052776944,2.4213154666139354,-0.26042154282841856,0.2730316630193614,5.415086271502604,0.04140082269815024,-0.9990150059842753,0.5523573763093291,2.3435991313440514,1.1221666413042457,1.0
20.89283581267386,-18.101359211987234,-21.504437519753438,-2.9953803796024934,-10.422760127151603,-22.83946805887709,7.216484357643224,0.10367845926280274,15.238362790959277,-19.923456883150077,-10.422242617583494,-3.5090037696529057,5.2017897561810935,-13.35819105168364,-4.047445925538817,0.967546630362643,1.4384391245960406,-11.808983318325046,5.326059227475919,2.085311107869136,3.6468414484929776,9.764251417377698,6.0397491618336865,-5.933794010997305,0.6035662810247545,0.4618121289232932,3.7548149679750242,-2.434520224796656,-2.608939262758583,-2.6240645625803407,-3.720169669778013,3.866253112463527,2.242217511897549,0.023963057455750728,3.3233175494858442,7.44581266420907,-6.317866461241271,0.2863905613319014,-9.881154581169266,-1.24266615425457,-1.0332775182896656,-4.64333666120774,-3.0898238937535205,1.099379923135968,1.3976997857491849,-3.015049248486023,0.08862965083645166,2.2363861938788205,-1.7686658868685774,3.945416506276522,5.0
9.411405198133588,-17.794071408582084,-13.229748672799468,11.763463899618799,-1.5363594536300342,-6.476438144286099,15.152213564530788,4.500748833291649,-23.036799691227067,1.0533893743721143,-1.2945939527789605,9.954859627362584,7.673713201072374,-1.1217039601363874,3.795047015534769,5.297305534807008,0.838173619240032,-4.449309236700586,1.5448136080069552,-3.290105333848061,3.6570919531583286,-3.787544113522336,0.2773849971687448,2.6473245945813795,-4.281634993781478,-3.564275348723818,-3.033333336538975,-5.528519691069906,3.666170634334822,3.677391120044681,1.4983580212419285,3.926201772848358,-0.21685865229851667,-2.929121318002927,-0.19223455721780544,2.3527759443265968,-1.1695801500286351,6.4499099188402775,-0.38764274795770826,-1.8352762724478624,0.15019567957575536,-2.3565638147653005,1.8933018722749755,-0.029946618540375544,3.5986972326217654,1.0304293577208352,-0.9038252085496362,-1.1033094080634884,4.567753987236312,-0.6155826078009305,3.0
-5.692781360002009,-21.879212245457243,-14.464419404514537,-2.752161509225827,-8.323729223393183,-0.6848316611477621,-12.5452351516531,-14.253686187601907,2.1256109883184413,4.87052037296353,-9.601368885030112,-5.211629370443164,5.388889031971521,2.501753708386048,-5.603409272183924,-5.926844429280425,8.191783987030348,-3.599894192690718,-2.112079302287264,3.2359515761540654,-9.033234470400563,-1.0244194572426497,3.183106909164691,-2.311833953002648,2.570183213262467,-0.44808804033678196,-1.2330070201977554,6.769857989285857,1.650841529759808,1.4817726377397473,-2.685234100627661,2.4713622237264232,-3.5388361921744074,-4.395573417194494,0.6929903277160755,-4.712650240465785,0.2841775662029711,2.0809411140250957,3.293209037073892,2.5812485519887023,1.0447749478883712,-3.552255433111848,2.900538157364554,2.9551912329221186,2.6165987617982247,0.5626220793618116,-1.39022148586164,0.9126171890693098,-2.361497207613712,1.0729151485496824,5.0
12.816099536769253,-33.225938110192466,-4.422093697593005,-1.2001487509948685,-4.633865217085387,-16.13861702815108,-1.1201568796865018,18.64158771003031,-0.13653963171939468,5.310126157485765,-11.036656683024555,-1.2931585729662092,8.453229458351178,3.5669381737638974,4.317644904207479,-3.3302866722008364,-0.8663456693931934,1.3222769720363332,1.208733081495124,-0.6057930017396729,-6.249566693951823,-0.8245082162563702,9.388317192524818,-0.058938208574366734,-0.18106565135314925,-4.171504632113757,-9.607199934767165,0.6666054048272065,-1.3107171444519523,-5.0327034093167935,-5.496974044207059,-1.596880758162053,3.755413314576694,2.179117764091062,-6.102687521534085,3.7948347803751954,-3.313357561172147,-3.3994789024095864,5.535333921919944,-0.7808269657076387,1.6329885258712118,-0.5777811073660739,-2.2006040655676182,-1.3966205470949549,-4.688892805673976,-1.3614546774649483,0.6122920165628462,1.591139536460389,2.5318497657169567,-0.016780526434920638,2.0
-20.449638877222156,-24.799948298917364,25.721170411731887,0.8335011681607437,5.632184031420466,4.90069419213938,1.8933819831788075,-2.634567047691217,-7.405345501125426,-7.862260732273705,3.1314227395406853,-8.543739662153182,3.629564650289089,0.40786432589860033,-3.282039876001341,-0.4894859521375844,-5.327641150258754,-0.20377494470243263,0.026096924075296925,-5.267853572482904,-0.26220606631822435,4.8694828344914685,-2.766801289685631,-1.9222950812184736,0.3602305136109353,-5.527415609092986,-0.6381096547990743,4.285732050962309,-3.6636382725946897,2.153178667051541,2.3412013684250246,0.6326257667406372,1.0138499503590885,-1.179785523117984,-3.644403842099497,-2.821279442904626,-4.299112797364427,3.2452715836785107,5.903403078551336,0.5026735183715468,2.1925199619847286,-0.5150698611855742,4.17890677555455,-3.3100908720213735,-2.84614683560838,-2.5193051197583056,1.8616021216029075,3.181956122277824,1.4321113108549162,4.712054446906163,2.0
67.1468022448178,22.377675919350352,-3.211328388252692,-3.0864827519940894,-4.073853744981968,0.5712281883859873,4.493384359998642,-10.830152181852776,-9.32186171839276,5.1070474468882345,-1.220887264590902,4.779567495712343,5.872866140741414,-5.556411974843183,-0.5608529857898782,-8.939546461749506,0.4016759192347808,-0.7365147050620733,-7.6354874993567385,-4.182331335616205,-1.6482037901324065,3.138866663002198,-5.997167959747959,-6.744106637380363,0.6358843162045127,-5.231972846658564,2.56644721018712,-0.8807484794578772,2.91584047883475,-2.6365967325387465,-6.747824416323759,-2.332913081417524,2.993904758532317,1.8231090900923872,0.29138183332586387,-3.114686782322299,0.09300279099655466,-3.335712833854112,-2.5378736078696407,-2.9832120858567728,2.4788009830953666,2.451856537261806,-1.8866852657333164,-4.763312499258743,1.8575327849299303,0.9436438556627661,-5.4204756127887075,-2.856586057116993,2.554708811077274,4.781126148990755,0.0
-4.648599163121097,0.8073712027874302,7.19448716372874,-6.931987582860874,17.669634216361207,4.568112620384122,-9.977283057170993,-3.9590962257694615,-1.8925962342258502,-4.403977911992762,-7.544780744586569,-2.01095126580994,5.177217544503203,1.7408671305554544,-6.083820929592917,8.769844026694532,-7.7496284186646935,-2.77337151360428,-4.550825474896527,1.130284074346836,12.411580766301817,-1.6986910441113885,10.170370729156845,-2.506220094096791,0.08830797101680811,4.004865770241655,-0.15054582769173863,-6.4980387401206245,2.847673420386986,4.606001602562269,-1.840021841166681,3.226511477061171,1.2746754390477821,1.1143127290413064,-0.9356350433160924,2.410993691336019,-0.6884300391203388,-3.8555390980755875,-2.713818012532196,2.6209018795880055,2.440322147895425,0.9675291241801651,1.5883681853897518,1.6512567487469283,4.140943844239139,3.4327983882768125,0.3025457262415575,-3.8822865265019706,-1.2860135855856407,2.543076884251585,2.0
18.49896126391668,-0.8100142715382459,-17.649319618371464,10.371041730196625,4.838763165962999,-8.523444926824446,5.7091805889912175,-0.1317679958280879,14.797299867543934,3.239558776644679,-4.181777509348913,7.977441605991163,-2.400788651462801,-6.866654065888374,3.706324496935877,2.4961823301302424,-2.671091723325559,-4.3431822880167,7.599215490274781,-3.806412199519361,-7.997674356828598,-3.2311183454571766,6.8796759913335,-1.7877697492262292,2.249800759082618,-0.7375547280265593,-0.5010333337745773,-0.7218850981752657,-2.0948429152465753,-1.243264103519212,2.863093528247751,2.715673654040672,3.536415002295563,-1.4952072085956467,-1.5649531760835718,7.726870774721462,6.646657990350951,-1.4652516909769189,7.943727202503038,-2.750108835712687,4.0680488642799375,-0.786438969869447,-0.6499422258654828,7.683009033663195,2.635288050324486,0.31575338302434236,0.012677956573203166,-3.6216377772044694,1.0008217520694722,-2.08909555137491,5.0
-8.713808045982763,3.7418062478559357,-32.99493873817246,-12.426989263089553,5.213204769355053,6.075705623487004,15.673309137342988,3.771113531723375,-12.592710990660912,18.270767189812524,22.337580375962634,13.534375612938987,-7.42797796271491,-0.8709639501661606,12.61558698815156,-7.289285503139839,-20.797430616015514,17.337267542565087,-8.198522555259645,4.752209951541247,3.4920670605393176,3.4292488788384015,-2.485094752605981,5.754427575425617,12.470673650606594,-15.162274445322407,-11.167544696016385,-0.49296473057503665,-0.4368790614685776,-9.236778738761544,9.364154864674866,21.958350606353186,-19.24615816170338,-8.71231611490123,2.4418803951130448,0.8590041255894362,4.941592865516999,-4.739730595038868,-3.0899848233366836,-1.5534800070740138,-18.817390476573188,3.003289272066513,8.48741450232738,15.53984575583444,-3.3545449056067134,0.0879466528606959,-8.615461344633566,0.24913974859955354,-10.58835070018999,2.3247083351154285,5.0
-48.01215683141359,27.924443058327114,-9.78983346149381,13.89158476032733,-6.935204206321297,-4.471147319996207,7.8328666595892535,-10.559919526694264,-6.223441916308696,6.131430810552998,-1.169231981131343,-5.113492854215367,-4.734276552480665,4.243749948546684,2.2678358704159076,-8.85040851907911,13.936248235768662,1.40596121181056,2.9015155778646924,2.7743770453551986,1.6007466961497832,-13.835856999321964,-2.176338343374567,-8.44754508625586,-5.257492020270165,-0.2174106139251468,-0.5475913049363046,-0.26184772894001634,8.270988830572092,3.0272534752654967,1.8371771953835452,9.123182339202378,-5.72110991288027,-8.232962711091865,0.16550573210582603,2.157829763820421,3.6361452550136057,7.0258721800782205,-1.6588861493546074,-4.078620478130125,0.43657007282186505,1.2996156093957913,-3.7478971341630025,-0.24291345153692992,-0.7120221551320742,-3.2305765289730433,-0.4945550288388798,0.6893031362398571,4.199950208038209,0.9186165258818461,3.0
-6.454662055313001,-8.391754922658095,0.6425217700275925,-30.68072492161769,13.434175539855357,2.679202129032732,-3.5501894928301714,20.319898359539415,13.731207207838061,-1.5719790904261963,0.3490139342982737,17.641811977013194,-2.9085821924634225,-6.790698723463002,1.421135608195811,-4.833145608666441,3.649359685653817,-0.9354784647301394,5.302329032812848,8.527547734997937,-7.983739686309298,-6.2735616933262754,0.8976170632915459,-0.9485816253619134,6.055778550505887,4.191025140404482,2.063073050179087,3.787160054391525,7.648087292410219,8.687256326359561,4.263979375423671,1.3773878382076152,2.59394508925788,-2.0157156262676117,-10.243282143433966,-1.8748197994508762,3.0616232004218498,-7.882299762222342,4.852742775178535,5.977319976841065,-3.6389725247252804,8.264892563262785,3.863442217988302,5.425111823479631,-1.276211024914142,-5.25865571548307,-5.469425500190325,-2.2117564675622194,3.3151377258902817,6.155367419794593,5.0
0.21178745355567996,3.536469975272194,-10.419903530754775,11.610443645445992,-24.713284532174427,-15.582667423132222,-7.689035664925961,5.478138965664809,13.146547030183687,7.598207625587828,-15.565041781933575,-0.4519598422543912,-9.35274627674496,-7.682344596923192,-6.605024691712057,-0.44715009155720153,-1.538168100722463,4.578302583472097,-1.9148507701949,-4.802413870897151,3.074150936650049,4.968259121653148,3.5049585016520868,5.249322214300795,1.4133005801007776,-1.1376995604282527,3.931138734446585,6.095183756966513,2.9672653340155546,5.924311408517597,0.4225231661558796,1.3277941754475862,2.3473060660426968,1.0858771088583306,1.7872228476204102,-0.7796379567407031,-0.3680080068031892,-7.552131428902475,-4.300436381815008,-0.5486327358743748,0.46093991551423985,0.02898625764036701,3.435785701087706,2.1304323912774006,-1.1950747192519995,0.9327772694884029,-2.40948194538453,-1.4444151238141483,1.1080308052696184,3.658374331915602,2.0
-7.472007034969449,17.770502614786057,15.829048882731541,-24.004439568162173,5.991239422316013,-15.970362506069815,-0.9061064240166992,9.695668336095748,-9.248496133606395,-3.423940599286446,2.92903393809189,-17.034588874525415,-7.688740759447831,10.047617254195927,-8.969367474085475,-0.5881638955957013,-8.989632100191322,0.7075266688287207,-12.378349185173413,2.2744312775898963,-7.723969370313694,6.658626710783169,-6.162240020448155,0.4258575164073792,-0.4584930476682115,1.785178550270104,-1.145040250115378,4.706118402266612,4.886815085134438,1.7344978217621847,-0.39014649164039655,5.980912255068514,0.3654701197694482,-2.04993713190451,4.287440645409353,-1.6376744427777146,4.409301297135704,2.1722177221281314,-5.521974559739151,1.52559777324725,2.683040987561007,-3.488003286220581,1.8472817867206182,-0.7855221203520334,1.6819623107151316,-1.208486160232875,0.8263910286874135,1.9279645926593483,0.859091562899275,-2.287823674852971,1.0
27.752883278458526,23.062371602365648,5.298609853357674,-7.312927604406086,-13.749185869636358,-8.635653934614945,-17.088247036168582,0.8571467256780706,24.331249078736484,22.882036760393035,-4.145639569079907,6.8468773539618875,3.127991659197196,-3.5141327484306606,0.9408191638715763,-6.249594199735816,-6.03937907373213,8.290863538224952,4.489794808239983,-5.614895500070344,-2.5581687369270196,-3.845963963778401,-1.6747474977732353,-0.6269982051153646,2.0642245513468147,3.3514579255126313,-6.306193822053052,0.2841022586407614,-7.282222694289807,1.155912088951243,7.325381674089046,2.475137452085371,3.104393444946558,3.3632869721128404,2.3753068586378094,-3.3380463511733223,-3.0138242610307238,1.9584284174146211,-6.738481674657912,3.959479465539316,-0.7592744207532756,-1.1239580723753182,2.3091055195871024,-3.3662580166015523,0.43840990879652936,-1.653951199426279,-3.9939767166873557,0.27528361757890824,5.6556371636536795,0.14016208053511653,5.0
-13.539404940833615,-5.180564541861557,-1.6065563981195587,8.867158055045971,8.98906224511102,-3.567166903461898,-12.124034733544567,15.059597835773996,14.025185993508142,-0.40152543398446455,3.659244608014762,-0.7601276701948555,6.031538948034081,17.30879621679958,-3.092208435616558,-4.413109123430581,4.022591158777183,0.9335001797982453,-0.3735450184924412,-5.24240687177822,-0.45227762962915186,-1.079492685927783,0.2883085493104624,2.6384755609226938,-6.337710032384546,-7.388929739416604,4.372037009592408,-2.641307647437217,1.840012058777169,-6.48711213308932,1.4344229639033554,-5.742802605462415,-2.693035657151942,3.9449882437121055,0.5536787838926216,-1.4281925680221852,-9.257307453407073,-4.300249150891306,0.7949946067560614,-3.865205720738966,-1.5029325470869868,6.406986795592287,-6.1153477575732245,-1.4093775184137889,-1.1335647670299906,3.3977502924260037,1.3762779815017965,6.012066053543724,2.0535301637417955,-1.9078925203431176,3.0
