feature_0,feature_1,feature_2,feature_3,feature_4,feature_5,feature_6,feature_7,feature_8,feature_9,feature_10,feature_11,feature_12,feature_13,feature_14,feature_15,feature_16,feature_17,feature_18,feature_19,feature_20,feature_21,feature_22,feature_23,feature_24,feature_25,feature_26,feature_27,feature_28,feature_29,feature_30,feature_31,feature_32,feature_33,feature_34,feature_35,feature_36,feature_37,feature_38,feature_39,feature_40,feature_41,feature_42,feature_43,feature_44,feature_45,feature_46,feature_47,feature_48,feature_49,target
-2.580423576474336,0.5844125247309276,-7.5270807937401845,-32.72688465657142,-4.019055135734345,11.108503134253183,8.838853922366523,-9.784078590998703,-16.211885653161946,-11.166604472733495,-10.412001196698137,-0.35922149492280075,-2.1525322016867,-9.13081006535088,1.1539764835128017,4.4208945594141005,-6.455234522924529,1.4180121691444438,-7.415348126839751,9.858679372602872,-1.0628957042386662,0.7964495250619671,-4.828844890007889,-0.2051787482949543,-3.773964317109937,2.6348778969186273,-2.4764243349862696,5.259116657044539,0.883297306148851,11.386812207538767,7.6353247078209465,1.5114995841275825,-7.040573858367599,-7.192548817534653,-7.578513411234901,0.6155223156728661,10.181562685410617,4.800717460727421,5.457078661626231,2.7438566194289304,-7.322715395651822,-9.126072311176234,-2.3906531628398646,-6.915506139472799,3.867588414595195,-9.179345558660847,-8.075556881534299,5.171910943056644,3.1074374866071155,2.985447602758789,5.0
5.725639961283566,7.255970658461442,31.47492591779464,18.695408754848174,6.2435922858647945,2.2938913295465184,7.768761094255551,-8.791982619528394,-4.999823862399549,-14.035244801033722,0.34755836693196585,-1.3261803220704576,-3.9516923462215945,4.117413961561818,-1.462684826558857,-2.4167975862472857,-0.8091897815784078,-7.078764971944455,-4.361277866810099,2.1127874209360784,0.06138236013056104,0.6372380003527035,-1.8889114916893885,-4.30191756668507,-3.0240124139779447,0.13325193883965486,2.885267876375802,-3.897700784006133,3.812973638137457,-1.2659820156156956,0.3845615676985181,-0.5499287654965902,-1.3564486409144592,-1.8161555475327882,-3.7229847474513664,-1.6664643102600927,-2.7270246297994722,0.7179321660871575,-1.9472099374574374,-1.8957663615864262,0.004397151107499488,0.8387336991654991,-2.9631784024070744,-0.34919294683948243,-2.5527553747515745,0.8828565928777461,-0.6293267522377295,2.302413960536345,-3.96463225674603,0.5932699577636119,4.0
8.503570778175135,-5.373431698206937,13.418014906173202,-11.857750986922847,-9.841876846897312,0.38361595865889897,-10.398113541763509,10.933443388054316,-6.196524939998419,-15.252262265900528,-7.151866811225165,0.3020621194785757,14.89391468465991,14.739925988491434,-3.7739569182998802,9.332705435704293,5.615137992879285,2.3522884762473786,-3.326693256657836,-0.13754193565074757,4.278532640876646,3.456983040982451,-10.816070346042197,0.1337716430470568,1.5881537527357117,-3.1191728156217233,3.6556879004488065,-5.1730344641234876,2.4380774158374687,0.35602637449846436,2.6476730783594076,0.5531279051966237,4.5477388023884515,5.537578293494949,5.60790098154052,6.82122594976637,-5.0255366302274584,-3.9667381571260463,-0.4940041496635116,3.049865513098812,1.9703024957922224,0.979232343390335,1.852558482198392,-2.713330348768036,1.4121574640441796,-3.2244876116023597,4.022010795369129,-3.97657317411934,-0.6868987869796305,0.710444770747739,2.0
-4.04012675302945,-29.086362297165092,4.606232861493143,-11.075762546217238,-5.817278702515591,9.719078996162756,-1.2119689741912245,-2.6262207062424188,3.792164194619142,-17.965266808498402,0.348817910760791,-0.07031412094933433,9.859234939006152,17.394597331732285,-0.9461123334836142,7.12891140323021,9.905722344105296,-5.830051074713665,7.980599486912915,-3.6210492058928856,6.7376272519017935,-3.562768296713617,3.7009347136222646,-0.3274285030053485,4.37317152577997,1.2296290858659245,-7.475804576361898,-2.3531833220082143,1.1883178927615483,2.5771682177769977,-3.556405203957161,8.411416750886616,7.185224776468895,1.0536660025869558,-4.036222753508876,-2.2506113135503916,-1.574205310670293,-5.384216357694659,-1.9555439714133116,-6.227433584695133,-6.812037086122627,-4.7967328728170076,7.608362052508904,-1.1180722906013614,-1.216232594476768,-0.8234540092515821,-4.709249033041309,-10.022672609298706,-7.714169270679052,1.996596131360626,4.0
34.08507707676064,2.4685843786017383,10.974403231831863,12.483156361937327,-16.713558486254353,-0.7017429166941445,-15.498392181419595,-12.810209461682286,-13.524993478795443,22.30034671629293,-0.2871952163953168,-4.676857855535035,-4.546475267079269,4.415828724627574,18.64773066908448,5.680688458298615,-5.152987772497323,-7.95216080583959,1.9601001267143068,2.765511550812236,-5.6991980982093535,0.5536051686265506,7.826764722987687,6.853551108667009,6.889893381996975,-1.043443295894948,-1.2215433824734305,-2.194777392363078,3.0396962069244466,-0.4916545035134534,-2.9715960942114625,10.885088627320405,-3.354782357515509,-2.7512306040960732,-1.289637872248831,-2.0098505819101153,-5.402628451204392,-4.377598930856446,-3.4201605060997746,-3.26243251061705,-4.580397768646634,-6.454994255076103,-6.000176081611166,-1.8519537000611255,0.39212520392005357,-0.8450894236274885,7.722323283732789,-3.3384443413895855,-4.028650571562632,-0.3426463294525228,0.0
34.22903379661474,29.86399662450624,-13.276765124490527,-7.161920269821272,-7.544511809777267,-1.3723095676229224,-0.7528605592239529,-6.329319974828504,9.14410539675453,7.086890908689322,-12.90050761405751,6.383676772424718,5.765639323564903,-2.8069263536795668,-3.629697073073133,2.6892502689569198,3.1045674864397736,-4.47462898125259,3.647069259001689,-4.308383537334186,-1.3172227981936195,-2.350859307691251,-5.542095492039794,-0.5192706825293799,-3.431291141310435,4.080764950353499,0.30324159208954526,-1.6781100880245512,0.5879466421057562,1.3206403336751782,2.399309369056401,-1.1173364064766702,0.0999883980110226,-7.4929663134918405,-0.13770668527616617,-0.6929141207562082,-2.951039301791043,0.07881642005249556,1.136307240848254,0.1222356775105836,-1.602949339198818,2.8371458052126672,1.600447630732914,1.3683709337738912,5.343128962311962,1.176023820492473,-3.155940132363506,2.3842222544677845,2.438642440774763,-0.40392615536311405,5.0
19.395702752328184,1.636227811069062,-9.58810292118129,11.679108981836839,-5.582694137992915,-9.520104074466886,-7.960889272921087,3.1012344608994113,-9.432350936168875,-3.4017698654489337,-3.805984536858381,0.6038762780446808,6.329041675763904,1.757336087760345,-10.213458095624079,4.582736209762243,-3.4119389485514087,9.534223858162346,-2.317857145166929,-2.646515687202859,0.6393069553978428,0.6721239996678228,-4.747322510532853,0.1906439898876955,0.47357877747831445,2.105934638353377,-1.2576945665303563,-2.36040327051827,2.807210894889968,-5.030082018462749,0.0773375937801753,-1.9175069366752768,3.082909518557212,-1.1065506151322837,2.566409285412649,3.077289177032382,-0.011136135213275838,-3.4175707958699837,2.4866613110632905,3.2294560312247027,-3.467562042410892,-1.751059273670824,-1.921605194173158,-1.228536238861083,1.496349147497135,1.2864712680391392,1.0025226929675708,-2.422506199817468,0.1962082801660972,4.8032608361256885,5.0
26.39364111135301,-31.611924965078547,-8.898047324174629,14.730351711620305,-2.3283359173926903,-1.3777843794833953,13.587110963054068,-1.8222526092355966,-3.3336766557461086,-2.8933220084797946,2.1865477768114365,-1.2417476227454274,9.848686292434358,2.6545973690592573,-6.301867593858442,2.777792820706222,4.656078454357013,5.86734488583112,3.9141204493108153,3.2345015519854976,-0.8659571652678418,-4.190100976371065,5.052624879420567,4.482155089364286,2.3285424495893197,1.4570584471677295,-0.3303085489465884,-0.7847819225113325,1.3074988952525128,-1.5049277256058502,4.6983466935452425,3.3521154691446804,-1.1616889019550376,5.532288117001416,3.50251402590199,2.118433651074958,-0.3826236704889856,-1.6901123003552165,0.903201973372601,0.9048001184526958,-0.6736742363218071,-0.39514655868640947,-3.947760731541605,2.366280947888776,-1.317876793385904,2.1948966191553576,-1.911575717605905,-0.3795784464902029,-2.0155430194270476,1.175619671553565,3.0
9.613328587982508,10.649580195030092,14.436020215921763,-32.010400003485344,5.445006417331518,-7.251729345210179,5.80053646698593,-1.7189582105802146,18.768216876877936,5.5995263034655745,12.19261817701924,7.862520155504968,-3.650267968104198,3.758831634950392,1.5595587760416243,12.566373646836507,-1.739319932690926,1.3385777778033248,-1.3579988645231766,4.870973927091897,-6.158758952009551,0.5674284164240865,6.104071542282461,-0.0792767769871702,8.289356915803557,3.9081084933901775,-2.5691933180951034,-3.01034957153398,5.96301875282134,-1.191964713500585,1.2556771650044172,-0.1198010700991123,3.3136745690931466,1.4149077870379705,-1.5918372497299496,-2.687188143584744,-0.5906008063957878,-3.1120773107028077,1.7539668000236992,1.9186764616747591,-4.7297602425200935,-1.9318830407594787,2.2688590714527326,-4.920519155769032,-2.3713386711407005,-3.9482853516379772,2.9974215305060774,-1.436399464326228,2.3523019798571565,-1.8856139438414359,3.0
-6.016703253006801,-29.08231085418629,35.239517928848386,5.42630112983031,3.838699413184063,3.983120922223035,-4.820122966898137,-1.7201257216018186,-17.455927320174304,2.038182557100636,-3.0043821529989576,-5.311490528291792,5.093247896135504,3.601434970699946,5.019930770049482,-1.8572334243879962,-3.7232090671300733,7.813127942397205,-3.4262303086382224,2.1475248990842775,4.512984857688613,-7.382926921471322,-1.552218213435042,1.8670588632614182,-0.4552811361328528,3.279476039434252,0.2276966153628289,-1.6073373565358209,2.532947079218695,0.866389230516885,0.453559805375722,-1.7625275772529674,4.034390067694429,3.4694957304560026,-5.9962125445762515,2.1257550614533054,1.5169188793446027,2.813524175224627,0.727495334981267,1.8089549917036163,2.1682464353800097,0.41745563176975364,-0.07122964156778497,4.264822261129917,4.205532879785561,-3.5441618354284787,-1.2152062648263784,-0.5327443783959891,-0.21024500651848446,2.1677913839535647,3.0
-32.7828346888145,-33.800161105932254,-0.6414071442137338,-26.3652618846734,10.042953659783938,24.881689912077736,7.151346828144171,-14.349401434050497,-7.8358501303853805,2.2811650433196133,3.5373282552446916,9.805501902969104,8.686720049556328,6.6270784632797515,-2.3118174329013095,17.795760702424182,6.667994074449592,-0.27281517297565255,-6.6178210389595025,-1.3507778351675368,2.25559019655953,-1.0054625116089686,15.008693268369818,0.21826047874444807,1.8835355097275008,6.91968971040946,8.615790003775594,-6.1386150875913135,-1.2471427449807817,-9.818371601188073,-0.15581923490884503,7.544131431388471,1.8385076644054401,3.55116122726896,0.9140893962096804,2.4738456606144776,2.014264792053422,5.84871619249341,0.7310716149894132,-5.717239201973938,-12.199231162097028,-6.675398906511439,10.652087011760154,-7.876468669221682,2.9736265639778545,-1.5236184604251741,1.2517497216903082,13.117732484280067,-2.7851151445883273,-0.8090170325539527,3.0
-47.97766888848373,17.305771936145543,20.900485135006342,-1.0260373940823808,-4.062080637118765,10.643114157187442,-8.229187768127112,-8.771493063481083,0.34415742033377994,2.454801206859228,0.6112000443460291,-12.72915096134754,5.709204625875109,0.8531610602627457,5.208179931053981,2.3646363402194845,-2.4077865203550193,9.410190890190618,5.508649512682795,-11.301120134854045,-3.9272979214045636,5.139521001802443,-6.339936630422981,0.17557682360655452,9.435228205287652,-2.7999193784600145,5.5935710401833845,-0.4374062203808686,-5.303720489960528,1.0244518879808093,3.7529612155671863,-2.3548148921205594,-1.0332782057982703,-1.7600959000040284,-0.988338431588852,-3.615029640909211,0.04954636148804473,0.7201636815808612,3.773929452893579,0.4750387582109229,1.3676799066792826,-5.417267398393544,-5.839018812044668,-0.6460245346609176,-4.619857236013609,-0.04301951835062846,6.028864826415974,3.121111529314285,4.242800701411067,-3.9028773549484432,3.0
-26.843662188271292,-10.44767143847468,-27.940632214613164,-10.364068913604871,-2.9904303527931133,8.460776391138577,-12.982138883264488,-0.43805362470856474,3.753032939155378,-15.062797577466023,13.874897750916219,18.966119129461337,-0.7709995274816529,-8.0822242800432,4.0451536298613355,-12.285517942740913,-7.073789971783508,-1.8693458691024867,-1.3755258441129692,-7.113593736290946,6.735274233854491,-8.184442728227419,-8.662748735632631,-11.626444491171878,5.055191191403164,3.4912115295930652,-7.297652046947031,4.112128307249077,5.301307833204189,-5.428701768127165,8.770278764958425,-0.9812261795818296,-12.005259403351157,10.218637732395178,3.723777198692956,0.03823788730580921,0.012464216987207998,-3.342506793541699,-9.881881028792277,-4.766239326248377,-0.6323764304452861,1.0165767203860856,-6.219495717529615,-6.791157191525038,-3.5642601211755442,1.1114212121909277,-0.49473813088394314,11.165817127769618,-7.368462621911893,-9.491956487331684,5.0
24.929708335690933,-45.20416623750316,-3.8492084530534583,4.313507197043151,-2.495031213387209,-17.937015531856957,-16.96014862623394,-4.4989050606555665,-4.857362711337034,10.390861654106915,-10.662085957094034,-6.7496234103343,-1.8170918076917926,7.885160227229701,2.85833835045675,2.596373276686264,-5.78854592983701,1.5236569990543511,7.194767973260974,0.7485723533780476,-5.364705622875026,-11.228941026740578,6.0324821338623185,0.8880759174419913,-0.9269849524474486,1.9885219554057234,-0.1517852267423534,0.81456978438938,-2.738815729997391,-1.7078544977506116,-3.0572172771445656,-0.7519902933757763,1.9777387179864567,-2.794718281822014,1.6367832848879762,0.19648838765521803,7.074775643050653,1.8274573742834586,-3.6024719527574702,7.088431142331411,-2.3250314521960638,1.2694111250539164,0.2999749257346772,4.772458215923444,-2.6742569755481087,0.13746852885292513,-2.7170622584131463,2.133630911282849,2.7722315325069498,-3.4284601098013043,2.0
-39.70725763817144,-20.614751552003153,-30.111608324924518,-1.7269027294111818,12.247691603712788,4.070368877128626,14.766734661300926,-3.4671456094592283,2.0281087290119277,-2.861657078114556,3.176822747702083,-3.8295304022043757,8.64754473551842,4.9098597271361495,9.159460299819635,-5.391148715978163,-1.9694573444460632,-0.32313349288679377,-1.4371413404310416,-7.094526442360078,6.5491170389494835,-2.460562610033508,-0.1145833553982577,6.106472122189225,-3.063569849460482,1.2856630951259596,-1.9505026851034324,-0.6560018645912092,-0.3388120852265343,-14.353634722419145,-6.895430058539573,5.856288806477495,-1.703073265019927,0.9003103630970091,-7.30556084590674,-14.157276904325897,1.1081440811520078,0.8387068680804516,-6.179403955580707,2.974300021334244,-0.7949288501390991,2.537701095456921,-6.526665229425719,1.9970172068909686,-1.0616721754348706,7.3126174904309815,-6.117599171946294,-4.049404619180146,-1.6555727754889975,9.11900595965615,4.0
-8.625291560371364,-2.254305107037035,11.179760981170869,-19.883623102324286,1.1833834807597523,2.851987470326128,21.535331623799113,1.6611243021924569,-6.892203085091975,-2.7543211317152445,4.316449925183934,-3.935437507100405,-1.326353903346326,-6.443100492794318,10.027521134732307,7.643067220232446,-4.169390701214396,10.602279391250681,-8.209026809797793,7.054239992190237,-3.1755466131690797,1.8102701026962356,7.244403122917081,-1.1994032781675772,-6.0209084243637365,9.491620413185078,-1.9196928043498305,-0.4580332176897014,1.3807665289420838,-4.708190730999226,-2.7047296858676058,-1.3054461106711734,-1.7311531204131154,3.068218000032926,3.18488191811308,1.5931628838866723,0.1586279460312059,1.2216843712294656,0.6722460724081528,4.972825148439275,-1.3095732186243114,-1.4725969760789317,-0.4568107690282588,-4.917409111416548,-6.821891366081166,-1.1576803089347485,-3.7655014211630418,0.18855839794603532,1.3870553960458887,-1.350042595784201,5.0
1.3701867476983283,1.7048425094732198,3.656889901002984,11.040734464667626,9.463385458320278,-12.720928786341428,17.065423747665267,9.574653909374522,0.8318138680493368,-9.047459974256869,-4.222482658470444,-0.23485137080384136,-2.109309661897545,-2.344760108569059,-0.14548486884391776,-2.2771332924944017,-0.9526430275993057,-6.633235073161953,-6.269348027681921,-3.8338319384900648,-2.1857578540218277,-0.999670064314821,-0.8293376083269753,0.8413401049369962,-3.3358794828923966,-0.8903258697091142,0.5271149758466209,-2.128111116881653,-0.06482653944975862,-3.800861228643842,2.9295394620785133,1.8227055603813023,-0.24900179145314177,-0.30960769233640845,2.3069381354044545,-1.2073534215913702,-2.9190477812801645,-1.305486966636268,-2.9746870729164163,-0.1087663890145454,-0.69355407371834,-0.03229155806566337,-0.10103925358920476,-1.2751144324669101,-1.3651906633306585,-2.7400324906809246,0.6490683343016854,0.3478862999496042,-1.1121425434731005,-1.2419522533702052,1.0
-30.47749159102875,20.04541365825953,-1.763064460861053,-12.330759979969878,8.077917398887104,11.462636802564637,-13.821608946655147,-12.481820673160684,4.262430324404795,1.32727446417255,1.3463377708807889,7.434237532734867,9.107181305638651,6.829661907414153,18.644321198488004,-4.8663019407144485,3.364204495607207,-8.266869615982325,9.908595605069737,-12.288364751703691,3.1089033696168027,-0.7074625832972418,3.5186067880725207,-5.95842842715407,-21.615979522341245,24.42046392410897,-7.799614058974609,7.671462921850485,-0.35824980352346253,-6.213377072480069,12.075424377037912,-6.651866782137523,2.632151640503163,-1.2311883362017406,4.528648066731674,7.820043046074504,7.418747760147691,14.543186985306926,-7.700841301786529,-3.688696699637131,-10.943353996313343,2.4644335846396332,-13.23937105074671,-10.662111406370165,2.360280309160585,2.268547405675925,8.187701728138949,-3.1324379366735675,6.383625395978519,12.374636779901868,5.0
10.088976695080829,48.0791612066429,-16.15572569746713,10.377073333049957,-17.986039095984726,-4.473455909170244,-4.232879218665808,-5.197381710092522,3.456984071603886,1.9984916720415393,-7.0674368560599214,-3.920035203901007,4.3240418645375005,0.7936310950781992,2.757065909606418,1.602110135155362,-7.229680766058853,-4.628815627881314,2.9985543329726245,0.6205911831520823,-3.8523819707730986,5.920844121370152,-0.6372073791488184,-0.57357848362808,-1.4400835811372712,0.17031079176478392,3.662058054953958,-5.9236325976846365,3.6650994545860347,-1.6777139841875772,-1.4884954796878724,-2.3586352573354397,3.2635993114993234,2.0406827248816586,-4.2235100381804385,-0.67729510469781,2.636262528835152,3.698488338853646,4.335054733340929,3.986174267523917,-1.8140931710179784,-2.395249531885663,0.1846980779324141,2.0195115812505278,0.9708394904381975,-1.7058698910400183,-2.724661263159367,-2.365573207994197,-1.5370449974188944,3.832696831714326,5.0
74.15831882246489,-11.89939032705182,-3.968758511385036,-13.374470228829733,-4.765864860745876,-6.1074842684925645,-1.8543281734646904,-4.655179253696873,-13.751158141546343,1.869462452491239,9.16543990255473,-14.252733483340572,6.427846441877342,4.950666252731748,2.36563511960682,1.4761376803795323,1.9675654233031052,-2.2510336196788434,3.6974290372986056,-3.4536757455366587,2.9663669629698646,6.882158855048325,2.9870942847152393,-2.4300195460421103,3.743915692801958,1.703965049027769,-0.7176042492661434,-0.9187325512612606,-0.15058150466960613,0.193203501751646,-3.353584396607536,0.4567417878026703,-5.764924636897643,-0.9452255329808354,2.3259225952835667,2.118369915790068,-3.727767435752632,0.8493529129150841,-0.1686959710703823,-0.5425139769460091,2.5845428900287852,0.21844251280822874,2.423936588100424,3.159596605233687,-0.4863641041994506,-1.4110475820490864,-0.7504338777479374,0.7446436728048669,0.26012122910773183,-0.8294795511811838,0.0
-7.15158621224955,-20.943887777843592,-27.12684731852921,2.0425736981744573,-10.81953982575708,-4.342973778044183,-12.037318890251921,0.16779916092781155,4.084298313722607,-10.089402973061638,8.027469686233697,8.345918696090491,0.7097524854413295,0.3428788518691811,-1.5189533605024885,-3.3169756158356005,7.001478429154474,1.6762069698762134,-13.5686378068625,10.02740316552139,10.056758607919328,6.671376203111996,6.767729265321887,7.575856981039248,-0.08860951835153622,2.077318027126002,9.597849051387085,8.120662268190971,8.258736832560128,-1.217764308678291,-0.09154034309493271,2.4517098292866004,-10.191677807799874,3.287574661037057,5.887691359027958,-1.2081813067313243,5.931207689909836,0.22979106674767866,1.6233622059004955,-8.751977036195026,3.237654929367901,0.8881491885854432,-1.1776226472809765,-0.48311308813732623,-2.3711379617343336,-2.6981364875981724,2.7214835098640835,-1.6008801570833922,-6.91967922144733,2.3275096043790082,5.0
14.813285184660574,-8.738411871638835,-4.142413702666203,13.50902191454113,-7.19455123399907,-7.097681885864904,5.650269313055763,5.0659462384490155,0.41280467140596155,0.5754002887781943,-5.057567476048334,2.2873556475552883,1.9570690112993858,-2.9646208669283363,5.3680303404647765,7.3435645813913775,0.5613401833481901,-3.989215959847265,2.9099534161700658,3.280065126732203,-5.368442941150389,0.6229557498818687,-3.2769976123077624,0.9005257346574084,-2.3438179210889816,-4.477451650132828,-4.565972426971367,-1.6603532228756266,4.331511125859353,-3.60615088733939,3.3105861742119127,1.2220251683788927,1.217862812212546,-3.5397570462029475,0.2531037748797055,2.5714116998806897,0.5164597566142419,1.8380560390016183,0.5268018164304963,-0.09545352304782116,-0.7859797764693806,-2.672502550395953,3.0729523807974175,-1.3018145581495604,0.5228525648752357,0.5431273861514334,1.7015241164666253,-0.5930213583487266,-0.6550561652144788,-0.6588638382505264,2.0
17.832558783862204,-7.713239641023003,-25.515513966663544,1.2587927945219173,-5.108707451266426,-5.119354783490939,7.3842119207270525,1.6413636005709045,13.609300956477126,-9.72985242168827,-4.058277112008531,-1.1795827045306122,-2.4973082043289137,4.668156625535095,-2.389548102824613,-4.180103778515542,-1.8709583808675343,-5.442143090184962,-2.0327817749998887,-4.9467202313392225,-1.0247998774899831,-5.418254795076953,4.634438659328053,6.497630597818223,-1.6769547944019305,0.2359554679694609,1.8712785008007222,1.2366666514836988,-2.2135870746427355,-0.024348272304963427,1.435114472704103,-5.577267574175428,-4.09843972456493,-1.3319501319252005,-1.4370757780086065,-6.5996376295476065,1.5757016520519018,-0.8480643456627919,-4.991957291539959,2.428058898218299,0.9487485493257798,1.0680573056519238,-3.1591868386895077,-1.6636605449910968,0.05079805608660666,4.042472259806157,-4.819484353757983,-0.45739248860427467,2.5584773964207024,-3.412777991485851,5.0
-36.091771014306005,-8.404725962083441,18.474196707434402,-11.868201562507949,-8.095877214535442,17.50625115382257,2.5998236745600667,4.074295760466233,-4.224280749283192,-9.467043664482071,-7.233662325895067,-4.793926414146392,5.48448405501522,18.01434874831145,1.9407744677885805,9.201713316231817,-4.346234255807775,-3.386489603387846,6.865053425845364,-6.378732130966321,8.207972058303055,-2.9109988691772974,-5.610639273656408,8.468342363721836,-1.1494338472151184,-10.566317729790507,3.143087033176984,15.504599953683101,-1.8327588401384065,5.513743346828088,-2.7743424543528583,-1.4818729868722924,1.4328212228712858,6.5709221561266915,0.9599169499127302,0.9957966345202054,7.748064446475789,-1.204862344510149,3.615955501456489,4.503151029731062,0.8370721395421684,-4.552143602670731,2.6014138754713114,-2.592967060089136,0.6407550620689487,-5.170298776780767,0.30158936897597327,3.8750790920192513,-5.697131704068181,4.080265206775677,3.0
0.2577137228679633,5.738704017454995,-21.211337823638374,1.8489224407852394,3.590188425595459,-11.53041950115023,4.0071579867231115,9.524826725050273,10.5457162923311,-6.807095046263433,-12.033330337763365,3.8832646512438735,-2.5899440385279675,7.696840049833919,0.9944130633506432,-6.7769246510195424,-11.315893192308353,1.5661268732092721,-0.0160303862392674,-11.9126472758856,-3.5516226493103127,-1.4019775286580434,11.810939740525527,-0.5518048045960386,3.044302586291819,-0.6948129081468916,5.420550821460862,3.624887612141924,0.3625088833809853,3.0487870141165674,1.4471871462239414,0.6296077265625715,0.928027236126683,-3.6681365527921814,-4.565511283018876,-2.649653905433962,-0.9982926467006309,3.618475781831988,2.5686638952883967,2.89268473054122,-2.0302966551831005,2.955781634801608,0.9286989650909383,6.392554176778365,-2.9551416502021977,1.458803722342964,2.542276399027782,1.3082759078987927,4.735195031414033,-3.534145060965942,3.0
-34.1517581208773,16.633133685565603,0.8006746320731977,22.035001553689465,5.898371159604487,-14.809012949088675,-4.196225770016086,-5.851387909531417,3.586770119995226,7.407910397476164,-3.519649674603862,-6.580365880130798,-12.940247161265345,4.781290853915233,-1.6080202105314298,0.48614084250118716,2.7099334810041604,-2.4783854845954782,-4.778107660593497,5.601919053854376,2.1334346117735508,3.8261412715015606,2.980639121274373,4.004575063361514,1.7122341363010487,-2.098979962370367,-4.7237107279038355,-2.131249840677051,3.02364683378875,0.04178448167247483,-0.15457297628233505,3.731614521367864,-3.1620031709428322,-4.295861285137452,0.11679855021942859,2.1234177449920697,0.340437531796128,5.28093558164677,4.171190723144906,3.624165846481614,-2.1303272876929578,-1.3447989307306853,1.4171499938000818,-1.884020214144933,1.5144829249145824,-1.6133777092022328,5.435546657237586,-0.1906671187262281,-3.4411799194361983,1.4120379483659207,2.0
-2.097110527704462,5.283920769118433,25.657968457509437,-4.214075373907584,-7.79515484069536,2.0561854768903216,-2.0122219903804286,-3.189044096287115,12.76220733488971,3.9788692155212506,-16.43610771284768,2.83286813199461,-1.3991672983750463,3.4959311563886555,-0.24519002168815135,5.445428861667642,3.8686256080028105,1.5816931327045756,-3.227584620658829,0.8772238765254717,14.918493203217386,3.402672131510946,-7.364895833383711,-0.26039336720902895,-2.7344505205193683,-5.867313786139015,-3.8870539130823953,2.6469635534641114,4.372510755054363,0.3942545764568086,0.34619561044435554,0.3303536106386639,1.0977683344043914,-3.0167590903716364,-0.33127622687602093,1.4896277023471942,-5.479695857142969,7.751411970460861,-0.9874857570351847,3.72093039217288,0.9077307511048901,4.007093230454955,2.2246846620714336,-0.46850399770077195,-1.341236650200343,-5.065421960132738,0.4602568638410678,3.1641683255121134,-0.4495433936171164,4.439096321047218,3.0
24.377447671928678,-15.672170808884262,31.68807168510935,17.482707758279705,5.740336556852257,-3.47398084140966,-3.715978922669615,-11.057831997675786,-4.948060665078705,-6.547572997346121,-0.2895296393452258,-1.417766622257125,2.691080943628651,2.54243404213169,2.22611751840683,-1.7462275267230962,1.4667161388191392,-5.99592833172956,0.5274542625369024,7.635671423533259,-0.7034881002843993,0.08893181352367169,1.8414526102995854,-1.3111354161026088,-0.3680364083699029,-0.2779234482065221,0.9505512306808243,2.854296988954815,4.960754327782455,-1.040699779955864,-1.557482233523199,0.6281034084186276,-4.925484585186944,-2.0511981841716076,-3.250075993992627,-1.1435886144745218,0.9089613984856727,2.4481375620231396,-0.8267641260836481,-0.5307892165067113,-2.363280926417026,-4.495121698533156,-5.209710168615839,2.171426613770932,0.2798589322805368,0.6328068237210508,0.8798260899395971,-1.1885504470555268,0.2298441771908863,-2.401338605992109,0.0
-14.570295971910571,10.414615023314663,17.81987156480132,-6.213079351518522,6.915192806658899,-0.22409289692569184,4.933160145570722,-10.876075285834371,0.5254558176474042,0.36209759646128137,-13.996782819879337,-3.8778563037770057,-0.5234491018503266,-8.778278714644829,0.5904613264890783,2.268553059572748,-6.508421095481555,8.729826793322967,-5.797541844355071,-7.676059206257974,-0.13979203995203052,-3.2616330280065218,-5.661280028480529,2.9582804834929113,2.6282715944864874,-2.750490644223359,4.607006534115742,-3.196681402825413,-0.8292635586340271,-4.584718441703901,2.1684836015760722,1.7420386856819188,-5.9720207737686115,-8.566047147972728,0.3332965315361267,-3.7795760626787627,-3.637978890410565,3.541139989029892,0.1649518784395058,4.802109760735577,3.9330585026342413,-1.1560738305666733,-2.852068243538803,-0.40698107070158673,-2.1842821088846884,1.32120370863783,-0.38025969011302674,1.5949401210143883,-3.933393035578516,-2.294105700265682,2.0
60.798444605518576,4.666521584253865,-16.995695781723413,5.408807798652818,64.98859500752684,55.121003338337836,-19.007558412359046,24.13720049921338,11.128908006444131,0.9275041334314592,-10.078872461258538,-12.72321974583733,-12.491769312823672,-5.212794423986434,-0.3836310691456108,2.392359542906118,1.192738731656528,-3.204573873539792,-2.8136044420510555,0.37956877051389604,-2.5779862015039057,-2.888509651444598,1.190865349750752,1.2872015314005743,-2.607094899920202,-0.7449829057016842,-1.0360097814749165,-0.44595116836987536,2.113760209399756,-1.8231963488529146,1.6544653881105553,-1.7864635703812985,1.272853309849684,2.2180076531244555,0.21827294155596702,0.3182261071690242,-1.902078271395467,-1.3339322261196087,-0.005640612987546226,2.329861892643702,1.431303212688172,-0.020283536174401047,1.664992094297928,-1.025562202726937,-3.3443973142683086,0.32016972418917095,-2.4374223705151272,0.20864903624488995,-1.2084581170373105,-0.9586307815856263,0.0
-22.946614405279558,1.7904856134751632,38.859550170050014,-3.5374464232273146,9.484389870167474,0.9254502703385084,8.8147111443906,7.498248508067577,-2.1968627129147613,4.930593067541409,7.755165064830605,-6.042066486718296,-6.305960876237464,2.1597401294222,7.615593127565682,0.1480600785932432,0.4045645210615154,-5.030312903231104,2.1389668716720243,-2.229500278212027,-5.655713402060394,1.189407160452431,-1.8310335515710396,-3.402338399069011,-0.5820228355717737,-5.333973583088597,-4.940267767722677,1.2392137450155483,1.7173877269221982,6.000196708206237,2.183225901116135,-4.383875087698591,-6.439887677665949,-1.9820387015428242,-1.2669356693850247,-4.296788446783374,3.671161287210349,1.3449850425909415,-6.780885339375499,0.6291009608157252,1.480213530018897,2.608972814757754,-3.1393730422948702,-4.167069628706473,-2.112004975301971,2.1168260352208237,1.088957784704593,1.883135343845911,0.4917513693296214,-1.5533032488791545,4.0
47.00871148859371,0.12809093649288797,1.462227039900917,22.787999601115427,-17.80320990168272,13.715065010179888,8.2209055363937,3.524042966154977,11.394031804220122,18.55663716767349,0.16895130491003862,9.946614235175192,5.110038513481723,5.5304701388973205,2.3210304451539367,-7.147855349266966,3.8437158936172646,-0.49519526034134514,0.6603796357701313,-0.3823635301544109,-0.6357514992620922,-4.155571384824518,-1.9075347642456473,-0.14617067318381632,0.18149322176053903,-4.935907080372531,-1.162336968406484,-1.0316107010183724,0.8316337447244282,-0.9229797485547809,-2.0366708980807164,-0.6467691365075693,6.887446255769914,-3.438440481874957,-1.0490731087885077,-1.2013466252056944,2.053271714980324,-0.01643879884452553,1.6738292797113352,-2.3778805872397606,-1.560233697665173,-1.7381326807171091,-6.037840778592334,-4.753131837962456,-5.37633558873798,-1.929118013800905,0.69946781054865,-0.83399061515329,-2.9914965425207454,0.1760321254268072,0.0
-35.11171797836014,-16.924401831768858,-1.1879524620527357,7.09481871762816,-0.3661825077083341,2.327233572621734,-1.5711548839893057,8.146305265151549,11.370015646913473,11.290087319019747,3.5316563440307136,5.655956457033719,4.08270883737546,-17.98110332923454,-14.468124885473026,6.561385480875428,-12.097992807512403,-4.7047437615057355,-2.4050233828208243,-18.716461067939072,5.985067483087533,1.5260378776861891,-3.004522132835957,-12.368449763919322,3.3247994955860314,6.781211316312501,1.3148330206366532,0.14214552715094156,3.6839933365074304,6.57715502602918,-10.01690765513469,-0.9156086508546347,1.375350298089002,5.152540600136702,-4.964197882298381,-3.0001302183443284,-3.4200945303759966,-5.673515387192966,-0.8578663299400685,3.175202394088259,-4.138877355552993,-0.5748911470793497,-0.8669679604360079,2.616868176765926,5.411255630867833,-5.737407670150131,3.191306167197815,0.7450196478992419,8.420584180787579,9.043699862201102,2.0
-14.642802411199611,-16.48003917846688,-12.61284660203987,18.4063612359883,-10.500407704705049,-10.88197355343905,-2.0667165267560628,-3.171247411584188,27.173901029168515,-2.601281618105999,-6.401185645728736,-9.68291489572631,-0.12514409274437405,0.376130697200841,2.736128612640358,-1.0324872444716207,5.141601978998285,6.400699850347643,-1.55273192201503,6.226300755994544,7.656171653929524,3.6078607680667316,2.0862135440247496,6.368004941123361,-0.6477895694400541,-0.31258556681369615,-5.0435568462846225,1.565397827657269,1.6603772618490926,-6.1125371322902025,-1.8258318976266368,0.8706639896837323,6.906731356288631,-3.813032346348235,-4.083616102755766,-2.2607377528429646,-1.6253988317593695,-2.70245176508612,1.9462265875973965,1.2291109469809058,-3.4247412229003573,-2.0306225726173994,3.4371752992553977,-0.6893957967650165,-1.938497037982136,-7.1034163678442,1.0065251232453585,-2.0048293438386016,-1.8986869485703404,2.084005265351308,3.0
-21.585203311246598,13.48222063722115,4.40500351382625,-8.51676657565835,-5.748567459637631,-1.529927384643464,3.764647640084945,5.6445658291020075,7.533655531864319,2.2497840782599634,-0.03217021199773707,-1.4032005992580634,-19.499614260613086,-10.446038644692761,-10.498146762808366,-4.652459843797644,3.008280851038225,5.166488507519421,-7.346863936932168,-10.802298445549443,-4.081048526883862,1.102605676142366,3.500268991232069,5.392177010181042,-1.8286697119181288,-2.035179444585052,6.65583924284359,-3.3613672354259396,-4.72576344255489,4.064256172977567,-0.04664546618114888,-5.681501903114022,-3.8751476438760637,-0.9667585676170628,6.131072067034459,1.32828788409345,-0.8491718196106689,-6.641953320697274,-2.985929502046589,-0.25259908704152845,-3.8825723714130493,-6.699988420126621,-2.2748119321118474,-7.890234246724512,-6.538337486632879,1.2852654085060076,7.1509731363162,-5.56112217413001,-2.2177136774877604,2.8000260539365995,2.0
35.3390691459261,13.663554571678995,-2.319955527092885,-28.758675083363094,-1.2297703658365922,-3.974039173231991,16.280826897253913,6.441138013273725,29.211838714580672,11.289401868576762,23.506679574397275,7.219945193006861,7.674926422117765,4.354345323025644,-0.35065353988953946,8.86745189881516,-7.285644600364111,1.9848966628129359,-7.265008792343344,3.2552562718634506,-4.803173473602218,-6.3434099596841085,-0.22394149491344417,7.0169551444027185,1.4655382749213948,4.477042429445359,-0.7125981144295254,-6.9394701955185045,2.5559139261562143,-3.5359283373697012,0.02272730668073389,-3.1838441858275073,0.2652643601881577,-1.4174310994639743,4.370845003093804,-1.2464548424329662,-2.091992500893613,2.0966651975659945,4.663263071697128,2.3650145315794,0.5943735244140288,-2.9321039872292785,-0.21488712772895616,-0.8342478410646558,-3.591726202511378,-0.7447116853098342,-1.2692703311557987,0.4049567072866918,-1.812196896657239,-0.8651520766492625,5.0
19.979984655879193,3.5936521835727864,-19.159082852760267,1.8007034518612615,-7.008760541853513,-7.168461647444092,5.3362636316023755,4.777900721654191,-12.319748810057703,0.03658627915647661,-4.936737053416025,-6.936630093750505,-0.5644028096278747,7.2656170782254055,-10.359127290700815,5.401082584009766,-4.889653273296804,-1.7330149809646243,-2.7481257252763616,-3.897725368155346,-8.607871140321423,1.453176625428708,-0.5946721709866757,-1.8924538529411266,-1.4702838729127623,-1.2735923603924333,4.38490101849947,-2.3740888505234525,2.8504448409449856,-1.2198789595467374,1.3918185618119785,-0.5996301406153789,-2.613955594798995,-2.1410544022924367,2.9605643835829083,3.745407679793467,-2.207304922280268,0.7159700397344329,0.6197909867533246,1.7501039166818657,-1.1555150690917577,1.0764373171336818,-0.1906734887045088,4.1095850681078545,-0.09367953322048722,2.528736585101227,-0.3506638159071118,0.6421016802711114,-0.02915014298375579,1.5300616409940169,3.0
-36.83407741936908,-24.839069402328537,6.605884673062588,14.541813954529998,9.800457905728877,-12.507521788393726,-7.09082593443332,16.838397375070272,-13.183414687603404,17.963502543905765,2.62511478867619,0.23702440873782238,-6.534627828695267,0.5390184530286473,0.744642158514621,0.07783813419415726,-1.9160650045501226,-3.35383098338186,4.907628088277412,-2.0093918021768484,-12.365899469687754,0.3379373866620472,-6.39063526523952,-0.06505803757932334,2.35922887136721,1.6463618079611608,2.4155073101008484,-7.126715569696996,-2.0478515892744946,3.2044012807190327,0.5197160816343787,1.0494530694869593,1.7962448891107041,-4.487881104234321,3.5227073509040157,5.952741596899398,-1.918363666387381,-2.0205357705165836,-4.5868520322728035,-5.587254928955534,-3.241578469321268,1.0479082294737354,0.2120114966472203,-2.2398518008180774,5.373180263072563,1.6569455554220807,-0.2930716885498492,-0.29564526417433673,1.299394135636076,1.1963565399762968,1.0
-20.053656007585285,-15.915276953628014,24.222215064864823,2.644817043601556,-6.071119472041381,9.367790116034799,-15.936173052882292,-3.9139278655615577,16.59383404079097,0.43586486936096974,-5.924856482789153,-6.746610261310436,6.354784056764529,10.657498237259704,5.299587173248615,2.183972298426542,13.712057320713104,6.189338460066476,0.281192074091672,3.0655506718846968,-1.2282657739330913,-3.338395127539753,-3.7359826097265927,-0.8530683890340276,2.368086265951405,1.6813266693273052,-9.934615945971423,-9.43806222989435,2.1789799563977987,-5.075060894072621,-7.692034576775337,-3.8374415882573465,-0.7471021921595392,-3.795250347426233,-2.9704155004185693,-3.776547250378297,0.9957784349358164,-8.083983367953643,1.6340677717616983,-5.512595891302752,3.358165260916633,3.6228585917572227,-0.5835456072190324,3.4924736659778963,-2.921640706058077,3.982552806211872,-1.5202831655374838,1.381577699732394,4.085418901756643,-3.453093801064484,3.0
-7.156956171844863,-15.375172296090335,-23.636272335457807,-9.727263348260983,-14.858508037230662,4.95237962960487,-18.24177703157539,-7.1513357107342275,2.7676476327743726,-12.977478703083944,13.305524194203922,3.3803575161941435,-13.903456112911655,-1.2376643928619246,-2.339844029574226,-12.906777416592321,2.919559674979885,-0.9337168397616811,-4.01866699547327,-4.911175807810622,0.7243711706134864,-3.643666716648554,-1.6156321108623943,0.7506537924507234,3.84940609748086,6.637639426856617,-4.952583244367895,-6.18341469752769,6.618799664431709,4.648485076712812,1.2820783243824145,0.9861262368225513,3.662824287656196,4.254872163098665,-0.329822330338784,-2.5641532254277135,9.739927504403004,-5.359358084660239,-1.8186117771928652,4.197689401029294,-2.3416354623104736,-4.423911467304144,3.9275070687054057,-1.9656900814488043,1.4556862263299797,5.599980935460511,-3.34099288374681,6.723082553563058,-1.1690012463951611,2.7353965166637155,5.0
0.18415258971401322,31.58707008036024,-20.561454782873753,-3.4491486112616205,-5.920546520040023,-3.355204382856482,8.314570991768534,1.1770618628307024,3.217746392984703,14.821235906930008,-11.287646438665602,15.742292057263905,-12.159781459605027,1.9920863078204065,-10.640836268812416,7.11466806367315,-0.5046297995760017,-3.261498500395534,-1.2270490799392966,0.9966577863485004,4.078838973853121,1.9226193516178525,0.02801361466490423,-2.4329939540734706,3.538693018210208,6.083397857567044,4.411062309507501,8.967453825765558,11.721555813069092,0.10628701261769714,-1.5973182610040533,-1.633506893627205,-6.327490529942182,1.1178185443721511,0.4500790024265247,-4.763682809446446,-2.639828945463287,2.7614477923736294,0.5873550278530194,-4.076901376123827,-4.850133441810246,2.0052381121464182,3.3175436967649077,1.7489775582131584,-1.3867684436869092,-4.97800097434307,4.377105878103433,-3.077288778901037,1.9791151017405835,-3.0371503147015653,5.0
39.38325730311589,-2.3473260787263426,-39.07615338174041,-40.24695096468685,-14.133707785339551,-7.875082283657847,-15.473116165632437,-6.490576366109946,6.3168095622878635,-7.622215385365239,-9.269079322034045,-2.0546554474995746,-11.824363554327665,0.4801996844300287,11.599386146424603,-7.628885808291027,-1.5773495405589895,-2.2590056981720648,8.220036310154576,-1.5522460924776118,5.392703686973285,4.219374743111375,5.341655576969031,-6.6008804228004925,4.986153946224123,-10.991274584935393,6.843606122557877,-8.362347233533038,8.907430191252338,-3.7624330436748794,2.6205327143862447,-7.001761735453505,0.25543726905066094,-10.991053464784063,-3.5221430272680174,4.8174317922374765,15.26234665684808,-6.5859247200503255,-2.169539465209732,-1.2055334672820275,3.020511926586068,-2.000072473415811,6.781966076732645,-1.7903821269938351,-4.205091786511281,4.433962611608512,-1.62306716165589,3.927410404240619,-3.7208230125936392,9.665674541103659,4.0
19.78765097062765,11.3108094800186,-7.374295725935063,20.182904768786834,-0.5419826603961511,8.941300323809362,7.250131870058142,-4.05192253350614,-3.337798328247524,-3.8152869108803174,3.292296381544501,13.954028960887255,-9.560550498555303,0.23362126175199158,8.472772091465755,-2.321361871936084,-10.940297707476567,1.0814004398667056,5.094662051712725,-6.388370542226539,0.35447438172269913,-2.697403582843292,-0.10396637852857325,-2.0612349814033135,-6.075835243134821,-0.4200846398440773,1.6589969976570977,-8.997156502069922,-4.757775564616344,3.4237763999274833,3.6206641939076487,1.5983018246518448,-4.598002857298615,5.8835525865057905,-0.4271817393584019,-0.15505882220181835,-1.5529435181395124,3.3421132452729125,3.0296977539816887,3.2461005571628334,2.9438727691020325,0.28247286204633165,7.589539107707347,-0.8095748499318506,-1.0222298502148237,-0.8501166077271876,-0.30672854885156037,5.386609298930754,1.0339660711220227,0.8311058481776198,4.0
-7.0295668045002335,4.543318846031816,12.254397656667487,-13.15748409979524,-2.6965800490351257,4.364527573385391,-1.8873690026422822,-15.323066267751763,9.853943578266323,-4.553279774267262,-15.14406052858819,0.93589640790673,-2.8293376368216014,-4.272857198284202,-0.5467494936520532,12.242396978600864,-1.9097078611000649,1.715372744559411,10.235138181824892,-11.87365149369988,3.996393581222369,2.1548109674333746,-4.0673876674313805,13.268872052738399,2.633586069104872,5.563040816295303,6.910751358432941,-8.053489867108574,0.7468219478804452,-6.766801038188517,-6.582250083457306,1.4891664537738447,-6.98769890497499,3.050332475854101,3.76959207074747,2.459931237096166,-4.2947307200588964,1.488235704087179,3.2496686260132575,-6.865642688718151,0.043032240355087584,2.455617801920445,-7.839122492938284,8.442712578490724,-6.725087796308165,-11.321473497464996,-1.3289312753708988,-2.3564687387502135,6.233686923656864,0.04274022789261704,3.0
33.04718113882986,-10.214273660840645,15.99148565873787,-1.8538318489855,-4.9116325115852195,-5.588323945374215,-4.7850394375842376,0.07483970851628215,1.2860938768619674,-12.348581974382435,-1.7791628880379944,2.872503599569042,5.719233795460934,3.44307796852604,4.400150141760216,0.06452905674049315,7.8984894474641925,3.031530209508446,4.4968783407028505,-3.9057315668366077,3.2581472481485947,1.9694647310429745,2.339894189390054,-3.532940903898862,2.0075665209259785,1.4875489028066613,-4.213954513243335,-2.988671914669934,2.985651848172832,0.43831788001474137,-2.0207546275758825,-3.3729003977275687,-4.293718977062204,3.9517708459226033,2.7731076642439048,-2.833896127438377,1.3509098708361909,-0.946953928290048,-1.851300827496506,-3.0539724534085804,1.4717397155850984,1.5257425392810202,-1.386597992451046,1.594094672515036,1.768588606498522,0.4082840307335968,0.5896864963434697,0.9639045173889311,-2.329198910008399,-0.5301131496987638,2.0
21.322084777511108,9.191986115733412,8.599371938139333,29.03135773186307,-0.8129033460259283,5.573072097111247,4.31740052704567,-4.701731293992555,-2.891837300814612,-9.218921202978636,6.690736360845111,12.948768866213758,-3.1429252573101314,-4.613227787448663,0.6486959708705597,5.787103160263923,-10.648516920132574,-1.319072976269442,3.0051401386872745,-1.429595214438351,3.3582870959868405,-1.2829232990621677,1.2983671613472445,-1.1564087637145848,-6.370411449952982,-3.583528160014636,2.878343787854803,-3.498349791274218,-8.17800216566191,2.8512583597588144,5.032245238119941,0.731139051778805,-0.9830817098148843,2.7446294030801686,-3.1013708172782968,-1.3874954861012696,2.501362208884972,-3.552623948294145,3.781018790123573,-3.9293130000257745,1.6383137904092289,-1.8206299055534159,3.9225128483963014,1.3826996784907453,-0.5776369456103146,-1.3426703228511698,0.5712146914270813,-0.8076051205979997,0.9461575550800979,1.6597008356133127,1.0
-47.35814193090993,59.09944642626659,-12.900827495993664,9.611077062136998,5.062189569363355,-7.564646075966294,2.351357674259531,18.51154007505107,-5.762943670663106,0.127935415850603,-0.36931652049068914,7.65205623164778,8.933203466909642,-5.2679246607227075,0.6025364357706816,-4.614394080506546,7.288558277843081,-3.349722474907207,15.918028086538646,17.233205094378338,-6.69014019210558,3.601623451772118,1.0400632415893647,2.86689656158513,-2.4594190888842458,4.20995991085602,0.11055340674087724,-3.9955070146521026,-1.5157166138823637,7.69764911239335,-4.069502548225768,-5.987636256763599,2.729327500354998,-3.8709540011770436,-1.84315463939371,7.529214847339854,2.6606352247268874,-3.851094605749553,5.22046864764192,0.9510056070561238,1.1551237720949536,-2.470364863851667,2.502942715067352,6.34378705505603,5.790434315916576,2.28529626737428,6.118160358537987,2.4431790702795393,-4.434746601903402,3.028768574146321,2.0
3.691699422851878,-20.24310983279832,-19.777758448662947,-7.940935301678049,1.997904139047258,-10.92508770641818,11.813361113673253,11.904675518770874,7.561249502697365,-2.1255592847294906,-8.496226786495516,11.861912314410375,-1.4116473068460025,-1.8365632781352095,9.45656264020169,0.42334883524478795,5.305571656003183,-3.373028743704042,2.620401781719476,1.163967634781784,-10.00052214728024,-3.102960022550965,-8.385735217706399,-8.128812533334195,0.012955531972633395,0.5838846492584956,3.138274468156311,1.0644226895354154,3.4339641402766494,-1.212845573146762,6.367327744579731,1.1409774711252372,2.86980154763753,-2.2129370861314985,-0.9890712181667101,-1.4629180606554053,-2.804468072061614,-0.48079828532379937,0.6507286606987038,-3.844106998789289,2.0474519592598517,-1.5543165601493734,3.24216692864699,-0.4691908725451584,-0.4124834828558973,-1.2920375999069718,2.6183924652017647,-2.7806452093878677,-1.5726111434165613,-1.280121621858869,5.0
-26.66696078100499,-19.915568054211718,31.183698059343374,-6.396727747116088,-2.6518576928441244,3.336253069268147,-5.432008364375737,15.843712795951891,-6.073353199758592,3.7388268116968852,12.485737956026147,-10.392450421471061,-4.12288473942094,-7.7235818947943065,5.26030074929261,-4.816974065537736,2.781982680870113,7.813182732525085,5.318994293424722,-7.0062311710998095,1.07820670449955,12.236063794999081,-8.029942443563,-5.923771560572541,-10.063440644851202,-0.9594714839301278,4.714940331592356,-2.473564424905228,-4.098827932704438,5.656563919328027,2.650804664680461,-5.219167705450732,4.188308736972955,-0.320501802371177,4.100634259028497,-1.3312393128799742,8.34712314636953,-0.9631694366759486,-2.1183219913933984,-0.3852302678572586,-0.8773092451559662,4.174281818340279,-0.9788685017311104,2.5327359131194314,-1.5147696078634636,3.2092257144680914,1.1848536628666135,0.1485116384339945,-2.400031389079416,-2.7576732306824723,1.0
-21.746629023998338,31.739354850896415,3.435329128988301,4.475376241171475,-1.3519326878920839,-9.932722407259401,-11.205474868744647,6.0987727255818065,-3.0032148582428855,-8.894164455595307,0.050590580687510676,0.004325970896488034,2.663427381285585,-14.644933269429124,-7.206466318419347,8.080829031895092,-4.465804957067084,-5.1140574336476075,-5.402145048527262,-2.6454909842501007,3.563524581175845,5.744625821012785,-3.1748862096974624,5.625151557108846,-3.160972770849265,2.8118775444537514,-3.405924110039819,4.817062598930266,-1.1937348414740112,-0.7327150737057843,-3.9845028757829177,1.7140327353307263,2.700480366915477,2.401865446192934,0.6973373142046724,-2.553798971507739,-1.374198796809857,-0.7545967676882148,-4.1972548413716995,5.754984087849378,-2.6920560792194532,-5.760744656055497,-2.527578862411391,-2.7954741284943387,-3.6229355803343677,0.5652772773151997,-3.2206159967077994,0.3562203786677373,-2.4679758996392525,1.9547378646406055,3.0
-16.26443898856464,-40.917491415927,-8.34674008440777,3.0855613873774845,1.7264325552905828,-1.2746305116802508,8.230331137098451,12.84383626953807,-11.393447346274895,-3.7799377787096864,5.3539799937980925,6.189171790955422,4.6801607851271925,3.4091542620171222,1.2299137318018232,6.762589147272085,4.260305572394286,-0.26050429597795755,-2.8580653775407066,8.670477205052137,2.278405873922718,1.455574673055385,1.1809431826934946,-5.288991274896397,0.3233311597543092,2.399420367283416,4.279955891497799,0.4649561781490751,2.9320946841306967,-2.4925649981199296,-1.237455049515932,3.9646228409889037,-0.25470917791593073,3.380156938895601,2.09081599199548,6.024511282021435,0.21637153885243277,-0.6299718405362223,-2.9937161413095077,1.2769019957527874,-0.3429941650300615,1.2394498390075805,-1.1772274973759667,-2.69214616906102,1.6458402093561955,-2.259381851417051,2.488146228179731,-4.6081619110161265,1.5763669440468764,-2.021245129220533,3.0
21.533610936808444,7.177403662067464,-12.01158539543924,-32.10320077253428,9.99785587844368,-22.72242090397142,-6.812775458890753,6.357795490520766,0.7801650125751585,-4.941475223038911,2.4601939035488187,2.204497061073087,-3.2149768151944236,-5.440420358863383,12.609340148370885,1.6958759416784095,3.5178415567613337,3.2402884799288754,-0.005982108014868593,-7.481469728071943,10.481992383295253,8.813823147504705,-2.039109671896886,4.952299777711919,-4.720402635663419,-12.81219598935103,2.7175826800702088,1.2198697373270095,1.4899405426572436,-2.599385190996929,-2.5880771880850677,0.8552633278579433,2.372223324807908,-1.1591911906894017,-3.1077878966476247,-1.4272453573561064,2.4146434731823407,-0.10828145194704214,4.609854047829535,-7.736823367748834,2.181535638525766,-3.5151449444330227,-3.7542295056246044,0.2747069887235409,-2.246718384036957,-2.12401260722592,-7.168834823094238,0.040616491151918246,1.5008334471492455,-1.1672342619247587,5.0
-33.65900766515381,-3.519887066938173,-14.82606522944103,12.536647795451328,4.122900631053666,-7.621512265917532,-5.538757821422869,-3.5765026319176605,7.1691288779126605,-4.596825818049524,1.285573649718153,-0.0153304164595175,-6.903210757508253,6.275690909606618,-2.696512122033287,3.4441534953213773,0.9318254286075246,0.9252796831509382,-4.371352145086002,0.6814584422575813,8.43900672762579,4.230778463666054,-1.5462032936980714,1.515972525838821,8.67477410900202,4.443928550574421,-4.595052772768052,1.7722046448140811,-4.988441757699341,-3.1758032055393843,4.803386623540394,6.4252547450296325,-3.8762652862587923,-10.187728066142489,-4.294020270702141,-2.8018918704155102,-3.188496147503459,1.648755871636833,2.9974717717957575,-2.7451549375130258,-3.3340463095108226,3.455420231652052,-3.4854044166608977,-5.215447017072581,-0.500116765062746,2.7319898718773703,1.7255401303767335,-5.269195536731352,0.17678756246273725,1.4114058192321295,5.0
-19.330703745732,-25.105801615328684,-0.36566570904940604,7.7330064240553655,-13.060033488922098,10.446978110403524,-6.39158401644518,-17.107808815849086,15.85055030037214,-8.797054864523751,10.647805213663245,0.7722075291381868,-7.665738724758944,2.9621183379136755,0.41045287896475513,-10.359603366428484,11.593808589828374,0.9834277752665589,-5.468315727171022,6.438543663939345,-9.633531607968289,-2.39323115476325,-5.152357071545764,-2.823257709473159,3.8379369885897123,5.118714507821816,-3.852432280737682,-2.9330211952973224,-2.000447110502756,0.7136249636770226,0.6735639847424152,0.2263118725501423,4.09521392376526,-0.2987854604990829,-2.379898853392357,-1.1068900065101017,-5.724741469112803,-3.4242516504611693,1.0301139574367082,-0.018567543028432217,3.9069485103247783,-8.00277645239184,3.5635955535318473,4.904908565616789,2.6373489069152605,-3.569552814274649,-7.26974726565929,-3.300365524472056,-1.1822092463093972,3.8191426342568824,5.0
-3.64592001617384,63.937360524463756,-3.131948732658817,1.7369577118668322,-13.6356185988686,-10.769201840636264,-9.735250232164042,3.178202082816695,2.6218329139993246,-6.868797866443875,-3.1659929142283465,-3.9103393793169814,3.260433062522502,-15.439796969700787,7.184042121018321,1.9917660676045397,3.6947685368165764,-12.342593977389585,2.8816336163671985,7.200687225443645,-3.116396554465291,-3.7258971059371877,-2.8968876539719752,4.458955754934463,0.8760322697128078,-0.7627889884428982,-6.748989141519842,-0.03562985297103141,-0.4368846186885499,1.3029332082704381,-1.1729575564986503,0.9459010874882678,-0.916462329714751,-1.674382023445231,2.6875951477189375,1.5963302402432968,-4.959159895318931,-2.6525208144221866,-4.8807147883312245,0.3339072660025839,0.8619878233354548,-0.08130446312278912,5.035023174368949,-2.6885981789315956,-3.6235422928313366,1.2505022979383753,0.8952706163769805,0.5329608402157906,-1.729329965769458,0.23469278360616885,2.0
52.44275659256057,54.96319693469628,-11.87887981351338,-11.911995725108486,27.65321214400133,-4.911674072421108,11.076154670915317,-18.617215839636135,-9.68375131728289,6.490581162613259,2.6214520331372917,-3.0590370823208586,7.0924119564257815,-3.3677846343715827,7.980710241437345,-12.34705877310509,9.247276624858172,-4.039273936603716,-2.2285926588230844,-11.50094321668876,8.552706890527526,9.821573230394598,-4.006674305603259,-10.161795155156392,9.760759005651666,-2.75836461084713,-6.66369239927223,4.309113895061076,-3.165354701442247,-4.116853081394721,-10.366472428294852,-9.61282875534478,1.17264088083932,2.266413986910464,6.133973396955958,11.984770694292768,1.715003913832828,-4.577164985489352,3.4070587042753098,7.12767001201482,2.7279648208990226,5.458959111407542,9.787052648477674,2.4866278396329387,-0.9603303794881223,-4.874275466251955,2.971779099611138,-2.702462886881271,0.6559201265112011,3.351861927583817,1.0
-20.40257993434417,-7.466166630565191,-12.734104903346312,15.032221741646305,-1.8930640414357256,-5.603871589539804,0.8546865007584827,5.1511595097770275,-0.15397137153263152,-10.722260583318494,2.1660742692799926,2.479538509992585,-4.5033465681066325,4.659703534053004,7.721564200961182,5.41341095205402,-6.245050558411039,2.392442407068391,-3.0049515038949655,-4.628410652201649,0.08579571425182676,-2.7551975740492036,5.473554364540716,-2.829842545681872,2.1874835136365056,0.5682552560851032,0.4864074132137705,0.14065647289144587,-0.1412495168411256,-1.201983469044354,3.8043680319924396,-0.2898596293966372,-3.175879773588105,-2.679708031477397,-3.138085576245439,0.5570723797872332,-0.9728126448736362,-0.4089082092784753,-0.0905026070274783,4.605785708260384,1.9271453833741217,-3.643818369987331,-0.8579457301323188,3.9217720066995985,-1.4046361848595448,0.7150764589355808,-0.7134790997281375,-2.289492137541725,0.7227707480022975,0.22209279063693255,3.0
-0.86030133645074,2.0453848314845064,-15.983380271703826,3.651010899268182,14.550060473988422,-23.762279961415906,5.964276608525877,4.524821526895051,14.952401553246533,1.2308345503909681,-18.57310932234066,2.4622257959798652,-10.69099573910621,2.5477206532894447,8.737162807863491,-1.6707404720053456,-2.870057616112597,1.128819303082316,0.18685443005675423,-2.560940151431422,-1.4991048275175645,-1.5083048767506844,6.3641943421743905,2.000661925444142,-4.43352953559585,2.421463312155211,-2.564723126349255,-4.970812584951703,-1.8834144298170026,-2.340078064143775,4.962116965494363,-2.229813623490248,3.339661562716138,-1.4190887877897982,1.9556541056269328,5.0111206871061915,1.637331724471154,-3.2413654236466654,0.6829098451393121,-1.7953963192422846,-4.650459101273525,-2.542448568217164,-2.0043476810263074,-0.0693484539545014,-0.41912647681302223,2.418303670224107,-0.5569753795904673,1.356929007786047,2.5370978853044703,-0.17301552354632402,2.0
27.32188219841192,26.253408428923024,-1.2570811097316799,37.737528476706174,-6.292088596322971,16.923953044704056,4.908775120408041,-6.980978676759088,7.313501800332323,17.397800274114825,6.490447217709174,24.009589211752456,-4.340868028806837,-4.723244998873595,4.567954450048939,3.6688637774146184,-2.1220961151460767,9.856380488764735,7.529998687908566,-2.9996706848844705,9.152115843692888,-1.0866148148150314,-2.302699898777726,2.617863472150312,-10.137798614510794,-8.331773722288048,-3.0250090829330705,-3.6168107868413633,-7.717938358574144,0.9396884855655231,3.6906337841089343,-3.2905953385087487,-0.1754962298618585,0.7544482819413338,0.42770862652453356,-0.8966965105548548,-0.48697953750842754,-0.37868973399264766,1.4459342309257146,-2.0035648723320896,0.9807395898355722,2.7452880470267713,5.032299459825944,-9.070565997056638,-5.150541561297707,1.9612641745115198,-2.452069490228935,1.054440927683336,-1.288350088695272,-2.1872723635342664,0.0
30.769227274881647,-2.629000108461561,-21.215140555476548,-15.199351539156378,-27.578119619807225,-1.350531514984676,2.4071120042765624,11.557070329472479,-10.070614444314744,-0.3808131543171947,-1.73698962193997,-12.975987863759949,-0.4756892403953213,-7.044078460766983,2.114210809476092,4.572168247319085,2.4257747688422273,-8.670346239295684,7.0778740006530985,6.811458288420282,1.6507534191190876,13.229374765400603,-8.842659857662605,0.8328892573603202,-4.151732453040902,-6.033640428174389,-1.5421892689144663,-0.5445185527643359,-0.5228517901075528,-2.6775551890806053,2.4693196305802734,8.207915255318888,0.8191872779299678,-5.3483487133361,-3.595985566359585,-1.7814532857018994,-3.7156694311072758,4.941695992648814,2.4924655402283866,-4.889234069687066,0.2454603591153964,-2.819917477742545,4.801271914100913,-0.4206128754994185,0.37678264524128924,1.415420859082479,-1.938433284249652,1.4867957395979685,-3.1639959028247944,-1.7532292131109362,3.0
-17.204319442907746,-17.23712330311187,24.65568600281085,-0.39511635590079397,-0.08945055986004224,3.760678432569392,-1.632613430969993,13.24916560751492,-5.689522659306589,-4.565652874968986,1.3586339976566484,2.3061216416083687,3.0296006990067124,3.303915408659415,-5.8628120900473455,6.627600897466252,4.5752238309912805,3.7989038772576187,-8.203286939127011,-10.658016030950916,3.0386552039645798,-3.1183682679306997,4.648790017320668,-3.813017473174007,0.16890995917886006,2.6605778343505415,-6.646561654527539,-12.51248964872732,-2.050254050609909,2.022680356134486,3.9115531724851333,-0.3351864502364384,-0.8223881289181609,-0.9223176975307229,0.2533881072406733,-6.572943598031105,0.10985364225749655,-2.0585427154670812,-0.940524125620114,2.6017441787972806,-0.9698268175399155,-4.246282433986897,-0.3529326937367136,1.977749020046793,-2.206680236959529,1.338515535863006,0.2374076346879113,0.9473176518785441,-0.115678789176819,4.546892814489875,2.0
39.71635955375353,1.7452782693207243,14.545096745702443,21.6675974043656,-9.687104944376149,2.851078652123661,5.74578118585915,-7.906547532468831,3.680302304137092,-6.103385300158531,0.8496682319620276,-1.010245633716305,1.9552664051922273,-2.4387403072510003,9.693396124543987,0.6966932009660132,2.0765075948129574,-2.225210055332718,1.4893942579865966,7.703533272744595,1.4298885896547304,7.442377714889306,3.215265783638104,-0.3104885160163934,0.247332054698772,-3.9339155997685533,-1.0284327922110839,-2.2750659484846496,1.8009270054802238,-0.8641322257176501,-1.630008182722978,4.463704254522892,-2.7428641810385908,2.1091286740206847,0.7498331763162036,3.7493255465446103,-1.252683620671097,-0.7308337991751213,-0.19743151061047445,-3.877655152752389,1.8389453178480004,-4.246760702678616,-2.1035540639845096,0.7800820149999796,0.9951254822954204,0.8841896066832231,1.624997306298906,-3.5493428287161106,-6.648476053597846,-3.0976370575928924,0.0
-10.883556353934441,-33.36856116979268,-14.239828574517253,8.292658251513002,-0.46882566475167275,-8.817953680493881,1.2742940638965392,12.810901123430044,-8.340837266737449,10.716110676282439,2.8749428790534703,-3.423288513870931,9.687407562982871,-0.30414478988301036,1.2196563172074093,7.404390299373873,3.314523556675403,1.3985409477631618,-1.1684342185341006,3.4805346100149404,-6.490085635930452,0.7079140375597303,-5.8205219342848755,-6.335105651740505,0.708657385789576,-7.9524941440417,-0.05307325747721395,-0.23785479521433542,0.17749628965271158,-3.3982751571126752,-0.20791088939473562,3.676352264363761,2.407725914045817,-1.27083864290556,1.4560262999879516,2.8350324949538255,-2.529287825981697,-0.08026054645738835,2.813853717106982,-1.0150475037715911,2.072196599596492,1.004192353710449,0.4133251265013313,1.004629408524145,-1.1879295221602184,0.9889618256294855,0.6950132830180461,-2.6665697366527126,-3.9338057068982915,-2.5254123746674164,1.0
-40.06386014535856,-30.278747424961768,3.5715230497937998,14.42464157442837,3.1924810130733667,-2.6967095461552604,-9.335048601154844,5.123985468185652,0.10796290440523691,-11.578042389471388,10.976868003409088,-3.4728598509858744,8.174074667625497,-12.108094710610017,-11.077399109368233,-0.8375105518095367,-3.915064235383308,1.4819269849154437,1.5882416257179939,2.3271576344877345,4.0678706932660305,3.6631643055268555,-6.485244850558858,-7.626586248340198,4.1608763040112065,1.4250529156672742,-2.7025755859113008,2.706145706542019,-2.1102467898401347,0.06120729910086298,-4.658321506924476,7.7275907397058194,-1.9190299298768776,-4.65535751616526,0.19258443634646766,8.787483462595572,1.2933461875580894,1.4617284334719918,-6.811023196411829,-3.714456551371512,0.6900537458866339,3.6963773759105005,0.865601712899178,-3.8935889680871583,3.973227363091242,-3.7072938943850033,-3.8973482822783314,2.623958581447697,-4.180576266320196,-0.22345284980287786,1.0
-14.839456556548665,78.63022422710776,-2.507882753693972,-5.72372406990243,-16.042908773821797,6.447201400866471,-12.380344406776272,9.555594179800476,-12.904580806783839,-13.544751776775062,-2.2200690078634677,-3.207364360763878,18.519141184973662,5.325362254360088,-1.8823887098499945,0.08623745645221283,-2.8462794221952015,1.8189506137479747,7.59565333185362,8.567937428011577,0.5166818352907827,3.974850029745763,-2.512517001130482,0.6169697415040656,8.04886565635468,-4.244248930796457,2.3452500826709723,6.472104674873529,-3.980730874983786,-6.901841700694988,3.207868369090627,3.465532819328077,1.0630953905558456,0.16790200710120232,-5.716037662311337,-3.435935966403402,-3.512393354832732,-3.001503236548554,4.910398654854482,3.8967208814311785,-4.659592968106624,-3.559993598097728,-0.4824049898182437,-2.8421533859410717,3.311591792563525,3.2378675831154156,-0.19858319708778402,-1.6250181483213892,5.614069336664829,-2.0368037700499717,5.0
-18.78405265300833,-5.344671605235773,-2.114943292596204,5.7110439119534835,21.701619811925255,-19.96949938464082,7.454450804424227,12.305783776566672,-4.458671430172681,-2.2373942935363957,-6.260612419652155,7.014959159084032,-10.222596471746341,-0.32096347531368563,-2.0336805861693157,-0.14959091711503258,-2.105700201396001,-3.455454486959377,-3.553923719184573,-6.600262384735408,0.7897852542160472,2.8629141787788877,0.8133811407097247,3.4205775979245203,-2.900060484006533,3.0419866591510165,2.6758563206268415,-3.395456240056823,0.6883591488461559,0.6874168466510874,2.5247604465666007,2.010894562287677,2.581269876867653,1.347612108534352,0.7833016794526724,4.283398337568286,-0.3173156038824427,0.6533687983488145,-1.2515187536158356,-4.568367069369441,0.9070641365926612,-1.5272326532132365,-5.859690971288264,-1.224818316175841,4.476532816374599,-3.937930596946856,-4.191921246457253,-2.153417921328941,2.968249831879581,3.1164263127085836,1.0
67.27184724173259,12.027772623833526,-18.059614103581996,1.817867181443893,63.124070648566466,46.77835958349749,-15.746155634071075,19.3477497140126,9.292356190146636,-13.399435347343031,-7.665763990982444,-9.739138970333775,-3.6197748587157985,-5.776759206992395,-3.327061106224572,1.4552803503199636,5.1212603922636015,-0.662025333416952,-3.1901115442992847,-2.209549024373808,1.7579193090849592,-0.39310442574101684,-1.6435436715798268,-0.7099940342206889,-3.1872055384984157,-1.211874960074217,1.0325653999697757,1.2704023682963952,-0.8869613214572853,0.4203722445082833,0.7179906902020053,2.0359546935519037,3.795351693345302,0.09746823399669229,-0.8544152779222504,-1.1746978650398259,-3.2805939698934035,1.5701793508092194,-0.29989910573527445,-0.9339903742959059,0.3172003317884036,0.31732537374787856,2.703401106064009,-0.8421888222892696,-2.493379864227513,0.27974430533616035,1.073061659237337,-0.09493013685324375,0.3440442808145102,0.013653571107150627,0.0
-2.5676532205840132,62.194024756469936,6.211067478817811,35.43934906654593,-2.702404751556399,6.9701403016911545,-4.036196693170783,-18.359977506762167,-3.469410790518175,-8.945339135741424,7.24465923824771,3.1794617148567577,1.3628545899736695,-3.8058360653610035,5.960707053853318,7.799347940853072,-6.475904534925814,-6.477606751569901,5.504712377404508,7.200307647912454,2.241371852209002,-2.908979428742828,1.534378830145245,-1.7437380251532242,-0.7694778648700469,0.41200295550208377,3.5546908302975675,-7.125407442171708,-2.2173976359507526,7.4840444581259185,4.397107555287243,-2.6016355303145913,-3.269827167310569,1.4695254404342988,-1.4822687938953056,0.7412590305201909,1.8160297696635128,0.3227044482039912,1.0147814842112852,-1.4848832775022647,2.3515250026219534,-0.7644434688584671,4.116384839056486,-2.7450837468136107,-4.384370663355679,-3.679453597989114,-0.07589723836913104,-0.7506401307037882,-0.0008081567194691351,2.4667201770170557,3.0
6.0997363485965685,-35.957461763359866,-5.433375644174742,-6.830449233774072,-0.6115452405732487,-13.920689860903666,1.8659796891378986,19.949498336695953,-0.4029267261175689,6.107869487020504,-8.230796787235109,-3.193866380771086,4.863863522933891,-4.134276359043884,-3.2488259885066366,1.937585035387303,4.2083876469884105,-5.36781777817057,2.2497545370628633,4.115162646682476,-5.820784657274465,-2.8073995994713306,2.0835856679412386,-1.5361243778519125,-3.7156020632633706,-12.285408987356018,1.9122923325788261,0.2954533574408736,-4.10508846839893,2.5718702341722244,-2.0283633363411644,-1.3264217466367014,1.3805471095914261,-1.674924521024959,0.058745752311646,8.261925803973396,5.0606405243464385,7.787891935445505,-3.9343825748450527,-1.0687707061790432,2.7469364359950075,-2.7791770235363393,3.253839371647158,3.8914404438220727,2.1285775369565068,-1.9464325157402236,-0.5568221730755342,4.463963919535206,-2.0368910364863604,2.8249358928211006,2.0
-46.41120186605618,38.65760779429343,-10.643838819568261,9.82740284375051,27.53161475060597,-19.3273545908953,3.7979069505137604,3.789778945133725,-8.457994823703817,-6.518233464410104,1.495520513720181,0.8216776157596704,13.061487400642337,-4.90225091523348,5.335359418943609,-0.5561677471764854,0.6643070235685031,-2.1458959675912297,-0.6632249076815966,-0.7808417743044439,0.11977272255247604,0.9220737775505818,4.533098575570639,1.8990464837900747,1.7074647410173682,1.316261104151109,-2.218686330173195,2.6618282084838936,1.2663686569160157,0.24760083096299101,-1.7809768728167836,-1.5947890013793238,3.956009003307309,3.7374067820967283,-0.595294030019003,-3.8083256437919997,-3.3326789156630556,1.6340026759549815,0.4371646622651295,-7.8618936632589955,1.9544983362065027,2.9932263698807082,1.477211143073776,-4.765358142943891,0.5457276683534222,-4.535464228992869,-6.41739360070475,-1.6589631306022163,3.8769275436007717,-4.0453013533355735,2.0
-4.854934866316096,-10.085016371036943,14.777182906295891,13.176966920493339,11.245426249216232,-12.850607857817998,7.9921825674920814,4.345895555118398,0.49249682452432625,-3.5669320375530655,-5.3247283743055025,3.2799646959474056,-6.002654036762173,-3.9126375089484173,4.337509496283506,3.280130505367972,4.029209770326161,-0.6571742483429788,-5.563425916953007,1.3779792372635953,2.2001523250536352,6.2809968615346,3.187580394990327,1.2910397939459641,-1.8064119494651936,-4.1247266376717135,1.9359811858556504,-1.8703753679419426,4.05524939164082,-6.417813222293862,2.9101907020550404,-0.15701395044405828,2.5809371356475976,-1.1492729139305138,-2.4307126318574084,1.9417736973437554,1.7600487136822773,3.5929078450638667,2.2702464606687025,0.6718054509658787,2.8330134127422077,-2.568480430269361,-0.9490576007350471,0.8272403266259881,-3.145952550307244,1.6359062410809417,-1.6499413557256521,-3.830344964270076,-3.0561217256638242,1.3351506129766288,1.0
-14.718836140696792,-7.438522464484942,38.1195213622908,-2.774071171313642,10.317847888106385,0.7464371744074862,-3.9240164083794395,-4.382921800226646,-0.33166672403305675,-12.147421063785515,-5.467318848713353,-6.812843549666717,14.575618480304913,4.237222064030673,1.7139754940114513,-3.2368579348153954,0.8926852437083742,5.547799683383084,0.3973020536000714,-0.894934085846045,2.2031215299224964,3.5052247173712536,-4.850714219192708,-9.439004524576005,0.9904023378711428,-4.289227462165307,-1.4761988453559343,5.074094125769106,3.6367040112639772,-1.066371272279937,-0.48195991413931866,-7.939050908116774,-5.133782817890342,0.9603399363282323,-4.320509653540388,-4.710021506882005,1.0073876474635335,2.1704428832016065,0.3762315066494256,-1.5215568829513773,0.9584031023065742,-0.29783416231634785,-5.015978751783329,-1.6024741024674596,0.5249352378920569,0.22165398285426854,2.9630767435514502,3.87379784859491,4.464485052865405,-2.0724180894010598,2.0
-41.480104751257066,15.042417702077246,-15.853045919516582,-4.93517575553773,1.4950359403555211,10.85456818815509,13.38986135061792,5.504248563671995,-8.095473075932556,-2.9867069853841874,1.8372756214500245,11.560645613565631,-5.068209058502162,-21.005072550737612,-6.035950986208352,4.092186322717056,-12.477317026370388,11.850811151482102,-2.208549781821575,-0.7230267281688901,2.9053268770383753,-5.813654217930431,3.2827759816613153,-0.4084457511504419,6.746071489417274,-0.5547165409665655,-5.011739767619217,-4.713948931689405,-5.490885608226251,-2.9854812329094993,-11.645211317783302,-5.178662820126777,-5.272033770695092,-3.2548976610601983,0.9289763348486354,0.6325798797658294,-6.902846633953348,5.910449849450844,4.408216657927796,-5.769901622284779,2.7114645865141616,5.170429915229893,-4.946415978378052,8.762214303009294,6.799048206821263,-1.87689164989065,0.6029202944768846,-6.2891901198531865,0.10985910371437142,-0.9630300474417568,3.0
-7.508453878374761,-36.4847316757807,-8.316119502799738,-17.853924293068335,-5.9140424865764185,14.913487646135613,-13.354892981257352,-21.977875994560293,2.2521218061401576,-9.61309729846669,10.733832252560735,-1.417739152934337,3.0495256418510452,-9.101618669272195,-9.167691990787848,-27.745925175976556,-7.672598668547659,-6.407223582245052,-3.491432003060478,4.544267786244213,4.817423702815131,-12.964069549177143,11.42054778881243,4.324968701249871,4.964189418126724,-14.206755710000019,1.6521190375684727,0.9579158706595129,12.6244752007091,-3.1979189150964333,10.722579630793112,1.774511873969435,5.153833698732333,-9.411478657469509,12.282046534165096,0.6989703210729854,-9.961663126766426,-7.181485934934152,-3.403419771066381,-12.242796529533395,0.34471104313376333,13.007996079859362,2.397742359086384,0.30358054626473835,-1.0399513442052688,7.633375390658893,-0.5727226681610454,3.816141083430107,1.2044807520243148,16.79601321451441,5.0
29.67750382976872,19.40349234632342,16.752752119746813,-10.522168359744256,8.118831627785031,-9.192925021637027,8.812589586587503,-2.9648179812090136,3.8220244922634077,-4.865115438291184,12.500353043669634,-2.4907328714161165,1.5740242700629217,3.779281421025609,0.6985030241316534,-1.299240599111639,-2.744587257557995,3.8375954610188785,1.6603261403745835,-5.326121500660869,-6.133244226688096,2.0360167470933486,-2.1461111912604967,2.129013076612032,4.945108818614988,0.277411967521969,-0.8902909176467988,1.8518689315154517,3.246086359247518,0.5801194751689457,0.7949248797178963,-1.316828369000107,1.1009863432793079,1.7148935182095602,3.3874499250720773,-3.005501677518654,1.1909327300906325,0.43277754350503467,-0.26477522960206196,0.6843057582439482,-0.03489943255375845,2.285011008908686,-1.140759178278614,-1.6007100099371951,-0.08051682101392958,1.15877462979813,-1.9825196376990868,1.8735412478939817,-0.8288245840398096,0.5082838934757729,2.0
-9.483084183673583,-21.261795194137992,-14.106272369230751,-6.945776235731961,2.6223675984949106,-1.601583686764814,9.89728930982208,-16.261777891249398,4.396094178794308,4.396952428530824,-6.652975136097442,-6.375375881856468,2.200022331391105,-4.495531656173096,6.806012127333214,8.05484536247526,5.889982993673895,0.09247814951474187,7.487735773707801,7.860076843814422,-6.3935651472047335,2.4013452224477136,-4.038411131096848,2.9196350053162474,1.8304407366910227,-1.4440378949971877,-0.46711781809041064,-2.2706259382084446,-3.806710281031492,-1.6205471887774603,-1.3676602297479232,2.9466188059084577,3.1568906155191403,-2.1925061926729428,5.1376910969493474,-1.7637106145895542,-5.036451289377167,0.11395924115350181,-2.9542705997468937,-1.4588324216494144,2.9823652171724557,6.393910793229675,-5.246047475561909,1.1228193020762107,-0.804028891093776,3.6857097987607497,7.273489668200103,-0.8790341665296718,0.7715988900845083,2.214547774348422,5.0
-18.290589342447635,-24.3808379155594,39.64857725738798,-9.117130831905325,-1.0185982740788657,5.456532736241791,-2.752041713879029,12.668898401632436,13.876266789822223,12.897910867577242,-11.686093445380454,-0.03671768876793051,3.945930190300535,0.8417236238377565,2.774300857702251,0.39425239075923496,4.9723858437776265,0.2175627097994689,-2.391376535332797,-2.443251770570509,2.415961138915396,-8.122407430700248,-4.830375443989638,-5.319713020066588,-0.6513766518382014,-10.042600625496206,-0.023540046918262943,5.241950934336969,-5.163679455042874,1.771804489740684,-1.9750302495588536,-8.885098180827107,-2.4482726713587293,0.20797204119292026,-7.5743133232150095,-5.190056770519053,-2.0835126023215995,-1.5677625437399698,-3.6364271429933326,0.049778082253009066,3.3757174383112,-1.0381885308249617,-7.68348434021269,-5.927352361537897,-2.573557323348117,-3.6995245304704176,7.848883451307982,6.429463654938509,1.1953219097762922,2.2216191303849957,3.0
51.351727996448076,5.722266413705141,-21.831340510831733,9.52799399568979,57.00117377066464,62.92852264525403,-24.065221708682014,25.761155670620177,6.844753515471441,2.2269316916248765,-6.8332462260134745,-15.118206612580545,-17.175162340074113,-0.7034552611152235,-0.17880263046097433,3.378087436931137,-2.641928585416235,-0.5760438299173519,-0.4085876499134193,2.719200092875506,-2.8051522000123863,-3.7878497620713882,-0.8104171226427623,1.2181698496152344,0.5536475266564113,2.7442034757119,-4.010577561191315,-1.615312224731939,4.723013353701652,-3.893469023012886,-0.5145609764659691,0.13670709369999381,0.575457815751358,0.40397709633252205,3.135907417349483,-2.392876932312433,0.07915463830090179,-0.29468005876594017,0.292501442012825,-1.308608843066761,0.21521408932351047,-0.3910691806467244,-2.2612848380195123,-1.1479221316667527,1.1239711966032986,-1.5831831257362476,-1.0313783586447036,1.5993704101769892,-0.28206608517550147,-1.8484679423961254,0.0
-28.43986222025622,-20.444402269568243,10.987196989816876,-13.300225663086467,-4.2857550695818265,10.595770217257309,-19.399135542324718,1.6930606008727525,13.096387827433372,-4.536149463499858,-0.8870741613738136,11.510273722936518,-2.2613149259439336,7.8774148655184755,5.994212031842785,14.01803040252535,11.005221475028078,-2.5016149819223865,-2.8821829932403347,-3.9315141712627075,6.213371909087537,7.757762073978157,14.406588396536032,-12.776745396574455,4.056888475864786,3.695054836288898,-5.944239203115091,-9.922322830521972,-5.086565797848971,7.389334679578693,0.9310137803460602,-13.722996987492055,3.526634527368339,-10.449990287789033,1.5948996294716133,-3.6432658381219207,-3.1210790914199618,4.358890028985284,-1.5747012852718243,-2.36720357238777,2.0401201323972202,-6.0440670501963725,8.463523899664708,1.3946404464937592,6.2141962521347685,5.258420022843822,-1.7357033934718946,-9.362312442224244,-1.2644094308810188,2.9867601789270855,5.0
44.881521925337154,30.004683566138624,-7.010292097712756,22.58408555786758,18.218073846998877,17.113956786855766,-8.519392902574403,-9.054398043721893,-1.295364886044725,3.874549471789469,4.819465838114539,15.91233238648054,2.875951276353552,-4.184864664891715,-1.3659839634986954,1.8334046536104545,-3.260761229054962,15.2958374637929,6.978035191462248,-1.8326327154192419,4.3070509049763706,3.3665465066408253,-3.488472232439874,-0.04824417224637635,-2.2654922922244887,-8.539204703728496,1.757376847618643,-0.43436221631891037,-6.353897165712074,3.5027628628237397,1.5698908025913856,2.161738928930208,3.9884023450228945,2.8050744213346506,1.6664548917817374,-4.038134490124537,2.1373930059899915,-4.192538412718443,0.5286731392507863,-2.1856030026893096,-2.7079578244221327,0.8310688330419387,5.413260530103677,-2.310226814173375,1.1286289569163332,-0.5894908884082511,-1.0552162562924794,1.1541100044529509,3.2656970247912653,4.329493773200554,0.0
58.41490746670247,2.957653446027196,-18.50734710276991,11.648114572232519,57.047785732993205,57.46785521994883,-32.32684323863117,26.390476623633823,6.039984391144136,0.8869659648203624,-7.583695336979432,-13.133579048662234,-7.970451755557929,0.31878030278997066,-2.2511714749114935,4.264881463421911,-1.8094602360419476,4.414294404475804,-3.222437458058217,3.0018613042397915,-2.8876015414727036,1.7693601517732216,-1.404486452518406,-0.13723294815172865,2.6455529544772856,3.826427164975216,1.0318287054185848,-0.7115668596247932,4.815117058697762,-1.7257195045014604,2.620856055742175,1.1896254203425458,1.6371316673109364,2.4617271849774496,0.9729719600886048,-0.6249200405371114,1.6585372128204003,0.53248605540653,1.3669654158885705,1.3145056936493802,0.9012713290342975,-1.18306484255037,-3.3795714928103955,3.3835405434032664,0.8169464519987449,-1.2782309573332307,0.6106783356889344,-0.9799959812994754,-3.2728502029788387,0.9111680641494012,0.0
-20.873799617730693,-29.740986300274706,8.720761118043704,-8.067626194388843,-6.4168674365463065,19.028173525596877,0.7997949595499629,-6.996890820261116,1.9308832846445805,-8.076477593010091,5.060894392291637,9.619188790507218,5.536042461053692,-2.7448579191293376,-11.893298478108086,-4.631596427993385,0.47171794384764737,-15.772523023632607,-7.874084410134324,19.24959088657748,-4.177422321531937,-6.278337354195679,-0.04376937200286738,-8.866467573498339,0.9430254331944362,0.6689735515644802,-8.647159464045748,7.5499626425864585,-5.763109595052705,10.821392938769986,19.83274804017693,12.490693203747034,-13.501722893915494,2.621319887056374,-2.7776222176864342,3.882996160089116,3.15340226672387,-6.266224343035255,11.717177001846036,5.400677728697789,5.2261482838790245,6.905717381342995,-9.781411821195928,4.3687195967646835,-9.006634823595123,-5.542058120840747,-11.331455733217354,-5.9664311290354535,3.5405069278796932,6.982992040567653,5.0
-15.4203872120715,4.8969676828214315,8.103487613756167,-8.59971096251246,-17.198489326134798,14.890176745960495,9.072405348614044,25.154407456595894,0.04156344209318279,-3.6358741408292277,-6.383844913052626,14.556963508718649,6.402304614066661,1.805621176995423,8.911262403726713,-9.25785545418199,2.771923370107833,3.3462140886995053,-9.449772906257246,11.48334295348447,-2.5264628136162663,0.08078840476404607,-3.6776421357750446,3.0560244735222186,-3.6752751442785008,8.53251166309721,-2.242619144881146,7.892387141359171,-3.1455025163836314,-1.7850709615339306,-1.201214430227491,2.2988534657672526,0.16525192765236207,8.32413392194453,0.530829208981708,3.437479581639085,-5.220154426116078,1.6595694218186972,3.514524969826345,-0.2043014718119057,2.9025441314328675,-0.11838996572128768,3.178717599145091,2.030334557477639,5.78039828469667,9.099015293191316,-0.9226044172577185,1.2030226995749465,-0.6202510012012217,-0.977197930331566,5.0
-4.525617555008596,0.3693941412039814,-2.5882827125265955,-0.86575955153998,2.6095931315849676,-1.7717743081713242,-8.394540270629157,-5.166115791451094,-3.301750121125074,-3.126512855326085,-2.1091866474007555,10.43231239080461,5.729299268754476,-10.09569638296929,-14.271208186874885,7.6849477806175415,-4.807901914572661,-1.82930070663137,0.10598923990854617,-3.8907716852797156,-10.164280796953609,-1.0461080062804948,-7.646401656470011,2.1509589121794734,1.9298606304182147,-0.44989050292054605,-2.6734491808951844,-0.7811118118735877,-2.764033120473749,-4.96038464689303,-1.1872499721303689,1.5914625244602278,1.4272858024906956,0.8066506341685674,-1.852929384636803,2.3127766093124795,0.6310163939619978,1.7040287463096497,0.38586896495750306,4.799674254889709,1.2940907715613363,-3.610631175048992,-3.52021785159317,-0.7314881833686905,-5.5884459015314505,-2.425256370355244,-0.45009910987754875,1.7812070707411944,0.720760236031276,1.1708027471909055,4.0
-48.406212991148905,-1.4800755295493226,23.952520937580747,-12.342541129081233,-2.5050467816542854,17.540273172605254,6.587298013456372,7.9641952950435915,6.237595455515505,-10.768689661917806,-3.992223101330184,0.7501119827318421,6.858954550532147,13.159606743162827,2.9159539303776443,-4.0105908907502625,-3.5648720280496073,-6.786070224236537,7.353392797101799,-5.6045317357027935,2.4084502650283617,-1.818193633145017,-10.465436883472272,-4.148694860640427,7.999534650707712,-7.797861892206877,0.9709671124477087,3.6333210544378014,-3.4707610613529893,4.866484574287089,1.732865029538311,0.7412059424142782,0.4623916445615563,5.405927287951068,-0.8908163968857689,3.8864667250787,-1.436743078805596,-4.894092663823668,-1.8284426186644356,-0.9109972350516066,-1.703656477333603,-1.0933142071488404,-0.21838371118811892,-2.7295666979604443,0.9590726870564854,-0.5047587349141285,0.6494671300175894,-1.175309519718632,0.9394634970876973,0.23347101357257324,3.0
28.83451168198273,8.161638237408937,-5.204378019624245,5.919612050449889,-11.70353758893825,1.4649880935318658,6.748121990752157,-1.4156740233844807,-6.07428225392402,-3.4521496029479155,-7.011699083942438,0.10501987242792983,-1.334975878607224,-1.3538143134282303,-2.4717725850358465,4.361531880174569,-3.2449060398457443,3.028963395673335,-2.5405171016798778,6.069878274566597,-8.15148796376931,-3.5960860230523086,-0.3541693300920386,-1.85762148944838,-0.49901111305351814,-6.1589041440142065,-2.6600499074162824,-3.3057253847407875,-1.6809352453549053,-2.968265937884747,-0.8917376055055983,-2.086460248044403,-3.0190052225695427,-3.3523235586760367,2.1407770590975606,3.221557030156609,2.022386788319116,3.0784011852079027,1.0661671758558064,-1.8524012798599234,0.46905799448092067,0.8960827057498113,5.398511399117947,0.0927939272516313,-0.2903204181811825,-0.0654063612628979,2.2686206077957247,-1.3586419855657739,3.296073081990784,1.1366024634599279,3.0
-30.846063946969867,-25.097989065448445,-17.148037442722902,7.461430487055495,13.925739757116578,-10.71692953401883,12.96861774899351,15.570877356572899,-4.91480184826998,12.140485415946372,3.4288803864856554,-1.9527340862864717,1.5023663829206202,2.1519679872125987,8.186777686896807,-4.667712639981032,2.465513231744635,2.7054775436084104,-5.932288309276864,-3.1380406372721503,-1.836084759378996,-0.8230107642292646,6.4470210198434375,6.767563085402919,-7.4992778554370885,-4.297263334093821,-1.7850437111587212,-1.274942003442169,0.1785910900401996,4.314833751549171,-6.159116413295914,-4.553578031228904,4.925777889078912,-0.18819217893915902,-1.8287485840619195,1.7131616519224466,4.0734925817614505,-1.7046227983033264,-0.1782329581123925,-1.2727987097170095,-2.262150110110238,1.5979903786111787,-4.107654840187838,1.6547390591009719,0.32862524667969734,2.1075080990348876,3.8594561807125385,-4.674386873872736,-0.9713398445729547,-0.9795978416080682,4.0
34.83851532009715,1.155099847268271,-11.281609867989244,-23.20890154669101,7.48378002293291,-19.537192093551045,16.619060850637897,11.623553431884256,5.860333186574777,-6.572799931208107,14.158320535920119,-0.11223641776398555,-0.3730710252041651,4.60723264973415,2.905176758868704,10.125102051197905,-6.35425158010862,-1.7440919748923598,4.388854561533933,0.992129046367404,-6.459699444526107,2.51897484341407,3.386691648456501,-1.668375945914996,-3.3375550206455253,2.1447098423598576,-1.5975123526972355,3.306922002573378,8.124212277636001,0.5202347708379713,8.251851169860725,1.2336834475483165,0.5773275389082977,1.8367190392269241,-0.37016578159997715,1.1973634747193045,0.39471948208379076,5.431764555999753,5.184249448752072,1.9945971746233322,2.345279821774505,-0.16720995313021056,4.704689524280951,5.315635391700126,2.7022863311557637,3.5664704898878297,0.1498208549580839,2.375462574117778,1.5191160587528703,-2.0583420899146745,5.0
-11.049642062427019,-7.141132703378177,-4.7982219115764115,-2.8428735664477593,-0.8540136089011203,-15.282188682012102,-2.8155750076978117,16.843351318453497,15.275142326001111,2.318576630870642,-10.099848729367485,7.6990513391487765,-9.858434568025748,-5.01438718944896,1.614297919206375,-4.882041910270918,-4.3998537209278,-7.66711377855779,3.2381825972926626,-0.012010204422970338,-4.160211888962262,-1.1508582961765927,-4.423703889431866,-3.195122819270784,-0.21463486936126186,0.025745514132377578,-0.21606511252556923,-2.9675128939377564,-8.181543320270052,2.0227080675784266,-4.925909445417117,9.620114271129411,-0.8863890130651753,-4.621704184838892,0.5946998479313236,3.7086920211181136,1.3704778774472608,-2.523023356186461,-5.311409906310757,-4.157405597436838,2.1765819809956133,0.7809979483650227,-2.1815464308738255,-2.3172026495319256,4.255667315627691,-3.104983386328941,-1.9244736557636108,1.1676126188554368,-5.774526485244719,3.4000308307235545,2.0
-8.86098135933591,-34.58690430630605,-18.450266205978913,7.750693622502728,-4.223380974558733,-4.479275847393553,-16.262927170117386,-5.580252424093448,-3.136634465500403,-0.12110885511884695,9.050618894105513,1.9442554797404816,-2.1965884605365704,7.0596363883867355,-2.592575976804004,-0.4711806100032457,8.426902249737305,7.270786730999467,0.6509848673676357,5.704766204557609,-0.9255634292261059,1.205624428919444,-3.084284091968362,1.5684036241415644,1.163499590038002,5.876095229089364,11.716884172094648,7.376991847127466,2.2856859781180323,2.66070034567234,-0.8615687949517641,3.696989496404948,-4.1639413979573074,1.135096988904568,0.5503269434154152,-3.7890198884330677,4.405607866340241,-2.575505539371681,-4.214729420126568,2.0159416932671657,4.638886869378341,-4.097100968589978,-3.234965462172333,-0.25163295522970414,-2.9206673815584603,-2.6112832014345617,0.6819126655654069,4.335386296792484,-0.9393222822998352,7.569438197625788,2.0
26.650374676125054,-22.411415363682124,15.041097566660033,2.0574338132782257,-3.9454183127751694,6.845256407399386,1.046756951463233,5.242576950024436,3.3078480032256397,-2.5862691317025344,-5.371264977402945,7.196335301230375,10.009963435050018,7.949071334234125,3.0351715864823565,-1.209505864427017,7.882599421071887,3.1382947128892207,3.5784230124836642,10.080472966256782,4.521670805628763,3.490180511752895,3.7660117462101015,-0.7804093634987248,10.99954163812329,-0.4123699785147556,-4.63184288790401,-2.48185858803077,4.144702477050306,-0.8518101386634342,1.3989686582429575,2.5727980448015266,8.60508668750569,1.6613033253011003,5.6893064288699895,1.4104930287212043,-3.5182597834513185,-1.4164921989063526,-4.347406795551539,4.367147399236992,0.22719315950242605,-2.0141191276201886,-0.19433508865519655,-2.873495852011006,4.588495273465855,0.7793874504892242,1.123085769237528,-1.0912621481545972,-0.31250055701067725,-0.8012097703426125,3.0
13.747841300270432,20.938201618473474,4.787465955352019,14.386222367211328,14.099144236198383,12.90347872611022,17.05984694988314,-17.23231212671175,-11.863690261908516,-10.09949577567381,8.734352973317511,0.8436520812472916,-3.2341116315310354,9.964365761533461,1.5994893268913828,-4.513663358367968,2.1457145032614413,-2.3502348669364816,-5.078477818783136,-7.751037996238303,0.7406301678716618,0.24695855033700617,-13.98861190792061,-6.7789142434940945,7.600765151297816,5.153353019918127,-2.290686396284097,3.3910499318432286,0.8006485137890266,-0.13244760435174205,-5.006651587619372,-4.560263554411908,-0.6062388547697238,-6.923669888425471,5.1119842894934,1.2649450730499865,7.601430276219837,0.4184490948802363,-0.7221737355207327,2.9255866730422087,-0.8250186023464378,2.7476358786884383,3.8786233701858874,1.7573018481697154,5.27338150653063,-10.45335079646019,-2.7738008152464526,2.6777469662598112,1.1424532018188238,8.627161139940956,1.0
-25.526796917074023,-20.504048818437983,25.906808737667014,5.046305929386052,-0.21834654892519112,5.336393070713669,-1.8283637993367665,-1.8191112754466712,-8.400831836776023,-2.58074648222061,4.4325349672969265,-10.541206576645349,-0.08261655279960453,-4.036429837751666,-0.5724624261228116,-2.8199020192397923,-2.9653524090369605,1.049701659463207,-1.7159489881331986,-5.615569578638759,1.4232019273374026,0.565930948271469,0.4506217415993391,-1.0083557616681738,2.741662981320166,-3.316168798226578,-4.33987777988338,-6.211580517035359,1.9971997112425754,2.7813355330738703,-1.624512063147489,2.8503655888731108,6.050085981141055,-1.7287291693825253,-0.096894230844249,-2.1856059467496483,-0.17057940930730756,4.643629166394953,-0.3967532379717681,0.2993727197048974,5.637320989398929,-1.8299157268940058,0.2535253521690732,-4.860949554407121,2.8782079696817404,2.736142035800547,6.415504023552359,3.94768071607467,6.625458198400915,-1.714394073642673,2.0
-52.26944041594358,-20.113962981424887,33.15356221761873,-8.965508115155425,3.7657966700864596,17.71268280599598,-5.531693069176779,27.704533419511364,-19.433044159762915,8.2252853092963,3.991690585530793,14.40489585510782,0.9902084075395193,6.680256545418242,9.54503572746233,-17.297264298883,-6.233876920033227,-11.565142998328117,10.193041241135768,5.7589545221800185,4.325864937479951,12.159605456849238,-0.92839141713734,9.56843570973871,-2.9763716846500325,11.837394993468227,3.5209032753623553,8.85556659463901,-7.613303554861126,3.7111277815009647,0.5219504068637758,5.190647510715625,8.572808420271619,-2.019812550548942,-4.7272409347734,5.296589292696189,-2.2522166094120943,-5.914061531921893,-6.461203646684265,3.408145131972839,-0.7805457440880165,1.2084646837187363,3.1101793452481727,3.1224642271210894,-5.421887159150225,8.023369346887886,-2.2688918096032755,-1.0898920640602294,3.9796156662893902,7.326032818339117,5.0
10.813131237153273,-12.7556016390158,15.626160529731587,15.806775134844639,8.461918667187167,-11.191190896278066,-2.764918750452123,8.122117400125934,-15.376612601449803,7.514205738497157,4.21420163199885,2.9597310146948597,-4.304738196288408,2.8895013953580073,-5.80729666527176,-1.574097994490263,6.951528259506902,-1.6379876231368324,-3.611935542349298,0.10319309306024532,-1.5003415060737464,-5.679235351616876,-1.7555661807825993,4.596379050263441,-5.731796860652332,-1.9569359138825184,2.8489250207717722,-0.5335879300415727,-0.5987876098930586,0.21095796014302767,1.2047236701493054,-1.142637463366274,3.0967950305441954,1.5177778666054549,2.463251232709413,1.3781843806511598,2.0973133097799637,1.2149111656081313,0.5696957096606382,-0.1210157784688747,-0.39949883517817264,4.142873382677656,-5.966798788100503,0.9991907451898796,0.05910545660876669,0.8437891458313937,-1.6733943238186941,-1.749653774286441,-0.0015311655810282235,-0.15479906974343371,2.0
8.071256343595667,6.738659593837251,21.32882305165924,11.11042250391429,-11.14889506067257,-1.8981645789453587,-0.854581990434946,1.8065596323547244,-2.260976343127919,-1.0082346351705713,4.751235085400579,-4.096462519212702,-3.2181093081513614,-5.585955988299889,2.6629545645633423,0.5403261882251561,4.107373744989731,-1.9705663519300192,-8.7716482933048,-0.21535247839140664,1.918468744050642,7.812919637703777,-1.2880313148194837,6.846771635057839,-5.871038847724598,-3.9710562522673922,-1.1565586515733264,-0.7328912674966428,-1.7143487151952153,-4.838908911122234,0.7508052184814626,2.6340444311857576,-0.12355436670089531,1.1799430000872775,2.8331008501132526,-1.8253692642772061,-0.2484755308717361,-0.4659931338268086,4.119807128652093,-3.19175726973114,1.5659400106765553,-3.012031986168723,-0.6415941014227224,0.8158657400428424,2.7747905215136504,-0.9743017729527949,0.37119424889820124,0.7326796515491522,-4.464534222571982,-2.23713964441898,1.0
-7.9443225911587,12.938567068819692,-18.050447710566942,-2.8600202438604954,5.954682958962322,-16.968631795249497,-13.85500749208584,-4.272859819086711,-1.7180805784574804,8.529930262300242,-3.2967848278285627,2.911312228337325,-11.131795394829732,9.326046602904912,-11.144932755031547,-1.2446811703228198,10.322551367372176,11.330823900047601,-7.7620203506485375,3.6586287696346296,-3.4907871515605295,4.700383112257211,-5.971857013310289,3.5693220244379398,-6.192195961933896,-9.892967434177901,11.799304661048895,1.934002821395624,-2.6664915159316287,3.0782407122629207,-0.9169745418660743,-2.298475455059873,-3.8550523398295593,5.200108694657071,2.168974473883742,3.276108127126912,-6.99764956068774,0.09835600734951,-0.7416174142280738,-2.973304099018949,-0.796367972707697,-3.8333949719738523,-2.634576581033134,-0.7058979122816296,1.0780038028863268,6.867039210845331,0.24417954391448568,2.073900491676995,-0.004852836960972665,-1.418645635322502,3.0
-40.8007012149705,-14.237546143609666,-7.092598193288498,17.828944645320302,18.12029908885908,-12.210703917391426,-10.096012584872382,-5.439698556310485,-1.7901426671606921,6.666024353687736,3.006240376560092,-5.184764017948443,4.193391665060801,4.310267152894184,-2.234205216264016,2.459554158013832,0.7668583821582562,6.624200965054576,1.1525278432767234,3.063610584491518,-2.153752284005684,5.879235573291309,-8.848251674301153,-2.4690499671213435,9.155415474134278,-2.2329545087281053,-0.6295987971702462,2.473845014890173,-7.0061827084713935,-5.133034646439468,1.2001846813712922,3.393844694799317,-0.8735585266247252,-6.8114173816509,-3.0913602016037083,-5.399006772596923,-0.6540799621413803,-2.7891457861817295,-1.1172802034585674,-0.7025709204658722,6.617925163186406,5.696511420184763,0.4097649554606444,-3.0037256655875364,1.7335061958963554,0.08972266724713303,3.3677776871836316,0.6618422321803511,2.642676076000432,1.1090005556896376,3.0
-4.7418383379672635,-13.458990203267257,-4.151529811817268,-10.213422478730806,5.837539239631372,-5.781968474581007,-2.423143722311837,2.3234477454911375,-11.60645623296275,0.028235633195952927,3.0370934942875,10.940817268176946,-9.178611661334376,-7.5632494240583945,-4.663613865148869,7.565053121331801,3.111981586340899,0.54452483318533,6.4808205942839,-11.179646382269125,-10.481890665558765,-6.610745176424483,-3.534310319293429,0.6368438131162932,-0.12139853412159901,-1.091258791923593,-6.120637409082051,2.0131611731394967,8.444151129086626,1.3149809671114592,-1.6262110913184395,2.984078188154897,3.5877534159029127,1.0726844364954016,-4.728010349978325,2.526330487799549,2.783165419390412,-2.7099769457138847,-3.5159561441933054,1.4365218182232498,-4.260352637066284,-0.957283516583034,0.5363546353885992,0.19759767982395623,-0.3643550913970605,3.29854166672898,-0.5848914835716249,0.3717508186997488,-2.908243300559127,-1.2310652579113266,4.0
28.176716706376702,-7.743470580398942,26.339678482414087,22.864703113983452,8.463191840928166,0.6851653749876622,1.7706191430364833,-11.502599436993298,-12.646677996997573,-9.13181671796353,4.7934480543082065,-1.3388189764546876,3.9419224960782135,5.05264419367887,-1.1934045890635103,-6.181622173589498,1.7488195594015954,-6.365324927970317,-6.007623738350495,6.996753486117086,2.5304536013634404,1.199675208918582,-3.554204256900725,-8.348970730098113,-0.07860820808101483,0.007733126152339191,0.49649114908238573,1.9803368896500877,5.597181588351924,-3.64015143916823,-5.195461668738906,-1.3539571877110461,-2.1682046682272387,-0.1183276485824382,0.3178734522856605,-0.13485637361146607,4.11396656081571,1.2912202204772343,3.1912020762417215,-1.789559506084453,-1.2061651470638874,0.7856263508051899,1.103885541429419,4.16546939584921,3.523348490839053,0.3291273591893584,-1.6678873389097189,5.136435968757912,2.0910344143376114,0.48969237149550804,0.0
-14.224349665603352,-3.448388311563981,-3.315158348983916,7.8714203155658184,-11.648246172992124,-0.30910761608199183,12.519836921977742,16.463125764798974,9.005393751763117,-6.665918011421786,4.159840074500121,0.6918344494284909,-1.2958367575515413,-15.26544635927906,-0.6999869968742689,6.082884266991781,4.473191726186959,4.183996565526377,0.8965990621545219,-4.844167984758384,-5.156209506660005,-1.417709572967555,-4.7955041498508,-6.110764467955948,-2.2948024449548896,-3.392758005627485,-9.519250848689197,8.360411629839618,2.532716529848713,1.2592254167333041,-7.14711259515057,-1.4147417545091137,3.5840616911004317,1.965095365781226,-7.085013592067345,5.577429121230074,1.4856907037323812,-3.1441231972576693,-1.252830524137125,1.0660680513848009,0.8004854716707249,0.8060472293332915,2.049861171613265,4.862367742292791,2.194895042408623,2.938591476612729,-0.817014981958856,2.4464574079201187,-2.150597200094832,-2.2350581447521525,3.0
5.543365397576897,-24.340220526684067,-3.192770023391745,-24.530548427385614,-12.431199710827329,2.7931631075032004,-26.402891267419072,-21.07772087060751,6.5887191328640204,4.691170704637366,11.7103813245221,2.385687318499777,-12.595507322477166,-5.488923347102975,-1.4852851544683368,6.032313696153947,-2.824703612174709,-6.341475031439836,-12.75412860904201,15.792263133519596,4.7381137427738125,7.454289736324061,0.2704614544963151,-7.179193067568663,-0.6879581987768993,1.7662655212044414,8.442827297049082,-2.5383221583960065,-5.744054659272628,-3.1468695483721176,0.12201978545343431,-10.150387946584155,2.4451276593432114,1.671892474877476,-2.372258102389715,-1.3578178486293015,-1.6480063328568477,6.872509840510601,0.6188134423287239,1.2399300933546238,-0.7200172146242529,-3.145778065458616,-1.0294646849029196,0.1258305947292878,6.870580122633922,-0.18714606823930463,-11.815566030919847,-7.9698419598707755,1.7539596164301687,-3.1937494987856327,4.0
-32.27231396817029,17.560760349357114,-12.941406929244732,4.467000520452476,12.250404878237495,-15.111445817777422,5.430814120348234,10.072254880799523,3.771035021766991,-2.7349178883978507,-7.978600705056826,0.800313842326221,-9.828442185604239,4.728222147260228,1.3319006198416428,-2.459053179804809,-3.7814925188181414,1.4249757658799118,0.2071248687259489,-4.16585082306177,-4.619268541620187,0.5082923702220892,6.1649696061754415,-4.104384494274703,2.3307036108060495,-0.1900840199279855,0.14824652816096393,6.522994197628445,-1.9130287956248548,-0.28069114232081105,4.263865360883463,-1.601482596720094,1.9544961439336215,-6.815669037980706,1.0172381767684047,2.6029836169039466,-4.1669462140708315,-4.751640972079412,-1.6338835618619423,-4.657098108799452,-1.857681763322843,-5.234183951907795,2.495819117841699,-3.4864711637855867,-1.4327946366576372,-1.48159079340222,1.8004373738941861,1.2942064125221044,4.505520082910713,4.427411877619843,2.0
-27.13519194521814,-0.3293751110268114,26.125450572777236,-2.1850141653173822,-3.9821489376525308,4.141805249401673,0.9464727905341819,5.20075796083163,1.6640095430025301,-12.563408100199561,3.132846446826293,-6.013248200598428,7.19688978419406,7.73163611722555,-0.06493076542010727,7.961292507096382,9.454143236588623,-0.24866666793450576,-0.38983915605760244,-3.4591403570681707,-3.216031144126055,5.776897760073244,0.8828997231997473,-7.104424463127631,4.924416204500294,-4.248952330162279,-12.600819679689709,-6.4946780964643285,-2.797293497736035,3.087722184134428,-0.5371759939372585,0.6266958832225695,-2.6411593780245672,4.663338177916807,-3.0242137711382786,-8.787806603048434,6.074283948141591,-6.57126374485467,0.45890608026552504,-8.372954972555785,0.05093278277687577,5.011266680568853,-0.5689350318929493,4.173191752207097,0.8818343146615409,0.6252493248388625,4.137106522838478,2.2072025984758255,-1.832416721810965,0.745689154328098,2.0
-7.234452469894011,2.5219628866085317,-13.336464235748968,18.708609747858745,-1.7167732630480042,-18.313353605037502,-30.927103007284334,2.1727402574826544,7.096453388487349,-11.050968245084148,3.0679043545978604,3.8855336991721017,0.3238002216924712,6.77138145856243,3.924092505079372,0.9405959463871706,-3.4140431405674705,12.822504403801528,-0.6494525212010923,0.3803754818477462,2.407921683844536,-1.3566374224950306,7.138259051792848,4.59489357198584,-1.6628409453934272,3.9998727324329155,0.037150716353780394,0.022702900244541857,-9.56196849833426,2.018859915270928,-0.23784371182465278,5.602395733771026,-6.452494991149429,-0.7197534418914414,-2.5497270355468555,-4.296623717150871,3.0661683987759103,-1.7827624290576654,1.5702747992608383,2.592562286310223,-4.2698586339252405,-0.44183349235003466,1.6027836560906155,1.8312057885188608,-0.06244997425848314,-3.5992636168560757,5.296063410178112,3.225053759016492,1.8902997535718076,-1.6715217067577182,2.0
-7.657057878847636,-32.211516639757875,-3.987205078729993,-6.122203223286172,-13.276468406268007,6.8736202530975365,0.2841962389855893,14.159487457598619,-8.81922353813844,14.221160256177038,2.241696403429741,-3.6504633796527735,5.214706055646494,-13.645514272709935,-3.788524291323787,9.148743720102528,-2.0712579904547352,-2.2480807039985207,-5.783999436216319,0.3407780395852457,4.889559570063496,-6.41676773571109,3.577908484120237,-3.9350109884873867,-4.859210113375762,-5.344615917917827,-5.512851168555416,-0.35579885024648356,-0.14181815159523384,-2.378580406128722,0.15052618431067583,-0.42212056765082095,-3.688399456312402,0.7283280123524676,-0.6422119744655378,6.922584878086285,-1.206604560476885,-6.4477561984151865,-1.6143426492425177,2.710808983036173,-2.329990108057689,2.4213968704557134,0.3867212371529929,-3.788870679883479,0.9297281122777982,1.9529566719385025,-0.8795793117412872,3.239322662042302,2.99429539178982,-2.125958754034979,2.0
-30.345125818594973,-7.045218525423318,30.1245773870922,4.307591827826347,-2.072152443507489,10.84351723500927,6.565583878149822,-1.014681863660361,-16.810330698643522,-0.24663546736571818,-2.666729984303698,-11.311425184117239,-6.119203059460796,8.110539497659653,5.608795588964243,1.2391170488439556,-7.363139337061315,6.453056163766026,-4.180445564354701,0.27724462232789737,-1.0391606047415678,-4.265674417328443,-2.5814030420663676,2.2007983410594703,3.7334662466889728,2.271056012337905,6.046203019728051,-1.9957519112895294,3.0884186611286317,2.871080856055803,2.2265781620766045,-4.220473433389371,4.381713260150661,2.2878326886098748,-1.1128735562851053,3.822905936099277,1.3102970625557528,-3.9445388860884463,5.423102589000072,2.6661778079597296,1.8074419282215648,-0.3678034049807019,3.3901166184150977,3.871163963276955,1.0854869813400885,-0.6798947925257559,0.8937273307357254,-4.921468317642753,0.45961064728433637,3.105169595104172,1.0
39.24553149966497,33.38101181425711,6.1095139078579,15.883283185735317,11.727317004384224,-5.0795536536543855,-3.385650253522114,-12.25111386751436,3.675665634689013,1.932682616732033,-4.046592196134709,18.03396386151992,-3.8810392403727265,-5.065506164877296,-6.862976227197941,0.541245788067236,-0.7078330078955628,9.523028043294888,2.060777078256402,-2.955771174903122,12.480411754751387,3.2115239226115873,0.33024057391713985,2.6215875157649213,-9.7673244369851,-5.088489452880313,-0.6725635830296967,-5.145703113691637,-7.785429026220428,1.1612641360732525,4.102882577834431,2.684800805455809,-4.510258557576699,1.462574244927974,-0.3992418927870119,0.6142952891454915,-0.9640564585898926,-1.4918083531320683,-0.8300175002993737,2.6661939480870953,5.6163437683418875,-1.19005046524432,4.567354432756967,-2.374121689804974,-2.9747316219935502,-0.42247320099652536,0.5119887166116298,-2.550155552283042,-3.1547458060751237,-0.9464807008439093,0.0
-21.54321273333012,28.041114368769794,16.770432201770927,-0.3232746316117584,-8.106270315614777,-0.05718172322219521,-14.155026367354036,3.2479110698046147,-12.338321339211332,4.509166231536892,-5.619940395415445,1.884084514659515,-0.10073619818629614,7.344397819354853,6.888593783119792,7.316263809425674,-1.8912325169478121,-3.244518124518617,-2.6458587751199696,-0.5385007256194634,4.000063149902698,-7.574049081788949,2.868940490428485,8.543928437299591,2.8147857244647363,-1.5515888578363812,-1.3318445353948394,2.5751629000460055,1.0677870821106448,2.586631378990864,0.19465206777469451,-1.100925133659173,2.46464866472701,1.731683000932066,-3.128745731649815,0.8361703886791154,0.4860432918948353,-1.4281454572236751,0.1257201716056482,0.9018704678646379,3.1828418855627474,1.384841452144302,0.3130260768166228,-3.2970441644864836,0.4952586599636497,0.0357789492738624,-1.100950509554892,-3.2823127743434486,-3.801159442016688,4.041992784079826,1.0
-38.98360448198298,21.069176278449454,21.406146918467766,5.492588628310226,-6.305003897254838,12.264489807016403,-3.0186193896325277,-3.786364706383777,4.574342353608107,-4.63372261692685,-2.5250583298639087,1.4593386336935819,2.099888635790345,4.673749675882063,-0.8931372122937796,8.710213401501147,-4.152354788046634,4.1650556582400755,-3.347772599017671,-6.267478031647775,1.7868752880994612,-1.013855752814886,2.551180454129647,4.5459646834352965,0.4582434205452769,-2.2738819463742748,3.6744377186314283,5.093645199263865,-3.9288726271251875,1.622277701488978,0.13085569781032125,-3.88192990267989,-0.8538846394884341,2.20407085158082,-2.3254365792378398,-1.4688926369004542,4.482565891367708,-0.5616820949095742,0.9560542379954666,1.5378927603272003,4.561826181342633,-2.88119536629434,0.2775988519638191,-1.252174940562229,3.993764529636973,-2.3166747460253485,2.8547494641478584,1.1335021265265204,-4.243317977361929,0.3873668583450152,3.0
-27.191699361466902,6.57605244025516,13.028058636885786,0.6325291758590448,-18.08556136903939,20.734931604382687,22.283330882666785,9.256797948589627,0.7322947241559105,-4.631989102555223,1.6618428717905507,6.099265543091114,-16.043856882768917,-2.611119895060274,-3.8094192693928988,-1.6966158526043225,4.078404936384541,2.071781255508683,11.889956966770002,-0.7735604222754303,7.025725289939956,2.756959038348633,2.9324169021933693,10.493500739052388,-0.9700867361169152,11.795494941784263,-5.633053745740806,-6.288388824579096,4.610426944015102,-10.22223448371138,0.5177796928965175,-2.9757575774823875,-5.37445052961078,-5.784662487776983,1.7769319471148972,-3.221139363890196,-1.0940194116513167,-4.452747078633556,0.9335489861414753,-7.542361379882531,-2.0208918116859,-3.4465736119523958,0.9609172039754063,9.64347706676258,-6.363791943263718,1.4576495360384607,0.12237404067514515,3.994978590717218,2.854341727178818,1.2666353180023873,3.0
60.502073500003945,24.015394322195306,-3.4954347042495937,6.370805785054287,18.39198300809503,5.0830184449627,8.98734902690336,-9.819566002780345,14.022930407213543,1.7790594175769456,5.344867512731114,19.54387713560277,4.882300315874272,-9.50607250778977,6.182119725131355,-1.6770966534205913,-3.1985134936628925,1.2170787403212722,2.8368984305524503,-5.724230708013631,7.716462260473258,-2.0537151401423808,-2.1355523712297315,7.594172375208576,-2.295912860077052,-7.061839872057437,3.8132967673180342,-5.800497432107974,-8.604593062910846,9.235623645215421,9.5286310210579,2.9407806035888635,1.962498597301833,-0.9420591976232027,-4.139080038426726,4.91149343535152,0.1731416690372607,-6.150473039541848,-5.7425109616376515,1.0482731673153336,-0.4118841485004951,-3.700828516131875,1.0086223359461666,3.278236675285213,0.42068781518411147,-2.7647647887633764,6.527411249184008,-0.3615207525864593,3.792716922417882,0.5440985421088577,0.0
2.459656181272798,-7.16511747430474,13.580575165130517,19.15239416659886,5.872946957460127,-9.768964343683216,4.723548507042896,-1.9927165216392284,1.2661406299337612,-12.443556971871804,-5.82625088839982,-2.6196511934426265,-5.992066317086073,2.9338729450512893,2.715277596938639,-2.459616195306643,-7.2128752006753585,-9.182467158066103,-1.9197058139042669,3.477029323632689,0.2632601790595956,1.9929703738159485,3.336681689512663,-0.1780846456480032,-5.708593588229559,2.2102225913954214,-0.23705873749078715,-1.177222317698218,1.8945878908357041,-1.1024209976874577,1.2252229408200104,0.545422686290134,-0.052771476802890946,-0.9700276107587797,0.5084802983780249,2.284948220681025,1.0744095277660477,0.9806793921300505,0.8803840421296811,-0.756681411843953,-1.9352283617045987,-2.913301416144921,-0.7120412260964322,0.25413951695836023,-4.174966032007268,-3.006386016091694,4.112316389111953,-1.8320949161450015,1.089792940566166,-0.4569298972856522,3.0
5.830720376419734,42.96587207997524,0.9636422426399628,-20.37010888633304,-5.964103038108262,-1.7202016400683573,2.542030610836826,-4.072404728462173,0.1270292245150857,31.277695807171668,-15.275126053887487,-12.48624472082537,-5.309491060057222,-3.463924295117748,-8.884434194946126,-16.71532465822857,-5.2376643987029485,20.42456777963277,3.995842532431084,-1.9774162573957934,7.848382382554344,4.150348513771449,1.9354305479886778,-15.657575379349803,1.1055502364875627,7.585443512955677,7.7618943859514875,5.115755783496042,4.460365000161397,3.7755398602114725,0.5249466948163807,1.593266926171508,-6.940224234942705,3.7457801075879344,-11.867212405863814,-9.623910708515936,-5.3403672108500455,-1.8087891671914986,-5.581071127448078,0.9670462425660175,3.6173669802261412,0.6781172138144276,-0.007938037196958646,5.721813877470114,3.4099548197110088,1.4212970051281506,-6.203717613198324,-5.132164230475337,-3.4316523648464785,-1.0551457622586864,2.0
50.89876474728925,36.34211265608939,-11.349787509452689,-21.652672919191346,7.1817052143913065,-5.969828921346814,15.982529652870587,-4.99656746923313,5.07653836957909,-6.668493535861513,6.980103848479991,2.8381290011126152,-1.098988657604243,1.2889694630744146,-3.000288657037395,-0.010675950328201594,-3.1965258094686764,1.874949521968677,1.7771118887258983,-6.750668080035818,-1.7556205180721625,5.647058278293821,-5.878772994924372,5.385005156323552,8.789107119340065,6.068258845610463,-1.9509393668433794,1.5449450519994152,-0.7390324594239513,3.367605762315201,-0.4604224985094098,1.245540145224824,-1.2545650834298174,-4.12284272513331,1.4019843939965582,-2.3101558266539337,-2.018523793683158,5.8257160290595635,1.4590926873265273,-3.600286848381605,-0.6254459183204389,-1.7796776686762994,-3.10077367973225,-0.7989959698507442,0.5538462882628906,1.0082995402785828,-1.6078859044574612,1.6992958666109486,3.982405648285639,0.30575437469217476,4.0
22.663299774577617,-43.77299442148508,-5.8207233836984695,1.801410605881645,-3.8156965969302994,-10.724371626732593,-9.583370021533955,-1.6337353016823406,-9.425492645909701,7.044332855686295,-2.5563367037235825,2.269089877284081,-0.621458123610516,0.9489595035273052,0.8045108907458765,8.055689672597648,8.015381138847907,1.5121853500506686,6.099760761610643,4.989249420595582,-4.273483824339577,-7.31193994399992,-3.821911865679185,-0.26382335423845443,0.8992902929496944,2.129097678028936,3.187587226641168,-1.7909931955366079,-0.05862315165609523,-4.370014080181251,0.15400009316499572,-0.6795348090094564,-1.4446672771027538,-0.20073718247605454,2.488114137457213,2.1085763227906877,0.7217706983523611,1.126467408247797,-0.10420954629201444,3.1505687511145655,1.8731660835219561,-1.638819903736456,-1.4359771677719915,0.213666631542904,-2.5308781987581908,-1.079513047481302,-0.589052374962529,2.1086980637677,-0.026941946104531923,3.071507025690027,3.0
68.77498000004037,-8.86813178227458,-6.315501196933851,6.438613984758042,-5.935715188823112,12.002090961050067,-0.041716858610813784,1.6745540035172013,-1.349593915049968,2.569317696256515,-2.685133447937584,-2.7488075394017484,7.57838467471796,1.4476161493967776,1.6785981268717074,1.3592024913849068,3.0240102730493104,8.181837818260599,7.430024677925536,0.5912331339207201,-0.5288591003406692,1.9579461502507696,6.428792227765721,3.475768913650336,9.392162710926446,0.5180940988442537,1.5938118980738163,2.22835311387298,1.0229514192181615,4.353824149438466,1.7775135654450498,4.9648140003299845,-0.19602445347949338,-0.3561724257590991,2.4301047707720898,0.9317453567467424,1.6283835794188535,-2.2457070047966874,-7.043648391293155,-1.186721477565223,-0.6770505356512122,-3.6451847444859067,-4.261851563065898,-0.28313500037314865,1.3487434087374388,-0.7133083798143608,1.9792413051845392,-0.8445965994962799,-0.2148205069394625,2.322438896437089,0.0
11.094653841883389,10.220000274513145,-33.8469700723849,-12.607406393359925,-13.500121608260633,12.045009497948115,3.5920660091036036,-10.74748038500119,-1.5085902885802092,-6.638664572311672,8.7950071156473,-3.2552954119228152,-24.73359945687596,9.930132719536022,9.405584161825868,0.2888685731613328,9.224518168312779,7.37223574462317,2.8936772418288177,4.934890241349543,1.2524521157439918,3.6791574630712347,-5.2923317869532305,-1.7177525164381413,-2.8725070455638417,-4.32629573417706,5.0063601800478414,1.4398772768307777,-7.333213645223463,-12.203513698169,-11.37383018542175,-5.805835939442084,-10.023618658886157,4.92661879691055,-7.298910608515949,2.2627172121518857,-1.8939167505002343,-11.179737829110756,-11.519812764999486,-3.801982979270499,-7.052698897731655,6.93915391947123,-1.4650034536124332,-2.6841031946645484,0.2113261189540979,3.4514503831448526,2.86490782259037,-3.2784633354273156,-1.5112282591669195,5.643931400504369,5.0
-31.61562457076759,89.87317463304889,8.681077789494413,7.525547257734095,-12.179327520303989,1.721524847749924,0.5679706751018971,10.879622849285274,0.40342440809231594,-0.926828607294519,-1.7924785411953819,-14.282724567867817,10.062135218939396,8.183028389714458,-2.505915767162176,-2.3387096204763362,11.023560558733385,-3.90018180102349,2.02411480050169,11.700176917693353,13.86752519947914,-10.832803322319362,1.6887565083413105,-6.20220772897385,3.400109468499391,-3.896879891860595,4.749191245348498,-2.9893094162589797,2.534957927007793,4.415604084172432,0.23295292129645315,1.6882331537063384,7.0021316631091235,5.848198195554455,0.7071456013608872,-1.5064101525121798,3.0667754153043947,5.061450730114322,-4.341497118179859,5.290987541109614,1.405426015813976,3.2582867469699694,1.1221747784697422,-2.435055178603133,-4.087931670594512,1.3205084297295637,-3.908712774892202,-2.2106920759258806,-3.5629547332020923,-3.036275794760427,2.0
-1.240517918088053,3.618298562943737,0.3971013681185981,-1.482398111283344,-21.907209700834866,7.703337972796282,-1.7010963616272057,-6.3458827503512065,0.9674528262163734,-11.758251699550677,7.835737130156241,-14.870964890851344,-11.924756875538948,1.0718591779382314,-7.436429578423701,-5.6346124958655395,3.108386558375501,1.7446366521340857,-0.5090926641563274,-4.107027958955965,-2.6509784127877767,-6.597336491876185,5.179902625043665,11.531582574457303,0.11956871686977649,-2.6367633885884554,-3.6763030920400483,5.431884590479443,1.1385243461699077,-0.6188483637021834,4.175910572516127,1.656708310830887,12.534079000786427,0.27690380696960587,4.883184533992086,2.4621651137124823,6.311756754020781,-1.252300621158354,-0.26746896455657526,-5.19207770132591,-8.447923529243896,8.737818193688424,2.6981888811855277,6.181868180878894,-0.7780815741726663,0.8396521026065898,-1.0735484164278606,-4.785975225893623,-4.222935747070325,-5.970573253069219,3.0
-38.92381649730606,-35.48187553874586,-20.86331431497475,16.246795547486954,5.374261587141607,-4.591008333717467,8.705662344039,3.2269636928324275,12.470205873204002,5.823397307805135,0.4378830370020395,-8.270321867140657,-1.4927309552097758,2.476870609022291,7.78153501109139,-9.095811537755628,-10.161048881667515,-2.716330710668345,1.2785400116604213,1.2050002356501677,8.16568966134471,-0.6845787785385339,-2.6386923126218482,-3.224337295172436,4.0189284237986795,-1.500075161851693,-1.816475830626084,3.8123406020296597,-8.349051994879048,2.5492876441707213,2.8466308883523337,-3.8120045054946115,1.5215036292582285,1.2030827415140994,-2.9283719501443426,-1.7881144750740432,0.11339167723340443,1.8522881644822657,-4.055755412737022,-1.8312052443036089,-3.2942326081512685,-0.49140461897260845,6.7225708423778086,1.8127176118479438,-2.46887894748894,-3.785519264047269,-0.7700645220881933,3.703026336855804,-1.9378005356277963,-3.936381622577424,5.0
26.753945862545148,-22.914239387670218,19.781872792576554,16.053024240099038,-12.357681779777192,-3.05515346634515,-2.4609226395807307,4.891775057579621,8.844439125639598,9.427368131016229,-3.3732709010867925,-1.635194721707461,-0.4578061176356945,-1.7522212023763788,-1.562299152741985,-4.9889415325441755,5.094206648926043,-12.70588341458532,-1.181660789142522,1.2524393781359968,1.5621587791183873,-4.714163332024614,-0.5594807246632278,-1.6557113452056953,-7.997345587444916,5.595877977783974,4.432736112884269,-1.2177201212934636,3.4710676472841113,-3.6593501331647103,-5.615285702391701,-0.8428954513682493,-5.433033487960677,-3.2707234603825466,-2.075151625647114,-0.7888799324017824,-4.543985841103561,-0.28594950533150004,0.649514842912767,-3.513438890768509,-1.5063725875776603,-3.5193565064935006,1.5128224529065433,-1.7381687989902608,0.4339535813098596,-2.5924632401252645,2.0491313796773576,-2.1216472573407374,0.8431884440510902,-1.9938157136897312,2.0
-14.049068965233442,-9.577371417665338,18.94212199769852,-12.36346555970646,5.974994124597926,6.539045775863263,4.0575216404056755,-17.982460763518898,15.347856903578966,-0.37134588921973016,-13.390826938953687,-7.8499745379674835,-3.255429533803949,2.6477900490914053,-4.071820289486736,1.730183644038131,-1.5768841823726016,-5.193388560655147,5.6249962556172575,-7.539582695138482,-13.140160561947186,2.1812546456085746,12.152527443841633,4.093403270638001,-4.175133054403323,-0.3195543933372684,9.145444447472947,4.026081459085787,-3.537401379031139,-1.3704932003119306,-5.934977865146713,-0.8807632369452026,3.168428942022935,-1.1641107649805797,-5.128636875813888,9.127707100441542,-0.6157412550885735,0.4046930762762704,-0.47422711299594617,0.14440537288790217,-2.844100178290161,5.6475915486484025,-1.5503058282077575,-2.862642665478467,-1.9730410785003962,4.325522942014038,-3.6436406483771213,6.733041952362592,-0.13652578691431247,-1.0918506387615892,5.0
-21.896437136811215,-21.210784798635085,-19.749051094988225,6.578660270996685,18.308581667440684,-2.5116450034449227,16.512303354023338,8.262632911314286,-5.845067902277907,2.5165535141346145,2.1348168821838462,1.2499093814014017,11.661466402588575,-2.096576049881939,-4.970243644407903,-5.750328640863194,-4.652503675037385,-4.293506296402831,-3.019109988943854,-5.415628747958851,-4.31126276026873,3.8828652214315182,-0.9078301984690993,-2.2578373534661584,-3.78241558612992,-3.0391425662355043,1.2024175524909413,-1.333531350859508,3.6301490409961703,-1.5199414462099898,0.9012093005733098,-3.06391313671437,2.221350772166808,2.170467909568503,-2.5207003196566125,0.9782081437468024,-4.529514199787299,4.983921829237954,-5.262128451446206,1.62629234936521,2.339790306255356,4.4636895321769625,4.655624917735479,1.0675908157915666,2.131151617982623,-3.597515740577743,2.8830083208845414,-6.746429750361332,-3.2582195542859105,-3.4375832114923317,1.0
-49.2710628115934,33.84797027665986,-11.143253170195665,6.868537562658676,12.536479818323523,-18.702555880126344,-3.8836411610701482,8.297971189775728,-1.2033636854914684,7.158455195609915,3.2677037426332207,-6.842323695373978,6.936659111939517,-8.0335999456144,18.722948269405737,5.165579311592974,12.603098995404128,-3.342181775248779,-5.572128106301096,-4.436596746791605,2.6000388672804657,4.10323051630695,1.1658670458135882,1.5525115533878862,6.110974628794711,1.3743970730780792,-0.4069294088606916,0.03289543151858896,2.43698829866872,-0.3782932111658089,0.7646110926564299,2.377056308786268,4.0889126178884085,1.853284676382977,2.579570474634724,4.579717444687201,-2.2607285286589,4.2188719989558106,1.833646373961431,0.16156977433132624,3.4854950368171114,-0.19759247879761657,-1.8119474974186656,-1.3910360919062783,-3.1409467003360603,-0.6419350358899906,-6.191034332976961,-4.105361489278998,-1.4713368557227156,9.726570268678103,2.0
20.336797262815256,-27.643783502879202,8.69179262314666,28.909784677625275,0.7638332081666073,11.16185662438589,-0.7176414563485629,-13.14748958678143,-11.937445300746322,2.928283950650887,8.872768841442918,14.344165251845189,-4.5348842810673196,-4.520852738416211,5.970005733214504,10.394696326262734,-6.672385653367282,4.207045937609812,10.637665136348216,5.441419369780514,5.041756944131073,-5.5348117468881375,-2.8930572611954766,-3.729984628809647,-8.770738313652032,-2.6208225043481588,4.525985494706606,-5.1251958745554065,-3.853812912250518,1.428617185590431,3.4986349670951955,0.8070031389258273,-0.14484266286604544,0.8367354290284705,2.006064524015309,-1.5190855991278889,4.839486027355655,1.935042030810319,-0.05689203450409448,0.2961279430457871,1.5270204921810395,4.594875373068872,9.01899502253212,2.2536205563659975,0.23399464684348495,-4.188568633910814,1.915672856360511,-0.6178034145261937,2.1461521347235903,0.7728905735490629,4.0
-40.14874085164348,20.432183388100555,37.882987686631736,-15.223892113910503,9.075014348600591,1.582659162199289,-14.759079426767467,-1.126256696703379,1.6980278753155034,3.7412272136601237,-19.626331891653816,0.7738749673573644,1.4933955480423284,15.328719750113718,-0.4591102111940061,-4.974706050854999,-4.48218353441638,11.761312308139892,-1.1732695217754876,1.9055704781710936,15.268718224685117,-2.3039954904516806,-8.808450329480637,-6.548066502284031,-6.2907388430850535,-14.808918177127964,-3.3798298555046054,4.594820891600776,-1.4139262286623384,-3.5750343734547614,3.7526452879876917,5.937669491449865,-4.945855154055068,0.046981183396688934,-2.1729166712183168,4.83134559544827,-2.690660933362538,2.654476518923666,-6.057234753534068,2.0635151972590964,2.2972059750199403,2.0961675840730964,-4.192277709379429,3.327453172068824,-0.42540515495709447,6.435636265506793,-2.3825623685303605,-1.2818333888839,1.4648172289571944,1.4608057634654357,3.0
-13.513192440221047,-3.249756044700002,11.508421303486148,1.0905111633981528,-27.294033601185486,9.138847326186538,-1.8865230671205853,10.263945926423355,18.59624513515576,5.2638723307925535,-8.980636415313587,-2.0977018678266903,-3.6795368737200187,11.658973819295035,9.025524179250727,4.949939639748908,4.947342151869958,-4.773353969467554,-3.4654400700508377,-4.373108074066614,5.736204756292766,1.4581192327277137,-0.6253263701859242,9.499601942263618,-5.087652648216978,2.285959993350308,-7.796646458088588,2.998293701745604,-2.0650896228580495,0.36307716504877496,5.052176029165972,-4.551117829511726,-3.899764152120637,11.733919027458743,4.295560401866396,7.074186161970734,4.808881121063624,-5.68658695202948,4.454494539033638,-0.736877679416235,3.2106693650191835,6.514787954650863,3.4283155227227837,0.915582146507125,2.2160584924345383,-1.9157881239315486,1.5930611717568002,-1.0331567565053243,0.07785933212482961,0.6183650270482682,2.0
44.54875803524104,20.533074889125082,2.222808800403227,13.922088485975909,-20.31104894400844,10.478045887437249,21.684248530143893,0.18779574749965416,15.504444001815765,3.750970728300363,1.3321605181058396,-1.6341013599191767,4.686578682637102,-0.5212978183058284,8.953409586673109,-4.907099170449605,3.6556654636867743,3.6352453826015365,0.025881290185714428,-0.7699741330267869,1.1046243670555762,5.384423033928444,4.818526919675833,-0.04591786221382756,4.702426775123833,-1.7682597565435187,-7.694546948292648,4.389419272067563,2.620414351219799,-0.45851683924752484,2.487087237998611,-3.3346107087023444,-1.438037484927327,2.7809467438296718,0.17776371341020902,4.708919743452994,5.82545912640593,-0.8545133108371173,0.9838563680195116,-1.6179542793248551,-0.6996176825814892,-0.9292880664731435,-2.9239565684423328,0.7195429211448681,2.1319619508017897,2.5356518503516927,-3.771280568085501,5.037591033620949,0.39861087257194533,-1.9735220280470764,0.0
-13.511027955444574,-16.187310152238144,22.008145379682134,0.9868909507472445,-6.794291751136074,1.760069444117542,1.3074530689298651,-1.7289008457451605,20.383175823460896,5.314787718150957,-8.278347743062724,0.3927442656083295,2.0886172476331115,-13.749925499439167,-1.9588308584255882,0.05296183751488471,1.336934240938708,-4.817018645047199,3.086141312861536,-3.26050314769661,4.692031438752375,3.4208353191122867,-2.731185286225291,2.4676490334929504,-0.25242813054266416,7.194228987139753,2.6811122490791086,2.8770879031330368,4.798615206048885,0.767061141628795,-5.41490830565953,5.034890174878253,3.0121563985126,-2.455210318414354,-4.018901798909315,-1.1660556958837505,-1.2172781850687644,1.683079044834071,1.2610419745089418,-3.389062004908728,4.9575659113346795,-3.029505361953441,1.9984637218125894,2.7316650111596914,1.5651641381826775,-1.7745816069173772,3.179610701522682,1.2315157007600535,7.9592256285637495,-2.172397527040776,3.0
9.406648810217641,10.24721345312677,-3.502884447776301,-0.9799140919090161,-10.259719939996703,-9.132387929229829,-23.4577231172496,0.4403919304627991,5.798378961094437,9.660017461742381,-8.157131761140457,9.78049728165384,2.5749900831683337,0.376108791536166,-7.395949750790041,-9.634811261893335,-1.3722664546942427,1.0323570582515496,2.9240160732453417,-5.087080568453151,-13.956709763974812,-2.4297264885364442,-10.884200389572516,-6.723319045312915,-0.13397043630951083,2.81671480691175,-1.0376567101562957,-5.051894773100454,4.907416962008293,-0.3794445394952086,-6.804833438146621,3.9374527993287245,1.109241443194302,-2.0282913600795465,-0.8416802600274188,2.29408473010843,-2.994682938750471,2.570092764265923,2.578571352468209,2.8447157367286455,-0.650367366883785,0.8562834051323512,0.15793903932246858,0.7193700165932158,-0.1402161399817243,2.969620002432341,-4.248144481198414,0.13914015601516921,-1.3487346923498074,-2.7423699309668548,2.0
17.90038711421615,20.379696680671312,-9.652505492139783,9.712486410944223,9.036797846592584,-14.171680279944608,-4.77409397617387,-7.585095746929395,-6.993008783444664,8.756652073005938,-5.944957274702106,2.20189565973925,6.896133176596586,8.58889503362737,-11.801612769369797,0.7585464314296109,0.6968789451120327,10.437093476665332,-4.53362249735595,-2.8633718181428702,1.7272278580913412,8.852090282828659,-0.13607566502753574,5.881260010967803,-0.9616633739791917,2.074384097491803,-3.777733151106613,2.8034007198286415,-1.8776847209653373,0.23580092770155375,0.3596817948412973,5.662555799676998,3.6552768885699587,5.435231588934908,1.1420120866200445,-2.1211787045005943,-1.483505911131303,-2.539445008083789,1.9944198697472062,3.8436233253042005,-5.050227788247067,-1.6002587757909486,-3.3215408705534744,-0.9788376647686906,-0.939598956266733,6.865672575048196,1.3842099577862637,-1.4191186944916496,-2.2278663978831657,-0.4391288267420748,2.0
-38.19857947545798,39.93412184095491,9.570266254655396,-5.156731266285912,4.018024128968363,5.829672824625096,25.491009356988176,8.321344816144888,-4.416699618939129,-12.007692569191281,0.706936095878248,-14.05526799033385,-14.32273256848085,2.072537095457705,-24.804063880802502,-13.13829977799609,10.851034633536623,17.3762320722855,14.10847974651584,5.700238093747518,3.005321831902063,-0.6450782302115492,3.072887944426403,-15.855226973461855,-2.6676107605027495,-4.444657254776978,0.27043806625823563,-1.7706613689642519,4.682414822490935,2.3733155826429995,2.4597424730727946,5.4683735944840235,-8.67108022076518,-4.664365256571147,7.171639467475466,1.4484474832294483,-1.8900433047118992,5.001071405228892,-1.9911075136533583,-0.644151572503275,2.7499966201212747,-1.7607507180888973,3.3997017637384075,-4.134718414451383,-0.47763588891798375,0.7898031705114865,10.49562224443454,-2.3530884899579245,1.8439099870150186,-0.40312106155734945,2.0
17.74952250546713,-24.571536063408743,3.5176944162160466,2.779058450413057,-16.88792059996787,3.956093703643469,-0.9547834388747256,-2.371345749233104,14.219171991629453,-0.24062015050430652,2.417196758728942,3.6058880106177504,2.256607426873688,-2.1544239660313895,1.3155789416549455,-11.70973943850537,10.890897496445287,5.083022465847927,7.971966394920839,5.4618751903929255,-11.737338766762402,-2.4374585030921354,13.038797009802083,-1.8997520624573494,-9.734475182193698,-6.364009711130847,-0.6344254794717205,6.067190582537303,2.7751414570096933,-0.3162388805102343,-8.613929337967322,-0.39714559759241097,3.8831723484975385,8.575274448365066,-0.784468527520328,-1.9417446394477424,-8.28384083876647,0.015453509953392062,-2.622853994336726,7.272618771758297,3.7096716281456574,1.245367704598107,4.4799941858194465,0.10367885382151935,0.3908287890190523,-0.6467421992435352,-0.21206300269683911,-2.341332203980345,-3.929111916813142,1.2135084882742961,2.0
-17.023896711451556,-2.552057468869888,-16.69276438024575,-8.8840183192283,10.441552970277092,-4.66931173749664,7.618835103654057,-9.56810715324626,12.682000312790308,-0.815961688966467,-10.90377890008776,2.047488632434157,0.06890372270814892,-4.387291296694523,-0.5145619446329021,2.0985760176521975,-6.666370348737248,-9.28411435992868,8.754418766901194,3.696248650694908,-5.517802080668552,8.46581174441992,9.718642665002017,-1.130297340675631,0.3359907270705164,-4.717106271010283,-2.1540137246234203,-3.4523356476959184,-8.438104777493077,8.396498810405792,-10.800712982102722,-2.5506873664160055,1.8810658752997143,2.548035954890252,16.14552231179956,-5.219794224032713,-2.3108936397400894,5.6332961686297525,6.226533579058392,-2.141864559963515,-5.5392136454706975,7.39822113990978,-2.102032995982741,-4.11576220249643,8.553909586047611,7.081149371991269,-1.686396029975219,2.544374221069566,8.777014734866224,-1.5454840618011714,4.0
4.338683283762628,-27.271830262571118,-1.9087352958594808,1.8921551494857674,13.6605843757315,-10.447001339095833,17.024852501229745,4.628881192298897,-9.447423684139588,-3.077898367562687,-5.812025886985637,2.9208396563616805,-0.7752215668086697,1.6325305729848119,5.788485418557546,4.126003867712456,-0.21447682039339078,3.782308375680408,2.6606497949236383,3.373455549431179,-5.258251963874991,0.172118842936267,4.802966406212292,-2.8921968951017996,6.508540077656625,4.613041174099471,2.387372151276364,-3.6759551314062646,-1.9130421694194575,1.2581059228826459,-0.7209348269349589,6.346450645785316,9.416664465866491,3.129479389188038,-1.8105848342193949,-0.8087718291655686,4.939032615897558,-3.5415635866696458,1.884335019188381,-3.5751048405611425,-2.6299210195283833,5.188301076548719,3.1534370598373003,-4.198478026736618,1.6501302338357025,-1.6317239770599847,-2.070551454636264,0.738211281674358,0.21314523556686,-4.358573984954028,3.0
-51.6711822365079,10.995615636295067,-16.9856692259588,11.939758720314874,10.565876909534143,-14.179724345204482,-1.400832042447763,-5.121680477874831,5.871768560527063,20.45254557175675,-3.5301352873996357,0.6166822901125261,-22.11085052822258,6.625430045086752,-0.976037849312465,-2.076011890576164,-3.113333078491775,-1.787898944776989,5.672048132597538,0.13000250246993278,4.528150679290807,-1.1908959966380532,-1.2029169804689617,-6.539484077807085,-2.3599019323598025,0.4324376733549626,-0.3766396643016924,0.670882782198815,-1.2257977392773598,-2.578285911920949,3.7439370664387632,1.2253988845249606,3.0550874819809812,-0.7308497502047238,-0.8119963370526238,-0.28760671778834684,1.6953040268007833,-5.78719370872645,-1.8465207221430404,7.766261123481865,-3.0111636014478895,-2.811247290427355,0.4451843862910249,6.387832983256382,2.466425404435291,-4.690718681731053,1.5335964508291589,-2.5028830115804417,-0.4829498348407728,-4.930154228621194,5.0
-14.38490916594679,22.1459837898434,-31.687367703579216,-25.92877739602396,-25.016044127221296,19.54898544791085,0.23689653047457293,-3.6548900150798747,-26.172715931136004,29.427024816822666,7.505850092119016,-11.849520952407309,-7.5298196904520855,5.1590348422749175,-2.867701261021882,3.367658214987265,6.191160984603405,-9.501550395865625,13.544537855556829,-1.643725262222122,7.6704635538995145,6.4430565336357155,-0.1917335541219552,-3.187522957523949,-22.29448072192538,-3.736303949227185,-4.646055317503676,-1.2157305508285117,8.022487522780759,-12.757989271141168,-1.8175395866511292,9.452771394485875,-4.077991980553457,-4.084906746892394,-3.62826554773347,-4.447184235787707,-1.8056333200690484,2.053855800215228,-5.139616078026835,0.481543413912043,7.943411155556188,3.10189857651038,0.5835165889445011,-3.4503483567427358,2.1036188067999397,-5.940605789203239,-6.357500274942002,-0.8738947603139035,-1.5532276611298887,-0.2306075050138074,5.0
-6.769267057622746,-5.296704744990235,11.270410015364872,0.6965333053926409,1.7613731158696957,5.083512419887528,-0.05268652858961247,-17.412045988060886,7.799097954078999,-14.101692028566367,-4.931422977513391,0.5153527959457295,3.604059533554377,1.2174081485091228,-3.178812300230293,3.854175714172103,0.9958930117396944,-4.805316320223515,4.869607569136416,-8.710864439707784,-5.254711930068042,-0.9337036504517426,7.073219180331388,8.409520812985013,-5.699229004105206,3.3694999897771223,4.999346023468615,-1.5947846335503628,0.6977232552311128,-2.9476130117007924,-5.124622722766664,0.04531642354346732,5.067429293260084,-2.0223600923523732,3.015533397858035,0.5353507026461505,0.6616123451511328,-2.0850095258502805,6.101738541573363,0.12127290886128901,-1.124049650193426,-2.7232492541510065,-1.9508666207476681,-1.063311896689975,-1.8461729370465847,-0.2390326878759188,-5.511451325195136,-0.31153139030895777,-1.6243749835349097,-0.6254011358671964,3.0
-1.351305673248998,21.098639469458192,-31.15959468421198,-12.701979228791405,-13.191774933272097,20.15251028323123,13.66570824192368,5.414167822793276,-17.0050002216931,-5.81435262860738,1.249291442337545,4.76633394098075,-4.318931172502495,4.4278224888613575,-8.110117669006057,-4.415527275725138,-8.882733418301136,9.596205422569362,-19.117917322338243,1.8134551086089856,-4.109990507939759,-3.5561605114431267,6.686571336300558,-1.6309713037473992,8.57184242884132,5.858309348501933,1.9040752355858532,-2.085589618713368,-3.3500473286272046,0.9803267242415634,-13.980569875244775,0.3548410584226813,-0.7484451992972212,-5.1548673974900705,-0.4191986150575695,7.731691677115336,3.696530027795399,4.837523501627705,-3.2400119881951737,-11.005535329071952,-2.3397475995690007,2.8079776818669804,0.9798647268151288,3.5957133800933656,-7.653952861757448,4.859416414129399,7.116883848864415,-7.624577835203926,8.45105718853538,-0.9108463510979957,5.0
19.004232575082952,-11.469712238755116,15.412265176416017,1.572971775805013,-13.360142857341879,-1.1889836386975043,-16.673093240075566,7.3506881674030815,-10.141617099434148,-7.346573026103036,1.0568186509522508,-2.302433403456749,12.422483300261298,10.709959232380536,-4.383881509162975,3.4015800509089074,0.5137493856628106,6.271115171014833,-3.0592998209061806,-3.1394711670273825,3.0712436438735105,0.7116119581664113,-0.8736647142182089,2.539004085614947,2.7322829746908597,-1.6724688157833847,1.34993165262362,3.622147643309122,0.12511709977224447,3.957442426452822,1.799401000343926,-5.3703557073138395,1.3333326952659215,3.928798290566272,1.955313141112588,-5.179985859865515,0.8505923729074178,-2.2235447155539725,-0.3999064808862248,0.3917656734055419,-1.2029208912971838,0.01583159497559717,-2.2479615455310498,0.30385123984762613,-0.9006768499486056,-3.5421501671280113,1.437445249415132,0.34381611355280667,-1.5363005742842912,2.04109217993607,3.0
-0.565778555098965,7.889880929421854,-2.511947881200831,-30.681528477241265,5.467138631000531,4.5988112872850175,16.001507092504106,-14.62591310218039,1.7432143125740762,4.270614891775918,-16.443135126789546,-6.776513893818101,-4.014788806326184,-9.825243772165567,1.5030013044013526,0.32304461251885735,-1.1965454736150405,8.76857885493002,-17.89597926956274,8.727648543062035,-10.082590136368571,-0.33692795603595105,2.4775459136744264,3.0385846589907293,0.1434958438510446,-5.143335432806753,6.016197671018983,-8.021167022025224,-12.520050497635099,-2.888746395094248,3.9516587192679618,-0.6052228430430204,3.0582313021511913,4.739983194620254,-1.8388834695666536,9.220099833104987,-3.8504448341278796,2.6818301527217727,-5.593396379402066,-4.271900786778348,1.8910708714341578,2.873316238753684,-2.808436651937174,0.18828882910025058,-3.049197556979401,-0.5747115932839614,4.008173922044585,9.077739672758558,1.4304866100819082,-0.3790203494026416,5.0
-25.247048793874942,-13.518421115491854,10.705924914752186,-13.978543664672326,3.8098136205311235,19.022008124379543,26.13697827061655,-8.71379972119774,-12.587011338480993,8.08097456290715,-1.5339093605792977,-18.87758870599717,-8.549048773345755,-5.321969009258192,3.697519025265722,-11.98964043638972,-1.9655264672411081,17.571951369084218,-5.323808801574816,0.2331793746094319,-11.528175759394035,3.3103466452061916,-0.9443559421005651,-10.24800196575282,-4.4025820202171495,11.683857342992912,6.85176867206372,1.7373961473213435,0.049321737445729305,10.484149491429571,3.898832599416654,-4.203243932256218,-3.910553741130928,-10.101900594569289,-4.269734741422502,-6.194293857950078,5.5982264825536925,1.1359612889408104,-4.5585138787056785,3.245943405042368,-6.565721073045764,-6.226102917865139,4.2880544294511305,3.776920934721771,4.707283010168517,3.397648755265579,-3.0397764654649935,-4.506892922485384,-10.51273942569336,-0.6696888754050095,4.0
37.256141872897295,10.263321897336825,-21.519380039833482,18.96680521697826,56.23679088507522,71.4362663110772,-32.09268651051872,31.180447067347668,10.89002709862071,2.1760609962540953,-3.0281620554654167,-19.62747602218952,-9.526323095944925,-2.672127284070875,4.27595479606622,4.623723963467551,-5.503724021420094,-3.2022711929532908,-2.2463530857353717,5.16383294419332,-6.223014765858817,3.560595449573834,-0.9530055716925204,-0.9931814705576262,1.4003571143544469,0.6081413463256892,-1.913543395625311,1.5710018821826057,4.258381303745274,-1.1973153606989353,-2.78817256374362,1.1614376117125873,-2.1068340241390144,2.5195929216006134,0.06742956082352056,-1.5843871998087065,0.2604061893839188,0.5486853378139217,6.157709075889448,-3.1766631378250008,0.8959764949511406,-0.6164778860187566,-1.4589787655165838,0.24069263478730676,0.0825358613276784,-0.5657769693644635,-1.3946636772695564,-2.019913507525451,-2.665350146417519,-0.7016587138405673,0.0
-1.1431835461391318,40.46502794690354,-12.55471425233367,-14.326213831076975,-10.45293426867458,6.23937270716873,1.6505739668453558,-3.378056248679362,3.9342422052913304,27.122689932142258,-13.818097844553543,12.946991112383458,12.65788427775997,-6.6469086203419945,0.3546754374191235,-8.832451002365517,-1.6253861629663477,0.20096389123391764,-24.28216661770656,10.447511888102166,-10.533916248804651,-8.82739219987047,-2.942465988602859,-2.584328174356451,1.2444924373599489,5.408982977083295,-5.040727654889994,2.4279354879609274,-10.899521046789078,-14.361452866190298,3.621072575662779,4.050189968576579,-2.3964547635549542,5.5067316731221565,-1.8322285149481305,-6.077236308839408,0.152164288532051,-10.888910322237026,7.862404838691178,-2.5911323339550076,5.461435150674668,-1.494580121814194,0.37786365348852347,0.15543117442600957,-6.990514095509088,-4.2866222034318175,6.180411773051326,1.6103785654730132,-2.7381662734702945,3.161958048482292,5.0
-45.44346323001226,-28.33600634181738,-17.58027114939807,1.0251134747347372,11.513399918811933,9.253806063595396,21.785185540880935,8.772810362652057,-0.6736935466935065,1.8228159860002444,8.854928768213526,15.291232508429935,-0.10941418780020692,-0.7131058973437735,9.163455383711808,13.45234995455733,5.228999739178273,-1.260077765294052,-2.0236595287945986,-4.088550963691167,0.04501088929305247,4.364737736460688,4.005967800226,-7.318082161278892,-2.2248961680215404,0.962886241760883,9.5586058847156,-2.512687838788326,-1.672829866293878,5.542796660511377,-5.994225247220182,5.810814672242553,-5.137673948542075,1.6204606583719408,-3.6391558914915922,-2.8717908631263933,-5.45286831805217,5.531398168034793,3.1899392230225576,5.207703804871471,-2.737272086241388,6.453907266745072,-5.442453117239949,8.643273037155753,-0.3668198312232605,5.741952538410923,4.260764070473434,-2.1466084567955392,-6.39037154941056,2.7992757631946086,2.0
14.258307771476522,-35.87069639452756,-10.675280224763103,3.4366266379881973,3.735742071482582,-10.917047369590696,3.317263595341587,5.5297324169265964,-9.566528843430346,-14.958130287773509,-0.42050719507342676,6.986458734055783,1.4632986836217108,-5.214750746542956,1.5187548158610376,3.129657703157001,1.1519462241667058,8.48591162372079,6.561229737965303,4.814605720270594,6.826805715045872,-0.5490949233275962,0.4833027995447846,-2.5426783548393086,-5.146973865075197,-0.37657840102521667,5.77222459208707,-2.2225307508566146,6.112573594383965,1.3614541606379114,3.6702313867537697,-3.320403824831446,3.9771959393773693,1.2790266898021077,-0.1400611427552653,0.8502077727339895,2.0496789897569467,1.4628878922139654,5.441317416612701,-6.223713159972281,2.8267266199818164,0.8818270522277645,3.38575167126086,1.1538373928567456,1.9841386535513943,-0.5509508453178337,0.10582081197459567,-3.184682732929201,2.60251674781784,3.8353697217387155,2.0
-29.721362323213487,-3.6468215547844407,10.718266745804673,7.040979981240315,-4.6700907574292065,14.205678240631327,-1.164832093991884,-18.36940314482453,7.676581295073191,1.9527528408919477,5.461303690926092,1.7184605328856555,-8.758041804628203,3.1291346634516826,-3.8004568676830166,5.240636263680352,3.5561460760492376,-0.2989918686886217,2.258277650341962,-12.417556225921306,-5.710632810208208,3.5914207630188666,5.553833598836186,3.662125066567421,-10.707173499118632,2.2741680927470753,1.7558088374218979,1.6414860126208202,6.651720266902731,4.07900910539268,-4.415079214784875,0.14830041146361275,1.0230483630527,-3.9544855750488743,-5.122744415275357,1.5561036476868058,9.46267210617739,-0.22535840736595816,0.7342624362529514,3.5717235294638687,6.811625783727394,0.4958058285092245,5.71331937669393,1.5682266520753232,4.796956568458374,6.565563584109906,4.675864453650654,-6.225293165781296,-1.7882962021451505,-2.628975911224658,3.0
10.146190763418948,12.351938474692664,2.7582714995865665,-21.075254871509415,-5.667554701232932,7.606046687836405,7.944560914952815,0.25855052788153815,2.3904772661435887,2.5163406836371256,-21.99251838301394,7.117209431719316,7.0666867822357124,3.596994132893806,-3.460658045585907,2.029573646128765,-1.3311112934917817,4.174584539054088,-16.575316964030776,10.826950148977513,1.9790051644484037,-6.373422704202558,-1.7031899886849526,-4.960711325526837,7.138756118692807,8.094737115075468,12.80811189081371,3.9376360071873866,-4.201036987275556,-8.359093763647966,2.0837403135883554,10.628790108561587,2.6437621229339805,-1.5150309971704774,-5.958596593987659,1.7570502157347185,-3.2368247977644415,3.788925264097321,-1.0185039450293727,-2.760595615758955,-8.318933792960753,4.3083369661547435,12.474231758852849,-11.162040245347054,-2.7829490856156447,2.6641420894525787,1.4812633218571722,-2.205520842731989,-2.8599021342068123,-5.117107255156269,3.0
-53.64784248477525,-25.310313580872954,16.51669247262809,0.15944796740565698,0.8346538305707597,16.382720805341762,-0.2965614664940897,-6.597733705573218,3.1184553712278285,16.981997555472173,8.25816939295789,3.0475104073530264,-8.579704575018317,-18.477513329673492,1.780616472753467,5.57226160583589,-5.504134967866953,3.5086417404600554,0.7563522674494806,-12.817431923904012,4.762798288596258,-3.6651943821062107,-2.050235880107611,4.159375994591066,10.075849816968239,-0.9299035096786933,9.474931511890954,0.06625760627843671,3.0273678546128227,-2.7872809632631133,1.8600457518691413,-12.12953607941298,-6.227921939512591,-0.42452143460953934,-3.0417363561576596,1.5122542942649972,-6.0907930398018175,0.6241317874310357,5.255439505574962,5.7380321684683775,-0.1588228963825164,-7.512627658878293,0.369677000730219,7.001628429499582,-5.905659451663611,-2.6872667026507915,-1.1070023381609124,5.609898895846557,2.390535548320846,-0.4154464082005006,3.0
-8.084941188582645,-2.7789637051098417,-26.401921293286858,-21.134785394568162,-18.550055363876798,21.137106951873715,-11.781951558922861,-13.051755110391722,-3.7614781946269282,-9.566808621069544,2.159698452358325,2.782129549921826,4.301442037254426,-4.744390814952543,2.347661405926297,2.2410029193330545,-12.218643298460078,-5.0581531841967635,-24.641404272116926,4.400684388157721,14.816395022919568,1.1449052727095292,2.8948256009285243,-7.604999212884763,-0.5439564973148757,13.588972359567434,-2.0379380522558987,-2.57470712120606,-10.834004458085337,-8.886283892781389,-2.59271732027872,-2.8541030952589317,10.724813725087467,4.057522430108273,1.91091240920969,3.792968079336498,9.886285542513612,6.672722502730738,-6.142129641741885,-6.64284547787017,12.452652559142933,2.3704425067711012,-7.707649811707377,5.245060718269729,0.8949599855821646,3.3159912815333716,5.164024251645154,-4.9077287587750025,8.089568130098108,-12.762123416579879,5.0
-33.25000600032619,-3.902442356737808,-6.216072416130163,17.407540721118085,12.3974821124872,-10.312573572288207,11.007930303483123,9.01939882476448,-5.239057853448391,0.554600622112441,2.6688830708976243,-4.609132300276679,-0.943217758296864,3.069769211070194,-1.2642833021759945,2.6138348886871134,-1.2550975101340163,-4.1888345705566525,-3.748594293067851,-4.840891320844894,-3.8453910338723603,1.2103051888500036,-3.082975081617765,2.2573229661509915,-4.793663950683518,-3.325714390169483,-2.026497516480127,2.3226261240697688,-4.023809191069037,-5.008112694233823,-1.8701297160096997,4.666965812999331,2.2103998373748084,-3.4039541229319306,2.248081778612087,-0.12741565790538573,2.6991727523566063,-1.8879175246337967,-0.2719715670091322,2.432229229481065,0.08135089555162907,-1.2732746664787769,0.8345150148320671,-0.7622324041840667,1.4047800529172254,-3.3465937594840027,-0.0980119399554519,1.0675236997341668,-3.8549761625266377,-0.7850710915981811,2.0
26.752769958775012,1.3372706399972294,-6.697483611577072,-4.83783210203222,-23.78191650740584,8.875848241280886,0.2514262963014123,-3.071741363211382,-16.336743112272032,0.34754027260137804,-1.3932533393195679,-15.511472651573937,0.27060773172631836,1.8489760271276328,-5.2244788763859455,7.430960392724699,-2.601026207915494,-3.0893758407910585,-8.465561209253062,5.002613755112923,0.377107815114326,2.053642660468863,1.5413189114728278,-3.9657826549620623,-2.0158576181652106,2.447670873753926,3.2349754573027907,-4.743783960723095,-7.662212003260638,-7.057345594108893,3.5426784298150333,-0.9483601885889091,3.710856430862581,1.429977073271752,-0.5283495581200733,-1.9936280855991757,-2.998120102868314,-0.07153297024426086,2.2488862546957824,-2.4661590963770785,-1.2574907928963106,3.2515867062459707,1.1040988286592137,0.6048583026259206,3.6446807589612717,5.592623353017348,-1.1293603926694804,6.8868892497592995,2.00273929146784,0.4933247796837855,4.0
-43.161957558192114,34.83527311436789,-13.42030493116796,9.255525121022078,2.749351351992643,-6.826606775453189,-14.544197842440726,-10.279025709222216,2.3206700205472934,5.958410048845037,2.3017203237259043,2.597462799428871,-0.35808871178656804,-0.7987227263552363,5.550757997617995,7.881441622065969,9.94191371761512,-1.288850588942175,1.279783086449156,6.967904696275073,-4.1194573803974714,-7.515597122187621,-15.397494754531166,-3.9150087984888713,10.312526937144131,2.0121690819043976,0.715044912744321,3.5768811276213355,0.026641880132936526,-5.71196937481801,2.2584243637375323,4.0733465272760485,-2.6065210562823244,-4.233918293614237,5.9143429822738005,-7.068179248849826,2.0941586947304067,-5.8610211786531,2.543637607752106,0.4161608481890141,9.323114733764555,-1.8480059745711384,-0.6515504678862695,-1.5295277306278585,7.887331102826919,0.8992781883424942,0.5211182150707648,3.006476467192282,-0.16425977964352007,-2.4330509759356302,3.0
1.029108854671594,-10.10012930145204,-26.49516970864512,-1.2728532273423052,-20.183260080671925,-6.945562040538214,-1.4106570121893338,6.819061615213362,-7.6556980708628295,-6.125611749602858,2.979933192066126,-14.886155430330613,-11.27573988206862,5.9574519134792245,3.635327416951607,-1.4886555118042184,-6.5392339798043775,2.8724145927489713,-2.3351009527147264,-3.730023255553663,0.4500855213647633,3.0788796363983293,4.077488455721762,-3.4871059282956676,-3.1271645229767078,0.6841178210410932,-1.409673029784158,-3.841133418591916,-2.946375699493689,1.5802316051799705,6.767955030229248,7.4502633120088655,-0.0822986503105774,9.39242051896754,-5.039328496768887,3.861923161849608,-5.534634164568293,-4.517305034310979,7.305370442628617,3.112445861414119,0.616606252193454,-3.605257312650157,1.578390290172984,2.4473967676659516,-2.4141083291652046,1.6047763578803615,-0.5356653449278626,6.626014242902691,-0.08221957072432044,-1.3883368470094204,4.0
9.650024084717312,5.378595007169387,-5.1969308250481046,8.418500135430532,-24.657811023462724,-1.8389875094778134,-11.959120531813882,3.056634235755738,3.198150569568632,3.8788082972443814,-0.1629146320962811,-5.546105312302326,-7.141346586495964,-11.332536569650442,-3.5648258124787833,0.6723056191077095,-11.734171958675086,-5.4053796256054705,-3.5517052005758183,0.06607289911253712,7.025939608357738,4.521644709856356,-8.812508771786485,-2.538660178667143,4.143465019697706,3.3061579313372533,-5.474020873989966,-3.312213853698633,0.20950591607898378,5.463550069080576,2.1921386154166873,3.6459384322243147,10.790480486180327,5.8983368169745125,1.771719662671353,-7.784554976786185,-3.6821733588237913,4.707053070059365,-6.374174300964599,1.996044867126356,-3.9185278270272823,4.00774405661075,4.174956750621383,1.8318371167955962,2.8645419452055427,0.008683755805702232,1.6404220681134902,3.7876257199518464,-2.627057093790713,1.271855263155288,2.0
-2.4832209368151603,-30.505203686034434,30.35907939983988,-9.487870057467552,2.0480929049405137,-0.9610957538851023,-6.9972543047062015,-2.8447941507292227,-5.860035859198766,-1.697331911317185,0.1766371695750509,-6.5532410329241015,5.46900245414896,-12.027732628719395,-3.8234413774783613,-8.635663488778142,3.8718895190655216,2.2493535921362016,1.790992095141289,2.016256137642369,-4.40647520948053,3.711680121262875,3.6420165743536534,-1.306117046623364,4.284710506773978,-0.14040008424843034,1.0595402768089701,1.5787866514917674,-0.11966437548389006,-2.0260852166769645,2.1670469783417388,1.8650094913306439,0.06330608551160916,0.12216582060768595,-0.7181782520917418,-1.3126675589376442,-1.9269836462346228,7.419858807742504,2.016246426370751,2.002563019851136,0.5119022596447553,6.112426171889963,-1.3179774287665207,-1.7378450313080755,0.032990041896626784,-3.325654341299736,0.3588347533815094,-1.7092210367704797,1.2271433521112465,0.5593239124372239,2.0
5.350505098106161,-7.899025456604814,7.361056842300992,-25.655268940354613,-2.2790133891555637,4.76371117073363,-15.002296494231723,0.013384116983353633,-7.664127104095738,-5.633924621438212,-13.016821989351381,12.999787268705866,-1.6413019443798278,15.2498320850278,6.172435214618399,3.6856256648105763,-2.7120534856584158,-10.116986100388688,-7.437928520136455,-3.22544392669652,6.18580034300541,-7.368176499646714,-0.08679660568405632,3.637510919839254,7.830001458901963,7.881775064641113,1.95709335681507,-2.39433685183411,-1.5084251979237489,8.867579699055325,1.0228907282734996,-8.23216971437179,8.676288074628006,5.559447114242973,-3.0732438491288936,3.273374587353888,-4.066725738141011,-0.6994950676351939,-2.5233032428557602,-1.8205030059438698,9.006736955540186,0.6479762569621039,1.3049948184057787,-3.47718572206018,-2.373781634723527,3.8410611891816173,-6.550825139096474,-4.9959683313206265,-3.3608613356231585,4.26897165463902,5.0
16.107305381975433,93.89218318073289,5.024767880202098,-27.148627272208284,18.26812941055739,-24.316981926483937,-6.53550556911493,8.830414729688185,-0.2479546846071531,-3.918661832502281,26.01553328155016,-17.034965524991545,6.294804167436305,-1.3958279397539923,-3.4952921271021227,0.5738116746168419,6.092666270887996,-0.7063691107266603,1.1439595937114602,3.296246009249835,12.074410188454438,-5.622106219205029,1.162727555220548,-2.1315668156619627,-3.390953486179809,6.467417788279512,5.787443085224111,0.31528090054644065,-8.189044221956996,9.430176942475054,2.139403865335005,1.3735336746373255,6.279820412916978,2.834050225408579,5.118985541844523,-5.641216849036286,3.457776967913156,2.20944047675278,-6.58159877006524,-0.6546865315681492,0.22363763462654532,6.909292626852969,-1.9776640837314152,1.0997900591674845,-3.975552633470797,-1.5028794894909205,-3.029723813024715,3.4366084718062537,-3.211571236346466,-1.4075303508411379,1.0
17.455149240524104,0.04257361965133324,-24.501977073941674,1.6733582673180631,-6.870340394462761,-7.275111452109294,-2.2547931806866757,1.6643781976234586,0.9639729712286627,1.3222278858728465,-1.6053598848035224,3.787041551149941,-2.7527415671573463,5.8005040772422305,13.354698094499948,2.330378766185807,7.247873083478126,3.6226749499926068,-0.05290320844502488,-5.5934246916277734,-6.590987772119239,-4.862311042553525,-6.969649005613429,4.276659991297227,-0.8131084863670872,-2.968418527145267,-3.7383950563875996,-1.0046276034042847,1.8697493137012096,1.3391593969983469,-2.8392250604980145,4.1563482867362165,0.7385967374716197,-0.37238920347280424,-3.231597400527355,-2.7122647738223686,0.07448947886006098,5.791168614629602,3.691247844760939,4.909138445250245,0.6383656026470818,-1.5025822012222374,-0.2010223688641226,2.770372005569338,-1.7004120620663,-2.4387663042015353,1.0992684141192643,5.0916438084098345,1.2651387157772374,3.8407933720526057,5.0
-0.673263875949014,61.85744497669788,-13.696967507808973,14.318132780377674,-7.854860260431251,-14.864930274427586,-3.474401286310649,10.906536415705826,3.1709398327585525,-1.8884546243807003,-3.8342506221841908,-9.680560593907598,6.970992191718857,0.13071881251069023,1.2437985103126001,2.1600329977869714,6.845999967885049,-5.260355680431749,-3.938870362925555,-0.2546280766070742,0.8641355144285789,-7.081001100142153,0.9082961585310535,6.008365733419821,-3.472566070094527,3.7309122687609713,-0.9651315185855494,0.10611936349052933,-0.6515137249244586,-0.9972900716694536,1.7671826582259293,-3.9942401919833603,-2.203614897417927,-1.8887877036486227,1.1094719122430858,4.278386593683736,-0.7229466351664802,-0.8839105816053754,-1.8403803984546891,-1.915317228954318,2.3661789571960954,-0.746371326194308,-0.2420003210062309,-1.6898996632868677,0.06808610831135932,1.5294650475671583,-4.925779185427496,-0.0011039526145968047,0.2860537596050975,-0.6017978553252157,3.0
-25.640722266292432,-13.995996382539719,-12.413882018447541,-0.945774081350732,3.962660410601715,6.074266633072486,-14.95539740703991,-12.484763657498412,-2.6712805345803927,-2.089918812647123,10.211816272548496,11.955180747336337,-2.621085334039887,0.05270165512088581,0.6452641921972592,-9.08891578572077,-4.593931662121061,-9.167026902733683,0.7404006287699842,-0.253108045511964,-9.165950455365062,-5.510050390817856,-15.213003156914027,-13.912477586347334,-2.8318272864702174,6.960040364870545,-3.158907323210795,6.838947907224181,5.113252277973972,7.413396248776034,-0.2921758719418528,-3.506410735904546,-1.337461710732771,0.05021024062976087,0.09432991899023853,7.055663006420125,-1.3687035057109858,2.232454109926117,-6.904896874132367,-2.448243701699597,4.305331990508901,-2.264405405375857,3.5561770503690187,-6.909036639504316,-2.3133206005139533,6.009883720295351,-4.919221760571804,1.100373535779101,-4.367231742034169,-2.845747634309813,5.0
29.81858363831851,14.10714098185843,16.649472837942792,-27.342020597757852,-11.42222886517896,-14.223025528967154,8.399858037959639,28.057775363451817,32.31835535296959,13.798989370734617,28.622420520565623,-10.360625274659348,1.275708482467833,2.6446570253372874,1.8779565240600875,6.410982950408358,-14.469513001763183,-2.975321656119269,2.251638315820874,13.554620867014343,-0.6483163879453088,-0.3921914775847857,-3.5294279539373266,2.9804808325166205,-9.452236538821085,5.282701181144063,-0.550652700694245,-1.1271672048441137,0.7429108614260062,-1.6355384629365344,-0.3829679335961109,1.5067884765416095,-5.390383361265117,0.17142612836278617,-0.8816174779242028,2.9282887092925614,3.9462290116770142,-0.770819011801829,0.825972138702925,1.2046087256449844,2.881456930580084,0.11004466152764528,-0.11653001779436169,-2.701646496325362,2.670580792631333,-1.1509053444343924,-0.40486686801288996,-1.3853299006524706,-2.0421458415565734,1.0075358495278046,1.0
-13.370621392383685,-19.231555575286656,-12.007549925404884,10.587915544535655,2.186338131710177,-12.552276649746736,-0.9736923034457843,7.425270208011971,-15.03029314797955,5.309476718322146,-2.897774654699068,-7.278575482998485,2.5436996086769526,5.864765989354819,8.50219026833111,-2.4245491638422,-6.930196236051322,0.5064486171839517,-0.9621733689696562,3.946969392686264,-2.5524071970215587,-10.006630670865944,-7.544095269115938,-1.392887502789442,1.1059776333787497,-1.7757389186771007,-7.938670686808411,-2.38480139145508,-2.0895249848452297,-2.7621742988573397,-1.714247019556292,0.4283274574293079,0.04366409979463913,-3.660386910773197,2.181934190750545,1.9909585514369585,-2.7531359049677917,-4.8709120745588494,1.155630463758968,-2.07448693202179,-4.183793636187382,-2.618777333472572,0.964613683661478,-1.347794132645496,-0.6998061679313028,-3.006615190212997,2.3516902266880018,-2.234248697757508,2.1084165176595233,-3.3461751650284315,2.0
-33.911071340193324,-17.333119778873485,-21.201208171468718,9.370662202496543,-6.273631086224877,-1.602460123734248,-16.485338854183205,-2.2739032080911703,15.780634475270423,-5.232146450819384,8.367324582752893,1.1123916081641159,-5.38021600114429,2.931700399413229,5.540236441083005,-12.292744753992926,-8.89627246799668,-3.7365501524985243,-4.630565315380976,-1.3103210816903001,12.373535658767581,-2.6560064423889402,5.952453353651205,-3.921825726666678,8.758418196160216,-7.205725930156582,-1.303030459955112,2.728322520866149,-2.432139427891308,0.7632596847762799,0.3925958824042199,-9.164104957903241,1.1822480928244758,-4.0463668619881625,0.1881531401621715,-3.7312559561878014,0.21457209909013422,1.22635234481229,-1.811117078309524,5.232338065531861,2.315186804969171,3.902041238530977,1.193749019376506,-4.9065890551335345,-8.896070307062345,5.881529796995718,-0.5567553298515973,-0.46821236297655183,3.348749584912208,-8.010726275697063,5.0
16.354080987796063,5.362090804429535,20.384666422766024,15.703482519451748,5.532649239879964,-7.926239067080293,-0.8724074737585806,-2.4727474477620155,-5.752727965189034,-5.0124265509824495,1.0280706310448953,1.5902173881329313,4.288781823692527,4.675538125439712,-1.5484390293330084,-5.487524535223514,2.394725911723568,-0.8155648270289317,-2.785585189019726,2.8156391128329545,1.909330757531499,5.697191665947944,-2.689114373212459,-6.765122278514575,-1.7864001163580148,-0.08027593050786098,0.357780159891734,3.113006232313488,7.253686833343679,-2.609683679243829,-3.671368957321095,-4.793170246702659,-2.3913318772772914,0.3779831492484875,1.4612287238583506,0.11106200300462761,3.3138872381377737,0.45858173727967955,5.503931861257918,-0.7034659943586644,-1.1558917666719255,2.8402631645208176,-0.9550592847112399,-0.1353203812063633,-0.512756193233495,0.2415752466095138,-1.8217318429144689,2.205831802092957,-0.5296436652516066,0.5943387456664035,2.0
4.117900379488173,-40.02278143993306,16.02820720774631,7.240754334350428,-21.543463862060403,9.872259197464999,-4.795771077737174,0.5703478454400464,16.368753958276923,13.02635989432483,-3.3925961978704096,-12.988522930245827,7.200588994436575,-3.3476781557797577,-11.114195445718844,0.20989160562253548,6.1210322889721285,-2.354472945418506,-4.200879774104625,-0.4073475349703686,1.929318866248544,-4.102164988375979,-2.5839903032862392,3.5352278053176294,2.2478538920788034,8.374670944373403,12.636035122478333,2.521814182027486,0.45572575361997886,2.8250513301716533,3.8295678735918077,0.9639534232327944,-8.465805540067873,-8.982756303603347,8.437965459890176,2.00624382731721,1.5789803053632436,-4.189285968053384,7.998432428660225,-3.126890372332942,-0.8247575200455254,3.384581673586813,4.138869609259367,-0.5676113454966412,4.7460208733541664,-2.4106682269755186,1.9163261466765367,-1.9456577625274492,-2.4114403977206873,2.3327825398663613,2.0
1.4679318366472833,8.26362411585715,26.413077919733105,-28.686534470910924,7.683168615896853,-9.70086683271841,9.21963892423327,10.437828656512274,10.926656372391319,-0.04543173575141416,34.60040720784438,-8.706054778601969,-6.228269959141472,5.619186412507269,5.289680224821853,8.967492718078747,-12.8468167007998,6.924544345236525,-0.4879248744738639,6.175988770921293,-6.2719875430618535,3.4787631756127158,-1.705141019800504,5.662331912736136,-4.269637201275824,1.6297896536894014,0.2861058875292151,0.10068539170190886,5.581437912096474,-1.7877824240136355,0.7438210902553047,-1.4494695654384882,0.8153470505180453,-0.6349877080936033,1.2473337028614315,0.30453617077278716,-0.43801025220364503,-3.5070014762267636,-1.4612991856522983,-0.8035989211920409,4.358042954055636,-2.38967173204631,2.463029953764425,-3.382064603207932,-1.1122276211273916,-1.3601104977888216,4.701251870802645,-1.0258665451094082,0.2340061171947412,-1.4085352043346981,2.0
-10.763212784313751,-13.465513545423544,-11.666532949836553,-3.557665404892156,22.801302494599728,-17.501016086865416,3.2254711499924675,-18.07458012937207,2.833575121587394,34.30038381068763,-18.482825111532676,1.9859901144511147,-15.016519053130008,12.461219621935573,-18.64346196002082,-10.26575668543704,-1.0795952365413823,0.022494527753393067,4.50767955531653,4.719617190729305,8.807358007705771,5.046732842355924,3.632776867145154,15.213904041874288,-4.7981161975399536,10.24834586148114,-14.714588400694533,-3.3159734908077687,-5.873895862564654,8.957567393942547,-1.3700083452964436,-5.861157339932929,4.091408908597066,13.164013996594509,5.6132516508455845,3.280171279175121,0.08749575581323234,-2.762560970776543,2.247980270172682,-6.722165340463715,6.492268626699309,-1.353401589673725,-1.613882545553807,-2.2073028623928406,-3.942379350780364,-2.5402004462155707,-5.011172544833861,3.8197110539901478,-5.106104826787399,1.0065269912891055,0.0
-48.80440535323632,63.66399062979386,2.329536757699875,-4.024305749446939,-8.311949636739316,7.844310372266546,1.7362287565868013,8.896700018234062,8.697162967563475,12.34824236475711,4.584945438504302,-1.3121221298092849,7.598953662314689,-2.9996300252700867,-5.817105489743224,3.2675607404934754,26.461475843242628,-4.776705318481044,0.005238394854588767,7.380290624332088,1.9422944109152886,-11.833795958052084,9.646306087169135,-1.4664298763992099,7.676337731442629,1.2195980568420746,3.9659078335192546,-8.25693913870815,4.340147416430363,2.4980245250420774,-6.240760594146931,1.0801546797609491,-1.3637974656267837,1.0030410289970662,-0.37907732591420007,-1.6728713912906514,1.0195732725506947,2.184975866847942,-6.323332542119196,-4.082289521152678,-5.10999517293534,4.1425814195806945,-3.1483575735666913,8.351875262388324,-1.4769751471817973,-4.044916609354746,-6.191158882665257,3.6152896020495806,1.4576228624876713,3.71096192524691,2.0
44.48570201906935,7.780569006881623,-18.175429944294255,11.300706084652271,65.27243954847613,62.39694868890349,-30.2581115938731,28.546695202678098,10.116097104657639,-7.551746710835455,-6.615603778614291,-17.203919140837467,-8.30382720302509,-3.848437762257422,-0.8029671560924362,3.4791492477618315,-1.2236394289580386,0.5171669580812427,-1.4769785621490241,3.232213018360337,-3.6184789212420614,2.211981768279396,0.7825170468116487,-0.8298237561128073,-1.2398523178734768,1.1455158625678394,-1.1286621854557612,3.2581728934547947,4.592237626181332,-1.9536161911763343,-1.4109216317127993,0.6210218574215594,-2.2578884610186765,0.46672516781800777,-0.018568165508641665,-0.2372523726594605,-1.09349550355293,0.4261810235094532,1.662158599300675,-1.9709488570225966,0.39036970211794064,-0.4256089364032434,1.3724387030992466,0.8932932367894052,-0.4025331207485757,-1.2226052265968963,0.4460601139735945,-0.9986594271831721,0.7142966712488612,0.4436666466081795,0.0
-2.5782208938353635,-16.83363074721506,-25.073841230170448,-22.085539624060623,6.4662977546330564,-7.1291009346184895,-0.25293561268038706,-5.322305998956657,-18.082422119789854,6.80482046092882,2.147326711473587,-5.702103346829829,-1.8157182614017726,3.9502691504908367,3.1431438602198525,11.692308692264957,5.23066199370918,-5.50377014778841,3.053276535407483,2.0584198973967784,-4.057160307862469,17.266341697325462,0.13951496581071363,0.9498864371364397,2.8859007451259817,-6.462292266876028,8.103079816819717,5.421244143241068,3.1098673273461923,5.928300035154355,2.9616854882545973,-7.629874108541793,-0.9442239018579931,12.077055829767875,-6.629766184136013,-2.006835718675766,-8.24131297089137,2.4479143393750595,-0.481572442241178,-10.915924063659713,-1.1051499179907642,3.469640392959443,0.270736567945853,-4.2038740444398845,-7.6704843578375055,-3.1725396686056606,-2.2084012372308535,5.966259387925182,0.6877972494098651,-1.0246419144730574,5.0
-3.138869108785327,78.7517639940953,-11.160104386630163,21.475433504022327,-1.0295605234239718,12.601155671756679,3.3728451073469152,-6.963002858928268,4.224364630022581,-4.59499869474056,1.6286156721668246,2.0482853458075327,9.565181504334747,-11.614789762688217,8.974910344917918,4.858167706555456,7.336526092530928,10.133324792952747,9.458562971033398,13.969590252297786,2.886642125814617,-8.645412990992265,7.428015990989259,4.898235753132784,-2.755497720169923,0.2360649009784711,-0.49553333881690054,-0.5881335357408586,-0.7015756127972612,8.174703859835672,0.2595350115057851,0.9431116737945235,-0.8733230402268707,0.8082936037116824,5.084681026142544,-1.728040848352969,2.424375110024404,1.5018066476794447,-4.1640993006559714,-0.1087551733339321,4.119625094951395,4.780969700275275,-1.1748695734289856,-6.53347256171492,-0.9404560239968275,-3.1075852698954165,-3.2040021752230277,1.5409971553916801,1.9140733614664702,-1.3031096358188645,3.0
28.575939369645848,19.67517886417839,2.016789808995246,9.82375016650231,-17.764583926764566,-0.6130842446700979,12.661450755790822,15.607869762459703,16.764184306513858,3.261614297409241,-4.737253101136094,-1.510814400235723,0.8437922147765426,-0.29035874137188356,-6.031828516150249,-5.733581227362108,7.196749845341006,-10.54891935413391,-7.656655890123463,-7.507578471951629,-1.3426702424946837,-4.732289353241499,-4.658662382855812,3.665887145090271,-4.608475999350861,6.108316716968287,3.270319528118263,0.4736862789858808,-2.8793196030030517,-2.700143005644486,0.473510706237605,0.9648945413426678,-4.284190280512763,-2.55252244630833,1.171376699910841,-1.157081459975363,-0.8109863719014441,-5.644353050127602,-0.033060302521478055,-4.743254304515306,-0.8856153213721569,-0.20178067654865106,0.43987703760816665,-0.924398707860002,0.17003167914890563,0.5517759110206665,1.0751645197034063,-1.3306323601735142,-3.394940500555952,-0.07617343761223883,1.0
-74.85458908797763,7.656838871155782,6.369130027158988,-9.407204774133042,5.874062453047178,24.585046476913508,4.111967360035941,-14.5166093019067,12.351891698196223,4.182037958061241,14.394382795840754,0.07770387149438839,10.666852665298176,-5.059698964377675,-1.7048822405758788,-14.997742047862646,6.2855589522053,-6.341178225834492,4.436736593008124,-21.394693995860997,-7.338187890607433,2.3226628216811043,10.336614825007734,2.047182059860902,-11.914262095356003,-6.226233995123898,11.21906086536417,0.90301253707885,-1.3695331688225825,-8.9551441252268,-7.6773749810520915,0.6153834621560423,3.014015893032755,-2.671944477197618,3.034556915113613,6.067101075559931,1.0738876526003043,0.054061805380331604,10.184248512566077,-0.20957607903316652,-3.9091390315579404,0.9809122198452161,-0.046652745689110625,-3.12390519294314,9.625413704234685,-7.082096325083787,-0.8317054764232696,6.331900216235045,-9.474733612012095,0.8127464195482433,4.0
-23.634330356224414,-30.483574862193596,-12.986712082419269,15.763351378251533,2.135471503179896,0.9829385442729573,0.6901080819679116,-23.061149812811205,19.848124280256762,-11.095203901722913,4.647062751500194,-1.9129833889392809,-8.39861254744987,7.327527163700009,3.7574453279268787,-3.848484498589926,3.153563451447017,-9.156349240225817,2.1617362651109624,8.810476291593856,-2.5187263506227753,-2.2036567734578827,0.9658698111678642,-2.1251716539463534,0.518416681905795,0.48852145815961734,5.408481717521863,7.079990022899706,-3.3045581682650327,-0.8873821401197286,-5.138381717446984,-7.388481489880135,-5.824380153637698,-1.5741729727597065,-0.845616289884744,-6.266729177458128,-7.25689433571028,-6.3111536713700405,-0.5106826516453673,1.1527773168545903,4.165619551284207,3.8043462320409263,0.16267522474009563,-1.636094834482805,-3.138556765757689,5.25455590666388,2.1940657668871673,-3.010638892755195,0.7385600755465553,-2.3990487312353124,5.0
9.768469151774703,-17.975806791485894,1.5076162526334078,0.44230498535290763,16.29691921420953,-25.55122359318652,-12.564732637118874,-0.3925903293914144,-2.940890816979221,-6.3618279630342665,-6.191184887253321,0.004160199869482682,-10.02084081680567,0.2564529560138053,-11.66419081637684,0.3989373120965105,6.2737193560807585,7.465324495296048,-0.9035503659681084,0.3616310488824181,11.43733005906229,-2.070876484750222,-5.383805151911689,4.669446887340506,0.8816568147549303,-0.011027953021568225,-3.330340470235231,-4.54102796785537,-5.788750170343586,-4.714408271780476,2.835940578034271,0.12580366186377284,7.653160193655798,-9.294779101487357,-3.09282885488403,1.0621012869444095,-2.3151766591105947,0.9243068901662279,-4.398492578691531,-3.3553772115455143,-0.2065385640487553,1.3022931887784777,-4.6919214607155935,-6.679528433209015,1.0035609108780286,-4.396836327348758,3.508245234514104,-2.304563586456994,-3.42602374655805,1.3894646553181518,2.0
22.561961260428912,-28.938165964629913,26.112562855831715,-12.165367224282708,-1.4439085417147086,-2.5489470457591947,-3.368927545796258,-1.1640076727767488,-3.056398499608109,-0.8298737292137026,-4.307002701975821,-5.36505119833895,4.6287498872273956,1.1515453902865955,-0.8799753297094461,4.9957389726797805,3.1911180748464134,-0.8664221014485176,2.1803989389428784,-2.6106061583715614,0.46384478583293476,0.01643408679387466,3.661060292130799,-7.173776840782969,7.505861876292268,0.06803700744186768,-2.918110561081061,-1.7586689157201951,3.0280616582960747,1.9770970167632504,3.6877466227676345,-3.2180493642264443,-0.5328262863104,1.7143326460242028,2.563046150649745,-6.606144595199153,-0.6275640677676474,-0.33425272040728315,-2.330707125774992,-0.3071463834220907,0.760196761740066,-1.8062771579479058,0.05183693224195416,-0.5367491402518093,2.044802861956433,1.206986903723243,0.7148196379900615,3.420065809245733,1.7867664136976746,-1.1696895100133402,2.0
-31.375301628416487,45.373196622103436,-28.67177360326632,10.760117882060559,-5.433319342296334,-9.732097823138893,-0.623699607507721,18.525234711710734,-7.0679391088816494,10.513715610212909,0.37338957644341914,-5.718080410550171,16.43936744822187,0.7197644492791814,11.085276678973571,6.12284815964652,3.482912468854942,-2.155682474689097,-3.8907148743211484,-1.8831171016293327,-9.507577026932436,-2.904301801794387,-2.291424109595946,1.6572157344780252,2.4742544437707177,-2.100129849004606,-0.8089986162736033,-1.4668219203926591,3.9356980354669573,5.401295031557511,2.5946254714004744,-4.748542246242478,-0.2705481614496324,-2.497459729546855,0.21272208103609433,2.757936322391775,0.12144836355509042,5.434670690085101,1.7328391293164502,4.164006889682119,1.6382824976590087,-0.03348800454876058,1.647937156514483,1.2838902572275754,0.20615683320140313,0.6857576598337168,-1.4625595990143576,-6.250987836862038,1.3404607556376122,-3.4014325920123083,3.0
-28.410508286769158,-32.0254820213901,-23.231152906607765,-8.473496800789642,26.09856777963497,-5.942990451870884,21.750830723812843,-8.687248862007497,7.66603298027967,4.796896339330572,-9.564161526462648,-9.695015357020617,16.655359474344117,-6.722736465194958,-8.07614292027908,-12.108473202864827,-12.002712712397372,-5.322416822886986,5.715424795434811,0.12025885183862262,2.900100009880235,-3.298860279250043,-2.7208286196573597,10.029679197714307,7.797006388971636,-10.241661632758712,-4.158623772203254,-12.693519263238963,-0.6296717563774982,7.241715139417142,8.579699975219233,-10.682844588340362,-9.208511434287908,1.0370990112562006,10.648331189879311,-3.241660447273209,3.32867196806758,1.0237097139405769,8.061763805986715,-0.7781995382451039,-9.023825749326258,-7.457201498252784,1.0722348317135793,-6.382305758494286,2.942651882868259,4.118624052776063,-9.42144366862369,-5.294272833410886,-7.121935813968947,-1.2776387348548788,5.0
23.19465284962307,-20.69702057253575,21.392667254073785,-2.291692044123324,-12.607139235669354,1.2538661100963802,-2.6970804911400226,16.02338866175678,-7.666050891819187,-8.024079443496158,-2.2736984988512337,-0.705141536312667,8.862167122038258,1.7437265700204951,-4.740342368733737,-2.0433195255525023,5.101462302111839,0.22172778756655484,2.2228017730108887,2.8380845677407818,-0.5282921442609412,-1.4808639577279281,-1.3201062837066142,4.0961600883202705,3.3177623049854383,1.2669434464090172,0.6747057846855324,2.3938035671897606,-0.5717033215996544,-1.5314032546122358,-1.2227117901425966,-3.8056563018666028,0.7774231927113373,1.880212873284938,3.9315879597366266,-2.7994168646571413,1.316010801495565,-0.6156844000236469,-1.0836530561151119,-1.471291820418325,1.1595243229178223,-3.0510637716364206,-3.9541470426451584,-0.002285149709538286,-1.0661598289272722,-1.4288929482375976,4.677912519604087,0.3870341766355112,1.4477245251786905,1.040341180623886,2.0
11.770530635309186,12.403850852666118,24.109081524205248,-15.263145083148382,1.4802999498009146,-9.594412972252345,7.551378625052303,9.624036677582344,5.573707452196259,-0.7620850963319803,2.4693112623120985,-2.766314244536288,-0.6761467618457648,-4.104706754272476,8.056719829159867,0.5788065326157876,-1.907494343247687,-0.782899290323366,-0.5889170859312269,-6.557593739313306,-2.342590562528242,-0.18072502350490804,-0.17282407571234523,-1.3872291245490886,2.1941987108768677,-0.575473037583474,-2.934056726858052,3.9934206803730716,0.7383377439770784,-0.6545465763394381,0.08617066058401124,-5.153144997896026,-6.435569705215036,5.02951785553488,3.1648264385840164,-2.042676217966616,6.648913197754536,-4.365672651831179,-0.8226532765778725,2.2121006825104192,-0.27717859690657604,-0.7622341048973721,-3.2407423573638345,-1.8471297888994085,1.5781086482827797,0.6329164037387527,0.6914868715218307,0.40607324084141455,2.104616842850358,2.113921887638424,5.0
62.92637615312484,0.4864320753212737,-5.558991791974493,12.614428536026821,-14.271304745391273,15.344618576198458,17.420818911778237,-6.846794134270999,12.775388485356222,3.037010039556173,-0.5431906262771631,3.7049007043046815,7.946162792879992,-0.7968545780214255,7.842068094389184,-5.861793120924899,0.43189544638626326,12.038823789816172,11.69305892965531,-0.7672429388529328,4.223691825679492,10.869253770756734,9.85048084631057,-2.662880303807234,11.369404686966378,1.264981516946064,3.885891520922932,0.914889856138101,-0.10550864427765279,3.1284206729178323,0.5827674761103244,9.01483653277175,-1.0696577355761347,-2.365904414893813,-4.2206221901219,5.447680228434699,0.6613198042379533,1.8321460642566314,-7.013357071185617,-4.8819252722412525,1.0628180891220924,-5.869615940064055,-9.224741485226804,-0.4145014424854346,-0.6807780610753814,-0.8893505447472683,-4.782387265461201,-4.91018075000773,-4.175471800777462,-3.4560084673691756,2.0
-27.84329271403634,-34.09218978823118,-1.4054345704764386,14.880547391726324,8.666208596994052,-11.024752149636267,3.8056340401040196,6.5802029366003,5.250148505382975,6.26105096280611,-4.233008490442864,-7.7397363724005555,0.9155101162014077,-1.5212201106794425,0.2743738356256572,0.43459171036052774,-2.1843731527186,-3.008944535122357,2.050686274587425,0.5524723436066863,2.792331018277188,-1.1524532472172984,0.8932754593538642,-0.9230869068389346,0.1762400346674104,-2.253829423082386,-1.2062055012952912,-1.2514389802063797,-2.9899149550561157,-5.606863382333048,-0.20232707581321865,1.1834433443309258,1.9933251537867673,-0.808140914579726,0.4833916386978218,4.987270916080183,2.103272528636551,2.397313168050036,-0.37280770672489233,0.23309638707286506,-3.637241581275535,1.6458593809706208,0.7826701092824326,-0.44063872882359034,-1.341780296599246,0.7192666907692895,-0.8832468612145379,3.112681929367963,4.128903277833659,-0.5187253434039616,4.0
-21.795160901866527,-12.40455217034184,18.620721127261945,5.380717359578941,10.709782165272086,-10.320289877923443,-10.494675958115314,0.7096510313562494,-3.9704188496585564,0.9522751783964207,-0.5388174015403887,0.17561434113432234,6.917763213723011,-16.517937057417647,-9.688924150324983,7.223655761275866,-2.3458208775807856,7.4860625297188035,-2.0174434482224783,-5.38666176553909,6.082910059661004,0.04361053052002232,-6.147938653122552,-5.417747030874409,-0.37639197617343445,-3.46004569416632,-3.2305689711092027,1.6206099491296306,2.2475218518148776,-4.496828059175671,-5.218229522973376,-1.987376331855013,3.0528592826010654,-0.2612017004154271,-1.6513769705310581,2.4328296525468693,-3.067899357891597,-2.633009056294854,2.300190887523325,2.2626931171478435,-2.1678779285713174,0.5389260635984165,-4.595030036991891,-2.504540289408091,-0.6014141275556896,2.5899223472874553,-2.701194278099845,2.063442268094542,4.618980520616543,-1.7208478498998552,1.0
1.7345341911759475,30.83359007512528,-24.459430299761177,-33.80206034266385,5.804505983797535,-12.049868496264244,-10.248774673241298,-3.7851913172909857,-0.7254934049409654,2.914719878290487,-2.5203889551647447,11.054337679082709,-7.865694928224312,-7.43371256587902,1.36054804028943,-6.479569472045155,10.791973628395915,-9.28065466091731,-10.023146054999325,1.8480475005215629,7.519765012486186,3.8829151653380665,-4.782539146350488,-0.13298673751032558,-2.814706059336005,-10.951461015245401,9.037940505536513,8.007936831575348,5.075540452351243,3.108765544586986,-3.938089948555018,2.7420885182490538,2.1374005758835484,0.34558102116724226,-2.316252834769781,-0.34485839275653923,5.390482257566572,-1.9307265282189758,7.736304658078187,-9.922037019859813,-3.7619015477456568,-12.979602500505663,1.5423746369179685,-1.4721977974578981,4.986939402186456,1.108079109117128,-7.253805423490507,-3.2817151152736543,-1.1883668625529016,-3.226398213593951,5.0
20.333599921331988,-36.53804076577823,0.6837128303093006,7.214116344825603,-6.391759363989504,-5.757641408842873,-0.1824003890827677,4.770292355079289,-14.343856715638353,9.134200451535426,-4.664605361144324,-7.130081837071428,4.428125681659449,2.830160393052693,-2.8275532142272004,6.103014506051443,-1.9488458790827066,0.9712696507002964,-0.6043426677605636,-0.13291906016196758,-3.7635865236320893,-10.093209123486284,2.6354572072129554,3.275922548723066,-2.889935991456879,2.232049210032431,2.9593415515296435,-0.05948815033753603,0.6415655010749367,-2.3021860298332495,-0.7137756010699112,-2.938798830464576,-0.8774418435429611,-2.7696248553103273,2.5844278930364157,0.9257679536943619,-0.3440145710640019,-1.4961320352852503,-0.7262234863580962,2.408852951757983,0.9727282750777607,0.5927230378140608,0.46459177086364745,2.517842507028561,1.6635086953635818,-0.9658528381460487,-1.967025311869235,0.7065955446680452,2.4103286714776577,1.3259422826810123,2.0
-16.81295499812005,16.844489525363826,-5.468567423257536,19.127161425294165,-6.492443821551466,-4.549183528596936,-12.936790595898918,-3.856986187257549,3.264806638303479,9.318977931976573,4.58867666413666,7.464163582154738,-5.288742688658234,-1.0055757338519398,-10.47198620696998,-3.739589818913009,-3.1721728192313714,8.47526809307831,0.4247061405455612,-3.6736193601003757,-4.970925584162529,2.6177850114080896,-6.123458863039334,-7.061131554446996,2.6229909957785424,2.8943743685350944,-5.383958389289925,2.8925600275165597,4.2371753973456,1.5387148667284005,-4.224542992499348,5.132125276456515,1.315921090911506,0.49480762125437333,-7.222185550447806,3.2844804889930264,-1.7722644884026406,-1.8128143377018058,-3.0045496514976437,4.021950927893523,-0.27754260854354074,0.37042077313383626,-0.5212080639464917,1.777255893474653,-0.9060688009493434,1.5852071412163986,-1.8435548406207054,2.1224392306183253,-4.704643903930239,0.1218710225341968,2.0
-40.4529657641681,-18.786163466296454,-33.150795135671125,2.08563126948839,16.968297345506056,-1.0830299035990478,11.9058197688225,-7.680540136495086,5.979198308052937,-6.04347100480329,-0.38987566810746843,-6.524592730921567,11.202536221595858,1.2418461738098323,-1.1094192160144771,-4.205546123098582,-7.4899247776537266,-5.825629152845105,2.769018441572387,2.532689022445266,9.43944415539103,3.503314486253305,-5.813591442876133,4.8497353836529875,4.25719136869643,-3.862006474789837,-2.77731596403923,-6.613033488554397,-1.8821451772527436,-5.000329011846087,-2.6612365684180284,2.7585046045946298,-7.724323130053803,0.16347896190872666,10.680016624911264,-4.773929879808891,10.523664204826368,-5.276735201487752,-1.047018246319049,0.04845246915705827,-9.052266748400962,2.024063929341744,-0.13860207218789414,2.0624805349848194,10.75509482653993,5.045944140365952,-2.9543998284008186,-9.431578456960342,-2.4727785634719464,1.7904190987822237,5.0
15.339850528328252,-17.924317647799494,13.088109809369923,13.463241065402423,0.37704649797051126,-3.9306007454775487,12.597189376959866,-0.4970813098595115,2.8839402997650416,-0.1583964134062499,-6.947018750564137,1.331413259631154,-5.80676138524374,-3.963757229336656,5.999646241498913,-1.0062583018561246,-1.2281944598871997,-9.936442987713201,-2.917923249982952,5.093772594379038,3.77407495852399,-1.4170230653628457,-1.647657073492362,-5.298474813930987,-3.763013159022078,0.16533658947883326,0.5498318966234697,-4.291524355228417,4.1361768163817425,-1.4949145108414947,1.6833275673729218,3.625046515751924,5.0492991939923835,0.7145631251130996,-3.5519027333718944,-1.1981373319390711,-2.775184920870096,1.4649722348056937,-2.640574137152841,-3.580613467804857,0.4179682963886049,-2.6063469543834814,-0.3975306994125193,-1.0137696258881455,1.4796475580877992,-0.32016593905819324,1.1215607719175547,-1.3658569131081764,1.9642117739382807,-1.0486798684641463,1.0
-31.696787780423335,-4.7370702113656,18.879763306087145,-4.545588108659166,-4.69942431201512,10.337736523420297,-14.43827623826286,-4.2670700708012275,-0.18572968965050315,-4.256493516999535,-6.794097704659014,0.6557822951687006,3.9284287921154837,9.353388554551076,7.517408025415917,0.21279153537639928,-13.035858530409724,-0.11297661286649534,0.7183510663790286,-10.022239936376183,12.314904728805578,-9.514357461649292,-5.650836033313674,6.90289078083493,5.59097236359985,0.7559781337311563,-1.3070454532212394,-4.860647228037828,-2.875050495177148,-8.531526260243977,1.3328389542179775,11.699063037084835,-8.763465261867918,-0.2602780082400355,2.8461414464419974,8.127352844870838,-4.002843532111669,6.311704068406463,0.4104114602468958,5.8836435010465244,-5.856023014913952,8.181893407359043,0.9758553796099366,-1.5011437795041476,5.65808526410558,6.586658503151291,-6.728361681236266,-3.104393904427318,1.454347807139691,-3.1853814753916327,5.0
-28.131798419785493,-13.972267551085869,3.981502473598366,5.075032570252977,-4.441635319183338,13.93526969266939,5.9341839884365735,-17.84136821874319,7.60677937850817,-3.873278901223895,9.98472136407088,-5.570275161348554,-10.718302638950156,5.591513878805018,-4.768993011953346,-0.028024482814902912,11.033025628884849,3.3635409708959396,0.5338983450983154,-8.038540909864015,-11.735918083503226,4.5721085716113254,9.014967998912432,3.871046088733062,-0.010604815961243302,0.723432412977018,4.605250375457503,2.936864664911805,2.9310491778887684,5.836825808379932,-5.911153854797378,-2.7714229396872745,0.5447386857129042,3.0978422394331577,0.039226787317186,0.8060372264440349,-2.2814319039308355,-6.2833992986430305,4.123448238525548,3.9600131652480726,0.8613580443576628,0.2710471538307794,6.877271454284096,-3.645502238374631,-4.866171401782489,0.781704630726823,-2.9165674463867197,0.5994005766753708,-0.328207576937231,-3.4790167959612175,4.0
-30.21953720791112,23.79495657958526,9.678502504092894,-13.301058751887282,0.07603256806320069,5.387291973202006,-8.492223546460675,-7.03455783059447,4.0022440620878665,3.291031232629404,-11.395297473555837,7.049904697294431,-3.347603745243903,12.915874038399187,-25.414918036186396,1.5183141071910031,3.6279935798640928,10.45139576374257,8.059363281478982,-4.210617108493639,8.637047215392947,-0.1266411626265498,7.320678158016676,5.577770241666874,-0.7489636797997923,-7.256483121958899,-0.10284265209050895,7.009378472674585,10.255327844634847,-0.22162786022267966,-6.483887961837933,2.340738560881144,-5.889502331983588,-5.336706320566669,-0.3487142425865682,-2.4312536683652675,6.094835437797726,4.436561718033015,2.1276880777859595,-0.7177290495942734,7.172485864761477,-5.536892431290222,2.211513920099339,-0.9660784982856627,-2.3559695609295996,2.6749739839422997,3.5803383993529168,-2.0716169965082707,2.386758894634416,-7.01373978669622,3.0
1.2038691418951337,-26.878247564091726,-8.496061814427176,7.122725636947834,13.036656760523377,-12.166031642187356,-11.566397303406326,-12.458933827716699,4.8242849120280145,-10.218544099263548,-4.740729251470356,6.198736355582052,1.372940968398757,7.612511485316188,0.22544339074867575,3.622146357450928,3.6724978709839933,0.05103643253111799,12.519589003624663,0.5237519563534404,-3.6740345990649916,-0.7080752471680133,-2.715168224382823,-3.727448246189458,-8.900703584670397,14.020342445798335,2.9425194207061036,-5.510490946278979,-5.339428021755829,-6.009204118418376,1.0822774998721398,3.694444212376988,1.2776863726669605,-1.0057476846873479,10.12347617755105,-0.9272628891624914,-3.8320173678875,-1.837143280515467,-1.412018911774362,6.247372224725501,-2.366703297449987,5.146094854418648,-1.7774031267068597,5.902659502881912,-0.8296253105002662,1.5576773354376872,-2.80670872993374,1.9609489961443247,3.164377971068148,-1.953263009330853,5.0
14.417750968970697,-1.0883815354574204,-22.625161744402444,-11.14643352738695,-0.8652370711274833,-7.830561602115398,-5.517081641371804,-12.144596422090057,18.55852268961143,10.121454417914846,-14.56366791721019,9.579140179338529,8.54478733186758,-2.58890542684814,13.742117317708082,2.6639787310474183,4.8050646933571395,2.0225370576665544,6.404388030315822,-3.9446304615048335,-6.430829612996467,8.174878821187745,-4.6010952393351845,-0.7379508916482508,-1.078517108943278,4.598252819151624,-0.005327670897304597,3.6561893756310733,7.555989588487478,-6.814041278923336,0.7747594832238327,5.8476501924675475,-2.133339667496468,3.8683858256651416,7.312181134352968,-0.6269435290758347,5.513999258199217,1.6592148968823233,-0.8997330658557163,5.124561794539307,3.3752513529015262,3.3659025655223243,-1.3713680172318852,4.099464597704034,-1.181153710796757,2.4963964437926434,-1.9340516357180966,2.6027517516900205,1.980648475791451,-5.49022725711487,5.0
-3.698549622363434,87.78514412384378,-11.866387384155535,13.006080687863157,-14.616801305748357,-1.5390988067122606,-4.224974074495108,-3.361658565494969,-6.75721745232583,-4.863638552071907,1.2438980244073545,-14.83493306673658,7.963622333913974,-4.314147342186338,-3.110924463573336,2.489434102174098,-0.931085375380804,2.8007286754258716,4.577574835825997,5.989408666481391,3.459700611983584,-10.591263485580312,9.275965171772432,-4.718149915824765,-0.8550881010921497,5.364186558176057,4.393460673539626,-1.7310881690600448,0.15713650161769205,1.8862742806092914,0.8669725789830418,-2.602296916458553,-1.4556414893767198,3.059372322092457,2.0747292849523054,2.6205075137743283,-0.26899041642616706,-1.2086188908068094,-0.6617608150273471,-1.7114882126991957,1.2204210531748068,3.125019436919256,1.5882774794809933,1.1622460401373025,0.2191726294470849,3.4431561691181063,-2.7626988098932332,0.6041084584808925,3.838483171504231,0.31602860696578566,3.0
-15.695639288273386,-8.066302657917374,-23.113042957651174,-0.09536387025553437,-7.976879987184402,-6.181159615343207,-7.40827042253366,3.062706499159316,-0.21813300460886173,5.587574762878553,4.201920099859528,6.4200840960476,-3.6621435693319806,0.8601612513570385,4.115028405575812,0.5390670297009205,0.22724570660483767,-5.992435201557776,-1.6388313018559266,4.523252006133812,-7.458414643552885,3.5170052198001094,-5.2570693012850676,-2.680140724622238,-0.7370331436539258,-6.77340148734886,1.426389234780622,1.5765274264420799,-1.456902975222141,-1.3942762636316466,-2.6330897343319277,6.87184547726044,-1.9157055327625232,6.131806978403381,9.566537078439744,1.2696068450994284,6.626282556941127,-1.6027083413062875,3.0435194521058757,0.4568982827659755,-4.083130744640835,1.5087941926154025,2.154419761581133,-3.1615255753813716,-2.902307740360997,5.289526665022821,2.7220852715730817,-1.1618247285496743,-1.2215948635644154,-3.552525989667694,5.0
-61.07393000932156,56.09865819631716,-26.556250913171073,10.66413396990597,11.580170707110897,-5.212378172015761,3.578208975048614,13.600637031458549,3.734384453146412,3.951301059608176,13.515225447138837,0.5230773367836775,0.5662939560696112,6.071394245770027,8.941877113962992,-8.712143527596833,22.924625725551323,8.979824772823896,3.895846121498522,-3.325278464596043,1.909974708542741,-10.624673743524399,3.512094731995611,-9.520504967813688,5.351796053689152,-4.603343361421691,3.7121392927712993,-4.693355143455776,6.667169412010801,10.108232649221062,-0.3721529418858379,6.499911170358184,-3.8918920844798826,5.392354679140269,-3.4761855122427825,2.9395686838323214,-12.726537290020813,6.215693029648543,4.414709452202142,-1.1245353798686462,-2.128061342232468,3.3641729450634457,-0.5308482159216267,2.4707040043136086,-0.8417034021927258,3.2504941668193084,7.278273231471457,5.546954675592657,2.951589913954148,2.7472018521058383,2.0
-14.672205746849736,-46.727332064665426,-15.02251246696097,-15.537306885386366,21.275179246420848,-3.8894363044194233,13.450996370113396,-1.1945587270534255,-4.083608891412075,9.78774228395111,-7.8561178696817064,-17.374107942259105,23.116837916698948,-3.590044173656729,-0.6276100981670075,-18.785659375641643,-8.33068668454439,-1.5834963645238564,0.08742389419921764,0.42898639759573504,4.719718421146744,-14.955034607305702,-3.106548144472682,5.268664574789621,-0.3777483625108809,-9.773974889421515,-0.27432463708789157,-10.832923001419026,0.5075830639687813,-1.3024520797365216,5.135820977867166,2.9101442699457833,0.9002807773665831,-7.576023335818087,-2.3769527776211676,-1.8450049177641126,1.9729806960120693,6.0856942574951525,-3.889235724387046,0.28681817471471793,-0.972101190544873,-0.5848227097758911,4.821818198982553,-2.6949702987336766,-1.63079224271218,0.2846896065485246,-4.552771508473333,-5.527074104485945,-2.423076338090971,2.0762681261327893,4.0
2.2996709651143092,16.64224746567825,2.1589349628945445,-1.3536536055851098,-24.78406294282487,8.783680595532607,5.775214060238215,0.32091288832410597,-7.433826999927391,-1.4265206084687732,-3.862697717671755,-16.442573158632374,-0.4671770866891944,1.4224365263541203,-0.8299614363212918,4.788455481539885,-6.537553139003852,3.45629261122637,-1.1656321007023698,-2.4931971525693983,-8.19481781746013,6.675056447904625,1.8357539607181066,2.3758619470103497,1.5599939842667154,-0.3617162535442093,0.846044360098919,0.4182630330005617,-1.2159266055237816,-1.2964915217738366,0.3053856144495552,0.11492210343327493,0.11569129150522388,1.4381843835242707,-2.733278841050696,-1.0656980171663089,-0.47417052837806156,2.305595332665205,-3.071179226953535,-0.9115273998847799,2.0113848165010566,-0.2705989357034038,-0.3630853208154392,-1.566521060662289,-1.0090244242928819,-0.36343850620985274,-0.6492229998138184,3.3758451892518555,-4.578344498051625,1.2573455169615637,2.0
5.237836185075746,-5.613617470194433,-17.92001322924555,-2.0901929764178373,-2.1045662746583753,0.6392286880168422,-4.464626538025303,-18.339540090619096,13.955634020640403,0.6424667496841413,-11.303050933509763,2.862419958072145,14.426703022890486,-1.3381741716626165,5.350266894461264,-4.995030493540376,-7.8484096367568785,9.361062604154444,17.52589001263052,-3.842183201506342,-10.225559645934132,11.088640577630784,-4.241963621237893,-3.2810570988260164,5.955544580189749,10.506509978394396,1.5163706746041279,0.452177314390801,0.9168441733220897,-1.8456179929858367,8.032995206515757,5.552771108430983,5.719217736660841,8.025411216319235,3.4084195704822613,-1.064785856396122,2.3505087918374477,3.7080920344432204,-0.910768811191497,-2.1050125851172155,5.395214801777382,-3.0953464180788894,-4.88520796204224,-2.832096636796796,-1.7228186751349752,-0.7472662708253688,5.249559139053117,-1.164473266933805,-2.056978461191708,-1.2874823529721422,5.0
3.8384706749723776,9.600033839970472,-22.38844591997991,-15.375664438246476,8.100839552798107,-9.563655245653257,-1.5605576311115212,-0.84787941542478,-3.768163641864612,-10.79952621377429,-1.6427840421047648,9.95635314557571,3.867313086701013,-0.6851253888836929,-3.8017625618365085,2.045929939594237,8.74772315608698,-5.278086133332484,-3.8991793323359434,-2.235746357392174,-13.1193619811172,0.5312285893377636,-6.800198273920842,2.9899597762366446,-0.788133531503219,-2.072079289224521,1.704798988862867,-4.691309032142031,-2.87623140225159,3.4731641190037936,1.4103628957636865,1.9605752249673283,4.481684818052675,2.0343332045566336,1.5395731109318518,2.1255112208486624,4.011074342193721,-2.6998460968775855,3.5686500054195798,-0.10345897606596902,4.180482971847107,1.098236854980472,-3.787120168490865,2.58696618260717,-2.0011235803224823,-1.3654387498189806,1.1957075970000939,-5.066582882492644,1.5570788546819085,3.157995403439545,5.0
-0.5692170641670199,-5.525938267639101,-36.521169659503514,-11.906087439664475,7.223100308852236,-3.2699537465246773,9.992268333645175,3.0453846783331504,-7.26601622452503,-10.518635578513006,-2.1195428431678565,13.817622057437289,2.323980749846168,7.21779953358182,12.30456135366415,4.957362009437931,3.6952930663555343,1.8676032052177842,4.064636551393938,-4.8710025952086875,-7.922843754238128,0.41319980967994646,-9.082601691727463,-4.852591115687748,2.561573263982245,-1.4111493723248187,5.339500331352447,1.1453396019562068,13.249285415816946,0.6660861436579801,4.415740364046723,-1.081331219617292,-4.077376523286721,-3.630271015063786,-5.054283846901631,-5.049031197503302,1.4989570165927035,1.883126228455789,4.699676005443044,1.387244226853376,2.8458384276390514,6.862094404831365,0.06407806182224435,3.884706444527649,-6.028826309322913,0.6088693752261113,0.845004324146078,0.1670837447669955,0.6159273509333583,-3.5691047504287883,4.0
-2.637311308644347,-37.32887819770607,-5.286582984916489,3.1912238964000146,11.72458997673477,-21.94835007887032,6.498745056717171,9.667835874056752,3.2375874220412832,-9.30855388054806,5.567255524462303,-5.070306379170438,-0.46832118058349353,-0.626105731158176,6.6720929689796895,2.8553869797730775,-2.3655584934962275,10.379213511245062,3.778705152414343,1.4076180636459112,2.8775534996434917,2.5980389608431516,8.235504720524899,-1.7591097179753732,1.1420558395859521,1.094568791831164,-0.032293942449708665,5.027157852329651,3.521249711850245,-0.1702678166784919,-0.4208523698086363,-2.902557421621539,-2.3195322525287616,3.278498652410025,2.03049586882322,0.8809680777468207,-1.5259744845328642,-1.2785285444062366,1.7063393570859573,-3.1707628394640275,2.1301029018623963,0.7007883754524441,-1.052552568053249,-0.36255778792671745,-0.40062525187549186,-3.0560070605413125,-1.2474335942440404,1.1877946352319824,4.719434997603331,-0.9373320170434052,2.0
7.720244125470731,-0.5864713974576028,18.36866812921725,28.762686616071054,-9.139215819882264,11.97046197370052,5.107775108587961,-13.615629332268686,-5.264253838401863,-10.346298371862584,6.124151973963471,-0.46857784857136714,-7.184668052378863,-7.744269589762117,9.239067270723393,9.53489183764676,-9.005999529042908,-8.196528108498752,2.1339329271992438,10.244025652200195,8.452905385566018,3.332240795599057,1.4971082962642674,-5.792426393241257,-6.003362055346657,-5.04316500252609,-6.263379819221918,-3.7107113197142163,-0.9137134089798647,-2.6451627300224168,1.6850357631246673,5.533775556337351,-2.4577185283152536,0.23558669442993196,0.06367424742585727,-5.982308636200003,1.313844135329043,1.3915992217380477,-1.886125927012499,-0.061523818823296154,1.2400795798141613,-0.5189909216058312,5.2448616670810635,2.288963248816138,2.0335875923567017,-1.754665260559131,4.208345703557757,0.0066287389673097595,1.338228388514375,-3.9286093949305276,4.0
50.486730353971936,-1.0032161570268148,-6.634427625802966,28.315386524035755,-13.26675835515749,26.633498017422884,5.2416868128181715,-6.552012000070619,10.542348916606274,26.696689771047247,6.269983684963264,11.91885811350374,12.836340261811102,1.457431410372029,8.044587697966096,-12.732430980661142,-10.292505719011807,9.396889351982674,9.136345930642646,-3.3197529804783112,1.874740416952988,10.300114318523326,8.580224301559669,-9.299821968865029,11.201642362854733,-2.2426053392957788,7.796039448586836,-3.7581067495980873,2.7317590467006707,-0.05896266610384897,-0.7265690268093427,1.8530659521275517,8.60143823162668,2.2518653738329797,0.368876709421708,3.209427257831945,-0.7045424065574073,-2.6489513671198783,-2.4638761703516905,-4.50275906918842,-3.362326965088853,-6.063217532401509,-7.773370386298585,-0.7445378251963661,-1.1037606982250494,3.255689848620095,-8.703105586464558,0.34633852972328505,4.337700537075408,0.8697681565194701,0.0
-9.475046572691026,12.284238508901092,-18.207329026757403,7.396320759089583,-1.6318904984429878,-3.2177588092002374,12.685936743065357,12.91228456167862,2.3345394740531638,-0.7315028857126388,-4.292876772264939,8.02077555323615,1.526618842278073,5.733649133546139,-2.221130292021336,-3.9335728647525072,-7.694441257047176,-0.6990595703966416,-1.1789332445884688,-5.591854617608449,-5.475320172434567,1.6499464319641908,0.6395402589752976,-4.303390699704267,5.077880931371914,0.10261712040128596,1.3966625755580642,3.0818692120220237,2.012177220219566,-1.3324778957604912,4.811150109735603,1.9199368705907147,-0.7839043302712052,2.2756400119435023,1.0188595845875625,-1.1469950506297923,-4.779323925394899,-0.7226640225812404,-3.153383822554557,1.681281112807508,0.10529801083984393,1.3315948204960604,-2.1594622953257256,-1.4585113374015397,0.9505563236287513,-2.089920260418585,0.12287078120001257,1.6822938899200048,1.4256351428213108,-0.9362631693783553,2.0
-36.30918112748538,14.221063916450563,13.947818330896828,-20.486101736076787,0.9480214896624789,13.877554308905662,-9.463194944220092,-13.370400685752168,8.427003893278526,-7.82264571636677,-10.751088018052942,0.9779622608649414,-0.6627072783315175,13.63793132760868,5.054992737859393,11.961923249697593,-7.423850311274267,-7.384504626285531,6.616108203200298,-11.695983442595582,12.25570591125592,-0.9638271910667984,3.5961053851796416,5.7663186554241594,4.224007047681593,-8.420879949727436,5.093434034007096,2.3291839037723565,-1.8499811357407747,7.358626642966935,-8.612858206288418,2.6539334826903276,4.251698174050603,0.11145847655169894,4.64282050354852,-0.05904656467352382,-5.3813136464932345,6.352974112482187,5.725150915901351,-1.9925825903478511,-2.4490455708825105,6.48108467095038,-0.700534448784242,-1.732523441666172,-5.986360644199576,-1.023125075324984,5.549344346319731,-1.5535181685558204,-1.059419227250182,-0.1983426094591186,4.0
-29.046136716025995,8.743637106819618,18.536027719656285,-15.094062162021888,-2.389828808191947,9.772522898165283,7.847855720855718,6.18496063140448,-9.227189814145758,-17.399149923594738,-7.1374910510813585,7.989741896111772,-3.146874948590752,2.3408884557871343,8.808595642802022,-8.77056790774538,-4.487447859152252,-2.2071210012648432,2.309260051850955,12.218901087227206,5.854355351104836,3.409336304167159,-7.801860271825958,4.320683779933498,4.309317357100306,1.031520530665303,5.950915563857364,-2.416954117565891,1.4797236700526144,2.598905284599295,-3.100669138485979,-0.7164542270539309,-4.566562049367081,-3.6399197537110926,4.635285066916956,-2.7183837262749933,-4.29015373514533,-0.7997515327879633,2.9320907695060816,2.044262327912645,1.3310000471915553,-0.38199132198533253,5.535264229490621,1.4074540385594194,-5.261754499687358,0.49648717678216886,1.597353451137981,-4.495154867214755,4.935893394674274,-11.954075666353846,4.0
-26.45263700868608,-15.598861677716235,10.707310780354751,13.283725685861748,12.905601701294326,-12.238577183859077,5.360179696074951,14.687844609001708,-4.951248036555595,-2.8596153593141644,2.9715066527925194,-0.7428639579771606,-8.746053818680984,-5.747836382398363,3.3039737391750887,1.2279022168195952,1.1765737515453076,-0.26712338602138036,-4.44157038494466,-3.9528001905772667,4.494407574954634,4.088844689413168,4.572752852577527,3.1131679329373156,-1.187706606004348,1.2251818497764828,5.249111392084622,-5.264635134718049,-1.2103746073068902,-1.3953852145698704,2.73597240499814,2.8519852190292228,8.436747049362074,-5.574076782472066,0.5899931253288027,-1.2214180971881783,-3.055639617824637,-0.01967909223199294,-0.4678817302124636,-5.690561133359817,1.8162179757233614,-0.7162757938642612,-3.210864963016684,-3.7681449730090333,1.1974686368057705,3.393681478855438,-0.12026892043372162,-2.2932166693797233,-0.14945269383840512,2.0179100855059984,1.0
-7.826613578708267,-19.240646674136386,17.554745468770324,0.33860731069086664,7.275063842607132,-6.415266956520502,-9.851679993135692,-13.692237800345975,1.545025834613011,-6.78978411531159,0.4280074997756948,5.103462599021804,-0.4266172833167708,-13.36343671464267,-7.7796109461132845,2.629213307047499,7.417437304265256,0.9780570179532495,-0.7859552595609018,7.169433662860264,-0.8936712438415897,6.683463324248648,-0.4800059208170585,-5.176390821976868,5.729256169589561,0.745704991557376,-0.7498824262077436,-0.5395375922689182,3.063614951763121,-3.888253930919008,3.1677681609715367,2.570780544101266,-3.5828211099022296,0.8823910540421068,-1.177098813525438,4.142074348489968,-4.197818168685216,1.9985910310808088,6.982373312127079,5.7126410250972715,-1.082712489429878,1.0907556508222638,2.389609301077169,1.1843872564258628,-8.747157431709878,-1.7546480723243754,-4.94947590729908,-1.407733172802198,-3.759163528456845,-2.6822754939706264,3.0
-66.80317106998655,27.245029241971096,-32.078791545977246,9.074352274215526,17.604548677805735,-6.531823363647811,-1.7219033955998528,-10.429821983464684,-7.029313859017137,10.638552132208886,4.665080119357295,-3.105772902301237,7.937613255048236,4.683846861809014,2.488039677527995,5.110100550756036,4.125744918965593,-7.010262468267564,4.657413384966253,11.423647518536967,7.304037303160436,-10.951357851204516,3.426207242895671,2.9796635068793123,4.0023288108106305,7.002418109072986,4.259489007926745,6.223780042079639,-1.8119259415697138,0.8913516523733855,-6.676611723033619,-3.2528375494168067,-2.9255622165590336,2.9080766822625335,-1.0786913297967982,-4.926423727205076,5.231205773733832,-2.0206149403126448,-3.3289372489314655,-2.8880818053946435,0.28815314816160437,-0.904581586962273,-0.7262979952172619,-1.9639312748931121,3.5330524899363436,-1.4775768433761909,-0.3016737445059893,-0.8408998230731782,-3.838175302002246,-3.301042137743052,4.0
4.373877186827819,-4.743578755937859,-15.687740709688553,-30.13770492604915,-28.106030401181,9.099112062803298,-23.783885627170957,2.100217358560161,-6.465384234924673,-11.682881371064177,12.543693925130855,-2.371910037271467,-4.717226696960503,-7.0472005368848505,2.3220337430136286,-17.475090428319977,-2.6592454154238596,0.11012248514324235,-8.60428298349082,-0.7510469648793917,0.2067674989735685,2.052179498703717,15.924816971381999,-3.4920241732801216,-3.9822692102107875,-9.036367944836485,0.9284400523580808,-2.947617650983757,-4.025169409185306,-5.85520121655921,7.705299159785299,-0.10891497870899196,4.140428437316392,4.358946197320626,3.9632959134656924,-7.08365825224333,-6.367290227845883,7.578920437575185,1.162849393216411,4.354863898731748,2.1746933243010402,-3.3447468190746537,-2.330558979264553,4.398800223984215,-0.055381335047083056,-8.123975415290982,2.715241235859907,-5.463202376483935,-3.9736871672916148,1.984061049692334,5.0
-13.751606379154707,7.3664142722681305,15.293339881410585,1.562730878848076,-8.003868455529132,1.6209719896192596,-2.4777045056009004,1.1138223339165911,-5.812130282923354,-5.366029326474189,0.3264706085406375,-2.7023271341136437,-1.0213437772526706,-4.047259838618087,-3.9533382023477834,2.0943913102971625,0.27678756967552653,-2.876573852076898,3.3087514613215787,0.7492590278691257,-6.02973464223701,0.32819910832561505,1.3535711477558567,3.3146546567732367,-1.132990136429614,-3.0104409614666907,3.6690747021200725,4.559657891577798,1.5354052287841617,-2.149193787372814,-11.475829179385657,3.251853905845445,0.6229219524714599,-3.872608597916988,-4.176913866091577,-3.491923205335393,-2.307317895445834,4.891604111229706,-1.2680269395080686,-1.3764766887450663,-2.151525339901972,0.610971587406951,-4.764008576957446,-4.033186197888301,-1.287123041576023,-1.9956492886984734,0.6158650985262583,0.23230847114579153,-2.43193731096896,3.0329094113792827,3.0
36.01764746666496,13.631417638954684,-10.928725373538823,13.21635507005932,-12.948944022680667,14.487521851221919,18.972565963792682,-2.677718568796985,4.041964284766282,7.906169673339312,2.844951930868619,4.817934425950943,3.3608790183663078,-0.4061773668676359,5.75890600047315,-2.746675568259924,0.39545671209727684,10.185426460543797,0.33335537078178273,-2.9628025643767777,-0.6754207521485507,1.1120510277133848,4.040235125848434,0.35495168361855756,9.23605397750661,-0.8040825020501225,-3.9261717150367157,5.515974953142942,-3.434437240287667,4.48543390536681,-0.6049705758212126,5.180142415329544,6.933219083781204,-1.034828005306286,-2.5095465965261883,0.7380637999852354,5.481143034306951,-0.3417527217159463,-4.227605012164176,-2.8161632371335186,-2.3175241209178004,-2.1927477413290246,-2.9126624767430154,-0.44760749052401677,-3.3644754353871376,-0.46291114284954,-2.4176008329398058,-0.708844944855866,-1.5448284211447543,-2.4463418877808274,5.0
-8.887759974895141,-17.404741571079303,0.7645868108257454,-5.269163351118374,-1.8832843506812358,-2.306116788311643,-12.094792045457506,-7.358021903889001,-6.443140496015237,-5.742195504046686,2.387674801973036,4.520147377381152,-2.532653317047316,-10.058038022053747,-2.997848912738472,6.9196719174428205,0.74314181506181,7.856890106230196,8.714635635823097,1.0509532716889973,-3.6730898152416103,2.228560778796688,-8.433929068013102,-1.8692891955043545,7.953314621919357,3.02966361105015,-3.265058618067684,0.005479660765931875,0.2037917391446161,-5.17367620013825,-4.520098663743918,-1.1682169905843471,3.4473944192170207,1.783575740431072,5.322312105783375,0.2167868020205021,-5.1517903968658265,0.6344882910926894,-0.3438281633329321,2.5741652717980084,-1.6344070108327118,-0.6286524871074408,-1.6390346762922336,-5.683637786668272,4.793035478218783,-2.3771151828962847,-0.8704193452683772,-1.8506578147993678,-0.5430635196040436,-0.6171062607372235,3.0
-33.39493728436153,4.5169464486044655,32.51314911928566,-16.923610755045797,-6.138376008669382,4.755248550309117,5.624333458663705,7.0668476717911,21.488198501601467,18.207402813487317,-6.972512613288884,-1.426665905517861,-3.638964284309109,-7.491532062421235,0.5578190900781654,-1.4757080304594254,-3.9069328670220433,1.0106267412516194,3.32429136623071,3.1472688618033278,-6.177984943516089,5.865274336265034,-2.7835498519180475,-2.0303092802418625,6.480986876488903,-3.4738909403708846,-0.6138085639609049,-4.871855706170728,6.211992391341994,-1.1877739239600977,4.848232933193318,0.18910894583670823,-8.865139689878923,-2.6243350880251777,0.34442511701512923,1.7884079020865722,1.080583838787471,1.5555667648326352,5.549106358803547,-3.0130458248664453,0.5160024949174805,1.9447115277629845,0.859100450532526,-3.5704284036261074,-2.167564158163753,1.5098141978745085,-1.6540302867401873,-1.5974638412761353,8.316649835634477,1.9662746305850445,1.0
22.82889607531907,-29.205421404036354,32.863967106562995,13.378554174299728,7.379795089115151,-4.836154744749492,-4.314178364386508,-6.848287231306112,-11.890461936645242,4.91757313763453,1.2814052845984931,3.2668223653611497,-7.22717177615961,-1.7080419808026457,0.006463089229780754,1.7766507494524015,3.1304971704790683,-12.490976379988993,-1.0353113199863642,6.54075602250382,2.8935245262094353,-10.120119754576749,0.3992013328640894,-2.649375377131516,-8.415158211212097,-2.1524155334187367,0.47844164096768194,-0.37256224132925875,-0.03688725696255837,-1.7413633748104544,-2.8300391072165736,0.590708073832254,-0.7423949192513304,-2.4942282739326194,-1.9312458913027128,-1.9790532549039308,1.126906985210348,2.7698312143011248,-1.251923754614211,0.5610207047563602,-1.4023051844578083,-1.8371749641858293,-4.361739530055017,-2.064027923450459,0.5274801371180975,-4.160515873237172,1.3042957290041575,0.6608104608964351,-1.7947759519197755,-1.673836525341121,2.0
34.85086100963869,-3.1768441059867203,16.011958365754552,19.749110478489566,-5.183667408708366,4.6614891991783765,-10.292159326639672,-12.425404751363388,-6.385501592837765,3.8417487026376387,-1.2322586993112978,-3.740633642975261,-2.135287514901232,-0.7680768212179357,11.561989990129039,5.877253600987351,-5.206274726385229,-3.907797331743138,4.426094198172315,7.771001021109976,-4.507026404537589,0.9394919369074085,8.801790754840988,4.328148572827866,6.531846180963601,-0.7864627752502467,-1.0596591006027865,0.4683000697513699,3.0413111026676223,-0.2622173782747644,-1.77803220810954,9.73528250008355,-4.188826518022201,-1.100222976672078,1.6468067296533815,-2.273513440661053,-0.7707218076690813,-0.38683992752159524,-4.212930685680108,-2.71200234311802,-1.0232412594002747,-4.088665395143957,-5.371330906469072,-1.3345060541033051,1.7435926988570798,2.2547089275925956,6.0613347751644255,-1.9399190952196823,-2.8163566308277166,-2.473550832384867,0.0
32.13315728615242,6.033749683447431,7.046644580037864,7.009262386747496,-0.3670140020785838,-4.0946433069568995,11.743014237856853,-3.7645989360298464,3.2798475479290397,-7.2689470825853935,-2.9471343596052133,1.4514952807184793,-1.6227214262783878,-3.1856477278515083,-0.5323848869363375,-1.4603899953547732,4.190151652623413,-7.131866147527196,-1.4534154461149862,-2.4103956442712966,-2.6796480338243254,-1.3364515470818852,-1.2301864457882166,2.2987295079822845,-1.4433261220313585,0.7976363375020584,-2.6658081085754577,-2.8903277042646596,-0.797198969707536,-0.7902941994302338,-0.46579467403784564,-0.004890995963828278,0.5445041438460919,0.3135332147781109,1.17880428799394,0.6494559205746776,-4.303730950256488,-2.933912622356046,-2.17554562989206,3.3390375745786054,4.082216463160146,-3.185859678719747,-1.0967894167012395,0.7398703083989184,-3.7152188136752393,2.038380892300328,1.0189085484181097,2.3660540143484305,-3.6803732549407635,-1.1676862417927176,4.0
21.713512222094582,17.48974876462469,-11.75245988266575,-26.53571509493667,-17.60759300664105,-4.228604574919592,-11.048930520169135,2.678012421571963,-9.850785531774429,11.02798208782841,-3.4203032306473258,-0.47653906095303855,-8.43288726488885,-3.92430964451727,1.3893660209743501,3.5516632352034954,-0.7047818420704908,-9.553494219030668,-0.31995885136551466,-0.8151705241462498,4.155317459735324,6.190199592942397,4.191006545806012,-6.819283746109361,-7.980715868364137,-3.018495942528961,-14.263815393443974,9.369168477850673,-5.5674984201140045,4.417207859712794,3.7217307332449914,8.375864521535492,5.796813490897757,-1.3600402532445715,-0.09870326668452867,-7.8550914517227355,-4.842465648104183,-3.4466655382240137,8.188835242556953,-2.0086208996260635,-1.8740533642829118,-2.265101452373815,-7.190012493714793,-3.363174137573801,-1.8549495497748527,3.7137438243831955,-4.715509082452933,-2.9224774047638085,3.6468956906926184,-4.178533950885457,5.0
15.8963437432502,1.5889540907545634,12.98595408710954,-8.242443892953451,-0.38952500211031754,0.14465539569891714,11.795914608013016,-6.65747838932622,-11.71831135009118,-4.45275657797565,-2.3134707733821886,-4.509210775990594,-6.2829825504256895,2.6806903400201305,5.651165821506848,-6.207332016191551,3.1781648782698277,-0.3168249460498865,-6.40971543383716,-0.844271569095366,-4.899919745573876,1.6598552343903086,1.3741071018952369,-2.5417253418050065,7.504612935447062,2.946014194693123,-4.392924192574972,0.9996286066079116,11.694387442508026,4.624471676987642,0.30762731392381143,3.3665608767704596,-4.281553785162333,3.7200105106183186,5.94127046717704,2.6582200860760485,3.6153796016539,0.6273570182389939,3.278958831324281,-0.08112003081033241,-0.39263540091392096,-2.889623193230336,-0.26548670713871764,-4.545948115348447,-0.5514909959811903,-4.2102307240196835,4.424332461561848,-0.9593410384180774,3.063317142952244,1.5483910971639667,5.0
-42.18633285882439,-24.161018601554336,-18.834124731231103,-17.807627129159616,7.578280158162898,20.179300128186437,0.887054225897457,-11.705330852611143,-12.302488508510113,6.389976136547768,14.08333648147157,-14.248924335217033,30.594407542672684,-5.071532715644307,-8.436586692625609,-16.14474483119373,-9.61501302220544,-7.121334083082653,-5.038745141937863,-17.87921650065269,9.411296318294646,0.6490613338704564,0.16133956603987154,5.379256871996731,-9.529527740815658,-9.61815536592039,-8.827339190752273,-12.36964023291677,12.529667903642629,0.8471529234824022,-3.4419802144836638,14.734009698507794,4.90848951893302,-0.49791722258004284,-2.967108237962578,-3.493223402972846,7.779494893230702,-6.131610846790076,-1.1797317600769683,-1.6044456342760836,16.594317224716622,-8.048109360177198,5.265688301437483,-7.280459819381208,-2.3726773000067194,3.1899470649985258,9.087286088389353,3.6465832477591427,8.01891987777863,-3.5692882620506503,5.0
49.46883796465369,3.0451800574239662,17.935988789155378,-1.5333549386006007,11.305585879884468,-10.519737624570183,-0.5540257414840984,-11.878712770101354,-10.597667015325513,8.890650669309927,13.085249688988064,-3.737486851053542,-0.994085906231744,3.2818002824887293,13.212765260359623,3.404420331742888,-4.780917982107321,-6.217632176741637,-4.185848767438142,-1.4595419478402656,-0.8172151749176041,-1.792550355296343,2.6769525928085818,6.142839990453381,6.872693338042688,1.9750998625977356,-4.979434053733389,3.3547102301463783,0.4384771253976609,0.7571566435095668,-2.774906016391431,-0.9420257762070904,-4.887669361175989,0.28237154831444056,2.8618105614355236,0.4447862410781112,-3.4024518109284454,1.9568441821791611,-0.11835411561339075,-0.0656635478076097,-1.6508016044612757,-1.7570975171599001,-0.5477490355551449,1.7572743155899033,0.16593519833215045,-0.8324141116329806,4.070816125421912,0.2993373400290309,-0.8248870486300255,-1.8359486065454436,0.0
32.56735593592726,-34.32296919844963,-3.47705187827836,2.3583603151350006,0.31760225326642955,-11.233930566350349,6.045230669075032,14.872400680531332,-3.3186555740524346,-6.36646825939348,-3.0941047159689345,-7.670626514107361,6.998110130002621,3.8476540564159127,-4.273712512025214,3.731257591018133,4.197619815902411,3.8920578917179096,-0.3826028051969933,-1.645945978848334,1.6174631633711634,-2.6439084106718873,12.577123025344775,4.127273158762093,0.3819693899937457,-0.293796246380454,0.019453658784154528,6.0844683316773684,-2.763547570894352,2.191741200607185,-1.7179737849544252,-0.8959231383556358,2.2835374580370034,-3.288614871216436,1.4284969438763115,-2.8636488111802993,-0.39406793096219034,4.623535147653298,-2.4032243141501297,2.267101796038815,2.403400469770239,-1.7528432893886006,-1.7469209376293435,1.4187203097526775,-1.2260405978244384,-3.2012295304293823,-1.9520250181405883,0.6453421633780421,1.7148347068637775,-3.13416879200542,2.0
53.89045329959674,-2.4024606399122153,5.9178840951505665,7.004118232782792,-1.9548256252458625,-1.746238766949594,-1.8114257755991865,-9.778165635979024,-11.409569368814347,0.17969367790022456,0.5078840040886861,-6.071669775349099,4.405458644005164,3.2581218070417273,1.9459792639674798,-0.23941945293398967,-0.2582704818480529,-2.645210494390525,3.733119075550034,-3.196373525939612,-3.6053917085440856,1.6173448222956697,6.5555923822808415,0.241486146763553,6.349088929335166,1.9761231498793839,0.528160397343685,2.691675227534303,-0.035106799864946615,1.1055523288715394,-3.5390448372778356,1.7387344937355513,-6.396773386753266,-0.6454326800525327,0.3992508617103677,1.7873079044587405,-3.1057889721934564,-1.7736554339737536,-2.757655776654279,-0.5717881780374817,-1.8347234585723047,0.523147243688111,-1.5581223101856128,2.013395939573125,2.254179371157577,3.8294614459309004,0.9898449735166439,-0.3599718726483586,-1.147252519474235,0.47489033469447345,0.0
82.46896339943038,-10.215540575708596,2.432263841561448,-13.66290091714963,14.640762622167887,-8.541285953938067,5.527460823001738,-7.840307797858381,-10.923811459316992,2.910103071868335,8.084929666417771,-4.341558595072098,4.710784537877644,-2.5342567193592154,3.298428566441389,-3.108592935156703,8.156348947722789,-3.7464377314130286,2.6332705727210763,-8.913948318058718,10.107350025056832,-0.5680515347251534,2.638674942616318,0.06543105899690191,6.715987003834276,3.4461735520710763,-2.262416853543395,3.2408937564673925,-7.743336516544093,3.918762619929853,0.4241300935667435,0.9595981428825484,-2.083623742477915,-0.04627514519147712,0.8154881851194588,1.9651055087411307,-3.372954920184956,1.1622247678873587,-4.363938066937367,3.601016812226127,1.303467030987866,-1.815487216360082,4.367216216013517,2.6579274813659914,-0.04830987712241042,-4.780633448121821,4.776347430717286,-2.215818725879155,-1.7195488076504017,-0.5185734039277677,0.0
-25.23295797061678,43.537798326519905,-11.370178583661376,6.891241533724194,-11.157740827945084,-15.133266754322706,-24.5925462068219,1.6539570374553796,-1.1759560950633825,-4.535398541930801,0.6815971699776703,-12.11685529199243,-6.661920826523928,0.23991255349834226,9.20154345717223,-2.2311064888791257,-1.9448372835251426,-9.1267955512857,0.10549741171492903,-1.6045795751833591,-4.075146539204946,-4.404298636580426,-9.544962307732346,-0.2150246367024396,-1.189724576755698,4.901717105099476,1.687209548538139,-2.414103684198895,-0.5697601718379443,8.498100320725463,1.6938522074722913,0.9645082316532902,0.6746622983291051,-2.2906281761105975,-0.4596384197886454,2.2218161673617143,3.5948098470051457,1.3198352506914977,0.2984597170745448,-0.3148174256819966,3.5660392599824386,-4.300561600431505,1.0288612644756991,1.9561033654787126,0.3011581434642624,-4.940949369371879,-0.9025226733499601,-0.2830874141426074,3.544556753316802,-3.6136044474185907,2.0
7.6049097377642925,8.6847949073194,-5.823543474727864,2.2746618995993413,-28.74068456930968,9.320067502052016,1.0369610606481392,4.172010085425415,3.879510403275095,11.47931043016925,-4.808174251980921,-4.1161463172196795,-0.060316766097390846,-8.41513677722051,-10.84189738062381,-4.310193555851425,-19.75104595422094,-1.9367892810471667,-0.9153450461834769,-9.526095166304728,-1.3970047006957438,2.1558188084961056,-6.1793569690149015,-7.715619528009123,0.5810428592773055,7.956656925087433,13.770688313364296,-3.586061745267503,1.0679914174171272,10.068740501893675,-5.7549678769417865,6.777784017360658,2.344860929424267,2.640630697710212,-0.3120337119304746,-8.241943038243257,5.810087306501906,2.0811070455217746,1.6995032288383671,-1.415081277482687,-0.33411370868990053,5.833418769639402,2.079782276450635,1.52441468132339,0.5874162078683167,-6.7388991103605385,1.2763219191456436,-1.3063597957901907,-3.074333359917732,4.390455881083844,5.0
-37.927901072786035,-3.51225058775817,24.72999526302497,-8.061206907070087,-8.755750674297644,15.714410034689575,-1.9560575370089561,-5.535542127735143,16.81270804667074,5.346578836021327,-9.918776765063914,-1.2580759708269724,9.866278517864453,9.398437119030335,8.442486520240859,2.436653242871638,4.553602970209811,0.009389489537239478,-3.8184679335026908,-3.990769783768365,7.715269586114707,2.093067067620549,-5.586523232181365,5.030973734512251,4.79122760352948,-5.2679237297047035,2.121710131678777,9.187313720262551,-2.8240526480970214,-4.188401984565984,-0.7224128563132821,1.3822828456137157,7.467330196311775,1.4424701414185486,0.5228364958866595,6.098975665078086,-1.6282285779779637,1.0950849380768377,6.2216008336725634,4.440227293731858,3.471989537383451,-0.2812783365121944,-1.780858819163833,-1.5143812406631916,-0.6275308243474851,-3.4844911365688023,-1.0335290950601799,0.7935138941119707,-0.9637334460890256,3.3159398819479295,5.0
-11.540818914907685,-2.763563837862779,-4.990965513399925,7.520689034151265,-8.164326039424719,-11.607537400361943,-16.018158917807405,8.142655928981343,9.773933717402489,9.531046232194859,-5.672767141466119,5.1482854750741724,3.3714657027837083,-4.33174083442141,-13.82812516350322,1.2744253167032342,-2.988130796772697,0.19016247911578368,-5.046014912200229,4.0955677224271,-0.5666606718616201,11.394591809223241,-4.0026955885324265,-5.471192527258197,4.050604534674642,-0.7936624136004274,5.988726784777338,-0.01569703265036869,-1.6313975640942482,4.715793655420928,0.0760558542771676,3.9356077019067777,-0.8984303399640887,1.9730954523862194,0.7730566598909476,3.608992836952356,-0.2596737586909606,0.3635951166789333,1.718256964823036,3.133060432258021,-1.3226455061692917,2.6635991432016635,0.4560896894887574,-2.9252853948812465,4.333329547903789,-4.2101346748933945,2.4859644046805647,-1.940926515546309,3.193943957949124,1.1506137582996183,2.0
-63.23770340434671,53.06046929749911,1.901129811071575,-14.333921773206004,7.2734110135352745,15.509610964558625,-6.50478047011689,2.6298608922154263,-20.17052695584565,11.25490044669723,6.146279297788562,10.391909669505464,17.621800496724095,-2.1978627021394717,2.298237469325234,-6.316742358777341,13.506038278359469,-5.026956132062228,25.59158994466743,-0.1465620383218288,-3.208156841328197,-7.234428492013324,-6.3830609605441,-9.799278227955636,-9.336906795491537,20.14889771988203,2.564634525238024,-4.036658543735054,-4.07861768465258,-9.60079800209538,9.636866784699167,-8.692127225206495,2.4974883048253638,3.8787329985284833,3.1206513207047095,-1.215412336524093,-0.9395771016464299,4.273122881156486,4.319626014155339,-13.38087861638911,-7.9084452507509315,-7.111599548518041,-2.4514701464795996,4.665399845418762,-6.045946694024773,1.6227214233881775,7.092120925167224,-2.9910895113250087,2.0653820209592935,4.392658924731552,4.0
33.06995668840829,11.215747803487496,-28.75347767576936,2.7319906700919945,-15.69893506332785,13.783836681074197,9.66504318872245,-6.02294942586151,-3.8837002132355933,-4.8381466604502315,1.297420170811259,-1.3325034152427626,-3.1824053092644764,12.43434600568434,-4.582582885775711,1.8583380218790302,-1.5457541976350486,-5.684129365179993,3.2132222671342214,-2.867960011421799,-9.329000376702437,2.541304691794656,-9.794150270666588,0.1824905463688014,0.8267191936154665,-0.38278313044222223,2.177600735911615,0.930872487804443,-2.3718273619708405,2.53412968241238,-0.034813523758445604,-7.001187867020585,5.094224406445139,-3.033925605819397,-0.8330941177066143,2.3641181836344174,2.95079182176314,6.177437466523089,1.0855662576270073,0.6179308624666541,3.339834937631125,2.5616075193445846,-4.216464597224597,1.711417956473526,-6.498939482742795,1.0700869407708287,-2.0482196719378556,2.370391513143608,7.648998818469875,2.801441418140273,5.0
-7.132856526469487,8.19280577417796,-1.8134772791618223,-4.113433410904541,-6.043857309473229,12.438846645657117,8.054954085635012,0.6570862922034363,0.00973119655249091,-2.519085482690037,-5.392458740185649,4.231461647225012,3.925826900905972,11.062020850203416,-9.324611348615544,10.485444925843188,-0.7007797258932763,-2.4511238585664743,-11.670934913340336,2.3805377620191606,-0.8234525173722456,-1.7466374922093935,4.569898112940744,-8.896121905043904,0.45094592344700274,-6.5015961906347135,-11.87594028363562,-5.825026876694233,-1.8332659887621792,12.264237733914523,-3.204588541703008,-6.406827856955019,2.3658695952727333,-2.6642977063254802,9.267980697833906,-2.4746371918715884,-3.201242286109551,-9.032734279097813,1.2856535663859865,1.245901101300379,-2.3520066895959926,-0.18852790332141814,-8.670659498744618,-0.3591800584962914,1.2657566217916538,-3.2509363788062595,-3.304803079310415,4.952783317673737,2.513548015364558,-1.821476091855089,4.0
-17.08517753312515,-22.83353728122767,-18.34803893132337,-8.237673965924184,-10.59480840068239,6.009249084894324,-2.893784478296337,-14.020026683683872,3.365046150981324,-8.858605007423618,2.2091926871908245,-7.793604409863371,-2.1750616465331873,-17.825146486849842,-5.964744513998774,13.508339931076456,-8.09155735704435,-7.102088650035967,7.7679997898066455,-2.533459056425861,10.880050669355493,-2.468362009846795,-11.647080708195233,-0.9760010518696316,2.2153304490935697,1.741597424393371,-2.4597361856040716,2.617407581170223,2.538315924798956,2.1815837542585266,-0.16246935419146488,0.36324656135391076,3.2394612477222338,3.9371244411772186,2.0861616337441506,-5.455939072274211,-4.020458502123348,3.4810338863395036,0.8330783248600764,4.627888403027201,-10.279153533380025,-2.119034072885348,-2.3822635593798065,5.8405885330645,-5.8234884277633965,6.495870049726333,6.9121454048681565,2.9364301222386895,-8.340121798896552,-2.3585428868038676,5.0
1.2838730036556154,40.089146925255505,19.817101343058578,-42.71935326982645,19.349865988658102,-15.269641170792093,8.474144521971054,3.427907507736441,35.57834960434177,10.207923133261195,37.69324590003079,-1.3659289611489378,-4.519038957728778,27.99386398668909,-10.566691318459036,12.905859086714544,-29.600675893731268,9.75039787402034,3.8632935872313325,20.84430369446051,3.839813712527107,-12.178515088634757,-2.3768800310988323,-5.065519421693512,2.53583594428071,-1.7356804847718714,1.3709784208860492,-0.3916295909424625,10.031634741255711,-7.606568005398081,-1.829809882258271,1.309659391625617,1.5648351674125474,-3.8290039663783326,0.520285863708386,4.1021360339697015,-3.4879054171806136,-0.9785559146899977,0.8194131454905753,3.8637279546007175,7.37297665036492,1.309496180350073,1.178864107678878,2.909643212782085,4.716822631147757,-1.31569047505738,-1.7348078510769536,0.6840331202655452,0.6487191875537089,8.207763566515704,3.0
19.25215412065547,10.134042459321721,-8.049963545491602,-16.922745254267536,10.980772389784999,-0.6330796838360794,5.023974965109672,-9.418317624789804,9.427648197684185,3.444853284417546,-9.89091578534812,21.770133286906372,-7.3428901627708045,-10.78297618644024,-10.205869568780077,-0.8726643208681982,6.231290807286452,9.464822184594402,-3.4778376758700977,2.554889396054057,6.259131645635163,-2.92192776411659,5.19878992199525,6.497874449341579,-5.9015499143227546,-6.370031689449246,2.4620881757605804,-1.4512621948041526,11.208412600970684,3.930989707249081,3.6622743450203354,0.6633234207916796,-1.0769185485028308,-0.14396184155058706,-1.0685459213308082,6.9139920732524836,6.739862540990517,-5.447414555629258,-2.042822472879644,-0.6232567840711813,1.0775378149391386,-0.04880421238315905,-1.1032219681563877,-0.03795575907220805,9.005022664653051,7.633507579519032,7.251985125754647,-2.809256600941243,9.262865864039004,-0.7637260301264467,5.0
2.0953370744876407,-16.61332951813205,-20.164151100434054,-14.892155939488507,-8.465801122606988,-16.203155244969356,-29.580496714394542,6.6843031970627,-6.068305550133182,-10.723287760300856,1.8493187173559098,-2.541158947712031,-5.442697848659462,8.89307385175162,2.6241979274003175,-3.384360118131535,4.415532267665955,9.386050009071402,5.274563620245276,-5.897918753953281,3.2214294971182795,5.161162236758144,-5.55016688562596,-6.533508241702866,-9.648274415641225,-0.7391282644400524,4.061404149438929,1.2566919234810698,1.6828721592141653,5.4860930053268495,-4.16198698260997,7.0936848425756835,-4.12687628313208,0.8378671752399569,-2.765803067062074,1.2134166952176795,-0.1885192404080583,4.884008458242112,1.8548566796033987,-5.108820757423944,3.475759263760067,-4.9096636120756925,-2.6032562288757592,3.6963961220936743,-1.5466923526875254,1.4974502411715989,3.666948323644382,4.9492010792101775,-1.002796471739029,-1.3236956198335044,3.0
16.77327414386427,8.070182757010258,25.27693771792107,-2.9805089014420907,11.334681461463122,-8.369559475699104,-3.848278846087942,9.610893911920042,-2.8029094864424056,-10.772233852034768,7.2544052146727545,2.879663618191877,5.3943347200621075,0.6396469987801935,-8.669755630697178,0.6783515013829889,3.3932718244471225,4.394639793363375,-2.846764478294651,-7.517431561372612,0.5554471216795487,1.9450461003824076,-2.0208849780904856,1.3659680962780834,-2.80599502892007,4.217162126679938,-1.3092139420438067,-3.969154534487364,-1.3404797814980807,0.5160234918430627,3.0604994582903458,1.0004355286266222,-3.6752764796701345,1.6287431092552296,2.0776192594699063,-6.32991490016991,1.4894456415540573,-0.48374830358115534,-1.2601183718783533,1.55264730245407,-3.5542723456392173,-0.5915597996279864,-3.112532005317,-0.882973033973732,-1.161145239033516,1.4569657905627338,-1.429370498827145,1.9682008904607975,1.7347533136776991,-0.8605889598491536,2.0
-1.0937052677054528,10.588789714572854,3.963264649352291,-8.198544548084078,-6.969073653764039,10.30467682362712,17.225644808976313,-6.004094534359393,-7.060835312504069,-7.2984693809634695,-4.913942722370127,0.16086293513997976,-7.052730293349079,-0.9902937042304446,0.6279310241844925,2.216106655329263,-2.327893712399001,5.543416891762719,-5.424450224081998,3.19373284726555,-8.209701997473767,-4.210366697666197,-4.7114254973814065,0.3127681573998256,1.4527638173224522,-0.6457534643572671,4.4747686985905855,-0.41625371952400747,-1.5462010686654484,-0.40361285100324334,-3.0660057702088976,0.36615357859054265,4.792410570115372,4.130551366101478,-0.6675822112774724,-2.1929678549058784,-1.875459218405995,5.017525301913677,-3.0510301018328803,-3.616927146158066,1.4066525540506374,0.8904276810730714,-2.9175366784532524,0.6628470652790149,1.8683643887644459,-0.9486061561538172,-1.4115693413414119,3.95421928454408,-1.463687128494663,-1.9134023189726397,2.0
31.999400574943632,0.22688911873168388,-5.49950998983557,-4.083045835154362,-12.68441082601159,-4.347307054753639,-5.700862157976421,8.462863857921837,5.036997806637517,-10.036817247694552,-3.982384022426533,3.8798586607802195,8.308976949071303,-1.2608502184010422,-8.063864176098178,7.70717927461745,11.288185824485337,0.48634380696782287,-3.8094704222077427,1.120248055100361,3.068396779486459,2.6913419053488754,-5.36823539603109,1.1326518166315909,-1.6794544125153987,-0.13864042314969802,3.4624573314252296,4.331030723650642,2.329044109112395,-0.0434448760826058,0.36102550886752277,-3.77956087787482,5.3956828226209534,-4.882878288120357,0.4364661629675368,4.264113529182726,-0.9395833940375078,2.273286368214708,5.046076589089428,-0.6406081391044924,-4.510625257876943,-3.5063233325857057,5.427590699142202,-1.286860095840039,-1.4424218989715674,3.964960936234439,3.399176585538385,-0.7551722875748635,4.021753533203983,2.213053410322753,3.0
-2.268111192639311,62.51533191073135,18.655371849239135,2.4408390972866654,0.747604256467921,-16.986564766855487,-13.825108197330128,-5.091505594134472,-8.57300499614198,0.6839087244127559,-2.245814469860368,-13.550511963924745,-4.767186957772821,-16.67162012512758,12.667588964415494,0.7591004199366108,5.48475657835923,-3.3763607054744713,-3.9894650827460776,4.968657791449392,3.3346590544587476,7.416940070991704,7.224762944459545,8.346677655292059,5.169910521266719,4.9404805088496,-3.9758261304419555,2.938395291346601,1.5977056864285466,-0.8776197871185366,0.40222392605487833,-0.0635226696541974,-3.752808705248153,0.5781440143939778,4.592893607540533,0.05373962672749044,3.3298498973033106,-2.082938626068524,-0.9477612415944093,2.9833725265219067,0.7913820887429623,4.383968090165544,5.371395223011101,-3.628661783165842,-4.5580634074623525,-2.708798116848311,-1.665523098943924,-2.518564558127688,1.1628504235030679,3.0928052328948903,2.0
11.830488936662393,-17.681503247580572,11.893639103251537,-23.411741319369096,-1.257171295590349,-7.989024264513241,-11.334804388319844,-0.639897491949679,19.29195379311695,-11.828988605284401,14.19179651538872,2.1107646564821057,13.169567582080472,3.8710555076647526,2.4231077990489376,-5.734239068614604,-12.522571753897665,5.241763916298572,12.279166958701051,8.891554883992852,-11.856280930529406,-5.273975495139389,16.596268219183056,-5.024226700711163,-9.202772310747063,-6.162991840587205,-3.9203225673310342,0.8167400946071437,2.0824084367139033,-3.022311479353142,-1.7552734569546176,-0.6276683354865251,3.486242780002032,5.831628034107909,0.7264796476984604,-0.4609539548432329,-5.209791355558909,1.6819948748711784,3.6310365725330627,1.477844380677681,-2.857977427461728,3.393729885933018,-2.7004443547749477,3.0079850521200746,3.8739275356138463,1.833953559012995,-1.1787126316892231,-2.654242747228773,-3.014810633843538,1.5180823102280958,5.0
-28.940357634705755,18.095329340464012,14.26804365851911,-2.7692211807199705,4.616690851619099,9.761842437232913,-4.411175198505804,-10.241721284185411,-4.553531032425286,-8.694841482984488,-7.591657773448904,-3.3140519694296735,8.132919872573098,-1.8063282888574683,1.9460483547528251,4.381409002712488,-5.3813520459905355,9.761482216174368,-8.576425904082475,4.0466305218837695,-9.01720465329774,1.4052956615429957,1.4910392114536308,5.729206699998041,-5.33264519642731,11.822417961526707,3.3955304924216794,15.108205800484663,-13.320567205823014,-3.4978425941527576,-0.7269726033051437,-5.240099735326889,6.885438370090961,-2.2585677528108556,-11.91210654175844,-1.0926590593759167,-3.0588277414307252,5.534253084941401,-0.10480164157005833,-5.187174036479583,1.458444382236766,-2.919236647143725,3.1039033122642867,5.226000513967049,9.115015412768866,3.1609028696950414,-2.231458538650843,12.074041871032142,-4.426053594110236,3.9505551690773113,3.0
8.716468479061346,-1.5153096075875907,5.721337969863646,19.720493389564343,-3.8070828846666034,2.8324228711769637,11.695451451663804,-5.224729577541295,-6.10122522464187,-4.3743638271445775,-1.6837658075334676,-0.4707291749660876,-9.144658139138716,1.0848493464719056,7.942025774461975,2.774434050907461,-10.597278906259353,-11.003429854715632,0.7118063893801567,6.696064015296485,-4.2446577275291775,-0.15651016240457616,5.938100459158643,-6.992744321351268,4.731105617192082,-2.7839952517436486,3.4296653255422385,-5.0807376061487535,6.197779743802065,-3.1230517336947354,-0.8123563205140969,0.32627888259546006,2.753231873634464,0.3828150002319598,-4.06640132510106,1.629327304585431,2.2303292453291372,2.453638730363316,1.8024903115543893,-0.8684599243657845,-0.47629344522189676,-3.7431971457679962,-4.301542049124316,-4.091741553889222,2.585953200998207,2.925907487030007,-0.14376503534014268,-2.4086053921108928,-1.0034870956534627,0.912981313388196,2.0
14.894658282122696,13.891884999447706,27.67535348554606,17.274928625121465,4.521350199968035,-4.444478839274221,-14.229017686878125,-5.099922664253026,0.6684290822929594,12.207628432545857,20.59490226305089,6.442279454257864,7.346173982471866,13.41754544033724,-1.1083399619690826,6.706832243986063,-10.656879974740507,11.45254881017447,-1.8948882018974118,6.060764740921076,-0.4250766706298705,1.0771259854851956,-1.9972663058429616,6.029103379180452,-3.7237299029246844,2.5385930120834965,-1.4656268809095756,-1.0448634886835122,2.15543427113609,-0.5980252842654233,-0.019351137917994372,-1.5740802972396268,0.14114546315605553,-1.974952084850053,1.0670513577011285,-0.09249662386249533,1.0732889025894499,2.7352436551762835,3.822395241092962,-4.64399038913537,-0.5357039556290132,3.45955544017773,-7.467118374871291,-3.4185667501901063,-1.1239124414931299,2.736887767853209,-2.8005933338314914,5.038701103875766,-1.9386176574860665,-3.2136943180447988,0.0
49.474112900909105,-0.8990587940455742,-10.578891171326504,23.49818226187477,-21.822943659399012,15.711759383842514,0.38927629412023335,4.5231145802612,-1.4705738509037387,22.472734650802767,6.360445360705804,1.8755379527371583,9.906851054639148,7.939778865160738,-4.365930163685649,-1.2310071754412957,2.889451089801342,-0.747290998138222,1.2508964067811423,-4.598343401948065,-2.314099490093274,-2.365322112578662,-4.5216689415876585,-0.7770109707550772,1.2785427220563248,-0.8747861948697692,-1.0670058546395098,3.1662706732713053,-2.623797936425272,1.0652360987024243,1.158757268850458,-3.888036085481847,2.945208696831927,-6.233233799613456,0.4078101746266496,1.7545315607053424,0.9933479039536973,-1.410662680937232,0.07657268761499698,-1.888538522725333,-2.8862989236863426,-2.286254250110584,-1.952802009145313,-3.678522539764836,-2.9790595800267026,-1.1771031791495448,0.0821674852982105,-1.5580657076939126,1.7596249662922803,1.318977218336974,2.0
13.15526727041262,-34.64188265757043,20.939096201348242,-1.505798110514016,-8.048434040008177,0.9993495758727485,1.6626175121170021,9.72644565065204,-10.16899181307459,-2.7328690185840343,5.672747848936317,-7.9561713256256255,2.6591699512195324,-5.950890634873718,-8.728773338386729,-2.7202678037134045,11.787025154282116,3.741682347716201,-3.5950769305545163,6.237804110517993,-3.9254684351396514,2.699539010001934,2.525941485662929,6.3181196602902965,4.04897913463051,0.8162673640316606,5.872217952474246,0.2008695505096871,-2.1170085374059826,2.5024972399202854,6.127365518871001,1.372410131700685,0.33705094219666004,-4.443084510761088,1.35386576671277,-1.2029680899193806,1.1647591056948827,1.0815369664670034,-1.9530775849884234,2.209818174136762,0.977293258818384,-1.5254148689240064,-1.058475613386694,-4.223021049581992,-1.2444634965046562,-5.0128299747270635,2.8947962021996925,-4.139524538755427,-0.9380911103787579,0.05637497452165276,2.0
8.28098267049526,6.605233301875929,-10.961278996321635,-27.849132503542364,-18.591073608631998,12.764358656622122,-5.149018994943038,1.3629113067861394,-4.195499862194137,2.0978837386743874,-11.08139014609946,7.005816822444018,-4.3641021886618026,9.545585842675216,3.148936408469654,12.312756406168011,-5.448939573550635,-4.294540328724143,-1.3125347351513874,-5.665493891779838,2.252876516800128,-7.15807958717821,-2.4531844544038583,-0.39510301940141385,7.327182780456979,-7.757176541819087,3.919517023372725,2.622224968831227,6.194773679405308,-0.7441579234704787,3.2495921596252724,-6.1147179781046255,0.7540401969368922,3.3294245071998563,1.3934355951512258,-0.11253429731169752,3.6327862231851085,0.5048284844372568,-0.6003711757314731,3.1224911243167046,-10.017915890120735,-0.28857803690902295,-4.411890581881806,-2.3072183228619183,5.522105937530112,-2.5873035490885155,-1.588380919027134,1.214936191833099,0.5536598313993524,-1.4840129692516022,5.0
-53.364023851646955,-15.44284789956587,-22.129802054311593,17.539314500347743,11.977763264530997,7.04155122459022,12.048042522657864,-20.90122192254349,5.395325824005948,-2.54558320455155,7.215413081834591,-10.737684793852424,2.1324297493417967,2.3494225612004818,-0.7906263705095514,4.819983929158242,-1.8985105639773194,-6.337541328918461,-5.329501003771172,3.4542823405901126,7.779527779803764,6.925391683221903,-5.617981441244191,3.8636107629506538,2.9717049390980628,6.250059303675293,6.634959255398039,9.869202440882507,-6.884639074359559,-3.628836229163831,-4.962534882490117,-0.04506588867836095,1.7564561910198746,3.0703140777347357,0.22341479657452282,-5.818643591113436,1.5875948506497097,0.20424795487146588,4.216425861380823,-1.5380589204736064,0.4396691643149076,-3.5573678299928693,0.6275997474591173,-1.7468157314812662,4.8611459344888726,2.392499465506334,1.7891513786501032,6.774930201426717,3.3182007173808397,1.6824492746012285,5.0
16.703928579118184,-24.0835761770772,-21.399721005019554,-14.647349492597545,0.5628349705323665,-18.426383111851152,-9.231350933411642,1.0378828610699784,3.024116326868094,-24.370489998984915,-12.374875626718769,-5.177784744409592,0.7987266917151451,5.42112713670043,3.365843524592029,-6.1640759347439245,-10.097374622213984,7.165108485164684,12.11546554404733,4.8900966518619144,1.5325871146537564,-2.1573326693211463,7.062378209721612,-8.582741591969475,3.7922418957917965,2.815201723934436,1.4994565867856404,-0.16589927170115673,-4.66117904855774,-0.17211673704611366,-4.373456698241227,0.5875238630945515,-1.8197748275786871,-9.139419198246795,-6.609702503749824,-2.2440451163225568,5.71131143390462,-2.144915842379308,-1.17063608020747,-2.073968730297719,-2.1864412400307995,-2.647289811411058,3.162073953484798,4.915998997574332,-2.1025442756567183,-9.201896732700343,1.8309217162146265,2.4405063937254736,-0.948978741589569,-2.9412565807816753,5.0
-3.296311436829063,-8.885599733755592,-7.286670380857417,20.345537245704023,3.0035989915426624,-12.260192552317593,-7.337729400869513,-8.25472635716218,10.284343634179399,-4.505949464292333,-1.5145298708550416,-2.487314848287361,1.6398349741083704,8.200785965025489,-5.1504327105043055,-0.7979104422266747,2.544346806419783,4.289852981194672,-2.281867868358101,-0.5262182988107207,-0.19339342277941585,1.062105243797606,3.1235330922264297,4.237921695024952,0.09508932959111509,5.7306898603519105,-1.819842883292271,2.8887742201423823,-3.252245204352499,-2.483597756896751,0.10751670091465101,1.5854636474988342,-3.161717639236217,-5.852016258654717,3.8354290546300436,-1.3651021857321415,-2.3492876519257773,-2.0858359591102205,-1.8213858289411267,-0.5569466536238747,-0.9570144177422375,6.380827692467879,-2.7168935137551777,-4.2523887647986784,0.9836417867684152,1.0452147515291266,-2.292207793313449,4.657662668915419,0.050654806202530996,-1.6879896958159306,1.0
-31.1540620084009,51.124979017712,4.468845653090402,18.033799212483675,2.767248215374953,-8.108883339213179,-5.2944068862699085,0.7366929717480727,-9.936194942522715,-6.18110137444777,5.123635032576061,-2.9250723826943297,0.04958190592197072,-5.730936259179439,0.14312006511479672,2.7985759873391878,-0.12027795893662462,-4.3800835107049965,1.911604837106289,-0.9865394269143948,-4.540480139866506,-6.210685524978779,-2.413853558316312,-1.163466667626794,3.1145605843155435,1.3758927048521632,-1.9005994584298767,-2.744416880064621,5.458197525795415,-1.2134011251431498,-2.437599654497174,-3.6078906388396064,1.3751610443367033,1.7997952729908906,0.06834863543799193,4.639076330456031,-3.8531396797760706,-0.8390223170073451,-3.7595535727766713,0.08644668551264714,-0.27129077025698606,-0.6099515462509627,-0.8459239965020463,-1.286015981979103,-1.2935143341861053,-0.5130948042454999,-3.200016073351285,0.7223410404712952,-0.7346702584009404,0.29594814745713455,2.0
30.145170621268065,16.974048076998695,3.668152666434575,-9.672083036971669,7.27509670924781,-14.98515085615135,20.92597402941617,3.3647056229705106,32.20006523796166,7.608492301325882,-6.00131551646803,1.8235809548723823,1.9814985835126389,-0.6293792564953496,-0.8123527235263938,-3.462054190593924,-1.0652262256164804,-10.695687974022594,-6.343257864271578,0.7335903789430637,1.0579673377465368,-1.0208514999812448,-2.7779777761178095,-0.5660950731196266,-1.5831118520543213,1.5771077949420222,9.440095181872076,-5.9447055181497666,7.597399384233399,1.9307714000997116,-2.4330902140150106,6.3530157367959275,3.358656702221503,3.9694334505864717,-4.456888717344977,-3.7186291718951328,0.09391928596045253,-4.537273867992121,-0.780902670524112,-0.1825778818129721,-4.9088156898254045,-1.4090118159195186,-1.974822384828443,1.4009379601436533,1.1623682493937526,-2.318182095526217,0.7888616704383965,2.9742263603780805,1.8690079737455643,-1.3527698472338214,5.0
12.498957772190542,1.7552373129051604,0.6335700262828121,17.897400524036566,8.60642374947953,-9.413689408179374,15.765321724572987,1.8766248425522238,4.60485185486121,-16.562613785396135,-0.9222633862559212,4.859141014485806,-4.380104290379747,0.7187157528120014,-2.0137116551032053,0.938364319017298,4.502267672474188,-2.711419285649212,-1.2808733129392287,-0.3180971458453951,-2.312917784424034,-0.7233526123778203,-1.464325732689393,4.499596421916681,-1.4236823529987914,-0.6420425227234546,2.1521482982235263,2.5814321475614896,-3.104911087865823,1.6684387855919445,-0.3982453303316982,4.282457351181001,0.827006765567957,-2.9929485425517743,-1.0683808649490054,-5.411883675922537,-0.12951474566221938,0.6070092473319054,-0.7838891924953716,-1.9034369608339072,2.252028800760487,-2.5479533548414532,1.8701619208720643,1.4711719342224323,1.11995727665244,-3.946292167844197,-0.6488969828397722,0.6816316621136328,-0.6494159224336589,-4.335587993345238,5.0
11.198494106757167,23.397293254127337,-4.679084591190843,22.885714932300704,3.085808642492136,7.463343629413073,4.12526566761848,-6.11398274151093,-5.24776934349266,-2.284638570647689,6.199683508588518,16.31411014962478,-1.6516111094236243,-12.133244501700792,-2.1010113303247975,7.458730667840742,-10.871796314265564,2.5644005180026688,7.592895304586942,-3.8877804931852737,-0.01861844971216527,2.8151937419687196,0.45988788287611815,1.6903857865768648,-3.638103206081246,-2.9203975357831973,-1.8362829869735924,0.2896566264532721,-4.911479484580728,6.246982602532382,-0.029493799844139527,-5.118287270165661,2.3812862181855055,4.9148767812319605,-2.369546171760439,-1.14460542851882,-2.223262621642165,2.031359713395833,0.8796337525530181,2.9060911603686064,0.6632867654893814,1.6428609538872248,4.428009130740737,-2.783900840263378,-1.7984419904611333,-0.008259019090442098,-0.24601645418717533,-0.9927925188320577,-1.2768302404418124,1.6165276411401104,2.0
-20.056813973344312,22.270071692631767,25.987004644643548,-22.76025149428624,8.425559882725494,-10.47748535442036,-3.857806739295743,4.855929713946931,5.106358586962065,7.5832643447240065,10.305233043517298,-1.7167141017820784,-4.579020190200809,16.7562446158001,2.022586609840118,12.55562392519791,-6.205691123234159,3.169973168290949,3.6592849177202553,-2.093264556801428,-11.573924794069942,0.14717894059673514,4.121023888499334,-2.9968973167850357,4.015004779356145,-8.184793462926025,-9.676831307223937,-8.06295777645586,-2.054013818656939,-1.057026075627965,-6.2242643695690125,2.423143846121185,-0.3279775904881506,3.7841935676682565,-1.8508653180614811,-6.828277446309158,2.4857420715866207,-8.158065424270921,1.8446638889688307,-8.065334171140249,-0.2949157557021804,3.1753915574021585,-2.1443502510570474,-1.2435239214420022,-3.388702338649201,1.5916253509975693,0.628314731533556,-1.1812541625183872,-1.6452993913396705,-0.4135323611332828,1.0
17.01946570656434,14.829416328453675,22.25312513791422,-11.596151355377074,16.62747749089464,-9.83075409368231,2.166298653468743,-5.592418217796742,-11.763514618629905,4.381699181101831,4.705171265359066,-0.23185165107662511,-9.440030032752846,-1.1224865258928747,-2.029806276045393,-8.285774631988636,2.360365217621994,10.89361744938575,-5.265534852885518,2.6136355626312664,0.6451701672468533,9.83026808811638,-4.850454631388521,1.219958587491529,3.5902820734807253,2.903051090206573,3.7573078197903307,-2.7777431934241092,-0.22663799325042763,-0.36490914322273443,-1.8832968397338123,0.8057754465748306,4.880100013380904,1.236344934318942,11.241453776060425,-0.599188507152061,1.58389786475513,0.6012087501288543,5.450385412771168,3.7992200761576456,3.938554512162985,5.180236331267095,5.733789195151504,-0.8517239757613819,-3.527289895270544,1.6032438157767948,-4.739863538273943,1.5803032400894854,-2.140503794160381,-0.4446724868827043,2.0
-33.80262788291248,7.6962416559109394,20.478665435620563,-15.372577294883937,-8.632182255117357,16.410138752711784,16.674878499108267,24.058605723273775,-7.209893617969623,-15.00582457583215,-3.718759411058453,8.880386735566832,4.533669159595974,4.460164173981331,2.2022299368181057,-8.931286930493375,5.272812120821992,-1.3910561425098742,13.316549110360091,9.771737409126908,2.908556822420761,9.628160279823943,-5.611571846545641,9.12597023799141,2.213668225030714,5.45773203943743,7.097504690746039,2.43869792644197,3.2477778529544614,-3.0574149277954152,0.172321069199364,3.5151914471276324,4.0201467433589455,-0.7867419623345235,-1.206214882035228,-0.9926883533407371,-0.004194008953425878,-4.903863119513187,-0.8446337422567478,6.865509423483231,-2.241437471685342,-5.9384377523324945,6.304515432352328,1.6544776653886035,-1.7873071859345633,0.9419075564450237,-2.7930051761101296,-5.129387258245758,4.114172351839007,-1.2113261926257402,4.0
43.12054923707069,-17.933393031853893,8.187707813841739,10.795976960099958,-5.5688026056982185,-0.5076976943936422,-1.316529845117128,-0.01393907550145107,6.236926543948522,13.869172943568794,-5.636289322951859,16.128321842632488,-0.9388561679964493,-13.35281767410179,2.8295085419367734,5.228010800144811,2.3404312791573676,-1.258645789968509,8.022965426157702,-0.7140052412376424,8.949359349925796,-8.58074611857965,-2.5004520985009817,1.5345788526898148,-3.4163988839432573,-0.9027849962475065,3.973693015279997,-5.675352292141665,0.27317133348068795,-1.048925953879845,-1.8249967777857794,-1.4995131732469795,-4.571868069706017,-0.030864777162490902,-2.062312238902415,-3.4042879098809413,0.16738822323400743,-3.4344576740685278,0.39409867672008697,0.14072954983540475,-0.8160688273252054,2.6429370945748643,6.445486003133979,-2.9820402612252384,0.8634031797843367,-7.1983143859273975,1.5578305966742854,2.172952810004129,6.785473966542011,0.18088948903768176,2.0
79.95614522035966,20.14070669468042,-0.3205564378897313,-34.0653957209052,40.360365360093795,-17.889821159852765,3.0332035998636524,-9.511612511287893,5.568773773844582,16.23074916763747,30.583787755939944,1.5355710124796922,6.86531674749626,3.5210374826535062,2.8434139458422947,-1.1505356887020024,-5.940373496136872,-12.120192323619287,-3.5952080368608166,-8.562571806460777,3.1267266065446697,-8.033453746633427,-3.704195137811491,11.259555153920234,4.97864292527134,1.8768682640280119,1.894112530338185,4.2096273082321565,-12.716529848500755,8.21386120466136,1.1241237806079807,2.980110082329086,-0.392392627542177,-6.312806516340797,-6.395072246385813,5.030530752112892,-6.557629220620492,0.839775883273603,-0.8772711581649202,-1.5322923425049622,-2.6167323555581983,-4.380273574429844,-0.04968666211516093,9.49855552646845,-0.7590744751542815,4.221209083758279,6.93147577861048,-2.5869644276360986,0.6489949359279993,-2.3493190279217964,0.0
-6.771661257210184,16.47570569064799,36.45123277023069,-11.4688377129215,7.743775209015772,-12.45101395013673,-12.326788425059203,6.220601003627994,4.9803228802722455,3.706628972320835,5.677156145472784,2.912559416436135,-8.684992249911478,-12.33977291298999,-2.921404060263588,-4.652737595576463,2.2720860540369827,4.30856843216342,-3.4623803476289186,4.336707443405968,2.6672241607945533,7.754927104046486,0.5271428413542607,7.139863171575901,-5.24079631529581,0.4861905525205268,-0.9789003002101803,2.3178026303353567,-0.7902335195034099,-4.049569550902378,6.029501925614745,2.393585777077528,-1.477824588929167,-2.543512542012025,1.801384746600024,-3.3153883622173663,6.242479668324929,0.617456501485764,5.680568977117247,3.3470750900937025,-0.40261901429559815,2.7796655408832396,0.19882554814753392,1.8587973804898559,-4.51465544112087,7.165375232186602,-0.8243670185509439,-5.926297050918335,4.275671488266655,-3.5968476862282284,2.0
-17.232914056168493,40.39985222652575,-14.813955848985517,7.684815656326162,6.143519129748246,-1.951732894621761,33.437827127731175,3.5342906399490617,-17.158770481071826,-0.6640557038606054,-3.5777883242923467,-4.503892328881258,-17.800690239208258,12.24409409607608,-11.68783233068318,1.1950317694986203,0.11277238408442625,8.18488725423866,8.110841934268583,-5.381746695321273,8.86422885483112,-12.123423286248292,1.264283571236509,-10.541250417541946,1.9843029819748252,2.7339203276267328,-2.9083574524460807,10.170021396878468,3.1889792832994006,-10.23095723631201,6.963844912863452,-1.0526851563161557,0.5553038377976116,-0.6792155556869128,0.2744738611277339,-3.997454197539424,-8.409666569658642,-5.4762723291226045,-2.04242283329472,-1.5760850018284391,1.660832184725017,-5.539022349990363,1.4864729920841624,-1.267374124600774,-5.41651832873464,0.5469270434633474,0.1580189968322276,-3.548660060989707,0.23732351134247445,-3.5606691597573623,1.0
-36.31884645871408,-18.78904522199367,-7.760445867131798,10.485350299856032,19.40469285267091,-14.938801534397479,11.815046814405015,13.267241582393012,-2.5528189030117625,0.3500204406739099,-0.16588336455414732,0.9045757713867824,1.2171953668806874,-0.0298978778664478,15.46513725284755,-2.1752864993033394,-3.149075221265917,6.621709600483282,-2.4895686730339484,-9.192410194105557,0.3881062650928727,3.3533085743329,9.60630342972728,-5.256185012665049,0.05392083568222579,-1.923925551551753,0.2393114437657156,3.961138248041875,0.20543140305170526,-0.8795310536381702,1.3959749660560055,-3.7938920037243564,5.636901642130375,0.4312030335153965,-1.07523501219932,-0.5658932288420824,-1.2533992024210792,-1.5419845961855714,3.9052031026670604,2.4106873285915653,2.173769449779407,-1.7080356123042637,1.6464193121457447,1.1497149933443496,0.6544486293103571,-1.2467531346740062,-1.6593126093738568,-3.1537538128245353,3.428555911330032,-0.7688484907538605,2.0
12.047394798993627,-44.01819556836971,1.1706574386355397,8.067229224411006,-3.7484545770789026,-10.566954035000862,-5.310890648023909,-0.2929392446782724,-14.675360609322155,1.014044072660908,1.7842363411831348,-1.6383323363335374,-7.519178122858714,0.1633653927534489,2.557889415064985,4.759707417783568,-0.0032603287382282128,-0.46131201946000183,3.0111874539846117,3.770905170378228,2.987552018795438,-6.24643914697378,1.1444657525544946,0.43315227989524413,-1.6534310934009397,1.2614295827537179,0.6642019988340733,0.47507294241264464,3.983994294095444,-1.0685662063998969,3.727587700538025,-0.13347492338568687,0.7200239371979532,-0.49351095799633415,-0.12520164192779956,-3.900751786120521,-1.5652516284265656,-0.7104681629288453,-3.211449459259591,-0.7716869461231224,1.0270907869189803,-0.7536375205528159,-0.05761843020926196,-2.320050137156503,1.2625530954410875,-6.490933737586947,-0.48511820652549803,-2.207417068800327,1.7115276175549332,-1.5223844992655196,2.0
14.673119672336835,12.578270560922066,2.0606257185217967,40.75783069923757,-23.63208418081369,24.430820052123682,-6.7764381088179,-12.228256960890118,0.5995515899298561,20.649048269272917,8.623588692750134,5.5231501797480425,8.339415094295955,3.9386223250078674,6.2687409289486276,-0.7457676264665931,-12.398930874908391,13.250594090655097,8.092535948362258,8.590337541371923,2.0535599177598884,13.134324398218551,0.9890028658638755,-8.773583714583332,5.914611891536616,-6.491580378272939,0.07651089672699203,-1.0670553740929414,0.5889426745924503,-0.06032494507219609,-1.3079718746832782,-0.37033604333980874,4.957678874773684,-1.7298456714652446,0.16404018868542852,3.9067408594416113,4.932679719916642,-3.0743321799176027,4.919493242950483,-3.432577984987696,-2.9294670708839354,-6.014756687181052,-3.0793271092004906,-1.0417154014547232,0.2200219034274766,3.2963936634124336,-3.6939530636106026,0.9821330005399772,4.011060132208614,1.7371274872413875,0.0
-38.28616776100106,-16.589850054718966,-19.393471205872178,10.458682854597486,9.175391009605825,-0.387128128660052,16.235768043445013,-7.617051303576476,0.8988257159837975,-5.370139957791452,1.4994579666854506,-4.80012247296915,1.4279038225042804,2.8240354550897218,-0.056727887142949254,4.24419546588803,-2.902406470420216,-2.7199571769064144,-1.4390649264840114,7.773225194818539,1.2362308959753208,6.984709767366115,1.5262459704928941,0.7084458819461955,-5.3301528675410745,-0.6268845254902878,3.8610378196409854,-0.42279042025318087,-1.922246955268916,-0.017406514551978527,-3.5420913140718295,-8.122943758303053,2.107237874112135,7.390425533909355,-0.5966881990478489,-5.144414697083535,-8.019042855188669,0.29586078992378734,-3.7060428154985643,1.1225046181161198,3.1051934462697828,1.0448776301669236,-2.3311256854226197,0.7478968054892955,2.7988262691410206,-0.02447270139316245,1.5479073279934088,-1.908164140647437,1.0207865256084285,-0.21788096018480435,4.0
5.835513485901616,22.943050259971805,-33.07419737236654,-31.786427562905075,6.701345852025098,5.70028307688492,-4.2607414154733005,12.070630098982134,-21.843238410790356,-7.4953382569045095,-7.149034669327744,21.535192087259713,4.890815116652205,2.597229536327341,0.10090164390360903,-14.788578038964483,-2.029932481538031,-9.074048864430491,13.91930660006603,18.027868876082508,10.303648582066705,18.05541673242316,3.518487641165405,12.710726431678147,4.593273933058077,11.68262807139099,-4.696515545690821,-18.84021968770839,11.616963116753707,3.9348510817917144,-4.772834833058211,-17.83523521882534,0.7284619149852837,-23.44996990332634,-16.12576182149295,4.756357473972397,2.608313707051899,-7.649224281343343,9.445367531597785,13.317625263313802,2.0526319413652074,16.320267281352805,-12.708156890358117,-10.079625741353901,3.9959294850230727,-8.002476682574859,12.644798563829875,11.234422893941492,-12.961083894666686,-7.111215526553015,5.0
-32.73312511383111,0.1945781173382729,-20.275221519555863,16.055697769594445,1.4850830513186934,1.46497657747005,0.7026551065204774,-7.808758463456802,-2.5954824266642125,0.8351217818552077,6.063911032449834,-2.219441685312959,-2.638827562788677,4.918962535129626,-3.6611891272486807,5.2730036065518,-5.436254027740832,0.5631206952757652,-5.438620269265961,-3.757758247229168,0.0594192062013948,6.0432525823619025,-0.7623290790724946,7.783791577539621,2.991402025250474,0.33251656087497916,-2.6498028164627256,-3.3632462891990165,-5.902396037705731,0.9373779398191036,3.93282444919668,-3.493108620293963,-8.80319050958283,-1.494906230626111,3.5399583431359334,-1.6827459105479081,4.928520929410865,-0.14949308966797525,-3.5104044292427212,4.984196569959073,4.456602545596425,1.1876486182023651,-2.6577059382084682,-0.0843610633119407,3.218643586660214,-1.4864992239314074,-1.0359801936193789,0.19146465302294052,-2.717060623729469,0.4538632230261346,4.0
-41.5165305002365,16.33200675148112,-9.651205409995296,11.580278483483971,6.905203911938925,-8.463281719339847,16.29457089078458,7.548105065283123,2.795077204478283,13.181791294910271,-7.460310741973779,1.3951990695033316,-10.341940025976593,3.3974844181125783,2.518666291790324,3.2844172940000615,-1.015204114646221,1.9806319258187606,-1.3867775295800118,0.2592776980422166,2.15746003877613,7.0532368098596105,6.040154857972435,-2.884553657236425,-0.2502898996974256,-2.493318673369466,-4.0514783761157345,-3.1634416420664127,5.366722274627501,-5.033369794409611,3.316864960697109,0.3276770448347687,1.2711718970123218,-2.343627879548206,0.050191733385282294,6.948134061506346,0.7495798353211469,0.4426924011179713,-3.9807594092058967,1.7295693214526748,2.3017119238916206,-3.511564429657336,1.8907401793769507,3.0099103174541226,2.7837730115806694,-1.0665969543671243,2.066101789848978,-4.096012259242294,-4.63776117248314,-1.291625816328119,2.0
-32.93475985215128,-25.156928949322694,-18.425008831791548,21.55850480449709,-2.2156261209807795,-1.4147282819704017,-4.33999864252447,-4.8781638267423615,17.40893053335566,-8.331378945280548,12.912446405156253,-10.374592692381086,-11.976080127560019,4.9062716159391275,-0.1454064773783204,-2.555412908076188,3.1256293308463494,-3.022228713500051,2.3696012492205827,-1.017798702525759,-1.5607943508324558,2.6768678274206654,-1.3137604643840655,0.15338304769785296,5.36507876385364,2.3364809491996157,-2.106178041254087,7.823491366998843,-12.408444214942463,0.19660944496309207,-0.783770419809752,2.1993607240922985,-0.12913278381819218,-3.0693943635059653,-2.6698163128835817,6.088818372926912,14.157526901157011,-7.542743900736391,-1.5224724496242241,0.564357945541137,-6.922725695950743,1.7736281038150696,4.724560149815621,0.35936788309639695,1.6062304021915041,0.04270561560358655,2.615100583927732,-1.2307527442390358,0.6429253955601373,-3.212101162190858,4.0
-57.438951078447715,73.49707453880245,-13.937046050986787,3.7634726097331206,-5.910530050423963,-7.016458745771607,-19.43725200720417,0.18172702698234902,-5.917776493824924,-1.2845653074371974,7.634318635589045,-19.36527502802288,12.55396886297459,-20.028685194837102,-17.466398359268613,11.462181329077023,6.166863857838247,1.8384760842490926,11.710314133509435,3.259598188056573,9.614203992782556,-10.518392057744565,1.9367368824341018,-8.194848769573111,12.608238328622924,1.2233311420063,6.546636821206183,1.1211237085097778,-2.796975009962107,-4.394414877215584,-2.0565312771624367,3.3516309225110663,0.8376806044079609,1.3782180525715206,-0.4653473256835337,1.294744488343401,3.0592238215343803,-1.4189993532660494,6.429562517652853,-0.07126149386041374,-2.8884624153834633,-1.9278201459010853,-0.6474687613333985,2.264890663406055,-2.635970354097243,2.232147657705892,0.624112558039156,0.03458440162750935,-3.4757020149311324,-0.16353021016825522,3.0
-18.64586680150782,-5.964630703548737,18.145671169719197,5.959105444897773,-9.519626391273032,12.14762264533712,6.901170832543535,-5.119720087839592,-7.001182073884944,6.8300086713969534,-4.476800811880601,-4.226016240429925,-3.3184162656153964,-0.9972082643895351,12.576366485022122,-1.0552253945577308,-7.081216260822044,6.017033033180938,-5.456762023622678,1.1232095223823526,4.175832534562588,-3.2218454593477284,5.5842809853919695,10.090198123959103,7.227064395805833,8.92346768092379,-7.329811543446474,9.707532305685088,3.5860006981144377,7.995984164127206,1.9632027391708884,4.154020566811232,5.452957216822445,-0.7743191284791019,-5.805374210045013,7.424070422472792,-3.026175081888326,5.309856549573856,-0.7146494581589736,-0.31602366557111533,6.255702787288218,3.71327896621587,8.718740480393373,-0.06531115723616637,5.6525147952401245,0.3419599095225494,0.48391233111561094,-0.542083913090067,-1.4396087584899158,0.6546095288514413,3.0
17.293442188051703,-20.83485298939864,19.87694104509657,-11.231199765330063,-10.669201185787628,8.84078106112915,-2.438163243305926,9.452182929295214,-1.7919783323137788,1.8730681882936147,-9.334605229205007,-0.25609916449386483,-15.133904444113965,-10.310681642786845,11.100987110661602,8.017877224275756,2.111792697395265,-0.3125905483300719,13.4820173871095,1.575917826757097,8.88365518308111,0.5496876061258648,1.2399474432032807,15.12778077362132,0.06415794205357953,3.4759292539641082,4.1695253637971,2.035250739368063,0.5965106781484681,-1.992517753897878,6.217144182221235,-5.701264299667929,-5.0087997584348365,4.140514044200549,6.803118096809176,1.4946935766174887,-5.398384200693934,-2.541511212388301,0.6853985470342452,-0.2744264303800313,-0.3257199470800346,2.6840400248454848,7.692898975954044,6.0125679173942,2.9834374406963855,2.604608134964935,-1.7176929640579883,-1.8141451921726994,2.3081190322075575,-3.0414264961756348,4.0
54.88980044510655,24.94020900935555,0.4497407759050282,-0.20869850358171893,9.373429765517043,-4.394031488024527,8.463880977245074,-6.720434356237952,-9.694965616311777,-10.347216182693286,3.965355467394148,-4.194126091483258,7.420486191253824,2.651516959863862,-5.332280605726391,-6.750191779300333,4.475367743812089,-9.888225516818148,-9.140205264237322,-11.57225274733881,6.470786095684864,2.889084473835377,-2.138272292471732,-1.8851883170437904,3.8535671594814067,5.027609784844618,-0.9843041916919951,3.7174967526145517,-0.9051426508282275,1.3001290563197159,-2.693963787730835,-0.9099978917226532,-1.305074997404553,-4.164234781972245,-0.9896989249139473,-2.1062060901157875,-2.583030157558939,0.2490416197462241,-0.9750331764639741,0.7629570468829111,-2.113098413791251,2.318346501443863,2.096089032217057,1.0947769365636908,0.11399033618478861,0.2376832554498272,-0.48513960774600523,3.4295150901556215,1.0620107266837642,1.3614446049190847,1.0
-34.69933896156478,21.91498075290198,-6.078662534012512,24.16138899882419,6.417995779916879,-10.668516903652746,-0.07121077003347429,0.35313147139019585,-4.970281695376836,0.9650277160518765,2.0711784750045483,-3.2152544046393756,-0.8260378827433186,4.112105720761617,3.4273713112030615,3.858623244507166,-0.2940907817667434,0.003228170651674043,-7.423173971840913,-0.49525880022763574,1.2459331319389744,4.483500861937252,2.720440005324645,3.5647401785799295,-3.052616631211043,2.0687568206201883,7.334151645024215,3.1400035646511872,3.5089035928914813,1.526415042405435,0.9339637704640518,-2.6205002157299533,-2.4226576355968077,0.1774993759183268,3.762724885474009,1.8835793549533755,-3.8502489548699583,-1.8665022471967898,-1.463727490085062,-2.6777007669831905,1.6986009762626817,-0.265140659022046,-3.427752786013383,-4.16545623299341,1.0731501863305275,-0.5569535982985843,-2.051677481883362,0.15469337417016535,-0.30805510675734593,0.23241257421946027,2.0
-12.440817329378941,-40.49585847460305,-13.196871166325467,14.423239794060645,0.23924900524461845,-9.936416038343376,1.8172190261334091,16.720277887565477,-1.0012866512149194,5.9570091585417595,2.620754300412076,-1.2924851804895905,-0.7953044663282214,2.0035000541246073,0.40107611860038,2.589415077459662,0.48181088367797864,3.597160852514227,-2.127549411910611,3.3947847213748554,-1.1492350688943016,-3.461151269126359,5.019869793751848,-3.406778086274309,2.184775753638701,0.11510069334287074,1.9535012118725026,7.891631043262504,-2.166678109721801,1.7354262338618982,-0.5798042975401441,-5.363385827001508,-4.234074137689207,-5.149554992610717,-0.8711046825410628,1.8364670132494214,2.6776693762671666,-0.5086935783836036,-0.7302551420378562,1.5117478919458878,-3.521076535430814,-2.9130753413142094,1.081973041363651,-0.6458856578751508,2.8049076098872754,-2.5051728217368567,-1.1913977044254023,-2.280074633717409,0.6579687260348904,0.9833067112322931,2.0
-46.037935547788294,3.1692158560526087,8.629666041576531,-21.5293630023219,7.818167603745066,21.573699796014633,3.075676220109668,17.44692107717043,-9.284294241855397,4.3457589375060355,-0.02162107496083469,23.34436998242322,-0.648681720497195,15.728463410649272,-5.994274999158178,6.096040295706645,1.9210712788185527,-12.692259337600298,-1.1082521161184629,4.645049598752168,2.1511010779279296,5.86981408391031,1.5232770643956057,-8.631973139051075,11.110689501311601,-14.90417420761761,-3.450156325641973,-2.945371180195109,-9.800726341456267,-1.8781273536046486,-0.22657862181954774,5.163757820345918,-13.541049013626047,1.5045128576265465,6.388232634576167,11.374155105728812,1.9958650879013717,3.240427023797032,-10.689651464361237,0.1260766636003088,1.493425528172942,2.245238793484676,3.291554998925849,6.537206534160864,10.323982186553256,2.100485648836836,-2.7741147416228396,4.19594724230888,-6.442874337169754,-3.7812722213889853,3.0
23.637284221594765,4.41082254300327,27.07224262791186,25.343554288494953,10.457823873293089,3.9257464421036268,9.519733368930435,-15.736685165390364,-5.491941908823553,-4.513876320592494,3.7766392453338504,1.8332700582608672,-1.8527658485162872,1.5062854873077909,6.428668819789395,-5.4769653139878685,-5.464087531017117,-11.42126431587067,-3.49038731318047,5.558329396225876,0.7518207479092166,3.7199946428726154,3.2900774941987496,-9.569815124688525,3.4353378089733067,-2.3318912519320025,0.012987513760856302,-1.6617177033125394,5.0190412425947875,-3.53573004391052,-4.186842284865011,0.5290457758494804,-0.6854190332718105,1.5113336349742115,-4.69788847742577,1.373535826568898,1.9182656057860408,2.994457104029175,2.8382342958442104,-1.2263903280371415,-1.6860981256500842,-1.5876202336190663,-0.44453409240505204,-0.8629802694499223,2.09382266259192,2.5166656697386838,-2.2688503406441507,0.6355948292002987,-0.9064111400175432,-0.5367115176617746,0.0
11.998157377745281,-5.521518840370605,-13.16197067959896,2.3182906888969512,-9.572052081895496,1.3235232048664272,-6.666905556666658,-3.588610771606539,2.5516747993754407,-4.170581945616996,3.4194262681191354,5.180619029670472,-1.3517210473657288,-6.210897654246075,-6.215549940909416,0.4625241870034119,0.43139060610477337,4.023348872679303,2.233411910900213,-7.100220075301381,-9.380089013778159,-6.1806304910666965,-9.711997150066042,3.8242458357960416,4.274639797605144,1.1297043126867095,-3.895273035959402,2.160260325352426,-1.5557830020525918,-4.857686069668196,-1.8173569837467336,-5.638092498006473,5.809654870404899,-5.185801305834294,0.28401001269667797,4.575439823415821,-1.1209878203313117,2.284772764703159,1.9518023021626414,0.011837986335957102,-1.3789236020805933,-5.59021370281156,-4.727391097105635,3.853303257174549,-5.1118337637771845,-1.5887453141877432,-1.2623790016156515,-0.5117734688159095,0.6332633362036725,2.541656983775007,5.0
31.633140178300177,9.380372560102655,12.677507120067409,16.106965628811864,-5.3478380497603775,1.4295801232236836,6.561537104247178,-5.728541864015746,-2.9008770080374466,-9.703241292895072,-1.668296520657469,-2.866943863839966,-0.29402499907116253,2.7261569497901443,-2.2757451706001124,0.05520804754853654,-2.230650581293725,-13.075248167724602,-2.9414014271991054,0.1448995310568804,-3.6367730211027434,-2.36973216807732,5.450541455832442,-1.4756896001598983,-3.6471705844805657,-0.6457198551264528,-4.301373292664566,-0.1282192831067121,2.924236028161282,-2.8002539807710547,1.1058001828116009,-3.378085105085797,-3.612315773104502,-1.2843597679062384,-1.3066259251786503,6.171893024414166,1.3140856561321876,0.19391359990088322,-0.27708481600347845,-0.030068975757506878,-0.949892048486207,-1.6901377931753647,-0.1139245384701324,5.901941303618917,1.4014796201089805,4.090412678578633,2.358341114586095,0.8214980177934254,1.5805077591494,1.236707104011374,4.0
-0.04504180120228954,-0.8430050301828778,11.619745573011583,12.339276801977961,-11.170664895772845,-4.818780735090835,4.602398075626118,11.581461764292518,11.420383807665946,6.476281573401875,-7.470067510442138,0.5173766216166898,-3.494065830496391,-4.573239962002035,-4.981904946185197,-4.085484821551458,-8.895431773442686,-12.234927167206399,-5.014803641631724,-1.3613771565585084,3.254679115062551,0.3956489462003967,-4.388498604879443,-13.447945697459335,0.29875409812288395,4.556448182984733,7.859727094008127,-4.238244503203928,5.44837075240269,3.4461376088472133,-5.900035456990456,2.787976604786309,1.5620393562582604,3.3101531407315776,-2.001660655665476,-4.5545423090262025,0.9758981466927418,1.407109338500647,-0.7056895625976225,-1.3912588861671198,-1.9487621269676336,4.668831677380354,0.13175360509226736,0.1666656046676706,5.010892593218342,-6.28322569151686,1.665030445611734,0.008238567394897823,3.459544425239516,6.193891925875361,2.0
21.734653214215744,11.671976968597475,-25.345490104653965,-10.626211286021396,-16.963423884970904,-6.2321784097694195,-0.06670811453403405,-0.9401435819627088,4.490521616222516,-6.014092472956692,-7.201459612450999,-5.6956696055930145,-6.555835023531176,3.258648915392981,-9.572166469816173,-1.4553997285211784,0.2080436326949779,-3.893961795449065,-1.8362168830684535,0.6575229720024142,-5.400609901326067,12.35066212912483,6.932352402528116,9.256888147287095,3.2194279232840595,0.27566325340490877,2.5927281595696647,-2.9956007415406485,2.105976344930875,-1.5024748597905793,5.152208770526545,0.7525184843209921,2.0734720524632073,6.8610791924345405,-7.040104571610192,-2.072481343667119,-3.860970789981414,1.176709999559861,-2.951829685114064,-0.5206354315002392,4.291866018948195,3.2545921178558856,0.5279920895701227,2.8664846231955616,0.0874453755366183,-8.474976855429574,2.075001900502785,1.7237149172921467,1.309280997274386,4.771932038622545,3.0
3.839248598285358,9.30347683819802,3.277213228276773,19.782605305166282,2.6425643577507163,-3.344660140413825,9.506269335222887,4.757016080451219,-5.229592716080031,-8.478998325657507,0.06590911784872379,2.0891835633672886,-4.722799865161205,2.3300638763069004,-3.655013299305865,0.8545357900098791,-1.864146860738937,-4.412867163539395,-2.94285797116392,-3.6686535686946127,-5.702827971505682,-0.8537298070437727,-0.6402494270434006,3.7931293726547106,-1.887642255855611,2.4114983219507726,-0.17829728823476385,-6.445349008263818,-3.4886351718393995,-1.9164560391910568,2.6227031701671994,0.6349058879472931,-0.44036590400878156,-0.16333293995806095,1.5253860757670559,2.155198482268611,-1.0211026493050952,1.786205479556832,-2.1109048095660334,3.5337476008851163,3.078743703266634,0.8084645465671192,1.256025769685848,-2.159621821394446,-2.5864091965278995,0.8015961589871106,-2.703600340452289,-1.190550147994365,-2.0201637253214857,1.0006014658819198,4.0
26.119850642390034,12.94794785277567,29.710092191243962,20.216340681006212,9.144212355707406,-8.68974295175227,-7.04660023324264,-11.0030901122786,-4.820217633885987,-5.502187175696093,1.4039514484524118,1.3739966474913612,1.0849967202551172,2.6955186521639143,-3.7510870528104885,-3.1026134968976384,3.252928868160308,-0.3776401453618154,-6.894635579636601,2.122550597094269,3.606902739514801,5.021939215609906,-1.3914023798793418,-5.330179287013239,-4.784998762084225,-3.703414372262586,-0.8165565912672853,1.8831357227652352,0.4290200918417671,-2.9169993817173476,-1.8990640484905228,-2.5721509356148595,0.9014021385762032,2.835103068321551,-1.7791433563613852,2.9668211191928457,3.0969971070304854,-0.36374182778301617,5.188920880961498,0.20300505994796006,-1.0950134301636434,-0.4494458172781748,-1.0236000537459824,4.0644644701784305,1.6398532693224999,4.454514585217211,-4.316832937909602,3.106026966709072,-2.55779820101268,-1.8942284651062071,5.0
-14.631902100138156,-31.750398271612962,-19.340260628971084,6.6264065415627895,-2.1620287598192496,10.33988298347668,12.196300950346792,-14.740222927654333,3.4695373604777773,-7.614316496334014,9.132453348104812,-13.578756548379092,-2.0454373456982005,2.103222317069198,-5.671631896305158,-9.23645955392012,0.7999474301054663,-8.582836025247964,1.3571891644964351,14.099982747376645,-2.318243398162118,4.264584859885965,-7.721613837062585,1.7737913905489437,4.941059837214707,-7.7846039830362095,-2.202656079482051,6.012842239927798,-1.983683856289559,6.354264572895268,5.284778258064281,-5.725732310710971,6.832294008122266,2.354527316252322,3.049724778519018,-4.484182444776235,-0.7768100565267255,8.397113229791987,-11.295302899329847,-1.1623550564898546,-2.352902581025228,6.815040987285841,2.69089068370511,4.304274666392167,0.7518648055415393,-2.459455497742277,7.286581079558429,4.090849186615289,9.353924537169677,-0.2861134127562802,5.0
-4.458578591558386,2.27021815910608,10.340914800531314,-4.467664784367196,-14.121790084693082,10.237570360609096,8.932847503792264,-3.292719281271522,-6.864394210916403,-2.720455434927376,-6.848096914033044,-7.544100993666628,0.5062425944315887,1.7497912304877066,-4.4663425029210195,-1.3855228576757976,-4.127101329867746,12.14010413513325,-8.516522212335003,3.786090475773741,-10.787623469166945,-5.465325503784836,5.275631112437153,-0.20567992713766087,-1.2210364352713006,4.003106441925991,6.483993343720609,1.3150711957997165,0.5360827151974358,-5.554085302053979,0.4690037614097285,-1.3659722107677097,-2.1218521912015618,-2.4926444154550498,5.857346593543435,5.897885403322528,3.4740912098642127,-1.498651842425367,3.3391801236233087,-2.0809197634736747,-4.23019376497492,5.104381774390132,1.135886425056501,-1.562421982681118,-6.093541013721101,1.5538560576530178,5.537651643931497,2.1146500218416917,-2.576879491245339,-5.600890398453221,2.0
-31.777852670965288,47.15687777529891,-10.183470497684219,18.828820482933768,-5.10522129784366,-8.197421550482165,-0.04613111582526634,10.596047883392009,8.77774171636955,-1.6055922912198641,1.3462654106548884,-8.800223812326063,2.142752314341366,-2.2855948421817804,13.855636515493378,1.9600010922994477,11.046808572351013,-1.7053739638885717,-4.3965232524242195,-0.07708153688379346,1.7831889030047114,-2.087530534776779,2.0225242386850435,0.5331910428231817,-5.2828834894007075,1.7008207687390566,-1.8242238244611588,-4.175989034070457,0.810774494369369,1.9669781533338946,-0.27942941544629085,0.3816148063331191,2.01092241309412,-1.6145784625032369,-6.853714992313948,6.756180969834299,2.140794359769879,7.443889927564046,0.682378562927735,3.7957469598421922,-1.922657531490029,2.519606488589477,-0.7767815247365928,1.965160648747653,0.10672832522009533,0.6103941050542692,-5.810711960959051,2.1774261593110453,-0.10250441248434909,-0.5351878680978239,2.0
-1.900612327909615,4.383479346742972,9.111565748558572,-19.421204679251222,9.70429947248242,5.957224728731102,7.023893891451316,-12.621726009743194,2.7785996709498586,-7.905285526787106,-9.203978240437023,7.429910433115283,7.536466449086912,0.3299856170426452,12.407785821522445,1.7483420332470776,1.2257064324415894,2.0118005133221915,5.878684302280478,-4.066251228160473,-0.12903204241776667,-8.032061591653052,-11.94329697774189,7.058932571467059,-8.905456552865244,-4.420271168394971,1.057661626239908,0.9062521353017986,0.4572607355046245,-0.6269116192354306,6.780306108538314,9.384897176477931,4.402516548247427,1.2131199161418313,-2.6335073009479957,0.058512225767414286,1.8865553445081198,0.250465182865367,-7.1341495256065,0.2885072016716501,-0.3907348457536743,2.7761615229642436,2.0731497591590227,4.163165246026425,4.294854001102855,-6.671765240172487,-3.292145656502743,0.7530088442731889,-2.988826729984591,-4.810453006298601,5.0
-8.105828372199234,-10.834103585744291,-11.84068074433124,-16.859964519946505,-5.357931075440059,11.970932461961972,20.648699132438068,-0.8444925540990108,1.9971624338295533,-14.74079757080002,-9.151849173477734,-0.3199845094550123,-4.0577050160816865,3.437828019405863,9.338042148961682,0.00428692826186248,0.18396061236553193,10.499032981961983,-11.35972445204373,6.476055412471826,8.903869045903305,-8.088710682221166,7.757018133998519,-8.034290047254066,-15.865753241583763,2.889167042063037,-13.842718114241086,-4.184110547153699,-5.748787960337618,25.761553429662484,-13.286138638463731,8.820843851552835,-3.992111067828441,-5.580583079203853,2.337245455269498,4.701044812568341,-1.8177160471010814,-0.29718610306987,8.34707348490817,-3.9948234384951937,-8.727198979630215,5.476735265169601,-4.497103457185392,3.730235060576257,-14.738703778712239,-5.507534464233582,-2.7018965106095703,0.9034208003948653,-2.4420195210431097,2.7306485456175213,4.0
-35.13374983939103,2.3126808932235026,-19.38753379074883,5.919075086081633,9.567856261313862,5.381661808671012,22.731284011711526,-10.752415314941993,-3.0245601155957758,7.8165713908119745,-4.3820438612544645,-0.9805392003134683,12.12915533804278,2.3446170696968567,-14.946941915180018,-7.102385569281882,-0.5211446385742732,-1.396058692849243,-6.807930377623894,12.030595973361905,1.9621439899362536,4.44670834780673,-7.89340394409259,16.415074133255644,-2.125442493950303,-6.057720738782535,-15.851527011267557,-0.7741720626002656,1.3939117636863725,-6.539560088661462,5.635443118387901,-1.9377862461991215,-4.981965098726833,8.040063994645509,0.09241516364023875,-2.8173844755316306,4.28144840273142,9.006868769476144,-2.0123675138625003,-3.2974360233546043,-2.1687790621965273,-7.497746978882905,-1.7628756412648934,4.6786915928725445,3.272753966670226,-8.07266594180395,4.803975227231571,-2.3369852352613654,-0.9977488397732396,3.1009392715282584,4.0
-8.361220680583722,29.04266614229073,-2.954897542866109,-14.171176420968866,-20.268241932945426,7.67772148484728,-6.47229143058153,21.07868493399979,2.3884621913928306,3.8527232989114224,-4.213819981755169,16.57414135377435,3.5316891361056,0.06067223656350027,-6.260670785533972,-7.649001230520441,-5.050667739641057,-10.156044006726596,1.7296104472737037,-1.681173106838214,-4.780659314235696,8.759881220029058,3.4778420122395204,3.1310909783284386,0.7264042238353473,4.753730401505126,3.6580655593175693,-0.589689555741385,-2.1100167070645823,-1.4626870392445923,2.3707508848248566,4.77612515711692,-3.717776970474875,4.510055755508151,1.7344135298719856,-5.113432428841443,-1.9430183793054834,-4.7705996045235874,1.621485710566161,2.5926240633131705,-2.4039554461616115,0.49291564310955494,2.6426269479796005,1.183993049276779,3.2039772961358723,-3.672584171475962,3.351589389289196,-1.153005155871699,4.861194810410233,0.50703993553209,5.0
11.628606210339443,10.828647261459412,22.365346729958134,11.194670818920914,4.520713031442556,-6.659219660370866,7.771205098002842,-4.125716051267,-2.346982500209757,-4.965985919247891,-5.416478685674587,-2.121360817930873,-7.68596678077399,0.11789953182849064,0.69568925623333,-2.244194043504832,-1.950933723322173,-9.241338527233722,-5.502170012522559,-0.5414924078769462,0.38154755130913953,1.4486038585836882,0.3948879509054746,-2.050425974179397,-3.5079804440441844,-2.470773967076923,-1.377569448307029,-3.2451649709271333,3.7124920001567063,-5.409797783893495,-0.9817408980998454,5.100583127505006,1.4517913175671053,1.2849294811159222,-2.474554126273117,-3.3529798490454796,-1.2668741210740484,-0.9413637097479131,-3.707848953197261,-0.15874447093915559,0.04706143657426429,1.3694786102000835,-2.1509299044916768,-0.8980885222817493,-0.313678138008314,2.150653514850852,1.8456786295680547,0.5135569090037023,-2.606695384727008,1.460389123196106,1.0
7.049479195803313,-13.662884636416583,-14.846726358529564,4.597365548852511,-10.075748128831084,-12.655117598506353,-6.129759668663884,0.13739204683782405,-3.171545653452174,-1.8644672443403718,-4.040374986541984,-16.72722767431807,-12.770959829000317,3.9486143991159146,2.3622943085660233,2.246095666882582,-8.077218931270172,-5.157228532661121,4.8628585512354645,0.054944686904635075,-2.470989540052998,2.4961815637840346,-7.33221046974265,-6.172486838278798,6.12378374772558,0.1730227104027989,2.7833167414475892,-6.985822808396901,-7.066594035973796,-0.8454092002464544,8.268967558081359,0.026959060018381647,4.768636051174927,-1.2602350848657038,-1.1654205728978695,0.6669589526228624,-0.3571232851390871,-9.003529242592302,1.7188272479789604,1.38228102349837,1.3892589593327447,-3.3004582780998786,0.4210149125712224,-0.516376008433186,-2.3937435173098356,0.5500922377340471,-3.181833036800241,4.739023158157134,6.595325066998206,-3.422049989720622,3.0
-9.164736388592733,17.47229120205997,3.0936292058306556,16.74341781321455,1.6817395598763747,-10.225938793530725,11.677989413959056,12.90400480204085,-2.9664227109331964,-3.050039898880001,1.0007075363314575,-0.9560429545377025,0.20975760857171422,-1.7450482841824986,2.5306195548226027,0.07639880560416153,2.9997057503178532,-1.9802676503076808,-4.85379636594583,0.22232664061136673,-0.8936783169218849,2.9966829779508313,4.236815805438766,1.8936014608410034,-2.5540606860177593,-2.2209190853488394,-4.638730850890442,7.394256426948108,3.7068100329887965,-0.7596930076342024,0.6850047139759812,1.3776390607913507,-1.5297123608771734,-3.258003243579208,-2.0881188900324,2.7633049583698104,-0.023054769392691285,2.7964634010103855,-1.7675486737514168,-2.1678096050490043,-0.7023272296263283,3.7275343106113006,-2.172841009587746,-0.46188531749565415,3.2483395218203435,2.1845458806551066,-1.3820633295792515,0.7794975967686907,-0.268246139069023,-1.2175158864541218,1.0
15.144135568348437,19.94300195083837,-0.5503447914774302,-11.25565909976948,1.557816314057883,-7.371447882697142,-10.117751137026433,-8.30059822164832,-6.4731119605670235,-4.481562672787601,-0.5605761032391676,3.1292676856444808,-2.8319564464779674,3.044315314700808,-1.1105862498452745,-8.085926739204403,2.164239612544227,-0.12790017468386464,-2.5375240319553902,-6.714125194407753,-11.739940603186332,1.8631162497053402,1.7089530561152124,-1.205944733263573,7.85722424136624,4.577573011371708,-3.7504395932124166,4.647047890161749,-1.0108058881602553,-0.1752285685343854,0.4199534472698621,5.447690455399644,3.1380939709198103,-2.795456147378353,4.581771614272583,-1.4950741879388756,3.568950054216273,-3.4676651248313375,1.5464896974182034,-4.031245502543093,2.4138059874478026,2.572448334897932,0.3873178318617101,2.379246452621562,4.0862060057072025,-0.9427156896314269,-5.734056783893659,1.4444529933552086,2.2315380215015628,0.8886411315758651,5.0
-8.821839479853656,-47.28678603594106,-9.885320490525864,2.780845375051074,-18.242775792988844,12.91151409261273,7.846757252077546,4.8113233031363025,8.907579266440962,24.21828229248338,1.7940442193058617,-1.1469605747699207,-3.7039180495800412,-11.5362183186922,-2.6351959046501108,11.361630937478118,4.37624775424102,-2.155044656524148,-6.776991610077729,6.9195040186398495,6.980586895191946,-6.463522287326357,-4.136000655371055,-7.63927732389932,3.130322628703469,2.180521084602027,-6.0926651810641035,-3.271466500620858,3.015323429026193,5.469843104354103,-5.461296721281327,-4.890115196880636,10.887642843834751,3.5271165501027046,4.882299981670046,0.6466032571393591,-2.0969068252348575,2.0732106152518956,-0.023550636461659884,7.082423860328906,-6.8834946562329895,-0.12428127119684286,3.0988058396908746,7.797741809581837,-5.2433168069377265,9.822919578844164,3.3173560462681086,4.419467259248648,-7.447873631935975,-0.4702832302430988,5.0
70.99017797099098,-12.319216554933002,6.276573259306981,-8.781563035386528,4.352621640371928,-7.928683554300467,5.330998397527111,-4.3936553253981,2.0495662958256333,0.4202576324935791,-7.036905318991993,-4.471532211292322,6.675540978230016,-0.7572365143273697,2.618718305224157,-6.722298451134177,9.216244565679212,-6.232384923215092,0.29941094224905196,-3.7444043914621084,5.304035404159959,2.2695377188022023,1.0090870845671007,-5.035836079890161,9.764860603150552,4.252894835634673,-0.854669148621522,2.55520324649442,1.104247479709387,2.432391302667707,-3.1668189194739567,-2.95593177534066,-8.80738329081987,1.3587740196387978,1.4820408382882013,2.868356477765799,-0.6545306287195535,-0.7357755719435444,-1.7856168439647253,3.188625302107429,4.448780760767657,-1.2621168544106596,3.877173537989293,2.7233009960156416,1.0233743675051472,-2.021236634628681,-0.8294501653828978,-0.010508755739168646,-0.7899204915098591,-0.22198568624805273,0.0
-5.766262748096455,-25.589989532309453,-13.991462593495525,-18.92932383590033,-1.2342394602265598,-4.407368600288965,4.006555566206174,-11.411858029380207,2.4657294198993895,-7.967251078509974,-14.736327843449423,-12.828940181767228,1.6917882516846103,-2.130132277858609,0.7218572493822846,5.378492284147243,0.5831649323854703,-2.635635227626416,9.837531239758167,16.305002316722806,9.821383188931398,7.817091382812299,-5.544437651321981,0.47682592482599323,-4.145931070939703,-3.9741138550594424,-0.6565102102125917,-4.495129702051616,-1.7085813133585974,7.198530111250446,-7.385215394536315,0.6645646633262131,-1.579897041786617,0.8500193521892954,-0.0064093987026911416,-3.39591245670376,3.8460815964236788,10.365383075243109,2.4832740790226855,-1.539476239049197,-9.4568196340472,-10.44302123059688,8.135893648934427,-5.587467554514486,0.7313576006238661,12.084686383877335,2.18473759879722,4.935580943847515,2.2865981286357147,5.55143718869123,4.0
16.872716860121034,-27.404851548010026,5.641796562127945,10.272582819354808,-0.8860741967422864,-11.979635267240152,0.5845568955988822,-3.534369441123049,6.492387062227857,3.882857727433162,-9.892743898007895,-7.518511530551873,3.9197886463079543,2.516638777478086,-5.290731493894657,-5.795220139462531,1.4992401791861503,-0.941158709814882,-0.48368361413870786,12.130912957648905,-2.054659115197388,2.722721439261068,0.021584675189498064,1.0935293595799924,-4.379915092814721,-7.652884993388556,0.7625344973091761,0.49972303906084,2.263927901824798,-1.8253766954063255,-4.625357605759869,-4.997950718830335,4.745882741542105,8.770564625460969,0.456103708670243,-0.964562771474143,3.3783659168045186,2.9943949344525898,0.9651914094109105,-4.050654142534178,0.8992149801830785,0.36931908712792577,1.3787009196047448,-0.43782712821557196,-1.3954029448254137,-3.841457942535718,-0.025729808563409222,3.313865583385316,4.687217400126795,-2.501210690958342,2.0
30.28957222886965,14.932978249871988,14.399501107896082,-5.233548081444221,4.453503337868948,-3.9774511515168043,10.212944219546442,-15.035856199800167,-5.154447051084764,-5.657369559137076,-9.397058227165243,-7.026683411126178,-3.069780973906138,-4.325296611250368,5.873218627537277,-5.939031965909324,-1.5729998242511092,-4.647154224670641,-1.7020596941345585,-0.1203498045201613,-0.05535652141049091,3.5684660349742843,4.664830420796772,-7.901892935984379,3.790554827177476,1.0767561591624217,-1.332437161787048,2.715645548607398,5.6127129518664,-7.93033812841841,-6.3222406809035,-0.311900583057793,0.47644945842876435,0.9856490017706947,3.1907675888509104,-0.16053685469266338,-1.1810203127944972,-0.9918225279316175,1.8761823697102415,2.494315393240638,-2.0602611717849837,1.6035621574557013,5.82054841489714,0.8265644446710932,-0.8409175916980074,-1.0974894627829566,2.9950118941211095,-0.13965911597909744,2.3631400569725103,3.255931041214986,5.0
15.965907008534883,19.77447696159214,3.1332767257752256,-3.3512013649781487,-9.423526204148617,-1.1223195623814108,7.8775454785224,-7.531115964028506,-1.1354471522826486,-6.833342182468147,-7.051863405641299,-6.840941096746916,-7.046531120404292,-1.2225248340540196,-8.238304427565971,4.348776281732288,-2.8316272264002205,0.41273029131872113,-1.4238425691484522,-8.10819813299598,-1.3458250568271855,0.9977038148417495,6.166849165403152,9.508982660184314,3.294811197842197,1.6682082384567496,0.27762705100771956,-2.6931918160959465,2.8654963315329747,3.637099550359517,-2.867707020691065,4.81969103235713,5.614629922418375,0.6670870780234484,-3.435984371631943,0.4441228057390016,3.105292034843297,-0.26875477765143646,-2.4030377234677944,-2.107701489761564,3.6820124795769296,0.36502776164689343,-0.7031397700296512,1.2419186806827283,4.857977765665162,1.289338521102746,2.7592246379665775,0.6626967900475614,0.1400893281512441,2.021350941854784,2.0
-4.913298838981316,-23.96964091323764,26.41772832654037,-20.934278201288798,4.237461797871312,-0.5558304246733344,-4.959406579509912,1.6615698171321474,7.276905319861792,4.29110033613407,-5.725332048993154,-2.697356239843459,14.07189431681654,-9.300172490623135,4.8469316167166125,-5.383404949421558,13.24934971914139,2.7921836310228207,6.587681207435883,-4.52496603415694,-0.08250100970284052,10.219920082876385,2.5012709805025746,-12.184599387253998,-12.593858536329533,9.144621904253457,-13.226894561411584,1.4115764662043784,0.1993880909690167,-4.676174083143918,13.050611179168236,-2.9163892757059147,-1.9102601334796592,4.82396764566507,-2.235945329322165,1.8753204756299735,2.149948292994192,4.917551946576245,-2.816663946137673,-4.836470967417038,-0.6872384401962234,-3.406158821962202,2.898257451289908,-0.0012274564253997862,-0.8802969860346295,1.299786298476355,6.978062677869166,-1.858200046334873,1.4229835557458033,7.691014937690332,2.0
20.794943797368113,8.248842030848264,-4.4773218972253845,-11.419922735876579,8.146624055478323,-0.656225114637834,-17.030649208989608,7.8427088586417835,-6.1164926439003935,7.488703105515011,-3.38314041658493,32.713782980496624,4.449590333821754,11.967370422188104,-14.145219961953263,6.520739090789703,6.098096491357977,-1.7967016283377926,-8.448894789862425,-5.545347821375275,0.23872112794855616,1.2858069326563928,3.9338808358414723,-4.487532476320471,0.6328862565447048,-1.2166530423470974,-0.26951549362778376,0.2507220715761401,1.6814071271500182,9.329656227792476,6.438235333190896,-2.4649050039945672,-1.6939247068963272,5.5911525320273086,-5.972072864849142,-1.3732675683145383,-5.5050218005264355,5.5190422729356365,-7.533389155742957,3.958868359929256,-4.583897140500648,0.3112637997782634,-0.2282234515777449,-2.7951386613374973,9.488683142223323,2.5605247903099557,0.7891462763763505,-7.318336879586981,-2.9720247514597036,-4.22199445822512,0.0
43.43077199169676,35.67915245054412,13.851203389657863,-2.2418057412922905,22.41863445366499,-12.491691691776731,6.602377392367497,-12.632009128289504,-2.338861009948541,1.9459616953064036,3.5678895744675097,2.6265716641580337,0.48719925813553333,5.143969958183256,-12.026933203291845,-10.755501824901618,5.337320412708897,-2.953054548930013,-5.440794742890545,-4.083565026135895,6.319288863067634,3.058646637933915,-4.438560093020958,-2.9681051790953696,-2.7888108705149994,0.2613192720966013,0.8062656267344905,1.5825294232092857,0.23737638675656908,-2.723097181987362,-4.7253587745978916,0.8952257525537214,1.5752063356514552,-2.6411570306813674,-0.427845591330548,-0.8942549109357428,-4.677236063446328,0.259520442949715,1.3760962840595476,0.6371842589816684,-2.7534611982879422,2.337751807555013,-0.3962706326388794,2.004283611345912,-2.0989831120549707,4.108397992000605,-0.868836524452453,2.860554902948102,-2.9300712353851157,-1.0926548492136292,0.0
46.115252130562396,31.894118269693795,1.1037495025682609,-1.393097001737997,14.322169884027609,-6.8798234869709995,3.695539584902315,-8.130145825392159,-15.944145959441018,-6.241741110703255,0.3801622256949738,-5.264920838584003,4.060915321616892,7.424917350862143,-10.857306132141147,-6.218390698846872,4.958632349953026,-0.6569352802262498,-7.1793421673136955,-11.67811718470409,8.091411532770719,6.780662942572073,-1.4666052769600475,-7.3666347702973765,3.5984826042690607,3.546226249467282,-1.197750652739066,3.3503847274119103,2.5554802351101085,-1.5218794947423644,-2.0454542817945454,-3.4212732200787492,-4.248835459904342,1.618555225427678,5.0799296607048525,3.141029052375878,0.8039840732328366,-0.13510077914074087,0.04825813692670057,5.109732485696364,-0.342904668753537,2.770000190159589,4.706430698846789,3.3642889593230847,0.43093387791015536,-1.360226624369083,-1.5859154872281758,3.5978675568240535,-0.6214005847268405,3.6806619133381253,0.0
22.40838426207485,-0.5655303324755588,-7.57477424320694,1.2954817468068893,-28.327064189053285,8.02980830373873,0.7963920107254379,5.268571281757611,2.681707991602197,7.311279270177346,-7.516352697382557,-5.292926281870494,5.793561430103905,-0.7125200116180831,-0.9213544314464117,-4.036032306725235,-8.472650626688411,0.36936269973931374,-9.056917655512471,-2.488708928192386,5.768448582871458,-6.252612760679204,1.6860940858265194,6.766698041875287,4.487411397883205,6.70391534292448,-4.8004568539427375,2.681655127635982,3.981318272371484,-1.1611215861340263,-3.226050213074779,1.783855631018579,-0.6597985924641034,-5.174340448024188,-2.996612878347519,0.8335003285796115,2.571234557592512,-0.2881358473012331,-0.1735954947269857,-3.8531841014236283,3.0202332956493767,2.129517674348981,3.2851570240846173,-1.530886366982727,0.19434316882651198,2.3735599463224997,-3.5974862323542585,-1.505612385218373,3.1978753650871132,-1.4789960062700869,4.0
16.87715138929524,0.7784124661293166,18.00328961910779,14.892227206435615,-1.5711494178189322,6.606357259545527,17.22819706760335,9.597327286944429,-5.013840154246286,-12.245900240756693,6.08790445275893,1.489918131153823,0.2463745603268592,2.5945550334738194,-2.9470004334954223,-0.7860148998404382,6.017142488719965,1.742258000623401,-3.0026120999616417,-3.307510792454414,2.4080032814064753,2.047441003683529,-1.38291157709614,0.725323680381373,0.5184367102339407,-0.7163729096991954,-0.8361566566302148,1.6522688471908304,-0.5581589256981203,0.816884181382302,3.2212098076838767,1.1677345680325488,2.273972962292537,-4.306271241048788,-2.1998902969008527,-6.363871270143587,0.5330768263336984,4.251579434126863,-5.601777888414194,-0.9216927121672024,-0.23195633104330024,1.012998473595095,-3.3849269316539954,-2.92885028212031,-3.0589175784990643,-1.6912589471315387,-0.4210336958595231,1.3035587667655617,-2.1823131466929757,1.5948767670690611,2.0
5.646469697853382,-11.102007894250642,-24.78893709360579,-8.184398676252753,-6.8153527994665515,18.05762235973639,0.45786128624795774,-20.763367940177996,-4.720447774548418,3.0921578098242866,23.31992937934453,-17.05934101470635,-9.919846508786646,9.002051760234796,-2.726818538181792,-7.661233041250162,15.711436354635195,7.836667954155437,-5.129535698347561,4.286789266475328,0.7318405662967005,5.812809868764238,-16.284682868247945,13.532616796994338,-9.70644639410167,-2.105026455680637,-0.2642186764079485,-11.588628397658725,0.3992880906432875,-1.123085407554928,-5.309943502187699,-5.355136732456826,-6.62316778584483,17.716096050746387,-20.77669170601619,2.385921767898285,3.239059416899864,-5.437428773586236,-7.066589268784089,15.236827854947206,-20.410592692774742,1.0044963538724527,-4.3472204629847875,-5.083328044148261,0.7321318091980082,-6.694353866346149,-3.3541597118734825,-10.614315163457196,12.777482929514896,-1.0362352110039157,5.0
25.008075871780715,-4.06410216944401,-8.26371040213928,13.985929553769619,-18.287512458063457,1.9983585098016516,12.131538090300415,4.101497205458302,7.115598009913392,0.920626799012065,-2.8917355614166516,-4.195618421693561,-0.39156291704587365,0.21636220011808627,-4.331725895051974,3.8361503748237875,2.6211248279341213,-9.36459922416467,1.2416831444333098,1.007985270128179,-3.9411854031125526,0.4643064837649877,-1.364655344019953,4.5231645514264684,-2.100174219091528,1.5096685864417188,-0.9007891286359867,-1.4078907197549677,-1.6392435067014333,0.020922893545029995,1.2333423424156325,-0.7181693252704952,-3.723834291878819,1.575677282713975,-1.0390693850302235,-0.13212620466561212,0.39670702520006673,1.832408494109457,0.1697649677187348,-1.4962301936089024,1.9551349074585187,1.1470319658387957,0.8198604820135481,-2.9631734641590617,-0.0049258087245252664,2.8870737229368935,0.7162483157465401,-0.5837342530153733,-0.38909856923948893,-2.0838774413652703,5.0
-9.630837774448194,6.03802990315316,29.383024634958456,-6.551051455601359,-0.39296680878937956,-2.5263059661490326,8.548717901778495,12.95776078644426,-1.1797762803856564,-3.351134300869535,-6.865796746504733,-2.3764127432662483,-5.1592889947827985,3.6162766025040747,4.853219594054985,-4.799302296869975,-5.222683580339022,-4.157272519415738,-2.4260110877138947,-1.8003165164304344,-0.4993110495648476,-2.907269446557917,-6.2695106654129935,1.368600201147543,-0.5284665015148367,-4.8846400113583455,1.960220863333316,0.15366069648836492,0.10232940157039569,2.5612681002386677,-1.9304227376229848,-0.5715575604449651,0.7080279669939356,5.229255451273437,-0.42843067067295537,-1.7834930322278906,-0.4583259415760756,-2.538827662569907,-3.92377453764778,0.05563603932591159,2.5277467853347706,0.6013587241247011,-2.31677352605291,0.10988779106058151,0.4818100260088437,3.6561826486704496,-1.0794380078825343,1.0620486105061588,0.9232854196458566,1.2615742466928337,1.0
-39.37161724558669,7.8929196423854755,14.495585549073338,-18.911178008645177,12.600762480424985,11.38763465509943,10.037340251196433,7.0249355682242145,-11.926391250835934,11.681543055998658,5.360910684056356,25.101580426755408,-13.305254538519385,-8.156712210754606,-7.320828162778952,-8.72894051356454,10.509575205638665,0.19378814794719168,2.5366249977704114,0.09307179476913141,1.6606827678067053,5.728969646020714,2.5045742504815043,7.913327144349716,1.5560614779369117,-2.672717340256444,-6.8488300099974735,-3.5100249042283838,-5.705255991663354,-6.376437662810345,1.3390503476105362,-2.8467938696359214,0.47421930927892764,-3.7494465109840993,-2.96655883173645,0.13665231038500947,-1.629345962660446,-1.2113559709299262,0.7125048004451673,-11.57558634604611,-4.422594925130172,-4.20630025379528,3.466684655180591,14.01698985018695,6.971175354183499,-2.51645854381332,-10.584198229185985,10.701986117350348,1.7099468749629272,-7.438417976269063,4.0
-16.01732863139717,-18.289836326195736,0.13026344273300852,3.838552666649027,14.286518789477844,-15.68952031953659,0.31760819834651444,0.3193862946925941,9.105217718878666,-5.3986179741606986,8.947915516739654,0.8997989946689389,-8.616152353253316,-1.994168435730275,1.298012666976131,-0.6636258656849097,8.113925710961135,-2.832250787156306,-3.4338870697792214,-2.4693408311176883,2.6963058150804664,3.9578795765808046,-5.569969660496308,5.306850650479548,4.853547371698321,-2.1004838173260696,2.78565839884666,-1.6134079515683608,-0.30187109205330315,2.793031648756909,2.4723493752130055,3.4454555094147583,6.455804696889934,-0.4825744349449935,-4.657075577219415,1.5309169909411842,-2.2054954220704865,-3.3034478185788667,0.14045328641248156,-6.312839001549261,-1.0432284318101057,0.4631169828210261,-3.774051763074991,2.28025386251747,3.5926448062012266,-4.52659525074422,-4.068182942211976,-3.4399796144418877,0.8078377124405963,-1.6334410321347097,1.0
29.12893329361718,-0.32789591846876703,9.17443210130683,22.62898454097502,-6.256700063180017,-2.178953325187536,0.9966784613313653,0.3061581725391332,-0.6033186712062493,-13.032690654403043,1.9381315072302765,-2.0312232077005254,8.521031999046505,0.5522691854258366,-4.330198371701059,0.746550056055248,0.4838064388121471,-0.8608181556762553,-1.3875318861216825,1.7105439804437657,2.9338690089439075,4.288011970214565,4.326183459405774,0.074729744362687,-5.561633081483181,2.2095116491274873,1.365982595682226,-1.075767423495893,-1.3885382494624383,-0.15765554190434758,0.7137315552256641,-1.0164061701451708,-4.277163186979706,1.9815193333846173,-0.5352004557181974,5.611031589008397,-1.9292530248005564,-1.5075270535540528,0.21699642877074166,-1.33768266029695,2.705865127618584,-1.4414352629385163,0.31130151707358067,-2.259838495910479,-1.538916912738594,1.5764923673662765,1.2148770589835887,-0.6430510894546259,-2.9143469734912877,-1.204434192073584,4.0
2.0033092455087687,-29.820987348284103,-5.696881362977626,11.868846567070408,-19.717661331300686,3.3011010057817782,-9.9756255795307,-0.7835216468228806,9.74594784455349,5.5946961839540075,6.6821988425304095,-7.470489498042836,-9.01952754528056,2.638376782393796,2.9543403569697437,-8.057613495397002,9.29161291101543,3.7029063016835084,-4.579721944608821,9.02005617164145,4.168499483325669,-4.084290808973108,3.2252643144322293,4.510072097400669,8.64834943658604,-6.14003694103452,-6.1918447791796725,4.139781787546724,2.114849666441495,1.787538705262179,7.8279064666097,-7.222189406289296,1.666147147401997,1.6887715223384994,-2.037629031253918,1.7041073477698652,-11.682644900000493,0.7631883843943438,1.4197422119608327,-0.0037532342984816476,-1.1960536319066861,1.7569749784004358,4.414135713743891,-0.4738424214355543,6.697064843069094,-1.050247626886708,5.750161978870396,5.694273486007883,3.8017545044842107,0.16649448418892057,3.0
37.861735315408495,13.01494317352165,-8.510821748554973,23.409237633998515,-12.907974032757977,17.428541142863917,20.38637376252438,1.8559014046909315,12.461848009320548,10.324305904794352,3.0850917319698117,8.48825738661244,3.3927909785857135,4.115913102111582,3.795742816368281,-3.209060731351524,7.57140910334945,-1.2104799810039137,0.38753139086115374,-3.8165302167592188,-4.351903547626598,-4.267258253091686,-12.268793573841483,2.2978557230192287,-4.778780644087613,-4.54361006150763,-1.955348764873375,1.5488865409619745,-2.708880896966059,4.016279642867387,-4.888050312628622,-7.549937764653482,0.2163476530650884,-6.807884442014687,0.3499646590350992,4.835090954586429,0.6274924391437658,5.913777036112204,-1.6893420951056495,-3.8899461005054508,1.2231980107290945,4.293028410163012,-0.8211850152867789,-3.834016046869064,-5.840672025897983,-0.7680008976008301,-2.871478415572683,-1.825990418573814,-0.3176404278279171,-2.271000168667888,4.0
1.0501386354537245,-11.773505412731796,-19.702912576299063,12.263941071105302,-14.275217306644233,0.7000535090436505,7.312888849074946,5.636404648102694,8.266864645056263,9.145951401936845,-1.2310546241998657,2.2252917493801108,-2.2423971995682184,0.9207933937395147,4.855105704316496,6.894857713117889,3.4721651132574367,-2.513495005195831,-5.839293297366411,0.17985971722114832,-0.8672880551708285,-3.819205886745606,-2.110186129142103,-0.03041341669570158,-0.0775809452706528,5.930499962738786,4.257725772330879,-1.4939115908420644,-1.2245755700025907,-4.277832573977567,-2.1688526724138115,0.09082423089063417,-6.222253717734365,-0.601089369960892,2.1316433798516163,-3.4520502259724104,0.4101346711576465,2.6542063450240447,-3.6735972310981753,2.3709303006035047,2.018568399375592,5.288896180973326,0.6933300827199383,-1.8404655494777618,-0.006210827221630677,-0.13504608702383358,-0.7797742895416062,0.1683175795359142,0.7368064488968034,-0.9227044381674944,2.0
-8.363013161182735,19.150364077476684,-16.442639272405742,-3.685180326991016,-9.517575670109094,-2.674489576986338,9.513401330146822,-9.377038646995217,-0.8045439646825887,-17.882162773962413,-1.831555237641795,-2.5391156457643116,-13.608798093973553,-14.86858426398021,-1.2003549741273771,6.3924338842866035,-6.580936755370105,4.18888373554703,3.5668785418372773,-2.7980741052226836,1.5932420391373907,-2.9448772620517114,-4.314983369111604,-3.647552874985024,6.337477210662667,2.9760540683125245,-7.869524372634315,-2.589369419992897,4.145960270731033,-9.231154198502354,0.2291813771847955,-6.012700976123583,-1.4493952390029303,-2.390962463652161,-1.2447634655396254,2.011179396971369,-8.656591153402383,-7.842469824675277,-3.7151678457279624,0.13561685065735604,3.316031542235961,-7.139750160749939,3.242163137998984,-4.291946766246978,2.5836296458216763,0.5669927545824365,-1.1966339920897815,-3.4452397755774196,-2.107698374697609,9.519450148903754,5.0
29.86476006925116,8.589148012593409,-11.785479639249582,0.07604897129385628,4.425208860102516,6.556377784958364,15.192670105953615,-6.36133663712766,-9.569071249661226,-6.623135727640671,-0.34573888130297015,17.084472673877443,2.8665300819614137,-6.757913005624265,1.8205390278191513,8.591230928374454,2.316115770353313,7.194965646497002,3.3566000012926436,1.2516581608451312,-9.367578917911016,-6.88898078028278,-6.909366553391154,-3.401514154271632,-4.501841692842304,-2.724035775657964,1.990153143251165,-2.7123376442069174,-5.524416715664368,-3.9530612927706943,-0.10382175261149314,0.6505170658823073,0.7474214448752223,2.4660528604053154,0.5866246993222701,-3.1983342686637797,3.98778696889127,0.022079041151684495,0.7177030290486579,6.853390861558189,4.270401074682956,3.983249535108801,7.273785282040769,-1.626151327730334,1.7870979111568668,2.871777853843254,-0.6793757833682651,-1.5978806741748661,2.7423161881369844,1.8141949123247618,5.0
17.687550297415847,-2.0230167626964475,-12.972859298876363,8.099234959373879,11.198697498699936,-8.151818843817326,-11.972222385403143,1.6744533045372192,-10.305996462419218,-3.815411083161653,0.9670176116561364,19.082307477756455,7.614448641076866,-0.4193918818615861,1.1366192494127918,-1.210969165890389,-5.444575840892491,13.416310483057934,-3.8303235742423483,0.33171154267191727,6.109087486135431,3.315803695957568,4.129608143892187,1.3508132909572934,-0.741163310388065,-0.8812684859551551,-1.5833503315647017,-4.628738387942406,-2.642532131731795,5.4648614658054075,-1.6086915205559627,-0.9837312963646526,-0.7690419355469852,-2.5297989476813396,-2.4258568225359207,-8.934775844898235,-0.16199778702671508,0.9716057274934862,-1.6288481739955778,0.7765807226178889,-1.731451890521312,2.2629759553073843,0.8036977542912974,-3.04122683783904,5.043571805500911,4.799482798662416,-5.427479976600646,3.059958920198163,0.5363794623342304,3.554693181392721,0.0
-17.834236383784706,-19.20101685782263,-24.221024001964903,17.50322194895392,4.873415020404682,-8.439588588594196,14.123273258868611,-0.24558339698116294,12.340535470364703,6.639632941626601,-7.294670178551388,-9.511155861759969,10.49733331508255,7.343341757239297,-3.0847255351499916,-6.3007431819881745,-8.65306459966674,-0.30264151704487746,-1.1819325687775433,0.5131141268359425,-1.6951865047604204,2.9854085304296873,3.0636216375922802,0.3965656444713505,-3.0125448491508915,7.047154048085938,0.7320447338137764,2.2101896456908827,-8.599145878231385,2.4336059681086053,-3.634139847833834,-0.9238457480807197,-1.5001742221627075,0.6815927460146219,4.227773083979873,-5.859285206519217,-1.575246431704848,-3.214527289810184,-2.8300998982096606,5.982330639284112,-0.6791029937878347,-2.94630894119945,1.890246329442408,-0.09752090139034401,-3.758630575942612,-3.322179180263029,0.7081192060277626,-1.3284749064230996,-1.1915310729616448,0.5209145315513238,4.0
-10.756023064804717,83.35708896270144,5.0389310499288555,1.1534547457460296,12.859874873542191,-23.040647770504194,-9.025353923883351,2.029464982305014,6.4676356297395765,5.195483431804386,-9.178848034996673,-11.694025488974713,0.22348945649496763,-6.344928216134618,5.036596376284272,-2.142187657513594,7.0579565400430635,-11.887854248432838,4.995953867004888,12.006836096662504,4.192230772850128,-12.063366862217869,10.023792687089626,-4.621119776972129,-0.290466261787547,-1.8360544714418752,14.265594096198697,-6.718136055775571,3.4809657570238213,6.959902160344125,6.976345672097349,2.0922638537101657,5.517391659502227,4.584031506566592,0.20703156441424733,3.3307278149508077,5.571949236069178,-3.6194002539163552,-9.351222867939978,3.7970142426627724,-2.856661355462823,-4.164400380162096,-5.079318265450799,4.510794772698959,-2.0510416808656498,-0.2737699564298588,-2.6043289072131763,5.435524339160407,3.101507920751086,-0.9151789486207565,2.0
-4.472225622355994,29.574146079352357,12.279063923527076,18.69272433716787,-5.843287495713995,1.3417735071619399,0.9095395263326046,-5.451534112164204,-6.2494137828468626,-7.621908441598692,3.9895462453495916,1.4082571783859463,-2.919792835558223,-2.0501096308034223,3.911229829388566,-1.3851481863732595,-1.6095647079685127,-1.2840455079599224,-0.9625228601258629,2.3809922027444856,-7.645477501701105,-0.9994181224053222,0.4508205947453723,3.5693564984199395,-7.000714321382536,-1.2308877697338991,1.1936963068288013,-0.03484708470339487,-0.08937070018217888,-1.7027326360798887,-3.516826212193545,-1.407653715721601,3.471555960261514,-1.3330632368621655,1.8759205829330348,-2.0340461804770085,-0.8483354409289735,0.5788562735521348,1.59490110115558,0.5346858357446702,1.5397939807649195,-1.835021944093417,0.14020371003799245,1.4828230339400708,1.085422542609895,-0.8648954467249956,0.4428587785457093,-0.8252948432919326,-2.4698628043319233,1.6715848994833438,4.0
-25.261371325364827,-9.500725067084776,-31.555146890352347,-5.239049782261444,-2.3388837419098545,2.585458932157088,4.940198518676253,0.2879511576174254,-2.1901015941858075,-14.325566148622974,9.33320257881873,5.270153867574658,-0.10302406571876939,-3.294245362176898,7.123448489448377,5.093147726566373,-0.34630470485033027,-0.8560408364457033,-9.061221219085459,-1.3114955680604177,5.645748254938804,4.275471369456658,9.312967164574756,-2.097615973511403,-0.3638110921417994,-5.713552243746661,5.7237948381246655,2.9168394977091183,4.269387852593612,-3.162136948308209,-0.6895884829646629,-2.503323816839925,-5.281339174849118,1.1428376814154246,-1.4243348071732316,-3.9326022567178702,2.9513977811647276,3.4303379949645723,3.129655054370854,1.6272630799012893,2.49995365260627,-1.9547297704497206,-2.2396732119674536,0.6974223596533365,-1.1857179085237266,3.7968438251556704,0.07021662228733797,0.9252736464566217,0.146588240798905,-3.9115286588969758,5.0
50.27632156093241,6.158197262779059,-11.054757747086722,-22.27236426497348,15.164078709968917,0.40326406357130395,6.7801447274365785,-12.854930260423835,12.701991663388071,-1.4244196490943828,-14.003403904630105,2.9450644393247174,-2.8548122288622717,-5.400799602972446,1.3812372454851056,1.6880840001578186,13.798173822865696,1.1570191529916174,5.0210589478801895,4.177727152530769,-10.382529844898883,-2.4209603883437114,-1.6125592037216845,7.010792445568893,3.452130666531399,-3.9695296835676115,-2.129790240699828,5.218784313590966,2.8003494887089277,5.915111598164639,-2.122594820698655,2.2924633931367633,0.7929160753255974,-5.563594353753378,-2.1436277904542154,-2.5845330451775643,1.6990938373038487,-5.430650293147272,-8.85771496118673,4.053392715718358,-0.7591327605750402,0.01159701413591598,-1.0104243741275387,-1.6715450728341,4.272161313058577,2.4787619374311576,2.5388957014856297,1.3978034397654984,0.4916800746302769,6.422145681945753,2.0
-19.118734627925686,-11.223664001277998,5.194276076865874,-29.708648935374576,-0.42636638769234236,10.740567949654968,0.8978994593892534,-10.48182684509364,-23.91289528216673,12.635804684647985,-12.626388242406783,0.28149797358381373,4.186806853519807,-3.8570008804375253,9.406686341997403,2.0839422697738175,-7.233509965957188,8.517795502864047,-13.00130801642748,10.140650693217552,1.3136607404862772,-8.5648045406263,-1.3868635076727676,1.1564965586384055,-2.851141991185141,1.5279006844760408,-0.6597218877423568,4.1834472648856575,5.560643534916827,13.05239670309695,-0.8814912938246289,-2.8688025462519815,-4.7961226733450655,-2.3666338734859704,0.1540792097564705,5.1220343400983825,-2.9255949701803887,0.016281674978143326,3.0660969113088408,-0.2380057983231035,-0.3655505777617195,-2.9627454712758348,-1.3424659294618873,-2.8709963173832778,-6.815155821180966,-5.494647841798461,-4.419059840442412,-6.066328410348938,-1.0329126569236784,1.3657298040120738,5.0
-2.3093770311883075,-27.929734875879934,-9.213815374280708,15.4921917536198,-10.090687845897902,-9.06896738834125,-10.734385179768616,12.62939790197711,13.679562887431135,-0.73876710813458,-6.827580709179968,-2.5343787693611612,8.199794432359045,7.543670534802146,5.745277122558499,-3.043203852520933,-3.120932859221815,2.9652838526219556,0.9526294070699511,3.0687124163447317,1.8090315560492245,-5.995152012840274,-5.069205566786114,-4.594872070302332,-1.2954004524203693,1.0258967808727244,-3.5806039350376127,6.583969862125389,-5.053121868316053,2.4196621079913037,0.44826829022091286,1.9517012870743506,0.8529460716583039,-5.967854144537032,4.63434577583887,3.142038666361773,6.758251286337679,1.5378601753156662,-3.827421754953864,0.9152742902758702,2.8258571280345075,-6.648022131688623,3.551972926179858,5.789099404538601,1.3889090403300988,-3.7557170865056015,2.63016337868572,2.478359353789022,-0.7487198181156167,-2.3775830600851786,1.0
-30.14281769882024,-37.29155765519837,-20.32289549206543,4.596560664859096,17.755381192940707,-8.604444111322904,10.783574459884289,-5.853965090576981,-4.724557974032789,6.6968024211144375,1.3678506206174716,-8.990996638066193,12.655756769307613,-0.9203701137192405,9.517592220656539,6.758982881992544,3.763501988141655,2.166243807316203,2.0710392864464287,0.7713632603378406,0.34458160959216166,10.372387409147667,-1.1359546622340055,-1.9948076000386459,-0.4858670208877318,-0.4443874791853009,1.5939890638025564,2.0066753346978676,3.9843303658260822,-2.8019108304749247,-0.883050134424513,5.217823113400005,-2.261654200029574,3.85830062389973,2.786352884252529,-1.0636188753872855,-5.218405314188849,-0.49877597871448304,-4.025119402853626,-0.9124769183075682,5.973419474753997,4.344977637501795,2.06661263552969,0.032720259539383685,-2.311144466946379,-1.7508208041996276,0.0987391516528406,0.9223318411437811,-2.8225415484773557,0.697201244240529,2.0
-9.727549860112942,-16.367077845553446,15.794502636328751,22.626233557322458,-8.718739659455686,-0.8689720221137053,3.7173396540307144,8.452579362824729,15.833719323984036,12.234511557647934,-6.861406032591457,1.0514792993680464,0.012838649475030597,0.3879905569113256,-6.831170608788094,-4.142905134313528,-9.359543949962156,-9.063543343952087,-6.808966147233232,-1.4925285061077225,4.003071359597559,3.8781452215018395,-0.5872731091740777,-7.52565887313235,-1.0716323216025743,6.203258526489238,8.575404224743542,-5.590121081245603,5.1445604543013825,5.595805459890661,-0.9957718228846923,4.561205555444523,-1.8494435334877386,3.5180192059128754,-3.3734573973424933,-3.310054407247312,-2.3465047933346517,1.054281126795294,0.8272963019061018,-4.542453829171292,3.383270375144171,5.821819977373383,-1.9049640146433475,-1.1362287147318633,3.1929814149731373,-4.803345839790527,1.4897942293587951,-2.1298406314892344,2.2769908415227875,3.128342639657477,2.0
-2.118834092441256,18.30846916040041,11.128785084649007,-8.796099793375708,-15.155890284521766,7.7244025622752295,2.1947634967213934,2.4648973529533116,2.346758617564259,5.321878056718581,-2.1797778607627767,-6.784602637316634,-2.931947716822234,-6.260732199096941,-2.4126922806202544,-5.002800992833938,-5.243762463842,0.8797418655927778,6.7489737744413185,-3.855196919553226,-13.781510106015782,2.3397053780032504,14.729026515052142,0.037500789387893876,0.6995181240113031,-7.795481576774653,3.5211141372808354,4.587986096177522,-3.3836891596061376,-3.4817840391262465,5.955707661038802,4.524804125175523,-1.6933226849740706,5.13873683300934,-0.9669557255488237,7.48825354538697,3.8679649275732286,4.835163673641222,1.7565106342672407,7.461412263297927,-5.66315807005008,0.9322824726299839,-5.8036375355057785,4.2665442477317725,3.6144296611628794,-1.9761415147765575,4.967078489098048,-6.26092134337653,-4.852651542785972,-4.622042579209408,1.0
-9.634586907810435,-32.06009333865795,3.0427004872982018,-1.357296546576294,0.15470640906450625,0.2941797380235922,-1.2304375009571245,-14.222144062868303,8.07451611466498,-14.313613657689434,-1.5782210833318195,-8.470997235463152,8.193543696795492,-13.11557906646207,-15.96131533477863,-1.6804209034807782,-2.7954664051214984,2.3357262043714546,10.773542356516137,0.287751352255859,0.7918617233442324,-4.724410328030451,-1.8920934265401885,10.465301326926804,-1.9222853224981145,1.9256815707060952,-5.10644822122017,1.8234859925235398,8.56271078086422,1.3980465546787029,7.850128255314524,-4.993223537417327,-3.0442952968287065,8.928337907028782,-14.533797189222241,9.723966258658807,-1.0817373001189396,1.5968768756205092,2.2009469766402336,-3.865711594332348,-1.530977668550705,7.950573406996598,-0.17213200798170053,2.1352032098617153,1.8397438353329811,4.045860391932546,1.9972071524203565,1.5982503052165569,-0.42050963401810704,-3.896329203227901,4.0
12.170554428580266,-15.08612725970061,-2.1243516561127667,13.626575731067767,-9.351304715948705,-3.7780899731146693,-16.0761150481565,-8.628131227987234,-2.2477270037027717,-6.205515690712968,5.85264784413137,0.18151752087648215,6.194858844084369,-5.347615524016062,-13.2394441811412,6.851090449433454,4.616773792760678,11.819126938067598,0.7114624624527817,2.135472472140356,-1.2454434570500155,0.18699122519817254,-1.8887273745411903,4.203215291857939,4.9499827869938064,4.046414547299908,-3.5522016807472907,-0.47112183936417956,4.00350492760381,1.782220065294545,5.591483893331951,1.9732082682587164,1.0768442030479783,3.3450072807355684,-3.1433713873596334,7.945863396658427,-1.1153338030506996,-3.347426181221263,2.3158860441161226,2.4641635208333,0.8052336072356683,1.4872519652679825,-4.051971860535852,5.774769732052305,3.3888149175369344,3.2548462235061932,-3.740949789604566,-0.976950851072972,-1.513323797118628,0.6076982909839531,3.0
-6.730530606389559,-20.158355111763026,-9.249695811699803,-5.0916366983925405,3.636689185482107,8.82342928989512,7.9471766466478435,-7.8853508317689585,3.973481944367573,-2.897337929502232,-1.9025639219167192,-0.45388697816635215,14.206031939731554,-5.990750723321932,-14.476570038770337,0.02380346891227313,-3.070146103410672,-8.394289695114617,4.709073403892491,-5.459974418545875,-12.063407970342375,-3.2096169244205623,-7.186290174869574,4.7363171270235185,-3.5613546926892887,-0.435748477871297,-3.492393560152616,0.039991451322283086,9.216258853334981,3.7946950259813286,3.2422195372981455,1.3666411549534387,-2.077366706070744,2.621913454761499,0.2534729020621262,0.7557128891399642,-1.1135539348555141,4.247379653192367,-3.8109848905626618,4.904059717251316,3.3787711232681668,-0.25474708521745115,0.4017856156028233,0.9868108425127029,-4.198204866485924,5.795968130513327,-0.5645027416354836,0.5582768073684777,-4.68591127220147,-5.023380452393593,5.0
37.534424870139354,12.281294818896914,30.11015615595857,10.458977518417298,11.493878941811886,-9.617443745153233,1.069122971533309,-6.276695595178533,11.494132911229414,4.983831355804994,0.49825007698213636,5.691658893233368,3.5223243599486844,2.579662846253824,-3.0236961889569147,-7.670591976161598,1.3593293466044905,-7.904308622441006,-7.059674311203941,8.608946514251299,5.864030985239083,-1.1368548294224976,-7.108698351473307,-8.133723658006723,-7.606922042151113,-5.136720327271834,3.8615117473404155,-1.8220358924498608,4.396284378596066,-4.337824751367969,-7.184098946857998,-2.825956833530632,1.5244463434110747,0.2108231176916797,-4.685702071704409,-2.8969596563691695,1.6395496047730593,0.9499014142048774,4.326917322382963,-4.902783112028759,-5.8740101615302835,1.1691708492039596,-1.6586019450475407,-0.30435005465270837,-0.8309769678154113,0.25054179882017147,-3.9510412631474785,4.211151291019828,3.4106434510221777,-2.7101179773975272,0.0
50.25974487061298,19.850338539831743,6.940918742534396,-48.78682169813039,21.71301819922431,-22.79857788255194,-0.9625069929689001,-1.8606107918837558,8.935195851116134,5.172716632875394,12.672956264997033,-1.4839702319304764,-0.4042112931230456,-2.6254914711454296,0.7765575050743886,6.396706073013763,-12.872530482889982,2.3855704913833713,8.452027877730206,2.532837721760852,-0.5112518019269919,10.2963030400855,-2.463201988258531,-5.017322717770614,-7.320075582765504,5.483975415672674,-0.27723116395610736,-0.38591862937203025,-3.4133731558576366,-3.035068928197999,-1.885839655642017,1.5190387084976673,-3.6812604413944534,1.7537217423446247,-0.571202656260036,7.730238154512608,3.702989783191388,7.014343255958428,1.8533185177833578,0.7013747021924361,2.704056097922278,0.1827360962901174,-0.01639403990462862,-6.9849328737129595,-1.1015108296494784,1.6263700373529404,4.563892868789764,-3.5854980317059275,-3.852193457758565,5.324202520312831,5.0
-24.17271622162065,-31.2882143627907,-11.566935425102564,7.373477045289506,8.627173209363182,1.2550680755276213,12.75977860094025,-9.622834576305213,-1.5191401480462121,-5.492766740451655,5.11530174183615,-3.9676829386233194,-1.6445834680176266,2.670203575463337,-5.1633543911677195,4.447412612140294,9.121179984839376,-1.7378528127648392,-3.3157016276612183,7.0066574305795655,-2.884062456413702,1.9146862447956545,-6.425641050285403,6.037495380955692,3.554760723292259,3.5764652080897217,5.102691586710125,5.973308981307601,1.7312353398901572,9.441225402596627,8.507811094471437,-1.4400408137608132,2.027153054472283,1.6188483292239921,2.6425324603642757,-7.03441351866601,-5.5212373223936355,1.6315833502337023,4.222427448688024,-4.1402642271676395,2.0734252037694203,-7.5587578546033996,-6.194720784451589,-2.295614393404206,3.9294973882644144,5.092960972476067,4.001068526850767,-1.866865171243384,0.973152550321215,1.0449881445825835,5.0
-8.463866112532525,6.495737624857038,-26.53153367273761,-14.763088856059582,-8.29048663598732,6.729526656057293,6.090725323396796,-2.307142431536849,-12.240535962979887,-6.325678218781492,3.1137358049528436,-2.3980990613820246,2.0486991117053184,-4.014373924166561,1.3010752688026608,8.107144472162174,-1.5190048123502677,1.0629767960353633,-7.653063620217266,-3.1292929146648834,3.3696515210893243,3.79998646188832,-5.884354198370703,-1.7826858728181183,-5.7027739077589175,6.725149608230806,-7.1337463163184465,-8.069717594373541,-1.1921724247565144,1.9047933633694132,-17.546476180153448,2.9160678271585843,4.05512092060744,4.723195661738607,1.3114913061789248,3.317593618795291,7.708636031709182,-6.0560810985410845,-3.426627380465956,-5.3357949936693885,13.155199515286956,-2.7457638287186863,-2.260469225328149,7.259503216004249,0.3071040325397543,0.08942145317565696,2.7635376317906277,-9.712142700863064,4.13698600406492,-0.8566387897526571,5.0
80.58651814851173,-4.101882961529051,19.471392026177238,-32.66696095763503,40.01632128043729,-21.878534187364295,9.758671838656872,-5.33045191663082,13.806954641449536,3.7261946064723617,30.432495970082886,-2.472430991845099,10.266994782181408,6.0724804689047085,-5.031684324381061,-0.7558343863004686,0.054099532969401266,-6.881297371333235,-3.6226675459125266,4.451833913852873,9.756357179359078,-8.327684610583633,-7.60313809476049,2.6592066663614586,-0.4145116385004609,3.3263438373808882,1.5302100536144099,1.128367375339697,-6.616164474974178,0.46449507208642943,0.5199257849166852,2.405017186890857,2.3274132467839848,-7.259004306584833,-2.8713853175117685,1.2228918232109391,-6.271330757689254,1.557411280334987,0.9915466752862093,1.0105118445556172,-1.2849745411217532,-5.576024879785843,2.655500705820528,4.814017696907278,-1.754535449814723,1.7532915413454742,5.947554879283624,0.89509806758788,1.4553209419801434,-3.091856622112476,0.0
-0.07193957009159675,-15.899467616107417,-17.553242620168152,3.2266982442143455,-7.2538885846887,-10.12155630636895,-12.541549482496517,10.058262739241544,-1.0827941172652027,3.6731570082942255,-0.04692986462806772,10.753423977158114,-0.12962052969955098,1.2399223066894396,5.637802528154133,-9.6850725826651,-6.240166530253527,6.219164611224899,-8.764506711702543,-5.187167795046875,3.3442838384357336,-12.118649527127591,4.402159150698877,0.5458180300558327,-1.1790779965339215,-0.012537289589126156,-2.008890100182777,4.681238617357434,9.191730202917148,-2.2488307548649193,1.009085838538487,-2.6381574288750755,2.4604923308071296,-1.7316715203082993,-1.550387870418604,-5.66634006750071,8.460218038013988,-8.206385343136239,7.330181032136119,-4.964131740875546,-0.6150902311699143,-3.1783004407748314,5.068890925085057,1.5460070860689377,-4.395206139965002,2.069050298671017,-1.8564443658072813,1.0890025272532016,1.851644599771407,1.096704737704115,5.0
25.384875111422257,19.06134900759639,-15.146986987132378,-19.56990970765415,-10.409888048987284,-5.351782889420419,-7.5043511969197345,3.172475940838068,-6.169717396128806,-10.096044033619089,1.3910033307777758,1.503085150972624,-8.353092034620168,-4.704990024076758,-8.288835820076391,-1.1355848763578198,0.8804597379177577,-5.354326362434622,6.073090070547538,-0.9602379680322407,-8.636620926934004,-0.37233923657062395,-0.547800393286979,-1.0621990871225557,-6.854452953581624,-14.519301493647967,-5.178417415796684,2.9384331645675936,-10.253741997215329,-2.2580515068516838,-3.949926243993264,2.249809553771767,-2.582241233505319,-3.2411969467009456,-3.3217957811425602,0.6025656926116548,-3.2286391773206264,0.5302142375849531,4.4150551247300465,-1.045249684776953,-2.3606900559990325,1.2113054456717312,-1.4579363498062525,3.4354122171337216,0.3278632116163823,4.367342092014985,0.10043362086283698,-5.631270170785893,2.4579755617667054,2.0884425636825683,5.0
-36.275172131333335,-12.191157354864872,27.708796370447455,-2.42769661082023,-6.9557812918348985,18.794327672565885,0.35627596352441915,13.933163732506317,-13.82750842471921,-1.5359321415676324,8.290092750917063,3.714618094395757,-4.917828525069256,2.619484290623223,1.8812119120038624,-2.1042176708715123,-0.7594033869832372,-1.3168499659394535,8.246497651425004,1.0176203480505204,5.966950306436329,7.41970736918679,-11.345657787099462,15.147771120048871,8.154608153181549,-3.8607720898218645,8.227423986506443,0.4835167971352703,1.7845429729811073,3.7640461680745667,5.47656246588906,-2.793502141863854,4.34034938885921,-2.78973421243487,6.264081731708653,0.23721861038208705,-3.7864290936304226,-3.274763676808401,-0.12896260728743392,-0.984869084895326,-3.4161860883936352,3.6616359394220765,1.0081686760745276,10.56319991008535,-3.7165177604865662,-2.2604109135393182,3.080392579489578,-0.6870347142513535,5.066688210700079,-4.677045057803173,2.0
36.17151115609133,-34.182707550083414,-17.61340631359543,-7.949659051870046,8.395857500121597,-0.9316490332004495,-10.755369727244151,5.009782413258314,-5.268662115183907,-1.5432014373315641,-9.784594112164584,-7.522205493916081,4.642808739686606,3.6794150838105963,-4.72102739027754,8.03667521853538,2.8863377887252692,0.9331880232266223,4.799251430855591,4.089008390163413,-5.146861321932876,-6.851069761020695,5.788102231185707,4.447520025132006,-2.032728626054371,2.2957000839488964,-0.16134066789134677,-0.30043790591774877,1.9581093301728076,-0.7667044029222152,-1.7236884376341632,7.981417051564209,0.23567077169705924,4.281554908775991,2.575861542495757,-3.216794089859784,8.643858908177414,0.0011031145588255957,-3.365941491168753,4.35934982689905,-1.4992919716047852,1.5069352914037055,1.6744143266495863,-1.6521331025087158,0.9761172449105541,-0.12508955076230902,1.4835449874955318,3.6081190415246542,3.8659763362381474,-2.601022227532588,4.0
-22.59842686570546,-22.865810471055134,-11.307318878253309,-27.86950754784969,-5.8179577446065585,22.400193883102236,8.887388194407896,-22.151766871185504,-6.526952230803616,3.731299931701273,7.673807036543411,-8.329507992428272,1.9795329350313855,-4.9209942115966125,4.454392254192187,12.564377287817068,5.46298760233121,-3.452020509346946,-6.527885831761621,-0.6667232712843881,4.858630125697255,5.46005797038262,9.357050572238208,-9.703952043346488,-25.54671884779806,-1.7396750903751184,-1.7353608801609899,0.7456867315628883,4.333633289727738,5.267337081350152,11.338946028936915,10.788932263294585,12.898518507639041,-12.117851890080711,6.969053216675508,0.8684883125715006,-9.798481541760738,-22.442883381575125,1.2487316043792602,5.796685135836824,-1.7886753599047185,5.126182100782933,-7.853966191155334,6.621745401440121,5.602409373691384,-3.7306548920892104,-1.3110923089690683,3.9819897097485297,0.5847278497265612,-6.851844385743724,5.0
-6.562974934305172,-18.667075127353623,-20.62012544983759,6.75257012700889,5.222797526695272,0.19437306571358803,9.03773476485002,-8.0380771421612,-1.9205793951332681,11.178058238645937,1.7805539292727945,17.09812840180318,-14.849660606153364,-0.3438534888459152,2.154209464790222,10.017216127780413,2.796572868754814,1.4112857575628026,3.2581766009633517,0.07110550518781879,10.588666137850048,-4.551169951609761,1.562777650887397,7.031240811451838,-3.249508836127748,-2.609056759291266,-3.528585524317276,20.568406506758834,6.502128326712741,6.137835320332411,5.128211204505029,3.601214722741574,0.009064348652415097,-0.5091059624531394,-0.56460775633972,-10.151614466683203,-1.3631495878030953,-0.7345101948450466,5.584311815791656,-4.65760166511169,-4.482835256139411,5.220901449631239,0.2796330158735147,2.578523575867416,1.5801488624899265,1.8823163749432188,5.375888824719091,-0.1566043874730386,-7.1059383278348704,9.021604604047964,4.0
3.5267254634675593,26.080019926807978,1.620613007244607,-25.504872785608523,14.592065903689894,2.4885870968200456,-0.4832081632018242,-15.86455309044609,4.328014696990879,-4.589700047006551,-10.475973603186874,7.343653110395629,7.471714331269599,-18.818664228652093,13.104814909445237,-1.3952168736706265,2.377684352336227,9.770031948066233,-11.929926025151753,5.961010148662688,-5.944557246043548,-3.3740833767033833,0.9547187694432404,-3.397253728073944,-7.856706287490763,-3.6627241732462448,7.20301010752469,9.706976775880355,-9.540352575681053,-5.674230585107633,1.9006376900365656,0.8979663851320849,-0.2759048453659535,-6.418930408387679,-3.0597432186680718,-0.7308976603651639,4.2061984701156545,-5.972969910959449,-2.455032688938532,3.2081430778465263,-2.612555091619771,4.4746141894423594,4.14569954151001,-1.627935447321605,-2.620558579643442,-1.3433014150620501,3.810543954880144,-0.00042327642343877335,-0.8409543313573977,-0.5870980235072469,5.0
-25.778250768278753,-33.28711320493027,-7.507271755962038,15.106538605528367,11.160122838837788,-11.977881673136114,-0.46543115092350934,7.564020439710924,7.611525235644458,0.8317896508741817,1.3778031819179064,-3.8432604366705942,8.131620575243478,-1.163476551763563,0.4388775962858374,-10.266362867683526,-6.637161013914195,1.674685474957063,-3.1212137104796023,-5.528646823840997,1.5657552010067068,-0.19916649981429324,7.424215814043397,-10.458125171842262,-11.590287526420845,-1.3921838292638802,6.8106578691121795,3.8009040064887833,0.5199618884248187,0.738900368419494,5.024977657347671,-7.99409433480978,-1.554286295395092,3.4514110984171005,0.059637664732830366,7.483917052334925,-4.555514745645512,-3.198168414544484,-2.0472146571802123,-1.0892930684983493,-3.7529887710539844,-0.015093800432708715,2.9179691776813437,-2.312320995680363,-3.3835557359007744,0.5630531952055238,3.226162619144278,-0.9536961437790037,3.2035816977503235,-4.404318976351593,2.0
16.655231639321013,-46.91528750996284,-14.252780823563864,-4.271067903688489,4.239003185033659,-14.417172651687352,-6.283075702724288,-7.247467876278859,-7.9766468252461715,5.085049409796945,-3.9833534564293194,-2.366239107948608,-5.167130188398348,0.47625552173408436,0.04456801974937658,7.44235460922387,3.17545045045819,-2.0660370053902843,5.0113008700837804,1.3022213837012544,-0.8768857727418244,-4.422914670502043,-2.1949383522174433,-0.683214722937602,-3.1865148368912757,2.1835808288320573,3.0569633659453395,2.573357513967708,1.8082592674257267,3.542333244677223,3.732575396658302,2.6419006256082405,1.9942006640933387,-1.4888124455017997,-0.8680354951257857,-2.142729825245396,2.720901208289594,1.4639093633482387,0.8047781705955562,3.5721761668065977,-0.1804584619798669,-1.6348702943944833,-0.1571104468607024,1.3977660436979489,-4.035903226007343,-2.262220272671588,-0.1799328649381301,1.675171491911353,0.01765968056406894,-0.9570519875127221,5.0
-3.6097945434211423,2.7669036412188732,0.5466291778237696,-39.976883124821356,8.110760049876271,1.3981604518064048,-0.7531872137790605,-8.14493648880016,-8.54424316108289,-5.275128962803639,-18.230828703541754,-0.9290418826536695,8.93037588151475,-4.095625356810223,12.344738806266156,3.3713943067704375,-9.17967878912899,6.199320442581018,-7.810779201212546,-2.4842311301327435,-2.095718749874933,-9.593803418042272,-12.096448053626519,1.4107095439716621,-0.0907743789978552,-10.760493179661507,11.860633657885893,-4.501310842611913,-6.766370831385774,-0.43148453843670354,3.935940087873384,-7.6468434493659485,0.9255550638232767,3.8026842734878894,5.0396409741536665,8.562999230618058,-3.8113943857316137,-8.735357285319543,-2.6905798769275178,-4.907165507020761,3.729576125981701,-2.7062036809727807,-6.640449771213684,-2.693574473481809,7.91132163857812,-3.628635693170886,3.7302925833662193,-1.132334200331433,-2.662933625836137,2.241502837529054,5.0
8.49551131285336,14.329714144117633,10.851799557384524,-3.896744310292345,-13.140953720193734,5.195615640133719,5.265102872270893,7.287690519297754,5.984633701298113,-8.464394211389092,-12.264899102303678,-1.95806648128198,3.778216875638953,10.188979808565296,-0.7653776606204235,1.215514048838027,-9.070388920992894,-2.8530475040556453,4.804162559272758,-9.378603390869749,-0.42026176868330306,-4.519909652984943,-2.4756857814608884,3.4641849447954614,2.7973294074807677,-5.1775305243992795,0.7410223857828627,3.163148765095159,1.7516720829705101,-0.26086130146273434,-1.921898149035707,-0.6100383116780635,0.03068048946788719,4.009511753542082,-3.8200336246366198,-3.32662632181837,-1.2219194930441777,-1.2016166959958623,-1.7421059554628624,2.5578788513022053,-5.2444890103110176,3.1052030488592353,-1.9546043237131085,2.011189946074819,2.001959907158878,-2.876297742808154,-4.158514105610368,-1.1854737226513496,0.9085577559816685,3.327671840490434,5.0
-28.687131742643974,-4.693161840403535,33.27157900503544,-3.919816037392785,1.0182859819006533,0.19187516224669568,-1.4524959323329665,13.214987524158982,-2.803397228002192,0.8217020283266073,2.448824169649939,-3.438426253336723,-6.638054331609662,-7.3596514467974785,3.400672286636082,-5.231780378523042,2.584008531442913,5.148636406168789,4.397771127163169,-2.087622115377228,-3.9317813376757687,6.031597979008919,-4.068436891170931,1.4857060474545905,-2.6149551298021145,-1.9802278364557857,2.7788843062933375,1.3147567129649715,-4.758824345211185,3.018000323416089,-0.18165702640654618,0.6827633451559579,-2.2157531012858662,-2.4236705029150603,3.3796723873887236,-4.743246341840868,7.579911762991627,-2.072847616678835,-2.524390636063822,0.6446445647692203,-1.7191213610984886,3.8479593433969113,-4.567478763149972,4.12091831749734,-1.150151633461036,3.293064356838889,-0.8587367238377185,-4.21098167557429,4.064824145029282,1.2506194663072918,2.0
-12.16821252207239,-24.849864944319208,-21.12235320455512,3.7803531271475865,-5.517707187316282,-4.839742020811148,3.1161594579835414,-3.72565545358258,10.424446841565018,-4.095789751432423,2.5375330966379908,-5.8334139539442225,-12.47420799470916,-2.7630507878921593,6.504955773092671,4.108012671942405,6.667194877014441,-1.2442948945915888,1.2317966446044641,1.5262842369249463,0.4330978019515383,3.3191781551793667,-6.768609614141417,-1.4877533851170988,10.924671713581555,-3.7986335639457844,-3.234993954248421,-8.714890868465726,-2.2205461208562096,2.579223022955261,3.2837432901731427,-1.1710796404170425,-1.1542149533761406,-2.485187417656961,-0.7893672977501097,-0.5607667439916151,-0.47807876395066384,3.7008176644510464,3.9609190605789064,1.9284958598864672,8.672617057735858,-1.2781612439232908,-3.7778316254240094,1.1771863541290764,-2.8228293063110335,9.842793562903655,-0.7539913822839052,1.1748454720328423,-0.2857778323021518,10.907669742199426,3.0
-23.732956563593323,-30.938703896710113,0.5620143363349968,1.8917204354511163,-7.136277096607602,-1.0827404721249498,-12.630403670598291,-5.641473414306487,19.451582673546167,0.09550841087955479,4.206903959130422,4.597106220696428,-10.115750198853084,-25.90509231083465,0.27822848140942147,0.02348329551318762,-0.8313369597365505,-3.1272759386983253,7.156739182584635,3.9049654861660974,8.942771391625127,-2.627276913182119,-5.507454035887811,-0.21081921604321852,2.1722946937349144,-1.3541594319792538,-8.082048067485214,5.238830311350702,0.5091453441006796,-0.36568044494058,-3.797074540968159,-1.255040929302225,-3.626719472828304,-1.231256500014559,-5.179449317836892,6.374742968627937,-1.615291150644974,1.5840441616602783,-4.472888705347705,-0.8092605272427753,4.087902335924559,-3.1389844698835336,-4.384029821764923,5.649952259803914,-1.5740830537989228,-2.328664939775132,3.4508566812615973,-2.0362936686052038,-2.861436641000774,1.078509315758417,2.0
27.82422492652329,-10.943632770683738,6.922294684471771,1.9994413460212843,-12.225722079223354,-9.388013104667502,4.040382130992329,20.8377670714441,9.746415943425067,-3.9194180605969295,19.0996509105676,-5.684741159620422,5.894447619967283,4.5430964102693325,-5.705401585157524,9.983168013787566,-10.2345142101778,8.996308030434045,0.16046223899739967,1.9810010039301902,2.1633343462556214,-0.609984129363653,1.631717744823696,6.576005378514753,-2.5783280615069,11.848794395208706,2.3648906878112665,2.312174575518561,1.588926241490114,-0.5154896233795222,2.534210282486362,0.011393303937745654,-7.770197932617217,-1.3375283531937552,3.6015556333582435,0.7670415213273986,0.2562590033916319,-1.246538005917885,-1.0538643753788932,-0.8015989327605719,1.5106345748355205,-0.9709390376270174,0.6392525124848968,-1.994472855299999,4.515772459300856,-0.7877606473341742,-1.292886194185767,2.1945689560521946,-0.6796049803672719,3.5466096699128764,3.0
8.44100354531071,-22.81767099016974,30.985699107902708,-13.159315504994536,7.446675813823039,-13.800053930421313,-14.514013655264753,2.1381988251987045,-11.702626804532564,16.11540736725567,-1.0393354383261926,-5.43734463458889,-7.88519248039146,-13.00332713895032,1.2483044894893016,-0.8354157209409729,5.010617091653607,5.96786330637513,0.47968283861046246,0.14059955585143272,0.635934919845684,4.110907276766399,0.48490121425544036,4.92910171477214,0.9543304926251347,0.2010059731111038,-0.2180033368417476,-1.4141356191227386,-6.977971300738254,-1.3263258024781466,-1.4490319022554554,-2.05636709081103,-0.053026164073568464,-3.9643840896392164,1.2953068988787708,-6.332199013535377,-0.606828602972418,1.4795068558214768,0.5993397602771315,0.5566942561670537,-0.7349211277782517,3.589310288294364,2.7944090415327185,-5.118989506357049,-0.19840219156256692,-1.1293563264206417,-5.087964657980497,-3.241476144586616,-0.055568401185355686,-0.5975430103725281,1.0
18.15299028650648,34.937531784608304,4.455121743662065,-0.272484277818989,-0.9681224725935026,0.08566219877829011,6.296547315083646,-7.285062131042219,-0.474284830099686,-5.721055969845824,-2.8102332017905973,2.353204434598351,-5.382741290720711,-0.07535637140547712,-4.850654850456801,-3.0633690276224126,0.8651905233159721,-2.6399488493416015,-3.8393261704864714,-1.6754908525907524,-2.122373084353108,-1.686998313232367,-2.787989309786881,-6.381847853952305,-0.9131126704387664,-3.5206645403416164,5.282450500551926,-3.2941631862118017,-0.1947785971883757,-6.765572753549217,4.264542466637082,0.25276360678749654,10.634061608343442,-2.0204189284020617,4.763129236025407,-3.3601027760692666,0.2791483003223156,-0.6049352431159802,-4.969233405698091,6.05594592629557,-4.9391708910128775,-1.3213663388671828,0.88184158249579,-0.3361773288821744,-5.945123471303705,2.1566588185157776,2.0157377987682,1.8543728246605538,-1.3697121228173603,1.7165363811446255,3.0
18.284846302510484,-5.324403638396621,-18.074222842781506,3.8387106596071967,-9.711004386237885,-5.079387068408648,-5.6804606507012805,1.9030533899065416,12.743438049968933,-4.900495821083206,-7.8664385143735185,6.234756928970102,2.2708924464476055,6.087908241886792,-4.642115237794806,-5.984806700646429,-7.001797818889959,-10.03069292274699,4.84230534778704,2.749256528089459,-7.017497079224085,0.8999616821402104,-0.8400853157089445,-1.6195061603647742,0.7044593810213527,-1.1586340512363207,0.7099565096107211,1.5743233630351385,0.768479660965641,4.719921830950876,8.38128558821982,-4.440353534954868,-4.532264202799779,0.6441105501378371,1.786699896854576,1.341050419562112,3.9508040701330134,5.0602544966739185,0.6417286202382407,-1.095730451419182,6.864264499054633,1.5075283713320926,-0.35243825899386755,5.183907488845612,-2.3994127279430226,-2.395858208645316,-1.0011928405161845,-1.9628023391797031,3.104006152422979,-2.1845327487519004,5.0
20.174998330752267,13.588332532437288,-8.877638081931023,-0.4022800029778221,14.647426667818241,-21.608043107467758,-8.190512882179215,8.043549623143766,-11.799236579391314,3.5961724079648145,-4.808513643265778,10.49051156645179,3.030058637281896,4.184594519294019,-0.614038351357082,-6.435057534326096,1.5750312572326048,9.010952347820382,-0.2567288237872932,-7.26993979906367,-0.13050291930709287,6.3951261057093625,-1.316350594537856,0.5684148367660777,3.728613670493004,0.06900365815338212,-4.689620670044885,1.977190270610734,2.6772507308630376,-4.547315817850589,-0.4713592482862045,1.9289913527208602,-0.6383030986614456,0.29965148288537213,6.720399446623315,-0.988532109927314,0.9087613499368764,4.7590149018143935,-0.5725684148378167,6.193106901157343,0.5371872059091719,5.662746384929603,0.6963417339688152,0.5970335667631523,2.0383114265408886,-1.8406634989878428,-5.767524752435503,-1.7816844065302833,1.6106826807876347,-2.796120840591478,2.0
-32.2429641476236,6.188751085717276,-8.368804496525673,-11.907514651913546,2.267382607242255,26.78816762582356,22.115446470782523,-24.410918450316792,-1.150305752955516,-1.8521286223136075,-3.754764732730482,2.4679923281408227,-5.342450352000163,7.810729663205781,-9.441323886622714,7.682713748693524,-0.16526622028308796,-6.795297583822227,4.746082517499266,4.87256251994291,-3.9299150496918567,3.2614368404361316,1.4137185580805856,-13.971480692000501,-11.653689739087692,7.258909234702536,-9.864224800044918,12.579432523039296,1.8967044084634384,9.457166841582035,-2.5899820102839737,1.7790190282465455,-2.366545887591077,-14.138793289329946,17.15815056150599,2.9217621934095175,-10.69200934058384,0.3348964495683522,0.38970863642772363,12.606497075722398,1.378537962053904,-9.980592152247157,-5.2650624495116745,-5.540232806028354,5.666913089444832,-5.684720709884219,-2.372871082969579,1.775653884125176,8.814133020016296,-3.091927377648196,5.0
42.16610700561677,10.400512984947326,-31.2158571113641,-17.809517978426285,-24.76688458495489,8.301611893551907,-1.6334356704066393,9.671910849992976,4.202805017059821,5.767974494706526,16.43508725776975,-5.596239112818043,3.9853529601456716,5.576668483520455,3.645761979626136,3.9559944129940336,2.6637689323420526,3.7947221424762367,0.2278235706514516,6.620266351149885,0.3658326949336408,12.12641426194878,-11.568647722761392,0.12834421321624992,-4.916566524289292,-7.285441580844798,3.6403940691718124,4.466915946110351,2.7252272773431625,-0.35163052069674067,-1.2061497555425458,-10.523870099896996,3.9102710859979264,-5.387510845487584,2.418654796222628,-3.5496164403726254,-0.39024680947501783,6.019839717358487,2.4671148037695514,0.47271516105412426,1.0657400283111458,-0.39616579065544444,1.9080520417483033,1.7597141188443128,1.5309419779720543,-0.0705319210694337,-3.5846040002804767,-3.990028980760323,4.504383888901142,1.2499298296193646,5.0
-0.5325076004429673,-11.29003108238972,8.627439339639588,-4.669486848064833,6.09423507152476,-7.968298452487874,9.534478158704841,5.878868300853131,2.4290348295847872,-4.055224007116216,0.22940313816916208,2.0832871699797124,-1.4778163143872258,-28.272813387983714,-1.0711460306487204,9.258455462635618,1.1049542602720175,-0.23034082585368826,2.8285115213591845,-4.641816288566039,5.690254545907274,2.5396871139636352,3.484627654498086,3.149280828748522,3.120383172689765,0.10485189388393261,-7.810081830897147,7.928077171390344,-4.723106989669636,-1.9063430092488736,-7.573842889812545,-0.5925273165109782,-0.8307260323714994,2.764254848315878,-3.236949711195125,-0.9051166048341218,2.2740395230640873,2.513033927120003,-0.7705476695870748,4.106026467713452,-0.8349352569371633,-2.305053477894939,-0.7069726738168076,-3.355162648496226,-1.1576506366383588,-0.8364816738837842,-3.4165728473350443,0.38002632784990853,3.457620396220358,-2.5130183546368774,2.0
-14.590080840792194,14.34586962783247,22.309821544263237,-16.872300610300112,0.449128688979414,-4.508514157545919,8.711656079048073,16.080254620095456,4.20397099705588,7.756402110040767,14.642006641958085,-3.660616628890731,-15.080334168048871,-2.821591903494221,-1.1356679848449633,-1.8217122375731971,-3.367984917495008,4.094332144088538,5.247049081456713,-1.5548653091362867,-6.33370124946364,0.4317319495167114,-4.4945956457796274,2.0254113840884895,-0.7311890985075972,-2.3265545647671697,4.761446626269385,-0.8143583463991481,0.11612415436172277,3.6413678493355897,-0.0647053289444491,0.2725364027370692,-3.2809888681232326,-2.8685212844274566,5.860536194192501,-3.7243849058519967,7.267643181275769,-2.261952282515581,-1.228311036146573,-4.200257790257708,-3.018433169703945,2.3356724083628424,-2.9148408868324283,-2.354598568124805,0.08396114271500796,0.9316131763693903,-3.042396502799727,-0.47331886963042424,-1.3080476473827136,-0.7964238148015483,1.0
76.68658376894078,-51.15316477126972,-0.46491228228705667,-17.76128692361024,-2.8476152611648344,9.815221448922784,47.25916284162563,13.146092041874574,-10.978059739257304,6.476128429640101,1.9289309033952244,-10.866928094795789,-20.48265806480967,-2.902853129417619,-7.036459969813155,-6.869398643897971,19.60470784438675,-8.364432701151197,25.5291689851986,-3.978474601262148,17.255483540773177,-29.3869893393939,8.444726646065932,-12.23785828312825,14.785239608592823,6.025753310779357,6.673501311326226,0.4560850084018103,-22.287935320394016,-6.530696739714345,2.7520474823177885,0.8365302184885699,7.099376806854197,9.431385753190678,-9.424453126554358,-1.0226786750068766,8.587449701786891,0.5626879959708199,23.050038737949986,7.011260024664763,13.253370191560029,2.9032629503110434,-12.24804690931875,-9.649241625684196,11.201212489297477,4.418851045245897,0.9692093139454884,-2.2135378414025033,-0.11526699941728104,-3.315842641511638,2.0
-17.753577739237326,-0.5778593374715761,-17.539428067597203,2.9253066443085314,-16.429633498440865,0.9856263267964861,-4.820896461739027,12.279786929643622,3.086822907674641,-4.925598708323627,10.470886012135505,2.8414630186372323,-28.331720878002887,6.791430534555111,15.260545689566932,-10.638809767614676,9.257984554540993,9.987257305331077,-3.5303190039467878,-8.51381734222086,2.397686032260125,-5.717781630353029,-7.887871738717455,-1.0631467240815966,0.4484506976715609,4.891450561175561,-2.373469392429981,-11.251993638307153,-3.453540686585403,4.282039890000549,-1.9372977300209777,14.325366339183145,-11.351226338616868,5.961749893800782,2.560416255360049,8.02252617925886,-3.4096827264094802,9.234611767006818,7.9655060946878855,-0.3873933602218689,-1.3867115181777614,-6.634348521900194,-0.012432261553684392,-7.378344967859626,4.709952442025321,5.325191084130307,5.248132036515083,8.203454287802002,0.9617589056769564,-0.11034613208049047,3.0
25.598249872610218,-3.5879331347974537,4.254592136454425,-5.511200526332288,-19.839127516736777,-2.0914126669806485,-9.625251529183226,7.512767971202789,-0.21815085079530874,-17.264264781039373,-1.3708537962335416,-5.129654630710287,9.596164169722694,3.053271439486208,-10.114090996577824,0.2521661881702989,3.3278613244581625,3.297425785501221,1.4474230553484804,-0.8409332833634061,-1.941635030670244,-1.169500996591196,-0.841736031978479,1.4070363044150913,-8.49200105606812,-0.9591008421491491,2.43972195907052,3.1197939454199597,0.5672572450575455,-2.433492319959626,1.0255079569004535,-2.8769033555287007,-2.2089386236595003,-0.00572830762449467,-0.13351720575916323,-0.41117677833611266,-0.8090143128127089,-3.4933477282278482,4.209436921088721,-5.308046872916643,-1.8402334309785269,1.6734706654495053,-0.3560192723392553,4.84693349310281,2.1790658287212237,-2.159448500508875,0.6075492698866879,-1.319604034212287,-1.3793367759736175,3.17076069189909,5.0
-0.8851821394821624,13.821963318594552,23.08372036653083,-5.979434266730607,-6.027270943915171,-4.025335765675021,5.6404268262134325,12.49511286906225,4.638397894979746,7.91596828811403,3.8621372974946913,-3.6423715165677018,-11.982405699946003,-5.754904544046422,-1.1071221848133537,-6.030426437953586,-0.012918701797619121,0.6278184508086908,-5.3899005403285,-1.9663775417073992,-2.48290317064487,5.160657193190057,-7.596528618082541,4.196898595550409,4.702271333095004,-0.008199685816034192,-3.9762995426664367,-0.32914656211996357,-2.416869927646817,6.657237839463472,8.715969378970595,-4.274025353672875,6.332282339953779,-0.7010786393311006,5.356757145840806,-8.002753683179844,4.821120724965383,2.292514284601016,-2.215951422561762,1.8183388832164917,-1.6737382672014967,-0.7576852178744778,0.4093565513714485,-1.8231157312760833,-3.9707771974409414,3.68426122232755,-0.4174143404888298,5.2698064766140895,-0.6755295443106463,-1.9852525074314,3.0
8.338011758698926,42.857246988112024,-9.893704334719567,10.36952142057939,-17.205689880828977,16.37610120903735,3.348827581909198,-4.2183006395518285,-0.30908639039014413,1.0706700816672285,8.725760590237718,5.729612736795007,0.6611370167729519,2.3267234052420647,-5.345256702028168,-8.620139356544556,-0.6393502132775535,1.1536979652235764,-1.4888988634245277,3.7986477107620225,-2.312220994972961,0.24246038540483486,1.1099556883793047,-1.3451142401854672,-0.3896048064712743,-15.048789769977652,-6.92413973384675,7.741670659307691,-0.8674415971473451,-7.148033615055836,3.9368271742891476,-0.3559685750456792,10.051552565467263,-2.760288381578179,6.273078006083627,-3.3984925793664877,2.3101499422781075,5.895463038099042,3.2648517086230027,0.16639491257722291,-2.4238876471280695,2.2105309325528437,-3.2632775567599994,4.553802672359727,-0.6123276635706408,-2.2451994280541054,2.9292657816349568,-5.694015162644868,-2.211132030199264,2.534856736557196,5.0
-13.599085658492703,25.133790325729226,1.4296281229230416,-13.978900115613158,-9.499056917247287,13.34659236095535,7.289362412473889,21.183848092628864,-7.25440909541455,-9.48458240032126,-7.753829630065974,20.09984901544315,-0.22489797657164595,3.6835033221348046,-1.5660059772311568,-13.178362862987099,-6.006145678745116,-7.368836386714304,1.6426486904961517,10.965598499689955,-3.739959572984601,6.029279188763935,3.880669190235934,11.79915250738265,5.408533356364299,7.1702337993591065,-1.8001528358808263,1.0955839112841745,-3.4829924220465385,-8.573234157705574,-3.355204253355528,-1.6277324316121962,0.3210855743357014,0.7859316253074499,0.9161103776838206,-1.735944093921626,0.6957391389833177,-0.9729740693088257,-2.4087335951918045,8.802429861751985,1.6393469588429288,-5.4984633615837035,0.2965653540618179,-0.021120133847276734,0.0408339533011278,6.803963602452675,-3.406615467009486,5.375140225048744,6.118325395536309,1.933539297114333,5.0
2.9674904994167925,22.295905202105452,3.7030726738313837,19.923561777841567,7.200233088604688,-2.552443907453639,16.044647875888494,-1.7499525652168635,-5.483694795906411,-3.907312525499034,-4.336002774115138,4.6939457367960316,-12.601189277552187,3.769166287228091,-3.1888674825646013,3.161158089829183,-4.83013811907525,1.1548154182459203,-1.1194033741874865,-4.529681979770032,1.2190865104737743,-2.6007014801174493,4.661679015560238,3.863508735351365,-1.970577325244823,-3.387074528161807,-3.475027608143168,-1.9201122774065538,3.5416854175837065,-3.599165066955011,6.765914487852927,-3.891265802774509,1.5293585237289247,-1.4148341779119173,-2.789384685217599,3.5462778381394817,-3.8400084241526495,3.6306740567471754,-2.55122659003007,2.1619363295112,1.933522000151258,-0.7317937907152796,1.1071218899184607,2.7085395872031226,0.014398015149074173,0.8794344306559848,-2.9617637340742666,1.264232360508514,3.257631606462286,1.1954281325632217,1.0
-59.34552549400516,13.669577663182912,-25.769320372986048,15.125373713544919,23.25185168165655,-6.136295569582191,10.677918542041349,-4.240596500510471,6.315003373682133,-4.586170677077712,0.6531679878433857,-6.105114919624071,22.882072185198634,0.19413139293465478,1.6030491973151346,-13.024633480982697,-9.932711425259303,-4.219873844434443,3.8022978368149913,2.700177425312663,-5.320175275371395,2.532906460392183,-3.8840050561805004,-0.6705629164719397,1.7534287353749842,-0.8201138252621538,-6.055310119243543,-2.685072603068452,-10.576305721369584,-5.738081320279143,4.926437553813003,-6.125670141052006,-5.433592396919442,1.571085513396155,-5.902151559146287,-6.364975255826273,-5.426722011855266,-3.3066051269062937,7.01663995989966,-2.890427999805903,-4.482584096139774,0.25785557231003736,4.8694044378228085,-1.312366469372576,-0.5492546240263804,-2.5528375474693865,0.2585436073178638,-5.46744520210923,-8.287702568500576,-3.128589541160035,3.0
-5.785047339785206,1.6442046454208126,12.052438102285421,2.823712400139596,-7.543398906429984,2.028085618007391,-5.1717879253018175,3.488351112458872,4.557506138586495,-14.155756429170314,-3.869281763028179,3.668775761526889,2.2295414245723135,9.844222744479518,-4.382145441892625,7.79672410517808,0.7767984921318724,-1.850379580441916,-0.8283283287417341,-5.044301159021441,-4.779732932708259,-0.9155230377461425,3.6578765146664,-1.6135697380585758,-0.8170679224250489,1.4422210558699893,-7.502412292052582,-9.277077070421706,-2.7195933945245123,3.237730071607527,3.07325716172222,-0.6245053883889421,0.6528739726887467,2.442114824186839,-1.1737219663083762,-4.4262459527038756,0.9045964064227067,-3.2958749090352946,-3.604628422575481,-0.9398065874993038,0.7960632099790432,-0.9677860453508575,1.7340320239528504,-2.964130524403993,0.05946444858065453,1.071062965071565,1.6417327099613812,-2.2955243028081487,-2.635663244832486,1.7415983108471926,2.0
-4.743339772751234,-33.081839073970414,-13.996010344116492,3.803602909439319,-6.10210550090656,-9.034166787407791,-26.00743505398261,-4.118303730304672,-5.90217637377011,-1.634566877272222,9.63070156390588,-1.6775317541388424,-20.7068329727321,14.22337682943437,8.053000537527566,-8.866694626924078,5.221355357509991,0.6638035022746244,-4.480596185960757,-2.1119186332648483,3.0628074577108944,-2.9441619257912355,-1.4469249151578003,0.4693320776484686,2.9172912893713256,2.484942017403467,5.178258850337918,-4.2644986417815405,6.417626803285738,-2.0106377132131237,3.1650701414456237,1.1994816831657056,2.3603315294427825,-1.6920064667343164,1.0855320096307068,1.9161104384999432,0.28779803322424286,2.516421818871575,-6.271414219422806,-0.8529877012061036,-5.179513133118991,0.45198554629910737,-0.8210565057839984,-2.2024578943387803,3.17847594782854,-2.080627879537659,-0.3190163750872239,0.49556686435176817,4.616378159562344,-3.6779811662860236,5.0
27.89729375807902,10.669057056699456,10.664297127875145,11.71079664150309,-3.364431702473217,-2.5727817014412433,11.867054273038379,3.4995720591156037,-2.962233941807548,-6.884094791682199,2.616567264009399,4.364485396822877,-4.341648386762401,-1.5301672144534124,-0.18465755166496972,-5.384424338367796,5.937093342781754,-6.043452009358657,-0.9918037050504018,-1.7255902905351117,-4.635998702529291,-2.310350214750732,-4.172674298709792,5.1841509256161515,-1.9063505339759559,2.930526661036008,0.36487335265065907,-0.3644841132335133,-2.4630792976441382,0.22856193456001742,-0.649493780736525,0.4897966720588344,-4.13845064342776,-2.5506959056082983,2.3643927467194548,-6.998768613965866,-0.10538966133049416,-0.4502131326329615,0.6277292830775669,-1.0435443376521856,1.101181724971909,0.5287381078969555,2.43774773248145,2.3438119685736734,2.1108638458305333,1.1568676846992423,-0.06178331521299418,1.700395797557654,-2.261008182229419,-1.4042607474310758,2.0
69.29513051625045,10.827983310575004,-0.21665278526596432,-3.9047389858998733,4.835841467371357,-6.266381610235606,-4.680854292781522,-10.749623306410234,-3.6324708864058874,8.968724942224178,-0.01554873971268868,-3.3167520139912767,11.073999573850795,-0.1246083617670966,6.671788502175266,-5.545848952245476,4.694079292053375,-1.118152272969438,-0.7445719743551036,-6.050135051943771,2.7080056435121,3.8818074491685652,3.6065327848010957,-1.5450960637755442,9.493959566519761,-1.2876240406228265,-3.2763020197085657,3.9572737699618576,-2.6908018385628765,0.3424200079130402,-3.3590864663346016,1.081387201757398,-0.6499346811684262,-0.17188619196257954,2.998473769045741,5.3647377313832845,-2.711773618971088,-4.20275558248495,-2.442069479757438,3.1487249325297104,-3.7624802843272254,-3.1837274095231614,0.30341869523728393,4.7807203531504525,1.8009709213646417,-0.7588532663710137,6.93907530395647,-2.1570251729425265,0.23044361084214007,0.5121194393324046,0.0
56.823650744139975,-12.341882517959547,12.116389376441504,2.9528038052597823,6.0148301431507605,-7.002195515694797,-0.768262279924644,-6.255610496462822,4.558716976637678,6.228274172935323,-2.156703475966652,0.0438871126352171,10.939406309129982,-2.3163868753851635,2.5753537059687783,-5.8886153942858,4.710235172629093,-0.08294045508613498,-0.672767685382318,-5.530967337280471,6.430902067194178,3.1798567375938513,6.106558321630163,-1.5603576438047513,4.118265105621012,2.595420378719062,-0.8805438891137749,3.5990873904455767,-0.9478404449001072,1.092929852883756,1.2153161496083524,-1.259675139362206,-2.172922523181079,3.247273058446863,0.41559251196008806,4.133050027726945,1.8353534651728074,0.5494556505725237,-3.2660620322954568,3.9563969604480085,0.2942304499965631,-2.6300817854542884,0.7741200600118257,4.173570905254089,-1.018570277139691,0.47164215016031236,-0.0769231916054891,0.9538626690274294,-0.47813423945253297,-0.3779142523140829,0.0
23.73221482764223,-0.7190563495615256,7.323418433097069,30.917020483340536,-14.625097552449382,8.825747883433289,-1.6909613064651596,8.526789100101198,-2.1485065122719864,-3.964815838750429,9.733605776967504,0.41349866770961047,11.40931902747591,5.544569569884184,-6.944234809297679,-0.6133839640194175,2.320884430444726,3.999016676231652,-0.5543144962867861,-2.029759968069261,0.4696176912103445,-0.18675437589698823,-0.7746804043545888,5.238792940578063,-6.429152867132024,2.7662670232786213,-2.6292825260182346,5.832719879552796,-5.232466449424498,2.663607901720623,0.27311958101593364,-2.3114879038269884,-6.796423720084381,-6.223510449329731,-0.5257712700713235,3.278249213889926,0.13448213616512025,1.2666629644056417,-1.9814262098710569,-4.763820661510367,-0.9083481620464833,-1.3654731319713749,-2.0756970110279584,-1.8428698336904032,0.09649505214514452,1.6506523663101782,-1.4253103102849134,-1.9510545216725086,-0.7670947185335212,-2.7126792724647344,0.0
-51.46304568767509,8.294395728570985,22.069512578692155,-17.46287483526338,11.872585191903285,6.4768266365430325,-6.150977271571641,-3.6466537502926175,3.083936722081858,11.422201309273435,9.200827022378634,5.836217184310595,3.4159378685175823,10.42016655222031,-10.366354272717025,5.541989816468678,5.165592457586742,0.5794932435069472,-5.850222840475384,-2.4564620042212266,-12.132414024652178,3.9224924538703148,15.514796840924852,-3.3087006480275916,14.989821032741604,-1.8342044959513424,-8.753799979593127,-12.911680451275418,-5.041352537827038,-5.077219842423162,9.583338987367336,5.98066950176883,-3.9305819795499755,-6.158581705113708,-11.497092266961271,-1.06186531394307,2.931103410326998,9.42260091684077,-4.295460487813883,-1.0542990561901797,-6.121016390828815,-0.26527738764707876,6.9026012017929546,-1.6269774560182253,-6.264123904657136,-6.722967881470767,1.5090943199724867,1.841997443400727,7.334060777304003,-4.7350814366195415,5.0
-2.962105548101697,11.280184624509204,-9.166513830376578,9.887653967064772,-2.679318173112133,-8.628716516251469,4.121050383908044,0.7524079796920518,-2.4966035621767335,-7.3430074325650745,-5.777432720388081,-1.881549663363169,-4.115259393197395,2.7368937019134014,-0.047424451859849816,4.2953113045194335,-7.4913953487336755,-2.3866485011810172,-0.2606652693562455,-5.249461242096555,-1.2717975950140314,5.788630095934625,2.480024688760558,-0.6064483617839935,0.17327540174974346,2.9583504950546957,1.477782880090414,-0.9882571258186451,1.0349968478570368,-2.4924865119261175,4.522920780040443,-0.7313107474347676,3.587690606515114,0.6143129767622638,3.6892596211265527,1.8772742273230059,-0.8756563488953814,-1.106818966134429,2.665885915122384,4.312871573428894,3.012764789605193,-2.215589622652178,-2.4903764925846024,-1.9602681969896585,-0.6663872050771318,0.9209531901103066,-1.9311797371414143,-2.7146580708622987,0.4750815120333827,0.09169524346769536,3.0
19.701288787990915,-25.818624213771113,13.74218669645116,-9.515165427595546,-13.776331290716163,0.20141558327670633,-9.596087982449575,-3.4830844083774584,23.788848551589687,-7.442010412415844,-16.54196866573923,-1.718782709766975,10.041904969551833,5.016785284153412,4.728220596473486,10.418551743740561,12.446695967946985,2.7885906702001177,5.815141949449193,-2.43373937246254,5.2612908580530515,-1.8017904060139698,-2.342332732469058,-4.841788107574527,-5.274046733670082,7.791597759633974,-5.896980063819473,-10.023700562718576,-3.6293735888424288,-3.4372795650223273,-1.6838480824256123,-7.239810269680815,-3.7100464860885656,-3.480392274156319,0.09360820376874956,-5.714588515631009,-3.4815187881303937,2.1863863805188766,-2.928499008282794,-1.6151509249947706,3.571207554623214,-1.951395784464135,-0.2738604785689188,5.946372563225472,-6.135735586774142,0.4313668193521138,-4.511491663114254,-2.0832998610945754,-4.5853305709988685,-3.58154803368934,2.0
8.158033658294709,-2.8087434455969045,27.966103682492363,-3.1101859146751765,0.07070117135015933,-6.1113484264157325,12.83723084985941,5.838551145978432,5.621205125315598,2.354524260033454,-5.124727346918491,-1.901873927134401,-6.504244095385113,-9.479592402656507,3.2930439140457484,-11.345377917052415,7.6431210849758,-5.787295927565595,-3.3669476349253333,2.441065954393493,-6.440713826935098,4.6602732937191185,-4.249876032763796,-2.486448893911167,4.846147659629311,0.7692339206401696,-0.6185928874448423,1.6256717390134714,3.544342737590597,-0.2931871606551027,-2.8705816672488913,3.1952225907596943,-2.0757923840670163,1.3085072467953727,2.4583616664840684,-6.359241844279224,-1.66909524713972,-3.76264072637246,-1.0867184994196664,-0.6677969130302083,3.487316468150111,3.825751029667698,2.019157530314436,-0.8370931736710229,3.1476629885952088,-1.5441567266054226,-2.809662581102411,0.1268260017690199,1.0684281801608217,0.9698312489429458,2.0
14.507900029439902,-11.611303668408672,20.427962254806925,-25.08017419760387,6.660626711719663,-5.36242254842005,1.5316376251976438,-11.742781066267327,-2.9497334491161147,-10.565336063308553,-7.6441864661471834,3.1687764551244575,-9.505775311355146,-7.639802093527806,-1.051460181153253,-2.225996574111312,-2.366725517211802,-8.054772136160766,10.805999453007896,2.602177572079983,-5.936301952616175,-3.883585022941465,-6.498071367881901,-5.66355178844471,2.719269417884031,-4.220181563524545,-0.534619270893981,4.869433442077364,-1.0680581608129371,1.515561314749936,1.4307833586048477,3.7986469902972924,-4.382047727943008,-2.4868817323153114,-0.34061796215012974,-1.026550483395248,0.8069111095416611,1.2261139805546417,-0.11409442456871381,-11.932943226098514,-2.6841384979382465,-1.8604457456431265,-6.77588364667589,0.5734459419125897,-1.2531168702676878,-2.8413423603465757,-5.675005092509583,-4.333291339048096,-2.2114460698878458,-3.646341166213896,5.0
-9.175803240337942,12.176265314581643,15.704358993427528,-14.741024848958542,1.2574240637525003,1.7206261630234851,20.12411078336561,7.81187903042539,8.063448561210873,-5.022459899283009,10.43731949211495,-6.038931007212613,0.73754624496158,9.220164771026052,4.210752794240936,4.640144939399735,-12.25722479839069,8.229978148172131,-0.172735538937405,1.6000982585563002,-2.615188061270458,-10.070699131439907,-4.587851346816696,9.232480667407568,-5.4271918196375815,1.0903517860286767,-1.469770682276382,5.358698083466035,5.481840951190111,-2.3043749247666403,0.3677395818081331,4.0351039242209605,5.76042269336736,-0.8113937207580283,-6.755358071583155,-0.809143193685776,2.1572759026625357,1.7454390331052136,-3.4385626324753202,-2.073273311413494,-0.0034268360736733152,1.6163986001442086,0.5585111796138856,2.1439011774428405,0.13322461430608942,1.6110364940462787,-6.107415015916457,5.69474293503723,-1.0659691870075667,1.8086172578174553,3.0
-25.92564475320558,-2.4639412844617166,0.4336495212911162,15.143848479601001,-1.2037760736031848,-7.337027506431462,3.9922601903315913,9.646461610464538,9.561945495935579,7.936263949660826,-1.9399040293378902,-4.4221043769605535,1.1669159129846909,-7.186817371427697,2.3163885414087724,5.683462285140121,5.04406128204974,-3.8863676263950615,-5.851137872953404,-4.062715795420146,-2.8318219676995096,3.0314810440297837,-2.4085247783511132,5.641126923513074,1.1611773222381987,-4.369031010000184,-4.8547184157128545,2.8802335901830975,-1.540326302573466,-4.7849364701428225,-1.9425979810296181,-2.8717667053592044,0.8964321853158814,-3.6964686881229083,-0.051844693866058056,3.0751070141229686,2.45991174902557,0.6899375689615457,0.9520595864968017,0.12600659565205316,5.405221428770162,0.8611932641688809,-0.2044430320062318,-4.311660272215192,2.8363708201312576,-0.16586174306226112,-0.09609681965189636,3.9891765463390136,-2.819523708795638,2.0385594822532416,2.0
-28.612866690169483,-36.673080996830485,10.48341614883328,-17.709395185288038,-1.487791301823842,14.546653741420807,-7.7687875433210305,32.52928539724892,-19.013104812517422,-0.17563178629789472,4.540829048460417,23.334980545867737,11.754766133543367,0.07865705412158859,-2.061503895942539,-18.86715162438361,-11.181475001090359,-13.81549123819472,11.133418524270699,12.372481858200407,6.992471708658158,2.0767738667079843,9.576506916522614,7.630967452691333,-1.8635568965327864,-1.2658809272290694,2.1970098066053954,7.44295277210546,-6.731167835185702,-0.8124086958427152,-16.579861644642524,3.9844018984968375,-3.0810151406587347,4.822107120652153,0.63418736003283,-3.385133742005388,-2.4371450797734746,-6.141908616224383,-5.027668090874441,9.579236635636649,3.952820407032933,-8.505133450431867,-0.745853228302569,-2.414083549543199,-12.42914310337535,0.5700617596150633,1.1572119681598416,3.980394058113283,0.8744313766304653,3.3543885547239376,3.0
1.7545198211063768,-14.95656387571309,20.56423804466659,23.74475725904741,13.039196616575888,-13.743946523982839,-6.066511196040965,-1.0650966174671912,-8.227531859811366,-9.624407096166593,-1.0564535451643644,-0.30419382443812304,-0.08541968015238176,7.231042819371027,-4.781129678908803,-1.5909911145725277,-4.416848739209194,-7.037628242232462,-3.794683107224638,4.256620634977284,1.0337934107268196,-0.03801620301535656,-0.8853366266788051,-6.33780742467666,-5.3813088005858924,-1.077053460732735,4.807789643087777,-2.76819199925874,3.3812891828794926,-1.5572149751849613,0.2412927187525428,0.6367789228477727,2.42580154270743,1.9465782570189925,-2.0708065509034927,2.9676235022233874,3.809305870753396,-1.950102265773872,3.8159515360395426,-2.4856069552451165,-1.207885831706871,-1.8803484683790228,-1.7278626878184289,2.654048288265978,-1.4374011921725613,-0.17010136530968398,-0.1961248085444933,-0.6862918376794287,-0.8922165630270049,0.38797115438090946,2.0
47.931437754874764,-2.760694926709529,18.57195919853926,10.28420749638282,4.622386793334137,-5.783917363716835,-2.036936553688242,-10.26109231659172,-7.240864047142736,1.6672332639296294,-0.9441183238310606,-3.581847545394673,2.7109081324975155,2.279651965291764,-0.303496032788489,-5.275566916402946,-4.148222569004804,-14.243224081198418,-3.2689129439915745,-3.5070150589032587,0.1306131859685737,2.2325070059669065,6.037977835730722,-5.213024342745972,2.788064865180225,3.5392668200805746,2.5443583242411796,-3.1851847552030508,-0.35969752774427044,-0.2792414148005738,-1.6514753591346718,-0.9666178837406634,-4.766808018711865,4.685680049659358,-1.3473949453966692,3.309312841511428,-3.483435845586336,-5.319120257746067,4.7060202081506555,1.4367593899514066,-2.939319057524189,-2.6139053411942896,0.6707647214914588,2.515833313996241,0.07870878336863929,4.32675316445258,-0.7337396048438067,-1.9862026270210718,-4.072884730834867,-0.3051349284093547,0.0
22.333667705127915,-40.73862818854741,-3.111118142378459,2.693958320459069,-3.2219901234389168,-5.265982351532728,0.8526489752675933,0.008609744026725102,-14.338686314275392,7.754058231019799,-5.447848579549598,4.339870606380261,-5.767040475624165,-0.5206221155135371,-1.4297261795378724,9.853375528187046,-2.451945784834042,-5.105876907079149,5.002052886730696,5.01060633663546,-1.8926160121332372,-7.467037116042128,1.423501658190098,2.1381364328502537,2.142459537874137,1.1899615999843622,0.005327912416401815,2.0217267182159544,2.8030123889200143,2.079864925467883,5.716649593084558,-2.855195540802723,0.1022174317388512,1.4406383839805774,1.0168222901412352,-1.6841257647958812,6.307889174173896,4.576554536905527,0.9915370007522115,-2.5805870273376685,0.25832853129324,1.2362985520408032,1.4461720528360502,0.806074774464814,-1.6087929329134294,1.3647920528492699,-1.3903024176463266,3.2512397522237544,-1.7515845139930166,-0.0997875377644556,4.0
4.7465922599534744,-13.93296160297667,5.062529733028921,12.487134003477863,-8.470470681672413,-6.841564223134034,-3.7990119493112235,17.771973702431882,2.867486706697734,-1.115216615626061,-2.9437366804302494,-2.404428812566531,4.55632556720539,-7.3277391457639816,-9.924501712828144,4.70035391465692,-3.639723363132784,0.6544669767155392,-2.6038199910946567,-3.630661687173216,1.984889815301641,-2.763417411124419,2.6431383865276006,1.0534398091819177,-4.2734519579376355,6.902642539330248,6.101851710453461,-1.3733335656664394,-0.05361760026338854,-1.7917887276345446,0.35406659119584644,-3.1779788402696685,-8.94945189433623,0.41903109488469237,4.496383277336287,1.9057246971073918,-1.9040307938284107,-7.061292406397078,-1.2227048144694674,-0.596913481816723,-2.404354679312289,-0.5431530394643286,0.8195771184738424,-1.0222090207736292,5.500553332147068,2.9631674752536425,0.3393581164452851,1.5247394269750054,1.421374184046184,3.1231588999426156,2.0
-14.849811620204681,-23.590871290672638,-3.78971524611128,5.71914691024227,24.049298232106025,-20.52111152762943,13.91712508757627,7.83021822859091,-3.4035522095380846,-0.6524245479739129,-3.882863386812703,-2.3726967938196584,1.590331733791217,-4.414107342503798,7.086096911558256,-4.623002996062679,0.9478015637875229,2.6040157065469667,-1.0412343502408985,-6.817621723467633,3.455178123175349,9.389619523440157,9.170915638372657,-1.1416170729474997,-1.2843592217993653,4.35877448603696,-1.439569028505667,2.631283848697181,2.7570577749190357,2.2846314632582514,6.456326251318269,-0.5407591276248336,1.1367396087319377,5.117924690276802,0.634650560877279,-0.032261629309881544,-1.7010602987835226,0.30103200122267704,0.9363755511961896,-2.8483934936942945,0.0004872353299149289,4.943443975066742,0.6010302620958775,-2.256430609457317,2.2107798662572256,-2.8041608468725716,-5.87282202730924,-2.3185702344274617,2.76632111429251,-0.836614441125577,2.0
4.79346350976676,-36.92873507300037,-8.848855547132889,7.047406681267374,0.7187707924301163,-7.664714062692649,2.5503119979671083,10.419839077272234,-2.7495475726319323,11.635424656528341,0.5355163262686713,-3.6579202165010054,9.252219933885431,1.1731439824954046,-6.454885987848762,0.5142409402716442,10.152195202272488,-1.7140618485504258,-0.884971565138224,3.815523782552968,-6.009243729454896,-5.220867262794488,-2.5505309751296235,2.9126447125011214,0.6790116031296458,-4.805658438390748,2.03982944871322,3.3114517855638046,-0.17212860097037788,-1.698677221345477,-2.669309523900065,-1.5204662754920806,3.3283387431522127,-1.518378794613642,0.7273740175955391,0.3686470033959899,0.36646873546519454,1.5799598260012688,-0.7134480275047242,1.7095574139929564,0.7601958589785358,-0.7492657989898325,-0.10447930842405043,-1.1556952573904322,-1.5073051553334027,-1.8710523819474618,-0.3677943411839322,-0.19348401514002048,0.17491120362388232,-2.290040679319802,3.0
11.814419901575382,-21.17123962802761,9.26711980129817,-11.512434877347852,-14.31502146316215,-6.210261155319488,-13.14573628268726,20.208633060323734,-10.02259362524811,1.0073005487815136,-0.10642628503739306,-5.806577893031647,2.1499049234622833,-10.913409042739852,-7.700695877051307,1.275872957781622,-3.048623680880422,0.7280011198814966,2.0981184312252195,-2.980405282596445,-4.9400952376425975,0.2654773169874714,-2.756857601458598,-3.2310002588442472,-5.074681731582651,-1.877334389183077,1.819887231822005,-6.292455440787459,-9.040067920391454,6.8948141269431975,-5.255057958970673,1.4515542805917778,1.0378639341657643,1.3518841103786021,4.705502353464345,-3.6512604421329935,4.288225219088912,1.5047385392857944,-5.864273954082454,0.3833566038978527,-1.0621213183730127,1.621975293448252,2.0600360206176327,0.03899599360171738,1.944091928314136,2.4643218799579767,2.6198838466750543,0.7009556941134294,-3.6536094176586458,0.3866458402650899,3.0
-5.425518131269436,21.711820296262463,2.2183701058170406,-22.656392033977472,-7.8487880727193,3.7637080909406575,-11.65476941056283,2.7041351577640933,15.45213960473774,6.6976388269016445,0.8811171355206442,14.331909354237759,1.2517687412444376,13.70294554730334,5.408616729626262,11.766424630697943,8.713598731883753,-2.7151735330228832,-10.003982809097241,-0.35596909588659864,-3.3794114216990163,2.8407470480124726,5.5669706680413835,-9.303652632342141,-0.6207921254750715,1.482460846975901,-6.587716819291801,0.9638512691250778,-3.218086602059212,-0.3966156674076833,0.8763554571614726,-8.74293512664086,4.137656257257917,2.7232356239717146,0.9611095407217205,-11.603556879848716,-0.7084988139576078,-4.095632603014501,1.2592320274847197,1.0125184466077775,1.1487169027044954,1.39008198945118,6.620308216526531,-3.986749304758849,5.435014286813838,-3.3260428738472316,4.970103178843467,-3.545460070683418,-3.842806908379434,-5.13240306700476,5.0
9.292931179185064,9.08908245379016,14.393690943275523,-1.92579035636206,-12.285484267026431,-1.6825527717492714,-8.504761966084788,0.883410035404606,10.923910581623634,-3.99255952459102,-12.2463514683519,2.6824513134774643,6.904436729391663,1.6889845110049864,-3.063137885377813,2.2306771804838115,3.5935338148891542,3.950027363965064,-4.920562389322619,3.6660968649995116,-4.3972528070246115,0.630683625661861,-1.926295980794891,0.44145015412624117,0.6704234621460234,-4.16671545949293,2.1867512841241417,-2.5274407768530467,-0.9174362706439102,-1.5307124949985276,-0.5606839094084953,-0.6316892745191885,2.2105893416299196,-0.2180492106418827,0.09742722199437753,-1.2871312376529411,-2.6341156646449173,1.7816834377025004,1.9680416720629306,2.1918332960364815,0.8711771073791881,-0.6831847407394285,1.834224467064775,-2.1878724448304108,-2.858277510812684,3.070268555688385,2.0586956704679045,-1.6492501188909952,-2.999196236485397,1.8912930417004181,4.0
-33.93921386164336,7.9716522918840065,-12.258609434506166,-2.7186926346261076,18.89771783766367,-15.877345699614407,-3.371498688489447,-20.70877613904704,-4.087740641753913,29.963920046861777,-20.929982020615967,-8.918975855232606,-17.431236416317134,19.644717783744024,-27.750894971765838,-2.5214038045766487,-7.1680037498375615,0.060734847356551144,17.558331313759062,11.437709705214703,-0.40854345210666665,4.721157566717256,7.446308790814087,6.46364574948303,-8.863496796443455,4.502687980927532,-7.721377149191358,1.5767669942890887,-4.5132927866396955,0.41000355810181915,-4.903822506095193,-3.6387823707623066,2.6558216304929525,8.831681884819876,3.115073574429037,4.790270378312314,4.196506344586314,0.9817522433190932,-2.553902560848465,-4.044382559380275,6.025282515239015,-3.371508952798422,2.2992694047801656,5.333301019517729,-4.230569845738288,-1.096374403673476,2.0093032069238297,2.3641940592297535,-0.30798720628308823,1.2231933677994113,3.0
0.9276246702563459,-31.603215996173706,2.4138631970900195,-0.7958023316870748,2.941169576960972,-7.939583867007569,3.2104550748301746,11.907697667051536,-0.7575091662717716,-10.669185173828165,14.051151170498876,5.4529357937865495,-0.18158617681419723,-10.113310732770472,-11.60873900661772,6.436771281448475,-0.7535136782262977,0.2530123559568962,1.9399188927244355,5.361389073505397,-8.108449122502464,-2.133394284464077,2.864987472314084,-4.520916285765845,9.619251428076959,-4.197702726041904,-2.015371502591614,8.47479849838727,0.07052651756780517,4.341341286882379,-12.207933511406868,-1.2015547520074359,3.318500443891601,3.568450745258322,-1.036171646434161,9.050934183108936,-3.2335121530179567,-1.7134306242433435,-0.4183744371945276,-4.287937928062713,-2.84387320226246,-2.104810014749773,1.8634018821315779,-7.060360837705067,-4.623522135358668,0.054129403561578374,-0.6641009985365792,-3.7587956267623124,1.2060206136985423,2.1354919918296518,2.0
-19.909744263898684,7.214208423014338,-11.779527401877257,4.646242679842395,16.598887387084368,-22.453317838493785,-21.25595136090612,8.047968940371286,-1.6343195445204384,-5.66611904381831,-9.848449514207353,2.8654087115303684,0.10098376546022564,8.70938692072844,-2.5080619650694613,-1.2821022698215807,-11.669465101694803,6.6198754033743175,4.025742033351114,-2.7537054978882236,-0.8976906164328291,-0.17393276863231025,-0.7562724027372266,-11.391359492895123,-1.855262505052209,-9.27681222414364,1.739095630376226,7.263491516234288,-8.4463600863662,2.879552758988364,-1.0174144748189018,-1.8804295810350726,-1.2419853416178817,-2.9532825531357356,-3.848775012293306,2.0016316919451396,4.156165541482976,-3.101623886772864,9.806832296388757,-3.769570049148734,0.9095455725807721,0.9621280981678315,1.0788029652979563,3.7968713654271604,-1.9294264510200203,-3.3912128117047557,4.550911573195786,1.9034951344578894,-3.1089077747220277,1.3327776511948755,3.0
-9.724974212061953,-12.814150759416481,-2.1409581814135454,16.220605629567448,0.983670896867116,-0.6630499255833241,4.174147290888494,9.147986395362498,-11.265697636000299,-1.099560910701838,1.969094720751257,9.745790470536463,-1.2147943614619734,2.0183613955764366,1.025275629457472,-5.776214402038734,-6.922401554429478,-2.1104294584804717,6.981634397790896,7.026965478589748,-0.2719907442790417,3.9740440099587464,0.4960415493033455,1.5926742257955104,1.7300325083447334,1.8096517154972185,0.7043976752459975,-5.902272333032443,5.613556087491388,-2.3620494503934566,1.0570684828878765,-3.0425467769403296,10.51258275803615,-2.2846131790751625,-5.277465456665862,0.636741544789202,-5.056244615830834,-3.1795098185668405,3.878268181603717,-1.6257518994853268,-2.378753487730637,0.751806485874976,-6.634287971669861,2.0985382329784037,2.2654814662094283,0.7036469548402778,4.512298932150189,4.250379407758174,-4.2867738491263685,-2.909151925606379,4.0
-29.44574954768561,-25.211511396564415,-2.134669052525209,0.13185755634398508,-13.824158707121283,10.387359547811696,-19.79525598673394,-8.733032672262713,8.628248953626642,-1.7755826605640115,14.994318291159995,10.216109724892359,-9.103501284847878,-17.238866543067896,-7.691425948767498,-3.5984306636924734,-6.600465978524758,-1.6005278598620432,-7.785710257514857,-3.681798828926144,9.342745141138993,2.5287262050738084,5.5701284551185575,-2.3690665446598285,10.050120608951318,4.4906919395497304,0.8278648433477253,1.542528646471839,0.8720916180750675,-2.017466757035309,7.738439264060087,-0.5979870426110433,9.828749266330778,-1.8122612829465687,5.319266655591045,0.3737886352554106,10.857392189279897,8.547679658076854,2.292316714309779,5.343771007935305,-5.2274356979302095,7.240982858839288,-1.315664535726318,0.7789544901790959,-5.222311615657852,-6.210705138765585,4.92845967344321,-1.582229541772133,-7.787421632626419,-0.4597195396781522,3.0
-12.873354530886495,-32.69649222862368,-0.5422823133084116,6.863751323468068,0.6639077804207519,-2.790562882932545,0.6032664305931111,22.792787109179795,-14.006946385775386,9.938282877459452,4.419667611337387,4.368676201374741,7.577920471388043,-1.3857724546679808,0.48612000477272155,2.7203843047125806,3.420574572581882,1.9514300044991268,-2.2903573009800673,-1.0801328378006274,-2.46186802842961,-6.115754215870508,-2.5278042403566587,-0.35267385412815744,-1.7680700484256686,-3.0273713847048165,0.649493184248335,-1.3911892644198445,1.5136002780222748,-0.3147316160502632,-2.6068623251790295,0.7681532273448141,3.2135113888494735,-3.791637010743462,1.2228355730201348,2.1832286330645054,3.661117678198769,1.4092903116171,0.1772369959830424,2.8465159644277502,-2.425545576129975,1.9387483986183403,1.5358575333839957,-0.13588381522095289,-2.666255533401189,0.0662680473895265,2.01031222664759,-1.058382395025839,0.8332567149255431,4.9488421546598405,1.0
21.75246989998808,-13.866756149573755,12.530054744903234,30.33883082582966,8.881281283017465,11.537158139502274,3.6691387038216408,-12.41968867171222,-11.279565322546295,1.793956302201703,11.145974666352625,18.45956096526649,3.419082354022563,-3.251002424164928,4.807661694366486,5.373914497415414,2.3880893910219454,10.891463977023141,8.435574560150375,5.134917626094472,1.0835314774721352,-4.39676492014871,-5.161753461303787,-0.5034175590705842,-6.588951031587949,-5.475260518491695,5.303166301408032,-1.8545373329783221,-2.989514367692157,0.4811570216380538,-0.9322804215580294,1.1814408567385186,0.04556450439160343,-2.461989019274401,0.017976604968640897,-3.3615410236628414,1.887420084764417,-0.5752122804996338,-2.0600237096177207,0.16592223332070968,1.0237490112234529,2.8637768200786606,4.336421174230892,0.34756341148840697,1.5664601217906238,-6.0066494181769885,0.7995343271849947,0.0788029689537852,4.293356144406168,1.7177417280195442,0.0
31.046536846670193,13.593698103202021,-30.134599799660254,-0.4877972518456297,-19.970896360181143,1.3099576546423477,-4.9514887554628375,5.203295271360863,-14.947650250810034,4.609548453513443,4.8110439456381515,-9.129517629498462,4.3552770314267155,1.5552248735290761,-0.17926830869501914,9.474636360709077,-4.355270880339766,1.9775796674736166,2.483251105567366,-10.811929931275552,2.4657797915022095,10.691299357144219,11.702828705442526,2.5515860366262446,-4.872389312844489,-5.447801741696173,1.272871525252441,-2.1952059172228195,-5.855979335122627,2.067636338718197,9.696940807365007,2.7205428584528146,-5.9473877687567365,2.0899062061126865,-4.777061706689965,-1.9536535036338165,-10.837006177784735,-4.895849013796563,0.28228912211979906,-2.1271269168239515,3.8765264567804443,1.3787142620417225,3.665783566589706,-4.4873552712504,-2.647771950397757,-0.30204723261854594,-2.5142598509697613,5.0371609445455165,0.40611799960668854,1.991260480794122,4.0
3.604473821428862,-9.96387040300489,8.890594997841415,-3.779233695361831,3.437033542155132,-2.3165625768993534,-14.01579421452366,-7.3260322627836025,8.17724227728102,-10.417667904909278,1.6278284837588137,11.028007655100769,-3.6607048090421737,-2.3954955028567086,-14.609526021492758,-2.6204796608569247,9.868597487158857,-0.8575791690423298,-16.360858612822124,-0.5820186002062219,3.006026052404691,-0.3905057427824192,11.45358153228839,5.587573589796115,-5.6240537825184695,1.6764676124960662,9.873446571916636,0.024874140081398228,-0.02841759028455593,2.6658648807020153,-1.3262860731828254,-2.4358734089710103,1.2030716719979557,-2.316904785739812,-0.990250271840715,1.4803981588813435,6.797217633128759,-0.5699266020602672,-3.5694521771865135,-0.26524677578532885,6.526379833118171,-5.295890798043272,-0.8381430641136218,-4.142725248193634,2.804976999900847,4.977442963576686,0.6433885326848104,-2.84649995853438,-0.5340230010302254,-2.239296243760432,2.0
24.209598501729662,-1.7060286318705664,17.080443243382067,24.462733257515993,2.702481828002529,-1.3823749479192438,-10.710261460501652,-1.092688491896749,-1.0683212465975283,-8.341326607472192,0.017900893364103793,7.900362719079186,3.7764346547366427,-4.979410219649316,-7.169939436153877,1.6933535584807458,-3.1193270713121217,-1.046779427472556,-1.019007488839143,4.029065744556968,2.4209211954481797,-4.102507650447196,2.2542805287918157,1.3071409619139727,-11.771293969366814,1.2890104197354086,7.102033561538832,-6.420454843950446,-3.793023000483122,0.19092883709325814,2.805564815206707,0.5371090889579622,-6.9993324337537555,0.898857010065135,1.3673232518000602,-0.5410570590692282,-1.5352120600644101,-2.2448761703771196,-0.6441727559411605,-0.27124094328097215,1.642974650781129,-1.2734426572136854,4.828740565534898,1.23523161333122,0.956256434634449,2.5592245223891346,0.4185867999807991,0.6387954778629148,1.3169422185642674,-0.8492561856229182,0.0
14.049379065530074,10.615203751973494,-20.55782410847896,4.133209943401209,2.349659642389408,-4.365725913990395,7.3631742650360845,7.499398756364774,-13.375577224924696,-0.7096195443310409,-1.3700673943651414,2.082775676027585,6.045358628985543,2.4480674700011784,-1.5399031159275394,2.1001316866156094,-6.242802515343652,-3.524997152150544,-2.176185126937216,-7.136606722703113,-11.449274575237249,-1.1186636141259316,0.30805370138104354,1.0760404659328582,-1.7565186423860133,-3.0113553175434813,2.5061402347107533,-3.1818581145822384,0.21077076923531735,1.9648484726353275,3.0303276117878077,-4.940266716237677,-1.1003595880098267,2.444031658252736,0.4842765406005661,-4.9728778007995995,-2.5488682936692855,0.17426497720131714,0.9010566339013666,-0.7132521569780541,-0.861117671151224,1.1666596418492214,3.1392383335431187,0.31662537888881814,0.9873150361209322,1.8931120174784783,2.571607313845207,-1.3876384582794126,1.0505936831369704,-0.9390669876527514,2.0
59.57547156646281,-1.2455157991543013,-33.83600056485039,-12.561404237304377,-42.08682961583101,15.471669511402485,-2.5195651517892235,15.565042868517592,-10.844871576570448,11.735908291861112,7.181081115998649,-27.292629904956197,8.582586037312128,2.1800298410646937,-3.9534454007502378,3.68704267031969,1.9985931949199947,-7.659963343365218,3.7533055380975053,-9.486615672109776,7.3934749648998315,8.056267892182174,-0.03369953700884963,-3.6568129576351884,-7.609432295393109,-3.4986851083649424,-1.140028353051238,0.33086231990158466,-7.578991348977872,-3.3741370402164037,2.0039596138121945,-5.260134280875258,-7.427008788523473,-10.589970304415283,-6.107585571866582,5.3612779292768,-3.9369913564799703,-0.9658636678083347,2.721179718184132,-6.478233760893794,0.9724672824279363,4.597305963883373,5.505698975874617,-2.942962433209152,1.159456320695489,-0.8654683382578234,-3.1685968109165037,3.7244072119169136,3.027684120763931,0.8259492283783947,2.0
6.653815082899823,-1.614122602420588,6.473757724944671,-6.822900869764761,-21.45754192628904,8.705273591840234,1.4827148857440264,11.14804402247735,10.922470609960033,-8.477319813138577,-0.6063918751880067,3.4498513983524646,0.3994620428016286,-3.938218589955209,3.2939920014717954,-1.788697990573142,0.29876741577707705,-1.6449371609869177,5.305994764531007,-8.142754542517594,-3.8943407217989345,-1.8045286444595716,5.6858368795727205,2.4576280880609076,-3.3108013436746924,-4.94410886631965,0.24597472826250188,2.7531996660073768,1.0965603232528338,-4.84985392801002,-0.7842038746550329,-5.189805561757625,1.5222097199638323,-4.022371279033867,0.7096960422026637,-6.42655849215171,-1.2272859307297166,4.2134067312875985,-5.477180534901828,1.6895638634216747,-2.012247147645737,-2.9477229507068725,-2.2244463907012495,1.212860766474745,3.61647414824246,-2.611687835095177,1.1900319476187828,-6.0709316200288255,0.5112318577124733,-4.238659459065235,4.0
-0.4410713851978645,10.36150382229987,13.622220158367156,11.248181906203017,0.46785850075673757,2.9666603861371788,23.358854813232995,-5.500544254910252,-4.486545799848031,-16.76434696985623,-2.053209029404463,-3.5050453281003655,-8.890182453886633,-2.895951974669114,-1.104469991601974,4.04330742452757,-4.176324761111109,-0.4439925217783963,-3.0854279149227732,0.8652924881863427,-2.24757073692386,-2.109511113311262,0.2727194219173295,-2.8125627188555185,-0.5662292332015888,-2.131934846919477,1.4758424675485946,-3.6865012883439747,6.216115843036815,-3.0438756836814354,-1.3139359203127914,-3.87502794242097,-0.5437673675158144,3.087684226729,-2.0374067288758377,3.8905560723248467,0.949650400526311,-0.22450476344653594,0.7005560382563273,2.5769631460326656,-1.340280111703262,-3.949152008788424,-2.1413671014170657,-1.671198979088616,-5.384814903827615,0.5129438784914127,0.5016304013138309,-2.855744730118802,-1.803373224577338,-0.8252301044736118,2.0
-6.073978291883784,9.18132968154281,12.866226528956311,-5.8603186363511055,-4.127610459583085,0.6072666998197461,-5.033128255195115,-5.627300237179737,1.434584711938743,-14.011208854131054,-5.625521315794926,3.156197363013653,-3.790306930580228,6.2391255650157404,1.419659557725984,-1.3983150479039637,0.29268510501449035,4.684059499395786,1.3190965083767536,-8.13185786862381,-4.804766135454248,-3.6030607730526603,-1.673195260445452,0.05831900253804094,-1.619451058828995,3.8998099303053353,2.117073157986292,-0.9877589767419717,-2.579613651536179,-1.475948365813032,-0.988751288618251,-4.010013749980989,1.3610915883481867,-0.008819121158242842,0.5078721127007361,-7.823257073688129,-0.6389693070676012,1.803694150063001,3.3846004372708456,0.5642513814310649,3.0964453909215264,0.8161627189102629,0.6619991980868125,-0.2594380505026435,0.5569797684934474,-0.13254306511558922,1.289005871262447,0.08865755570106582,-4.611892871909101,1.2802189932937558,5.0
-4.240421667515985,-20.3215540839529,5.526963672388232,1.9204750496337208,9.886641927370716,-19.153102821245238,-5.240004391524947,8.74097102516415,-5.862710831454465,-7.937799447902437,-1.0626880027339434,3.709345653598834,-7.4413949876781675,-4.889490425223145,1.575723461479038,-3.4705702454896983,2.102585965876824,2.938554066587505,5.936381622831677,0.41372254031891437,-4.176050665014509,5.461117095903986,6.324049976344078,-2.450610823080332,8.764676569637412,3.0320197971973895,-2.6332494996174303,5.62521338628249,-0.3128192530056793,0.44112120516970404,-2.8076918473904273,4.10735390073811,-1.2476326817250067,-0.061746606087493223,-1.1049833778364708,-0.9936171751868823,-2.6590730064877097,-1.538156662391383,1.4206553856362243,-1.345265816868437,-0.5653766765546727,2.8348920346685067,1.1060778155320603,-2.2914621913089195,-3.202752294939079,-2.4075844125613903,-1.886575302932942,0.7321772163557926,3.4045627282187696,2.1792884518942595,2.0
2.7365659657863906,-24.7207946815695,15.688764253860908,-14.128360885207194,0.5758181862347687,-9.98453179205984,-15.500155681357299,-0.9263290711071348,-7.620091578528394,-2.5195142999353863,-5.771848883943034,3.8978263686193504,1.163553975907331,3.066479273807546,-1.5064818752980387,5.036593544021815,5.3728302262922965,4.8717425070002065,5.832494686913367,-3.410949473112207,-2.474151093546414,-6.732613917143582,-0.587026773268902,-3.2364256567534353,7.446374948535226,-1.307667299553786,-6.582095525106086,-4.535067647463643,3.70990142377496,-1.3806429898009294,-4.487949731997943,-2.7793559004403177,2.266171636580697,4.611767381829858,0.5962148816766626,-4.378268234908215,1.8414434575371312,-4.232152009312817,-2.5562030068776362,-4.378053931511327,-1.0787631652546417,0.3063164169625481,-0.6554911770073107,-1.1053612967807396,0.8850475503521565,-0.9132244396183722,-0.03439127302643548,1.7511769299302922,1.6166885631359313,-1.71853316947414,3.0
4.282916071805301,20.667435490141823,-0.506712487387499,-8.569315875997383,-15.488518908767011,1.250189941024249,-8.162118649339366,3.645200478668236,-3.160610811558174,-5.248848992619044,-1.4153467299129463,-2.2458789980133833,-6.957278314629648,3.303598856572008,11.808874001405018,-24.22968241532208,-2.646557483022451,10.215924577561005,-8.940298730139869,-2.6349090283413354,-1.5938309651132083,-11.210113846324123,-2.184748153293854,3.769667420080582,-6.5305659147567185,1.4215153452287312,-12.035664590734978,-1.6906429133525098,1.0993627955936025,2.99154668598715,-2.3003390157044747,1.2358949594021387,-0.5092561781533661,6.285536864170191,1.5255480584606296,-6.476252396857612,-3.85671733729162,9.4950921715761,10.458869107035584,4.461703005383843,-1.2860028171404503,-5.019300640013519,2.082304926801214,2.415659066297235,7.584595169635074,-5.1686379685630905,2.2949273104455963,6.987193972310292,-2.4478231955497987,0.964411365440804,5.0
-9.517207751453988,-24.297600725483345,19.19087380916234,-16.083668451295182,7.8242085482992385,-1.328021952293402,-1.0726003645491051,-6.525133397465331,-13.383395564077835,19.21751991251731,-13.016606652332905,-5.3622680227675295,-3.8219661874650597,-8.626413672437012,10.475473289363986,-1.9797888987865337,-7.233976078396226,13.076557326618214,-4.305439277517535,3.710624235410353,-2.34317953643114,-6.299526463213753,2.181006546798451,-6.4206887922328075,-4.249549864308442,4.474475635661515,-3.4487346231437974,3.7516518649483057,-0.43480219882018983,-2.810118852175014,-4.519147571121966,-3.9269000972830184,2.4865561029735725,-5.289278792639329,1.8417340289304924,-4.55780560069853,-1.367864355659092,-3.950737904406912,-4.020032942881244,2.766027519576883,-1.3382052281103995,0.1334714966109277,0.9663494251816446,-0.7006716004168069,1.1766442081613155,5.016079320341328,-3.9274184093896993,0.7490184624825399,3.5542730814884083,3.5997629837136915,5.0
-19.0717476178015,4.546590931843451,32.06201765888535,-3.365257953822864,-2.0960634279911114,0.9944979836582037,7.502020237212939,7.209171399330646,8.192565140130675,-0.15859791062918108,-4.5731096659744646,-10.951594578304835,1.4307005697371356,-0.4825632070000164,8.500586614233407,-0.5289938215461916,3.659080301353399,2.790086976337651,-2.5781189540780405,-5.768555599167569,0.646791707241301,3.789045251111252,2.2799201025708347,-8.931153358582835,-6.034032938274649,-7.942661386600017,-7.270168189164247,5.731913330590101,0.27726559541183765,-1.2128542084453164,3.424576048342939,-7.640931598525914,-8.10082258779133,7.934175367532574,-1.9223748527851672,0.4179745689968466,9.376008245200511,-3.358823600595837,1.7238678585924214,2.3944563704146526,0.49021546569131114,4.140409290339887,-3.990060099541033,0.616148784711972,1.0306094156135976,2.3405172151457534,3.2131032414394003,1.3659515241049318,1.3338392217609103,0.0948902529796414,1.0
7.725640958677719,42.02602166840439,11.905069057147928,-2.4202379755860517,-3.0880281534430516,-10.745822626738342,-11.05585867697824,-5.95106091000252,-6.618050275030857,2.7795324140133597,-11.163698476803345,-2.805528410434537,-12.0337901190167,5.828022308983529,-5.524190818334979,4.367807080568428,-4.266286752759253,-13.257292623192738,-3.9668159164911403,-0.25129132012734995,-1.8382491937929284,-2.48665414712448,-0.6164523237983934,-6.859082670031197,-7.861032076944844,-3.1550898246651706,0.8073845003139339,-5.509267924367954,1.9634142439928557,-0.11804782376157863,-0.18607683231631156,-1.9118552086653962,0.2059555690891383,1.1083009119240828,-2.482499382731709,-3.1967176595092908,0.6966323022382018,1.9517143498403617,-0.5929304496171267,5.646174011962513,-2.4514757130238194,-1.817803188639731,1.6168484826910983,3.5917915324897147,-1.9736745520748693,2.68160584279236,2.7755545161426527,-1.0418673361668591,-2.2510855878964584,3.359316577159285,3.0
18.45026105620298,16.455059295395472,7.534324119668148,21.011823030155096,-7.5628253135527475,5.607892288968397,7.091181703121725,-0.5369411358121275,-4.802709682527053,-6.89098664720322,6.876912039634995,0.24033104225786164,-2.93148027630761,4.6880273761280655,-3.7969758530385436,-3.98732218180138,-3.3306647323359746,-4.657946755463112,-1.259905851969805,-8.666094485484225,-4.130010853459975,0.6509362567705728,-3.179376233035124,1.8121947345589269,-4.685924716223272,2.9936659546144013,3.2771602917987135,-1.6332017142651767,-2.983227634466827,0.735029261473599,-3.6691114055218312,-2.4670833311428724,2.591157343373142,-1.5769838353640975,2.693274383856411,-2.788436099352072,-0.9407161654662003,0.272836861657154,0.5425874903050939,-2.01341641490683,-1.7756323004753356,-2.494154955877923,-3.020726890886339,-2.405009569884755,-0.9894962924824179,0.39902801184250014,-1.2139555052160946,0.9483431558438765,-2.87685582485828,-0.13549014194664807,3.0
-10.23138203611962,53.58873553771359,0.11175579828672963,6.1195625931615,1.8448716492826072,-1.5817030003297192,-23.353636172847217,-8.938692707530688,8.670658762290545,-14.595795857706616,-0.31209041532726695,0.29703631270509806,1.156699060348732,-11.097677414868377,5.269320125495145,-7.267083587856047,-1.6029256198575499,2.7359249393625475,13.487632602657563,5.543360303902816,-10.778420478322174,-12.26565040462672,14.708561904335935,9.782447908988896,-2.9445033810467143,-5.202909740729875,-1.9860179256153039,1.0912674854595978,-1.636111584343197,2.560155212021028,-3.7777191085290824,2.9866034078788783,-2.0591516421984837,-2.0097699914069382,0.9221621677762583,-4.364995368731439,-3.760193741274234,-0.13923207355428044,-1.5414869793330712,4.355446682850598,-1.7361519987061176,-0.3170804835506278,3.2015694804487165,-3.296353088517863,7.285392739554622,-3.137184255292072,-1.0988481212030983,0.6467832753748601,5.551480783538321,3.3094026704707242,5.0
-24.85680618045215,-10.281113383651356,16.581472371915954,7.446010241996677,-0.9182307688433012,-2.9172199368549627,-26.5782069344277,-11.73693248901276,7.393147017562286,-8.205535448367971,6.748036244001805,-7.350041963887873,-11.893763810875758,2.999079736578801,-2.9898742727279886,-19.07119356366685,4.492304132640934,7.097911585411533,-0.8200077479536108,4.417211602365664,-11.699739714736321,-2.2524783088407587,0.19165721650816686,0.11577671380093206,0.2639509540594762,-4.89900128527333,-4.108855875920831,-4.9948522261244,-12.248444065544149,1.7918115214346502,-5.115379793887029,2.6237882559178853,4.461888346172766,-4.281269140549853,-4.341551199708437,2.6733048236846573,-9.03291833244884,8.403404986195053,1.6046414976959702,5.22052216280745,9.899843026791812,-4.104891472925281,-3.6196114626645666,-1.8034607227062787,6.100383638522539,-2.7982798487399516,0.001565042580961859,-2.9752916273216963,6.312576066917809,0.9199840371490635,3.0
-16.550331434352927,-44.53067105141518,-22.343873192866415,-6.854172333531175,8.539956646058224,4.702909278825165,6.402150231080406,-0.6978508069190339,-7.992086797181199,8.40869311773193,4.746782249315719,6.348409059455845,9.697923079746595,-2.815914441326107,8.042057407824434,3.5688364979478098,1.824327118021748,-2.697429237350481,-7.9931854732494125,0.6946929792592197,5.404762428242455,-4.378673972601433,10.963672096596579,6.633497449186079,3.226538325628107,-6.548465303428118,8.047006221340183,-9.086513833117097,0.8371135129147531,-1.3920315090964395,-2.518397378643837,-0.5672404677800356,-10.111799122613968,-1.8840361705247908,1.6141479160826722,-6.130042693482376,-0.30819593911607873,9.343886210166197,-3.2224878564247885,6.127104830912744,7.336308451161433,-4.616802448192443,-7.24606092411999,8.733723394945518,-2.263871513663039,3.99929508081521,-2.185162753851414,3.907625936248347,-0.949864717598839,11.864992417928054,5.0
2.8979959285918584,-31.948994639925672,-2.351317598400563,-15.155415700587895,7.516867653788084,-14.216553241304451,-2.856518884712283,2.5801168827657244,-5.328075082939671,-4.798628209100406,13.853693279797545,3.806303788786953,0.6552024946557365,-9.554827184833185,-4.8290048794685845,4.589829619566468,-8.203892044703974,4.090339973610198,8.463751072339921,-0.6842647102295387,-5.084697584357036,-1.8261289532714018,1.352002259231292,-4.914400958255743,2.1465965487282723,6.574112076322896,-9.672625824265973,1.1726410198345982,7.828724944334516,-0.6777561655141344,-2.06113564457146,-2.8605986686486253,7.174991399157201,9.263844195887536,-3.6818264904884703,2.4914216948155015,-0.9360609252741472,-2.345777242229924,0.2191794656340333,-3.2790841217919726,0.9316974990420531,1.2143285280591887,5.927206074161971,-4.350481917273973,0.39878897860229773,-2.563443640101181,-2.98610469471179,-0.16621198041053872,-5.288223743959497,-1.065948372780217,2.0
-0.7829123239769126,-5.145562554227538,-17.38517100215292,1.4295253262231045,0.7276559402074646,-20.291211411451663,-9.790220869514194,1.470407614039097,4.242109739694588,8.187115781927648,-8.940720198186469,1.520937103513278,-5.412564067538118,3.9980057408041993,10.699202828255189,3.2956255688518628,4.36404066240675,2.401146296195213,-2.1981398714602505,-2.7345312214713404,1.5190911691723903,-0.40749284878109915,-4.2725016219102185,3.461600683433047,-1.3250193858333381,2.7370375962054654,-1.0601265933196604,3.6584869354761302,3.0339979068016127,-4.105425795962961,-4.55299642628226,3.2865691364303697,1.4135314538274195,-5.411224224495483,0.05842188610765024,-0.3759117721737461,2.8346827630476312,4.737058996810541,-0.8970464550312551,1.4657429643070543,0.24250350314468594,2.1585367204519286,0.5900633128908783,2.4787279234449673,-4.364387330273143,1.8757257515122554,0.11487324056574366,-1.1040346448963652,-2.605589471098653,-4.268404180552821,5.0
17.035502132963778,-39.7199711277979,-5.081343136573278,-21.002592387690765,-13.272580743804935,2.8412859372547183,-23.175451486740798,-6.051907047800493,-6.8201374927247205,3.197465166486875,17.243357799300103,4.103882226368079,-11.763860551328966,3.4068260794365925,10.659785781546779,-23.709344021795374,1.4521359413502384,2.978240752016433,7.545652539462497,-3.6755502253267522,-5.810040389076286,-16.98017365313892,1.3268880049025549,2.3281875513249624,-6.404635955715587,0.6448743667747442,5.333734625964338,-7.341320489864618,2.926938106012635,-3.028328492747533,-9.502202412673494,-7.732451588714919,-2.558473935759562,8.885999311017205,12.654201995875757,2.4880420188639065,-7.787608921820469,5.60308280596046,-0.6091605599073322,-5.219216288970565,2.284306986556425,-1.3507396929105835,3.3747430695327862,-3.228257221454988,-0.37516371827444583,-12.067710085833456,-3.8033244900887166,-2.02524794701161,-4.988152290905243,-5.542483680044357,5.0
43.633798394154574,4.528099438502262,7.8984824185296185,24.236150898416128,-2.7082081987442086,3.69485495176243,-5.360274046730619,-12.937523093713446,-1.6496853297887748,2.5268485144459687,1.3543492087651212,8.34078878256719,9.008031988634658,-0.7686403927435101,-0.16410603067015864,-0.4956265921907468,0.3613670872995037,11.417086296002303,3.9289870589373552,7.441896426968112,-0.46710744590264036,5.881542467299694,-2.308739990128432,-1.43981715850441,0.5053620891458411,-4.878066824882636,2.834914237901463,-1.1580102510876182,-1.4696725964328228,1.8782784350547181,2.0671528996810093,1.6943902009743623,-0.7340288862286968,2.5302060728817715,-0.047412022169666466,1.9905189781476516,2.8019331993920886,-2.2304620241698077,0.14666716939700591,0.6364498215552316,1.5767518381671977,-0.9237573939642922,-1.1134827725187724,1.1216792255658132,-1.0638875035092767,1.988716567425481,-2.523317662811391,-0.05412993564778528,-1.8204257495299463,-0.39979333443301684,2.0
-65.14384851925948,40.322822473802596,1.866263290834153,4.701614444328193,7.091368179760243,11.327576373213175,-5.347761409011544,-16.94728150247685,-3.8765793749432067,13.689287477679526,9.875461372390275,-6.971865902808721,21.193300559002175,-7.494133128976404,3.158460151900778,1.7221376730236237,6.557409423532861,-2.127812441664373,0.8041588146559816,-12.400347001400553,-2.671776496378501,-8.172264541718176,4.602663786542361,5.983250768086483,-0.7219931413485797,-0.5731818066280501,8.7264767494488,0.37876259737549295,11.803620500408682,8.38877960181811,-1.3644314972264324,-1.4182229827476016,-0.505723572315611,-2.53679857813768,2.0574715528282805,-1.947320075432248,0.7740790283136078,-1.083176910264772,2.923198300566558,-0.1836385444253648,9.025898198767214,-7.162868477991543,1.2383234700099794,-1.0273197319968916,4.357229607566156,2.36082566000457,-0.2526370876098084,-0.42315629159779505,2.856514528960548,-10.496944896181496,3.0
-40.508992244532,-33.98467997944981,23.548454063481113,-2.286145685347891,12.370461883483516,16.007486501257546,-21.479881488656666,-32.50516138163597,-6.076121051598427,19.415324004388474,3.089560003934416,-2.489615277106005,3.3263516392709227,9.637242150574483,-2.284622924317761,-0.5859684497929531,1.8077812510704625,-15.948288152720043,9.00280372227879,-3.8562114454591403,-15.395163131159286,-3.4851527700141873,-0.9164283713310672,2.6162755728120413,-0.7697335499387158,6.4924638202385925,3.986658026074832,2.111152065749627,-1.3363981090719683,7.933536298421281,3.464992495260696,0.3767144610046565,-2.6812888608349335,-5.776561761943638,-14.7838418934334,-2.8592929217094394,-1.7971256957800401,-0.7701623755512712,3.9944183314721777,-1.1572927401513478,6.656627075117769,10.991277253305856,8.191606843615755,-3.4670243534849474,-3.533182803134611,9.792333648168656,-1.9191956861745028,-8.956846921052083,0.8827984907654072,1.5523986249868593,5.0
5.088407310842529,8.626266864546107,17.950606423476287,-4.684669969675552,-12.13691256639509,-1.941869166998818,2.323244639754635,4.774069428456199,-2.5388217807176736,9.556228281910347,-1.8979637685386954,-5.871585094055138,-17.149782138258868,-10.953541124428362,0.9147296683667169,-3.9461037879006997,1.6282177441604848,0.1927752241907422,-0.236824029878375,-1.3078469568321558,-1.1982279312045205,12.841552659973354,-2.244807581197262,6.572424806831811,4.572712785404296,0.1056097836845217,0.9568769316140873,-4.566616678131058,-1.8597856520426759,3.370906313817925,0.945761709147897,6.955171592341323,-0.9730915541795735,2.4611221698679664,5.586773585623206,-1.4159227879435232,0.3924870886498383,3.062060450803065,3.4703756349719423,3.4835488994265273,2.523679184589728,5.2176583612435286,0.2740555826779769,-1.6155569375613308,-1.0041650861504021,1.6005419782917012,-0.6845292884316541,-0.5999359845383652,-4.013946592571745,0.993298406509158,2.0
2.3449739501886855,-12.438657459302776,8.309826979780068,-7.001606024817442,-2.8664993321204446,3.2684094236965806,4.473511076100682,-7.155301951909131,-2.256295450021363,5.55971334030126,-10.931971907404998,-14.091498044820568,15.255661488521874,-3.446682779992681,8.474615364855442,-10.075042558920462,-1.023612819931663,23.944662355585606,-4.879213185788508,11.7185989021302,-0.5372464199775728,4.540729975892018,-8.994187019877947,-0.08970575790487757,1.4426236447321783,6.293834038221112,2.5640749259844426,-10.193162213714754,2.1103270312614493,9.202152605587292,1.8598772451926207,-4.615025923466618,-3.246539141452637,-2.144360581735561,-1.6673593972751957,-0.9960330545447157,-5.571762924513047,-9.109034654798487,-3.3309380482361703,0.4800498072546806,-2.8207989385326298,-1.9948859521695503,-3.5651494608772274,6.3900044315863145,5.047091635307076,4.195181134291373,3.738277123343565,0.6593487707846472,-8.338711061886224,-4.7855400936238315,3.0
23.746039531379616,9.276416792719365,-8.875888401910478,-1.636251700999359,-14.959325301996111,-6.018465144087688,-19.791688137597948,6.40393996688321,-6.015819992659965,-6.18146352901596,-2.8463650626241654,-0.5019021688599737,-0.4576879057926191,-3.6975869392139322,-6.641205960036549,-0.3112927240250509,-11.806373194271059,-2.7000488358199974,2.9990154312264328,-7.93693572616695,-2.2689821553464835,-8.016791547403866,3.62642058765433,6.215633190888191,3.3076911801621462,2.72294038127663,-6.350051364635458,6.20677468846095,0.26298282484862995,6.168151335055729,0.8752676452446788,-2.8795029148583033,-10.541035904283508,-2.236647635824731,-5.526380199100569,-1.4603457373993078,-0.6553114692207072,3.3368259322432023,-6.138017029687805,-3.1449354963217266,-0.5130908922527752,1.4670302194193137,-1.684867283987773,2.0386591023179643,3.4938292223491088,1.4419412974497199,-4.1147873937338275,-0.4342146208145745,0.11032697878170117,-3.248747316749666,3.0
-2.66722402500041,-2.663024659931044,16.375863899060338,23.35312960237316,7.487353755897604,-13.683536876243242,-7.673981856122653,3.289236245523455,-0.26259445042064916,-0.2567616959626767,-7.272796468688571,4.21661614511951,-2.6683716783046982,6.337295433067132,-3.0113476216693846,1.514857544919102,-3.2441711685901335,1.1114951933781745,-3.3045902770232423,0.16487018330137146,5.551822902249033,4.0395083268841265,1.2414704738693576,-0.9650084328165944,-5.505403441627762,-1.1516856087824945,-0.6968534264711717,-2.347376896095728,3.721075661700102,-2.608425376215997,0.563457327820548,-3.08089825988374,1.501517299801109,-1.0191695376515617,-3.7608261288163614,4.961099246252452,-2.3384639342674545,3.830255684461655,0.6554429554254351,-0.16976892563354645,1.2340728529257579,2.1081401668888047,-3.2050702505153135,-1.7776647506225296,-1.3731052719426677,1.6857796236356546,-0.8750175254904577,-0.28429123312065147,0.643779221091739,-0.2090119927538659,2.0
16.880107830290683,-7.523474609306939,-15.100140109485633,-9.795767310680814,10.375896903079406,2.5359552656047204,24.424929136330576,-13.591238863390803,-8.013945909710273,-9.303985367902976,-5.129331655482004,6.4020355848369155,1.860856834556081,-8.115639225647604,1.084325588667936,-0.5483911545026595,3.1952039812917974,10.301320240941498,-4.085997238391231,4.306127885096189,-7.101413993072235,-11.509550690931162,-5.479953530067095,4.486743348855281,0.9532011195310739,2.2540924636782393,-7.643523879304298,-2.638024924109836,4.165956099473454,4.20856374626794,-2.6022946659458603,4.39158666336665,-2.5423637699257675,6.713680693208633,-4.308463913833605,-3.634384934673892,7.140358109603631,-1.1162171659224518,1.773849162074647,-3.96931797589915,2.395072291173544,9.208922165081088,2.569080790149964,-1.7272109482640436,2.6510900349090663,2.1281457548520515,4.026256522546834,-2.42344943046681,6.307056421183837,1.3492823393082383,5.0
25.183163107948427,21.06254683248326,23.302709968580288,11.532039380040624,6.985528745589925,-11.470257824190618,-24.20923058107229,-19.27234424654715,-27.544183255477797,26.71508208974136,1.2161939073890753,-1.9856446689228493,-7.321304032961416,-1.1946494388227773,19.007127325557274,2.380918073143005,-8.721875933526187,-15.146556951973105,-6.759050943680317,-1.7751792182217314,-8.17750976930362,-4.976064488008984,3.1138978712228624,7.452902190645371,6.363369968180739,-3.12228939984334,-7.388970592110693,5.407010263637588,0.26906021703887456,-0.3015959284902716,-4.175342276671667,-0.22219821757016467,-8.13190664453821,2.3033334831628762,2.1673771241616593,-1.1753179136921235,0.8886168773127447,-1.6713383611391248,5.976316611219847,-1.9760271358674624,-7.653206521768776,0.7175308293711435,-0.3498852546011634,5.172682549851104,2.4528023084023887,3.6554732816259894,9.370150550239222,-0.222862639046311,0.7163013339269092,1.1627862415210355,0.0
-12.787754402977505,-19.847609031607117,-16.68348080380632,13.882512829657879,-1.366269857262323,-8.50181202438392,-7.209846866580427,5.399124468640186,10.495057463448878,-2.9955428619036137,0.7512768117299392,-1.2969591434780998,9.540662482286496,7.313239989905963,0.5951162693434018,-8.936721688959434,8.715771208915738,7.03994282619133,-9.31980323152466,-2.9619144063644613,5.106424195531348,-6.729194389573896,-6.511050448685968,8.219404510695455,-4.548679987297754,6.881924566717227,-6.408575022164222,-6.591477269846676,4.012504119699459,-0.6259959386410487,-1.1104437815606298,8.20505404227403,1.2648560076520288,1.9498113858518538,-1.9142957263792575,2.037555760368185,-7.564788650696194,-0.5936841909665822,13.642455555150237,5.2881932553902375,-7.16626599399534,0.5342343821477059,0.9626180575126223,-2.3401880426472963,0.20042855333664322,2.1412943218541725,1.8772422803605182,-3.091054976589959,5.819135009376621,1.6678834402788871,2.0
-52.402963387303195,-31.826334791805248,9.717025107265744,-6.0017573412558765,11.337569683924919,20.123623374307968,4.286572348631178,-9.635738670706326,0.45595110843748454,9.748674184375657,12.416033802498596,8.562150092602362,8.923714469709848,8.967870968270876,-6.4726504159585145,8.259334309870429,18.73404865574568,-4.153499950127657,-6.981715990799396,-2.8722963841478766,-14.780652683929677,7.732352705231434,11.318290068124469,-4.2020030124223515,8.056980688757275,-1.6532650618109854,-2.382108140448966,-9.752419704809595,-6.360861961598887,-2.912537076284117,4.399383683009999,2.3956666706117815,-3.8155377249810645,-1.978091066791477,-2.7158232089179015,2.5270343804611746,8.114646466587503,-0.4819511621695502,-0.5248631321134917,-0.26562479573838244,0.8931066242116988,-3.6667433433964236,4.579383740663961,4.594079148417913,-5.65782082291847,-7.200846660311272,-6.116580147096124,4.90027197392035,0.49122723250652367,4.932780865351177,5.0
-17.233890387410163,-51.84138149199041,-17.850126237114537,1.6122121900435198,11.871222519347251,-12.04374956183161,-0.9233252363768786,-2.8566191253343223,6.921945195625332,-3.486254864995739,-2.382765763808147,-3.398364944513518,10.234418047928132,-1.7173058272864263,1.5926551496180823,4.347399212956326,0.7871433274945567,6.842964719198742,6.258031009745658,1.0347024552246757,6.6885155085031,-0.9314194457113907,10.310138329115192,-1.474124566798644,-0.06044428347853428,-2.8642642016532607,5.51496115443927,-3.58137121762206,-1.4328138613656713,-3.435292560340097,-4.117634574671445,-2.994553238039918,-3.2742123010282405,-3.648589146556331,4.5378330287940525,-1.637280574465294,0.8014036466556423,1.5716780105173773,-0.35040945713898664,7.3799373593387285,-4.614398129381423,0.6510492612360327,-1.373643523175712,2.8418706109560636,-2.090698068850035,2.0094476205253846,-4.477082089593681,0.9722526312711959,2.273847996770561,2.0289947692436945,2.0
-36.80432999555305,38.46338622324774,-9.444706233442655,-3.993922451104869,-6.849577543042803,-6.115338063337316,-14.261256762184564,-4.508861890488588,1.9917548024560239,-5.510120617448339,2.9931184997977223,-5.00529504414459,2.8683992230699635,-23.020753920890083,0.686312135595863,10.527324659814823,-3.505312329277772,-4.022675615739936,-1.1267847377233597,0.5737056033817333,-0.8487715686443104,-4.901077944850265,6.690476267019738,4.081889900208584,4.537289377628878,-0.7351848322389668,-6.216788017519734,-0.18582817787336398,1.0152658370309426,1.313168635997541,1.4396532887952285,-4.962281472170381,1.1214917966329805,1.1150577744551964,-3.15242821335469,5.790957641759813,-2.959814167775314,-5.861194016892915,-5.83832527535949,0.4745062692706089,-0.17678543940155655,-0.168457136118412,-1.523695628749946,-0.5746071326262138,0.23923861920232445,-1.9913459044299788,0.8103247020260218,0.12398455612620557,2.245104758547869,-2.317712746773865,2.0
27.257593876039998,-28.570784449756847,-3.686299908538913,-0.4029736527547571,-9.552226027556264,-2.8440379521006847,1.5046820976807656,12.263708936860457,-6.686810033256863,16.695615752989845,2.067662886614612,0.9391354683858495,7.086992849337219,-9.972244421064895,-7.193762195199005,-0.03739846725917207,7.45961461948627,-1.3403994206698473,-2.374153842564884,-2.2690438803155315,-1.967886235030181,-6.112088056120768,-0.012793414268260533,2.265080935607597,-0.8290274992924941,-1.3483143226755416,-4.774352528102408,5.203517662471769,0.6887536748682319,-3.4738046393066644,-1.1073393070442872,-1.4679273364531686,0.4174494299635806,-0.20113700857348402,-0.38508141692037645,0.8604190617220123,-5.313996861169756,1.2508199176564738,-0.7420758461905962,3.148117750361743,-2.1082327727607364,0.00702149771586246,-0.2770215053643509,-5.562738495296891,-2.828885518187754,3.101808861508261,-1.2977070210048725,3.215766990996022,1.0892211667709535,-5.073132952098336,3.0
33.24844378940647,7.50211432364465,-9.442007058809455,11.866603690561243,-14.755365820144071,12.913137821292358,10.238146815429245,-2.686306820587324,4.597107450545753,4.452467268776693,1.0591013352268854,5.108195917577622,6.357098009465963,-1.878096751058924,-0.2962289361984935,-3.822255233199304,-1.0205505440696396,6.356097201616421,0.46857640085016256,-3.209755552820356,-3.063364452680719,3.51877408341719,-2.016351915656279,0.9798787840001846,1.378538048056679,2.456694116557671,2.6290142294212524,-1.3204576754358317,-2.3836698772182046,2.4263360897771866,-4.3343771781594205,0.39374868332191476,1.106420832562258,-1.9305546832101343,2.7981982661367555,-0.16720753236294214,-3.5619410445046444,3.6084629443286826,-4.9731746387954185,-2.649211051573051,2.1648444892757506,3.986979697502605,-2.9849168283935654,-4.443415907097885,-0.9083685268643946,-0.4553258827746747,-1.870226891031793,1.9312339870128101,-3.034037294692019,-0.45759917537764905,2.0
-2.572397991040196,44.94988965002362,5.320260347149605,10.077307843287379,-6.5613720649388005,7.332710115052424,14.467088287727575,-1.0841151308202368,-16.183806451771733,15.725313096975261,-1.1161827450002666,-0.05377742862489576,-22.524980158186008,10.754440105992876,-10.813437181314347,0.8170043369766528,1.5213709526470207,7.955460202655743,5.325766247764066,-3.3857413809927035,9.120383469215264,-12.856762585158343,3.0384744100700334,-1.398462573751352,2.730787583430104,-4.216656459616148,-3.0584091111680363,2.0068051967933087,1.6988444172019752,-6.965792275621744,3.3909279932432064,-3.2100626091160347,3.508024125532786,-2.796746217315117,2.3373366799107718,-2.260092028754332,3.424019172747781,1.9419198103672193,-4.1912123044352025,1.5060414389433088,2.398627001351163,-0.9478801005533635,0.29486308129930405,-1.0691788387493308,-1.1598758915164253,-1.509609335302473,1.819425969995554,-4.100022745335555,-2.990598794737574,2.4954604703831937,2.0
5.828097542918936,-19.560679932462932,-14.191289067402625,7.009313596851945,-0.8174372849349806,-8.041446749945877,-16.905423559751302,3.2000821887531106,-18.162983280777546,9.665141944736291,2.615043063004944,4.204602092236795,15.226346563541645,5.4409112954734855,-5.437314192908215,0.6008210857443964,-3.422227025948642,2.4111338465658707,-3.4081887912956055,-2.4546078630663253,-1.795866324893706,-3.572507460385645,-1.4901918214945136,0.16974235178143268,-1.3318699649321386,-3.4253422378667655,0.8399572081291798,3.5481318739244823,6.5444758522551,-5.638943694919412,0.27013456101689515,1.5316864601643905,0.9764837058521169,-3.988254479886384,2.300367680177008,-3.3078609809269697,1.2444546591228822,-1.1445869547618084,5.338753326160713,-0.5549267866287302,-0.9854745959961277,1.7745867079878221,-3.547796675315604,3.015150378441033,0.654811290445574,-1.0345237727401868,0.6645556957616932,-1.0591874223984985,2.645767031781796,0.6993591777524522,3.0
-43.475393115030414,-7.719750202805775,15.799648671271608,-7.0912573402013335,-2.254817094872632,17.698048902716504,9.431594062431579,-7.910383892114621,7.584436363840352,-11.579388958925268,-7.043816665813635,-8.80445176574834,0.3244217522404885,12.456538864103695,3.7439497382044378,4.878580064844939,-4.440438401808529,2.6181150791932426,10.119255235484959,-11.034021640863223,10.957094344044076,0.737976393767246,-10.585155469704876,5.123923809802716,0.2641000786193534,1.8603265037710466,2.4440618544957915,-3.640212954179369,-2.031665450688054,0.7900199681437245,-3.4246352115733485,7.9448909611944005,1.3973737936214163,-2.6901634003200217,5.335019328859876,12.383816531900164,-3.8577916301666675,-0.49036020667244357,0.32248406721126766,-1.3296959108261275,-3.23117915690639,0.51944985874383,3.608722179880517,-1.7507346541987272,-2.275084449609968,-2.0014647227601854,-4.046004147424825,-1.8013983645647234,-1.6028367826842032,-2.532201840880947,2.0
-33.35563593206061,-17.654999892082717,-21.838785949155316,-1.3681778319505136,2.1922322738617943,6.1008243132665605,-2.3550342772004424,-12.461824981906227,2.815462469130317,-4.620716712260344,12.35276708034805,9.70950059719442,-11.435523499081295,2.2641346268417863,1.0356472721672187,0.1057945522922985,6.011115566589495,-5.070216858140264,-7.823159758901068,-1.7489825811993767,-2.248373356831066,-0.6462887008200349,-3.44988493469258,-0.657812740220951,1.264827802657959,-0.8306912438010274,11.145424503585652,7.002307238572794,-0.575106257192115,-5.468959806521304,4.381505579849009,2.171729821892614,-3.993115185736744,3.4093536041271735,0.06368667022627479,6.138225068687148,2.3146692270726352,-6.39865075173872,-5.432931356214535,6.349233272832225,6.551831220505166,0.6053416545135358,-3.02796600335327,0.7542417675528933,-3.7743651717968616,0.9875811965229423,0.02532526025185224,5.56960600101461,-1.1886335363002933,0.6201337326668447,5.0
