feature_0,feature_1,feature_2,feature_3,feature_4,feature_5,feature_6,feature_7,feature_8,feature_9,feature_10,feature_11,feature_12,feature_13,feature_14,feature_15,feature_16,feature_17,feature_18,feature_19,feature_20,feature_21,feature_22,feature_23,feature_24,feature_25,feature_26,feature_27,feature_28,feature_29,feature_30,feature_31,feature_32,feature_33,feature_34,feature_35,feature_36,feature_37,feature_38,feature_39,feature_40,feature_41,feature_42,feature_43,feature_44,feature_45,feature_46,feature_47,feature_48,feature_49,target
-2.660580723787554,0.5018576417205127,-6.353235421367867,-32.116930259384404,-3.9888990126730106,10.245109167229938,-9.550357936623737,-8.866603177667633,-19.326320758349418,-7.594708124669486,-8.627597871895752,0.18559968072608268,-4.152184879414955,-7.808830626801066,1.2238916560554187,4.4633348269430355,-5.318088512068404,-0.968564829099128,-8.654745003385012,7.904409571275493,-0.4788227551951286,-3.290341466940357,-2.416577374512933,0.42077539791972585,4.475859812641178,-1.8565091745495974,-1.0417692056069001,4.85431108883985,-0.6746534017034368,10.674350119291983,4.862614825956716,-2.555967172046439,4.997277358687715,-8.870696884572808,-5.196217097605777,2.1955503248102093,11.336741276298294,-1.4009859351817264,0.7872371586530986,-0.9454714254650175,-8.96909126155841,-5.32200265174162,-5.232662144868545,-7.5003139768236595,-1.096536359397354,-5.076734798308907,-2.7972167405387736,-6.77255972648348,4.10765146814612,0.48554668043939175,5.0
5.776269722775809,6.749186416597324,30.912573543109602,18.6613654370333,7.472623987372677,0.7950916745744959,-6.417042978535018,-8.597661241307424,-8.103572582498883,-12.325980580596804,1.306874941463351,-2.2473912246061842,-2.916750445550648,4.802890622480246,-2.1621586117487404,-2.7926710862016275,1.454032116690898,-6.6323092555567,-4.565453128498423,0.19694343801656813,-0.4152219973423719,-1.499482387902251,-1.427294763356162,-3.5105166445854987,2.9722322746317382,-0.331064741516152,3.297634578840509,-3.168208077730827,3.7790893567605135,-0.6629297060836622,0.3121734613867931,-1.060239240405641,0.14924863382342934,-0.764068002482913,-4.417862191722194,-1.976918436593177,-0.9869893203564701,-1.0412357905705683,-0.9042585575518624,-2.9304491541300135,0.5934473379308559,-3.047147991400213,1.819233836189506,-0.6500504846254308,-2.2314639206466516,0.5744207541209148,-2.3136159542994306,1.7637459934999227,1.9921143442270521,0.28785122099289523,4.0
8.193697174669358,-5.3257631325257595,13.114359339405516,-11.245806769204897,-10.265268282100896,1.225713315553228,10.700070328181855,9.388538003919763,-9.398722440474268,-11.808634845526349,-6.583785696458799,-0.422115364688813,16.710300172606225,11.797667901055906,-3.166147960361275,9.618819076568762,6.15429043269063,2.2244637572588615,-1.5152658274212678,0.6318116939766666,6.067375217140346,-7.144260660325186,-8.413694224381445,1.1337444043498142,1.3482115006846669,3.002320799522976,3.3310275786225803,-4.254451341618914,2.6450159309252586,0.579115209662665,2.7448674669731945,2.095161474910964,-3.045942771328914,5.991021364143341,4.227450672534563,4.56484019915307,-8.667577073741775,1.2416116947225397,-1.9744302926354622,2.88445402677791,0.03725187227978862,4.165424061939488,1.8306158729170914,-5.130016314210653,1.3161190564830072,-1.7309351086039255,-1.5282559132586806,2.4576327409887124,-1.172443239983469,-2.314261808758983,2.0
-5.005588354632645,-28.241229367480308,4.77493403654837,-10.74887044176019,-5.5885246053478435,9.34215158208393,1.0676585525880582,-3.3449687011067306,-0.14187207761634849,-17.023966018824613,0.9282585239594278,-0.9094478214948246,13.4524239882799,14.200426078847547,-1.8858478685672893,6.364030912025812,9.108479209549838,-4.095951072356628,8.639458831335155,-2.9149844824061617,6.051317794450516,1.7932892522000916,4.441930895311566,-2.574089702065653,-6.6214908282532505,-2.135637506773872,-6.6209954988998465,-3.1125895351131767,0.7361282947329788,1.8164033040171321,-3.556839838823411,10.304532330477004,2.316769983051832,3.1504190667111196,-4.866182606283657,-3.637593746926417,-2.0380541477066987,3.733395588646766,6.995517116611867,-3.4496555103924766,-3.957732231552103,6.827558129764016,-7.484378231785156,-4.861511867245662,-1.825238206483539,2.741064664508555,-9.80445543062736,0.5544320175447045,-3.857911170135443,-3.440735243653752,4.0
33.48045668065319,2.115859364064039,10.708417400885716,13.223940298106724,-16.673288313178762,1.4735451192633577,12.760110917762713,-12.272775306251281,-6.145063488764092,23.14899293776642,-2.517961963284574,-3.0578204105028384,-3.9382954913749906,5.178288056353716,15.919416937216347,4.700041118053214,-3.3973843009138074,-9.713398873635269,0.6299277629316876,1.9428305897186415,-6.666727011024215,7.166410239098541,2.8423787616555987,8.242095061394165,-7.083827423312575,1.3145108134152996,-0.5388956246155492,-2.332316931441704,2.9615301328408337,-0.6366678014442664,-2.774925438549445,3.8066056903313696,9.651493406817123,-0.20812653816038634,-3.5359755714204,-3.4597231352470432,-6.090234874740901,2.767119050859494,0.668415934210328,-7.2107811798726935,-5.198249831196626,-3.492842099278983,-2.2425792184796314,-2.4633100548286895,1.8142472380013939,-2.4741930849816813,-3.734377927836153,8.884349049244852,0.22472905446700916,-0.4488805121013904,0.0
34.72800432075339,28.07942130780041,-13.175846947441752,-7.168585898008202,-8.130351097157499,-0.0908638193262455,-1.6386887117534161,-5.796424073999125,9.650333272466291,3.9691438534732,-12.380206093684299,7.8047983903065665,4.966520170146193,-3.5036886768967768,-4.900603105311768,2.1544509177276616,2.676390827051696,-3.3277209946862576,4.198902261911821,-3.751369288093831,-1.1757745484091953,-5.793082992006648,0.29522362133469504,-0.0914108751022118,2.6897280301213886,-3.9565405807144396,1.4924761159983035,-1.5951828990844172,0.10482688455939514,0.6194983357825213,2.165424835070248,0.6776087066072384,-0.7570581436080189,-7.644499447678714,-2.1927123747289667,-2.9432566568433947,-2.451443589200306,-1.072019758499652,2.824468991139243,-0.5258169056901032,0.11654656269437531,6.260957844126484,0.5966289503686549,0.09205629840134127,2.7982703537346274,-4.144728221520727,2.0146445210857586,0.2796098220884961,1.7250263277643605,-1.1165377079089682,5.0
19.35896318714,1.1957040816562854,-10.024092987706313,11.523756328143296,-6.266356648863005,-8.364453075494836,8.222271506223672,2.478551162584532,-9.886403987355898,-0.3553950825587785,-3.5298890468063324,0.33954248333711745,6.222457098442756,0.6726219625663269,-8.472524896357232,5.479831276555613,-4.240483497406066,9.401389633863037,-1.788332462085754,-0.9772771341392003,1.463514438466548,-3.264903091833023,-3.9821221405438663,0.32636871719659993,1.1793639715446074,-2.085156894555127,-1.3452891763328834,-1.836735386668313,4.0152656308928965,-4.552077015550274,0.15746490519554757,0.9050254766420323,-3.521198182148869,-1.5394026087106603,2.151362242592238,2.9220646165535547,-1.7296984707757257,3.5700611141563314,-0.8706316468426739,2.7430222989964914,-4.384682133765836,-1.3040810836069892,-0.5270568786370625,-0.216880302485153,-0.15524102778864787,-2.514206238194475,3.050394322915191,1.2239820765473963,-4.592467799341674,0.010022040547635171,5.0
25.071801402063997,-31.316962561457235,-8.630827285196945,14.522137370006966,-1.7641538614027368,-2.283905144048299,-13.303236425846595,-1.2429964697913192,-4.100233279160991,-1.5201605034986803,2.248564770475828,-1.526572905499101,9.1086367982023,1.0576506961478622,-5.4151277418362564,3.0553571452630424,2.365563626167957,6.887105783758792,4.201677123877715,5.180950179980821,0.15562018772936606,2.3282834062991093,5.570342215149607,2.0148979239251736,-3.5721564033059514,-1.5726508228321217,-0.25315133839687026,-0.6866457500040948,1.8505677204969553,-0.9983216580610617,5.153136239939806,0.236322885627571,2.9159454053441762,5.060178871535391,3.6798066179836684,1.8988223999671403,-1.8695051768056028,0.4030007315749119,-0.6709705927509918,1.43618258103234,-1.4656183886050587,-2.5042677920526732,-0.7403969061114447,3.64932983859521,-1.9341953855458975,-0.33953875422651464,-0.637533969030278,0.5591281123415026,-1.148047208871401,-0.0503308111466998,3.0
9.8179071353939,10.279327881119022,14.600009562645312,-31.600587201328256,4.570159085506785,-7.913737362111993,-5.314731199542607,-1.4531859186856197,19.664581976076672,0.9943590895641105,12.271338131116988,6.563452287621982,-2.693795057286941,4.197646616616794,0.8644882780116885,12.292765808927047,-1.8022282704445307,0.24296685508916493,-1.8654209525497636,5.298361647092673,-6.019689277909823,6.153528977738456,-1.2016536092414192,1.0025866494720008,-7.831725239381358,-3.8547525659332535,-2.3265377955777264,-2.6042218264692845,5.871536202129606,-0.13501838918365056,0.738945965294257,1.9456699455111337,-2.396666489105505,1.017901721125292,-1.2650096067034893,-2.6957682988665375,0.09831256647827648,4.185194862246923,0.260578383147913,1.6748886888097838,-5.580544750514808,0.4221351701930715,-0.2661202482620228,-6.66502670072236,-1.2477275822728908,-2.1118365669979062,1.088400857047117,2.132014875926283,3.0538312532178886,-3.9779872511687624,3.0
-6.8489226085608435,-28.08022007540399,34.59431296563293,5.943603414174921,4.201945596122019,4.053347946496977,4.544046683892069,-1.837568505466682,-16.03337979331155,6.09757811248346,-3.6822198471700784,-4.576893621840036,4.726795715849225,2.9283946052047147,5.920238466075434,-0.520870600171073,-4.781834138095059,6.353640475125022,-4.958061947844501,1.5330268314828561,3.9302266103773684,-4.522077953719785,5.493330094533341,0.12895543002805893,-1.2352425183168747,-3.1530289197248376,0.2307265292348956,-1.58473955040452,2.993723314525603,1.6857682389371402,0.4749011835272123,1.6395560351550322,-4.1959706901768445,4.597825995853043,-4.321049262118579,2.8970845671479535,3.4683219396383396,-2.833498097498577,-1.4129737862283154,1.7989046087734457,0.5971079435471919,-0.3490638213485138,2.542002515666061,-1.12434086620802,6.01229637606963,-0.8952470033693294,-4.003363071141517,0.1933388743184693,-2.74890529579901,-2.0269167402645207,3.0
-33.779485002860355,-31.589104021590146,0.46228457984260396,-25.778544921972408,10.280235669202414,23.115507884500097,-9.143958342406616,-13.127435941162569,-6.751464247895143,3.719379241611564,3.918057657193339,9.592882957216794,8.322822657910597,5.353919033643321,-2.7940732503737222,17.584048508233614,6.986676589522005,0.453749882515223,-5.611262325109077,-1.1566156615625565,-0.1620051134984965,12.976231532086135,5.600634801042284,0.17584658103504922,-1.7840876085396848,-6.315727128824933,7.88103937629353,-4.58567390146031,0.834361498516949,-9.781000055576907,2.1055710471976643,6.320658361122413,2.788473193961016,2.630346200040111,1.0115767574249745,2.3698496836716973,3.166712202181009,-2.891020280121581,4.798954393945905,-5.353013427022789,-8.026472344379947,-0.915492861019728,-9.739934084256937,-5.7428026023746686,0.4454152922850254,6.120821851143815,3.902767733200367,-5.050062465716051,2.03354520880544,9.701249004354688,3.0
-46.6965643770212,17.699284704347416,20.39355356572839,-0.7405931439490734,-3.8709004920221872,11.389366407936853,6.14804521980546,-9.157043898155994,1.0353804415466759,4.179689186880608,-1.2212846271084394,-12.169776660427665,5.563242704809613,-0.22736576445931012,5.703326904538612,2.9251510447860176,-3.7152349821749127,9.39385351442998,6.540280817448444,-8.924761000952843,-2.8867162341953527,-2.4802704158562294,-9.893125906791497,3.7688521001565713,-6.078843551475896,3.7892751682346253,5.329091022849723,-0.3636345918322464,-5.176395743546654,-0.026247309831838594,3.754170456170048,-2.3007989625286718,-1.6262574674336565,-2.1230344282137983,-0.7778742768368534,-3.5886140745448194,1.528753594152812,-1.1042859004526089,0.6706200497666531,1.2167037377948373,-1.1243699918239025,-6.241487782498064,-3.0542538542715003,0.9574249995821686,0.4343002023464013,-1.1625799569319808,4.042743971105052,4.472102656157416,8.221553877926151,0.10294531324782097,3.0
-26.746396140711443,-9.631338981919354,-27.471873779188765,-10.259540053295693,-3.309026435792496,9.355990893740632,12.397999143107292,-1.811847978153327,0.36266180954022814,-14.454269196578172,15.902319254294179,16.409029791334753,0.15596551736124026,-7.477365400843947,3.99455615126566,-11.220678057748371,-6.879659436708554,-2.3271057002466695,-4.448980822699243,-10.193209192856797,3.694055424812081,-10.724703220747616,-1.9170710088576464,-9.81183375904304,-6.422584122209485,-4.636449941996554,-6.474983310713327,3.936421227410294,5.362726492751466,-2.7115361706744783,8.79427675237729,-10.871526752236566,6.617890544731844,8.80811675721492,4.453738011802452,-1.0030976036329868,-2.841985690039848,1.3054021104035685,-1.4879507163467374,-12.947429896144284,1.3495612944863062,-3.1798088309977834,-0.2436653473255396,-0.5293438883215209,-6.322794158996096,0.7542450242572618,-7.114402510735871,0.6307627023679945,14.984669011527268,3.5126476599860523,5.0
23.28711328925721,-44.629282015799156,-4.764378187624308,4.446055622132863,-3.979641936620214,-15.546837321354982,16.193781735977055,-5.616910285705257,-1.4770028749853303,10.419254923336444,-11.933899974667879,-4.981888069751393,-0.33446876292280797,7.8263846637592,2.241450205173092,2.759781024981137,-7.718660608175319,0.5377626468003983,4.913335962420796,0.8133225496479453,-6.896714555744886,-0.31973709172881787,11.21112253328535,-0.5698938271288314,-3.0003442574742643,-1.7903350804547935,-0.3655123436841906,0.09847508252610312,-2.8024553636921787,-2.5011980806470713,-2.479947414315691,2.497184044100649,-1.8507689446471105,-2.493685432554236,3.0790177418656195,2.0309698609500666,6.911622722800057,0.769204432036109,-7.2186074301226215,1.3629422679565224,-2.2379911082854163,1.980426021496734,1.3710838736763495,4.357095331111855,-0.8711872067310172,2.4758908768421652,2.211420730913997,-4.581387118826053,3.927221918888397,-1.9555267868152693,2.0
-39.75012309185564,-19.192094262880282,-29.03701699136263,-2.407152281062836,12.328553585462124,2.517137385712895,-14.6297895317815,-2.5130723393001975,0.949286354531487,-2.6125764793434403,2.658402821799333,-4.539207916140739,9.182716736640861,3.0716236172153457,8.22148645340585,-5.1110317725842185,-1.0757898808022293,-0.052829839723789185,-1.7165931976998041,-7.110000803108322,5.580108579797626,-1.472984182605372,5.14548135923958,5.2642644806077445,2.3361280335818106,-1.4695227418211256,-3.026238057468601,-0.1956389076600951,2.10580845685073,-13.826677936066051,-4.230042799699384,3.351033678939354,5.473866381812283,2.576756863002903,-6.184784008924056,-12.560464413014959,6.501863573430246,1.4851866359840509,-6.791142198289776,-5.3265595953383045,4.02439255598198,-0.802357554741604,-0.33079937433354434,8.240717468793465,-3.052408490428615,-1.2961132871923662,-3.7000997013820505,-2.819582169875269,-9.931883496818491,-0.9342084596241408,4.0
-8.717360366173544,-1.8326488400631729,12.288114945785525,-19.566166239425737,1.8658693212043351,0.47757310949864873,-19.952792861873867,3.039173159400172,-7.608519389116309,-1.5033628424739096,4.636266921345792,-4.5113016310535095,-3.4046141719771468,-5.51063415179645,11.452288970098186,8.265303026763792,-4.266678018818005,7.268901175076761,-8.481267267687429,6.417906595940531,-4.146637421111125,6.737681537732668,2.3099101621683387,-1.459573161686905,6.185081772819743,-9.330410758233034,-1.8451355861148488,-0.29863529525604,1.9426924976112763,-4.2728868793907155,-1.9131844958580564,-1.9715785285850111,0.22300698700008328,1.7513312909257446,3.0544913897226666,2.42770023382535,-0.7038670634113061,-0.7185752795595939,-5.078918527734338,2.1702089200911105,-4.065986529091582,-3.6886062911949673,0.7057797443643875,-4.24379427289826,-3.9861438592425005,1.5055480363411253,-2.8318418642549923,-0.9496652145221496,-1.5577849963862491,-2.629052918538901,5.0
1.5052913371042762,1.6846376721980483,3.701364638640544,10.579405193841227,9.850322126812909,-14.763266765206046,-13.522912567882791,10.11847179343714,-1.6874640545019377,-9.847198649966968,-3.5122200385490565,-0.792364969885424,-1.9292123309065452,-2.137041320875566,-1.780833157681142,-2.6423724022566604,1.7952149323240405,-5.040939905027203,-5.514809871193825,-4.340206275309514,-2.952443723562071,-1.350007880741731,1.1889913995704426,1.4534045092619736,3.178245291212782,0.8072289278584605,0.3192410530097485,-1.9089722764815273,0.4128399170099729,-3.515537691047702,3.4143032752966116,0.8625914766048014,1.159562868945235,0.3751796168060557,1.4275644791395623,-1.9629572485220539,-3.0953733871850595,1.0408588573514896,-1.624013435985749,-2.109404262104731,-1.255763973398177,-0.8780802583751247,1.6055963649728948,-3.0196595810140967,0.11822687303658781,0.8547306912478024,-0.052385573619924464,-0.9473944274455676,3.3096087633060294,0.1266288660019338,1.0
-29.435728436302888,20.085154688624137,-1.631112803460842,-12.380386140497066,7.51622517824401,12.233835217903682,11.444562338193833,-12.3382550011382,5.1209805755351665,1.3637157144078758,0.9536437788998487,7.841713135232499,11.45437097975927,4.643831089558855,16.447186866584282,-5.373278615961519,2.8168442002423943,-8.490620704325949,10.329669339773519,-13.660764887790197,-1.3954441317018904,1.4664587977334302,7.975267947023869,-5.614519344255552,18.08203112484821,-24.673152012943113,-8.213089869737114,7.436708870748604,1.0501386466597769,-2.13803416239029,11.671552464592096,-1.920359429229919,-6.47844308215147,-5.647327808306794,5.917211474174623,7.990444355318114,7.5388370031018,-9.43065597678456,-3.121908819408593,-12.319292353553928,-6.235316509773047,-0.6252484458899895,0.8808986278290536,-3.608319252280388,-7.228678647421741,-11.76406981413515,11.17325886684426,5.01320456620142,-5.1650638318398014,6.880687334350534,5.0
11.559486684636468,46.53253298375972,-15.968933430050187,10.336216989868598,-17.951484848280316,-3.0603834363855693,2.360957308069375,-5.25741339160905,3.368365246037108,1.1251205506824218,-7.507963340773255,-3.349169984810208,4.032058516693098,0.4282707593400633,1.7825208802147805,1.013288539323597,-6.193780391320954,-6.083272726626786,2.4087759585223893,0.5289396081872859,-3.6522673061945174,2.5813889575935733,-5.237906786440919,1.5807946095499652,3.580477103635403,0.5014905449401627,3.2876865653877325,-4.888832573461432,4.711720496377474,-1.2362528083525548,-1.326600667891627,0.8413015096221472,-4.051283694766937,1.3807909317209512,-3.123798631670722,-0.11268589499427314,5.171786851308884,-2.855976388045272,-1.5487383152213707,5.34498128864836,-3.158570449522766,-1.395698380164341,-1.0566833681403374,-1.32603830382752,2.233933559142317,0.500947086861668,-1.6165484057329116,-2.1350326966006294,-4.028953529642633,-0.5769406363754143,5.0
72.21521614353227,-13.240904218843479,-3.5990831266026357,-13.044612950538756,-5.0606903678798485,-5.268995490074881,1.6279986233803536,-4.906081616844663,-12.14196294910216,6.893989380953148,7.718546888807661,-14.313914466157485,6.191716192744502,4.0097723038205,2.7869687528985194,1.2161808687644957,2.3811093680773503,-2.5094154005397193,4.578618158848839,-3.7664042153923076,2.660580973229311,5.682107903261985,-4.270029220443958,-0.9528412932161624,-2.477600394772815,-1.858617539293443,-0.2288406405197458,-1.1051309580795046,-0.8006418690782007,-0.8017033724971118,-3.441243789553144,-3.9311198044424898,3.6123287003934856,-1.3385934181564636,0.2826562744060021,1.1853546464558642,-4.467937773573043,-2.4049414677966414,-0.15907058847384206,0.48472886743928006,2.6249365606826185,1.5671399248250517,-0.14722374259784524,0.9346761904528103,1.2131024506589212,3.6083877220717326,-0.7522104723508218,-0.30798333081379714,0.4490987251090393,-1.2024469650069678,0.0
-7.484102515851441,-20.365347901304546,-26.984699582515933,1.971047452957182,-11.384689610641976,-2.7895612419659983,10.967390534042742,-0.7354286843986797,1.6001916423710414,-9.133347099454921,8.942885349086142,6.640933100194476,0.804691790711404,0.2551925858554042,-0.05397459898980374,-3.1934240836582695,8.451955579427649,2.3998093658144786,-12.688197472305378,8.64059101481258,11.388489004962679,8.830356509636054,0.3795417590526684,6.271771760666792,2.0319163778998868,-1.5235701635611536,9.428493897649792,8.486752728213844,7.451473771810121,0.1662836532616584,-0.15170081617645378,-5.9440322569150466,8.416091797573603,2.0385624388814123,7.571322684067336,1.2480809244865152,2.657534019143236,-1.0421292322523348,5.895418080615052,-2.1926111638912147,3.4918766821767124,-4.869781120255681,3.2125632673277478,-4.720366836020168,0.8257702161466529,5.577557500591387,-7.079470478222555,3.4198054961154565,-0.003440176230700704,5.697647138510398,5.0
14.469724085133965,-8.905185225743052,-4.290116490081908,13.322293344357462,-6.965196975314504,-7.02410880220456,-5.336897382102018,5.329934286164277,0.23202927815010085,-0.18484439725262716,-4.682813913375594,2.7197194145952235,1.2839446211905747,-2.9766134217897475,4.497681283310118,6.614964624166206,1.1378787513571047,-5.384139067869123,2.96863524361588,3.669081464887852,-4.9940683431619,-2.8323503665940315,-1.2225264151191522,1.1736429184761605,2.292752040094995,4.4293339058623635,-4.499991571561745,-1.416677774298078,4.953543462050582,-2.10131069117595,3.396499005458788,2.078978703124143,-0.6774728625207141,-3.8904356846965835,-0.32720803515831665,2.714659293618313,-0.40639249205870076,-0.6032163890079998,0.33529677840773303,-0.35119261227001564,-1.742421339086176,0.742668092949434,-1.750362275198317,-0.7115498687449024,0.7065019670545125,1.0485954396758752,-1.1368361255488837,0.2590159866855544,-0.1396032524004218,0.940272743283063,2.0
17.424624188864694,-7.838306802280175,-24.68363372040202,1.0242783488032163,-4.9677849301321695,-5.627049829921937,-6.303736848423349,1.6354412104200666,10.554835414353768,-12.986318012827843,-3.5626286439879857,-1.7590643589040236,-0.2774843700875303,4.178304126267017,-4.302243325844831,-4.474830112321803,-0.34165266231811386,-2.6815571423801416,-2.2031745447175046,-4.682883095394096,-1.4261805215522816,1.287156219653654,7.73270324538347,5.243239033717939,0.3431176126996112,-0.02776536625884366,1.0943087463365857,1.070996910981479,-2.456846507925546,-0.02726386881090723,0.8337979586301388,-6.229616566733578,-0.7789411368073881,-1.7022423171703247,-1.1370929608199107,-5.77830812221073,2.8930621558110268,3.238312620379679,-5.0739407284375915,-2.821729770125857,2.6418788873256447,1.6245685997122792,-1.026100571323262,3.8589839007391395,-5.745459553823259,-0.9740856011025231,-1.6664895926274725,-2.7355319190978378,1.1946784593675723,0.2478812993810306,5.0
-35.96742611076622,-7.251750140619666,18.781102415324604,-10.960066181191221,-7.239423010814966,16.588866426230766,-2.5975234076214866,4.3285394296553035,-6.37667902142728,-8.772523638792048,-6.926437387335501,-5.16645216796215,8.258888815890854,16.360695715606305,1.1339728755799128,8.90354318193602,-3.8423665058291347,-3.8771728227084092,6.826455360416462,-6.217147240290431,8.57631416568573,-6.47098448783327,3.5946019900948083,6.755598433170965,0.021273692356398838,11.185024709406699,0.6620557157669678,15.044734804144468,-3.5863801894521257,4.8459833901531715,-2.868336599969596,0.10982924984902499,-1.4541749036458618,5.425564081899926,4.165703388147378,2.7487749407978748,6.3261142481256565,2.0150371640590907,-1.5672290212292184,5.036829728711005,-1.925291052624286,-3.007320489562981,-3.3321215669745916,-4.695101378818439,3.952580951319962,-0.1305917794199162,-4.638892764679906,-3.507770791627523,-0.6491703449541876,7.712694041094549,3.0
0.7008512751077451,5.618222339056635,-21.14623678837263,1.343599872761534,3.1545934098272332,-11.955096857706245,-2.271209811858709,9.381804479599328,8.170043478123782,-10.582110066282949,-11.230972065248226,3.7390802956293725,-0.08993691285167361,7.753623230146743,-0.1869543807396833,-6.397295729803942,-10.442060164397612,2.9919352469533025,-0.9132881357564481,-11.609328053403342,-5.469830839070042,9.662258640740164,4.262025341381712,0.3330104697218408,-4.061408368157742,1.0607688522390597,5.304491532377972,3.3873134697324887,-0.21062079846375867,3.1048877418624565,0.8373628929924193,1.4677438942915213,0.24426099243904462,-3.2018345878365295,-4.779959931668805,-2.406847819767102,2.9846145543921985,-3.7405034429053345,-0.7226983200834085,5.2197873620547535,-1.7450962275248085,0.4751627897621766,1.8618113311593691,4.866369524824525,-0.14845615857304187,3.4525200884220375,6.283264290677735,-2.3142598271183816,3.8328492576272053,-2.025988803975546,3.0
-33.040839483513956,16.931070093818768,0.10016197973934597,21.83702341937808,5.566883012241338,-14.54370035389174,4.691581241036809,-5.9706343017911285,5.6958826157866165,5.63862942606013,-4.419062497730977,-5.805786152510715,-11.665317334918283,5.7468850943011205,-1.8871799893857435,0.6305112668035247,3.710754750528935,-2.2789575939934923,-4.159706454122412,5.181306602522113,2.9159651084783818,4.799134570746161,-0.9177900475726744,3.2221448939992325,-0.6581895945972219,2.222767185206089,-4.076291076073117,-1.904293081776858,2.9669152104181657,-0.1560891660416204,-0.2277339616160472,0.8579862114428269,3.914555536660203,-5.091541821911006,-0.4593804844153964,2.6677938302242508,1.3254867531297023,-4.704588361146291,-1.692049445286821,3.9032975531435934,-5.067602882482083,0.0017074064829569891,1.4583803338149295,-3.9539509180441,1.9804028146760255,-0.8470619024749678,-1.8487478631076129,5.208743008920509,0.9963088327387535,1.594973184633289,2.0
-1.7932356574946378,5.155689884257325,25.284828857768833,-3.537612564677674,-7.789149088004884,2.3609340686977136,0.7516022225142381,-2.779242753499778,12.931676740788237,-0.3588838578302725,-16.305290917186284,4.231407065374732,-0.917942256947826,2.7342006030558803,0.6761047552201203,5.776225179455378,3.708749453543345,-0.18912556725937765,-2.6603362293361013,-0.11870283180702058,15.407262621166549,-4.4799287574901285,-4.267137651093309,-1.9028501311550603,3.7767718502234127,4.884419619302107,-3.768658313377324,2.8731594471876125,3.5883907077500643,0.46928621519909103,0.43357670194908215,2.0767568530744236,-0.43907557704485567,-3.7130515581045835,-1.9256904138608524,-0.17668370558956664,-2.839281543559942,-7.4794293010400645,-4.802727877124044,1.762768501022503,-0.3150094086042206,0.25296202429596504,4.304484974441604,-4.977116594312609,2.762924502294304,2.673977564272191,3.0779476973872906,-2.0749441642001165,0.608637356788765,2.7923315757668985,3.0
23.61544111611215,-15.978118196653625,30.587276255617095,17.531597866477625,6.236489884389861,-3.3601294535923287,3.543701295816102,-11.50815450083783,-6.106928412105578,-4.422340477507928,-0.09305371797151413,-1.499209672631629,3.267817832429617,2.252036574448823,1.974645292467847,-2.4539498466289826,2.08413221413625,-6.492660578492981,-0.34984969034025704,6.370360309034364,-0.6990226212459747,1.3506925738641236,0.9647753911527087,-1.6250561931667542,-0.5126250387112089,-0.026740285714724834,1.5628698433910382,3.353783619777537,4.563213933578191,-0.22873584411271355,-1.8954396976629468,-3.037391242107943,3.3486236574858506,-2.394587436065645,-3.0522816815144775,-0.6234913089908443,2.1304332279401694,-1.74250753980818,-1.0989978111325298,-3.8900020507487914,-3.13537595629068,-3.937039771822809,-3.564958754285433,2.9303513232973635,1.2590316388575016,-0.9756091475220666,-1.0294320639115495,0.6926226104363217,1.8935381245030778,-0.924776661718315,0.0
-13.92684604741662,10.659767278213595,17.672143226949103,-6.058717703399559,6.822608297640443,-0.7242801938766841,-5.583374885136469,-10.19191963096354,-0.29460444349038645,-0.501474926305956,-14.043247735586581,-2.4764771399514287,-1.8617204752685284,-8.520163042369019,0.8789066811293784,3.468198532251693,-6.18920291167652,8.466598784373364,-5.833895426431963,-6.823727556402352,-0.36796872565835836,-6.199236416692786,-1.2404188418508255,4.140037137286754,-1.5455036161434916,3.246954594088762,4.585202493101996,-3.1415116702169152,-0.09564576058555357,-5.049822778128582,2.5809296808938753,-2.1988147656875565,4.739767840878675,-8.521970024437763,-1.30776887141134,-3.696415194421127,-1.7839631861868934,-2.1549459933040804,-4.877263123168661,2.556768474297947,2.2445346709973677,-3.854372499926868,-1.2165487877968626,2.5154975176966756,-2.386661024669786,0.792657784392411,-0.44464043716551266,1.1792331238347709,2.8529304052071547,4.042199345309263,2.0
59.667649717556245,3.097240343803364,-17.556360430906555,3.024387487330899,65.39033582693116,52.86063767127525,17.92950000827366,22.55784730997536,11.3250742166535,-3.076631007037207,-11.23249316280169,-11.436157474959574,-12.331108111422568,-3.7637778732121583,-1.1844046820488103,2.1960333415078837,2.223177724179045,-2.4628895206244565,-2.185926632485916,0.46132865632251696,-3.056754150836895,-0.6387359855946453,3.390031240306326,0.7463286157920959,1.3808275310659688,0.3887422061596539,-1.646835708902713,-0.33457353174923987,2.424316627010874,-1.0153877751076266,1.6863064231842946,-0.6237772532580689,-2.242309410833492,2.1100057003229895,-0.07586401457706117,-0.12275736093341325,-1.652076277752833,0.7162433815905558,-2.1439103069475527,3.3463650294167926,1.0791779894328066,-0.0231411357437208,-0.5219052887893841,-1.2779061813841914,-2.8067742799843494,2.0000459767956498,-1.0917921970105546,-1.5258938458764393,1.502828587930423,-0.9587456301717306,0.0
-22.594177803034206,2.3277211688226758,38.68524559459778,-3.3066623569964606,10.177355618822904,-0.7374419734123316,-6.663849853423902,8.08294705541841,-0.029436059929856435,4.1649449888663135,7.012285798962161,-6.406028907420852,-5.609529453961251,3.1058525566187023,6.3601187998821835,-0.5349374479978548,1.5485960952909061,-5.002043553619315,2.623908302926473,-2.647716103244304,-5.812356795654312,-1.5925778117541507,-2.32902253073571,-2.3756533851779875,0.07944126479554413,5.167941595609555,-4.77415491418906,0.9121112600605374,-0.1597221142523094,6.085452443646687,0.8985443311945992,-6.6227802849084725,2.2037704857324067,-3.345362813364936,-0.36043412267170677,-3.112715105950294,4.482648806875868,0.3198220285060895,-5.367872260125735,-4.118339986887679,2.784911192749642,0.6364444210973453,1.4789626795162976,-0.975538514928032,-5.692176533214978,-2.0202649107689497,2.4066692755762995,0.781977913276511,3.9118708863640435,-1.7698565074054793,4.0
46.272312474880216,-0.9691184410802116,1.7581152153689383,22.876133804360464,-16.070274639875493,13.586531381605344,-10.499381301427668,4.942261079905796,15.006570810433772,13.562530443703883,-0.19149281638443036,10.24511188174992,4.7079735607578534,4.961782446985906,1.5912827121362698,-6.956569344899052,3.0228405022682803,0.5522476113593895,0.37196415148290707,-0.14432292190301074,-0.5291598386456465,-3.6481699197305657,2.0693250775691956,-1.1903058776620365,-1.2572057644293242,4.671678570914471,-1.1874255568205638,-1.314932702683449,0.9136628765161731,-0.8614919314599263,-2.252910041209324,5.5048425295346455,-4.936945711416377,-1.7301230305492292,-0.30412684897842207,-0.307619424385183,1.867623501756422,1.0168609055615918,1.0153556503780523,-1.1162555541962405,-2.9241265707251336,-7.57879695368024,3.117636339173957,-3.0888192098171325,-5.52283902853121,-1.6024511505856347,-2.245356121745118,1.5491268337793842,0.08588993529748436,-1.752708810114679,0.0
-34.94498338796386,-15.69421608011705,-1.1725679068336203,6.790717994533554,-0.03982565242850191,2.841490794762235,0.9433881057927084,8.422261119133788,12.263702651022633,8.27034819512895,3.6566724662046233,5.647833347152255,1.5535211414519192,-17.8962270305271,-15.06742438713984,6.830958572694202,-10.501957017253583,-4.0082874840371,-2.175486724729083,-19.978934267378328,2.377030918773606,-0.9127404210840334,-7.266488647964444,-8.738894631186898,-2.739788084974587,-6.6054405496987645,1.5994090673703834,0.3605365552668585,2.1701857402935443,4.839145420066747,-10.78577404457294,-0.4851736399034885,-0.7951285218068277,6.306972028902704,-4.080243173612384,-4.5273277138724595,-1.1469566032160257,6.15860394915539,-2.080532027642778,-1.1350310691040433,-4.7352717897056245,0.31546442249360074,1.9739267649215002,-0.8770717963422353,8.309759664339957,-3.982193314397274,8.15274363263279,0.5338981110743595,-5.842703921933229,0.9359768328213254,2.0
-14.706173515310953,-16.044130904907032,-13.070578511640985,17.898017656141437,-10.532297389309873,-9.986269611689416,1.035508547934288,-3.7638013495187783,25.045537120911497,-7.623976994921861,-7.538323859501341,-8.984052307421907,0.1816655536009142,-0.7221639932894567,3.99141703052454,-0.7290983842727741,3.918285901249254,5.8286826219149726,-1.1489234918575109,6.856823064787246,9.370740707522344,3.518793573011692,0.48485277568261126,3.7387412688866166,1.3354472731877034,-0.08272703275890717,-5.286445958980737,1.3204991349042867,2.402161597004287,-5.7903636997683625,-1.2831414334663938,6.4377247083939855,-3.762707596930661,-2.455257238835902,-4.490094901724977,-2.1127815747383765,0.08305924274211429,3.0390640219838834,0.126303110663307,3.9046870341994437,-4.07860127940077,-0.847785139812997,1.6283243822233686,-6.57785698883398,2.9113875696916782,0.14375472473933626,-0.28955387193924603,-3.2948828166811674,-0.38342229989867876,0.540212848631266,3.0
-20.73222635707165,13.819090657895726,4.8595846510851555,-8.184609117785065,-5.726680096191873,-2.20719715341332,-1.9918576399330792,5.917388630015322,7.819799555075353,-1.0171674131627622,-0.031300548777468275,-1.3209324704095844,-20.102394861721265,-7.89352740342211,-10.654914928487083,-3.9108758074549512,3.63183659850423,9.396335063808165,-4.188690505300198,-9.075693383798479,-3.389164845403158,3.2327429448847744,1.79757541820058,5.045358916159858,2.8517431875907127,2.9015307422196916,5.687572003655702,-3.5377200767252686,-5.341530928911839,2.5138154659995773,-0.6233225788940501,-5.740121499692267,-0.8255493112133773,-1.367329264364219,5.2125627830839525,1.068569456451542,-3.8985926181446207,6.555946664769486,-1.6875387667466397,-1.975084807787036,-5.686220104965641,-5.192113703235542,-3.272219113453907,-6.3511867176320616,-1.5864764334989825,1.0495424200958514,2.6557770937456673,10.114761753541874,-3.31018706561541,-0.22045344036884965,2.0
35.330628238403946,12.556877164296312,-1.3831338441761216,-28.364149287604985,-1.6058875162198818,-4.983145377843725,-16.248798902645067,7.548876553699471,30.198500919235485,4.891341434525071,22.68538953635656,4.5930773935160785,8.053988473946326,3.3399917825019125,-1.467812092174955,9.199778323674602,-6.275993391684244,1.38300910108954,-8.442848281742547,3.6018516380660155,-4.4575784905165206,-2.55299498994694,4.108941639636171,6.89510296349933,-1.6988164261043142,-3.914662752698064,-0.708996861589853,-6.517690015528563,3.6160948158545225,-2.932785913591056,-0.19631140326276447,-2.04956956173198,-2.4713937929298417,-3.093776434926072,3.3725704162311207,-1.2111202480321963,-2.207759821907761,-2.4953386401368673,-0.5376310716520973,4.414874939170288,-2.3271028502562543,-3.357796376118245,-2.5757771775341634,-0.2952564665906077,-0.6451411986574043,1.5275106212366945,-3.045032997863522,0.0698091037837938,0.8200057505556063,-0.30375275381901795,5.0
19.69904310264899,3.3392997042723414,-18.606765361983733,1.7209178461584294,-7.238314469174867,-7.090560809743894,-4.427059461368648,5.081853362259361,-12.052678315312246,2.0150690573826666,-4.8317301141113385,-7.110907194404808,-0.2491122621795494,7.4276933296912135,-10.749198451938677,5.2360018085203155,-2.8856241533462903,-0.47795623138932647,-1.6873828353723104,-3.097951063014429,-8.48882266531801,0.15936671510582331,-2.49507592199254,-0.22538859888173593,2.5127294727026825,1.7814866544679964,4.330448999159932,-1.502312779546515,2.9187439359022354,-1.3415648239289804,1.0809110028742743,-2.130121517936945,0.6014841177700713,-2.4833534008429083,1.3733697524348918,2.7002178893053452,-3.44228929571027,-0.9718915771102153,-1.0691525079712483,0.5736283370135186,-1.1781506770407641,0.288420816836656,0.8837226062403428,3.230733600472546,1.2267062757648863,2.773870863922213,0.9654301009572142,1.0756245403086453,-1.3081527797727912,-0.5666073727883235,3.0
-37.05366656890757,-23.35680072829457,5.716165100371268,14.342245547070085,9.094213222266273,-11.683090342869065,8.945750662112303,16.42558581493892,-7.578017187503922,18.95301866071782,1.870511987942442,0.827442909879747,-6.879140102027547,2.1739774430887846,-0.6102835881305523,-0.4352575476119417,-1.7045201718765612,-2.760031195028571,5.170487168451632,-1.1114609269686213,-11.424664565316078,-5.5434006015217285,-4.510580788088244,3.1344122889362582,-1.4635567575872104,-0.8393767203995526,3.2536702095582726,-7.0527698797917795,-2.18387551174449,2.2849685589750264,0.35891792895905855,2.3015325069482735,-0.9222320008124196,-3.128509490770866,1.2390735899057372,4.2760122633689255,-5.929561147106976,1.2486798622489386,3.180151423739698,-9.168909543713005,-1.019277106353865,3.555562131377374,1.7471038584888323,0.5120196932513332,1.787277490841373,-1.8498592070312534,-0.43572420331072875,0.6318606106128759,-4.226877942106232,0.7664201928141781,1.0
-20.39221020907902,-15.293551022797612,23.335438974639672,3.0114394895057703,-6.078253642793157,10.637264180127854,13.580469033897359,-5.136017775834538,16.671062107274633,-1.9793566106226657,-7.427876750634633,-5.722428508546697,8.475896610104998,8.439057063981481,5.72204600429433,2.5581303271650793,12.006863659477041,6.806672642845641,1.4648065805940487,4.984666939671161,0.14663255224364302,-4.946967614681109,0.034321542476155945,-2.3140879676556736,-3.0728443684630835,-2.6176623212492993,-8.953634942187756,-9.68545160459783,2.842862550216441,-5.298187658828609,-7.713192756106384,-2.4198958402462503,-1.1195724702332082,-2.165424712105454,-2.8094100092276513,-2.154901246636885,0.7388906399431732,7.243303268771453,5.119928353143371,-0.09751084835810991,5.408161983386231,-1.1482488263790323,5.289815526546562,5.557041539940608,-2.5815358427490147,4.164089542004397,1.5801861769637502,-1.4668594898933918,1.8163600155374218,-0.5480107142144727,3.0
-7.348879621530749,-14.866189247866847,-23.011853315123638,-9.462208506748118,-15.351258791777083,6.729502998255078,17.7227130217951,-8.660235407060789,0.41826332072159333,-12.035029180491891,13.90855428706972,1.6682946616149474,-11.567583496693576,0.3409422581528935,-2.6393287840863464,-12.01284434379745,3.419434025042223,1.6927318410204926,-3.909130218559031,-5.226576460485338,0.5497755831133128,-2.5819524611905553,0.7674589167991774,1.3187265529920347,-4.169812841290587,-6.172095617227269,-5.093072995156164,-6.592977679618045,6.271139100957431,6.218179171673888,0.2421297122582979,2.4454028548422513,-1.189623413412212,4.144022607412818,2.5655865719114983,-0.30997888845500793,7.611486554805397,8.97993913541211,-3.1472178909062665,-1.3931202403980139,-1.8435519561538432,0.9183835915663207,-6.962662746380006,2.491615198187055,-2.045735391685456,1.1712682577274214,-1.1417356575463922,-0.411826363099516,0.7603310984513533,6.063432927384764,5.0
1.2893892348768476,31.018107476729128,-20.07858520556232,-3.3295031506598822,-6.256669438134154,-3.2377314711630034,-8.819780255998726,2.641630147385449,5.724623204153741,9.902517064347451,-9.337697630601902,16.637967264991257,-12.358860398304122,4.22117287072407,-10.719142464614874,6.6552851651879585,-0.5469347224537295,-2.9738502272074947,-0.9882810271571105,-0.7358973378861724,4.086991552967508,1.4405920683783737,-2.8621759039317918,-1.6860862893245967,-3.4445810830669945,-5.906923271163833,4.95099888332664,9.78392437949675,9.689544906580736,0.9800812589651112,-2.056291069879863,-5.09224058207668,2.8562634636586326,-0.6575372020661183,-0.11127290715799429,-5.072291741128258,0.14378303298583517,-2.7101671005852,2.768428838923555,-2.4885055076526372,-4.20946699326689,0.6763159091677566,5.723097533327316,-3.4300832754173243,3.9538357401026807,4.255810877494534,0.22522929431610586,1.479957442052959,-1.2006107271552549,-2.7831049301997854,5.0
38.2548913604013,-3.444608076338282,-37.90325417711563,-39.46403260812914,-15.602069088578421,-5.391517416077426,14.1562960601597,-8.023129002657573,4.541016581643838,-8.84216710910265,-8.933461965969217,-0.8480453164514344,-10.406665202389595,2.416686532109862,11.716203755639789,-7.717152559524496,-2.008295197783726,-4.26590361482622,6.1937444136215465,-3.734054091964182,4.230258226611955,6.349153134109343,-2.3078977680507977,-5.687927682939862,-4.807188744195501,10.410799921726055,6.761831755109399,-7.943004656126311,8.44607689931706,-2.207808266155979,1.5521366431904262,-1.585084011828294,-5.596364906529528,-9.067596116089302,-1.784303093919073,9.114385574520684,10.5428423277177,10.939275233535051,-0.6462647781555804,-3.9611905193045773,5.102414776070095,0.490310679535121,-0.7674055909801766,-4.664748959337356,-1.2846650090253018,7.202000492278904,-4.090486846932197,2.393532465320908,-4.69895572867582,7.278967716092315,4.0
19.864891825344163,10.674371131764994,-6.947465961417513,19.80119556771666,0.6372945993410264,7.794250263139378,-6.845621367568035,-3.0899999362447583,-3.9675683663858052,-4.988605543462807,4.958428349519306,13.088131061960238,-8.355826114661888,2.01768944611697,7.864781552239844,-1.4952218887118385,-11.403739941221552,-1.3301065086408965,3.5183834978179243,-7.267115981452847,-1.6157514628525724,-1.2511721717924111,3.0709112354855534,-1.536754822915409,5.0457449529815745,0.8714414298809438,1.2962438624308257,-8.69065254257145,-4.132221141362332,2.4236645171897098,4.057683161289111,-3.4378781648629313,3.7226063817681996,3.9905205902293006,-0.45514396875491464,-0.05260884962822361,0.42219372273639155,-3.998310485993651,-1.0157254192022331,6.627205618542122,2.7023870643731316,2.9265832710913897,-3.6460873420507864,-2.6772050246643793,-0.0773016048262134,2.3549531350752617,2.7174102260985693,-2.3051814266226534,2.1471449115236085,2.593221769651064,4.0
-6.79121625937376,4.406729010521708,12.122837493655934,-12.681334301843934,-2.9419081372624922,4.530430871037651,-0.06464247111796141,-15.040905180118326,7.8015792324797495,-7.578075006064835,-14.431381459170211,2.31092859364352,-2.768489033162221,-4.440495500077822,-1.609182165965969,11.892318210246296,-3.2836535277679095,1.9750767708300592,11.094261377900091,-9.481424690222084,5.110665954626122,-1.9382066511023561,-0.7929082234602629,14.097505144741302,-0.7685331719984034,-4.247723618578345,6.510310468607108,-7.409125396636836,1.8185955480483367,-8.797264886068803,-5.298234903621537,-4.240220990451207,4.608425843931184,3.064171612659982,2.6167864682311563,2.232334013761494,-3.2541715191245504,-4.513520659999572,3.9731375987812787,0.8850413403616506,-0.3943915794711339,-10.61305390212715,11.008311566481463,-1.222047892631288,3.4347251586363243,2.338190596534505,3.3278354313223772,-3.87939447630149,-0.24675215478229368,-4.5482119032961,3.0
32.27874463682318,-10.74698632034446,15.520227904344798,-1.622271163990177,-5.181685407578316,-5.142610877093415,5.407335592687704,-0.8863387023406506,-1.3131573396828122,-11.308857653030596,-1.2382446233912472,2.6435263996130045,7.163675959826581,2.121516467217817,5.156776599262705,0.32172781271958706,6.685143130415337,3.3161494938841862,5.590955960174035,-3.188509108634087,3.151816410217045,2.76858849541674,-1.4186522118518357,-3.6468129505340263,-2.1490398375809305,-2.1136484479013355,-3.990297937815031,-3.3501377723596124,2.681015562069222,0.9330883646066165,-2.070122454544315,-5.698799657102472,1.3993631461071643,2.511972811713147,3.7692122229944114,-1.949052577066861,1.2650339755175102,0.4943671762419316,0.9818794720740118,-2.130059347764416,3.1697247074288497,-0.9179539264068552,0.21633352172244255,2.8914142110941947,1.7611958293443206,-0.05680441320927086,-0.42239094322231385,-2.4825466406473553,0.4512094135361287,2.376765554079318,2.0
21.398622478325613,8.397088506581587,8.29483095796213,28.73181173607414,0.5076713069803324,4.711888342110227,-3.8736875145930805,-4.21212247420826,-4.897091270157137,-8.57792984408207,8.40644778788177,11.576668303650191,-3.0586441361652215,-3.6346197437113643,0.5224675391364461,5.582200400396326,-10.389766122301037,-3.6411479404833975,1.0264585762135503,-2.5633917870007337,1.932618366153889,0.383652010906571,3.416965424880985,-1.8595906750931812,5.724127726939155,3.9763129900396166,2.532510140998656,-3.583185635578787,-7.486047330744282,2.133771467132053,4.925207112545392,-0.7793449320819718,1.0942239596940893,3.1747075408619483,-2.1077985902406886,-0.4139740642323809,2.583492921029391,3.1875400410997545,5.234355957917472,3.5572796980942214,1.9665486372056369,-0.6547316787335644,-1.170599848873059,-2.5645404473943225,1.0060355061184774,1.9144966997298407,-0.35173375879900404,-2.8692359143357353,-1.7314443371034551,1.5630914565619276,1.0
-44.836505626009675,58.77839224862058,-13.273671521823113,9.043291662093658,4.827470436066937,-7.31289219835571,-1.144413470663897,17.964003645439956,-5.81075538417058,1.4969595206405344,0.581692383746792,8.133570768165926,6.983952261969718,-5.518794264588476,1.488801741753022,-6.145963353839404,3.9171716519924016,-4.696384814189144,14.863063460300124,18.58791547796109,-3.92933643919001,1.6398797696397702,-0.23220402296877257,1.473987837460424,2.12311011366038,-4.006731724520314,0.7138963370614935,-4.54495407765557,-2.1737159334989475,7.442933526834874,-5.811519285671261,-1.6928237577976146,-5.524151835041952,-4.413794108516178,-2.5468418780946194,7.655183733660198,0.3090164462243458,4.598622585061315,1.4640105538846266,5.290300186471477,1.8193496784476972,1.1395639952812693,-2.450551116373556,4.038354016586459,5.721861135869884,-1.6433153276143488,-2.2634581339424775,-0.22933621736091842,0.9877371747375224,7.131242529023775,2.0
3.079519160805368,-19.854537567945727,-19.333542214334805,-8.450769637124665,1.5041661759215843,-11.571542624117239,-10.198011373523071,12.227922292399139,6.046697802607598,-5.349877752075232,-7.167722323690102,12.428399087369039,-1.6658994412830264,-0.8920256891688225,8.120904223902414,-0.1208893084961489,5.224924318256802,-3.771396232677115,2.918807867964758,0.9618699133248927,-10.487647538414741,-9.164457044087785,-3.97456584567308,-5.443218075499913,-0.7493480511887403,-1.0889694919624664,3.396919740481252,1.1648408324671715,3.269312901268992,0.8331724106915978,5.910588982990722,2.3212393511145515,-1.6315192533813305,-1.5823865555204402,-1.799997550654833,-1.987440895822633,-2.409661791661164,0.17808334714136315,4.342162533496963,-0.44813795269025,2.4103179783311854,1.0488439110867194,-2.520906778705458,-1.8780128301612102,0.7419668134263178,1.6897778567621822,-0.8604703664523393,2.0723496602603264,-1.256591513138714,0.0007590194637353925,5.0
-26.885691025422158,-18.924651271426654,30.75754071332065,-6.3262379908680275,-2.3500077292990564,3.437939484159139,7.083369957152886,15.256314509436878,-4.582890634115187,6.666193070726104,11.161788495598094,-10.644856378553177,-5.982647863860322,-6.652353535696275,7.541744190218237,-4.504205149626738,1.6130655244204977,6.430349456397992,7.958790570046246,-6.539691950669165,2.004202384758054,-2.244094750958203,-10.334056752099237,-3.7718045613962943,13.06259441038814,1.6645860369673178,3.743567286689539,-2.837156036870265,-4.46649781954449,6.112656725824743,1.679963654577279,-0.12833710143600238,-5.29658277438472,-1.1942555711250267,5.986616853824138,0.7369084959407735,6.17602315734542,2.986523972380949,0.31142689957813074,-1.8702322429659746,1.7051059450109354,2.192055753664587,1.1236612500929188,5.015249614611356,-2.6305860039174758,1.296665000356294,-0.49525746724228803,0.11470566857749609,1.6366451585545818,0.979895854145875,1.0
-20.178475243734656,31.426316712397913,2.863419254594589,4.385775896490721,-1.8245091796267514,-8.94498681825376,12.187794790974738,5.108690891025847,-5.248552581527784,-6.82944331011295,0.515377650020261,-0.4954806181646684,1.5394481621825498,-15.118992599832268,-7.8415621505303825,7.388443093553931,-2.1802310468683275,-4.86028278347966,-4.61903051238604,-2.1947075979438115,3.952947750367843,0.20860607246088408,-4.275527612930407,6.344835848895562,5.768948328881995,-2.19819189197832,-4.069846301159696,4.96264155834994,-1.2893970408161928,-1.0802526496445295,-3.2182932382495117,3.283650529232789,0.06269362563566752,2.366349451119083,0.6685359183512177,-2.716589335133827,-1.1771733429496793,2.539783270539816,-8.425860916506663,-1.9104126155920098,-5.641467130184646,-5.618713877920841,-2.351200881374229,-1.3630024463392874,-0.5680716033138462,2.241230912736039,-2.0916760664696166,-2.4774318343508197,-1.3391443388101973,2.9382879919742115,3.0
-17.45089278712439,-39.42744865377316,-8.152025521682592,2.958829975494348,1.8578575277711287,-2.29369740638637,-6.369080889446901,12.807137287889187,-11.55493945067377,-0.958843011056604,5.9905845554009245,5.118464940873496,4.089452705698591,2.747218095652846,2.052726883470991,6.273266157787059,4.0312197591008765,-1.9390745523767254,-3.137344943084696,7.229275380792757,1.959220313609527,1.6753702382414855,-1.7241676446935228,-5.1508309295363395,0.06230593642256569,-2.8688072304075325,4.706093008313202,1.4037686348851324,3.136626756274434,-2.536491106379407,-0.40562294060103715,2.287632596621914,2.7999346691597125,3.723890970442702,2.083779014681862,4.917591437002408,-2.148136732440207,-0.4365113144606472,-2.6947748765360418,0.162040465016554,-1.0534554949373014,1.4778407146274344,2.5001810555738886,-4.2925096574192105,-0.7509384947528831,-2.524621124161661,-0.5937804796056816,-0.3028336588711643,2.588220736255861,-3.215161204299809,3.0
21.459313653778917,6.356089522073906,-11.933250023977635,-32.35533979660737,7.994227995499632,-22.017606768353417,8.777071814437367,5.34472928197147,0.054469982047318156,-4.13443905181132,2.4705820077208425,2.2121987490863577,-3.2453586456162355,-4.953547467967347,13.327462657295342,1.885301115072078,4.127754704307735,1.6295751296385719,1.581478632519704,-7.49537721092037,10.985129195312682,1.9636874226360312,-2.9827720851242177,4.873678184501185,6.581116864156841,12.994011183524675,1.173036000077811,1.3658907233805515,2.119933893055608,-2.507521146176273,-2.7034622422537216,2.5736857911651065,-0.7251998611119965,-0.30153836060034805,-2.2079361609725088,-0.45959900886919236,1.7569809248737995,-0.362218585647781,7.127400663490284,-0.9149089776711445,2.8876143855685976,-8.246226172158973,-2.9002644671604845,0.6492347239322843,-1.4692813510813887,0.3563676778010504,-0.49384996099317724,-6.710576389440987,-0.6977635138450449,-1.9942119372929663,5.0
-33.18626591364052,-3.037935154251633,-15.086902830947086,12.12873037666397,3.626850940347189,-7.362795776284765,6.247000663081913,-4.131069227449352,6.108411297707558,-5.4559242195706705,1.3644863334851953,-0.5404123298575182,-4.677951138443898,6.2684198021105875,-2.0883012649040475,3.503577998749682,1.45803198582653,1.079296266743276,-4.481683712413301,0.13008262164233625,8.68293980416694,1.6082077634988317,-5.451410266779718,2.3086034908395026,-5.997579725336422,-4.613680979678328,-3.6526971751548,1.0768029364219418,-4.438949951217069,-3.1470868792631728,5.325669831483429,1.6021150423827322,7.073281501252181,-9.31753713994436,-6.665204287053354,-3.1357464212845008,-1.8826253181867045,-0.9019940388942426,4.227311455310394,-1.3614601450265171,-1.4438532391336625,0.1772969921464142,-0.4767301233454921,1.9837849873736655,-5.703768747037158,-1.8548361986721187,-0.4800760741613554,4.14163836042979,-4.69111822621092,-0.9990816224800141,5.0
-19.83529835537565,-24.27199042678865,-0.42654752432448545,7.847452607496166,-12.48980743828518,11.300478759896906,4.522585790232297,-17.64043149807623,13.415684560742354,-10.51522804146245,10.731230384434788,-0.36783566268658857,-5.9446517492854785,3.839393319993752,0.5041760451486127,-10.315630688552385,11.2724076576731,3.4263568884623106,-4.67720945555864,6.716883590040836,-7.911078183649188,-5.845080699514113,-2.870811765265026,-1.6215482332860216,-3.465418328137219,-5.528881877145417,-3.125489756653654,-3.2566278898125733,-1.9423004456393782,0.6469668403757095,-0.0009878901445528885,2.21721068027043,-2.9324985353037394,1.413908961634153,-3.5248949527527085,-2.670504574784898,-4.991847612215918,0.8714831948521363,0.23392384436848543,4.690452150443876,1.712164648410489,-1.678877608183517,-7.396617108861545,-0.2394904943920433,3.0713424074458753,1.7824615559798573,-0.16059351533384464,-9.063104475854844,-5.09665445813563,0.2386081528948945,5.0
-1.4391709335518676,62.310329516814114,-3.4714785300836764,1.8641100345619663,-13.983666035685465,-9.222819246924262,9.459221224203715,1.9937377008429213,1.0917104096763932,-6.466484563037608,-3.442050674263842,-3.4072525030999627,1.7616321587860726,-15.735707912685623,5.222853438365158,0.30833497597562737,4.696110118084464,-12.844043081000294,2.18708493507155,6.93419299248108,-2.8340025705501235,-4.395585009112295,2.7189986532300714,3.815540011520607,-2.59883437837843,0.16078658662442308,-6.177557619444929,-0.604037255490344,-1.4376539471242882,1.1564140446554427,-0.8065959221096116,0.2873170962692786,1.6653071285958583,-1.7399568576648408,0.14601988801769455,-0.2340414059554425,-6.796572830225844,1.665807555306087,-2.4734330320455458,-2.4287165703447955,1.284895030164262,3.6400260307478716,-0.8867558151057201,-2.927840951248786,-0.6783069257629148,4.146753985054426,-1.121434268107787,0.28085509400583764,3.1190376452788233,1.3451792236316016,2.0
53.09028072745352,52.16937627749141,-11.625296885829089,-12.660939084820802,26.587434335283863,-5.925270516778798,-11.409575032162415,-17.212189039783972,-7.755034801197854,10.222462900328965,1.495727794699878,-2.470740991209359,5.088473618471702,-4.042068022700502,7.832781041514315,-12.06849172721251,10.070313446808564,-2.8394450799592756,-0.08393902100977575,-13.038963230619313,7.270603129913781,1.6541674240879098,-12.425902815741928,-6.906062438718569,-7.039838938669177,1.638064910843419,-7.290958079758593,3.274263961543668,-3.599099272713979,-5.84066237740058,-9.16064433363785,-4.580431182623974,-7.175964149211778,0.938494497790741,5.97338159595058,12.303769662660855,-1.9249502370981413,3.914464329812505,-2.8024417544663534,10.760832922679668,1.6311992931266839,5.714911528718476,5.6838878421715116,-2.2325442003926472,3.1173939040548855,4.49156789171312,1.387686251194147,-1.962350525234946,-4.799467100888401,1.917149728613669,1.0
-20.227080867990722,-6.704962672610252,-12.73662906774181,14.724151981599974,-1.7451467150348674,-6.015847039996048,0.9119085145731042,4.801317647957199,-2.1085895691118544,-10.774307687030507,2.7359421603148157,1.4389519614298882,-2.4105583938721655,4.957041279786004,7.2266759248017145,5.707448384957655,-5.376998867855606,1.2718062611819598,-4.0215727711678735,-5.487531985991243,-1.9784117482582706,3.7017083528133377,2.7879502784412673,-2.3115080297039308,-3.0825090721646875,-0.7580548102841915,0.6884796318527293,0.00536097637140013,0.15770704575019462,-1.0389981731299234,3.986349809161011,-2.0896725300435417,2.2494143917513383,-2.9125556054157835,-3.8624838511719313,0.8795245856323877,0.15644936152818958,0.6952397161653778,-4.613962284041992,4.017150623078672,0.53059028752561,-2.1868696897483315,-2.8836795753425317,2.2920736933407917,2.730848740741518,0.48169114909239474,0.7338849542109958,-2.422820257316135,-0.7107834093391102,-1.5812673940658093,3.0
-0.7080221844115254,1.8996114781963624,-16.257122708576237,3.0597295280313594,13.463398794879996,-24.238499463662944,-3.7475557413845615,4.644062308824035,14.24197140242093,-4.268189643643987,-18.103287144061806,3.9656266391384403,-9.198876794843162,3.5461041244767655,7.525961964147051,-1.3024975472592086,-2.8677299012043247,0.6676976786813348,-0.25055950015180156,-2.831532632537186,-2.86842419175126,4.595055042594156,5.410832572694608,1.4287595467179393,3.4016883350146316,-2.378605695363874,-2.6006810557495887,-5.076846152335588,-0.3987039144606038,-1.5010432609699764,4.057900408568919,0.6490852962638353,-4.360361948500559,-0.8095589930649609,2.13816934872794,4.633560380742826,-1.258778950373625,3.1817588896748634,3.6537946512305566,-2.45186135039835,-5.47321209664504,-0.2581546009207381,-0.08351045658262964,4.046749183881158,-2.3264046298403613,-0.1816989084432382,1.6774688523586876,1.697113375511214,-0.8810601677035199,-2.2186822637709676,2.0
27.814735900485985,25.053019822257877,-1.270962538970694,37.391011838841706,-4.648670997724853,16.39847547536952,-7.24469336787244,-5.0155943494916615,11.455395544507036,12.89764829794233,7.443593007601303,23.995990296091296,-5.329310317966916,-3.7766181724561267,6.138490513668996,4.5648793316307,-5.18894503734053,6.84174034484947,6.86690605115887,-2.247140719054876,8.896791175597496,-3.0582550625553186,4.252506838108576,-0.55190268942818,9.137853824538313,7.950302802512714,-3.9766687751704497,-3.7872951658195175,-6.880039736263733,0.14238733199687217,3.2808364983605487,-2.02765633412165,-2.034257715122462,-0.19737534836980852,0.3864510445242616,-1.2543338955218706,-0.33346739474343956,-0.4875533605778827,3.1922874082694457,2.289450987221096,2.4350617927790275,3.4208010592648272,-1.460520420379375,-4.776774181267707,-9.014413916249335,1.2081087944563818,0.21767230113368694,-2.4646071156046583,2.898611612757243,0.3890110049626078,0.0
29.858290735589485,-3.4116337607168616,-19.98025170325539,-14.633257267351732,-27.02355451584426,-0.4121515368264235,-2.3278894279175866,11.438544440039948,-10.325838815777685,2.4118401935631746,-2.3310349580416463,-11.97539544864668,-2.5440066180980705,-6.461919721359214,2.4857217030458636,2.832400099988937,3.6226322827955717,-10.834950509715986,8.151536614433814,6.667633841640458,3.6458057366092516,-1.9307637953058183,-10.597965124022602,2.3876045613092596,7.14192482971854,5.956477634566643,-1.3863869552791173,-0.4033395171743418,0.1059702358098348,-2.448025795496707,2.4600684166537783,5.553261510261894,4.022341650096876,-4.583076108636621,-5.771603532438411,-3.3845185842079792,-2.090061023731165,-4.507309150487279,5.077530543006627,-1.7007777686261343,1.2564983088448305,2.3577825240185075,-5.987174135494472,1.2543143111977282,-1.1450128316269494,3.1302149842207627,-3.7610693809422813,-1.0691305511975597,3.084366403387322,2.038956445703356,3.0
-17.45412714772286,-16.278411154191467,24.48244738190391,0.09868679123584943,0.3409349633922999,3.242543908268362,3.409420307604766,12.79090258105152,-6.2244863964717965,-3.0562692894117522,1.5743469222905468,1.766549390157191,4.16872811991259,2.3590313937540985,-6.107205771640626,7.774703006264714,5.448153172313722,6.187167622749977,-6.423820222009644,-9.85949476166755,1.2572398464714585,3.0238779965776073,2.722355835611341,-4.556545751951769,-0.68294584770399,-2.7089707883492595,-5.7562654795652595,-12.906048464789185,-1.556048231475397,1.5332561676112049,3.9096359966449348,-0.47770851251954993,1.0173016024717747,-1.0934144915422648,-0.016898215412339327,-5.433654769617176,1.4927525920298839,3.376277036451339,-4.359255301711434,1.0646549906864091,-2.1339577502509783,-4.6508663538125425,-0.3223277308889546,-0.1467253998381141,1.860169291465719,3.5440191008369974,0.795746874124691,1.112217648073913,-1.808960054822712,2.911800182636081,2.0
39.24313735648107,0.572022208683501,14.150232093127025,21.6839075099714,-8.40877198875153,2.6179968072919246,-6.5988417956917536,-7.605579207550122,1.8464385534268575,-5.857296291334834,1.022580260068945,-1.2907763186169163,1.1848527620184766,-2.5852283271551366,9.946976168641187,0.10592565711717349,2.3629583314756193,-4.630485370159758,1.3070394010348672,6.800201595289908,2.0048895348737767,5.942580873373395,-3.3303210770215976,-0.28689162765651377,0.9592782412525859,3.560766927934551,-0.5523260284631841,-1.6930707603437032,1.9836421028673035,-0.2950093947549751,-1.5515456979005589,-0.14636048346013675,4.591706357368379,2.404662511453755,0.15192932799534847,2.9972849141413866,-3.3839418750779813,-1.3172993874867136,2.6930260680928337,-2.430174972785298,1.4747006870495944,-0.3464314166622671,-5.7800601021919595,2.009690353288184,0.6528631530367872,-1.924203227157441,-5.993139139731073,1.8102380109003005,2.1770085683353906,1.2758809864587914,0.0
-11.63497301757837,-32.337738504032444,-14.417266892199725,7.873018512195334,-0.9944820211804852,-8.215223882315767,-0.8584739934596524,12.766876935705262,-5.486244968730102,13.198495983389174,1.75013258616899,-3.112727771523483,7.817949918922148,-1.2352714894981043,1.848095459453492,7.156623114980139,3.3887314741830226,0.07961257979592255,-0.49605719458926234,4.067961889907457,-6.167901617849163,-4.937062792727976,-4.9279294185974845,-5.170059398947084,-0.19222283810452784,7.633876015717208,0.23101954354205584,0.1393878146999105,0.9967476928946641,-3.305683754404458,0.5340233992634333,4.055240679074542,0.5792619910357059,-0.453003663463824,0.6175650656484342,1.7556956445959186,-3.3701019559539285,-1.8649737365958787,2.1593061886138503,3.2027957515500445,2.121677029390613,1.470063797811653,0.2670157805425041,1.5198576913153334,-2.2569165028908564,1.0342260320213135,-2.698845648155005,0.6492224234968377,1.3356125378706718,2.5303394991206756,1.0
-40.480108553564136,-28.91030124291738,2.609625441697076,14.132035590219905,3.2314710689733874,-1.9132791814264685,10.00518252548058,3.579772672809561,-2.9554484040952675,-8.46458348824669,11.455166818424702,-4.826393236750829,6.779819001333821,-13.273264252434867,-9.103106462892873,-0.8238419130932225,-4.6078451885556255,0.5667588430415174,0.44679406042821684,1.8184522925364905,4.4918128094195255,-3.4148974485931864,-9.258533190337284,-6.554774051208543,-2.21166104473278,-1.676351183842894,-0.8961552374125046,2.521791629715174,-2.890827078575774,-1.9595620820164343,-3.7649160443074274,5.1670362807964345,6.629201608876773,-2.772237050835074,-0.7791809737205643,7.554883144829115,-2.301130994270528,-1.7964023713962047,0.05261704028386888,-8.272998134040247,3.65794711512544,5.133555090411653,1.3630468763323642,-3.0333243478739624,0.25549534558655307,-2.359434684452017,-5.15045113580678,-2.7303309150500055,2.5092084728880097,3.3888955928458815,1.0
-12.25233584057711,76.98396745072468,-2.587344294661988,-5.193946735909247,-15.903743219359153,7.877255799286666,11.561076570753338,7.976703298812171,-15.66432618677798,-8.008800725168054,-1.9492721205763088,-3.7823376107747113,18.944115047862727,2.521056787860441,-0.6706300042278968,-0.46957346062922345,-4.260690408685579,0.32741510664559553,5.996703756777442,9.850164570379077,2.5185209007811893,0.158605080741076,-6.1426436898299555,1.0133519183664,-5.772922856416342,4.02313617003046,2.1881373898191128,6.688323548799256,-2.157571282004585,-7.39773806562596,4.331329644795509,2.05079071349958,1.1305551011957522,0.8492211839976405,-6.4646705051612665,-3.8488230004981356,-0.852495105126262,3.760993949700856,0.20051739742854163,5.111235695412143,-6.106897778602646,-0.7510396640911657,-1.7579642767652708,1.3237138247340345,-2.412651473271845,-2.8379874944847794,3.431707807847509,-0.8395291438804185,-1.2013773286472949,-0.12560737867230434,5.0
-18.568285166749074,-4.789076399136721,-2.4355452935527193,5.079124689583693,21.036252938665008,-21.271135848440995,-3.579987695205615,12.298378654857249,-4.760569626509457,-3.1156942528607274,-5.020539894952666,7.1061511482379895,-9.310912372328845,0.9499170190550498,-3.479800745989849,-0.14905457408630965,-0.4470610377134453,-2.1506345346440723,-2.619794008428128,-6.905865853753045,0.4288827698049772,2.1299404426363115,-0.4761482712043719,4.510536492050965,4.1940622153224885,-2.3731973464629466,2.617460918058211,-2.8123178779837765,1.2311504485598792,0.9340128738895409,1.9401887854654845,2.2905058453824627,-1.1868463713678559,2.242421674468745,0.5629387818393026,3.341530594178888,-2.6499038096188228,-0.6870111254029025,1.7445150814878236,-5.006765269446064,0.0027305346931769873,-3.293341783279538,1.465100825758411,-0.7951512011955562,-0.461599153924498,-4.864180378774958,-0.6805795808343352,-3.892610232335289,-6.078353485032258,-0.6000180867425888,1.0
66.32139625932952,9.76641526219555,-18.854038384253094,-0.5533352694846138,63.54714120383734,44.96994599938533,15.186391680924439,17.519210860175015,5.487278643520397,-14.598332692648201,-7.8171693273358045,-9.564601912025319,-3.791218786603391,-5.590321499501486,-3.19787008574113,1.4855850671729771,5.738738289512016,0.754820930187902,-1.6475883214865286,-1.8293018983827272,1.7175618194626698,-1.891484165981444,0.5322486348127028,-1.337475069234056,2.844377880867409,1.019046196564012,0.9349003069888646,1.1031344043173743,-1.0038907277305353,0.3475779618347568,1.0753650804172248,4.281387454243755,-1.9930944396220847,1.608079603627755,-1.500362393506386,-2.0285767139318045,-1.9295445778665368,-2.3741173015774097,0.7471154645281619,-0.36031697641489535,-0.4683542390089442,0.8330576565809481,1.699513878960147,-1.8353201002942403,-0.15159565804397448,1.6671606243533459,0.31541768087625166,2.089230138515775,1.0178655866419464,-0.3856065795298123,0.0
-0.6272054062441849,60.59582329478159,5.558245788152866,35.085629645076494,-1.452781080356315,7.250163934699499,2.2672411224150015,-18.52940679290462,-5.13974238895331,-7.233173669793141,7.889775388658607,2.3533389450807296,1.1591902025877139,-3.3639677106142334,5.339686752940065,7.209643080229362,-6.405911742001023,-9.699000982920111,2.6945019352672266,5.005432307962777,1.100358056905975,0.1986605875083964,2.7174097586761534,-1.9496921811429713,-0.29708910658610627,-0.30026921700433956,3.941428653946132,-6.9899747211429855,-3.1888886299422574,7.128442357252731,3.253904214142504,-4.379168802958585,0.09015439777730769,0.363013479435729,-1.0398263662412768,1.402839278629968,1.596987371931707,0.16657474920470988,0.6918412402126977,2.100985871636623,1.079303586465018,-1.892270881590915,-0.7076395551252804,-6.284947934962672,-0.9534641999137434,3.5426387141737865,0.7702184870139116,-2.6562701002502376,-0.475534942691193,0.0663945498472338,3.0
5.018848288558521,-35.08185120394853,-5.575704928186633,-7.025415214623529,-1.4064408008284144,-13.637588389513361,-0.31899573553775934,19.546839116185218,0.9518943953836487,5.068249467131186,-8.73366850372693,-2.001249987105462,3.592502094708557,-4.869197184682444,-3.898236953595338,0.8803113470121636,3.996848000731851,-4.921820022202483,2.5901651744620464,4.80374072277217,-5.618241054011554,-0.12551898295007247,3.4513569743489416,-3.5946330352887763,2.1492628739118014,11.973095267134237,2.0862479678930783,0.06470966260137732,-4.449533679939858,1.3308378441565931,-1.2827671594447638,1.5400055867307887,-2.4192906321529493,-2.1540341473730167,0.8016119196106114,9.385648840195298,4.25930319053564,-5.659541344540937,-2.303212487930641,-2.9284984632250852,3.386850607172248,0.2837615206334485,-1.6670485913771773,-0.37860610674243755,7.210467928103222,0.5183432613963792,-1.0038302292447927,-2.4298058494592,-0.8199677929745404,2.1908060374259977,2.0
-44.42701903176306,38.748667815556615,-11.292260606379688,8.771021666866224,26.813920623542145,-19.999915689186846,-2.0216922979208105,3.277152705948869,-9.793585656545693,-3.315701188670435,1.7256831384595224,0.6677462192608952,11.999311512971515,-6.415589491668507,4.452101917665114,-0.7510902446976284,1.315673208960159,-1.697512783115268,-0.9236270452716036,-0.6528569538852637,-0.10315051550637605,4.465986673983054,1.0142219910217596,1.9955053557409248,-1.8715535315760958,-1.1127716685347186,-2.0422401522234317,2.7468908231338935,0.9449259126302002,0.6266860863903059,-2.3547710176613053,1.6129355532601644,-4.256013711032587,4.257446814852312,-0.32625478754904746,-5.755435430911813,-2.2291961227001718,-3.596662585121333,6.213103853222372,-4.2035224959826305,1.949997522390661,0.50039131785147,2.994687862501374,-5.3412191646007425,-3.1978973578970202,0.4338460431719424,-1.3247257630154274,-4.903343885320424,0.5976083605302882,-4.718929759192208,2.0
-4.967587296342306,-9.803262056158731,14.259976332986522,12.826691982516058,11.294007816486893,-14.123978325078758,-5.662225393867361,4.731357900335352,-0.2909882961695519,-4.432591296717776,-4.784654634088437,3.7155714346213626,-6.253648570811689,-3.1176234019060236,4.379412742198084,2.9953354619273806,5.330734782991167,-1.111637747699769,-4.270998585759953,1.043308060012737,2.1039479169214315,5.508800436676615,-2.2990686876276243,1.55849227535437,3.4535774323423376,4.0714642224147335,1.3479881413749617,-1.1834915945087898,5.470728388521477,-4.885203340499013,2.8297559474483496,1.6188192620719546,-2.878423387873678,-1.0956529864298261,-2.0694253347618328,2.6618407152268926,2.4500856275986354,-2.64764842546891,-1.173169730672383,2.3610231822810555,1.4380585931004797,-3.2428133687680414,-1.7974693991525825,1.0603092127548703,-3.0158989678583366,2.3299209134412133,-3.0932336397751237,1.0749722348265598,-2.9400529404619844,0.7902662776325383,1.0
-14.70482022749437,-7.1299364239494665,37.12305812156557,-2.6985738776693133,10.518963321563817,0.5805798249338041,3.7111373349050245,-5.411201393832484,-3.6208280173334324,-9.443566862406682,-5.700009712132503,-6.651278158602428,14.921556105097947,1.9861099830885625,3.21542835068646,-2.8098751471502945,0.1719827181188588,4.713449849454309,0.3719161467251282,-1.0759142286815528,2.4459857171522095,-2.7598905920280483,-7.576710080719577,-8.62613589787228,0.0988949799604023,3.6462386304598358,-1.3437128675882863,5.6721043838243075,3.4725543381191,-0.40743766362274675,-1.1595565074580063,-8.779524205485805,-2.1243529794883687,-0.6781667667869862,-2.5453737570324497,-4.096842185205638,4.072010940829707,-1.455251214959754,-0.29940683720798317,-1.9212613028192889,0.7937024326850963,-4.282580159379996,1.3816256843158834,1.3290691676711284,-0.5298425592647239,-2.8493460654738376,3.6767144319530853,-0.17025530971954533,3.7414144836434864,0.6784010878336644,2.0
-40.21355261910013,15.682591092665058,-14.992673382484504,-5.139682317863871,1.9286915523871797,9.70645653372884,-12.773713976636817,6.525038723314401,-9.479962593502838,-2.9215771924643805,4.063666540257031,11.07678510577786,-8.388525039179154,-18.858865674918793,-4.093474098537683,5.105940035977518,-13.891270701745338,9.647566994543373,-4.979615419868369,-0.07912871285462679,2.1434105734540827,0.9672337463493287,3.427788043770993,-2.310779198025075,-7.511069311587374,0.06869334484729657,-3.928319247893052,-5.481431129781581,-5.192251390411608,-5.1938008149910315,-11.126325287161976,-6.826282327301022,-0.9296858023520153,-3.2237569344794927,-1.5515457218407245,-0.03331061696972985,-4.677361169878005,-7.95665706172446,4.071782729210427,-0.2988347626722453,3.260271986774448,-1.1226352327876763,6.4565030732138435,7.794740681901105,4.868540733386835,-4.079136780752245,-4.093526952795928,-4.778845586468455,-5.225386999319382,-1.2345247357741083,3.0
-8.429087797984959,-34.94085894590584,-7.268290110552215,-17.333272127263516,-5.938032377497988,16.086164406031926,10.439425064357795,-22.505757398070628,0.5950433139501513,-7.7964210966497705,10.110432751728338,-2.5550608666649035,2.2705950185040575,-8.768029387782562,-9.388906663840261,-26.544002375335364,-6.798710331028359,-3.649854856673982,-7.100666848293716,3.502513321659243,4.068872814199359,3.9032914998234243,13.955547320985495,-0.7211530308598633,-10.050908739554758,12.554709288120334,2.3691880970822754,0.5431262667286589,11.434113880860787,-0.9337393893179728,10.028873215101687,5.697723117047999,-0.8987291220195996,-8.037150034161312,7.350701651844784,-2.931841898128218,-13.786574402837338,5.377868126337489,5.244688903261293,-8.00800867682977,6.285086473306297,4.782585848514512,9.195842571056339,3.136112839578067,-5.711737730901482,4.276085922793637,4.17254412187023,-4.816940118870958,-11.798315454448405,12.341818511491963,5.0
29.820571069084302,18.365095524217775,16.74016999388022,-10.613422411001466,7.7896870686843505,-10.310491421297419,-7.05504975983004,-2.695145100223497,2.9628064087391635,-4.490419787008582,12.352905628926147,-4.058012709765678,2.712715146172565,3.572942664652996,0.6712337995204137,-0.9866848435531929,-2.6070750703634356,4.738024325552454,2.4240637571938177,-3.5657712702243254,-5.027818584773541,-0.9384477015329881,-4.405577863745789,4.16294072076341,-3.6895321154172445,0.13201801584439243,-1.5985400414650714,1.596682800178138,2.777459773303265,1.2600937002453714,0.5980592401977156,-0.17403184830529644,-0.7277032726350755,0.16645468301211286,3.980036021704481,-2.332945395436556,1.2817086915786005,-0.03317217663446587,-1.3430908108343171,1.0105752729018995,1.5598013341925365,-0.04452621848669343,-0.27263288806864494,1.5307116417042983,-2.9959032480484034,-1.378736744280346,1.5131308699435475,-3.622595852932663,0.05163472796328627,1.108021339493022,2.0
-9.900406486130732,-20.59935388758094,-13.760981473028421,-7.289263817191077,2.1726724629305365,-1.9260233119750192,-11.635378421694925,-15.387409280641345,4.868418166384531,3.5296416315435084,-7.527460071315258,-4.949295616330145,0.20748124420054584,-4.543395311393014,6.5616297846734835,7.038074707959852,4.445314418875025,-1.7893747309286865,8.067537502101674,9.423109446537303,-4.470742966663392,-2.5396857210002053,-3.399102965747713,3.299805129033434,-0.9269568918617446,1.0501753717752516,-0.22785986734478988,-2.1861447241655565,-3.97961260679733,-2.0190433766543623,-0.4801914907457477,4.164755025597846,-0.027527050151190186,-1.0208164612205481,2.757769388384896,-2.945733190310753,-5.280219634211917,-2.349475974767348,-1.9141215132063838,-2.1209505547358574,4.956720284873853,1.073836125188142,5.1160951516801925,3.6831949145905845,-2.240625086555992,-2.329797351424955,3.7740175337699506,3.4177239456187527,-0.6701573536246772,-0.019663623759974644,5.0
-18.742961603569057,-23.397900677528348,38.98661242686658,-8.525103124523449,-0.6347511360318465,5.465968699366689,2.1038478241350895,12.703532441489902,16.18566609742369,8.044882533250654,-12.71939685418215,1.8981164672515791,3.8553919987814056,0.11049977486736792,2.1970404991489505,0.4604382242160312,4.324855113270298,0.7795684110752179,-2.5538285672971095,-3.015688564388985,1.2288786561479597,-8.37040969961087,2.9432596894313434,-7.061689669507257,-1.420356043680978,8.969921354799714,-0.42690511787217805,4.9114240646295375,-5.995025281138815,0.7164636889838006,-2.8964234675605023,-7.644987347523004,-5.05380885078047,1.905721837880181,-6.099429792154598,-5.520588079288977,1.4567386833632245,3.064930011901213,-4.470573323623334,-2.8081017212017465,2.7540105353365076,-7.5530136151279095,3.7720354784814356,-3.380872180076115,-3.8977746900198342,-4.521908722263478,0.6103313567466077,5.768370296515692,2.9562523737129753,-0.6192705090826987,3.0
50.34564734718654,4.274318698806919,-22.14347554638348,7.3796589611036225,57.66444364173396,60.813910414994076,22.439700613620694,23.878185033968112,7.662306541803498,-1.030189863862188,-8.051039641133078,-14.085750374009969,-16.063721267595277,1.037652427897434,-0.5524862022491309,3.467734606508517,-2.2663476243536227,-1.076755335675823,-0.8233668080883986,2.6934510453959577,-2.7982503567619745,-2.2983545034922335,2.117943908315129,0.8404660446892221,-1.8208977602800345,-2.9923228199241927,-3.7485055088622277,-1.1845323088485995,5.10298204527442,-2.94921196847224,-0.15838241555780527,0.5927051004812325,0.20453587469004783,0.029254265363038868,3.481992980841431,-2.275648351472649,-0.2860155857404004,-0.22650554696462594,1.1928896298414928,-0.9346602166141116,0.30699727420785716,-1.726210401165735,0.1812619341237714,-0.006332785731364218,0.1690541328595075,-2.2450313816291585,-1.0595674402492896,-1.7326767641623941,1.487697929348101,-1.5490999946520891,0.0
-28.722318849252837,-19.539617709476687,10.534473924043642,-12.965710871316316,-4.738899562271733,12.097381429280999,17.67605080966175,0.5122258048523634,12.05412509270441,-7.472380894392229,-0.1669691441382325,11.217943122498028,0.6378324413441832,7.62607796647085,5.434115796015222,13.67172023322516,11.822468057833262,-2.5132062285517747,-1.4267390892471425,-5.082268591635921,3.839380266037873,16.8258426030629,-3.1012314491667077,-12.156650286519243,-3.4812325123517627,-4.294461484118157,-3.7810179554791326,-10.931104058888847,-6.284830743663798,6.7006262315697,-0.568602669792362,-4.320209481471502,-11.62418066235407,-11.91484444385444,-0.8727692152693902,-3.1427745150656325,-1.5374175840377264,-2.4075101351646517,1.0107945797896545,-2.4963012827351454,2.0617774474994244,5.4309993344630945,-7.473349078057277,-2.5561754142336497,5.209570769297199,4.262432307732129,-1.0324058969162708,5.33761443561051,-12.459153460318516,1.281664840150249,5.0
45.227803809353325,28.362769803787657,-7.62795133311474,21.563742641123035,18.642560105143097,17.39697861533303,6.344599752192148,-8.645792754839238,0.035532519750632256,4.009664723876094,5.6555174826428924,15.380981198981056,1.6664051897916263,-4.086011254485652,1.8122895025254353,2.920165353324389,-6.520762938649759,12.824919079633004,6.790504246156807,0.31188698838829026,5.703663790073282,-1.7983964345492323,-3.150235825986741,-0.9893596633865452,3.3934566662833294,8.583518068543373,0.8410472548473575,-1.0238234966971242,-6.035744856174102,2.28740836148453,1.7891479527983256,3.930692139748302,-0.15233969279062182,2.8884290617220807,2.7164574080051,-3.60717131439878,1.488428602445161,4.561765627853219,4.224923898469476,-0.22891184210436016,-0.9873469293889023,3.545057312340302,0.2524700265026099,-3.4333466348938697,1.6584447982168404,1.3155976805947924,2.452433998748533,-1.7256637820909062,-1.496774256232073,-0.04622514908911034,0.0
57.30546337386018,1.3812883987509006,-19.378182064985854,9.38292098665528,56.894583217026415,56.187086172493295,29.908728365373047,23.615056209462978,6.469709352269305,-0.8694211906641284,-8.743674496481288,-12.019968208758778,-7.017647499065653,0.9793592967424373,-1.6837071638559071,4.625571336865135,-1.7235129272409853,3.8613960645168945,-2.805501456683545,3.5131083075314247,-2.006474836314501,-0.0438345696348744,-3.950534767810202,0.9407460989962226,-1.0859010197579346,-3.5381038233774538,1.08928334487355,0.02554814645542125,5.14229150457834,-0.45466566411675646,2.220984345034298,0.974124297576764,-0.19293235839274483,1.511788754358926,1.457572335396895,-0.6244374092157502,1.2490575428995832,-0.4932655998591329,-0.6625362614254156,0.811801170967497,0.22374695550843599,-1.8763076367856308,-1.2142526924505213,2.350090144991942,1.0175968185873403,-0.003940599685933624,-1.9060768100412449,-0.13113898019850853,-0.2214847691048514,-0.08263903087021739,0.0
-21.714442354716073,-28.776275196666127,9.090494981306014,-7.379532429190699,-5.401611893951917,18.619140431996776,-2.6251133935360045,-6.764559063737208,-0.7834711220569143,-7.458982370065525,6.7840253148096625,8.219240463910998,4.67964872442792,-2.609163586422356,-13.230113150908128,-5.759936224668778,2.6836242989060413,-14.163758060221488,-10.158852953980787,15.706530392664336,-4.7243096388132635,-2.3047235646989677,2.131355219444439,-9.440266894021942,-2.8057306613455895,-1.8000229194370192,-5.930650044848373,6.525149083255436,-5.860465457284138,10.6926122975953,18.06530609407928,-3.633006910630068,17.371604113298048,2.473695933391657,-1.379754110299046,5.787471188637693,0.3346446511051488,2.8218595960699804,5.851268093356845,11.186671768640965,1.780067362585813,-4.847113803167795,11.50709123071833,4.013265062018705,-6.112194980534778,-2.503227010630434,-7.222674346294732,0.4983470337615995,-8.722771853983813,-14.519044698560739,5.0
-14.907816613067212,5.1552199962878955,8.751647115588693,-7.8544196464298155,-16.065315768567448,14.049351007346326,-8.741814037141445,25.595179446962057,-1.5276086304199628,-4.736503128507084,-4.611703081785385,13.611711314072084,5.737880155455678,1.454924285158254,8.94609610221345,-8.827719915648549,2.8802526425990314,2.3097773499130136,-9.580996655790296,10.68593821727706,-1.41034258032383,-3.2411923015964246,-0.2355897349140307,3.1805885296295378,4.311393859758491,-8.749713354063553,-2.8892862498276357,7.785182754104735,-2.5061821429263493,-0.8242348805303237,-0.6555411300980579,-0.1313117468640779,0.43658728268651653,7.343503361155325,-0.1358576621892764,1.5200842095502498,-4.875420901925481,-4.767961536926699,1.9010817624381942,2.212288770948472,2.5974068165069126,4.748688624549823,-6.405527743352695,7.625291449328388,-0.7493320348934905,0.15225304784338173,0.7852538265214147,-1.530181842797333,-3.0451357393925083,4.466518785109734,5.0
-4.22626157600057,0.49060492648026405,-2.9527777469007015,-0.8952357514249428,2.035252625585527,-0.7914016729624678,7.523087019145182,-5.656733106747301,-4.4685021645159315,-2.04545548174574,-0.6721124644513466,10.318135213790729,4.666667794369666,-10.42151155309527,-14.894194654043112,7.213083537520233,-4.3391160035178435,-0.22026469218847627,0.2956178150144897,-1.4123698251201615,-9.234992766414853,-6.52470441569973,-4.910054859603983,4.163510352792013,0.020032228244045106,1.1993745693851439,-3.012172574042105,-0.6008498775709878,-1.3858905840212,-5.440713431542504,-0.18700382798254186,1.8872246626133384,-0.45437809999438533,1.1322151879420803,-1.364212564288555,3.038387334969535,1.1347737769267277,-1.049567268872172,-5.4078285298975155,2.631181891804516,-1.6858979373634708,-5.329835092551079,0.8470415052710477,-1.636151135931266,-1.110239137925053,1.9706154139679912,-0.5384599074375949,0.45175864861446335,0.9172002603357707,-2.0622709100240835,4.0
-47.973614727757386,-0.5196165958017939,24.10340650211906,-11.675836526804618,-1.4778548508088885,16.148877340917068,-6.2893132823269955,7.982334964107349,3.2394725311065917,-12.064181917609801,-3.3958587253739823,0.023245769384725598,9.37519349599558,11.83870106414876,1.4741662926390595,-4.606140948423577,-3.0673456950453235,-6.622098269321148,6.265426247101662,-6.3700740820331125,2.49660642090382,-9.52187199793825,-5.869836523006246,-2.402600737670304,-7.682510719653446,7.037548441813501,0.33785019094883023,3.195067396702842,-4.448618688704726,3.791686736490888,1.5038060125695436,-0.29311432379281516,0.3743470230145156,6.5091895864350375,-0.9455047140968484,2.8845497239751263,-3.163533223469964,3.1165339649828585,0.3879124238595098,0.10994018998483458,-1.6631010210783772,1.3557144538580594,-1.320348601929236,-1.1876888046808174,-1.803894914595928,-2.050110302612824,0.4999361570237571,-1.810773525140154,-0.6263370273897304,-0.36817301926033436,3.0
28.556426588351304,7.513083962569134,-4.767531457854906,6.118190817061609,-11.262223796184065,1.2057241828223373,-6.85822848420705,-0.9519696748766753,-6.721857076143986,-2.9537633736661952,-6.372589852319864,0.39080948338788984,-2.029859414857276,-1.1001553835848195,-2.1185173547446308,4.333408871002494,-3.24255571378146,1.8943945929076544,-3.223435731445179,6.85413647315846,-7.878836153844459,-2.183320950775851,1.112635570345118,-2.699776480709409,0.030356140001968433,5.833029226862672,-2.2737369275931245,-3.221264322959389,-1.078204232788098,-3.2603084459279277,-0.6523928418677142,-2.8893374855030967,-0.019428363595838667,-4.407225686091,1.34667670232211,3.385725419915428,1.148738612726929,-2.2230778008137224,1.5970979653779802,-0.33967910631716197,1.2789348561525775,3.2726633148258255,0.03185829471744834,-1.7395990514715376,1.472686527601912,2.954460160087313,2.378472735591496,-0.5690109721762922,-1.173283150284417,-0.19863821648982105,3.0
-31.05315756261364,-23.654739173109174,-16.720305338431388,6.544165490364555,13.561841397810738,-11.992657542764944,-10.524406235515697,16.556377567020668,-1.4034484781851422,12.00494788682889,2.1941787418097043,-1.8484252051952592,0.7502206029334091,1.9839576221306259,7.392344029291782,-4.365801460358069,3.443866846962833,3.570647256776392,-4.452778024931049,-2.3810585163511835,-1.9999370153040543,4.180542173598513,7.800718192424832,4.379658018480446,5.693573989857043,4.733182728171814,-2.7075623045718626,-1.637012459959675,-0.33496132758421643,4.606960102968701,-7.014406842527096,1.0073550584759265,-5.440138564571513,0.6485763688316788,-0.7436095934064929,2.6813566952164822,2.742694533249136,2.460756229862844,0.3564094025140433,-1.3984745759534245,-1.854522017995861,-0.1561156544908134,3.662482996884335,3.2250317061622273,-0.6431095922184865,-1.325857697583333,-2.3330850224405517,3.3933309544878862,-1.4342309035540348,-1.5437545720166153,4.0
34.218888555901174,0.2892666112647261,-10.693029646064879,-23.480759376607065,6.696936287426134,-21.072795226899448,-12.978507030231619,11.776933184232485,3.945370266488788,-7.128235275567765,14.691893855426589,-1.9994913738286741,0.8893042564704656,4.809073918185319,2.5827962993412377,9.631142772503846,-5.660875798828957,-3.759317921901702,3.9676509851370785,1.2128856197234983,-6.856297567487423,3.912491538280563,-0.3775097871178155,-0.4231071697156497,3.1331086154535615,-1.7473489456085658,-1.4959105352290554,4.171188348450268,8.369296710425546,3.171517272859121,7.959676895138477,0.5901641925217016,0.004260209088331546,-0.5439302020288014,-0.01961432382502832,1.0787451784258848,1.228058159012069,-5.760607891094838,1.9421128944841588,5.505872058035908,1.173509178083922,3.272933845113682,-1.7783445096391963,5.333360507879584,4.696037438077968,3.044621119615576,1.7614713000485116,-1.7057003703623461,-0.6915402828756649,1.2425723038572147,5.0
-10.930198117225588,-7.045514479640096,-5.108548318584755,-3.0110371926640553,-1.5032066545328566,-14.736330058075353,4.642606999328069,16.13787929887761,14.70939511578735,-3.1943382358215815,-9.195611137407756,8.249485434953689,-9.170634757882123,-3.29996965920238,0.06562153360698333,-5.7455296540578855,-3.841628569480449,-7.789163989724689,1.9722588197812516,-0.8699629494483274,-4.8931841130716744,-4.47607396176255,-1.9997253390103662,-1.4073886397459598,0.08421237190124979,0.13755218849589856,0.37739295880746726,-3.836175578038006,-8.370571472860664,-0.16966987883166834,-3.4315137881570816,6.577137290919307,8.637000095893304,-2.102635211202929,0.07137598112472242,4.388853864941074,-1.687552551844767,2.4816181886107778,0.5312830147528571,-4.840253670942624,4.846275067243867,-1.064480592670928,0.6356633106434791,-2.5964209035910724,1.2308041938945398,-4.486965388261538,-3.729370762723034,-4.166674642192051,-2.8400924693012186,6.412839572565041,2.0
-9.700771534408844,-33.60695986235816,-18.927702867989247,7.513848305931758,-4.938438099396318,-2.693900674066537,15.26487940063942,-6.755786761961569,-2.426140373635873,1.9508937098075534,8.964604100173155,1.3594447333534638,-0.9924556126543165,7.287170813619181,-0.29879861879430486,-0.40398469157358396,6.534605786132018,7.922063034533089,1.6420598874203984,6.361326057815278,0.8747080696888682,-2.565571029325585,-2.2622279324992407,2.1789998428126998,-0.0199544412439527,-5.2618204670208915,11.24088493754881,6.858356098557252,0.9188869449746195,2.4997541121537847,-0.9500000557710783,-0.3360470960205846,5.772757291211812,1.8775638471009135,2.1419634115762927,-0.73673889405868,4.33143629623192,4.151550384805453,-6.142620320305532,-1.1547201170970427,2.692534968290899,-8.55205014264594,-0.024965450693224346,-5.069464129932218,1.8284779383816634,1.1098291783364598,0.2859509000066392,3.0861513384862764,-3.371784225117483,1.123562507297966,2.0
25.609165447785255,-22.390372505905233,14.782965478809489,2.4235341090569293,-3.4835951244946823,6.648701303471735,-1.690343913221881,5.078174243154929,2.5000795286194886,-3.2838939687386484,-4.853735828190842,7.163037224665917,10.434920350789872,6.248292537621033,4.281873558059348,-1.1175383536472352,5.859384207758693,2.0986626936698762,3.1151743004058483,10.63381192837795,5.949085832251891,5.468060627611729,-4.259906079446516,-1.5882115146944555,-10.103108314177888,-0.7297256887640148,-4.12510398829607,-2.7006060577421382,4.070759925147542,0.3685557389061591,1.8923164881786552,7.238732848507218,-3.2977628542799606,1.663983308234524,4.422912655458888,0.4031221005206457,-5.494283692958351,1.8493546049015939,-5.174129025161258,-0.6460710010941553,-0.38640534608512517,1.6851224055248288,-3.5746699626023686,-1.3107222974439148,1.2697391912630656,-3.761070697675345,2.2499461923824415,2.1470309006213597,-0.8107828432427537,-1.142490736199988,3.0
13.86391959413582,20.029672754262243,5.1465667630091,13.740883609189003,15.337573100880979,10.244988319027833,-15.937018788783261,-15.976872286106671,-13.482105319507799,-6.720676228906634,9.569132974810774,-0.5982101163439691,-1.68289655195068,10.290542713749383,1.2160194830466389,-4.236181686125264,3.8852728634572697,-0.8205205044762932,-4.493612975729152,-9.40036722323259,0.51540538008306,-11.219656226527558,-10.524020395851968,-2.3756303927582074,-5.563490669059985,-5.3006443459958215,-2.2784816281622513,2.725724570732651,-0.3908924425035338,-0.7474660386008699,-5.098368673937526,-1.855008674122466,-1.3013765570462483,-8.623715447890627,6.290547349272913,3.2025354109083115,4.390795419223239,3.55760846949282,-0.3232256075218175,1.3556066546657233,0.9983207375846317,3.2428246146364725,2.2922584669551505,-4.234037533820542,7.394540807343998,-1.5383438229396873,-3.3727246393886334,-4.712334934089718,-7.986136727922456,-2.4326050178537595,1.0
-25.817247331618002,-19.308749392515807,25.680285086989436,5.412040749902389,0.3594106649911575,4.920681615775321,2.1552491948384334,-2.1301431278032417,-8.381371707502312,0.45175577936189437,3.3783102082365315,-10.640117501272304,-0.6432322587356386,-4.220343509300334,-0.6259377306669308,-2.223812279262914,-2.334113167846487,1.4520012166550376,-1.5633631022011725,-5.317112903862276,0.874441595341359,1.177131318314027,-1.8250258107167874,-0.7818117421510739,-2.2303576033988843,3.5757565886935354,-4.0600849508325085,-5.978494865430708,2.087868764739115,3.0799262559756406,-1.2335142673708406,6.760615070545317,-1.825338296283836,-1.4517023373424416,0.1812950789171073,-1.8033571624911657,0.8120904177069728,-3.999080172668797,-1.474673517499034,0.13729430585197605,4.919807304476773,0.3044573611081372,-2.7607551886669914,-1.8337066827861428,-0.10956142773631496,-3.875820008006733,8.004918733033845,5.428373087366189,2.884829971440262,-0.05942526014230856,2.0
-52.3198836289469,-18.503037076025898,32.91251991874933,-8.255980143864612,4.501412330755409,17.380592034931674,6.299304648813183,28.02030601159621,-16.45158113988845,10.41182710756959,5.033822563536316,13.638317372435266,1.2735020858866406,7.817029864128434,8.13928258190199,-18.58327599735571,-5.764400682906108,-12.429819652203037,8.65936653813814,4.219649216628018,5.891492485646237,4.697015858911976,-4.156526321806879,11.263466746557107,5.005137862706932,-10.893124941322682,2.02699308646754,7.531556429960864,-8.483925532405522,3.3862291065303265,0.5288810209379962,9.72964559626714,-1.6678737070268885,1.3928356668730955,-6.096051899023536,5.411632219966182,-2.5781663941682416,6.501396637886733,-5.709095021910656,-1.2122428782145989,0.45436515150633566,2.75534152265804,-2.452184651404168,2.99282920612931,-3.983188499894006,5.705734875499992,8.746610945425084,0.7554317985181357,-6.069774215850621,0.2897566262807988,5.0
10.420700431331438,-12.59501877736361,14.910327537303873,15.744971657727929,8.222447138322924,-11.213616462109643,4.856232887045895,7.987437915594484,-12.03298074970768,9.909296816242517,4.08387816972408,2.943525788113277,-4.24626634474964,3.4839862031761486,-6.146637422143556,-1.623863662128454,7.235902455422275,0.7723122154575223,-2.0728630620603745,0.6880859030151579,-1.0112240428833723,-4.5637674625420335,6.614209978815819,2.74726706223315,3.9100709960050604,2.2070357106980594,2.209613541988372,-0.3820587034286799,-0.21297149953507016,0.3854765713325458,1.106627127118483,1.2864943322741205,-2.9800407723368636,1.9567101585505837,3.603471016246493,1.5191234483300824,1.093429589379721,-1.5968261061921813,1.2274669751340936,-1.021032613153374,-0.3075689300124491,-1.0477825520413064,4.891819032666841,2.8220737667702656,-1.3226511692001353,-3.1261471999345485,-2.24674953411637,4.102484378351711,-2.197870127306785,-2.5891767207221656,2.0
8.350755279099092,6.540768992444708,21.126780678032713,11.524166243578456,-10.538978633169934,-1.8960260690941753,1.3532675273044805,1.992732343849708,-2.054004789646824,0.18879858789520243,4.150754069408096,-4.448623535279989,-4.089460986526674,-5.288766510120821,2.416024226955562,0.2860594023290571,6.566017776799133,-1.3725063160717332,-6.365081813026618,0.16385801518543466,2.9344601839042936,2.2442553544759867,-2.626894458325231,6.989330261846313,8.285851144868554,4.296069898107186,-2.179801212139931,-0.34277859458738014,-0.37197213910665977,-4.300774464174649,1.0518220291501472,0.7145246420937451,2.0173940602303837,0.5952255917436173,2.7183676582714145,-1.7588767449333016,-1.2035537272189203,0.040703470151621915,4.379927979731897,1.1191749263547468,1.2531454452458637,-2.602318093794793,-4.5030811190740945,1.4023779040876163,1.777678094019756,-1.4771298530486865,-3.8387107670872425,-0.9546434146818122,0.14094375837027806,2.8082608002038687,1.0
-7.0702580802120725,13.017220121932844,-18.481511594542027,-3.2934658437563735,3.9470701412456366,-15.462212711008977,14.00720869933013,-4.855465653097542,1.027523016151366,8.512168954283426,-3.5086199152409705,3.524680407715125,-9.934145900907742,10.359279421604404,-8.459844764250514,-0.5773109881146432,9.426244016600766,12.836270104308873,-4.169682614016335,5.848271212905987,0.1654960253635556,-3.7913975597618212,-3.8388067572682454,2.767510529224576,8.441276882012408,10.046843413347965,10.38065095188322,2.7488758555852586,-2.8269895475768014,2.243114882016727,-1.342074300407554,-5.910320771945267,-0.02835174778872489,4.74133580128931,0.12665224493142951,0.7956205850573991,-7.726672547036154,-3.0028421164582646,1.218971391599079,-3.511657769866983,-0.41006190303480533,0.5693532876708071,-6.587089830441652,5.358535598532031,-1.6045671379210618,1.3010470112307375,2.5183747620306236,-0.5872996123962972,0.41200247773909693,0.3998235978440794,3.0
-40.538594975985426,-13.264762700645544,-8.247089211856288,16.957926588827267,17.177634488880425,-11.324088545894522,9.719616706996833,-6.198169800934581,0.06047698423943916,8.632168210769185,1.8078752330632335,-4.875252037657423,4.426103888625493,3.5872947378353306,-0.3545321294330798,2.7185511408941623,-0.05131775645607023,5.665492323632271,1.3532962869539213,4.497899918941072,-0.08892596746114438,-4.423509691011574,-11.807144180514245,0.2553294255854793,-5.520612341774719,1.9718666248851089,-0.5044521021849635,1.7853824203431894,-6.707934532491621,-5.839699210774491,2.2386922773479303,2.05668666621968,3.2799645640977855,-4.35355585534859,-3.5705178405396274,-4.627739835503083,0.9768507525854234,2.9718211295309698,0.36237174309472303,0.20108925963799443,8.260942613421005,2.2884180526600795,3.466429453564483,-3.180634300074322,-1.0426397258927202,-1.11995619263,1.4777644102018248,4.343009427372352,1.2776299566398621,-1.452209117955925,3.0
-5.047888184065863,-12.855554115939853,-4.117675225123191,-10.314520910176041,5.084881549964337,-5.702721946748165,4.153167040737835,2.0778036708032097,-10.383390858891133,1.0428566674903148,4.304864793703911,11.017053908169872,-8.982318917912115,-6.0904803262445135,-5.522076367784294,7.202053128189569,2.282433915405712,2.8712772266661712,8.07487706309374,-8.653576270264304,-10.644534076923435,-6.773406077038408,3.074470467383694,0.9434069234414459,-2.300631077247567,1.2564324931791242,-6.428417241389519,2.030191072929907,8.054797361665006,2.890013243230124,-2.208593942012215,4.063508883778558,-0.08158910118888187,1.9779514525341104,-3.695787757482464,2.3165075671799293,1.363185493212097,3.7580354099929565,-1.2934179939985109,-3.4826907217430803,-3.6139033616662046,4.168739006876921,-2.702170859284268,2.2256507937297587,-2.4790471165731702,0.7071791812851914,-2.1411390567333046,3.2942499483415193,1.5789947717914823,-2.950715145453441,4.0
27.448023490100113,-8.203522903024394,25.51181774897867,22.673080811352087,9.370880167876708,0.06743365755929381,-1.2089576384493799,-11.61990662973498,-14.033617423045179,-4.600532324574274,5.213655468758344,-2.2823852497333283,4.250265689300614,4.709711805454061,-0.6198332872553027,-6.4849136080355905,3.493845850291522,-6.799009417985747,-6.778057651624457,4.2938947653732376,2.0891056960308787,-2.558447200221364,-4.07734176187242,-7.197262445760488,0.3448362110225326,-0.7446495339109691,0.7750718997076866,2.8036560758861224,5.766588838685628,-3.2008474169787005,-4.902714119647889,-2.1254513007700515,0.6825894310419937,-1.3569748637286017,1.829653826765843,0.40994763294897346,3.720929128583214,-0.6951401921225501,5.1051110940740685,-0.8714585713078379,0.010569283972746956,1.0704972076179018,-0.1709015964784144,3.304916550271233,5.235848158111455,1.0506092469542638,0.7761406712840991,0.4657183626362237,0.38235411097976857,-0.3139439458227574,0.0
-13.995097074565098,-3.240517402467713,-3.0881556855563987,7.530875714964067,-10.692041494180472,-1.2808353635978005,-10.313977810946449,16.595912782349885,6.664295075449847,-8.686948580562737,4.788961178570481,0.12863894461274566,-3.002075375499132,-15.29673552896624,-0.08921699242877985,5.707551184330647,3.80272003377242,4.41214151828875,2.4321531668177045,-3.40749848806554,-5.3577126852217285,-5.559499338249937,-2.0670224806458077,-6.508009185951092,1.047862303104042,2.6597608834069666,-9.38096302199418,8.280544723452616,1.7011526153221197,1.4711251081983974,-7.256486654896505,2.060782414698169,-2.7035206044066986,3.14052536355108,-5.647456665377631,4.611298260420794,0.7974562330349424,2.370566713826483,1.442929116726648,-0.34289824306119077,1.128607055338113,3.7022778182366873,-0.6324409762384127,3.8485495709699276,4.93714231469507,0.7197337959601334,-1.9522748453282348,2.44457137096049,3.9482382321579097,-2.1920797701865964,3.0
4.9364289579019855,-23.76417926408774,-3.1863942274286323,-23.97467039657846,-13.610357797506378,5.654361611937129,22.817282087695315,-22.03536906192827,8.07922745586508,4.523366796659242,11.249311965359771,1.774409903111406,-12.754075648497809,-3.043449603621972,-0.9307700371630682,5.258700839753187,-0.7165456446209321,-9.481600482931054,-14.30520464891252,12.009177851005315,4.450715552577778,4.44701418243757,-7.187222358901705,-5.40350319740268,4.14018436749474,-2.085253039348555,7.840775861884305,-1.3104636432176198,-4.530540371045936,-3.6865497580679545,0.05856053250767004,-4.884479284309739,-9.277169070782692,-0.39936635956702987,-2.3422929817305285,-2.1521628212567223,1.9122729521708501,-4.993372892217698,-2.091724769240859,2.2102768048707007,-0.8053345851612177,1.4751294476339747,-5.7164258051879315,3.6006488481645533,-1.0925999181291706,-7.020484269002197,-0.8078143822350535,-14.330657458165014,-5.154188387271599,-3.7783318156142625,4.0
-31.101074877659958,17.863377247772593,-13.078320439771419,3.836950532195745,11.787545194101744,-16.00585356443039,-2.611610963025886,10.013901438338712,2.9968135683832298,-5.137987502674143,-7.327462198029136,0.9475119517776628,-8.174572507835348,6.020573707158849,1.1926111793157232,-2.6374616823038193,-3.38592676271888,1.9630655987506833,0.2144195240718368,-4.4829531640866165,-5.715004366077602,5.139216155409627,0.45803962699990064,-3.1803176258082164,-3.262561926785442,-0.1169823212666437,0.23802355784042298,5.724783172720768,-2.765898248421961,-0.4438759687615738,3.8712210258261504,0.9153222337779355,-2.6736352885914276,-6.183394837764787,-1.2754280490398942,1.0866824279650888,-6.00483611887818,4.188413714640638,2.7344062614306996,-3.5636636571349567,-0.9617737949198243,-1.4320765888729783,-3.6952024553783804,-4.474570640299867,1.1624047625522367,2.5570976457341192,6.990992208808136,-1.6610249897886449,-1.6834022283676688,2.4948545741107875,2.0
-26.806527709843703,0.14791579083674153,25.831449420213534,-1.8497020780752764,-3.389407149454816,3.5364834879911524,0.24805725157936914,4.405061288003665,-1.2507614556088242,-10.777242428461697,2.9225297534920136,-6.976375460879288,8.641234234426218,6.1345255609840095,-0.17309171463511563,7.782499327835756,10.36083338397389,1.1391767693138217,2.0014401136610953,-1.9292624619185292,-2.7195320680084745,3.6891286213861365,-7.033778029340334,-6.13199876309863,-3.5394855866614177,3.7915601641448817,-12.009271342428532,-7.079442130463131,-2.822249247168941,2.7592777402155915,-0.43590601706143345,-1.8574969628020936,4.479772378545195,5.34987003378259,0.2721015915802089,-6.058979031441703,7.2828691521543885,5.627107240415766,8.037225878775352,-2.611231139255023,2.723088590735615,-1.8214127203243413,7.265831398469742,2.16945451181834,4.164091617239353,2.616099453505929,-0.7685315674912689,0.9261568075480049,0.8636637403339253,3.472149395059771,2.0
-6.779203828672276,2.4560927517341997,-14.904986249124883,18.33937603506279,-3.0465098877429226,-15.345581529777178,30.80014583231191,-0.675914288164874,5.161027761485122,-10.481039085009789,3.276266957278617,2.916031849116818,3.592221164721036,5.644720969879117,5.527880302923669,2.16059896675667,-5.4441998531228055,11.915384570251886,-1.6221706971567744,1.192728132076902,2.517405825760526,5.62081573727001,5.3556427003450064,3.0904439266167496,1.7668572163913348,-3.1443743813191865,0.4067046953429367,-0.8857879409840571,-8.819791185882211,-0.06752991524980172,0.15102397437977194,-0.9146261921899854,8.499082341324927,-0.06306098544639736,-1.3138806165994104,-2.5188939954684604,4.4387937959219235,2.0740049673906116,0.8205025370502347,2.0002337527228233,-5.22980276852706,1.0091448676262609,1.5180759952214196,-0.951332558761274,3.4323584121949553,0.6738819967006113,3.4919262641698796,1.1989164738378868,3.0271073322788418,1.495300779947382,2.0
-8.572852421909692,-30.942569555984097,-3.2911998981643027,-5.548735376902092,-12.832930642383916,7.298089468308206,-0.5566796920549882,14.56708268248071,-5.203115277704792,15.49242501546943,1.086753294236895,-2.8221838503316072,1.750437238996424,-13.836258249766272,-3.8790523562667762,9.309375536460285,-1.4165907431256117,-3.297115309519397,-6.1825475699343295,-0.9472089875606294,2.2552568963752604,0.19958160305300557,7.03798863707665,-6.548746239105503,1.9387065210173091,4.5063863195309315,-5.074001003081877,-0.07207594211175135,0.523944880798776,-2.5955842121455377,0.50416193131812,-3.2117973876834953,2.532043445461728,0.8660844697722458,-1.1110845235244144,5.975555844079016,-4.031955214887196,5.7392258609962825,-1.1724717215008353,-0.0861693021961369,-1.2350491101346828,3.09232773342483,-0.2899769395273036,1.038583299985639,-3.0911186892502,-2.8848992719602067,2.7797194800124174,-1.8409684557645178,1.867283346828862,2.1829865918515425,2.0
-30.35658530630555,-5.989715393740282,30.221106325870377,4.904684974015056,-1.0335517070947817,9.572154421783637,-5.395936182922628,-0.31658751070200664,-15.738228497963215,3.0126985709856418,-3.5041609808339715,-10.976312408339233,-5.650734621389473,9.010946408915862,5.792709098107135,2.275944108093891,-7.072835206125331,5.1029938735923235,-5.010919310932722,-0.38504547622104274,-1.2286720029181435,-3.9377530261222833,1.2549995879420306,3.0233582559589207,-3.8269502472568284,-1.6877877746756489,5.557655070156855,-1.833071383494313,3.0494637531358055,3.878064317342295,1.1726768460735537,-0.40851302374643494,-5.861988587133477,2.5267440333758966,-0.6299594568146895,3.932291984080942,-0.2498505683776958,2.60029888992076,1.9875154149280359,6.6284820884232465,-0.16774943913104243,2.243745634773166,-0.2798734688432007,-1.4901145329380636,4.722361552293552,1.5248556849545605,-1.5346165703548764,2.471000334233747,-3.9806650603608253,-0.6626813090761648,1.0
39.8854252671803,31.48823996533192,5.1951737079300635,15.605340497818299,11.368803491743346,-4.790312232519497,2.6491176231268696,-12.020126022150468,3.5649804428945373,0.5971880118258068,-2.244946092299138,18.25760886604405,-4.366604321340059,-4.508088978080192,-4.416387320017525,1.7459940326519314,-3.18285841369106,8.214520132433801,2.2743370593450516,-2.344469410435161,12.7589046776328,1.613958615440341,2.0711510237508897,-0.5216407771416429,10.61396761147041,5.061290711501464,-0.8487807064228907,-5.0207987424339064,-6.867648894190185,0.3040308490209768,4.10538285829633,-1.929674048339064,4.160435107878998,1.7904538277456945,-0.9614041634381182,0.5631700247752459,-1.8351800043799384,0.3389836783110888,-2.6553372303181075,3.901052793010744,4.027636410470739,3.617263874178354,-2.5811303444161355,-2.586948078021001,-2.756415430320383,1.815178104007645,-4.28054848417633,-0.7137863757172964,1.2797280860782143,0.13320833161379406,0.0
-20.127179804995446,27.93805105061949,16.49677153375767,0.5068955279703362,-8.453623585134462,1.1162898512792563,13.636407115853654,2.8239053234070455,-9.729458955394879,5.920440163546588,-6.113399651322708,2.424903489014324,1.3803901032064247,7.011614177843572,5.1539025299459365,7.405765412904241,-0.922694990096892,-3.277905693456051,-3.4550819396015533,-0.8868655735468421,3.084848997336506,-0.6200088103767626,8.726468830405988,6.849640597936523,-4.981588114733769,1.8494948804943334,-2.0000371386584574,2.118839835467316,0.6407633849326227,2.999929135947434,-0.28658328312134523,1.10473033439129,-1.7355352015069585,2.0394235473927096,-2.175655361023739,1.3861343757405338,1.0227459413001678,0.4481247057988538,-1.273137825307248,2.2514340336752707,2.6820727310447947,0.4726850688219515,0.18746750793432976,-4.16602786533109,-2.1252156034200227,-3.680689844694537,-0.8595463831186333,0.9889388153357194,-2.553210075031877,1.1546270829535201,1.0
-37.707418262909826,21.489116311406708,21.101635736638965,6.161861065007541,-5.606174104956724,12.22785126321627,1.8268125507736652,-3.720628825880777,3.272296662931603,-5.580772900818927,-2.2249594984349454,1.1236655032698042,3.278387596570144,3.867348600897224,-0.9293569964894012,9.141073166301988,-3.611928934215711,4.351224041601488,-3.2210439552162047,-5.5784738467659345,1.3557566545723572,1.7733202243095523,2.46618783501965,4.333870356137373,0.18029662506072971,3.062132599617064,2.590633057444479,5.280716822763908,-4.031308842899568,1.596196035370111,-0.2660419550721496,-3.004501234290843,-2.3508057072620105,2.043159801500782,-0.09544977966844848,-0.3259113626650968,4.829636114033752,1.7045996507781374,-0.9141724647226023,2.4649024034987788,3.607507759096267,-1.142784073868173,-2.0950195436393746,-1.480297930526379,2.253703441429468,-2.9052234516427338,-3.802348064028545,0.6211836624768027,0.8346908001445302,5.049294945837641,3.0
-26.752550541657964,6.9371662864748735,14.24429205360686,1.5170495618864321,-15.946237154197181,18.00162858100483,-19.8706234344657,10.999725884232088,-0.5165240803014768,-7.23273548166953,3.3357156734258737,5.538128037955447,-15.389469824784497,-0.5728434965145736,-2.8632552524089157,-1.9476474647455573,1.740621024895527,2.625624951191332,12.216898565211533,0.8630607436349254,8.451053328022237,3.6914519965639396,4.071533687757897,8.207625567048998,0.5569675988126689,-11.60768510971504,-5.077903595601044,-6.877940419069058,5.951896702808584,-9.582827206584072,0.9606771032089455,-4.472697042654924,1.5264681310887867,-6.0794406391243605,-0.3288231487637813,-1.7842320902286848,-0.45666319445895526,3.882940851823281,4.127411109072575,-2.809009110495355,0.12599387312076682,-6.962648112873022,3.558512981875099,3.0481141241139675,3.930587688812762,10.88933995306805,1.9052988832032522,-2.0760719371248904,1.1109520829358173,1.979468188134934,3.0
60.149965999127794,21.775573355018608,-3.571468200885744,5.804720339757523,18.394760426516537,4.075941297574499,-10.070485255799342,-8.539727896071554,13.278274987231912,-1.7256252381504222,6.507653311518781,18.675779766441728,3.544130977507738,-9.465790626967054,5.28732533908013,-1.1752551439129157,-4.2372058081715736,0.48699694330242205,1.7730237835147136,-5.895655140033154,7.329003091598288,-2.6469713976537537,3.4197755647090444,5.928447531498504,1.980609782297989,7.483929125369814,3.5031621323787405,-6.161295597493947,-9.167824595700965,7.88938679056124,8.626517037855434,3.015191375685454,0.1327308045282361,2.0812830765844574,-4.5401721862998325,4.884411547551272,-1.224662337758433,6.465857394628602,-3.7079695121778142,-1.400703633887777,-1.373587352051406,-0.7292820092101115,2.0853171949687854,-0.7633083248692965,4.820685077281202,1.5250597112916051,2.3358415855276498,1.651874950982096,0.5517219668098627,-2.0048447035371852,0.0
2.2504466684352393,-7.181934366350099,12.94005772661007,18.87925683194567,6.412924619821561,-10.686637071093811,-2.9511882882911227,-2.154226850434562,-1.868936734123552,-12.88612840360353,-5.072779024957526,-3.0737090484375704,-4.768743871236218,3.7484233004312726,1.2662445321392002,-3.169162313841649,-4.949566768446436,-10.036729295558517,-3.1544141706060693,1.2369951419725744,-0.7788198096274856,3.6869567164737767,1.5944365031421888,-0.05508726017602261,5.515508281695125,-2.321422872836585,-0.2798880543090834,-0.7375865939413255,2.1594634006609454,-0.3693608443290969,0.9023603481529804,0.18622796304986639,-0.1500143307301651,-1.2303067390695646,0.6147048641227458,2.8426673304196552,0.23777187597090232,-0.31738328150192546,0.6018923678462363,0.25743762699633094,-4.470116693884347,-2.9608278179499843,0.7236871441096231,-2.095306990368339,-0.05322622453856979,2.3608159674670617,1.1481441151943836,3.1789029333924446,0.9532378697611991,-3.6989997905242635,3.0
7.020108945108822,41.88912403670017,1.2399836274234712,-19.89316931122083,-6.210330551791664,-0.8090885562792504,-4.618002135630361,-3.083013510351656,5.917020079508194,28.87840546896853,-17.13176428106115,-8.825140746604413,-8.409043731417205,-1.9352395085430476,-3.927376506255402,-14.163412322536816,-10.085006332332243,18.744217100398078,3.187943018930397,-3.1106559883668163,7.3772313135516585,3.384359453770129,-5.746587073281124,-15.027314887881362,-0.45916628861520103,-7.899311095644629,8.276751963611538,4.852579962116941,3.1966173563568767,3.7770202390868253,0.2266245625424643,-4.961869125826892,5.9110924860257406,5.689528542773319,-11.231432461823541,-9.040601508314102,1.0238268848906296,1.8627538613408205,-3.9381071447633254,-0.6675057532279787,4.5923157014647895,2.347543295157672,0.48580732953314887,4.438499134886458,1.6303458036387575,-1.1365761109152988,-8.369329843643584,-5.044946647066821,-3.5371519502165465,-3.941622106177079,2.0
51.01585514611025,34.11682581269624,-10.540373974754488,-21.868697312990736,6.727429854374949,-7.3851626389537115,-14.694285153251226,-4.012267078445609,2.8689922475928125,-7.227485974299071,8.079058385844396,1.3949133677964796,-0.4203637748989003,1.4259423902613386,-3.3234560322886892,-0.06984940267237932,-2.8932051353901316,3.099477638541293,2.466039997807419,-5.068249648801993,0.139681878507635,-1.6053888695931626,-8.714156492105548,8.460037867740127,-5.649264332655437,-5.358582328554893,-1.7231875576716291,1.0431582765603398,-1.7197183625552452,2.532237424042921,-1.1892562557392927,0.600570117231251,1.8773441944337959,-5.085042858888084,0.3321716827998585,-2.5459541843454736,-0.48832981961966987,-6.091473818687125,2.0134255873788858,-1.6376174807675075,-0.5808198310696921,-4.006925823604962,-1.29760716552069,1.47175044949185,-1.3007746043209696,-0.9251185736979397,4.790755670251418,-2.1659721671637344,0.37973429647023155,-1.972890131130961,4.0
21.059976203824082,-43.20013333307528,-6.325600409213355,1.9160285344461017,-4.80914114379366,-9.164511189037404,9.10507958686171,-2.2789930749464173,-6.858510478374634,8.483482469045448,-2.783182828135561,3.4783548211882986,-0.7969865791980805,1.1450778081646533,1.2744063545318398,7.7847723505368185,5.800015135114171,1.0452729438172805,6.098518084687933,5.998361166536726,-3.996197716766679,-6.971875155241293,3.6082249826116564,-0.8780398202651336,-2.758529076703903,-2.4789046401912924,3.3115969372262404,-1.8109596216172879,0.70254525659128,-4.410809769377324,0.8385936953962723,-1.2893430650239575,0.07094176026812564,-0.21003047919222234,2.7151638048224074,2.7319928460759053,0.536929802392898,-1.1561728248888508,-3.0680316058268344,2.7208814290342955,0.77423795303312,-2.7837823568052613,-0.907017437152885,-0.8489509323459543,-0.8184711953758487,-0.6703671056538457,1.0149694769531465,0.5545628379665617,-0.04713499320418697,0.11254800212185515,3.0
67.15713457320702,-10.202987055271658,-6.198260761340345,6.344716990330733,-5.289798069181521,12.450157772582795,-1.5605748331082587,1.8954390737936588,-0.9885457137767597,2.794047431723732,-2.974386940908112,-2.3472797037235296,6.767430639402115,0.3450763277480179,2.8545838034014412,1.76095680858753,0.46959099444045554,8.0163071291214,7.542624534034335,2.5394112139589273,0.7756936251136167,6.5229727109914615,-0.40680106637774066,2.9461839674315766,-9.069560398364816,-0.27654638521033637,2.173562938909048,1.6366491706098114,-0.41632034310430494,4.262682840672014,1.4937215277755378,2.917175866844962,3.8969300576116805,0.811229231297177,2.2986162945073243,1.1820196379131493,-0.6392758018203116,2.629012788818708,-2.7952701352677325,-7.375308622721958,-0.14527294952879363,-1.952296107150925,-2.1398597520942566,0.28132889799548216,2.0699798467623167,-2.116051472266716,-0.1684731359517635,3.2632054913476902,0.7048366701300898,-1.1520378130391162,0.0
11.007838149510897,9.494249529848807,-32.32211953311465,-12.355004810290641,-12.980967064648702,11.388250535683577,-3.4143559867632267,-10.260544569677018,-1.8976283390476811,-6.395373145156697,8.890967207780603,-4.184872260984249,-22.24285433876487,12.735327762758311,11.52510708056117,-0.17156901844592706,7.784199075106141,5.692878647246243,3.93767584577705,4.211954159745749,2.6772056942496265,-4.195197385230224,-2.2901855618093676,-2.02607517025381,3.519445120100558,3.4583827864787557,3.448415114238115,1.6596637207978644,-5.694229302156383,-14.103257295225047,-9.775927891882453,-10.809547367596931,2.510571170253469,8.438274837681188,-6.914856404383617,1.564670856242192,-1.3087124758569983,9.282391309189599,-0.7073720535063625,-8.494468809632098,-1.5021056832073476,5.620965088156947,5.052448912546692,-1.0817817154251814,-6.537579265295737,3.3807806422434794,-0.4458479736809358,5.097381899610498,-6.6592831941717465,1.8960825510624233,5.0
-28.503672452056087,88.40580652021166,8.397143455869765,7.977511382685701,-11.33720327452555,1.7859039344324537,-0.1394903405234873,9.924547221077722,0.5348529813212197,0.023467128359842392,-3.478015522800431,-13.314538960852977,10.12760959499909,6.036678428777078,-1.5135848894175548,-2.1866769589562414,9.023412041858245,-4.157080683181096,0.4510514860353942,9.06228949424552,12.805181086675926,-3.5947649637894306,7.4858309485665275,-10.48801713226907,-6.823583906640937,2.2424325450002147,4.822076127533065,-3.0686592094793483,1.7463006893303235,4.665768849214152,0.3198635030688369,5.895493445547616,-3.243666755050214,6.323830784168906,2.2745087359269247,-0.25741322565297425,3.7904052954841325,-3.2712788487679663,-6.7992223330812545,2.211537192754282,0.5518897703830625,1.6206261701837474,0.9763860769921048,0.5909479083068583,-6.327754089189907,1.5826876800937935,-4.289228135067663,-0.7913497132895646,-0.15059151771220253,0.3686343775727042,2.0
-1.199002536802414,3.6020239883827947,0.9640142920128729,-0.8778742182927644,-21.192798339705767,7.753441638413257,1.8649501075844575,-6.647904053018195,-0.7858126480703967,-10.81929481882223,7.033124238964458,-15.877435783612764,-10.801205239328208,1.434905413226549,-7.79466852671201,-5.469152294043883,3.2477083021434434,5.438775878659853,0.994317185414137,-2.185470825975477,-1.5147788261500534,1.0745298294898342,10.344062802319735,7.990402240038778,-2.8535431877843513,2.9637849822533715,-4.499438581560932,4.613880641823966,0.5806724065312707,0.7535168785289469,4.184569455928237,10.252865902443501,-7.295438501893141,1.2628547600437598,5.960743742153016,2.0318211791128773,2.9957580866405724,1.8719051741434616,7.827912586472955,-4.82572934637414,-3.0337496057524636,10.5074429656547,5.8732406872243725,5.944124454057008,-2.211420305794816,1.4066923628193526,-6.163204768406763,-0.43550316882118684,0.9289246823510405,-1.4382738056580902,3.0
-39.66154494004043,-33.8722179202552,-20.867294547219448,15.513576122425224,5.610969052609032,-5.2070446996232915,-8.380455023312697,3.887616315550554,12.843378717721555,2.6639580109368093,-0.5477652552564873,-8.27416876662379,-1.1939013698442618,2.6175514092187218,7.609743793606363,-8.919635274214759,-9.774144578119158,-4.728149208757629,-1.6500534084759322,-1.9146735033434932,7.068382336755937,-2.1274632382575938,-1.3104604153387664,-3.00635548654185,-4.130976082519063,0.8984495423194816,-2.080439883013646,2.609054791194178,-8.895628452979182,1.2658113046154904,3.268024964242353,-0.9333709518262167,-3.841064029670429,0.9119264534015276,-2.636574450231755,-1.8851241804702574,2.521854494972698,-0.8861299934466298,0.564849432638679,-2.685213942247755,-1.185371287616768,3.8070832094922498,-0.5603464008984982,-4.134629386923534,2.973608463090991,4.126478293845936,-0.8019118505246425,-0.488554563603351,5.456585161495385,-1.279754798113069,5.0
25.863143691561937,-23.162138016639883,19.032495571888546,16.29336183875608,-11.455654954244672,-2.2977921468285842,1.78224988851753,4.867945174857283,10.272727467588053,6.443932116561689,-3.8844632375867554,-0.723668203289186,-0.6698607388165742,-1.6053540068889363,-3.174606144767458,-5.808677650968679,6.382579196622665,-11.121526636267387,-0.9981717805683209,-0.8011318562111727,0.01282305530951297,-3.1445807903079035,6.189114367828485,-2.4345985886063164,5.355751925459353,-5.895747257087269,4.9723871819308725,-0.8222136966829131,3.219388248349658,-3.729137370574312,-5.428997619936175,-3.8272994237746913,2.3334172338812604,-2.5085834200784083,-3.721039158884591,-1.4451368743378008,-3.020115925820096,-0.17155804441969508,2.689213828818538,-2.4582791825601955,-1.797358404182084,-1.902517371745424,-2.0737807054666657,-4.16054378242801,2.476844490532051,-0.9987419165689074,-0.8061411597780926,0.990183836333301,0.05316214580848919,-2.952151486517663,2.0
-14.178094728791176,-9.134462699280515,18.906544677945156,-12.10144735052934,6.252213270230422,5.889498952872106,-5.679552546706041,-17.300964624858725,13.916990618709299,-4.620678964365847,-13.653255783405916,-6.572940109197597,-2.263452824308658,2.6415153178260358,-5.840042362246219,0.6820706397969176,-0.7280479298081921,-2.4072164636760034,7.0697678496653475,-5.578163519511111,-13.59998763441097,10.353140057096148,5.153066341207424,4.901585975017259,3.629654279538277,1.505707079293566,7.666984207519359,4.3018135873364605,-3.62728054192769,-2.9044080650987127,-5.352642414405429,2.634564276111529,-3.326281392093782,0.8393613310949888,-5.5570924757459235,8.153829990528035,-1.2821902765991942,0.7102832022464036,-1.4467827130877013,-2.061249831156866,-1.0989157420705267,-1.0099883901346647,4.573985150833558,3.059832015321963,-6.0481084429827625,1.186554694174423,-1.637432343736534,-1.426502732492885,1.0836768166371802,8.212351142917411,5.0
-22.10009809759302,-19.85409607612738,-19.31609294492937,5.557958647626351,18.401877635923388,-4.172827747906809,-15.319845503543851,9.395123936961356,-5.719386304354777,3.469722752825818,2.19004581888783,0.5738581692890081,10.226533718254538,-3.265883986223627,-5.8504531389178895,-5.975396969979683,-2.5555059005292966,-2.75644182827476,-2.2161681985394934,-4.970765897650118,-4.342238648030622,0.7990585239412553,-3.724103150147332,-1.1457795549747112,5.148851205359272,3.305203341727559,0.8203782268064024,-0.8006109420191252,3.652555005668069,-0.6372276903487977,0.9241726542553709,-0.7723868297730592,-4.550896125820814,2.672620422850192,-3.503346099378557,0.10807039041672138,-1.7787453603779697,-3.5416310214956273,-5.193295032262151,-1.3490406567892859,1.1736818469242893,4.475676686600885,6.0113129429375025,-4.520591182592371,2.304165182302723,1.0404293492758085,-5.162445189657128,1.6146849995696504,-0.32524637043155624,-2.716472600364964,1.0
-47.45554502838693,34.10544521138194,-11.531920960882989,6.121619546238823,11.521563090034324,-18.3415152539169,4.96651566698847,7.811452794609106,1.3851968129820253,8.657750321691204,1.1494413862594905,-5.84416268687525,5.630885683812387,-9.307731891530835,16.908519692727996,4.924994190916257,13.918491735696426,-3.0650556267940585,-3.1097043684116925,-4.680067555647442,1.4659644404126075,3.2193006316613233,-3.846536279650667,3.7428182724362102,-4.559012597320093,-1.4779227148520024,-0.37858559684163107,0.06090267530793951,2.3553553356480808,-0.043841527877103804,0.6729443989793534,4.099690321653786,-1.3420362709888847,1.4634079168744913,1.7321038118023735,3.1206963708533784,-3.0829581137502733,-4.935960755363632,-1.0776555258062546,1.5857378010401901,2.0251718479002028,-4.214334115526609,-0.017546338172243946,-2.500416951875395,-1.8315010138351144,0.5941841403620572,-1.8555340738154706,-1.7672421432393088,-9.54904405355611,1.0286607484879309,2.0
19.177466030367984,-27.212442808294494,8.173044013137767,28.646414533346853,1.8169079651197846,11.039687325036853,-0.7792368447895826,-12.435580642393964,-10.256432194382791,4.554345362190035,10.070659088924664,14.006232122382965,-5.593809136353928,-2.813656648946562,7.428187671317249,10.515555488356629,-9.467160607496856,-1.0230306263166706,7.79171645947188,4.02424191976273,3.794940112024435,-5.503675981001605,5.3273510545268525,-5.671217496756427,6.447702048483012,2.5231618346889437,4.3973652423166065,-5.170278247924098,-3.598864649025207,0.9885341063603295,3.7455460847216178,0.9677695913056231,0.3874526850422632,0.5919046815205448,3.149621982457479,-0.153561971217169,4.763468155887753,-0.608647297491944,0.9993866897879033,3.1066054725975434,1.8995955798867001,5.496165085784304,3.53287586577395,-4.161033793219069,3.36177573792158,4.759514875914462,1.20464618898173,-0.6018742477308796,-2.3186778833837187,-0.5400258096181879,4.0
-38.993417038627925,20.897191475016268,36.779855396217265,-14.39591701228752,8.300830762639206,2.2625463722749206,13.861281124762371,-1.9092170314337504,2.814468058542998,2.407929812500885,-19.760942104669997,2.3833761021299806,3.725706197996251,13.854900209945802,2.3940883883792408,-3.3655469354747694,-6.762826809193328,8.148334936463707,-2.782361274799207,0.6657983291217694,15.133652333403887,-8.8775861211335,-0.7523731499069077,-9.923968889417415,5.8219843935214675,13.014833782292364,-3.2474952829773005,5.046165544128326,-0.8340779739662335,-3.532623731981088,4.249511134715333,-0.34563023309473206,6.56892764266607,0.8669395422083369,-3.5541155800351274,3.814984982866232,-3.8108459100082515,-2.6406762624652456,-5.654454716069725,-4.903479011575923,1.4928989350786348,1.9132458864919082,-0.04807471014091926,7.089923941347399,-2.5414187587057215,-0.7638186048291995,0.8489130840373363,0.41802624551266276,-1.0615384173165279,-4.795657303677178,3.0
-13.333724460471574,-2.9748015495966578,11.74044627421097,2.1344998924173195,-26.495905352049466,9.663915558460893,0.8569217914001155,10.54867449151592,19.22470551028746,-0.2851776225646757,-9.707497528590679,-1.6837892762603925,-1.5566151410557492,10.963661152772866,6.858521115339989,4.980799787439929,6.576473445886092,-4.292174541196275,-1.6091059819767843,-4.413612705373549,5.681506385275082,0.2744585124739531,3.5591190705333036,8.503425976010478,5.3357987684401,-2.1222545997289886,-9.049748437308974,3.5338590167095236,-1.4355927424014263,1.4350804704882258,5.106164882324475,-7.292908071338271,0.0043942062378138184,9.455152340278856,6.869399609657775,7.590612457850148,0.6411746208748232,2.180924778746276,6.49051158762677,4.810657182532285,2.246427129053649,5.867548510474069,6.344114004674747,-0.2599460384935665,4.170681478370229,-3.1809947583544402,-0.5392993916509058,-0.46317059387646725,-0.5545781286989085,-0.18286054030008472,2.0
44.30164402412454,18.842490119259217,2.956930635574147,14.133581337549455,-18.430054883575114,9.048529487087787,-22.4719144867557,1.9169056078921471,15.044433420936242,-0.1008977379577391,0.9714087940051808,-1.887514838658706,3.782126995929751,-1.4315807311938453,9.094874975433186,-4.6583480498144905,3.2021070347392686,3.3749197577186996,0.41216754014606827,-0.5330792882104418,1.4360607134270529,6.847458039613721,-2.8514173798452265,0.04371927506942136,-3.5769345536941004,1.314112533491371,-7.490759179997533,4.407843605490628,2.7460995108730177,0.7788177452696602,2.0671086005156756,-3.2225304091266533,-1.0850780758739051,1.3570451347341959,2.192448877116735,5.53776868610828,3.374010652174715,1.5478025580061938,3.0143200256862017,-2.3294587091059467,-0.18398478981245478,-2.5389467522738127,-0.9596103702188514,4.13353615259831,1.166222069187301,-2.1685797562357307,-0.7622097390145648,-2.134201704131525,2.044374468238554,-1.854835298043799,0.0
-13.679228657565131,-15.702071121772374,21.47888096637157,1.1041590533456795,-6.1237719708781935,1.914910852330369,-2.796335058698916,-1.4144204707957788,19.536530431848757,0.5474087223463927,-8.52081792742483,1.908784219638506,0.015618622092662841,-13.838904675967003,-2.6627554064513927,-0.5219088098662857,1.0290956865587002,-4.32620439277966,3.633196633698071,-3.4072817185691804,4.662169256601485,-0.4459344380141791,-2.891324465139919,3.5805517365217434,0.8613815618667241,-6.746864902549647,2.7984957168685707,2.9817129715311514,4.029497796639624,0.991357163660752,-5.387183338290228,6.044956407923673,1.9641290672415503,-1.2243531148047964,-3.9052897963914637,-0.8725860939179229,0.9971888403146876,-1.848601133277886,2.6677065970569265,0.48154230447637675,4.230082242416625,-1.7999897117436052,-2.850178027369517,-1.6676326971957427,4.750227543052919,0.40244724362926526,9.078629626392225,0.5511517730593825,1.4146530002244337,-3.457213822137166,3.0
10.017864758510349,9.749106131669404,-4.3306420932910505,-0.8348187935733601,-11.542782234416316,-5.913884873599352,21.465589949031838,-1.0130662452864267,7.685815630032675,7.749904558739461,-7.919171564521428,10.569726392916007,3.246894443496087,0.3486931572677538,-7.686087681467794,-9.388637362753256,-2.345180558572232,2.838102396389795,3.210495423086702,-3.1632178046018153,-13.168387208559297,-10.669520883987742,-6.494359185705455,-3.3524382036907427,0.6381964794495318,-2.5828552531783435,-0.37858179683349874,-4.618282490109732,5.32357886419852,-0.591202724565901,-6.3766097169477165,3.6238643397446952,2.6170143910491515,-1.8066707893267473,-1.9730494471515212,1.194067858417867,-2.310109338092292,-4.28476120133617,-1.07397274297904,3.2010395513181487,-0.9885333929106842,0.8062403022300373,-1.6209226161875907,2.6181037286216893,-0.5694340675725912,0.5176827968595719,-1.8376612944069535,-1.8884593544657415,2.4677588976894054,-0.9589425569348198,2.0
18.546863495986905,19.830926860643768,-10.113922402430099,9.36286737447065,7.762959157548815,-13.358109325875093,4.183910456643169,-7.138302076074865,-5.021892044880477,10.664620363228499,-6.243108120239377,2.550978086116324,7.174332450073417,7.155502116290485,-9.885966957913752,1.7686449005267932,0.13714499021123114,11.88888646567345,-2.0165012163063087,0.06839932689022,3.9498162797073157,4.21675398873473,-5.877060139166897,6.0420859050062585,4.502730105021287,-1.403076403761916,-4.872256176764869,2.9028742777873116,-1.162836403727735,0.41029968245951937,0.6162223044919244,4.897328400289747,2.355690543448486,5.319593170536805,1.1339350022464991,-2.838809458461327,-1.5370262932082157,2.047183862487699,-1.2876976663799125,0.9863529886655977,-6.362693877934945,-0.09690452594494997,-2.1758354594944147,6.343739704165327,-2.195593579991488,-0.4749923728062214,-1.5026223006654027,1.4093124834476731,-0.667708524466071,1.6134531327003505,2.0
-36.83484831288221,39.733128501867725,10.005301590307548,-5.136254789975621,5.409771058349073,2.4822382820650897,-20.797792973245613,8.406182396974593,-7.623366387427514,-10.518445884283265,1.409231639096835,-13.561304605897211,-14.48218810660748,3.1908516554220805,-18.455056271230674,-11.652265422611018,4.216080941750571,17.911716803282424,14.959312301504983,7.364827241694149,4.540483202180658,1.425338387495854,-0.3334419828630027,-19.922332717461586,0.44779413368982446,2.9562675979762214,2.9011259949266948,-1.7458097282627956,3.034766399440209,1.7455003158600082,3.037595484847777,-1.6159042772280652,8.882244265650518,-5.696212932547081,4.543059816969186,1.1020876420128765,-3.5121814993929528,-6.499297086584858,-0.42086804578398973,-1.5682340896178877,2.4517005447558087,4.405561166953893,-0.9523809953405239,-5.982765584955725,2.7240113667367902,-2.354946870603225,2.206486685954782,8.7461942472042,2.685089338194014,3.583338030459819,2.0
16.86443465203499,-24.140895784463577,3.503249736567444,3.150430161088142,-16.44988308204812,4.524479351396766,-0.06554199160013147,-2.7112565126024504,14.115817386445745,-3.3069955402936797,2.3079750817667644,3.823845896057125,2.1931564324331627,-2.9792477284623873,2.75547268705645,-12.326177217148135,7.501961781934657,6.345919999337891,8.862553232180556,8.107507804328513,-11.04730022149601,7.9429708904202965,9.446745040567572,-5.75930204435792,5.990780928927165,5.250298428577411,-1.1998896652024085,6.4269300477042925,2.3038885672266805,0.005413231656213106,-8.267127567317678,1.1864305093639487,-2.7985597399412847,9.140643175031524,-1.7435076996913839,-5.061858236941024,-6.122783201894094,-2.109299468407235,-7.067055301221473,5.48788990097079,1.5590556794436083,4.820394619458068,-1.2962846385511368,-2.553569151809673,0.6861309058470886,1.6227159247562977,-0.830068430319218,0.5844225615474867,0.1307854805112675,0.14484033673997426,2.0
-16.691375239402305,-2.1433637297368673,-16.2132548166748,-9.428693451736969,9.711829328303738,-5.018409107449603,-8.532458445902234,-8.987602760477664,11.132095240052605,-4.398801546507467,-10.201830332544517,2.634136585080766,-0.9160353982851434,-4.08180335975716,-1.9481553698596565,0.3796346750335481,-6.336903046462963,-10.649511229796586,7.964700428079697,3.893699782592173,-5.04671302901031,12.671117845291153,-2.6382874860743275,-0.07158770303363314,0.3236522895061643,4.706415349103432,-1.5794221670411528,-3.4281200895232056,-9.297098210161876,4.731325376170345,-10.645286280001285,-0.6741281560756498,-1.9644571263404391,-0.9732828872358706,14.964121047229948,-7.7683034240557705,-4.409206311934664,-7.5705598814363215,5.776338221262996,-1.8702880012337346,-3.823650726049931,6.06395585101364,0.8537253511539981,6.3147466941586945,-3.826653954305216,-6.188283500534313,6.156468839663228,-4.162977771454125,0.056727490438657734,5.992731992951494,4.0
3.4527656404926486,-26.710849546982466,-1.8238094938423959,1.472292962463759,13.647421044895593,-12.363898057015808,-14.255201074522365,5.193960323861976,-10.205395128493448,-1.6379916291227423,-5.115140630761765,3.2857509295306913,-1.148687643439843,2.364603765985008,5.940403296719946,4.152741443596086,-1.2510970254233675,2.5957010965543,2.069047222170951,3.56992251211249,-5.681368413930615,4.183303493986973,-0.9485657708721744,-1.1248962213498106,-6.360575222973629,-4.2331663023290975,2.249587333181323,-3.7502071282675513,-1.4755962688089876,1.5223866450292536,-0.5579810561121938,10.477740293014955,-0.972759427528381,4.980595306599796,0.6959814091856386,-0.15835714226662645,4.262447972157745,2.875956590682841,6.810305324567668,0.2803766871204615,-0.17369752632462093,4.753775098411227,1.149343529759302,-2.3021509322961786,-4.169076418407204,-2.839579484827299,0.23070331308114203,-4.587155131684045,5.097208838600077,2.5565724183663847,3.0
-50.47411676023724,11.99116992908328,-17.145492197985313,11.491046897102558,9.645848835035219,-13.850565729394052,2.16414957872808,-4.572472727079322,10.802852435029546,16.01512510378356,-4.17565320733129,2.154393841131321,-20.783472183312803,9.772623486879386,-0.2673056323293116,-2.004954804891098,-4.07090598262316,-3.305907861176689,4.681456866621831,-1.8233423104951525,3.2035482570069744,-1.9914739715209235,0.9920828988640878,-6.4413267436399195,0.7891202319996594,-1.296592817792849,-0.9299485268398522,0.5140596277163363,-0.6977989428650335,-1.8805116335357528,4.473354597382048,2.9709295629084616,-0.4723702721252668,-0.08761689603896868,-0.4994472567375646,0.5544109127501501,1.2986678978113586,6.589970442027693,-4.861201188468791,3.206964960260969,-3.718439767113778,2.5471773355418077,-1.2320082175121942,3.3500554842877497,7.178855959307476,-1.9719200385755897,-1.643793442997894,-5.385416769508692,4.542641561002207,-0.700895757567919,5.0
-13.950525767900034,22.297835387683815,-29.36599424267308,-24.681864669514322,-24.43285412851714,20.399003422583903,-2.7169015091442263,-2.182641811951064,-17.10313157690276,32.31715776662422,5.2633748756393715,-9.990919824637482,-8.792006857918524,6.201501066055946,-1.9102482031421222,2.2383064760081854,5.789926927975415,-10.700752561194575,15.269995094401498,-2.1779738649983824,6.853828031315712,1.021087393223744,4.192455334418953,-6.065427666030901,19.939755713361336,2.6037034032090496,-4.371447106412866,-0.2233255141329041,9.524793053507652,-11.522102999905664,-0.30411570066190885,3.9240302464795085,9.612027015212151,-2.7378065157050266,-4.4773332502188685,-4.378947763267236,-0.2252025840412424,-2.450247129044937,-4.368225564106177,-0.550442667322087,7.683477956448696,1.3097002048658928,1.7385627653951172,-6.891718934409214,-0.26862840634655283,-3.0552868911395223,-2.592318125408303,-3.1295210468302375,1.7210443956721238,-4.352142808240595,5.0
-6.708311488435969,-4.999425743812788,11.154260310818524,0.8758550174075184,2.1826502775004757,4.730501744478719,-1.0973767175401823,-17.507862453530215,3.889487387542047,-14.769799966474492,-4.175114983654132,0.33428669649572706,4.945051191306715,0.10861436936645684,-4.838600561187413,3.1694107857676124,1.588646334853692,-2.0641657508842437,6.170916923765422,-6.493335885360617,-5.5330502466131595,5.281352876972194,7.086513932924311,8.01923171362365,4.831801035845711,-2.3277303224528976,4.420746950905779,-1.3202964450894052,1.4206100636412908,-3.3893272852695633,-4.919430137504909,4.113582651067145,-3.7073053851404176,-1.771117853505262,2.9064525980656533,0.38172428428931066,-1.142879575224184,2.463711542974781,3.255031794277432,2.820186353520919,-2.447746867114581,-3.1757968788046496,-1.0689020732587884,1.65383145061895,-2.9004130882867942,-1.4351249688174608,-4.165558433007246,-2.771148768773152,-1.6119762186734579,-0.26161189883160463,3.0
-0.8555391461674055,20.923790755550574,-29.181383535297453,-12.271151084351615,-12.139962956190988,18.673942958370255,-13.050724906876416,6.56051140531548,-17.900581732064012,-2.9690195627991183,2.7405901312597893,3.158528677976508,-4.471518730304368,5.4843155326523965,-7.1035427159541396,-3.01916409973373,-7.255219092588891,10.262990684672912,-19.84899283594503,0.6385558855149892,-4.467238068824611,4.92736690013866,0.46026443609656326,-0.603227770686762,-7.4311548649322114,-5.154923502458278,2.1210980546228484,-2.704064997137893,-3.741514594115073,-1.0400596774937587,-13.564384193276172,0.9608783320735753,0.8246091610473432,-3.884752712931402,-0.34559945923957225,8.624385004765939,1.896895868233032,-4.391823791937453,5.115185829314568,-5.026301993332015,-0.4184569138280159,0.2507885586026161,2.430382541647443,3.784257156235656,-2.90512167646053,5.184167371277373,9.26404481541419,1.392703594372669,-1.7142312423390964,-5.4291604625592,5.0
18.471358073181616,-11.498166152290112,14.80697135026711,2.1680184473496467,-13.595549089165162,0.48876822716374163,16.361729025633927,5.911983955048256,-10.948365856196624,-3.0211567260991226,0.7930374182049019,-3.1068941999685986,13.939725456552003,8.39213344716569,-3.227594217849307,4.004660403917142,0.5466996623620602,7.036457961920189,-2.114394874594129,-2.0224540942527667,4.052758892769654,-0.20670799493246134,-1.4476133015160588,2.3158027709865388,-1.9346021614177435,2.071917699400468,0.6389320709048608,3.5340487624783896,-0.7176499559342061,4.233037479879147,0.7565759800833075,-3.078502274325956,-4.003092531848739,2.8116474087040215,3.1438543034569917,-5.099714669668556,1.1544849150085874,2.4012613930659477,-0.6466963118710087,-0.5641895368050489,-0.6806935743670812,-1.9428000598231772,0.8886889005473216,-1.299217194959969,0.4800813472257421,-0.8754877787797578,-0.3430834263450372,-0.9111683414502975,1.0145610579491116,1.6524857180449581,3.0
-0.40085103403783123,7.999866839636352,-1.4163067684984518,-30.429777542035335,5.1574962557936885,3.288341680900072,-17.43874884311083,-12.942859276233177,1.476866846827182,2.5442871129655398,-16.737024798228983,-4.92414202704201,-7.3298683249766965,-8.557068080766081,1.717138818682691,1.0630357419640784,0.28635333431924365,8.247597469825116,-17.394583840648107,9.123411321809051,-8.864333010906003,1.946609292542084,-0.21320669247419752,3.1653579565654795,1.9730926272614928,5.390532405819467,4.854652429074624,-7.6602723734972535,-10.622115818907929,-3.878396193402353,5.586488655641485,0.7768663411919486,-3.7266011134621957,6.757372878505323,-2.4243016067371896,8.039698827125498,-3.8122048672817868,-3.440083141040647,-0.9687879952414172,-7.059352309071993,3.8532037557502035,-2.5031705220317257,3.2336192290941135,0.7943898601291248,0.8171402411987672,1.4050500983417509,2.6758162692289718,-0.354160257655669,5.782560785210066,5.596880336217613,5.0
-25.48022015735513,-12.465771359013804,11.817905050653227,-14.024068953434087,5.166736604289061,16.438170011036547,-25.965767141458457,-6.40886858905298,-11.325750532451472,9.925347494999842,-2.661419424359668,-17.621357595596475,-11.25815718342086,-2.9210551349740417,6.11570214168241,-10.225418128485998,-3.3727639190529217,16.855411727940975,-4.394201792049489,-0.04249059178760766,-10.514761517670504,-0.23460636779428568,-5.355511678036218,-7.6933386549084934,5.568024274559538,-10.546033408808091,7.759683379519888,0.6393304603253377,-2.228274400275489,10.310501230337412,1.872020862015344,-3.2110066771626298,0.1618321391081651,-9.35425896197008,-4.083551569854532,-3.5172192669779423,7.315774512918885,4.09044641708213,-4.657513954701184,-2.270805116402067,-6.339418709172221,2.250178045752158,-3.434494154579148,1.6461789163481244,4.474524753411114,0.7042816581994662,-13.377012951595889,-5.808693426557242,-3.5554204144133457,2.09433624603691,4.0
36.72237140578733,8.936511545291289,-22.25078160930767,16.403864034866427,57.413216716006325,69.94687644918969,29.071806031506135,28.59349954602218,11.417878967438783,-0.5238937409509886,-5.064645544373745,-18.921738731983552,-9.151633873224839,-1.423719990844434,3.607410705773049,4.066425207912901,-3.7647261540928105,-4.749570070885849,-2.405441382647531,4.780942818932881,-5.881096882861339,0.8241509528028597,-4.204599071162281,0.9353330007722048,-0.31235435969151304,-0.5193065299958006,-2.0020034696237365,1.8426552955811233,4.426609295401212,-0.5259693453013085,-2.8724213896795665,-1.4802368318625616,2.7940669433899616,0.9185573494032572,0.5136676693589921,-1.4687971634345722,0.34149371485147634,-2.0601468670640815,5.043773290470524,3.1875306887943684,0.5788130089308933,-2.23271209289248,-2.086571391652409,0.3624203361169389,-1.118814087679796,-0.75998573454753,-1.9871836047069922,-0.7373311487755213,-0.9626963843876256,1.2235480809738621,0.0
0.39648067425868994,39.72569242309496,-12.032820546813644,-13.628883789637353,-10.787114999947574,7.638452467162577,-6.142385872727644,-1.909029719667137,8.35024684217125,24.324028859394954,-13.671051976611555,14.684503063171592,8.545500872918673,-6.322656496866387,-1.0197490040912698,-7.719041460310235,0.5962634357512558,1.0993153786377432,-25.29564145518174,8.781804529558666,-11.37949889095331,-6.014945150770571,2.702156254539026,-1.344018444867128,-1.0500656444506635,-5.5220984394022805,-5.4335802373046675,2.2371202197406403,-7.2393553495009355,-13.230849518959799,5.132231200216845,-0.566312922171247,3.6353195257758903,7.456099936628516,-0.6144562236498092,-6.380444936035779,-0.9341182662051716,7.2393293569829975,7.245203588674658,7.105189026379015,4.6240081051489135,-3.092833080949809,-0.3915892643903758,-1.658094955372121,-1.394523696085204,3.9693268779010253,-1.7846140582965,4.6054276667324165,2.414318802973171,-0.4182090005182204,5.0
-45.783998751442105,-26.710874960587713,-16.693410779721294,0.40716652524966224,12.37641660086345,6.827248981116382,-20.431150502205583,10.297514341033953,-0.7942431987818401,0.43965616059966106,10.222084071027309,14.13679316265184,-0.8074255383568445,0.045588561096680386,8.547933350210197,12.900595257891537,6.0826537143645,-2.4810027833553203,-0.450294757238877,-4.986222935606773,-1.8761745470808022,5.189492831268461,-1.9670423157342838,-5.028145831908843,2.736605152047688,-0.7585109448197748,10.114049792276182,-1.6991106338229716,-2.5477729888877914,3.778552141279881,-5.85668576665816,-0.5092946709231607,7.057439568618756,2.706167539039239,-4.5598046235011775,-4.202291816042943,-1.719100717793813,-6.685058895770104,-3.004321203540392,3.3080659438518256,-3.7725335425251574,-0.5131707070100808,6.138410444904615,10.484022977027251,0.5075522132938681,0.15745162516786856,-5.523707710293779,4.845252763801132,-2.928340454256755,2.249657954238248,2.0
12.987093242319157,-35.30215857566545,-10.81770657851932,2.881441097811568,3.356291582488002,-11.239343735291827,-1.3177019629201898,4.804294231461401,-12.875907716027985,-11.959063926375144,1.1614145833108585,6.768796193155483,0.5222997332638588,-4.981147551753818,3.9240549757284184,3.5667740204399836,-1.6875106234570254,5.660823242981603,5.761129141900398,4.693111186672153,7.024544155209895,-0.2527425397336217,2.1978325302039114,-4.666421136717041,4.097856324806497,0.14765504502984228,5.934199126789561,-1.6341190485819845,6.13798191301827,2.8562360376146296,2.6248215260454213,0.3882549448721039,-5.7660692529361,0.5107125000476126,0.6208916106985752,0.7546054164895203,1.7632055896309542,-1.8547348691042047,8.547712228080087,1.0129914713795376,3.4848281858947625,1.371891569471568,1.2290226385787852,-0.829611777088353,2.2579694536008597,-0.2645679376888543,0.5079616418160282,1.0033972241233435,-4.726073848479768,-2.470593719497638,2.0
-29.325050799228514,-2.807548715125093,10.750431130744584,7.322338251012798,-3.9004242424588447,13.951146879743822,-0.6615032392636939,-17.694373121913326,8.239313986164031,-0.21524402679897411,5.465579721252451,1.3971809457101658,-7.227654322747235,3.7901598187877554,-4.284712912348692,4.90913120123551,4.201765572837099,2.16803015317234,5.103319406241791,-10.52535299286199,-6.094396041237083,5.367645897942119,3.486502646104445,3.9530077631950573,10.614194222594573,-1.0641771125803001,0.6119064083785721,2.0921493383570238,6.004704036603665,5.907522729223211,-6.445326896055011,1.669230238254984,0.013348006909970888,-4.143348047903091,-2.8054233882329727,4.456002036516165,8.035246420891294,3.0658813953634994,-1.5878778444621466,5.4377148699166575,6.441938434435763,6.320619258429336,-4.436649067836339,4.395436573859521,-0.6464265461178167,-0.2822624470726249,2.7363860853189674,2.433793701820097,-2.238397929462663,-2.1370467193018614,3.0
10.269239157313802,11.667964858845684,3.0793607718742093,-20.321552581244084,-5.480860383889318,7.256982119009816,-9.750985407843352,1.0810468898346919,1.033242680472298,0.452879533708191,-20.504252885584147,8.252434325046595,5.821644907864354,3.1401162828383105,-3.2199730961337387,2.6865411705280464,-0.7913099411055885,3.7091467247624013,-17.99951059287953,8.049792650274622,1.0790028382593797,-3.4913430298876116,-0.7358664133248843,-3.835680533828286,-6.2237936190363605,-7.795070258163406,13.038829497267413,4.434599291269805,-3.256777001879797,-8.757639882891283,3.9393695810404896,9.08182753200794,3.40285846672569,1.608955590293019,-7.020531685149144,0.29270572503721104,-0.23112144945876673,-3.9683463624851085,4.558630116128729,-1.244607645886168,-4.932021271973091,12.584353618498314,-1.817684037891453,-8.349946225381462,-10.065434125827137,3.0782286269832295,1.7885227240585206,2.8369688863861944,-0.632048177384245,2.264745057847072,3.0
-53.88301198038346,-23.508399244000536,16.46984921775525,0.4719266844727289,1.4567589697362584,16.311135620788026,-1.6102726309734607,-5.57420699282637,6.981597284191507,14.768476291061445,7.4099974591738,3.8145813634378953,-11.631072248309273,-16.19987447977954,1.7440829227852586,6.222855365423455,-5.779156490103784,3.431463540581294,0.23554484084128488,-13.238661931603499,3.5418313491471567,-2.7314751032926727,0.7229092799676109,5.849800404328908,-9.651439745813056,1.4093075480839201,9.216782458803449,0.7013630389335156,3.4666987389541086,-2.9440187580338786,1.5168447670149374,-13.351623484491297,-6.811883104649029,-1.2918442197185833,-4.425127722984605,-1.177113087851425,-3.8850514705007613,-1.5565521411478997,-0.2945047188159734,5.130656228449494,-3.274108259608725,-3.7334357465858496,-3.7463415508125686,0.34839308366995864,4.776471938252463,7.813175385936346,-3.5752166295269383,8.397691998059361,6.1464249508400846,-6.4373001729756325,3.0
-8.089778570707855,-2.596058563056261,-25.094288675050027,-20.38033229282118,-18.293806468571134,22.37292590085914,8.326580303290203,-13.001658319358437,-6.757456285282547,-6.200002876631444,2.7494747831641746,1.6789450898612033,3.149052056307581,-4.849843438874078,2.139355498061636,2.9550101763487153,-7.920043214977473,-7.706761407896843,-27.36541568293115,-1.5237560102053038,10.64360345869238,4.606733689017748,-2.082072099698831,-5.80989388263962,2.482224941703099,-13.46627390446431,-2.1114821841628584,-2.227866129705576,-8.072799511291104,-7.479045303185065,-0.5014632216003285,6.862551198501027,-8.252209567982735,5.118206464066034,5.929967382723231,6.1905977676891215,8.635689416589287,-5.723169961833663,0.9022407656410601,-4.109795581332323,13.274047203408601,-3.0936452223261783,2.0095875145994255,8.05082877914391,0.5396665330229334,-2.897266264077902,5.121596813080386,-0.14174956600712454,7.926836880231339,-8.740417276721457,5.0
-32.84497742243755,-3.1079591161170432,-6.331345154579638,16.7588229937765,12.546773830454887,-11.70277111920636,-8.42462172376937,9.522184428447533,-4.93148195326939,1.6021555294672702,2.396631480081767,-5.113850010566362,-0.6377000466646194,2.9873121374739235,-2.4769663424760284,2.251368978867944,0.9685254697865421,-2.9022277736592685,-2.4875635994129164,-4.398175439610337,-3.984546564854898,-2.3068042878772945,-0.45099609215628,2.9584100360774928,5.382522779733879,3.7490920734003463,-2.4882318085434463,2.1496038305082936,-3.1980138445970105,-5.887100090472752,-0.6296883472571198,5.795727105314327,2.182612504118904,-2.1845728071394057,2.5507827748265415,0.423345425218287,1.1542105554287996,2.1816387033045315,-1.812730172175821,1.4072932486986067,-1.0341363581024792,0.3325781519994646,1.3610833615705349,-3.1278941972967957,2.23792843355743,-1.1127625239107088,-4.595760222361564,-1.4273209150300705,2.3850551306179004,2.571131305035086,2.0
26.157403148997084,0.8056836772035397,-5.693909097895958,-4.056839508562521,-23.000123033193432,9.474283823255659,-1.2988144068082854,-2.7812456566979997,-15.743266928022408,4.811485008769115,-2.4348347601444953,-15.128879079049756,-1.0349796360629222,1.9570679610710957,-4.908988131929373,7.106226410475248,-0.3797429197637516,-3.8295749903011496,-8.303835658915707,3.775993809441977,-0.3028000148362017,2.4637534065544853,-0.8395749316330209,-3.3404958000183047,3.0126955905919033,-2.754161046373828,3.0801607464182448,-3.9481190684627228,-5.445546421702669,-7.335792774266465,4.764055156749761,1.7171991142022303,-3.9394799176907815,2.084701231877253,-1.1142228346100005,-4.243031124802752,-1.1267916573211056,-1.2330833934188752,5.364991212983612,-0.8201276322780936,2.0496228614680385,4.361886261093143,-1.3728309940308934,5.204962989809531,-0.17467403467405845,-3.234069325021214,4.084703311872715,-0.07001586684709461,2.9448913982035037,1.2619581195132656,4.0
-41.30046109827949,34.929913159733985,-14.072755084247355,8.869635213562281,1.7867838912623113,-5.118208950375366,12.977593133734146,-11.171018576203323,4.480915141151171,5.9979200036991465,1.46400631187216,3.4939553439445246,0.027359402365119224,-0.5040497362592937,5.320337932885043,7.38435800849087,8.807107340868805,-1.9280401755379037,0.748322378490154,7.212653784422216,-3.1968799534538817,-16.498779656262798,-5.37800893705361,-1.387062150762733,-10.290875897913644,-2.793086800346212,1.166199135812743,3.0926941581909024,0.2654113656323239,-5.296347433475122,3.5666142898905364,1.5199554599863472,6.13805161366877,-4.255626430436417,6.356642769962313,-4.75963524770849,0.521093566372036,5.105159126430814,0.2408989668050684,3.7670927997735446,7.661206462445624,-3.743208335010182,-2.465547020025878,-0.42902506892860615,4.987860295695407,-4.508389088781258,0.5378673674353377,-1.080011526961286,-0.015623294225587015,7.005143975659575,3.0
0.5806691910389407,-9.870571149497522,-25.451295452896755,-1.0249000480569275,-20.005270851132416,-6.541175026997868,2.9523322351401022,6.198232526347954,-8.442933652326914,-3.7159574679214886,1.954634216578838,-15.184571157597857,-9.687403405389501,6.918475304376323,3.7610901848335385,-0.584086011496439,-5.6671051110380155,1.6328518600422917,-1.9739437547154046,-4.2836072552802005,-1.022846436881764,5.142947928455485,-0.09537329349856269,-2.888053574507133,3.4841080799815867,-0.33980760279194033,-1.8009265584172216,-3.1185629818079583,-1.6753790543688254,1.339115518055979,7.189899437598011,1.9755193156802604,4.231247493816335,9.9126263592371,-5.367541254630759,2.25987195795942,-4.696966115667935,1.8780815100464539,2.177491622903213,7.859868927826755,-1.5911115193201444,-2.6436445812932097,-4.284586807237157,2.6166369214943406,0.337731121349154,0.4540315755459869,0.5667612384467255,-0.3247780333289578,4.752472773500609,1.496867910476623,4.0
9.904359457107342,5.137662174963295,-5.182560220455576,8.7910402436168,-24.495516550235457,0.09929591974862763,10.908859020454125,2.5590217005506535,3.687175760996816,2.9838877691024726,-0.6427634391960557,-5.471267649187121,-8.436178782223593,-10.024772173341502,-4.102055581087059,0.60228402071133,-9.89667427985955,-7.369313047665681,-4.859352043707339,-2.011987486984599,6.956812673527367,-4.1783601705683635,-9.593673917789715,-0.2717956009655306,-1.8449682469607818,-3.3682682415964154,-5.2207142674740625,-3.344889721362326,-0.580227230328656,6.043461455891008,2.75074830044238,9.225035347871493,-4.023377061999847,6.452196492388947,1.4380988118574316,-9.341777860788808,-0.39802384887512027,-3.730017822275331,-3.743692769601194,-4.600079536397423,-1.9164892343640052,6.162781732873362,2.548873798381229,0.9493149318691386,3.3398621262461665,1.212322651116244,-0.908939895319411,-1.2336019001560852,1.5001410557614314,5.78133096184179,2.0
-3.276465706000862,-29.67877376998803,29.809263795550926,-9.236643208440158,1.8709309590276029,-0.5518118634400861,7.027825363638143,-3.6599021556811353,-6.190967520717648,1.3989135720281036,-0.5736712373130795,-5.6979025662400815,3.2594735799613077,-12.319093088220242,-2.7396776899881,-8.672343415244338,2.722803376792843,3.583337011287559,2.32679809649035,3.39695097580488,-3.5720635510470538,4.907333289242205,-3.471098392249327,-0.632361396727448,-3.093119975583029,0.029443783240009916,1.5187813873384715,1.7438437598111152,0.3550779297039218,-1.769317635978126,2.684972781660702,1.023409549119457,0.9924998841328591,-0.5515982174271411,-0.7658014028822111,-1.8145850698194042,1.4086696907481515,-7.1954665394195745,-1.2801681540064784,3.505166852993078,0.8434221839318186,0.6328943059998198,4.264439028206934,-0.6340719042159003,-2.425977992392413,-3.1127895987132015,0.5110840861318192,-2.2737720909314434,-0.5934032658870242,-4.0307290001134755,2.0
5.047187862821411,-7.636557294089546,7.592935166435873,-24.709790667008146,-3.093195083819376,5.697378040140668,14.16618910061644,-0.5193391933937995,-8.104419799814416,-5.598136919584979,-11.670767795008787,13.057906297573851,1.8435475805619705,15.290871876559368,3.109424093348793,3.6990180878119077,-0.06521734332214185,-9.123159218416433,-8.66487338470228,-5.678143294474492,4.007192916037524,-2.253023565803447,3.8172806809437048,5.004644087893239,-8.536656095148848,-7.619492677175604,1.1220560301834448,-3.0636814622469437,-3.1142450918822204,9.512328647327907,-0.6956893471765203,-0.34461919060529805,-11.205998735668745,5.597531192975203,-2.9414619090393437,2.698764714200417,-3.597738348411229,-0.3299134557392821,-1.851253423016759,0.6578531674195653,9.182848662147968,-0.9547813180747936,-3.362562245930279,-2.3250514218075553,-4.760297129153833,-4.281426595446085,-2.2264037179486897,0.11460270245794496,-3.125952140521349,-3.6885456947483917,5.0
18.429373307231305,91.02780979435815,4.644383023045162,-27.39968794137374,16.463306875137313,-24.148818539168154,10.031958891878121,7.044006465296723,-0.05816773762715202,0.28239518602640135,23.578759832966327,-18.34300668307139,6.360683145819727,-2.762452349578285,-2.057670252668404,0.8829279036397211,4.709461788184998,-0.4574099109043149,0.8935467349674627,1.8781254637196874,10.947424090256684,-1.8135594523674865,6.2299858769723375,-4.711308361217207,1.1160421544982668,-6.633288863422017,5.891546305607915,-1.1497476423785276,-9.669851247213145,8.202696149704725,2.114163366701703,6.005551915279343,-1.7560398176919871,3.7187855859136065,6.764852288141197,-3.4616705180088676,4.283035175875543,-0.33698140008898064,-4.15303464303231,-3.038491611509693,2.3522759974888396,-2.1919594083959657,6.38359520206866,1.11078577231439,-4.10604898071084,2.6204245558235737,-1.276626734962759,-4.618223477826486,1.3863812736529084,0.22441637747822338,1.0
17.306685349713046,-0.31411967271194974,-24.205779327936344,1.288130125328882,-7.460825349047177,-6.621807262314317,2.1703792904106898,1.5170346567808417,2.121847729787169,0.29849619500435176,-1.9475221438800985,4.155546497068707,-1.0517206722458143,5.525770645952952,11.969388382663723,2.713217300545138,6.886444877284775,4.019729857390185,1.5299613224520903,-3.719480754300049,-6.011865627328978,-8.560337892577992,1.4933057397635021,4.559296463192843,-0.2947755714636748,3.1756382987884315,-4.012871789418507,-1.252897020021029,1.7349721533872795,0.7878728122368944,-2.317830877115741,3.5298948159940733,2.5778956961939015,-0.3579473015708941,-2.482909165944116,-1.9406544739099716,3.657836478753412,-4.929994358504367,-3.1792337899884706,5.440045572115896,-1.4948667962687796,-4.937814553418358,0.44180241234992695,-0.9427467953420338,2.538059104039101,1.0521004636363098,3.495508523315852,-0.12138620597550354,1.2642348751670691,2.1076647060265636,5.0
1.3636851599681743,60.20049796127643,-13.997796662841575,14.085712080099661,-8.154069849740283,-13.949628116052125,4.280053597462793,10.10637716067136,2.9641533536018363,-1.8556531911654588,-4.972376218685384,-9.21049036114632,7.15142860404485,-1.527561536911019,-0.2730123618353492,1.8227939962332274,7.789599626750931,-3.233075743667854,-3.112254056173581,-0.25363020145127413,0.48065645801441836,-2.6651909415133637,8.199244562383567,3.953324490486197,1.4257307961495105,-3.8598589465224444,-0.8936845831346313,-0.16452491273651185,-0.6747545227868319,-0.6444748911907292,1.2030045026047906,-3.8969245552048277,-1.7775820670033156,-2.0752956069475466,0.24151704838835666,4.13662197373577,-2.6648714086760514,0.8292847572858726,-0.2670490746794029,-1.9630392764126539,2.8785284523862815,-0.7145106870034357,-2.3856300180846985,0.5078788146725592,-4.170720068362307,0.6451511584699187,-0.41925557550137327,-3.8365867816877066,-2.1402491478889836,-1.6529207977472156,3.0
-25.74884495570144,-13.130233822290872,-12.686671789231431,-1.2178091322468736,3.432222927016071,7.429047126893544,13.215886792735319,-13.082125588732465,-2.237640543072737,-1.1336171460046123,11.171800591897544,10.929070254440457,-1.4284768534947567,1.1377282894002083,-0.8073117862005686,-9.673780888194504,-3.9408055610203654,-9.041356460735217,-1.114760665797241,-2.9248814719380167,-10.111720624313248,-15.863379101373507,-6.342053016836159,-10.375899999707112,2.0154419770229732,-7.3722246925986,-2.570784785158009,6.480110758010111,2.7719374811265953,8.414981840615932,-1.559039341300705,-2.641726251941919,-1.9914626340885038,-0.813914001742762,-0.5784492951653192,5.106561062272518,-3.773503957346403,-1.8925050346660655,-2.5930305159433025,-6.349114503482146,4.3925628811466675,4.2051635728592425,-5.357541569254698,-1.6689092189593002,-6.597557975849914,4.006874853259793,-4.099135708638013,3.326378478055118,0.6185457903589965,0.2689586981240007,5.0
29.72756798305096,12.705064363117923,16.69292740859348,-26.574679911204697,-11.694572700055557,-14.339916018671921,-6.283610633988276,27.716225723051426,33.91587685883264,7.315371182743442,26.20581281737746,-12.868625623249484,1.6469622788877827,2.0973967773987705,1.9083668227234867,5.744862642590483,-13.795544445041553,-7.5971800981175015,-0.7052990080717931,11.676255609570921,-0.23199052352149416,-3.424991758342183,1.9989437423860896,1.9318319845824965,9.345960395313611,-4.976901020028192,0.0591486282034112,-0.3561599730985656,1.4153357777252729,-0.9602498165233221,-0.593224452618995,-3.0946052598362352,4.276994160256501,-0.2636738086302247,0.021883089362155477,3.3802882523351014,2.348036449834691,1.0630346868522063,0.4404608214840375,1.083197102655516,2.090655054099349,1.6322445427621193,-1.7318733926273664,-0.7331395489776152,-0.5111223367899234,-3.9445076506404644,-2.847188440067973,-0.18626669351227518,-1.5908237951554638,-0.0565817382984431,1.0
-13.759335996393482,-18.311830115905188,-12.254653541455182,10.26197140351446,1.4210117547548449,-12.07128850771381,2.174982773309344,7.0943072272853,-12.403884439784301,8.228136982503136,-3.9542538139279237,-6.855556032218927,2.610692203721278,5.48917852625244,8.147216923943493,-2.1085201764921777,-6.861561348524322,-1.7794602151790824,-3.5261325042410974,2.847883210874433,-3.319336887016905,-10.927477353173796,3.6601947116905813,-2.0303913516879244,-3.603674516320834,0.8505315504375885,-7.384362757055121,-2.8250209657131484,-1.6776655225916781,-2.953722180651319,-1.4364345372028973,0.2747282544310646,0.1567549357982466,-3.3495367027266396,0.30797216416260464,-0.10672916982739815,-5.412300000558887,3.3355804303713086,4.229513688193926,-0.28075483272272905,-3.4697670125140307,2.4703066044483606,-2.4318832527081913,-1.2733745369592302,-0.3718757042800698,-0.02026880336733065,-0.13506912651621636,-0.1431334462659961,4.112267206300612,-4.793016422941216,2.0
-33.86896375672553,-16.141558792081394,-21.38077460889051,9.340317963363479,-6.584836118095463,-0.14875978166119735,15.59282413367662,-3.6157474808068164,14.62215098593662,-7.538421260790686,7.933217165504926,-0.37181505528018677,-2.9541915783017068,2.82292107454394,5.518304195893975,-11.944694995164696,-7.544116828785043,-4.55286633998479,-7.910730329235626,-5.060275026066016,9.685241442890327,4.408341200143626,1.8683065636531295,-4.373540313696763,-9.245840688348459,6.326697745666289,-1.3769357780074862,1.9142241957824062,-2.5520937659272875,0.6663690883232606,0.7711220809628951,-3.703817480434239,-6.3718080719404115,-4.84650905794656,0.4582292146386152,-4.096696728782802,1.3147666098926407,-0.39310687410743117,-4.801912602541302,2.108982684024115,3.9461589131499153,2.6864255002218407,0.4805117614899212,0.6451215659938526,-8.506969666482629,5.4115644566553955,0.1215833850079197,3.404348344799385,5.396338686776463,1.468342140133926,5.0
16.44401724372563,4.6420365789105915,19.482089399876628,15.486742269190893,5.76498344806603,-8.00279217850094,1.7586708985464392,-2.80974276548713,-6.760028975089301,-2.3924906663947727,1.4210318803936073,1.1381657779388399,4.505138577448141,4.284511563429858,-0.5221538314354484,-5.440752119097913,2.9861929833216467,-1.0428040786610806,-2.2954411487530395,1.635508879589735,2.186248999299457,0.3133486994424633,-6.4172218792096265,-5.519157091968504,2.9388722692210862,-0.2830008983033216,0.3822346594450306,3.9300260936252664,7.344270579851627,-1.610639343133364,-4.291424616164751,-4.742481457233864,-1.4411000418788993,-1.8202863097205042,2.91097526970633,0.745946068393418,2.813545006461115,-0.9385850980171506,3.6736169403344823,2.9415164090363537,-0.33107214532600476,-0.1068930511162816,0.8829538810795783,1.1234474139922235,-2.1633122761088344,-0.8213820144236594,0.4266903355431186,-3.0859615481886884,1.2479039600395427,1.4470531961147455,2.0
2.924781675685943,-39.18165814171495,15.710885546718812,7.706287728489029,-20.762084294255832,11.133113013048586,2.109351312120144,0.7662389835182997,18.136031152410144,10.021353533395585,-5.584915958935846,-11.77697701823918,5.545018962624879,-4.558699213697406,-11.464000585113212,0.2508345572731317,6.083981577688272,0.38455978445316086,-2.974596975823865,-0.24331919569358207,2.3486559309244233,-3.7180321587106504,2.1485023366374407,3.7924253523544977,-2.4187472523016904,-7.898430384652609,13.947673697457226,2.6759363577279096,-1.02450059110083,1.8446555437985788,2.7986447402637578,-4.086268203593934,6.474066822783475,-10.268438100718017,6.354911728318394,1.8737044668163676,-2.0035999204059056,2.578354153752541,8.027111282409809,3.871400747325771,0.06827161796531055,2.9184575272497493,1.4898214852684368,-2.565625631001006,2.7632761511583026,-2.652015605152831,-1.8799535394370057,-4.5037360535206465,-1.0345008749837965,3.777515662460368,2.0
1.5742067858398643,8.052433179225076,26.540510027827573,-28.241861487582568,7.294229360933462,-11.25734058577099,-6.013189909665781,10.193143881583822,11.299150493258795,-0.6589002041298692,32.96756095986741,-12.244784209226285,-4.996529532249953,6.190759326424296,6.149070531879771,9.038372657584457,-11.871997203123707,3.3807061950534463,-1.5474331672673591,6.28324303321187,-4.761404256345702,-0.2783470746363699,-1.6626536228570514,6.176138555588754,5.711427816689439,-0.5898076979070231,-0.2146042185039481,0.834817415343387,5.593402431159112,-0.2826527119453947,0.30290951188841175,-0.47637156027313465,-1.8339417657116053,-0.737964448738786,0.780885496621665,0.19202341202033799,-2.6750194838219814,4.028587859575059,-0.7066972457242029,-0.6909605102296591,3.0848674295920886,-0.729933055987017,-0.565570364232547,-5.239544847922999,0.8407407482425676,1.38258143450092,-0.08544626796385302,5.679354207038947,1.1185847263040385,-1.9139638633840168,2.0
-10.949732952308977,-12.650350077654364,-11.764519173730983,-3.5943315317745257,21.025378279494067,-17.39225345905846,-4.319667053364762,-16.194939072307672,10.3700957659597,29.34172571800553,-18.934604445303226,5.071275872950232,-14.634166316205924,14.044671739993532,-18.00175019133728,-9.6765914240399,-3.2172680150430204,2.1848536946225705,4.80657940508233,5.6644625488469895,11.893243899841178,5.66651862290534,4.020550532250877,11.345294945237129,5.763240109639547,-9.782431607027103,-15.13665240750513,-3.75016888995977,-5.937173953560636,9.163589830867716,-2.68268237522906,-3.33915209193556,-5.573996115083786,10.294762684358167,6.576385761493127,1.7291616303625374,-4.36437251991586,-0.33627109486361273,6.403494928525051,-1.3040873407936209,5.471770944386563,-5.7447108475754805,-3.3088048973188706,-4.0327287948769825,-1.705788362485174,0.7469476360418734,-7.049589454039878,-0.5417815420988166,2.4008571848307843,-1.4124093408362346,0.0
-46.256127183385686,63.304070013268856,2.5369141368364883,-3.7442052310014176,-7.848982192414668,8.04336056762353,-2.4379280868147295,8.67426297598224,11.814039450818596,9.753901397256831,3.181559053901793,-0.02311832087411701,6.044020765875951,-4.303232495703252,-5.986558533155193,2.6473525192160228,23.97523625439475,-0.9019349668128608,1.4184782513181775,7.663211068202627,1.5619654904998987,2.642302475021763,11.079338611135077,-5.420321674789192,-12.100590525066364,-2.456207619505331,5.758002464727655,-8.572325016921514,3.2633585064664015,1.0302121313513495,-5.661435362961572,-0.10599981441951481,2.0661297663176543,2.265633882633058,-0.20339431992198553,-1.3337374636298784,2.2310335463733444,-1.687725494608877,-0.20795754913930087,-6.980719998062197,-1.5300883222987642,0.2975646762969376,5.942941686061473,2.3609771721576953,2.6784668143790937,3.313125124566235,-1.3065682662366527,-3.0475528709550987,-1.4803242772283411,-4.618917421038847,2.0
43.863366279653775,6.32349400702603,-19.268562666556637,8.614400134205926,65.96106231517561,60.80294137232116,28.50722516041194,25.606674275148663,8.241325944357303,-9.377381317354281,-7.697882657815247,-16.607004043498403,-7.7260905641791116,-3.201452771702249,-0.44143574371400685,3.2836239264424716,-0.6392627193901801,0.11547243985492038,-1.0607917312207493,3.478923571807741,-3.2454795147208477,1.4171054788934327,-1.611547239507128,-0.5224257544115621,1.506517905787571,-1.2837368271582856,-0.958907034920481,3.405282637668091,4.470166430785661,-1.1675162965556614,-1.4989556038276555,-1.3932033509466553,1.7468379792947004,-0.117064608331519,-0.3500690762572148,-0.40845518438890677,-0.9490472115441883,-0.6477284957394912,1.8873162712548692,0.4861269912624774,0.3339801010886525,-0.6128454070520774,-0.3863683014538369,-1.1410586570292605,1.4732646235451166,1.1783973485709391,0.21931741773797522,-0.3303004844245563,-1.3034164078068557,-1.055389629023107,0.0
-3.1481921751484543,-16.259390283439412,-24.362371011864848,-22.258904023312134,5.304997281885367,-6.59300033095302,-0.2778637423013559,-4.934436143082474,-15.59696921770968,10.442949564855006,1.6920302069303612,-5.303368296747929,-2.816684720735883,4.805559909433218,2.8123288126223165,10.310452294604136,6.980897340573899,-6.070856870122567,5.906876622557655,2.407675222703918,-1.651234924104809,8.145377755882318,-12.710195454888,4.441211401305023,1.6238677423178929,7.379221640576308,6.328332628071311,6.519582522919083,1.7645439646130359,6.552497895039659,1.86514687181284,-7.729052067493372,-5.963282054810782,11.396598880890918,-5.875995463777002,-4.184444275273418,-3.312392185338929,-4.070833734629778,6.552555485886393,-5.846430797366001,1.023074273855074,-3.3234785373454283,3.310829989155642,-6.576436535532259,-6.293442025913676,3.2409641292894635,2.608183999334781,-2.415811046311405,2.7066529450672205,-1.6477511127956046,5.0
-0.7096266311582037,76.81539196405433,-11.116780243753439,20.912763942438588,0.15693499931249397,12.400520945207683,-5.251961573619027,-6.779052659600514,3.175268433837405,-4.977868470929725,1.6171807866406165,2.567013158387857,7.011177036057343,-12.709593083303858,10.81319589855015,5.088067572301011,2.4528982575747174,7.277257802070934,7.693910248315507,15.18898151274662,3.583303361576255,1.5532435209989448,11.767345829297064,-0.4468392338933018,-1.037630002752842,-0.7797153009548591,0.3305034244539246,-1.3593322377573818,-2.148387049431184,7.648456705342158,-0.46208152374988387,0.3632697784058195,2.4856215878756776,-0.13335909243023933,6.015399735529458,-0.8606833098377045,1.1233781563374574,-1.3612539639864025,-2.5407151892261557,-2.1096839187699037,4.1794723433799,0.5509432613560585,3.1629565229628387,-4.381490173353871,-3.3463934200013257,-2.7015831209151684,0.48456052628220087,-3.4015493581273986,2.8105100806303094,-0.6155223308740639,3.0
28.82631318329336,18.322170255865213,2.413466324539505,10.024421852456419,-16.527747364224833,-1.2935291868252636,-11.615972980213233,16.328270221926246,16.05402130675835,-1.5004491558576096,-4.924321056458589,-1.5710207560832914,1.0560088170356245,-0.8272399588731945,-8.593104658110894,-6.229840308951041,9.822381351704056,-5.6704070649087015,-5.398931941017858,-7.726578090197197,-1.905148120279986,-6.349818120029761,3.914788642146306,4.0262256157794845,3.7839257324467286,-5.833421446403079,3.2792628181046206,0.0009091165784823309,-2.863865157512331,-2.906631880161763,0.6676441410367084,-2.0536490579917865,3.589412876864097,-1.1347328659047144,0.23190697675962765,-0.5860025878945111,-1.7969993580012278,4.7472940479197,3.1911598166754813,-2.355949537961838,0.11985782106801583,-2.7381740717126495,0.25201167456025386,-2.180960553840208,-0.42651034290973466,0.9007972546746723,-1.9103285995101396,-0.6484183629539513,-1.3711491737582662,1.247555314163523,1.0
-73.65242898811195,8.982504989144818,6.935461550214692,-9.16561294810563,6.793778606786279,23.918639378149564,-7.025187801293622,-13.791964768533818,12.7679365972783,2.977226465894566,13.493354883154089,-0.65803054612492,9.598640028352241,-6.409047015811851,-3.1272860321364853,-15.248951537620464,7.400044128036139,-0.8596637998421934,7.561615545073948,-19.02283917988057,-8.96401428590983,8.379825367745473,7.2702323451313715,2.73460273640975,10.598402975578352,7.081146618251377,9.978604694382158,1.9127413342711337,0.8034979618961462,-10.43637215955334,-6.567681330070087,3.6266250854966082,-3.0108185570728816,-1.6297314185527905,3.161695870970603,3.1943800959864364,-1.597325383411895,-3.22336674796992,8.919761320454114,4.3178488079529975,-3.2124214746593562,5.480288744030901,-1.0831310980852438,-0.8499981699103378,3.119612624858601,-9.599900289628042,-7.437641590022426,-5.431873836247584,6.276161856653829,6.3361937914995,4.0
-24.179768825862816,-29.49845029772056,-13.03278658472793,15.078337912646274,2.4771339490652906,0.9268417420092376,-1.8834133814329195,-23.243084999926978,16.478835367322212,-14.103224710100061,4.762801845415175,-2.6818286901424404,-5.907079649570346,8.079399972013958,2.7622342180048567,-4.946167876993744,3.708954317199572,-9.005578853989727,0.9656387335380481,7.1258538306140995,-2.3968767846190357,-0.967982146112007,2.4165842266286255,-2.264423084209905,-1.9550537583694003,-1.0932813909426982,4.617015207982438,6.7309055173949535,-4.403663215576912,-1.827420235095781,-5.1282944960557595,-8.778845734007012,-0.9185956489575006,-1.1043273679559753,-2.387453676478504,-6.924251576629679,-5.8641981380011226,5.438679251694802,-2.075491263090865,3.4283123468962287,4.131823474299634,1.4539925035138326,1.738166913663082,3.6766410010547297,-6.0456587334255785,2.3150615111287234,2.0542003105891564,2.9032717500700898,-1.480149679030601,2.7458873160941986,5.0
9.220983439803318,-18.019612723656582,0.40908132586878126,0.10657702375793515,14.482013750046603,-24.856863876918794,15.04899140813539,-2.013977144879838,-3.8156474839991184,-5.256497957166595,-5.663651401939665,0.6177089118748924,-8.674939554027926,0.520215021095599,-9.43878750164773,1.1833665939330436,4.3024773818679,8.585375256413652,-0.32977465572567133,1.255284498517516,12.664435066992445,-5.083865981662942,0.36300752044911755,1.8754857328351286,-0.1339718748133255,-0.33349080993074415,-3.2430392328453523,-5.233105209323464,-4.761174307942693,-5.190040832915305,3.53042971382864,7.247103748413853,-5.507396708278652,-5.816797261697036,-4.054755142244921,0.9397762409571875,-1.4538706438037516,-0.0525912174659251,-0.6653598025022476,-5.119765828416928,1.0326725648534363,-2.7798578614623892,5.504423036003716,-5.676765271768817,-1.7673714860914551,-4.441832737981311,-3.1706479388236692,2.339253754615685,-0.31724507390334833,0.06572501538297526,2.0
21.308865782410905,-28.499560272595676,25.754630325971185,-11.66157545558406,-1.732826024686365,-2.197336200869777,3.5766896705674065,-1.691993006390961,-3.0364319150366326,0.2754871640443249,-4.779910543772653,-4.61273739057014,4.952241833647941,0.39559832704442527,-0.8666150200327027,4.993950162773123,2.9142457086598275,-0.5825335584013354,2.3766774576820775,-2.584641791569506,-0.4693711009842639,3.6413344547962527,-2.6696257844590194,-6.344451237234274,-7.775191892654997,-0.6578605715421204,-2.286675620784207,-1.7048440780861638,2.3499699740345084,2.803667081303421,2.9615074208879855,-3.062251103867467,-1.5037615920239764,0.2717717502659332,2.6174306443670656,-6.562189747746104,0.28727095165411304,1.6134831510674446,-1.803611946002037,-1.7835885494611796,1.7224555322541453,-0.9047084211355897,-2.9535478858304955,1.6053155468402045,-0.2169469814062697,-0.5111322714910335,2.3576564310042127,-1.5075716111303994,1.2941140572264969,0.8039192715933808,2.0
-29.33708683323295,45.133425931422394,-28.650357192957753,10.256749296283495,-5.997825380067047,-8.624746119293405,0.38320434229283845,18.413760715144658,-4.0472002983169,12.215945127582998,-1.322017018311382,-5.360448856368446,15.143396146657198,-1.2929508432224748,9.212227821231258,5.870214127029934,4.930722958677982,-1.9527147584903388,-2.9201951716832935,-0.998292982097943,-9.589779224603886,-3.2075808266357058,-0.20183929307523218,3.2577679914111983,-2.5715065918622604,2.5873658013894203,-0.3854393182925384,-1.3232890253226968,3.1720937660039126,6.425697563825687,1.0576086060385657,-3.0729848007390936,-3.6762319204831417,-4.287127979243129,-0.3786755990948629,1.7825238392738632,0.19110235903472914,-5.2114516862019205,-2.20771963707287,2.5792604745613326,-0.440332341209779,3.5180029589742565,-1.0590067958855103,2.0189318346880567,0.37284356246377387,0.8709730209828385,-2.3630583390230466,-2.8236775234029685,-0.8863848199940163,-2.2218569215916024,3.0
-28.99426538931894,-30.573675544135348,-22.659431097448365,-9.433888286359535,25.39869980309399,-7.599573396314015,-22.573498772001926,-7.081153666752929,6.821230583297464,3.152841247427294,-10.341484574618818,-8.648429561211131,13.981197007182786,-8.252299569061165,-9.70889759256631,-11.679917802596895,-11.689303607472807,-4.351909854447131,3.327832885665019,0.6881973604467808,4.923693122848581,-2.520452962304016,1.346200124737971,8.307644991818755,-7.286612926556601,10.324039711211784,-3.613242587329505,-13.210433826578981,-0.40856645377912515,7.011550812636587,6.1186071350045275,-14.335192936411998,-1.514733555702414,-5.121627456288449,10.667269909907501,-1.3070524942670585,1.397667853146409,-0.340283352758872,5.37737356200794,3.119335256954763,-10.381131788048199,-1.5498192061511906,-10.076608267749227,-2.940291006069283,-6.914426716972621,-4.290092825742778,-6.382900109376376,1.240333904197622,-6.2110653684557136,-2.7241963968430984,5.0
22.23838280993261,-20.660474325689734,21.129549453807815,-1.6890940696318764,-12.284407627235902,1.589142377669445,3.8770618739401694,15.151955522766464,-9.215646430491583,-5.424051059835471,-1.9335705462145065,-0.973231941754406,8.86949940559462,0.30745152959572025,-4.275516093640372,-2.304066288024442,4.182273039279994,1.5721122613551934,2.5596124083089804,4.1975110525623425,1.0931030070213885,-1.9236561652071449,0.5545431696241684,3.248268980318761,-3.4485046525922103,-1.369409108743299,0.3998403574158513,2.230832900594077,-0.53875620448402,-1.3957756665722005,-1.0797027005553104,-1.9878881154254016,-3.154085529495676,1.0332156571904438,4.645264108932416,-2.1751822842962887,1.2656156034049628,0.8923478276782388,-0.9258000071500921,-1.4489761682089872,1.1036283017941504,-4.568727687441945,-0.11343141546696794,0.38724534412931294,1.157347820160068,-0.2917155786272221,2.8550153715134643,0.7446797437165094,1.7310727296091577,1.44869184470121,2.0
11.976943878432042,11.80404812740518,24.062966624871308,-14.938908052490367,1.2852651750823376,-10.463106477657712,-5.309708938944167,9.706651484752454,5.302286430453275,-2.0984271824049894,2.066075342371406,-3.0247948354462437,-0.5893354624388392,-4.037909634084678,7.006969917560944,0.5938451608718764,-1.17338661706829,-0.8588743066103458,-0.3581642251988777,-6.760038915510344,-3.369208933293345,-0.2402207261315278,-0.8885326375334683,0.030490644968378434,-2.1929960322677737,0.3900620121216105,-3.555171155465852,3.9216188000129804,0.5816685201710955,-0.24274311704584267,-0.5010331014412293,-8.256993729879612,1.5971363702055987,2.5880026809590255,5.637907909471542,-0.22232064863498716,5.09368008771469,5.029148971976863,-2.7096934396025123,0.4839263508565389,0.07147490832874512,-1.772182550392484,-1.0314683249005232,-0.2850502679534529,-1.6246929198854183,-3.8410499503362776,3.371012543538092,-1.5865468626516486,-0.891460100836871,-0.8915662818405885,5.0
61.69162535802918,-1.5381332884503789,-5.049621619451424,12.589087317563479,-12.341434916217752,14.47502786329482,-19.97123097314922,-5.432293353869491,11.350343992724081,-0.06020605606051131,0.13767436460393995,3.795340215402398,6.530380731781507,-1.5683908913937215,9.86911367439035,-5.131484047328167,-3.184338314609395,9.993857632504326,10.651562969281471,-0.3103583868635896,4.941253986980003,13.816670037711784,-7.088978657067394,-1.6068819958731055,-8.365881436998409,-0.904458856633028,5.085148894382641,0.4731874368521337,-1.136238881296358,2.4345213529238867,0.5747398265654918,5.284052091847333,6.220320820683368,0.6282291785330214,-4.716030941046593,6.128894631196626,-0.8923771035375334,-0.7197532563476953,-2.890609776395787,-9.291799192289433,0.11209989215161384,-8.172661715416536,-2.0155089795657934,1.7612334952554833,-2.5096965442054517,-2.739253284456764,-6.127626921133135,-0.8518956511087837,-1.9452583943591732,-4.894445261229601,2.0
-28.48330409224231,-32.63664787707137,-1.8731456976899274,14.377720398586034,8.558010693258874,-11.457446182627036,-2.5432580221247303,6.582456215910242,6.50178447792579,4.675968622639771,-5.389286285163397,-6.86749004754855,0.5945010695366815,-2.2214559902250057,-0.053445673398137064,0.15430974652487273,-2.3180792653404234,-3.794116935643538,1.304647784536857,0.13643492809622937,1.8269964405233219,0.4140980890398759,1.2355160518392985,-1.5297438180595295,-0.6000765211878702,1.672984746258183,-1.3056402646457461,-1.0370134507968487,-1.7953338996836492,-6.245383805872131,0.9194707370989766,2.7008943542001043,-1.1944143653863881,-0.47804760053216616,0.8959629831001865,4.910995393424714,1.922614591149471,-1.596271603201932,1.1697661266241777,-1.3198718976047876,-2.5427648567220347,2.0104289010539786,1.6398923456982988,2.2141187559884834,-1.0338686009591616,0.9412183686552258,3.0713898636759387,0.6242592503996098,1.8720694315549269,-2.3076055607096753,4.0
-21.554470962111782,-11.722301109749532,17.54513477874574,5.166673799557111,10.043481822891188,-9.546831758777474,10.806969799740978,-0.3056121376340292,-3.8285308928921458,3.4900548619068696,-0.771590290429214,0.8065140791119682,4.290518845938889,-17.47752696084282,-7.701368450422242,7.957707277416185,-3.450915033189486,6.426758146992116,-1.6217654825231855,-4.661893246625125,5.571601662973382,-4.975903600864214,-4.477024084586795,-5.657156840176304,0.9508890129408797,2.977824245704742,-3.118932195483626,2.310838018184613,3.1956472647522887,-4.953875804102609,-4.877286373039665,1.1538553607614908,-3.342553362228729,0.1351052435116712,-1.50018683056224,0.9867772330154183,-3.3573034672100253,1.8621906008598446,0.2542454871702623,0.733404139131484,-3.152305938161664,-1.2392273926078767,0.7528885581354613,3.010007367359698,-3.72183596007527,-2.7625748405615287,3.728138213652254,0.4896082592266857,1.2875917607545304,0.855678844732864,1.0
2.8096508043406576,30.03201300190369,-23.880538949747624,-33.93961852307672,3.959804323257806,-10.743711363123856,9.890858330878949,-4.290365997025685,-0.1313956813264821,2.736978550372297,-1.8759477583764617,11.867451034775838,-8.582773237564743,-5.474951128756661,0.5700832698944226,-7.111585962522998,13.107935603102966,-7.795193058091064,-8.383910186817028,-0.41996625888602035,7.820902952553665,-2.2213866576119763,-2.7154149423042897,0.2788758199763753,3.3949825835796084,11.20062436418986,7.977657833617092,8.102497294921612,4.101667110388655,2.8974146964973664,-4.343476193257222,3.817593034591475,1.1199280666417393,-0.10186392230433158,-1.1126912632327788,1.5820309598779676,2.859393727057613,3.193754998626923,10.515610006211354,-1.221225449111983,-5.1842608809165975,-7.481447179235112,-10.260239452110891,-1.837088303300015,2.7459916830108297,-1.770041621381352,-3.384974849149643,-4.823384203041951,-2.723654045047247,0.12497076556549441,5.0
18.97250013178392,-35.83326674662955,0.6062591445513211,7.407896609700654,-6.580295929117998,-5.045879782842205,0.2511773946493297,4.9213116922367774,-11.356424920122356,11.292581191606166,-5.633828495000425,-6.19464512406373,3.739968961620012,2.320458227145735,-3.3205462440736633,6.401423045907423,-2.1924641235878415,1.3269022348970283,-1.023371797676541,0.2756712722204893,-4.6859311972821205,-2.7049066914875284,10.019351272884487,1.574728433536237,-0.14488590350819727,-1.953345132208448,2.8939556502437735,-0.05051505969308202,0.5899894229043615,-2.5508538199994955,-0.99334157285374,-1.8573761949975738,-1.7761906432197538,-2.7834623584448615,1.6709931459101082,0.6930227353923526,-1.346993154886841,1.9913761342791678,-3.3106540947083904,1.1966644602712575,0.9723020609870745,0.2401130711667123,0.697683731972078,1.188491617194362,0.4902178777082673,0.21017664672945915,1.7553435582932575,-3.7665002323559524,-1.0789672548504128,1.7274165359202098,2.0
-15.710817083286639,16.80775977694013,-6.159852062758205,19.038179873692822,-6.828727881244838,-2.7774219447781583,11.936230970615123,-4.332345104053899,5.550273275793474,8.106770879561068,4.895859698111015,7.24382163314227,-4.94294196661768,-0.1775043265800116,-8.477397788939612,-3.0700707683694954,-4.482705240830335,8.960170436130994,0.7098623763492768,-2.431079557926392,-4.298833078798354,-4.05619848183342,-8.500638435099269,-5.156071349510326,-1.0690662016973356,-3.0498376675918832,-5.167369320428704,2.6890346783576344,3.820646888556071,2.1677186800924417,-4.440806325069362,3.9015237276890007,3.50652276502366,2.2059679044181064,-7.416146515136606,3.0552021952993944,-1.1691339957806932,2.03543344890709,-4.685387400039473,0.13747853286475584,-0.43300847005014587,-0.6705579163962622,-2.069510205557198,2.7922781693913534,-0.14547071170298292,1.9989431922574206,-1.149588327700972,-0.2102709312692377,2.4695606455921237,0.059890055751356024,2.0
-40.5717256002596,-17.54786815135307,-32.661612583331156,0.9782201345062551,16.542023558706116,-2.0190075145225195,-12.445107557242087,-6.95505474800472,3.2539358851783913,-5.832860156148651,-0.3477967534551868,-7.051913288436396,11.059391702782051,-0.3635730643858312,-1.5367994717257976,-4.323940925389076,-6.534225887813209,-7.188311526960605,0.9088782015872939,1.3319616372737675,10.467892190681797,-2.1181249165116545,-3.998116687709798,4.736578339180092,-2.0011170693234677,3.676299764671195,-2.3207121431888234,-6.95669450723887,-0.9010400450103466,-5.946622624912094,-2.5967023776870817,-3.563936930360364,7.160240486041561,-1.6967895574732939,11.931819325203982,-0.9783637044456083,6.221714757257738,8.459600948373714,0.5876793896833162,-5.728187289604531,-7.386624530987263,6.286672125436436,0.7636757912446929,3.6701516370505165,-0.07054307476902139,-7.491192919399058,-4.393533585576583,1.803451358721421,-10.294678929562577,-5.19751853793159,5.0
14.587568407595358,-17.906801074327397,12.901804015064492,13.371279742224077,1.2337960012611855,-5.038185236018281,-11.560077472921607,0.29902575162471956,2.2333654871004827,-2.099509546024988,-6.457904407427248,2.0433375915971923,-6.482280457612444,-2.7953122164952826,4.7152882691871945,-1.6095357884480128,0.3455308111546439,-11.625569559770412,-4.254087829001072,1.9772675049670776,2.1034098993372483,-2.0906733491771115,0.6888011032595834,-5.086013636165148,2.577652164022928,-0.7928102924784791,0.7950793983007787,-3.7604757585404656,4.65370944099995,-0.15532591391102973,2.1227898392725892,5.746217113408257,-1.22320789879631,2.540210615854204,-3.8305863261559643,-1.9367463065888708,-1.3293887169552434,-1.1584588176120678,1.0643643884657128,-3.296235343921966,0.4642995251534878,-1.3285011223566168,-0.7832029197279347,-0.2877397108337139,0.8290092423780812,-1.3010726338729093,1.9350156086073957,0.0541561462472875,-1.031717168589548,0.36236542569726604,1.0
-31.490940724673973,-3.8211050435552183,18.441723634173318,-3.454849459119386,-4.712125688587552,11.116180664371786,12.904337709639233,-5.007299852485019,-0.5749838287345517,-4.177020557997846,-6.986479387148183,0.4301821213010294,6.8215020125933945,7.682957252508454,5.956030108871488,1.3919574182703718,-12.552234432481052,-1.6844200576801962,-2.077197725080086,-11.133959589855863,9.926819250415933,-7.733484182130064,4.98503872496971,7.067789110453449,-6.057736621581788,-0.8568066349012999,-1.141787021223177,-4.779034869600726,-0.6178324644357883,-9.80099625495732,3.714944138599056,1.0901707019848659,13.309022573946294,-0.5002155570168024,-0.04191637924336218,6.495861016910859,-4.699575975392626,-7.860428514130169,-3.4257949554505287,3.308033164987119,-5.827994678405676,7.179886323951001,1.5484714695159614,4.444582445753247,-5.396739670090505,-2.066911573335868,0.3537593454546439,-3.523437046258542,-2.2030676568563266,-1.5017551823859443,5.0
-28.173818872623258,-12.934131022358523,4.3422596223976155,5.159172904342053,-3.402891315112802,12.930758138017792,-6.4751112961803745,-17.273927930229377,6.885597457579207,-4.995029290310088,9.645917050103183,-6.438373605025366,-9.12523628017756,6.238085536584723,-4.698006401525563,-0.15122120570187308,11.23389286697423,7.763970605125716,4.6036155519142925,-4.8053622712600745,-10.434325350458336,9.042747127320675,1.1537292461434483,4.66073760230471,0.32709099036137335,0.3081957435201901,3.7217610812572146,3.1590619839807634,1.3045612767588797,5.512590136037979,-7.613980345542814,-2.0061595317551455,-1.9471655433143693,3.3184217215846386,-0.07322911199252805,-0.3540825215958098,-3.9077474034815274,4.203776268355469,-0.0200388462705806,7.2584058784705485,-1.1931146775067227,3.1488635293244753,-1.8226764503519384,-2.907684149346976,-4.90165284440639,4.314174069463905,-1.346183946703776,-4.0451470955000115,3.8455230287689,3.518960856072616,4.0
-28.967743978685814,23.953427509711577,9.26980013261017,-12.628078935242833,-0.5449567520840237,6.0378763676524905,7.289859646661756,-7.54196448217486,4.297310876733554,1.2431165362476755,-10.13399917220611,8.0347424613808,-1.132447475608964,12.142375858730093,-22.18450220236411,2.4322086883914076,-0.2440883711658137,12.613016971592202,8.992107522588181,-1.296376146181126,10.44146086963422,5.921088331032356,5.753916099920294,0.877971293963262,-0.2386829173255923,7.460680624972824,-0.033905811597623896,7.6303155957125925,9.13791023280595,0.7309789700499734,-7.208184971530127,-1.2033357178878143,5.110729754560478,-6.877062365662373,0.5909177021037011,-0.3094397570062113,5.0525552230563315,-2.265011247360445,-0.7606345919789943,1.2734940904570249,6.213458284022447,-0.9120757449932441,-6.366492433043875,2.252375418460486,-1.407889835632912,3.315944751471756,-0.41177505523952346,-0.5027905147246998,3.7844199174150552,-0.32503678823213555,3.0
0.4902656927749989,-26.533696820064918,-9.476502348092456,6.5841758191332485,11.905743083886017,-11.06882475723257,11.235145585331507,-13.728069275924451,2.2095225065424424,-9.792855374681015,-3.723730072272908,6.367365469445427,3.3893119781677776,7.104686018885622,0.5187957557531636,3.1074160137253135,1.1209939525423498,-0.5650941356632528,12.447287481051879,1.381984807756555,-3.8148875540308755,-3.3457076601138436,1.1912156816803308,-2.7010123826503944,8.274173684801571,-14.165057006870702,3.5613177905032596,-5.401009506309206,-3.8722623542658883,-6.851386333746465,2.3875062615037033,3.4256371636491254,2.0044383189246697,-0.5631614414551271,7.866825366271349,-2.1758728609308804,-5.609638116503985,0.7306998842902995,-3.8485235901705934,1.842272653441095,-3.3298509209326683,2.9920932764718216,4.033610469272519,5.922604599925512,0.3128449509782018,0.8582970013959372,3.0423720275829096,0.2850184834753234,1.9370711082545884,-2.8063244281579873,5.0
14.470683371885384,-1.4162270065196274,-22.740533719138266,-11.316019226115166,-2.145378121348787,-5.998560673933134,1.9382881298466452,-11.956854325254042,19.256186823601404,5.672641770981454,-14.603962277589222,11.388294688512655,7.798786790503134,-3.554916958263326,13.067126444928027,2.4448657704350927,3.458929581285143,0.6668755570061985,7.841131948053394,-2.638694559146166,-5.78007350043956,-0.39504919747096967,-8.70330827593567,3.1834974442197814,3.85512717478818,-4.160248720589574,-0.39963772545464815,4.4479874220543545,8.400104221541513,-4.7251609952143205,1.8674659601491421,1.692956546222361,6.174114901210619,2.157416111056139,9.051331356176387,1.3347553380129198,3.118742902619517,-0.6635227459920506,-4.665486528554319,1.469261478253072,1.7896666037670341,0.1640400676070834,2.32937413981473,6.746512422174791,0.34025540056167985,1.9870878153236435,0.013314144694876727,-2.3456167344502914,2.0777199547577836,1.3746147197298484,5.0
-1.0328586452031092,85.78101118205448,-11.865957105769393,13.065945778772807,-14.280856909699246,-0.48240151210709403,3.459772500561246,-4.174181591312467,-7.309357180049453,-1.7266255780407669,0.0702551996901261,-14.236564738609983,6.696910602502517,-5.6134135809579195,-1.7057712133150797,2.690852165232288,-3.2752536546066446,1.590834836416442,2.368615031135438,5.0506891109195005,1.5166808704444472,2.849450246688457,11.152308597131624,-8.002823837174406,-2.967043733494807,-6.152758127933384,5.099045728935456,-1.673281159256018,-0.2964365365742606,1.7906733872240725,0.5919943137950365,-2.8782592651993215,-1.134958336608752,2.6350921082170986,1.9955822871630338,2.620268463158351,-1.3990548165295194,1.0243712337285609,1.1257415623961395,-1.0315752045303348,1.8960602214439095,1.1132745696749724,1.8493387244898336,2.0612473899860464,-1.5025849513916738,1.7095445911505995,2.9766949906055284,-1.4835934901432124,-2.9573233942510826,-2.257071539886899,3.0
-15.569123441022368,-7.181190449531755,-22.7992130240745,-0.12216936919707438,-8.710995904923985,-5.003336372062887,7.22216955031776,2.728322523722142,1.4725794053633718,5.362028401357278,4.258019226315771,5.785425096311152,-3.393750294222985,1.67914363925231,3.343498510245044,-0.3083821523450553,1.5571934433903893,-6.781749419188683,-1.2285397324416423,4.095626339172676,-6.992338981154234,-3.0447034025536164,-5.567603688394977,-0.3814279049093626,2.1388339213079863,6.989103367590513,0.7436726968692443,2.0744359113043243,-0.5902627883622562,-1.9737638764624104,-1.3820600015820153,2.2663540795304864,6.773286048352267,4.2454566148266295,10.870408977775758,2.0243792891758337,1.4612188823868921,1.0574643222589544,3.980054743248328,0.5705281933127422,-4.816322840972488,3.3617056980906197,-0.3826167425371977,0.690831896171927,-1.2079290888563334,2.798609480615714,-2.96884767890172,8.24036241335205,3.163844015302601,1.197727384770285,5.0
-58.49364890614075,56.131489357574864,-26.31790848396984,9.767229243728986,11.466549708454478,-5.975984293397727,-1.6169587901541107,12.928937901159863,5.932173279060022,3.597161590122314,12.11564605347161,0.6705568562238776,1.79861496758302,4.933324537856347,10.0804489806954,-7.246745019926196,18.545256489287592,10.406810176292744,6.02230779135044,-2.5036145530658467,0.3601097282080542,-2.566833782611987,6.4967722482388135,-11.649509350960379,-10.23779855486334,3.3134621876824006,5.167890327173461,-4.6310180244596495,4.862256571644467,9.198704024374258,-0.42875355557984,-0.47134592940106546,6.4285326364593045,5.19628824847808,-6.073154867326059,0.4634673054556756,-7.896879613148337,-9.448320734331164,0.9422694450680164,0.812047813806549,-1.9316288776639314,-3.4567310216900173,2.35656196947072,2.4248503429234884,2.211405763923778,1.4038489360158564,6.881659248394522,5.126887972604581,-0.14688118808503986,6.476849672658087,2.0
-15.970420121356854,-44.85080194884748,-14.558983128235269,-16.254467187310045,20.57976927145342,-4.786564367829653,-14.262859938536709,-0.40920310961648465,-2.372585234217227,11.384916157358884,-10.283266278108462,-15.798690691272467,20.40446591541253,-6.773417031900016,-1.6407047610261292,-17.855519535378882,-8.739333878198508,-1.083672399419188,-3.33241381980042,0.23276840005341382,4.238365603725314,-9.321813012237502,11.347906145844046,1.2559203626250042,-3.1573404871026614,9.317971407848992,0.23938577336769706,-11.688797634006338,1.3466235919656735,-0.7257041316713939,6.146010035247076,4.112711306176454,1.729961897825826,-7.544504278825324,-3.3894831574767137,-0.081917554711187,3.4058683439063335,-2.7785594994485914,-3.779129836699176,-0.9827006697335766,1.1047879790030743,0.1467076837462955,-2.8722822624535445,-5.671013484967596,0.08267497823382373,2.615200529396411,-3.842062966160216,-4.358328129175086,-6.994305105538657,0.9321866674255682,4.0
2.638201386787829,16.28849948678049,2.9588767088313763,-0.6223148220111393,-23.741335066772287,8.86403859243807,-6.418142295025737,0.9632694980997136,-7.824127251221661,0.035008848280579076,-4.7317025260673145,-16.313533083988105,-0.9899124731167446,1.4777087429094624,-0.5516318781612438,4.69990261638316,-5.086757245651064,3.380031815071858,-0.17052394167671292,-0.9230776246536062,-7.1570694915349184,4.678434781719895,-5.058873970231763,4.324630238788503,0.9500488518866917,1.2372335990932941,0.28113985644248907,0.6210819732923186,-0.8906479286912505,-1.234456879711954,0.66425171521215,0.01360217034224716,-0.45716051314906175,2.0456384030615093,-2.369212550054971,-1.0348327835745663,1.2405096541941762,-1.8148816695148826,-1.3488629503026914,-3.1539569865416874,2.772740971521,-0.887110812834333,-0.20947272460047242,-1.6936862108398107,-0.7830038607350425,0.4642755314072703,-2.905854640249998,1.4585278570748088,1.3356950307740163,2.452362178870589,2.0
5.162145908949515,-5.6260852112323745,-18.061211821436316,-2.4434011071576496,-2.6979592340411824,2.12646169081229,0.7072670540287376,-18.333372627617162,12.020427991520302,-1.2839269406242755,-10.97127466855461,4.119775068046614,13.837784661942631,-2.865990374201645,6.328378210774463,-4.675768140205228,-11.358211830410278,7.592946926480822,16.699879279560314,-0.8557501928234338,-8.369936886456836,2.014928539979235,-14.79395785043914,1.8633485668352587,-1.1274431403848488,-9.380093044098725,1.1968526581584216,0.4775595781031232,1.949017353191924,0.20582165322419282,9.013270386539977,5.4678213434723215,-0.6784738265640724,7.838022733357614,5.360451598214914,0.2869718829075136,2.0585662632452664,-2.6901395878376233,-0.35246297548118644,-1.142970850442064,3.5484457896537784,-5.6579830104553945,-1.3108250779595223,-0.7978853119211196,-1.3170331240354765,-2.927951998813081,-1.9276930687020681,7.34408914354393,-2.076829865776092,-0.6370747911341946,5.0
4.224406837607103,9.220325910612226,-22.095862156541198,-15.82504671184028,6.864801609913613,-9.212629960655265,2.547974844741629,-1.4753477102240347,-6.244362216583499,-8.689622208197294,-0.22323980680398348,9.532427249522362,4.383968931648569,-0.9006467421268032,-5.479709157488107,1.1512792885571947,10.37759366326086,-2.2162742519100664,-1.5662201362857395,0.061636902490858334,-11.539279003664431,-5.738312893760139,-3.6792691093318646,5.419971901329013,2.322691748715347,2.991487680578866,1.4698837210319173,-4.492968869860986,-2.645392068629071,3.730183817413222,1.1677348859661318,3.311772098117518,-1.0028748412006072,2.5959330360484603,2.326779148422424,2.592431142806714,0.664792323000544,1.8318172244082465,1.5490446619904432,3.4156563340638,3.3065095806212526,-1.4303440509687337,1.06482879070424,1.004246280623177,0.4361357311101224,-1.7581093789774351,-2.745350473046506,-0.3616323608555121,-1.0277822580817986,-0.728599681840251,5.0
-0.6749304214993996,-5.394698663642308,-35.73672524060195,-12.519111166468678,6.613857825163627,-4.065599995476845,-9.238241857549411,3.3224488851110943,-9.548248515784351,-9.366256445142145,-0.24519100921679632,12.973704117262471,3.393244824962577,7.405351861192382,11.683816059655207,4.785647449367131,3.7039178348852695,1.0385289703540583,4.800766119356126,-4.366689156202546,-7.506820390748495,-7.978895277530942,-6.538756164788399,-1.180808046495594,-2.001715295141076,1.5975875364378351,5.449763113939193,1.9737788431236625,12.19868070141716,3.195213760836876,3.099783432421359,-3.518936807133108,1.915708430030233,-4.068879553006906,-3.806037610850227,-4.406602065227922,4.45497867913993,-1.7116597522136598,2.818287957323064,4.428425395669174,2.6400979743299553,1.4384797217659722,5.8022863854027475,3.2817883885145243,-2.345632863967152,3.453601193979607,-0.5894932772856816,-0.05865532552807424,4.71355427277306,-0.016653502666475646,4.0
-3.716726769827527,-36.327597394460454,-5.6249270388423165,2.3210657478242753,11.01129030685472,-22.966121037485507,-3.0682178309931296,9.058597216284445,1.335317161014142,-8.889637948158565,5.423732907086932,-5.788544659225942,-0.0721223736137435,-0.8403859879281054,8.67433195139673,3.4536069516939167,-4.28986301545495,7.973551170080531,3.2614201787356762,1.698163078165427,2.4898813829765882,7.998070210295275,1.1164750723551693,-2.6315906309436445,-1.5637828683049106,-1.528743998352984,-0.08690518574000405,5.061249916750057,3.1247242702863467,0.2659439909743333,-1.0183677737517998,-4.197132585166682,-0.22778444327873026,2.069312026491092,2.445698542601198,0.4134516557160728,-2.1154823188995087,-0.1559659336378094,3.8013725154479636,0.7249885445373647,2.3062038997628003,-2.2401221859283473,1.3089172915345912,-0.9673789269450346,0.10499597310407197,-0.11251290426416974,4.54612933495169,-3.1700762440835613,1.435846985811627,-3.897968406528808,2.0
7.5517968039550025,-0.8108161480392114,18.077850229805613,28.918915510739758,-7.197610938996572,11.297118439422459,-5.82466835969246,-13.113404342705023,-7.689341526548418,-8.606734185258409,7.067806486985129,-1.3726964868937077,-8.0304367419808,-6.236736228528278,9.350571175276203,8.827630959778388,-7.616378351761779,-14.00018907215096,-0.8066908521685517,6.435237008830562,6.718724913918559,2.8554991854114733,-0.07704519670850211,-6.835272554548706,5.436801766645323,4.287434975957632,-5.620141031344594,-3.3340693460352124,-0.3828142772282926,-2.210448497511068,2.542778457204984,1.868766798942065,5.33584913186044,0.423503052325768,0.255203312391475,-5.449151384350807,2.286122504648444,0.18662495373324833,-0.47840902520389417,-0.8934841745710694,0.8418448555906927,2.9275279773818377,-0.43614288074802054,0.19486919213590403,5.0528620811184775,1.500420896084724,-0.018658222631343268,-0.5541682187777366,2.013372123465955,0.9438113290303086,4.0
49.56569331386707,-1.9445758901482908,-6.228737987102176,27.96441151318959,-11.045871943161133,26.876315692129197,-10.171938836881832,-4.618221791238909,15.547071168214181,22.614057135294196,5.452686551264552,11.986559765849355,10.562447959458842,0.9710002555486171,9.568582459113014,-11.59732231825909,-12.746578915655622,6.358898177901237,6.472539742216989,-3.896029417942869,1.200959947810994,12.65315982472238,-9.710242223674419,-5.823634618386367,-7.887787795622183,2.388590664179819,7.785180440275804,-3.7291069658300695,3.0864461361995676,-0.588937936236488,-0.18513982620926367,7.015148027428046,-4.500235415998119,3.980650937090732,0.0838502258416884,3.403721066197703,-2.64632634141045,4.052761230684625,-0.6176582321844655,-6.201421484686434,-3.043781340239113,-10.019624667252792,0.33256256849790505,2.4311882275871914,-3.576000446495135,-0.4305452953376275,1.4051857103066483,-4.805852611834563,-4.897042749608237,-3.4540688954797174,0.0
-8.802577921919818,12.353222844213633,-17.735787018242114,7.071373956859087,-1.332569855132866,-4.113771090546833,-11.270701591416392,13.671045855259107,1.2870109195983808,-2.9193513146593775,-3.026029437204198,7.270644771242752,2.2534229234381846,6.07554805229385,-2.767604819492316,-3.7803887054948664,-6.461272310132533,0.1038303484698541,-1.4963850426894656,-5.569758129858151,-6.1398720109788005,1.6939070707682096,-4.5789673327766565,-1.6315183180387889,-4.229591985191846,-0.08120516772151078,1.1891718541367384,3.158437362032917,1.8753694450625376,-0.9208548427365834,5.274137720518763,-0.18509835403925345,2.0413574405903825,2.346981131515079,0.2102346187680959,-2.575323423750889,-4.286830691772954,-0.421327430991973,-2.929445632252823,-1.0295459407093865,0.5432736991884431,0.2633411759046237,0.4953608844636922,0.4499447300594399,-0.6566546521958369,-1.0660646390585415,1.5438250983242454,-0.4527511456884006,1.9421956786513412,2.8703217073789062,2.0
-35.33322140761265,14.523256143513759,14.014603214167597,-19.93577040121738,0.8592845277204147,14.18367989989243,7.265032659277017,-13.769449205955652,6.251322926973981,-10.130832027729108,-10.439699751245662,1.2754325259100359,2.392051385575075,12.914793879883879,3.034603337685302,11.553708819885019,-6.169354266807219,-8.439466922964659,5.7458927095184515,-12.533180498957403,10.465288112151763,3.4875177903311942,3.980686810129277,5.49271242680256,-5.297261872254834,8.875831287535377,4.08645266478469,2.165017633351679,-3.706034692917206,5.218451195198473,-8.23616876887622,5.157780085685357,-0.6011115785313316,0.5190683648322744,3.6615226321047194,-1.584380748039174,-4.206541765230132,-8.825726441444479,3.210281658515101,2.349074882733411,-2.989761426573261,-1.5953464906979002,6.829753482472695,-0.9093350832484273,-3.7264064986622127,1.5938868496476928,-0.7104451882037003,0.1371688304210917,1.1694113003238322,6.382731557199503,4.0
-28.498340626852844,9.161682453269464,18.733049501154788,-14.532210451353627,-1.6615310097976572,8.380246572231686,-6.5324335866613685,6.191562650756388,-13.488410829652334,-15.56759871684764,-4.885424911618903,7.3346252809646355,-2.660797368551075,3.4591765825502496,9.127248894625913,-8.996922560608546,-4.372817054610047,-5.221865783531041,-0.29106145372331454,9.91619328788099,7.82864368052064,-4.763431065566085,-5.139282814291737,5.232754492728103,-2.506493780735162,-0.9719065061543725,6.3146010564891375,-2.354459874356424,0.27077214667688293,2.0498364069089354,-3.5171158568022074,-4.210829265218798,2.198540716006222,-4.554914116967189,1.9085308667645162,-3.2203657078110344,-5.204549955538883,-0.18834316940775378,1.2670774933099083,4.635838174749137,-1.1849262609960538,4.5301950018169945,-0.5274865201842276,1.0717372286812492,-0.15327134438204926,7.8028389469740285,1.6204529020043474,2.1155903493482358,6.174919497970322,-7.8578601641839,4.0
-26.478466703411783,-14.67010958717065,10.254543586654657,12.788164926982027,13.08194770900971,-13.584674410404746,-1.7637076096717548,14.614488274810181,-5.125517012391666,-2.089645675917508,2.9587587704325666,-0.921944818875861,-9.272315878108913,-4.404823319686148,2.8104775758487066,1.3231726161729211,2.544627264354772,0.21896620890098176,-3.2936331243879358,-4.291552536788582,3.8075189080956955,5.871304189472878,0.47853902152568495,3.347105905056646,2.218938704848532,-0.7665656857702753,5.280700043894752,-5.170183216021902,-0.6188985905180897,-0.9202958092874174,3.0099260080508725,8.404333299482186,-3.86105574983302,-3.182456156610084,-1.1771577162827673,-2.066902260847993,-3.650747593304612,-0.1212245441363235,3.2399398336242724,-4.422856400430243,3.0227217020907178,-3.109252648434228,0.37591314526363273,-0.2704797197924253,-2.7529653640571388,-1.639222498896988,-0.8404891618993041,4.287633756105923,-4.885675040395063,1.8461106547379567,1.0
-8.163294287797083,-18.830158164151907,16.625229620743422,0.2406879660646425,6.75281041437746,-5.716088535077999,9.240651116732954,-14.644911795753687,-0.42469082499052274,-5.281719870264585,1.2116156414488863,5.455716133107671,-2.3315134715181207,-13.008262894745926,-6.245050015426291,2.251195850331274,6.4193504337821565,0.9969760505055089,0.044547526269377594,7.573925006197695,0.12511425844013094,3.1666654184500427,-8.671854260225452,-3.89201608857608,-3.536989552867314,-1.1811748964652184,0.1616570268550527,0.15398731021342632,3.6420728174172887,-3.508724118955797,3.5047818086908094,-1.7516755777253001,3.732231228229182,-0.203784869740669,-2.2385426813590863,3.279852103989324,-3.2433014087170413,-3.770845998619505,-0.938885262783959,9.776177528214266,-4.238934009529126,-1.4670752847111233,-0.6807739534909492,-0.6929879503482118,-4.017042652906034,5.623451449089969,-3.059591087343499,-2.489530759044658,2.616264111675065,-1.6866962510363153,3.0
-65.12036686332314,27.952237767309576,-32.111028353358115,8.213871163759693,16.669123185125798,-6.007138920047467,0.3707596220928169,-10.24436314162809,-3.943280857197066,12.366942280185892,3.533292387184298,-2.137533492998268,7.457960437364157,3.7881741834442098,1.909787201005278,4.506093306165156,2.5770045548683864,-7.860813972309163,1.9165150007858838,9.274527044559632,6.472401756972234,-1.9898484728811983,11.012003277340899,0.04749048157302517,-7.849114374891496,-7.184490037908906,4.346791309228236,5.620508090625806,-2.8627061161655645,0.5032499925711418,-6.606936460287837,-3.307059553340572,-0.17829436390831963,2.919998710143182,1.2164667033912862,-3.0688231603422307,6.145103386937227,2.8545956449623873,-0.1266080205456006,-4.810536541924249,1.9487971232398824,1.560476279329375,-0.27870901018423555,-2.355901887444084,-0.478526304361522,-2.9672436692436537,-3.604994556156738,1.269724739861629,0.12802957781726265,-5.851609972524273,4.0
4.139850403586148,-4.387381860191409,-14.650386205717123,-28.865475290675302,-28.265991235286695,11.624579917272891,22.567198634902677,0.06610715124774574,-8.089042223717795,-7.883871521477029,12.269335088610203,-3.5044849348992955,-4.909739879088624,-5.808024006155532,3.193745246706946,-17.019669975514496,-1.0040279846314266,1.1401733458212984,-9.121051170370531,-1.9831048925246524,-1.5432056900884625,14.334895104894983,5.762524234153222,-4.840778017404778,3.232872361357957,8.185016507873414,0.634400462797829,-2.5571127847192128,-2.004412946522039,-4.542447269850004,8.20624678750903,1.1816328152323927,-4.332891337711912,3.6938486803283372,3.1012419042380914,-8.779192519448657,-2.859902769061272,-8.514717839245396,-3.437808593290209,3.819871102494778,-2.2116471976707643,-0.7995135099106803,-0.7975451729575124,-2.634913597470185,5.135402149312924,-2.94797483234026,-6.38402363441323,2.4735089154610193,1.0724785485476405,-7.163739814809049,5.0
-13.275908070690164,7.428001332258377,15.135372548928444,1.8521618619135634,-7.601552160666657,1.780865004043352,2.690603224754306,0.8126555893125188,-6.79893323427674,-4.163782600269187,0.5778182018990715,-2.7680662706811683,-1.3983242613375815,-3.8089863584558374,-4.242149396799093,1.1042750658692193,0.5502022212702978,-1.7388185512313168,3.8338940646347517,2.2044695240460603,-5.187415530655241,0.7314924682907822,1.2139799693529434,2.8789535448256127,0.5907475233823103,3.457198467471769,3.2722842412705235,4.54793615152676,1.2361579280998463,-3.6960939675270725,-10.465222979760398,4.043696067488117,1.9050265692166513,-2.645790351327259,-4.2194228071442215,-3.71800793070646,1.4465089177464874,-4.105051241886769,-1.2793063676412813,-3.3156529352421082,-0.8774862301076233,-3.402550883574669,2.290841756332709,-2.916129288963482,-2.005739069191288,-3.3555009770908484,0.164127101157409,1.7342770062335622,-1.293602795150062,1.063937254671441,3.0
35.82265936324777,12.3684132211667,-9.981695496204981,13.004049135480246,-11.283572491027519,13.088603960167626,-20.150726258128945,-0.650569608752856,4.936226384443228,5.898154911932406,3.003421443115288,4.622411034434095,2.2122904470226605,-0.5500527476836372,6.6468040104225325,-2.0798208851656756,-1.171950225230841,10.161408128947858,0.25037115598033394,-2.0287155707549696,-0.3548496265736113,4.241513982240989,-1.704020102178386,0.5267340463985399,-8.863962766018153,1.0109890093477953,-3.9318836592987374,3.976523840104261,-4.622142727040591,4.204225181456821,-0.44275419946068284,9.02532440319243,0.13310234865169823,1.1566093909572341,-0.9376872946259142,2.4167144258851683,4.189860709217785,2.3050491193973013,-0.13466500243847543,-5.222175961459885,-1.5826308684514823,-3.2068835937787803,-1.155513912231174,0.7610617618883991,-2.533701096237043,0.8571310792269797,-3.985862352595123,0.22771145474538115,0.22950303722164195,-3.20075577151396,5.0
-9.161626960488915,-16.674488676072784,0.37771148726804765,-5.159400863278134,-2.687455140741624,-1.107233503602893,11.75651720844095,-8.493881995052698,-7.153887820790691,-3.3650809944391065,3.0739711424695177,4.575821770510268,-3.2636075226086665,-9.58809324561142,-1.0797752135670817,6.735608326977456,-2.036433123882793,6.413529292120698,8.641800720602653,3.3284491154189877,-1.82790804364577,-5.761565660666265,-9.158909924944766,0.057664995187217266,-5.699247042620398,-3.5469659665881013,-2.9112287275495214,0.469343590103126,0.8728056260506976,-5.848004351220481,-3.627779193741509,1.0073379412295111,-3.2091811397338894,0.8410192432792456,4.021027674977693,-2.24694548230074,-6.262230196152444,-2.426997150478377,-0.9050383891053198,-0.8100065045548414,-2.9632260891080304,2.426835165740924,-1.9709041070314792,-3.5427891715430566,0.4597519055093737,-6.321928396348199,-1.3922270520984412,1.5750643986755772,-0.04232435532509292,-1.4027713602932907,3.0
-32.81331434413407,5.101590702543822,32.24231009658027,-16.239489303327325,-5.7496713540160505,4.56809118877506,-6.837367759053858,7.722243991705031,24.304709877258432,11.36776452952648,-7.68775878049605,0.07889536517898428,-5.525085781972002,-6.317703871835428,0.2917032761882899,-1.3641066561320339,-4.84903346392922,-0.42208877172581794,2.779087279420216,3.7212911235770596,-4.803410243457496,0.854471823578357,-8.740160312188578,0.32697079240388444,-3.746020533288831,3.4794477822631884,0.6791781888857383,-3.8707374923058753,6.486525741847843,-0.5854181917069581,3.8664845223333746,-6.699268953836807,4.611482839337245,-5.208326836666876,-1.0381003647806173,1.3975898644882854,-0.14469388721705623,-1.570420343961388,3.7749672970373394,1.6402626742137383,1.8364934419163945,1.3988882994414877,1.7728080701266213,-0.15238105509667912,-6.1128041972964064,2.4973585600581214,5.055795065915016,-2.56581204383675,-3.8810594011130615,-1.0997233594398077,1.0
21.686135854411155,-28.98450156251348,32.04268823787065,13.649280631420863,7.662452117317669,-4.894079877691652,4.886470030907043,-6.846682614422333,-9.494724644014775,6.32610799946443,1.3625243164881349,3.8860323368585186,-7.179819769279274,-0.4848718968387095,-1.341460093293648,0.9237870942818838,4.036673481167914,-12.662785206708454,-2.3331039424430364,3.8672109472514506,0.6996104651320657,-4.8511244787530465,10.552433430748074,-5.373079013915354,3.8936163840320703,1.594020846894746,0.721830569351225,-0.3764138391782857,0.07559879449734129,-2.0090758806768774,-2.3843692812656183,0.7989302854165781,0.8689417384869086,-1.692973983135403,-1.06850203583723,-1.0495484210115655,2.879449976521606,-1.5064230532258376,-2.1504382293868316,-1.7581083735269538,-2.268735842473482,-4.384223970664469,0.8062705359065533,-2.8796970804460678,0.4623787679502724,-4.090451929362716,-2.016785913351838,1.3279546240457598,1.4242470929909314,0.08421443986728366,2.0
34.256419071000295,-3.7688075986990945,15.341281424800288,20.031154357869106,-4.597545087895613,5.822938971438179,8.418122531927429,-12.550918535208435,-4.5224308001006905,4.91371015097683,-2.011685239416541,-3.244988538965649,-2.10117375863382,-0.23448535416797714,10.62266961571474,5.153646451433505,-4.848808378985607,-6.411446876853545,2.479496038372517,7.536193686179918,-4.8094194008543445,8.129679911895312,2.3645284131965085,4.714538530780652,-6.809290989467254,0.9451171817912077,-0.15685067291037372,0.6187147724361606,2.695180142438452,0.2355629041587036,-1.3480768079868126,2.9874156197224577,9.725281449962722,-0.09228837283737443,1.0141306184389645,-2.4585164430087176,-1.803088979434719,-0.38076060721909577,-0.642735550595255,-7.285184928059279,-1.2089378149245016,-1.8768794072112578,-3.152039324158426,1.6001870749493614,1.5083613286605284,-2.94014570450899,-2.0485520577611993,4.793760642148619,2.7466926624141843,2.3444380707122985,0.0
31.869606677107427,4.91307975483761,7.119155308332842,6.887297034442748,0.21848468398491963,-5.161523494364721,-10.697157013163196,-3.25201402808875,0.8783514341658023,-8.084658454778161,-2.196985346514601,1.2736509626653907,-1.8795309918982084,-2.7972962128610117,-2.108978069387344,-1.9843559395167878,5.559702677724659,-5.121280491387539,-0.4167914648535733,-2.298761767631953,-2.775693759505874,-1.877011035996097,1.4352150003675475,2.313942618292034,0.8999478154352097,-0.9449710230058352,-2.8719043372918005,-3.090614433421674,-0.8705098411139718,-0.5666691960730339,-0.21639262572905,-0.036897183277832625,-0.5291840931638931,1.2781848040735457,-0.10897540283111366,-0.059853928757372374,-5.149020796500413,1.8710844239265594,-4.8060107252506,1.8179925928662641,2.021839371792925,-3.1145273236161355,-3.4602137189134914,1.7573484244549118,-0.34031108546434086,1.7564880769654507,-1.5671205276167364,2.269647058795206,3.302877637515237,1.121783497362092,4.0
21.918621048671493,16.594112870436682,-10.819695637044717,-25.717067121430805,-18.3692414277315,-2.503645355058524,10.419424833880305,2.751915791008434,-6.405941736244729,11.988920207122806,-3.8790788595924113,0.9844282611509272,-9.03742750417692,-2.3389288727921875,0.3731859526179973,2.2100660421331284,1.097839660567828,-10.37574571215217,0.445632857006488,-2.371795372256824,2.101514223791623,6.381764002395564,-0.545654674515096,-7.185226876650078,6.512143565055036,1.968202833646869,-13.972280142437592,8.243752001354736,-5.624559024823538,4.731391808961588,3.584401382647347,8.739054216079627,3.8586101459924387,-1.152704741438953,-0.9198056818481889,-8.482765945132392,-4.130469507211804,0.791203219066062,5.53115207379779,6.024177099138941,-2.861425790985087,-6.202537561614716,-3.8790041256328958,3.7828100712519053,-9.162161604160735,-2.9164754281141296,4.357634242170924,-2.6429874409711376,-2.878506067762924,-3.382877213063147,5.0
15.657733919291056,1.4138953199377526,13.61025559444283,-7.936206110884226,0.05494412972864075,-1.3893069875441992,-10.566652028118828,-5.89650249116543,-12.07101001895511,-2.1549784463501367,-2.322061649179583,-4.366914828508344,-5.755513894983558,3.592271475627862,4.750447194130775,-5.6004256451843215,4.391914753553241,0.7428781396956052,-5.225782455631046,-1.332481249413732,-5.045535801385884,2.5812269601436775,-4.330745747577068,-0.357125560674198,-7.053198499917858,-2.724601503192823,-3.902239671781619,1.1519284107304975,10.304902077220001,6.100702631580312,-0.32871976114347584,-1.7897895293138273,5.907070721822196,0.5446430061008384,7.2457497386950935,4.300388107869003,0.8654313168722649,-0.44334693207204,0.3330055310354451,1.8140041098193178,-2.657702024285538,-3.2389903679908794,-0.09633493092209346,-5.649520294847239,0.0653353220674825,-2.8910474836639724,3.5446542978734303,-0.8116135484299696,-2.238451694463299,1.378647942925112,5.0
-42.57137112266606,-22.143977562600757,-17.59515341827698,-17.64500367356286,7.8272926520793895,20.082222099151636,-4.256157028162056,-11.017578964821704,-10.7950577314258,12.907682060211759,11.506058063541984,-15.268582878031436,27.47821641316255,-9.177092126013926,-9.437434080610705,-14.890810957134738,-6.3921218015475505,-3.9685719570199423,-4.67235022636762,-17.27854693219548,7.953703471974916,0.6255499080365314,3.460875332444868,3.9941502357351126,9.39409985198646,10.556531213159104,-8.732858985820823,-11.463393903095927,13.774775064239098,3.164965373749482,-3.189907373644972,12.220830704694974,9.091922553434108,1.6300310358739472,-0.34299633507877786,-0.6780910527606203,2.951139838222924,4.748438577442722,1.6442360450742897,3.2175091328279506,14.12291850895338,-1.0603083360107681,-10.274366784879701,-6.429216252164761,2.148667362624565,2.4540512012151448,8.541289036633266,9.95985182771288,2.0891299409906656,1.6365079869166392,5.0
48.614628409570116,2.132476680479951,17.6565894902964,-1.405087482312717,10.599001092504515,-10.590082975266517,0.9033385775522097,-11.137131353977272,-6.54742621007822,11.200259437286265,11.643386820886775,-4.388598214979341,-0.11871322300829,3.424909508036794,10.944170195998485,3.2471894151048466,-2.4597606949726885,-6.644028047471632,-5.028014554104392,-2.4014885514847113,-1.7281899429903345,1.8280181241126243,2.2583662469124492,7.251787561061345,-6.995943975929988,-1.8613852934379294,-4.764291714090377,2.848280085708429,-0.24897282883962038,0.25236775657393584,-2.7052846224917126,-4.270273299391678,2.1470000814664525,-1.1288657987950028,1.3447312014255977,-0.5289570527746653,-3.2546439497485373,-3.1360333702646868,-0.5968217086994758,-1.1994872844878992,-2.1351263144468695,0.2552174034449435,0.22062597782082927,0.6129585631731419,2.728109789607534,0.4966141705478697,0.11171004888609624,0.9307187825445857,1.4453818524808468,2.057113888451178,0.0
31.040322696645912,-34.25607906804827,-3.6380850490912144,2.0949627727436493,0.2384872641297281,-11.596378871452998,-3.888119965150309,14.46445399898221,-4.958276329004031,-5.1458076484411155,-3.2249998588838094,-7.668648254860971,7.303349298880954,2.30975616737168,-3.7563506002082048,3.874488604897418,3.5353004090115534,5.75471603746882,0.479729448859431,-0.5157661560564745,1.330095100609869,9.417966162840555,8.631325658636813,1.1421389641940383,-2.5479646925314543,0.5483755503376608,0.2961861657885627,5.45146663094973,-3.9606665788679156,1.1397282901209438,-2.0447520900254803,2.2763251345286144,-2.37862991625465,-3.1446021953771193,1.1711641328861357,-2.781363884017487,1.224613923087301,-4.134572223331334,-4.728802642380458,0.1625701327883214,1.0789000444326238,-1.7543091458330982,0.37716646430049694,-0.6112070104460392,-0.12137094299479374,-0.800626527310422,0.22039170129971736,-3.3531593890958287,4.061074866783366,-0.6763749784466055,2.0
52.87690336598598,-3.558690865648826,5.644830909021605,7.101307111543469,-1.9228740813915777,-1.1896074354177515,1.1227073061775825,-9.667602606992858,-10.60263665841225,3.4542852941866893,-0.08183312915375018,-5.971436050357009,4.589857217957108,2.6516896393800264,1.290776658680136,-0.6664423283915569,0.11707455561957031,-1.8366910801634773,3.9736629738567744,-2.8432728726138246,-3.9778255086962684,6.431857985135748,0.378750793020599,1.2186934626916672,-6.52176203265411,-1.9340667740276913,1.139522598507331,2.45749700652029,-1.1601915615639253,0.16556881428607087,-3.398247972951385,-3.75043002675052,5.27080653481868,-0.45646068177584626,-1.3980805063503698,0.5954353858681223,-3.755155276705071,0.34105189482241327,-0.9643607403893404,-3.8064555470662818,-0.0779758686755929,2.3996224771832155,-1.8621990703036775,3.6182996184590723,0.2230391428705333,-1.257014211359696,0.06011261903475279,2.069083000172834,0.3816397172998029,2.66953938708229,0.0
80.40233425092217,-11.901749160629798,2.385958790510308,-13.67159133160331,13.712778976300351,-8.881129150325199,-4.7763168785273376,-7.366996458528295,-9.564142915102074,6.5892705226860695,7.251728792899102,-4.1429249308253455,3.8994835502302685,-3.316041792224475,2.82622743658934,-2.993249636333502,7.656363951852804,-1.8522672494193437,3.5769549162836225,-9.615462975663508,8.746252323233026,2.374579856120525,1.8902170578116557,-0.3057555754713093,-7.4327253673549585,-3.6926348342812236,-1.844120218684746,1.7422157000597285,-9.137075397183525,2.0861607199858643,1.0861059850536694,-0.3003672935142858,1.398967004150129,0.9806503135436024,-0.7737745272127745,1.1077974606655399,-2.51915093903069,-1.329086731481344,-4.880411032654214,1.2451361879976368,-0.039489037042846134,2.641443731771888,1.0295262574383726,-2.1296702983126394,5.356503879387256,1.8950198192831351,-1.366692850281023,0.7952520149541955,0.9276251738151944,0.04915152496388054,0.0
-23.405343661474756,42.9352842998092,-12.054006434584505,6.78891324346124,-12.197800595474654,-12.394303573898837,24.67185347407878,-0.4688884563692622,-1.0679965500411752,-2.917188123318538,-0.7928222186946967,-11.788797530527637,-5.004121016178471,1.1395353776602588,6.9764590551791565,-2.770746307641437,-0.10015858745547096,-9.005838609360982,-0.6181909125184342,-3.182624977535182,-4.647541820166376,-10.408044562580272,-0.913855659239,2.242829339476357,0.7898259088700177,-4.248304418863837,1.9233771972734877,-3.0135257533335986,-1.3939781964107816,8.596416394698686,0.9322146674109615,1.3846704570383719,1.3230940740523012,-2.7230174777686544,-0.09655923607202954,3.3586065979996644,1.9124965477091695,-0.7816936031334282,0.3390656661134207,1.9440327094942333,2.1282740951679426,-2.8178121571488237,-2.9867894467534972,-1.5922614147417777,5.435017050066811,0.6678657316924035,1.6223114793011828,-5.089959647744914,2.190220368758195,-3.808517615375007,2.0
7.83469003281076,8.459090382851539,-5.123297159098667,2.740541509352878,-27.595049931255172,10.576624500162891,-3.132007988413009,4.957007449936492,4.486678458156018,9.030457220362845,-4.88313257538682,-3.8130784322619213,-2.4887386810837726,-6.944985839043064,-11.078956856124638,-3.67123607326725,-18.179649942953226,-2.1133159678350646,-2.298069185326501,-11.063362855827158,-2.7693047968330187,-3.4708130004839584,-7.956494586325145,-2.792114392304907,1.6089287561199754,-6.05888723468497,13.679383433779032,-3.4721635652228144,-0.5094218991541425,8.153564265219966,-5.853626890700721,6.757609965595179,4.56794231218984,3.526883259526266,2.6733542163516706,-6.6174157883162446,8.201976226593931,-1.871128902555051,3.3357433129202687,1.634506582269816,-0.15876390834625836,0.44409111337698554,6.480365986826841,-4.527336152478335,4.518500612714398,2.12330145301232,0.49756261336582336,1.599039887960045,-2.6820534149311777,4.480981363150454,5.0
-37.4668659827797,-2.6976569393302543,24.530706171222867,-7.284263669963154,-8.183251526842103,15.932558518929318,-1.4112055782390092,-5.040534359780194,16.884855686092234,1.871142749650424,-10.923190836926945,-0.3141340955849677,10.480084570904179,7.29632512276699,7.587326294429011,2.6339154270331164,5.128307801061082,-0.023410856293209884,-2.6806224564985848,-4.091799392259321,7.813693090372025,-3.353911788523479,-3.5083254049676365,5.798597009025639,-3.0514578974306397,5.140771884516955,0.6680607770411515,9.277535007332427,-2.511136555076943,-4.488681759650016,-0.05167084996254268,5.997576448231087,-4.656142815497877,2.410585609569563,0.3604040241170513,4.490479561566646,-2.740456108349355,-2.442253468056907,0.2003038594355337,6.748889089202557,0.4540795906163265,-1.52043305163824,-1.2729282965964146,-2.052488887496641,0.22411887702559583,-5.579736584811539,-2.241952154873022,3.0468029546007735,0.29120493052130536,-2.2734450351662012,5.0
-11.11704004671486,-2.446697941364258,-5.86948149839654,7.479738446986496,-9.075728932601798,-9.351565989436388,15.053938991248824,7.156819051739365,10.849232841347465,7.494354781389557,-5.580798111902487,5.5642413866419735,2.1828910625144036,-4.509717686991004,-12.674627270852074,1.174883143520585,-2.5741417014981893,0.03595639758581501,-4.359188429939272,4.174663442408677,0.7752426523937714,2.8955052603062916,-14.498994648838247,-2.203666544518245,0.8723525033460209,1.3109259667155115,6.365543460246849,0.6547412263671558,-2.0799131011160648,3.5732637991943,0.27115800629709935,1.1612344121953746,3.7089698192731326,1.5628179328827183,0.7080418838517056,2.843384199774616,-0.8079094370617769,-0.8854991973919741,-0.9571102500035567,3.160479090739662,-1.2179086428992323,3.2408607902664683,1.6217995432411065,-3.4684838278164167,1.5566149842021764,-2.6194341535483177,1.5097528553551356,-0.3321778074406617,-0.8930263273179414,0.2770809677403273,2.0
-60.91314618431508,53.023939469203484,1.8569153410369632,-14.253885387934565,7.125974060733912,16.19184063107754,5.03691832433426,2.4679317532942604,-16.624775631254202,16.49832834747318,6.192882238001831,11.92762943303653,15.453148668315778,-3.3324747718011016,2.9273117010660656,-7.12422023538971,8.154054047134865,-4.8663237002828,24.820422761047812,0.7411274555413064,-4.311002734065007,-9.84162354676435,5.08819566612856,-9.221115615726523,5.416802281786417,-20.794122900624007,2.8332400220614464,-4.4633842931163565,-1.535874163518538,-7.34218731360821,10.088974660318176,-4.669586181549144,-9.69947654684596,2.5725752568824176,3.462005554822522,-1.1573098113419962,2.266778162450025,-5.335220379702717,10.862974869196558,-3.281390922283037,-5.8576551870362,-8.433715032249038,-2.4977762051979866,1.356396082393526,-0.4395176931147972,6.077202826740708,4.151943440828545,4.862970252948073,-0.6960763746353129,1.5302449628834456,4.0
32.60334296490031,10.058963632810144,-27.48387243322478,2.5411482531000864,-14.663870645268675,13.175650834626166,-10.258624264965922,-5.056242548566408,-4.79390008134524,-4.627080977330257,1.9228608665946307,-2.2842721851290175,-1.4578192230167817,12.843666333529676,-5.658052910986288,0.7550526961054462,-0.032972479388019754,-4.358078705973829,3.929476178597279,-2.038479506278874,-7.61293642061264,-7.1815475158713635,-7.204474689520757,3.241837188073075,1.0576392235057395,0.8961461208310417,1.4075847072420145,0.6506598342734651,-2.9770729672234326,2.1013148019114176,-0.557066770895659,0.05985970575250754,-8.027043684116853,-3.583751806058764,-0.010698658450917522,3.0161363699232293,3.7303937713270785,-4.770011112156961,-1.8555674084889473,1.2056363312590868,2.3636611740178823,-5.967169277038841,3.7856240477353613,2.026565599076424,-3.1551849778766026,4.416828874909205,6.747825596768461,0.6447245996132248,-0.2858400873890945,-1.9062008430706505,5.0
-6.788656794234905,8.454613756530286,-0.878279577466107,-3.7048237445349383,-5.527876366321367,11.54783409784255,-8.377515114632244,1.6107618448231613,-0.7783925867928058,-3.544459491133665,-4.546468914253758,3.42823425761752,5.007888737223648,10.472397613408406,-9.809505763398969,10.52316512593898,2.0622992519639727,-1.8143633963910897,-11.258200771538087,1.4217535926940046,-2.0126301951566647,3.5110836450225946,-0.14309418956391948,-9.803358864733145,-1.6085445956888345,5.562541616459417,-10.560756316005428,-6.662148946848674,-3.3716273131582364,10.210958684716818,-4.802023265371985,-1.909632495846681,-3.027122203467506,-3.5574877178260946,8.392314224585677,-3.3001566825457576,-6.48061199016296,6.7846982649954946,-0.549773616291219,1.990057313777296,-1.9711876214195547,-7.300317150122498,3.87796719593217,0.8801559094026563,-0.9756286749901525,-2.9812434948019817,3.753388578449543,-5.694839376749447,5.1171560286654225,2.9102431820196135,4.0
-17.537808363942773,-21.87223138820429,-17.794037907433665,-8.32456459240828,-10.651903880796265,6.60974005564138,1.2685892548174555,-14.222461547067264,0.26447927857705383,-7.905823519371785,2.2400408095714557,-7.638884552096675,-4.354257853335746,-17.22467908594949,-6.080093824580243,12.65040200912265,-8.218726438884346,-9.695914085444386,6.25770504203414,-3.9995670575981914,10.051336822912061,-10.255162184076164,-3.451586887014222,-0.8794922988026631,-2.467406651723182,-2.1492694376309944,-2.6957772479958972,2.515965624437374,1.6400272187291365,2.781079686182863,0.31496019199341313,1.7493227849711641,-2.041283566250829,2.210637267071666,1.3040409361894418,-5.783146720143455,-0.9145907980000959,-1.6739060575047155,-4.02461856723796,0.840908113837768,-11.485716063738737,-3.1673659159751817,-0.1131629521499947,10.133378070988112,0.9467484548440575,4.83692225103494,-1.1128331638314528,2.026553095144747,0.7698270582363467,5.3957891924258075,5.0
2.0352889948147195,38.754031746085914,19.554110274443158,-41.66886098206843,17.575079768334394,-16.494233770100458,-6.346307950463856,2.9428968020952913,36.665718134835295,2.9079841380210962,35.07674320247854,-5.3919870925360005,-0.181477984419598,27.357749957495187,-7.643250123199173,13.63881157160376,-30.311847484091267,2.0136798554390998,-3.7110567716890204,17.559675503075926,3.7866813963922383,-6.864388099542736,4.641144872201197,-8.187827664756831,-5.204717255189481,0.9283777928794641,2.5545127371717724,0.8851960396554157,10.49310408837035,-6.327209857281983,-1.0186430557665123,2.1012196171475206,-0.8371175855626567,-2.478927858488373,-0.5566498603707041,2.3454379176824793,-4.440472404090263,0.4679031648645562,-2.75028462980203,2.893736121089904,6.219786934159423,1.1142267625048146,0.9370381637352364,-0.4053953383297042,5.275952414173966,-2.4171245726347586,0.04550552689689011,0.031350436670625724,-4.4050644766413924,3.662010695925425,3.0
19.248074734373276,9.5781289912913,-7.6017519320576135,-16.778929522147713,10.050611595091462,-1.2079680443414886,-5.402421618722306,-8.321936069373969,9.350325145514033,-0.7187894878454059,-7.841840327952321,22.613278685136528,-8.681141088433217,-9.547461404830319,-8.484730169690101,-0.0833571415278346,3.510199183141274,10.256865853289906,-2.699664014922064,3.769646488906739,7.04440853784169,2.6922454083886125,7.460548700405164,1.8941647053915487,4.1995073763366335,5.982773228139857,2.463768205774763,0.089132920130124,11.177958628469291,6.11471459641917,1.9739764274728382,-0.6793462608295153,1.7485609219852543,-0.9442765340657838,0.8435805714235325,7.479394234893708,2.9540253340311833,5.017813338136186,1.4544336323728178,-2.617954125051732,3.126808041253402,6.1448665649070575,-3.0887793964212906,3.1760355037452417,2.9194456419921937,-6.001980007672547,10.094187354942495,7.716538157272234,2.189448245797679,-4.975285302641494,5.0
1.5400784214144863,-16.351104790867367,-20.748073001534728,-14.991280121948002,-10.278457290932385,-13.254129565863083,30.082171366233965,3.817214831923198,-7.150901484113304,-7.53228100424123,1.86051117898292,-2.599600449246171,-2.27164142133782,8.4447553716436,4.784720369958253,-2.7096960208033414,2.3036277846016593,8.512741582511284,6.963842557419078,-5.302245021814979,3.719119859433548,-3.295662276696346,-4.373642613301238,-6.453142748132084,10.623141545644833,0.8673825019332789,4.214732224159791,1.2419617479660738,0.8113872104829567,4.319610625159587,-4.667488399422892,1.4187211809022615,7.016601375278089,1.4587686059026963,-3.1314285428504225,1.5974412851659345,0.22291968758508252,-4.454841419638968,2.2147158902888324,-4.045044883334868,1.471403897533603,-6.1937144604395495,-0.5891301902790609,2.3066754646985355,3.69373757624507,1.619390993511303,-2.864792624243495,5.020410463297842,1.478246634336106,-3.7507114334301352,3.0
16.881407302085588,7.443687964122699,24.462781064234306,-2.9870985554140854,11.049854554013242,-8.571791304036902,6.073841002278851,8.62311452709776,-5.149437412919698,-8.335246067068752,8.16445176040167,1.359452343776698,6.252764862285628,-0.473462395617916,-7.911811792582816,1.3075718171181352,3.41145031540562,6.8404680413633425,-0.8362290801723852,-5.923717670237667,1.232486714779925,-0.805499708023102,-1.7587684764949312,1.8361911747915216,4.105407208757775,-3.561521615095796,-1.2050739371791839,-4.091010197540243,-0.585663746891951,0.3502850783479092,3.116213419673596,-2.3453585819874645,3.4576887035428214,0.6573644439654356,2.6504658322966748,-5.421455208824103,2.116776438207521,1.0824551861722946,-1.7820842426982457,-1.9097878771997445,-3.204780584030537,-0.7882357866054329,-0.05855066284386185,2.3615453481040185,-2.4559127956642373,-0.6715003074975499,0.8977189268631763,-1.2051332516245938,0.4961824637795958,-0.1444190314904712,2.0
-0.8343975780451204,10.591480295126969,4.85826278781899,-7.833720864639603,-6.092665858342143,8.42837500811414,-16.483797193161614,-4.762713487211158,-8.733620495944766,-7.095496992798779,-3.866639826321144,0.055855297224204944,-7.444424114974682,0.34762730533679814,0.7815893455654674,2.3539184408528158,-2.180841583266382,5.2029652538894595,-5.6848695675469525,3.772735143400171,-7.1866389783741615,-6.138371133426948,-0.8351607717774089,1.155466101467767,-1.1347599258936758,0.8166529251153333,3.8128125031537548,-0.0574308053719157,-1.3120426605772713,-0.8013408694184725,-2.4762938518463837,3.2549181107763223,-3.469896428179424,4.914249881354201,0.11238395948306773,-3.2872401609113844,0.22593644076491404,-5.275903285217294,1.0083202006154064,-4.579189917835769,2.340472881707187,-0.2928621928841041,1.0789725606162772,2.73662103118145,0.22701989042645185,-1.7874548749007872,-0.10175584244302208,-1.26379692704288,2.822397525890509,0.7722520542151786,2.0
31.561834814189837,-0.6907070521296659,-5.623376772077118,-4.040716763737829,-13.046685083749859,-3.3839605651955105,5.734938492488726,7.618416894848327,2.172157643133485,-9.529038131549346,-3.263786856340237,3.705445819056138,8.095965057156024,-2.9467603876995643,-7.518137533756976,7.12192265290554,11.287498975414847,1.9759222480625016,-1.2733747111948894,2.1908507507707604,4.538229440641678,-3.3419849589772324,-3.8051493698279195,0.6898073784570863,2.855936585593419,-0.036266984206788457,3.3919275412696264,4.651499006923595,2.0208376139648254,0.6002785971834733,-0.32412229296234535,2.0585475902879176,-6.723306865927794,-5.980982091248103,-0.6936326233955445,3.82195922925428,-0.9177004705967945,-1.744298659247771,3.399836357826348,1.901810282811828,-4.959497301183044,1.576779616739703,-4.995763236284555,-1.4762837321780562,-0.5160510668318987,3.2863857846042666,6.706768487994172,1.2342090133695336,-2.6784821248273536,1.7417887697290375,3.0
-0.3165712483490181,61.054362730800676,17.781519166766966,2.6609343282442697,-0.2048766616516626,-15.583837690383877,14.207731636090726,-5.952763986150491,-7.203044424837464,3.7621682922723614,-3.9648040260956163,-12.183869071293985,-6.903493869872334,-15.89126900149847,11.839566653967005,0.3080751853975944,6.655681864874203,-3.791934899542001,-3.034013783062107,4.527595106136807,3.61252382740331,10.063736983958883,-1.3882968451387405,8.842597176322803,-3.224357391183752,-4.563981175316782,-3.922126739495495,2.7017807993789527,1.3425227179378394,-0.43375983478985314,0.12402096999906556,-2.6850639223848893,3.376325166797734,-1.5312359115290644,4.816483882711356,1.0398196870541108,1.5013063671801297,2.4118421150440033,-2.132561713231709,3.137711178666297,0.9678473273650727,2.7175965453501236,2.329890668606475,-6.215269204102695,-4.698179370312648,5.032090690550236,4.121616564278482,-1.3850156932317446,-3.185921079695103,1.9354174404920461,2.0
11.357094457733204,-17.277336565526937,11.628829684427334,-23.097296483326097,-2.2781706876457712,-7.11215345141033,11.198212833971288,-2.377058850523261,16.610335320043745,-13.347863932695608,14.101818822110156,-0.020109269763321953,15.013778948764253,1.7352682510116528,3.6864652608423003,-5.973890371199182,-15.188444995494793,2.2355333123170693,8.57049745307628,10.738663132964666,-12.58928104025318,10.37705555548419,11.391241221447164,-8.654066856111662,4.569618024274022,4.887819176942626,-3.436236358749441,1.4939595357949558,3.479487982160036,-2.1669353693216364,-1.0728305070253457,0.9114118386598349,-2.5203766237549727,4.299274038937833,0.7560351914604198,-2.6476326192657895,-3.962403932885538,-3.3264784777506615,2.6777375491310726,1.6572442413539517,-1.5145695709527418,2.390812904764941,-0.5242065389188192,5.3858292934177285,2.246052850277759,-1.950241122146933,-2.3059919935264857,2.032891536261438,-2.319499856614691,-2.408348692595008,5.0
-27.823811008271857,18.442398951230686,13.882867550204569,-2.792281215352102,4.748796994455083,9.827081590324656,2.8062602625360378,-10.15992119438867,-7.238964145449019,-6.177948381677045,-6.993590137445981,-2.987291228641948,7.5568816481064385,-2.902004324636818,2.4138906270644034,4.532367485207259,-4.849992574493526,9.432692140065464,-8.504695350496764,5.544513010640094,-8.034329009215323,1.4025438586769792,0.7656649909750111,6.49446259235514,6.907684593973936,-10.590932521266335,2.615554079835984,14.504443029132515,-12.527205327680992,-4.482676797582611,-0.16056356966815197,2.2357896685987795,-9.430484688934248,-0.18488977118495803,-11.80387761966569,-2.5730703826652332,2.729588891913588,-3.380800725785621,3.5317804911487696,-6.688487156633429,3.385959355292575,-2.0149067662663107,-1.257087204855783,3.598765318351286,11.151052029145545,0.4418714221950932,-7.098527996032101,1.7269869682227779,-1.9943145714194397,10.44961454190434,3.0
8.485245295657604,-1.6150666459605212,5.998219730477782,19.599688764511807,-2.50480331300801,1.4221059393456545,-10.539963142017058,-4.414183666667788,-6.718587632351523,-4.449715328772644,-1.283266898380408,-0.7032581311401384,-8.564960580258054,3.0803549340849457,6.094798393537177,1.8503514446899694,-8.21098066060824,-13.726567946931393,-2.2549774312147983,4.058577549951244,-6.4112062015033615,5.4395042857264,-0.8323735149022615,-5.116633674850856,-5.272411381832818,2.393781215871475,3.5724410369926995,-3.8319812116705405,7.359282372713791,-1.8570336931337086,-0.6861731024233811,1.9485690885326967,-1.7847938157067862,0.19855014663139323,-2.7588830709297847,2.1263943175190536,3.2392056793863024,-1.9757254005302003,0.9018310286720618,-0.359710501958569,-0.582455737982998,-2.8210438188345806,-5.001358755502117,0.05081825877140581,-2.6525971935833303,-4.959230173485817,1.4904994420303448,0.7534632684811334,-0.5409831685500053,2.0713654273642814,2.0
15.421952012864065,13.25549138789246,26.414051237667618,17.43136338695068,4.317673993830669,-3.182854436090219,12.949159329112966,-5.38366682101857,4.689644140895133,13.141180490890548,20.00712563787453,4.493107570750281,9.130309145180988,12.281285031566172,0.8365456743315335,7.884209316736813,-11.641397025846157,8.614373187963361,-3.345591387755504,7.116167208013515,1.2169869883537727,-1.1404811916548794,-0.3090602134294578,5.705031489965161,5.109860165299202,-1.5836511941863756,-1.6877468241950264,-0.6618446309908333,2.8828818485486614,-0.12400448488637623,-0.8088870015774011,-0.45699207955547755,-1.030114126038266,-3.267745257656311,1.8802510062941253,0.26742291052534556,0.51980751685421,-3.288931418195277,4.64445126437795,-3.102565070118354,-0.18822648950413207,-4.468326871634205,2.824443782393687,3.4743037102969914,-4.954739580285525,-3.6174882698508095,-0.43201639970704026,-0.30929045562600804,3.5346517519610616,1.2187763947633221,0.0
48.61896121209303,-1.849677759967552,-10.181818656502323,23.457138481874583,-20.414958590061733,16.642483775716503,-3.341126377968222,5.779870856666986,4.035906203986018,21.281939481711248,5.122414868124865,1.838899839413312,9.347523628934159,6.536135481332021,-4.814983733230178,-1.4029785802508123,2.6257488049146462,0.9419129275075089,2.040907960953373,-3.8113815693963127,-1.995221635559294,-4.878979004762958,-0.7068307281012906,-0.526102459958445,-1.794090880682192,0.9038773956986976,-1.0342691302715985,2.3837442228630086,-3.535123518943901,0.4668843311605015,0.5531284650990553,0.854875628156768,-4.545259465854896,-5.578838861914411,-0.33993841496862487,2.0966926169900155,-0.038102879900909596,2.7553328280593985,0.4439708799002554,-2.274536470348617,-3.507585132341895,-4.7272361001897405,0.9990040825786674,-4.170812826219674,-2.5564328653318125,-0.09608687947788724,1.5099449848857835,0.10320053929392801,-0.5272506615930772,-1.8787311083215594,2.0
11.95863866960319,-34.01258190562553,20.850730195815398,-1.1782813576844617,-7.568499872510316,0.8990802175794824,-0.53483589046501,9.387290638806897,-10.481579545881738,0.8808006654552909,5.075318950404555,-8.036038157551017,0.7574070843111833,-6.0446978803653,-7.541388734198653,-2.723340349398973,11.21497750065912,6.754654192147373,-1.357198539136163,8.265534782251155,-1.215191262947018,3.292723650080241,-0.8459347205816968,5.515470089959753,-2.6043045189128042,-0.1177516526960467,6.10272442941024,0.01201051331107662,-2.686149599227632,2.570329017256136,5.4803986099162705,1.5673958883192727,0.6614173842625548,-4.204450768418881,0.9100754142985475,-0.8216374818786787,0.8582410372031276,0.2222653910136742,-3.3015060667987144,0.09442976914630294,0.16448911335315744,-0.2954831043802764,-1.3783232736547768,-4.561311224226481,-0.5500132989772344,-3.2099317986288023,-1.2024013669757376,0.0910210181126605,1.970140563814823,-0.45289843689983916,2.0
8.233253524979354,6.511506917631006,-9.791110428579097,-26.771954080835734,-18.7974189626812,13.517177114648927,3.6664301025825816,1.7083035831643563,-3.230720703489351,0.50003396438704,-10.28386274715508,7.440970848249244,-2.3921977447377323,10.118121366205061,1.356318963900472,12.240510569092164,-3.981657796044603,-5.106812705456677,-2.14160045349244,-6.871640316712539,0.7725468066899398,-4.563040283482727,2.059310651117482,0.30542384687670987,-8.769940949847415,7.442546335491521,3.199602688981003,3.356152798390315,6.150158856298883,0.24965821746910158,2.4706280435896457,-3.7623954383184444,-5.024680015556292,1.3208362615836078,3.6756861760106476,-0.6008864474499038,3.908163978398179,0.43111051032293896,-0.8379018619702236,-3.1884747885638234,-8.540660559851753,1.112979005144143,0.07556047848634034,0.1555718101313573,-0.6876812035458308,-7.512277852231691,0.47064668643433155,-1.4190554699461824,1.7855286516695235,-0.31935982844282373,5.0
-53.25496875771802,-14.173681710399743,-21.717673236463447,16.547461978831283,12.626823032174135,5.655347713744817,-13.194810375041614,-19.644060007300048,3.589300903886105,-1.53090218077193,6.399987851140503,-11.363301052803152,1.7095571156643914,1.8899986981697179,-1.0644998224069993,4.104525107827204,0.354490754885576,-6.97368356004852,-5.146546345402246,2.017512639809008,8.399842339613352,-0.9297128766900745,-6.7262118432489615,5.879367241008586,0.11508125722034722,-5.742316169178316,5.23039157712033,10.153166480840452,-6.553787225141708,-4.750434302144599,-3.8637558866402903,0.7222037993208065,-1.5060625697232253,2.7598551258866424,2.071454135651042,-5.347465791704596,3.90016313877632,-0.03224209749198115,4.828548661094095,0.7044269682025597,0.6823775884197444,0.44058305903180317,-5.416622728597375,1.5870328841944303,2.3453594651307053,-3.411030517901836,5.782213937212423,4.614776490181922,0.7112018399366914,-0.9233983650130401,5.0
15.467451997552148,-24.26995686535855,-21.845846782829103,-14.894931558493107,-0.7363591979426722,-17.149610786563724,10.510300262492626,-1.3470911980243392,-3.462792475894353,-23.205752092235365,-11.066953371697712,-4.943801378981866,3.1069746902253583,5.166246124429576,5.563714784231775,-5.953039731389748,-13.229328612629297,3.9582151848343754,7.789350845882079,3.5701584532797703,0.5561252456286728,4.920760538068227,1.988389669726572,-9.296353321690372,-5.248746324985116,-3.0899015093985507,2.912221021955762,-1.1453101036001159,-5.333463921615141,-1.8871272782673791,-4.1486559667786755,1.0467021220213686,1.774726970521937,-7.038485515984635,-5.8161670205421885,-0.19759169067094456,6.506492791028713,4.174329448121923,2.0233314920365832,-0.5752398069187868,-1.5644566848660812,-1.514226159679294,0.9873630517957991,-4.057156175348483,5.95561045129266,4.222374786807803,0.3733652758856752,-4.044721861159558,6.519023186798694,-0.9824469910962031,5.0
-3.2039508549847198,-8.656231399533054,-8.069963090201654,19.89057917330319,2.4576778864959508,-11.507115731913792,7.102562917053121,-8.934128816197667,9.198562229634224,-5.705895975763749,-1.7643315017172336,-2.8729635862966894,3.742339697836666,6.9145976078345965,-4.625440321873854,-0.4754965603135404,2.2886698758145587,6.078505914564411,-1.4236454155800844,0.7847207876952351,0.7573663691806136,3.2784746547659878,0.9645730941717875,3.851339286073619,0.6955173255855626,-5.618781307304376,-1.5659721788936076,2.389303710280989,-3.4103964185920104,-3.5399750501180023,0.20764607848544078,-0.0946501148980268,4.0008693380524445,-5.573580421661113,2.700246084506049,-1.8675959049342574,-3.356420448239148,1.671480945758642,-0.15993575775762767,-2.15881901228443,0.18967220616406516,1.1241920146068283,4.053798186236359,0.4238877235134408,-4.750689609362857,-2.3913972054295636,2.4525397506004962,-1.5009061637646879,3.5836080662469865,2.5652476298925895,1.0
-29.007113002453437,50.63644543431477,3.8724661720523934,17.8733891714199,2.7988779937268102,-7.736964856822297,6.473382414607793,-0.20535345395160615,-10.231377768932004,-3.3155032699408125,5.084667082777971,-3.2325084374786788,-0.17351134836237941,-5.545461775781116,-0.802673950156813,2.4171903299212762,0.24525741883943739,-3.930427470053031,1.3848656995121678,-1.077413181311852,-5.09551660093126,-5.0708979449622795,1.698819685076686,-0.6885444867933056,-4.718237509130247,-1.6559164856634974,-1.7258888315010263,-2.556092800292235,5.325287799802105,-0.5184773856075322,-2.711503106893992,-1.6148183943282888,-3.8496455073994085,1.9628849164064468,-0.9050910991940746,3.5810485200057167,-4.848053018170548,0.38719251107927766,-3.4372834075280503,-2.5792991552723468,-0.34773917195768095,-1.7154563664949944,-0.0025076677418595684,-1.2853918449445356,-2.042181972446216,1.158619373035348,0.664642405186392,-3.0943685081924013,-0.9298715086055975,-0.40693524892523003,2.0
30.229331597824242,15.607691734664392,3.8774475110469946,-9.940395711809826,7.2791844923674045,-16.522734389291642,-20.127460366631716,4.4710332288298735,31.0027610685746,-0.6244804960581885,-6.064273594031686,2.0746776146645973,1.3645513694192184,-0.48657531576313234,-3.071866570738473,-3.722618292620923,1.0707075673730135,-9.812440452205598,-6.502231111240131,-1.1749705583805505,0.15437694588713263,-2.6309743407941593,-0.6481578393330164,0.947267915972217,1.545852896511247,-1.3615456668394132,9.287048349825493,-4.6696907429088235,7.595873108600221,2.6831674795953577,-2.4992685768266854,5.607993250635147,2.5269015692066086,6.081183593721629,-3.2102185632419773,-3.7463741233171923,1.3054689420255607,4.202046111512089,0.738299054243928,-2.19413518792716,-4.19692365060567,-1.131916054045374,-0.7511264436232257,0.6554419034315557,2.2700006034093296,-0.9927687545731193,1.220021763311434,-0.5475775356927691,3.19157000283179,-2.0302460177282655,5.0
12.354619012508811,1.2174785782005124,0.42740176614052816,17.308650056158523,9.257685584335283,-11.428017325998356,-12.679585385735257,2.1701403376746646,0.16761474337854665,-17.393697302878447,0.772115089167294,3.9260946791293327,-3.2992224781863992,1.0777210537547361,-2.6921583054445084,0.3254392898226072,5.288633081438581,-0.8184766225774495,-0.2030324321267163,0.28458898005614636,-1.3775335834184281,-2.0029987271550214,1.5014597754758647,4.286693765197303,1.1915363653443523,1.062274625341608,2.105404989533817,2.085868906609264,-3.9321468194329188,0.9487908097223857,-0.35799888908255556,3.969138607904407,2.6241069932806416,-1.510743374781502,-1.2163796969915592,-4.981109559350172,1.24704236239242,-0.6949531208796812,1.3006202662965556,-0.019582321968336733,1.6698161372763043,-0.6620832284660915,-0.9908657259084571,-3.1293860312192043,3.5275181313392485,0.3711044236022722,-2.249018882446389,-0.9832346922361134,4.124720637621535,-2.718132380811825,5.0
11.973321643555627,22.594984733211593,-4.708007695589661,22.264675168862183,4.032999156718676,6.8800121566686165,-4.688697910531985,-5.142165213813519,-5.898820396446592,-2.138305004227327,8.09378083447163,15.405076208593524,-3.233010674929557,-10.865811124542859,-1.8729026991605628,7.246654052405437,-11.784132287253158,0.6340632608514174,6.694948049326491,-2.8877196986485894,0.048980247021179674,1.7187236587855301,-0.924336135367704,1.4040460331900586,4.064444280225162,3.4637316933838864,-2.8028460729810893,0.1282953301363355,-5.590363336813959,5.462909413731809,-0.5075615464335761,-2.2359307834281994,-5.2313397423123424,3.791094785003489,-2.114519819643672,-1.493656263527346,0.34931327588616373,-2.0246997022164503,-2.124953162183872,3.9435750328061583,-0.07968823119479532,3.2733350102310554,0.731462074510328,-3.1297631195282043,-1.7069855031267787,0.06753499010725383,-0.8238341105715036,-2.3237189189463967,-0.27909915087038384,1.4487919924014951,2.0
-18.984325869830304,22.3053842716778,25.71191497403815,-22.325647149746874,7.527588122802244,-10.691640614661576,5.5463028724648655,4.315391657301411,8.142794183463334,5.717454991776156,9.388842558816624,-2.780469556919181,-1.087547016268289,17.037770188328658,1.4876640550850668,12.625257098985731,-5.96145814603731,2.1976689703989667,3.6146735216044563,0.056279648823630825,-11.367010835101363,3.4851395297998717,-1.1003128499066261,-2.2617106524293793,-4.023310981367523,7.974130897564236,-9.831124068988071,-8.522168026824788,-1.4259274021405226,-1.8468132811716058,-6.036098970252501,0.7030274499378975,3.4440828506878534,5.109503509816667,-0.3394042067093685,-4.694606780900487,2.0158889984952526,6.403459955458574,6.974224600567377,-1.4035155304370022,1.6507374203062088,-2.7040789764724393,3.7062821626471556,0.39904721604813737,-4.680200159039366,1.1157118679278641,-1.2902397189843822,0.5302240525220262,-0.7789531274680006,1.7958584510285638,1.0
17.219604735640875,14.311675387525236,21.875164222972014,-11.65517671987861,15.70244280799754,-10.641628567309505,-0.4854224221300617,-5.170608593674489,-9.8113052255681,7.380660125775576,4.578412851373004,-0.2436564409388324,-10.430815104233654,0.7098490088787603,0.47277415597201883,-7.202452972500174,1.4268555653772341,10.612905899750526,-3.815344285790326,3.4892879197985085,3.0181819995460653,0.6368222680551809,-10.725446082692983,3.8874868206982973,0.6718425754504487,-2.3274095959571395,3.228721429262291,-2.7569910282311736,0.24250467547565024,-0.6520508296177642,-1.7711907866723042,3.544180112434964,-1.7658567163593144,-0.722884135895668,11.205959611568158,-0.3581373905482126,-0.8162485062408826,-1.7640870826196753,0.8400338171795737,8.614421232587988,3.960258448211829,4.45712107582124,-0.9032671676554581,0.46940916521172904,-3.6817056577915217,4.056641928762142,-0.27956720381543004,-3.562545380910499,0.5006202059948572,3.0840001618615784,2.0
-33.32661981221123,8.062835968126965,20.91531475568689,-14.586095245812817,-7.04499491656221,14.29192514790913,-14.285267703149021,24.069843849770326,-11.424244704424114,-13.684696244466368,-1.2529023140036084,7.921543887289776,4.418635749519419,4.390771599028879,3.272825911378109,-9.844009545416563,3.2751869701816094,-1.9201383845536668,13.26923254807187,10.519434192329234,6.787038334953395,-0.5330989217104407,-6.475902820204559,9.82331713222008,0.46285651364647995,-4.920747576341455,6.232407419873405,2.2251483929038645,3.2526763056750436,-2.663016188594154,0.6357243419650502,4.9261124799613984,-0.8360805686295509,0.6125839907257061,-1.9202950768087916,-0.15799793272037901,0.1615694679978793,6.101192034039522,-4.3479799072383996,4.597948055305983,-3.8695470751002383,2.9545397078725357,-4.063300111066523,-1.1049460429947815,1.7372972822082184,5.670852636221293,0.0852181511806783,-1.2810545381661405,-3.7017143480423447,-5.601820110108815,4.0
42.0341575817937,-18.603191498475244,7.6603858499457465,10.870010012839993,-5.39021889483759,0.33032461625334075,-0.18136134103318569,0.48328680507993765,8.711923642351463,10.23574572962494,-4.805147905510724,17.771230040791245,-3.159693503835723,-12.506549897728531,2.6350398252144607,5.24580385198486,-0.428266541315748,-2.88612663444928,6.6875625374886525,-1.5725780897561694,7.602774400155711,-6.159004856758358,8.080067387611638,-0.8659237554227696,0.04706796217137143,0.6720001356964356,4.286099356806056,-5.615179653389124,0.4036825174226476,-1.8801405997490281,-1.7233528550673116,-3.939268134607754,1.844356555472193,0.5378676072588569,-1.6998932373379898,-3.2270091319205307,1.9546859211700742,2.7303657565607447,1.5193085273758906,2.4871772477083587,0.8408892821205243,3.8956968906095377,2.3840269417956312,-7.4872296090092885,2.071233534578285,-1.367761249924777,4.31702637486406,-3.7706153706495336,2.227430624209758,0.9532212054458945,2.0
78.98492698191518,17.843817709739756,-0.6117305055522461,-34.43578848180863,37.81381878553612,-18.144588182348013,-2.207577144352867,-8.652192772013526,10.070803646940925,16.427742265593704,28.277578429555792,-0.6217014737529651,7.780168865202674,2.5360137517594676,-0.5839120619881597,-1.7622093478989422,-3.0962234012980896,-9.792527737425036,-4.5112193982177855,-9.370716575848204,2.2704883635328392,-6.17737493497007,6.869923596837602,11.459649958073497,-6.511011694334428,-0.952218294611558,2.081355652880121,2.482352517621698,-14.332141013519303,4.98742627078563,1.4164125508167398,2.6259259094569143,0.943260179145926,-2.7602066422393063,-9.767593231010931,3.3944475906486518,-4.657770311557969,-2.556731490500649,0.8418393599605902,-1.4710881062932504,-3.8233603453114906,0.16594052432969797,2.024576886962669,5.875199966531785,6.853342112198978,4.208960126279883,-0.4393773916460581,7.8789088270133965,1.7255093302205047,0.6293809203258595,0.0
-5.891215232483207,16.14419244414166,35.38219936536727,-11.210271754647106,6.887938659595568,-11.937983552994103,13.748868399661964,5.3780777407327705,6.2939790011247565,3.2995846668833426,5.446195130738647,2.960044671293401,-9.680219294329708,-11.039886342991602,-1.6084420087347728,-4.608364720190523,1.882430983212355,4.279941968345058,-2.319930077819527,5.43757096246161,4.508326442975351,3.975954871564229,-1.9626475327789388,6.410653912666686,7.515648323528998,-0.21119744162549198,-1.2666724370739233,2.637969646641061,0.8486502826784944,-2.6795040925144713,5.915448093701567,0.427379810519598,2.9728970508616173,-4.592203565446881,2.9445045035252724,-1.217654343440581,5.899383081900829,0.42069240428214777,2.2792943228720604,4.662365010909809,-1.4555836290797035,2.857338016417546,-0.13965245526595518,4.7825124328813855,-4.060819886010763,3.5325082695393806,3.6698724518727146,4.619263685853825,-0.3124374380334859,-7.641084318554021,2.0
-15.924641095255534,39.902783147049504,-13.599313398666776,7.525122717213616,7.273981391734429,-5.6566311584592945,-28.74312807938947,5.5340098305152345,-16.779960287840762,0.22845158150675646,-2.5692105305343804,-3.98997407036932,-16.21480725672996,14.15142312760243,-9.213876226282943,2.2466662702581535,-2.904309036001784,8.520618037100691,7.472581112769456,-6.254535025985091,6.502586324651079,-4.870450466218027,8.212534314879592,-13.59316101645037,-7.0373173036716805,-4.630325388832485,-2.85002396350972,9.698972963852967,3.179796722317192,-8.557635214715813,7.67563509693987,-0.5771985043665362,-1.7323718185771089,0.7041807149862988,-1.820314655537276,-5.524586640546787,-7.035239975641803,3.059019838804665,1.000705439066565,0.12004771638187475,1.4304471891448092,-0.7445781639071436,-5.43601034148937,0.5493143757833426,-3.7254034550689905,-1.2837152371711775,-0.14092839189201037,2.0003732794723343,0.9840699055823235,0.5035243746749758,1.0
-36.280437059837425,-17.358521261438646,-7.891712016878755,9.503086202851652,19.205052336096344,-16.581615097581764,-8.606627701477965,13.656585207059619,-2.0358542305250382,0.46120619101555804,-0.6200312613611446,1.021884242685033,1.068895939781607,0.02818494023650624,15.528403731171524,-1.569839720887477,-2.749419577704601,5.4111839199981,-2.254700446982144,-9.703155678445748,-2.070678863816134,9.687731089536804,0.45770016842687294,-4.087436469217853,-0.49072724800223266,1.6290432444111647,-0.19199008288344072,4.197306352428858,0.3567057504392259,0.020044454545903697,0.766614480014122,1.1998477733092894,-6.312354991198629,0.3776005170614798,-0.9738511490707623,-1.7496716325297492,-0.9978793045958951,0.5115164363764684,1.3301850019047847,5.386229784091622,0.47381103847299105,0.9587408077636245,-2.4144872228623444,-0.010663568536092172,0.9731452575757498,-0.010359119703401564,1.5898689067458036,-2.6785543535396936,-0.3436703733921321,-3.5018502087157812,2.0
10.53404764308678,-42.8953544071144,1.0019989783009324,8.235026187927247,-4.17889134167952,-9.910383728186021,6.3944860112679125,-0.6807754008254936,-12.889751490033738,3.313016907525275,1.6066496952506892,-1.2602357601897434,-7.279364537342653,1.3665403063184585,2.8994138804639937,4.774837654607741,-0.6190998790107389,-1.786578729830119,1.9381305679984857,2.9116592531968237,2.191353627753484,-2.179825946900978,6.325335713985013,-1.298271656347366,-0.8900854022683939,-1.6723292964568168,0.5535398465758877,0.5028062839873652,3.616388105679666,0.01872168575914616,3.4968092721988357,0.49137324179226216,-0.29881052193375457,-0.14142865715766179,-0.3642607284335771,-3.9073728277508497,-0.4497410530264776,1.4982460288167916,-1.581424376172719,-1.1331141661341673,0.9513113230802729,-1.8147714638878145,1.3168395685956826,-4.556257488339532,1.6733538368406595,-2.763397016983629,0.5991606681022767,-3.3286801040194334,0.9917604610708416,-2.9774234458645994,2.0
14.751219415863643,11.919448732146973,1.7476279724989818,40.80090162451912,-21.779586338488716,25.965322952926183,1.5107653028127797,-11.037738824486963,5.23917105993498,20.46735263636601,7.670230727287657,5.220283324483595,6.465079451874902,3.6586276281197962,9.798174223780904,0.06764774054499945,-15.228003549834638,6.709490373190582,5.308673274382642,8.195372132739765,3.046960441238253,7.454940745553509,-13.291379945644259,-6.66446023103282,-2.073871828214525,6.446743829426963,0.35636534007278065,-0.8350809397331742,1.2497241138266049,-0.4429436111189589,-1.4929297346206074,3.351330250509068,-3.011646181135496,-2.206681592721512,0.9947289479297969,4.826668623594824,2.0422207528612843,4.293082520119082,5.19199984160839,-1.1571348403367514,-3.009982347380048,-6.34780328033082,-3.9502206441033882,1.539375518138777,-0.058898705361445126,-0.8977958788944483,3.1544020029816973,-0.9143367334335416,-1.684529418325042,0.6146124676904412,0.0
-38.21209502703742,-15.30530413340529,-18.842704864189923,9.6526419310233,9.545930050656523,-2.0522842389034675,-15.769364516049414,-6.520553741510052,-1.2290758206537231,-4.99475365429717,1.5571921945301603,-5.392110505012079,0.7776319611742774,2.9094708529504154,0.411407312653034,3.6712385320037653,-1.8125291423720888,-4.597246755215866,-1.4401043969070482,7.133295800967192,2.316587749049924,4.292505765776085,-2.496829409583315,0.2898859903218599,6.851274666246715,0.38879205682037055,2.7307147000041065,0.44753074437130863,-2.0364111519658326,-0.11050883002351793,-3.229543409004186,-4.649406473602988,-7.445418993234873,7.1109136700932085,-1.207955327934093,-7.395764518884506,-4.7697893853401,-1.3101985103663443,-4.152356254495841,-2.283975617912521,3.116345578344572,1.0515367720105884,2.3518495132033195,1.6842008958041048,2.9590321627094838,-2.1831655955720644,-0.5298970743823694,-0.32646260542583555,-0.679193274566644,-0.4566164472612181,4.0
6.3130685365159005,21.959100272420326,-31.73619201171158,-31.323076859344493,5.313620482853407,6.099779909830616,4.2460910015972715,11.457082125859056,-22.65670532971565,-3.7305735640998576,-3.9572724678836244,20.045312704134293,4.501727717227911,2.9597918787662265,0.2397653422185318,-15.044866278701173,-3.1652827204530367,-10.658333410873547,10.51186704967546,16.153897554248665,13.528281182401958,11.691904885333248,-8.628267304770748,11.481601972628765,0.17406420204551112,-9.795399968964393,-2.6363691721766616,-15.260937946458045,10.053199975660783,3.573551944675278,-8.25799862082137,-7.277015134778818,-10.925225616040054,-19.831232238744136,-14.768308087677333,3.562250411033751,3.867781154216849,8.970413679582975,-1.1173418411249076,9.622841475410464,0.7796104468349698,1.980925655887673,16.380094401370947,-0.33353949839962277,-2.5983163880466567,-20.797644110483,-8.369104365134454,11.0818155237432,16.491339515900822,7.597915169080017,5.0
-32.17086332192685,1.0437611986148103,-20.071949193035472,15.728735510954618,1.3292029692558798,1.5777911739497212,-1.458677085068215,-7.059699428528374,-2.1124636194135884,1.3749533013617912,6.030176888826177,-3.4197214243732312,-1.6064566783477434,4.930412042770455,-4.118216061408724,5.6104679258583126,-3.141705932756706,1.2414042372181655,-4.539768091952753,-3.0141673400420346,1.4541404574079393,2.872990425189892,-4.33025466725741,8.995750536336132,0.5278094558931303,0.5466587580427745,-3.2238258703958267,-3.7272555245120147,-5.857840186970228,0.19066410226684896,3.5060928762441845,-8.328980380466515,3.9754716998380157,-3.284290235096149,4.010494619142049,0.5014948312467482,3.9360200510226773,1.824587284298282,-6.39328189124447,0.5722139573784324,4.7111638649959104,-0.6532768506610483,-0.10548922644426444,0.19512564094769141,0.2389571064406508,-1.3725196694556558,-0.8073830072709732,2.0824659210965395,-0.9625485070894123,-0.8496747116398679,4.0
-40.35360270482073,16.97830745135515,-9.467883347061365,11.292201686758816,7.086245843680174,-9.687708797137377,-14.77140004743677,8.902497812181089,5.0889798370029045,9.5405926215379,-7.171181690057346,2.3025429190904574,-10.53813714205936,5.132471888741568,3.3115661727019985,3.662559521117214,-0.4225855973310602,0.42701437434802514,-0.9379511549506444,-0.42409395333447447,1.5655212840740433,8.325516574125267,-2.7614673995196535,-2.7746572686517825,1.2348213095157192,2.0443093714970204,-3.978346936810129,-2.4662287617462915,6.134138638063926,-2.943686407256477,3.0209606972591465,0.8574127102493038,-1.8711623433833104,-1.770782462282836,-0.701533310317094,6.5134225000023855,-2.013828097604776,0.2020598967911959,-3.1717503518383063,-2.303369293198021,2.299289961088323,4.0188641441158195,-3.7396412067842673,3.0148879154764825,2.7860112986942944,0.7562094857098741,-5.7907266007818565,-0.8425015928382773,-0.6756877594458717,0.23212854313545317,2.0
-33.33497874771734,-24.358504350303775,-18.883614715665463,20.89670841052582,-1.9085707767237106,-1.2653373001868877,5.07701866502651,-5.856538015951122,15.29582101645227,-9.987261160599678,12.302818281667516,-11.68288588777916,-9.239856590348282,5.332850998731601,-0.15510083944447398,-3.413834770113723,3.436823613868192,-1.5060550146247513,2.5849894690969326,-1.563051708367741,-1.0321282726285552,0.1756875078746961,-3.0455728803843716,1.625121111406874,-3.9707528738971796,-2.019303753790378,-2.499166596696452,6.37062212585182,-12.671186247095061,-1.7217071203923524,-0.5817758782313698,2.547805815398205,1.8166536593994291,-1.0540781845160054,0.17500852930529134,8.603099504379069,9.958457937099588,10.157864132640196,3.0421367681559333,-0.2678923026169324,-4.309623286335692,8.239640360150199,0.6732170455069088,-1.258682762244484,-1.259883402779575,0.40596503184987864,-2.879675224862632,5.219990133907674,3.1055708993598583,-6.918134014863769,4.0
-54.43478211976719,72.8092017583006,-14.724092464474795,3.629115072005119,-6.5569875013293295,-4.575738618145295,18.674290672269432,-2.4010485009764766,-5.992341976857748,4.152157499611863,5.631938347167015,-17.889285924243627,9.023880989812103,-21.93971080924087,-14.937974409347412,11.343746095231467,1.7328436079765732,1.7209785570343639,10.008234873557985,3.44678192250597,8.146534080421308,-2.468479842115468,3.7836773931841106,-10.442127435236952,-14.909795714433322,-2.030592071124378,7.850860976233784,1.0390974873647427,-2.017990104781971,-5.421691080758686,-0.9186712588278378,2.737328134839997,0.6921329141070794,2.8644506360619215,0.9338989524749194,2.0923998156880055,3.299063051678413,0.7302217904889339,4.471824473074822,4.725394157316128,-3.326950441602908,-1.6235431745015307,-0.9833712340257004,3.3758261019558105,-2.642388409088673,0.4826666543447689,-3.9068221257871234,3.549056752571926,-0.9649700397383407,2.8604545224880336,3.0
-18.483234811228954,-5.285683944028947,18.474286347457667,6.574682992272946,-8.464286604027164,11.495856900933733,-8.23394822004976,-3.6185030266948797,-5.153271253747785,6.579024126757855,-5.054291142396278,-3.6528320533048757,-3.9301928805762683,-0.5610343314593982,11.733451697548265,0.06476753233496504,-7.026494513985557,4.779850673457735,-6.914638688042126,0.4251936383862618,3.7059808929993627,4.313741773606897,4.951147280772941,9.018636121443198,-8.072829037714843,-8.420696186266028,-7.131298527816293,9.064489457132781,1.477347918771285,9.272690644539006,1.390829160397551,6.746668978891678,-0.779355987589669,-0.3921271108451472,-6.351920787010613,6.049605134586789,-2.606695371103708,-6.597312493878808,1.2685804415830984,1.2449412855580737,6.2292914337676955,10.626622943175157,-2.439442061793844,-3.338646626110554,2.696293143833976,0.5583550220714755,1.0209853373550102,1.9732593432546597,-0.2352620052875771,0.18251063539486917,3.0
16.353824711704227,-20.770618307663593,19.80070584551745,-10.462866170507773,-10.218250334043725,9.025757120725451,2.5404699593612996,9.640497769188762,-1.1143984334704091,-0.12477064414706335,-9.085295882299349,1.1173424865153587,-16.278383230969016,-8.135383615958315,10.629308289363829,7.451616040135856,-0.02819314237857975,-2.643284422811918,13.394759051912125,1.9785106869841347,9.864396300356148,1.1066067830111908,6.751786207026016,13.01333423215461,-1.2248769312923198,-3.2750989451215293,3.548196928847042,2.323841972085701,0.688990381985347,-1.3167043941533558,6.018639678523513,-8.616664898630297,-1.7036277253981371,2.0098774029240145,4.884964168751845,-0.8786949283727495,-6.277972517199437,-1.162093064042595,4.3420167962912055,0.8738981241581236,0.17451614477033023,10.548771578373549,-1.0952356175809945,3.9032032594755592,4.435215537330442,2.016010641417791,1.169207721860899,1.2274078496143315,1.088071228189069,-3.0490434124755392,4.0
54.651362607837854,22.88418012325608,0.5840567581907026,-0.5299617190126011,9.365001872524847,-5.339845825292817,-7.177715633468569,-6.242740432423444,-12.055124108562028,-6.158989249495265,4.054360534471807,-5.407133940388979,7.720514695348592,1.377382393523062,-6.83498068768541,-6.929447499606369,8.043888502759717,-5.719901308987889,-7.088475702967013,-12.8551472798954,5.362649764843094,0.20305672523090287,-4.003343675219174,0.12636833402809314,-2.8814473213533525,-4.931365348852168,-0.5882548263716925,3.0603776213881178,-2.151605567038063,0.2956835924427487,-2.3989493150735406,-0.4125801352011313,0.6323314712943043,-3.541417954955265,-2.2369019575525724,-2.676700624238789,-0.8086989232286896,0.06080387667847883,-0.7240168210547864,-0.15386082809800725,-0.6767589140216034,1.7297339506589449,2.1433627905355688,-0.28171371578267523,0.9200509561835364,1.4095992664741304,1.4751566688219118,-1.4968590784548987,1.0286706699313632,1.0601626281322982,1.0
-33.259721684108506,22.164244357018116,-6.411998035916064,23.659631391114694,6.358909007490187,-10.669612010971267,0.9770086480406089,0.5798730199370503,-4.16967059344465,2.1667429753832295,1.6417045516046256,-3.6022596248396384,-0.43861852958617703,4.167342538896471,3.1707500636188364,4.02496241980178,1.6544441360076054,-0.04739028222317401,-6.12866396141084,-1.0367476958724322,1.261979871969957,4.214936696623734,-0.6938492157635422,4.3877313807050315,4.208636556017485,-1.3425416806421124,6.925053866012153,3.8544225617468744,2.668720522303869,1.806362809632971,0.17062410633733022,-3.5716085712444334,-0.39627182385009363,-0.39625238017974107,2.4827324736996164,0.17887430249685954,-5.602695155919686,0.6114245152051145,0.42459080130926746,-4.050520109079453,1.2309307642916631,-1.1076338273258959,1.0777450846106613,-1.6122967696575836,-0.1783294888673644,-3.2728083635370107,-0.6583828330441212,0.16499837861686117,0.24197052571665045,0.14518240200131327,2.0
-13.511306588217117,-39.16004444024616,-13.418747284580185,13.968655436550556,0.05500941222934274,-9.873790614660045,-0.11344834945542902,16.74738841400085,0.7730310494694294,5.380071266637232,2.1979490208841206,-1.3704208575125083,-0.4766571256689522,1.9607653890496544,1.0156190989015892,2.6254581033055535,-0.11297166631309338,3.1989039746968713,-2.6751978502225917,2.7228375438669348,-1.9163378159125666,2.6069632142362367,3.443633946018408,-4.440228168446993,-3.93559908699401,-0.19627021773989187,2.513257600694593,7.23789636061727,-3.346385848070824,0.6137860250482339,-1.2971422464970772,-4.6533327574594745,-0.9721716476099289,-6.0771633529140505,-0.8393735466335475,2.790384392449947,2.8890558012253416,2.6581418372898096,-2.2345139986273774,-0.39068012364531235,-3.117358800333705,0.10706494434538143,-0.5802004378046294,-3.4613078939622572,1.4317923949693683,-1.5318316230887081,0.8984169259738063,-3.4238125470416665,-1.9286285065844417,0.5094250175322306,2.0
-45.497977646306886,4.195424110744616,9.128372564543374,-20.65382561772704,8.018991722044424,20.256358251821805,-2.5881192856788457,17.997522408437945,-7.60474416270003,3.461611941413887,2.3972246708652616,21.879892177678204,1.7047362381804583,15.72922206460234,-6.831511081618369,5.006260242252335,3.783776672227509,-12.793862460845542,-1.6346737144416876,2.7008551980873574,1.7810170772366043,4.915932408609141,-8.008114466315496,-7.264689376098747,-8.860931794852842,13.44418535541036,-2.8149979466792137,-3.2575602131697807,-9.770766608649145,-5.077153348267552,1.0209751575590278,-6.023392781460042,12.23484116157952,0.21193063383176003,5.7386470191482335,11.674198133509996,-1.407438389868063,-2.4020891637148765,-5.8671416845020055,-7.285902439411788,2.473078684252929,4.572909441698743,-2.065888781628392,5.281380745949834,7.772180827459012,-5.122313389346791,1.7388978207295358,-8.320387300630667,4.100140457369742,7.219039606210896,3.0
23.408345323869494,3.723838192780971,26.552956424893715,25.068187688296813,11.77161887522621,2.4295923532201558,-9.38608980273655,-14.855959337065325,-6.1512231808777535,-3.067182237591263,4.189610074323442,1.19112696680031,-1.6769898418589029,2.3814395273635256,5.384012231581735,-6.2520476197343084,-2.7699949038692093,-13.180606515575674,-5.559695354626371,1.9101178665367518,-1.1645776701168968,4.795258658548527,-4.394774574256681,-7.367663417129298,-3.1411290136136674,1.5097284882160058,0.253075192724762,-0.5868501760688504,5.8149467059415505,-2.91337730214909,-3.8298122460517985,-0.4582778926616085,0.8082856285851834,0.8446563200620392,-3.5679876453118964,1.4007307764394363,3.433143606527317,-3.0194066406335964,2.8083021116009803,-0.07059012231908608,-0.6360487679734226,0.7717087581463968,-5.539216266535206,1.2947572994566454,-1.7478453448473978,-1.577702339120172,0.331158424118158,-1.41170312814542,0.7505274229221223,2.070606078376379,0.0
11.77765977974972,-5.678856990685027,-13.095149769921324,2.2594503723061288,-9.671357841717453,2.3347659858848715,5.877422977333485,-4.021610442482977,1.6895073112121415,-4.4180148504373085,3.9844113225795916,4.732261106209649,-1.2771013586030833,-6.021310088704849,-6.329958123524802,0.3416114521487574,-0.3165860048226631,6.498326192366895,2.933814096052282,-4.503249469101327,-8.044466757014145,-11.258916337013762,-1.1509203370752934,4.882639451743149,-4.425809932460369,-0.9831490750014974,-4.253679412805588,1.0295629655356657,-0.9915605704712227,-4.816186658108476,-1.4264532197135378,1.1104316039853166,-8.440284679927098,-4.79689176865751,-0.9853451875700645,5.1951527064865,-1.2224818443415668,-0.974775699896592,-1.308592227414019,-0.5369892154148231,-3.099938801911975,-8.877093318510012,0.17376313734982274,0.2718635332568314,0.8733230163449539,1.5981007258662174,-1.0382780641103082,-1.0502867820461204,-2.709500347646294,-2.1900527547745643,5.0
31.354458605860014,8.357977643103304,12.564692785921661,16.225794239155146,-4.376966720080692,0.8452985054788849,-6.190114244016482,-5.4307544407138115,-5.124887453090452,-8.905041918483581,-1.0141690493668765,-3.6382830346883717,0.5315497332000747,2.669525300481022,-4.438363410581117,-1.006743202376028,0.7541334596678315,-11.780714689267247,-3.2385861598824706,-1.4306074753370785,-5.202554168287921,3.4860064496664145,5.110154476900332,-2.030303125117512,1.896197070779129,0.3807021678193619,-4.0770884688251,0.2817329020704343,3.171754645803382,-1.9744366815477166,1.3195715459278814,-4.52279462341862,-0.8923429914912583,-1.7547246896704707,-1.5589545008162726,6.534339291857345,0.07166861301563675,0.8458258898854585,-0.36535782629764024,-1.9381894158365196,-1.178079271827258,-0.611719405230589,0.46281427183468726,4.855342990577307,4.273742999627653,2.4610059976211844,0.26920796083213505,3.9667614374869538,-3.2302064959417844,0.02750751070647393,4.0
0.029493518253720794,-0.9396144229925805,11.47049373950056,12.440317435233752,-10.222954845206663,-4.818697471517984,-3.780175503501816,11.710325003161607,11.452527462361656,2.2514390682773135,-7.296872409270847,1.0141366355952373,-4.405917065158861,-3.3962661150151354,-6.195269297972484,-4.416222057554721,-6.277807561686857,-12.785748628709175,-6.603540080028021,-5.273705072513348,0.6468764602385265,-2.9379114414700798,-6.211552193584996,-9.917133419698574,-0.03433858104921155,-4.67474640938741,8.381641425056632,-3.498039575901224,4.584107437076191,2.77367867952157,-5.535100968835142,3.106848790117482,1.648556515164165,4.277121775135148,-0.3588399458345722,-4.696150160971656,3.9043610036033853,-1.4814445998360943,1.2006958696763108,-1.1151869845152456,-0.6645982572692025,0.7301817246517404,5.59082550484253,-4.656671500541117,5.687251833929675,-2.980339549955112,4.52517124130259,-0.8783303341480831,-3.38925314723086,0.6861496095181708,2.0
21.777458567497852,10.864439995028764,-24.49646330945309,-10.309914825765416,-17.19717665703548,-5.40968042576914,-0.1215888623636846,-1.1712399187450901,2.4528297476651093,-7.570133961183712,-6.650141852876104,-5.721362156416649,-5.98709491237461,3.9742223260685208,-10.36570994601343,-2.2733710118177894,2.175171765148273,-0.9161243759646945,0.1918958359634987,2.4292206681589397,-2.5562561097151777,12.168099831354878,-5.620699973505949,10.513528920033242,0.9395799725546343,0.7675458259068773,1.8059051396965697,-1.8299736206587378,2.8728948337899904,-0.6625964971840658,5.3716182682766,0.448828747850035,-1.6709152887558953,8.74132402963466,-6.8598836669469545,-2.518286548854193,-0.37345640376497174,-2.5164779914813,-2.3694576310775886,0.4838083519456961,4.136702033265958,-2.760892261185449,7.087571766531636,-6.96914321684097,5.873251293030835,1.5402203773149519,-0.8234861674015793,0.652633125898684,-1.055629280926088,-1.0635014129153197,3.0
4.088727541629396,9.02002995609557,3.2128564315865664,19.567610401754166,3.4240805664147342,-4.685027939922155,-7.2184561938385325,5.116613485548021,-6.940943622557731,-7.934351830369077,1.103875529402669,1.1662889408963217,-3.7051248937662407,2.9169178589227074,-5.142140541966614,0.6507780222525602,0.0441446345464296,-2.4345566352198267,-2.20496438935013,-3.017419862557035,-5.753785175473778,-0.94322889252345,0.8821016460382866,4.770158992691691,2.610513102365349,-1.81318806666492,-0.5411230554074803,-6.296777629620886,-2.584967428177665,-2.0496827702000484,2.9268731738838514,-0.15487589306203436,0.2370155280992926,0.012942412227473466,0.5452171921608885,1.8616927379008708,-1.5329920310547964,-1.9798089171721687,-4.78948546603369,1.3865644207728847,2.728798068404617,1.5550560962180255,-1.3817085109989782,-1.1059729225396158,-4.0216696842148645,1.9106931890668908,-2.69974077402894,-0.6116303271574512,-1.228407550264506,-0.1092599092773484,4.0
26.26539719040786,11.858299048582445,28.326322446300217,20.171010526654353,9.174408337681754,-8.416850781659717,7.3707255842660055,-11.523109917238413,-5.612752021483955,-2.546414761385713,1.6639319188303936,0.9714721508205328,1.5311895563713533,2.2714204014964743,-2.4684966538090443,-3.0419870572337966,4.339669314089538,-0.4462033736975591,-6.000188289838633,0.9267733476714276,3.44828649738366,0.9304248915085493,-3.8315588681395374,-5.115347519140563,5.945164890400491,3.392091044669257,-1.2390646206107327,2.7112378176488496,1.5006362159511122,-2.492782785326122,-1.806287982968473,-1.4569404230791512,-2.628533800973432,1.9397883577306552,-0.27409158684166063,2.871571261456756,2.256719145224464,0.013123213617295976,4.491828920167411,1.549271230866582,-0.5666941493042753,0.538418476666086,-3.2556233482032497,6.159933304589276,1.369076655235212,-0.17101868138093412,-3.560437071103769,0.6097127152361614,1.386232195674294,0.30072490376188704,5.0
-15.544534627160543,-30.488816930169783,-18.534257455224772,6.055124796417561,-1.363620174851676,9.234968652327959,-12.762457632219835,-13.920620278255873,1.2460917407479437,-6.654038089441921,8.500255419091722,-14.566679029776981,-2.3268933660939717,2.4769477547031054,-5.434669889104712,-10.514009839484014,1.9621271871136683,-8.23277128166058,0.6456825755277706,13.251083243094033,1.0051887321137019,-4.673398591046039,-7.434470901882081,1.761867936260539,-3.3443068649376646,7.091567076148705,-3.0909011345813138,5.002113464529999,-3.658182670090556,6.8865584725234505,5.117866201669012,1.183316227804232,-7.836560935918897,1.3473489868271529,3.3466094192732956,-4.594250731831825,2.4745242256287807,-5.053760453092036,-6.032492019701723,-8.278323236334298,0.819257844156085,4.216275459404,7.776824720933072,0.6356687439522632,5.175961184807835,3.9344205781947545,10.396029596921577,-0.999422548367998,4.027026761280223,2.280989438992943,5.0
-4.449506906294204,2.614618488523614,10.94972771353825,-3.7595847758646244,-13.339675771132354,9.485450329758365,-9.35151552901497,-2.449985234593299,-7.520810908850009,-1.5110703416264768,-6.974140013303509,-7.321866541988517,-0.4103767379862324,1.8065846279909352,-3.3430670974143357,-0.3486409773573008,-4.536625676458409,12.561219883689656,-8.53273060067502,4.7725259808655975,-10.711543428495965,1.6747785733868388,4.482663795271301,-0.5744295924729336,0.8833041742664454,-3.5575808420450272,6.339289657553172,1.7102460542754951,1.2069448561112714,-5.34564953502564,0.6006478494044208,-1.637981042470969,-0.08628992163138656,-2.815342875010699,5.877997901355734,5.91335539309109,0.2754291420271346,0.6492706012747509,4.89219726544686,0.048886838087739456,-3.591140954493925,1.5357272695615762,5.0315272894271335,-0.6815470193011548,-3.2525907128682254,4.2579337859789135,-0.062121754504877,5.525698191754576,6.1612638287298855,0.41569529410796624,2.0
-29.691962201059752,46.49965295270904,-10.489806709949281,18.412070101949357,-4.765338969450253,-8.064052924943521,0.8574054187994281,9.956544596067454,8.56591188100898,-2.885819021563399,-0.035906306758389184,-8.544801388115365,2.123443943829341,-3.299752260297003,12.971211886961354,1.8282010751246853,11.629645994451582,-1.6553522222835548,-2.9904507157259874,-0.6949297675405912,0.6027430623170285,0.2911180160544027,4.435422559600043,-0.45841043658193326,4.069365051410798,-1.9850536164216925,-1.6660634921241673,-4.189438171576383,1.1549320071170701,2.094877736352918,-0.46510453056345,2.5210581894301467,-1.1617561651502513,-1.2678690471879082,-6.340640928505939,6.861068273866426,3.9403320320422845,-6.301579524187709,-1.8265951531216538,1.3418791264394572,-2.3741938928347963,-0.047247813104794964,1.1128835370063819,4.0587817361367815,0.1802353330176205,0.670897141803723,-1.7521848694673645,-2.8217571889782977,-1.1142140634503284,-1.6700259096619323,2.0
-1.8547982043254072,4.353066663472979,9.238070127433579,-19.24035392185784,9.425211177983043,4.994610399541629,-8.304986870338732,-11.950660814102696,0.4244313975839301,-8.768460141347449,-8.263034414843544,7.97759374327725,7.616342022866899,-0.8540929139480838,11.287234740420601,1.9607889032119448,0.19658011239194922,1.0474541955344558,5.549946879706532,-2.9303154224574515,0.43780907109473366,-14.852815257730628,5.280429994127267,5.7040678064230805,6.962083554737768,4.499710422559649,0.2977779199040322,0.7948336991479039,0.8981570456733925,0.48299569080419136,7.586325809487191,8.899274379675,3.7783141641319364,3.657307745621565,-1.9059061644414073,-0.18422988740737564,1.5856137119467222,0.7073844158704333,-1.9661604703103586,-3.4986940922162058,1.0804552869431845,4.706117114174735,2.3871195671941114,-1.6136013569326804,4.239489583773385,0.4449278562994813,-5.600558435137637,-4.862577957176965,2.876812538171587,-2.6894446447463394,5.0
-8.606019306254654,-10.522548203097978,-10.350111477277888,-16.425009357167088,-4.556154677309271,9.749662321983067,-19.77238817552548,0.4332483436802964,-2.10561964074899,-15.55035110903354,-7.436535304329533,-0.5710246568089336,-3.784585452806025,3.3831410209126496,10.073945131813142,1.4923687576321387,-0.4477568829061601,7.548492216464941,-11.854542759934366,3.0878954514491457,6.072569790022185,2.071147884626067,11.997981682623035,-13.15469136056031,10.328454247620732,-2.951464323771102,-10.374638672658028,-6.42209464193417,-9.298731923964159,19.875967211690764,-14.13635899322837,4.357156332169133,11.06004164609587,-4.57715462117161,-0.05773062144020684,5.478822159280789,-4.25251398454606,-3.5317940050207346,6.013382898581765,4.417123109049856,-9.97276672593377,-9.115692518509844,11.025218729220203,-0.6994122470654468,-5.332560986679566,9.297037739705189,0.742544050975286,0.5613055120682017,-1.9655892804263244,4.6230423990570815,4.0
-34.566548016270254,3.3019786611827175,-18.525107911524067,5.756433490437224,9.669540047630546,3.5673864836414038,-24.16324652150028,-8.089466975518233,-2.175339999633087,7.9586356180898665,-4.199306248676871,-0.9639772942931737,10.21102562195772,0.5281034312079292,-14.35644355613385,-7.152277739805575,0.4548539774423583,-0.06909050906562357,-6.356853080654414,13.902094198073243,6.542502212552466,-4.282838361325585,-2.416983085624595,13.051467581826634,4.7521982397646765,5.837878280105817,-16.88624754966769,-0.6135019414728529,3.781619712284106,-4.251065610786408,6.0312422950906655,-6.175213598450906,1.4981210842175183,3.1042386698567106,2.6131628652287096,-1.4209895995807262,6.851544782953648,-7.084982599893695,-0.6899923282283773,-4.651937212374989,-2.953228197216022,-5.989443322314269,-3.8288890686600556,-3.2926127659889635,10.190306396662436,1.0230490443345182,5.853413686739137,-1.3803167457918935,-0.5618498267264177,-0.8773495001687232,4.0
-7.090836124236585,28.585370447711338,-2.488967919802518,-13.335551857508998,-20.14416356899014,8.866971099622676,5.775890843796587,20.874332994818033,2.371037157947695,1.4849711428733334,-2.455739584198313,15.862388016057512,3.4034985869587824,0.4975077444778474,-7.926252032080768,-8.813027163696008,-3.4035412701903898,-8.183304351109223,1.8647157671351637,-1.3136513982501978,-3.770745732107731,7.7108384953593925,-4.8055778296493035,6.034127981197094,1.8345908558876876,-3.870074791971762,3.0484458359535127,-0.30310213878959463,-1.253214437276466,-2.2756046169790296,3.3354518722124786,-0.5380287866670567,5.822169877055439,4.642793080863271,2.0265023453782325,-5.108465368392884,-0.48879485380853,3.0465112265163565,1.6836762078541698,4.044432108885787,-3.4597553564039205,2.9665882726339046,2.6263152231865714,-2.4417404463295456,5.673205872962936,-0.23783983322777003,4.9365008405118225,0.7678458097402001,-1.8947447462438387,-1.9042621639645936,5.0
11.796585487607727,10.362468573406447,22.089699824581007,11.267537557041372,5.0430503815932415,-7.851684065879096,-6.010276439227503,-3.645384538550639,-3.3381014690559674,-5.231914450440917,-5.09671034598586,-2.1229512694792168,-7.139588864611255,1.2075365486086282,-0.644405717532577,-2.767628301617621,0.9273622524431231,-8.765629349066156,-5.346283070475567,-2.125511821585164,-0.6822935333233008,0.8710247117133214,-0.3562445804353361,-1.4321668226846294,3.502812596659381,2.1410664305079727,-1.7774315132438396,-2.6514439990871677,4.772524881408608,-4.4195686315205975,-0.031152062566551682,4.047945795353567,2.7925764788931176,3.154077459157831,-2.2232349941002267,-3.176400327516842,0.1491568949470819,1.3982298267674258,-2.2278804600256366,-2.6760375625870845,0.7917769451172533,-0.8139931205098621,2.0978548348790436,1.1212783753712803,-1.9418605232932713,-0.2784038737178385,-0.753613954731555,2.7855892632649706,-0.32602914436635333,1.7543114556383483,1.0
6.379715559882315,-13.803367392489811,-14.97151219903465,4.595007351061883,-10.45536310389527,-11.699969625035907,7.482345996941883,-0.8050846943346553,-3.4036481894672215,-0.39699090591761926,-5.127886100453265,-15.96812274088971,-11.678783639390218,5.7566641424009815,2.230782699545557,1.8538020216102242,-7.073399785112892,-7.178573347337324,3.4583572793888595,-1.6743746179516321,-3.0331698088557255,-4.518163610279058,-7.775905165528585,-2.0507721224237896,-4.407352979745519,-0.06781471943327544,2.5840516143490118,-7.2724547838504,-5.826255774542657,-1.098157406938883,8.946090411964201,2.8779737369666276,-2.9733747860190998,0.3868716828891718,-1.5672701636870408,0.1588414867379095,-2.01142718283476,8.639670654041467,2.861969144383819,4.714681763536724,2.325040580252118,-1.5252852274163022,-3.577436811086965,1.1262386047158883,-0.6545290954887232,-0.6109389919192049,3.330663699037532,-1.7862133496056447,6.1338188204915465,-0.32228336339777125,3.0
-8.306573546068822,17.154597281160047,2.9515662055851775,16.42201167527078,2.2289627737873507,-11.44767647345318,-8.989134483735794,13.321848211863182,-3.6767875509252965,-2.7437961876027006,1.2905899003780295,-1.5807270081957883,0.1374571755729792,-1.9946323871827052,2.1105878640691884,-0.2679852415307775,4.683346671727525,-1.1982515972715646,-3.641305933257986,0.34321847659977167,-1.0058289873321593,4.758549849882014,1.0008366132950701,1.1810825345395222,2.251028846581561,2.1286183597772257,-4.3013435812153284,7.556356350133317,3.1690225498176727,0.24556187026403395,0.4772061585522348,0.5545278940756645,1.9977768815095138,-3.247832525273204,-2.032517642476135,2.0820695953106405,-0.2485196199651799,-2.592928862148758,1.6031282812445267,-4.665238241697856,0.824847650384556,1.794964673549827,1.5341444616847284,2.933442333612517,0.631896211423862,-2.5205293212232927,-0.4065469703811071,-0.9282612038786412,0.502241538107636,0.9402450081466104,1.0
15.691220340848114,19.069056458115085,-0.6839729836284428,-11.181360746256711,0.5343332458552473,-6.37187903397051,10.029203945608398,-8.90814429157671,-6.8541133044138425,-2.3993779142908416,-0.15425375776429187,2.7645810653094007,-1.4890055981218098,3.621405964310641,-2.0774435618290905,-8.154122986503607,3.1228713092790668,3.3774701818633956,-1.2395321367156262,-5.1825101700437015,-11.432930430820207,2.681643405921131,-4.145615815486807,2.112320048344476,-6.98979216693453,-3.9947965817575817,-3.5667881999064592,3.4968873495569484,-1.270697224545377,0.0078514367628395,0.9329939226127296,6.4803712056438085,3.5187393251115213,-2.597933895863374,5.366882062887891,0.12677231853160853,0.9758724205912267,2.8666924987795896,4.956965758820487,0.023869855974206093,4.399947647367815,0.34988288932513884,0.5499278990328849,0.8424404431220086,2.367866522775035,-1.6116771593955252,2.292098546819784,-4.446843899275798,-3.504893636765997,-1.2987396055262974,5.0
-10.200259596900452,-45.71327810472105,-9.136479926757787,3.014751098378979,-17.54179005105889,13.126052608789983,-9.678262418827076,6.3623959963040715,13.681628411710129,19.87680866832667,0.4056219254104805,0.07130957817097214,-7.335981830207937,-10.313090743781729,-2.6796925669141203,11.295904959495996,4.031720330042353,-3.955444631911073,-7.128782782990805,4.733644661595107,5.534076393795144,-5.781406946591492,0.2040077763560708,-9.144016458201255,-5.00063112697202,-3.4772791260824643,-4.797597823542196,-3.0076292210745557,1.5876035795616734,6.150947007625826,-5.9593138963969325,3.9402062398110678,-10.280744527987348,3.5928122028947165,3.7820846870111713,-1.1483152262585612,-2.1260111882718844,-2.666447741180622,-3.5202898130536706,2.277981312778081,-7.170093563460408,7.137704376747623,-2.0310477872646473,9.61489524840709,-1.2319533819605695,6.049897933260379,-4.891332539257063,3.4880325118442506,2.2737840410952197,2.3527599598591213,5.0
69.30329721212341,-13.973166838180056,6.029283536665443,-8.714641383364116,3.91364130365725,-7.798242649013739,-5.457979348749354,-4.257749838793741,1.3884679900405477,0.6712110198327735,-7.322957884090161,-3.4392899656629914,6.149716241036524,-1.757465962101243,1.8627591996704358,-6.900739525358455,9.344964624227313,-4.441280726285075,1.0167636174901413,-5.095887060650885,4.553680531982295,2.441157006684419,-4.104727415501651,-3.513664219770712,-9.253620139383909,-4.78060770113736,0.2014088815071133,2.2569035484705076,-0.422102383115001,1.6821696311712715,-3.4760625504560774,-8.346992695702735,3.602815313573206,0.24079683530407536,0.6123884753685868,2.489714137746917,-1.7226837249670262,-0.3992483501301119,-3.499858522097169,2.127862395141564,3.880309408559575,3.3798873020756544,-2.222232581406151,-0.39992347825505714,2.7306230982171207,2.168593205555527,-2.3828761166178056,-2.6672098380406264,1.193800211804916,0.7017040601229934,0.0
-6.726674796454045,-24.949352638140315,-13.603601302139054,-19.040067534629102,-1.9311655156931984,-4.244278754834091,-5.021102869216595,-11.451659087152532,-0.7066633069975842,-7.368154873222248,-14.767565472690425,-10.91620541022967,0.4539607013540305,-2.4764813759684756,2.0337142874743517,4.316391366322057,-1.3719811789453866,-7.097819648616796,8.635071377024374,15.507695067675936,12.404330770073289,-1.0776550642975522,-5.797866140839249,-1.5531660844573174,5.776800316516422,3.459710211925315,-0.3192331894765269,-4.192196869809797,-2.5113108058678413,5.237792585058713,-7.889777869721345,-0.3558897152620543,0.601143312143576,-2.137667762192909,0.2759396044190866,-3.605139782509378,6.703117649548705,-8.41691070549562,3.5978926804767815,-4.703057404731813,-9.112127673861382,7.953882153510679,-15.762341661288843,3.201476732499122,-3.5186889502486456,3.0092108517093368,4.050382905939313,2.6421866246928944,-1.3782399329123955,1.3959430485638824,4.0
16.003394182857114,-27.189791130244192,5.041937211028367,10.039056755261557,-1.157882359559088,-11.428149948166475,-1.0710541436001528,-3.7629090134426217,6.71633198212022,2.8054583310913808,-10.638091865117161,-6.271536254447596,2.9677349655588094,1.9688075335529995,-4.340289755875331,-6.150548849328736,1.0660093716459316,-1.5618378436870028,-0.7287294012292374,12.235827261622077,0.03194203638636858,0.779307202252817,-0.591068990157257,-0.7826392081915161,4.830819061671248,7.380458761312288,-0.46885737801735217,1.1263958476960996,2.9305352682351704,-0.936304061295076,-4.4940854861726605,-1.080037569035843,-7.221847694148634,7.9795660934107095,3.118732323575528,-0.4092248885783168,4.0294890033384,-2.662682650703749,2.9258216436482836,-1.2970939326471074,1.52438699304789,-1.1906780731341893,1.2719721144462108,-2.847920645430604,-0.07181888807300933,2.322980522128292,2.1738135861650467,-0.7258866942026034,3.3269198954948584,-1.6582953936270408,2.0
30.09756650978048,13.907469738856888,14.474531151414716,-5.171958977444739,4.743220100079466,-4.937348696384331,-9.973726460724524,-14.385106212800467,-6.9854945263997985,-4.3858669038340565,-9.34064709864335,-6.069168587909101,-4.017222167328138,-3.50570546323799,5.533680644560174,-6.108393197132282,-0.29272179751578714,-5.22274783007224,-2.070035365306863,-1.9706834902144954,-1.7785194242191413,5.910040740479613,-3.165561019233221,-6.179068491257923,-3.777303765500498,-1.871555018481394,-1.4028124554628125,2.9365949365675625,5.950214813005935,-7.5178627718561435,-4.96629662174446,0.22988034194210247,-0.6598604890427409,0.35167380021139133,2.842697287047235,-0.05553653744049191,-1.2903763562167943,1.3942073230377037,-0.30911426542493964,2.8570942723335455,-2.44220229157623,3.3450815385256556,2.415373492746373,-2.367477904717675,2.747427300130696,3.0921367759176035,2.087778920071392,0.9055162430966113,-3.4458427485046323,0.7543965073940636,5.0
16.29595519831543,19.01234954957335,3.5851738933154143,-2.949226380979719,-9.144861522490674,-1.761798474405326,-7.382847237651498,-7.008340490585837,-3.1500017461879106,-7.177145405416729,-6.574001135300813,-6.652216937359127,-6.64239969108157,-0.7689833130200102,-9.04007286549308,4.484921136534522,-1.7161598443563737,2.884269354827949,-0.10255428054953303,-6.391856177738909,-0.7988941837702882,6.2937163736851955,2.695919566388988,9.372768829672843,-2.746864441175431,-0.37087959569443063,-0.061825900537434,-2.4773718367894597,2.4835250656871053,3.7956720606492684,-3.295370385879265,7.256090496850321,-0.2004093779722126,3.033601702112924,-1.956885944687369,0.9257541222718797,2.8445755595976197,0.23413490092445524,1.5518966156271998,-2.1421881371888443,4.504592089976524,2.7641335833643605,0.6656782076575658,1.0199648692369185,2.421901282152511,-3.092883932812126,1.025618989829673,4.933373910104653,-0.4087007171550468,-1.3823300296499637,2.0
-5.588886496869533,-23.570728546973456,25.709498892772558,-20.742588127541072,3.8126300661861663,0.2122561977893367,3.4864901650718285,1.2026434111903952,6.893682031924828,4.707963924582904,-6.376047589276824,-1.085573067684411,11.806437317314595,-11.284615020294671,6.166019206987353,-5.3351454389749335,11.341189857984707,3.0548615078293895,9.37229894757598,-3.821908313817368,-1.0935836457342998,6.078968390381847,-4.707093006779449,-12.03996910807996,13.467574167602807,-9.89868356659912,-12.487250173668887,1.4130579385478161,1.9566063596469156,-1.5410460336007477,13.368170394171587,-3.7749732961972473,-1.804706590894363,2.8885009458791147,-1.2160327671279294,2.3431349853182195,2.730428141640783,-3.5682882137557796,1.8830131217933657,-3.849096437368356,-0.3721499732133691,-0.3124916259276659,-0.25496943732952077,-4.761715393114313,2.868541681031855,3.1713504519922426,2.501069148254907,8.098864213034343,-6.074271001172492,3.244345235088295,2.0
20.97941869450158,7.9828240950783025,-4.817095571423317,-11.103625850943624,6.736765061540019,0.8398214380559276,16.362550777388172,7.287898311465011,-3.6256036341291082,6.664003957882498,-0.8404241615931455,31.982097999909794,6.843122901449895,11.273865166281281,-14.415273295946331,6.561790317872525,6.783536780337977,1.483660566121142,-6.5094311952520725,-5.2558595262837144,-0.020067498155751182,4.672249698475594,-1.616568476724757,-4.099469228212278,0.09881411143588341,1.2486878613141228,-0.1540728690346685,0.8646670514873288,0.8382628674968275,9.848811757080348,4.992947704063262,-4.157868593917098,-0.8663959632808299,4.32165852115038,-5.856388185250773,-3.429430211148959,-2.2463449907677946,-5.23104174305774,-5.23448189652846,-5.497305046234095,-5.2427706194946015,10.66640133955693,-1.6300306785661844,-0.1703970025990591,0.4123358808442642,-6.566738555825511,-4.447402759099602,3.126270592450047,-2.6318464763864764,-2.4922971560130005,0.0
43.79388223413829,33.75428437439048,13.351062875020459,-2.5594516157404232,21.641633386698537,-13.340660034476981,-5.506188589494438,-11.940017513491783,-2.051730918211453,3.365337645061837,3.7694345302268606,2.1246454966606723,0.6995109180722784,5.056300188665746,-11.293005888689235,-10.46554890000713,6.299943933886556,0.07575418094570364,-3.6281649165978616,-4.602929478575006,6.523851734592594,-2.478874703915732,-3.2805480270607714,-2.8929174687972745,3.3719412032026956,-0.59951894638114,0.6793615117704023,1.4426057016882998,0.3740350565131848,-3.618352563603053,-4.024675230145825,2.349209982903517,-0.1862006972538915,-1.568912018636373,-1.9188975011700327,-1.8975412960996654,-3.0273071466126917,-1.451179740598887,0.48029038134524066,1.5340482790181798,-1.1493044904843877,0.76702721618273,1.3505239884072888,3.954006835340061,-1.9897476003770596,1.3478951802605457,-1.3175957037419117,1.4486363951566414,2.7882485758909445,0.6412812951795472,0.0
46.19251135394961,30.06394343230794,0.8341404276974201,-1.5647689711057051,13.715535922284024,-7.273375170634554,-2.5572528239863423,-7.912861099289636,-16.965471408997445,-0.9992433467976537,0.6121941149416351,-5.920959109097724,4.5128511791991475,6.419956723626048,-9.945897143592775,-5.42978517650876,6.615728158818477,2.5906668950621317,-4.64712615195799,-12.666441609094797,7.298512091846475,2.4942052158274546,-8.004052196033715,-5.287623601758959,-1.171248500479868,-3.6114745059169264,-0.951485014372617,3.400010614547885,2.113592954528361,-2.0485642716894956,-1.8396328749613342,-5.087658750530166,0.19264175111688256,0.025229119287427562,4.601293017018616,2.5564633857423846,-0.8717997574207655,0.1934433356156715,-2.929500821259513,3.033767399358071,0.2737186910340532,4.608680070169633,1.8283164021599465,0.6077465793398312,2.8276478414824147,3.1150618640063796,-1.2627381363499888,-2.4102129175171134,-1.923648887098561,3.4731585461014394,0.0
22.113392820837518,-1.0222711834679301,-6.838556999289673,2.074129825685356,-27.460593171726437,9.035269739367221,-2.847137593659062,5.95834085071085,3.6944517993483377,5.739024383515692,-8.157985890944921,-4.924516040148428,4.926843567018599,-1.6395089083743382,-1.8479775643368024,-3.147346974961997,-7.1101656093979715,1.0543069444166402,-10.618179559888517,-3.562325486353574,4.725310623567112,-0.5075156274963056,5.438902010963348,5.804765479265021,-5.5080189252233165,-6.305950183059891,-4.321064164897356,2.177369973918921,3.6250628749618294,-0.4346523538226498,-3.5898675799310937,1.9046664989639552,2.4020408480985043,-4.577848126347614,-3.006068597854053,1.7726218155048046,1.8101427667954748,0.4063848084938708,3.286194232969937,-0.5753139574430913,4.960762875406228,3.347297275346549,-2.080040968615678,-0.3257802842481858,-4.28076000595743,1.5419746913329033,2.563304935323908,-0.5278404043874806,-0.7441826426431892,-3.718349646773687,4.0
16.523746026820387,0.09877751175829187,18.12658507257755,14.870617075539824,0.08481535466865152,4.4265151663426066,-14.730669839776889,10.307321657291197,-8.043698670254965,-10.797255230212514,7.3579499311097205,-0.017984299689176954,0.5355332929871858,2.3781827423729287,-2.486068606360149,-0.6708117837873759,6.636227138293127,3.7889925002858456,-1.414935616667209,-2.998511640906881,3.242733192837845,-0.2981490294872606,-1.8617812530036257,0.4634331519022616,0.15030587405636592,0.9120496175591715,-0.6928235093758764,1.1927208524046358,-1.0358181799979551,1.0085359407958667,3.239957104572066,3.6174977221944355,-0.6209436928219306,-3.127876801307817,-1.7513989966435495,-5.70049194705141,3.1332094526551444,-2.393006840942583,-3.1623791873315374,-4.9109729419015675,0.7756569930810528,-2.6106528757569807,1.8725476284384222,-2.28420429040164,-3.193401104199499,-0.7254973886037263,0.21274586250245012,0.8292810028184089,0.6336060328185048,0.37927154443024796,2.0
4.946522720499769,-10.85635466948834,-23.461679959469063,-8.261994954823697,-6.297173628852337,17.781404980892553,-2.3275531112415524,-19.8438420592286,-2.7202980120472664,6.6790283041192975,20.818331015783954,-18.023669760675386,-8.989748926675844,9.226887052835162,-0.948599746214541,-6.659545059909452,14.688141343779776,9.674936582141862,-0.9207393059372403,6.245692220791249,5.937227874262714,-11.746289889166714,-4.358641566075787,11.478194825395223,12.50515319467854,3.264875269152317,-2.5342382329909223,-9.475663466703457,3.35181937579186,-1.331492527904726,-4.526518268637991,-10.68323266208539,1.3839963560172688,17.331806634505565,-14.906321316238781,3.7834391039596422,8.61960633257522,6.902580275251569,-9.915795082856956,1.0190844632047262,-21.43729680886599,5.742573542622823,2.387737953805028,-3.041397048514991,-4.225641960379752,-7.419096240353028,13.414183127070356,-10.682912827210654,-3.4525914970207903,2.0062881854094488,5.0
24.647827998670078,-4.636776270903784,-7.704695168291448,13.972287621939065,-17.071918406930212,1.3732434631969213,-11.960394931160625,4.957726114620952,6.400651762701219,-1.3043264143807163,-3.008175436111267,-4.06441926641023,-0.40888431752498144,0.009803902047847653,-6.010178329550117,2.7250293349236734,3.953746066478716,-7.8998156707882785,2.344979084578056,1.7452341879401727,-3.287350907827739,-1.0128843654523547,0.78639287782414,4.604033485340155,2.1506174368187914,-1.3216321659883319,-1.156692793914145,-1.2575528135812994,-1.5763217110778545,0.26426007946404445,1.2503525718439719,-3.706361833561281,1.9143973293594891,0.7912734072070429,-0.6580404641337155,0.4469259838421097,1.3128228264825734,-1.9783599838939279,1.2198666889152077,-0.4939248211041804,2.453969343874258,2.134001836432779,-1.5382025045408871,0.7793417681491154,-2.873442584233344,-1.8409651691927424,-1.2178730871494516,0.21501836593592627,0.9155646641519127,1.338703330327629,5.0
-9.293879164440202,6.267325610411061,29.430101537450998,-6.138683728748562,0.1752690825903854,-3.9486736558622306,-5.773115857850912,13.135575336629092,-1.8220655860582244,-4.526335687015891,-6.685157441578371,-2.368211846495148,-4.154232191383982,4.401570784594877,3.562035188616017,-4.889195084628595,-3.5148950330342763,-4.283607998594264,-3.022814312153201,-2.717538649892372,-0.5378497566698478,-7.011540717224672,-0.08604340970424611,2.014297939690226,0.07050274565447223,4.64850686253667,0.7917201497753873,0.09287108539133643,-0.310468832990234,2.8147277652813263,-2.183764514425675,-0.9361823425747043,-0.30148681688562745,5.831589934156235,0.46019377184936516,-1.5786515203146188,-0.558142233310566,1.8958358233206984,-2.391386424173966,-1.9887010120313158,3.1820474074206873,0.08913962422154201,-1.2977321174158776,3.269234293414534,-1.7910233056567346,-1.0721431038720202,1.3813770449096558,0.07593760367889266,-1.5458759560806192,-1.9881743623238424,1.0
-38.65431630669368,8.744622479739798,15.085403234314867,-18.496819680679394,12.74182983364617,9.531605934673344,-8.32526847742213,8.438927391383107,-8.193060640589259,10.738033540781519,7.603035286915185,25.20635582015808,-14.284502237239636,-5.774900328278935,-6.57942725041293,-9.105256312720066,9.334799407457071,2.7842559113967935,3.71383922840619,2.0080665737757832,3.715814532953126,4.678520445126721,0.08648285538545966,6.183639343140511,-0.5315579432683735,2.4413410218969993,-6.6430626328623275,-4.0730928621859075,-4.714074155278795,-7.573498641376998,1.407911153749199,-1.81145901347564,-3.287202218091112,-2.2815394843057564,-4.001555967980279,-1.4494720369338039,-1.63901588877756,2.68336749609246,11.005169140814118,-7.661912998420943,-1.468126176118794,-1.563887260210377,-4.885914262939998,9.244671195957423,10.239433622803213,3.8649403738340853,-1.1259946353116788,-10.907430670900636,6.412509114637345,-3.091566734878698,4.0
-16.194845791406465,-17.638530691062066,-0.25029887251154437,3.039679960429558,13.72441827236178,-16.33740004749994,2.1841516144628237,-0.28000200281411813,8.151876599999389,-6.527318532085789,8.828354848302213,0.29316283750524674,-7.684406705071204,-1.2458645472775784,0.5164636173921293,-1.0336676158183928,9.229960354154274,-0.9946075360770184,-1.537181798108534,-2.0351019344950436,4.161973224320389,-2.7584415318900066,-5.085929395657362,6.54670103562159,-2.894963853893111,2.3233679733654737,2.3017280055051046,-1.9259361435033657,-1.0148910522598364,2.756692872803867,2.1372006915279824,6.094547871383255,-1.2918692983734619,2.049220492604738,-5.272268094911389,1.235610440736425,-2.563404246470183,2.972449509674512,4.230464761202457,-2.0048545635567177,0.15600742222199,-3.9796465261448244,1.8896771105352665,-0.4789766472970317,1.5170962000888246,-3.769548495043022,-1.7196277742929174,-6.259127034453878,-1.5104035250098586,-2.2417411513884424,1.0
28.814724631156615,-1.1986878596448274,8.535510146280224,22.41788875910235,-5.366258014515176,-2.1812314598075506,-0.7842715038426707,-0.14734521627410266,-4.277061152022274,-10.792408471419616,2.596590277657008,-3.115447209097929,8.47640256304613,-0.9210938872827471,-3.6772478801836592,0.6797343749640832,0.9705597102555157,-0.7885162754957915,-0.7827390897592217,1.4696514512658365,2.780368295091237,5.672116195265517,0.48032110034116393,-0.92289479208849,6.281339169284398,-1.9251667309837424,1.4375671809015267,-0.5872817254277559,-1.2001884806997665,0.10064625600993546,0.44467740148219,-4.665227194699029,1.2437043300015378,1.963261216199545,-1.1795406280323604,5.1515959818087085,-3.759470738061556,0.2963293007332409,0.8976259931638969,-0.5254373528204255,2.5514765243378212,0.137575417379906,-3.895676387639759,-0.0452627982613798,-2.339465760109711,-0.292900935116523,-3.353369830805132,1.9367633545884224,0.9685279116974574,1.063618294431619,4.0
1.0889446689518056,-28.753066275625034,-5.556031688944316,12.21493664800916,-19.549548542530545,4.544945736075203,8.681112301232828,-1.188899236717986,11.995457445910231,3.3598841106742396,4.921762868641874,-7.413808243026032,-8.084934036268404,2.8939967876679495,3.7463618466686093,-7.578660869869084,8.441644156452865,4.3880573594655035,-4.514104545308742,9.126578249201204,5.331724334751308,1.3378125869467181,3.6283817893067636,1.2465912271171526,-10.011069440970317,4.836950932811119,-6.177882112722131,3.67775346663189,1.7192626767271182,2.6679542475113744,7.970562407325591,-4.991175523749828,-6.14275221194114,0.6608705084312838,-4.810194230925453,-0.3729912409526509,-8.265023113346137,-1.8342826067857032,0.46670210351427055,2.126481009189304,0.10902370434485764,0.9548270045180763,3.2258239774201307,-3.146615164435722,5.89613485239123,-2.2389469716728527,4.612689547244451,1.987945048412121,0.04868812933620806,4.2629205569801565,3.0
37.66189806099221,11.523555791428652,-7.820521452899582,22.957846479616002,-10.91883644729233,15.951744150932575,-21.79848817300819,4.038300324768748,14.203976246575206,5.351310933605363,3.333948432856203,7.96176788111204,3.0656884370367856,3.4447451360115693,2.593599085794421,-3.560826590794574,7.335851443936394,0.30388150061207864,1.865586732734363,-3.032962202532168,-2.8964480134366033,-13.109853271757444,-0.0743051883600833,1.970793861825787,3.7628426183486536,4.354452589641117,-2.1593500759135154,0.9035836095281947,-4.204937172569073,2.919753773453949,-5.911986150117546,-2.8657673287646563,-5.311762023016963,-7.308940278210937,-0.35629422575849756,4.622349892989754,-0.05526466476764492,-5.929723531439428,1.1726286878128547,-3.07948569637442,1.9780708241029163,0.6024591914431446,2.606795532355966,-2.975722689912227,-7.427406273388572,1.8717569394394684,0.5193439924410646,0.345766824877902,2.212051175302624,-3.7013142962984653,4.0
0.8555545365826879,-11.488739427518052,-19.199473948466498,12.104576091298744,-13.764070878394964,0.6231239885686228,-7.731813528220757,6.581574623859252,10.019101359448603,5.666093415778904,-1.6548888074156123,2.5387221990694284,-2.3371280635291183,0.9890077174632147,3.585963492094148,6.823970201413914,4.332300565752437,-2.496953822882609,-5.265237245061115,-0.5175581736908608,-1.690348698245372,-3.505990410626403,1.7586754148087975,0.7908103148284134,-0.3807833853285783,-5.915545185996843,4.33206276173692,-1.2837936295824348,-1.1036778155658946,-5.236282229566431,-1.2178459646172388,-3.5433576853739996,4.403897381793095,-0.8652033516247057,2.0828407920860776,-3.402425952792769,2.426444890108374,-2.8150144492200653,-3.3177037452365976,-0.544658706259345,3.1610674444803433,5.164171955656584,3.2557444415446537,-1.208726676053121,-1.509851634143298,-1.778103360533484,1.153741395050668,-0.0480847608811585,2.618693098815853,1.3328176213089853,2.0
-7.677249240635017,18.819681305714457,-15.571097730035376,-3.611766990812613,-9.183210009763059,-3.5681069244887254,-7.967573990363326,-9.341468323346989,-5.159284280304077,-17.64763233247256,-0.42315124811148974,-2.8917583694721998,-14.027494871177591,-13.16599164031221,-0.5037857216927937,6.499665229014968,-7.2884821982797146,2.4378203833006826,2.3691299768315575,-2.8359455373713067,0.9700473637254633,-4.528858910441207,-2.6700340377281937,-3.3391546439708777,-6.35928361751089,-4.025483367718918,-7.154241922672792,-2.372695937139935,4.931750592291905,-8.459784663970781,0.10884223911872119,-4.864821503085052,-3.955470467858297,-1.8257529474355307,-4.759795329436237,-0.7317907688965901,-9.238716781282035,5.645261422050307,-1.8885961874330919,-0.8961483626423141,3.1785594694301302,0.6698546086183282,-5.690059538530695,-7.0414985273917985,1.8591080093174301,-2.214876621635017,0.5656168302255593,2.3778381521744194,-6.650283043745882,-1.6978364943340913,5.0
29.562729587127155,7.759013603430686,-11.155433412136816,-0.30221887982149076,4.872664358445318,5.095447726823653,-14.898331638259252,-5.362023047881539,-11.205295342223259,-4.8869339418025115,2.0413076282206473,16.86813459579941,1.3838865465773424,-6.145137155894212,2.525534357537098,8.426555050819236,0.1549495507630147,5.814991238940626,3.252040858744198,2.7951615954963844,-9.157549746705975,-9.706571340896758,1.567784807783229,-3.4251783785080785,3.421876425161744,2.4258622438950086,1.2540482168354061,-2.570717460969991,-4.338188867590832,-3.9949028673538374,0.9557300735225098,0.8592987764652713,0.04608614681713157,2.4364453758623403,1.8988527397162025,-2.2630674107431963,4.793800019105338,0.2106326050234946,-3.6712187637924707,6.8221269451046735,3.9745369411507205,6.553919251914922,-2.0545763924426383,-1.8192539107109769,-0.578436616636882,1.1185152085728993,1.7293325775755397,1.006752624280838,-3.867305852769693,1.0895084809507953,5.0
17.642734749151337,-2.082544259418509,-13.664742653372219,7.784093329790124,9.98013850824947,-6.865782568420682,11.595672756230961,1.172778412197603,-10.651683930137734,-1.3186431320328096,2.940184080614951,18.170116541904502,7.645207076580678,-1.1908742015374816,3.4236833938268156,0.11886692007849962,-6.892356015318234,11.636573216254009,-4.906551682905644,0.9068596351730853,6.396973956345112,5.490557525837137,-0.9185860464442908,0.29878739346521854,2.2477576634702703,1.461832808522042,-1.1941201220381434,-4.883915037921965,-2.752294725986021,4.58969460533352,-2.721711139244777,-0.8483462630255991,0.6464664979367656,-3.0260671746073275,-2.590394577409525,-9.331924784549068,2.1248387923283296,0.427861786977539,-0.3143604566536007,-1.948580158963383,1.5738993884949972,4.6908080247213455,-2.6136899885678435,2.495664459884987,-2.9751789451404966,-3.4993940885925157,0.8901954575054705,-3.1184731400989865,-2.2386745076009134,1.865375536118564,0.0
-18.034525948441157,-18.280353860102466,-24.107786580932498,16.59553054340467,4.984714905767444,-8.945079612081482,-14.716688139021054,1.0738760408774863,11.89536729865284,3.7897302155922175,-8.156835089353102,-9.218906917393582,10.17842495529663,5.928620047332994,-3.3345004598903434,-6.312599772460017,-7.904088309382442,0.007311479273979586,-1.8217841191396016,-0.04895093663304064,-1.6915438045452325,4.052360980052542,-0.3597882494812849,0.8919164442998494,3.847298352663202,-6.571223170731569,0.7139680881845601,1.2065717861022915,-9.22958415802548,0.2701419682302519,-3.5227297849882957,-1.4926549030631282,1.2523318218480664,0.7911591870811217,4.020268440987918,-5.362624999236859,-0.9715026754372713,3.098171985468739,-5.320204007177718,3.005999076209948,-4.181764984486627,-0.8508614801494063,-0.9078693779443352,-5.882442269598878,1.5389845133095887,1.794123994650908,1.3884690202314969,2.940409949360777,3.2804086375682373,-3.6834230420513614,4.0
-8.135536326165086,81.62895832679929,3.9903757983553128,0.9753307691530684,11.683738108065995,-22.098075825277405,10.19914683689239,0.4099352553852762,7.749987186344371,4.081954102837119,-11.099905343846693,-9.195398017155027,-0.8716511865253256,-6.052282307344098,3.9650364471895467,-2.872386746456631,5.754703518538735,-12.641714879093177,2.4958486740695474,8.848001955264246,1.4984370684655377,2.6037367346391043,13.008097034781311,-7.434557662965139,-4.8649495824136055,1.0426870165546998,14.869609255975037,-6.253937260951766,2.9358031197317307,8.350508757554033,6.332196617913874,4.240191067468841,-2.3428580184622643,6.308670646568725,2.3202267697766077,5.036338172999754,3.025218061330046,5.938155705083734,-8.246064189908788,-6.022465161150546,-2.979524464909075,-4.058375067676294,-1.5780993959284613,3.93937559455862,-0.43011282469503065,1.7882258338486268,1.111088586637965,-3.238004322626552,3.9024300077843415,-3.0222056608612147,2.0
-3.3605781284754688,29.024066708151942,12.064376557031421,18.677009085867137,-5.111669779465818,1.1211697982011226,-0.7169183154605435,-5.322855998618025,-7.340391032371128,-6.195886661288003,4.465594477584439,0.5981408396411769,-2.9512566272792147,-1.3156816436916652,3.2532144281158484,-1.8185031782303704,-0.7032355360381651,-1.1782727065205505,-0.7934193036915687,3.0132423985409713,-7.197202348855062,-0.7608858865922661,3.3309218233511184,3.1285538583092185,6.350566442380485,1.5628486700700568,0.6584202837676771,-0.05838719161782763,0.1722496894559977,-1.583373597121648,-3.2750046650161733,1.9963184650819694,-3.227814388922953,-1.1791224202269233,1.3975373004677085,-1.9653665103989613,-0.8953737674266066,-0.2939166391595058,-0.5420399094449511,0.8245670944501264,0.2979006652908157,-1.8364958240715035,-0.31640465825442676,-0.9402543867504215,3.4087175669953496,0.7717581340230977,-2.9156913080512212,2.2396027371130867,-2.9996941930029855,0.32563472001438437,4.0
-25.06375880913655,-8.651207818072594,-30.609648901255202,-5.5587317835031085,-2.2515079938609817,1.9771711320033025,-4.638852462024164,0.25721818999908325,-5.657496148708004,-12.455845272886375,10.262807023912583,3.4211958082262846,-0.34385706829123425,-3.0461956176429332,7.1444014967545675,5.259369026838788,2.0244510271991993,-1.6506468386762927,-8.772277527121945,-3.023179767196435,3.9622339926797645,10.124069278839755,1.0111491329930855,-2.10852016882649,0.8890194831871884,5.917169815993529,5.170678452211139,3.6113447205371276,4.800485950525148,-2.5215844194369166,-0.4089738241410771,-5.063426107497378,1.161415514043327,-0.6050004235417441,0.1791119246088334,-3.148946084917476,4.863550335228873,-2.510591191094853,0.08173471201775688,1.9070124376647388,1.8348765803211782,-1.768617552173589,-2.25459755082303,4.3278346450544545,-0.019995574875960674,-1.3278500041823944,-0.35744954740904983,3.0677129247814543,3.288335372687894,-1.928766094149931,5.0
49.39587371727192,4.709207411735875,-10.79844594325375,-22.58315870560951,14.253064719003927,0.10383156093528847,-7.840292712748005,-12.234453259611103,11.168546030498728,-5.092993443913908,-13.410360391606668,4.447029716508768,-3.631552223443502,-4.957007691422614,0.6971871755941405,0.8280884994673978,12.172089561489239,3.2731606312250916,6.787695361574061,7.311557046377675,-7.663337619117805,-3.332457533348745,1.6457709121136481,5.862743210016706,-4.641621501360339,3.8574061177680092,-1.9866071123113378,4.692188133352837,0.7851129728726579,6.119856181473898,-2.7247136349436873,2.6506022114180516,2.7225801167090156,-4.0624151303385805,-1.9675396852023728,-2.215985256283143,1.0570300061345121,6.660804732758802,-6.030175625613282,-6.011058513628797,0.10984895412401516,3.0937841892116067,-1.525833966108276,-0.35506186930397776,4.04773867932776,-3.314057733974414,2.5808420273914416,6.052665806929268,-0.41911652412827094,3.86305113437414,2.0
-19.28601810361529,-9.915876398902359,6.177358840202361,-28.86079180748924,-1.0202849973343187,10.976115535923983,-3.469477969276369,-8.901562486189706,-20.179767014581614,15.79789759070726,-12.860930804556798,1.9759367509031969,1.1960511823719109,-3.0103062504748768,9.865864977942199,3.4125934970547185,-6.711213503132316,5.339661607424945,-14.686995592292243,7.865921594815774,0.6640189029562372,-4.9799977397002,6.231249151967632,-0.5171533305548444,0.5946669838781568,-1.348931482601173,0.11197076750371265,3.3340037177673287,2.7218545109404366,12.33273223084196,-3.256337545888568,-4.93079509057402,1.6270757618931704,-3.610545003417908,-0.825339393089793,4.595791216742073,-4.06654978594145,-1.9899694524881428,0.04735009634765742,2.022010572291304,-3.635982285752236,-4.578198574252781,1.6860280341145615,-7.26437640212877,-3.3622725317377737,2.869571990369164,-2.7797293963298944,0.1180042029153799,0.5726905707334954,-4.62177413362258,5.0
-3.016733602482656,-27.38371462027968,-10.142736028815815,15.313074296470658,-10.50872265851365,-7.453364580848122,10.293320693418215,11.391008251844914,12.910693908708126,-3.097706197670563,-7.393983491851,-2.341944242087456,9.794633958074913,5.716973353636171,6.20362053624392,-2.7287780682387925,-4.438329317030771,1.1880789681899224,-1.0713032599461134,1.880609484330143,1.1160285061724098,-7.405546460184464,1.4426891857473005,-5.3408365229336985,-0.28197685672441425,-1.624845798187884,-2.959141924122222,5.352446056419579,-5.918129281392384,2.2633465277813323,0.6827747471935792,3.620552050087102,1.5428290667303532,-6.735537262065104,5.036606923974142,5.000737942723918,3.421945994559155,0.4048157973090706,-2.3595697931099693,-0.26233539790898686,2.5189419088686655,0.3221096377333087,-6.533024351032014,1.3889249496674296,8.082007188829651,2.848749929371386,0.762812119510654,-4.184426262380752,3.4546184864577714,-1.019172319014307,1.0
-30.948945973970783,-35.78905511111087,-20.341185911103054,3.5403721142359768,17.182477931721163,-9.18607154405584,-11.383064297681416,-5.0404019723991285,-3.565307615999127,9.106071508365156,0.0559923030397588,-8.424577319787844,10.358540352753513,-2.3870633954052236,10.188202391648247,6.614293911266702,3.9372625134758756,0.18638345645834167,3.646093200750301,0.9893367372703298,1.0919213773858027,3.617366499222046,-8.058554495906915,0.08565488387128323,3.2284126050615094,0.5334626316882725,1.5337255463967063,2.689150385493063,3.6313297028082054,-2.5975552649124882,-0.15020526554161467,1.3133374266518303,4.693211079972622,5.098656541761456,1.9968940932991024,-2.382996172434452,-5.089779301927958,-1.9911322372167861,-1.1566495230429548,-1.189157104907041,5.618390453662346,2.930208649974946,5.388840413236101,-3.6742923898494206,-0.5951681139220835,1.4926641285388422,-1.1742802027343995,3.519494344511835,1.32125015899907,-0.6896805189939551,2.0
-9.816807650072768,-16.03127899348761,15.352306376142687,22.728048045213427,-7.550367929498868,-0.7255548901476386,-4.157185368325175,9.022074069611806,16.73016543044743,7.012819641993134,-6.983549578895452,1.4531729056648155,-0.6335459812921844,0.9561743303924055,-7.9239940359478,-3.944601230726381,-6.7383837487978,-8.985261512482019,-7.759417721046937,-4.509512435559534,2.213183715620345,2.0054099894120596,-5.3138067159444695,-4.457673106718768,2.5791211234699443,-5.684193474719329,9.175407599625371,-4.458986062532997,4.383432088815148,5.551440197024247,-1.397758196070487,0.717042115082575,4.455562295241218,4.658506425734504,-2.5288702288440987,-4.158861538016433,0.18776118810784367,-3.1261077871068434,4.212585554092021,-0.9163161374268338,4.045693257734285,0.3987571639960702,5.726213969628879,-3.1161931344004072,1.7609934998999373,-3.8978640503374127,2.3714017555384084,0.899377540884616,-1.3888861871596603,-0.8708435226107224,2.0
-1.436600821505579,18.026943998497533,11.36852166149513,-8.0048618082623,-14.492942840733534,7.865956584164157,-2.8666354227217337,2.6689604928191755,3.2674671355977902,3.971778588515077,-2.8084981743198387,-6.200346757386516,-3.8566232460299745,-5.6656827564403605,-2.645822298012916,-5.435144978422229,-5.696415205282057,2.131453847402554,6.84860714282395,-1.614471323710563,-14.304960910060236,13.378326603711065,3.63014971483325,0.060373749678327565,-0.8996357677088768,8.30429802442025,2.7767845154351294,5.373889176890823,-1.6324229104761965,-3.1988694056800853,7.10996732668792,0.5138133218687904,2.882907188025288,4.650534097439656,1.2881817297344973,7.438195083170537,4.119060018489391,-4.332190580640994,-1.5810541414756607,3.663346864847652,-7.827359844691479,3.1358940523137253,2.1941220791578866,4.736518108775556,3.145625144843105,-6.687335460564084,-5.237896471969941,6.017792056885732,0.3077903349819004,-4.423886103893244,1.0
-10.423636398391443,-31.243319061692006,2.7456828493864585,-1.4881931535516724,0.11744409577013909,0.4535430251919014,0.28799708764113213,-14.82056740777998,3.629334514374925,-13.538249091155265,-1.370045301872347,-8.1292310220871,6.764929424994615,-14.621646806741603,-15.100224456016795,-1.5456481634010641,-5.184448080837878,3.742385566980271,10.287820455691636,3.167561103806215,2.958784646395054,-3.784314440310041,5.540501928819441,6.994172276677979,0.47485996360955546,-1.692378817572088,-5.476156532595246,2.423285318115124,9.172826351386318,4.43653927925513,7.571541744415308,-6.91197753799018,-1.27335718674679,7.745498794254331,-12.588079795490257,9.509188726299223,2.2989224384046483,-3.2723014504902554,4.1483084306088935,0.04849911014176261,1.6680675961906049,-0.7093240739844681,7.294746171353445,3.1393076231921246,1.1512349437374152,1.7280632213413751,3.18453257193718,-1.4465189143239645,-0.5554951258410433,7.286340960125119,4.0
11.768371655527739,-15.169926351327133,-2.9779039280975628,13.644365470760846,-9.731714328071474,-1.7503647136482314,14.536059429877653,-10.04605601226724,-3.6757624641323563,-3.129627851987876,6.104349061468378,-0.3755226866559942,5.474787186729088,-6.5394811939202615,-11.060862937322053,7.587868873067103,2.1881077456794817,12.82065858339604,1.87898581255614,5.157149395912624,1.1433816538377957,-0.9938177955292534,-2.423398803426582,3.209272640731311,-3.546780497984704,-3.6277526661858746,-3.024326112206229,-0.20674863070190483,4.200585029158584,3.211374741145916,5.095717702261926,0.7877118986414781,0.4096715675088508,3.926958282926261,-3.121237255202527,8.020927248311484,-2.7932751652160146,1.1737079337234433,-0.3563737492149181,2.9746155597679977,-0.24941626171266967,-1.7002344797549251,1.320177140323587,5.777461326982678,2.4603541639168243,-2.7072153149642673,-1.8918442995149716,-1.0954624624253357,-2.6862759243525742,0.4598047074941201,3.0
-7.111379630066159,-19.308819207129556,-8.880692699540518,-5.353780920803101,3.830433272873342,8.423704890603881,-9.920384121451047,-7.2093295644076925,1.9344396417674272,-3.285594860536071,-1.4753100370833792,-0.6873068734845232,12.578406350840226,-7.453712365736968,-16.356060736416822,-0.8367995823085242,-1.9214257924714135,-5.206521655194757,5.515094636496883,-2.8807523812302693,-10.506269672361395,-7.82321001193672,-0.5105744972211773,5.5268504576304025,3.6008119286290756,1.0215834222572218,-3.9733405512073476,0.41969691903648476,8.510879088077855,6.093784226293412,2.3793678620021046,-1.623116406539405,2.2416097589489135,0.9190246600455825,-0.016687784522251895,1.5527895263528992,-0.9761616394393346,-2.849158688894811,-8.777385527516655,0.34221631281583803,1.8994786370207166,-0.057013241379365476,-0.8902720739082104,5.896759275040823,-4.565545880357172,5.949427144985937,-4.657902432422269,-1.4663561364328084,-0.9709639180264757,3.652014360665318,5.0
37.513812903144576,10.742105603021143,28.952062905854493,10.249068075592733,11.619059921201998,-9.721800861716684,-1.3150713374742682,-6.272540775802731,11.96768404050724,3.1095377628346696,0.5868539743880575,5.637017463414411,3.151630393422007,2.421467401376082,-2.9044104278188154,-7.897099463687313,2.4541487415563132,-8.748083620853324,-8.1611747633773,5.325979323856292,5.395592349076191,-6.99728166564573,-1.2102299175544524,-8.767041534641935,6.760395409444195,4.298691371458222,4.0166999453051195,-0.7289502544473937,5.520871768533829,-4.25918332606516,-6.938193109607447,-0.38592880967715765,-3.365381181475082,0.6374277574498142,-3.1176301743363766,-3.1046872531437546,3.6832609393330724,-1.238927447606472,7.4906569887098335,-2.282434844341534,-3.375915481850642,-0.026041418347762524,0.5451446671414878,0.7939468831289848,-3.0651122346079,-1.0233446303612679,1.6064797826156292,-1.180159801360096,4.051916846575443,-1.9585114106673314,0.0
49.94385944716879,17.967694076846914,6.769494780162806,-48.794338880718506,19.292015670719437,-22.55371170015553,2.368025934674386,-2.244537043424688,9.47498308293847,4.463126292712279,12.263959868246237,-2.3406435995665276,-0.3787378370070974,-2.362443434763707,2.0995725448945817,6.161109078815309,-13.717334996381,-2.3119855784508516,7.140727686649902,2.3441478719420448,-0.46666493928765646,2.5890466034313144,-8.198771564423204,-2.9518547038990213,10.433270031525998,-4.942769944782337,-0.3418932482925653,0.29529945496617405,-2.480947376928577,-3.5147912652254023,-0.9413163144732195,-1.6021914142405111,2.6575172188402,0.46552522044339484,0.4020885002182202,8.581835831176301,3.7103250544965642,-7.1502556043318215,-0.8881185916140063,3.085068816514149,1.7634280874844543,1.0485522733596995,-1.5499334833633214,-4.3296652847646255,-4.923352498603135,-2.3645942397997235,-0.021861168813300542,4.054384162373924,-3.1823588891401964,6.898054237534431,5.0
-24.874487956640657,-30.019291285398932,-11.181106030148552,6.673617460821207,8.956878821561537,-0.2690866785058451,-11.959403421879562,-8.80547461610104,-2.917117081826164,-4.174120145277303,5.100124543488163,-4.207841820976082,-1.5440043242845582,2.827423191858625,-5.562135663723164,3.862115077792803,9.488815884324282,0.1542698871573047,-1.5127368959547036,8.151443657622155,0.058299402845258586,-4.262156083710989,-4.464904469189846,6.883952995290821,-1.5511325884285865,-3.032374982180082,4.693884277867124,5.930138937312925,0.09172896232146764,10.721853657966879,6.221729587484791,-1.4492760793210593,-2.8348794590389126,0.0026390631725272495,1.8768469955034603,-7.6613361563317115,-4.255814251724549,-2.3730698567846016,2.7650616504036187,0.047731731453987285,-0.9322707515357098,-7.357593024418733,-5.417173145314205,3.3620468602898765,0.6194069555370486,-3.611060171410642,3.301826555127084,2.753129256965161,-4.859105102267312,-0.32001472268385284,5.0
-8.232039637519716,6.534162118552152,-25.30800662432631,-14.865054688554121,-8.240740203506016,6.407982486679646,-6.509976795186498,-1.6095305981116272,-13.524745011050332,-2.7166501360128144,3.369018016795139,-2.965004716460612,0.6401620907186547,-4.202387441849169,1.4433095950598065,8.189204780744623,0.01811914182993786,-0.26141960958714416,-6.700787141986592,-3.7137391456711777,3.0211683764511186,-3.0258593184565092,-4.326554011431951,-1.1685534988987956,7.394957990353344,-6.454414434083206,-6.990137756294955,-8.140490370659101,-1.138041572826838,0.9173909427295711,-17.62096233553308,4.550609913228364,0.9212126106852615,6.959173752363321,4.0245274287787325,6.151503346015601,2.9144383848501545,5.125182642659277,2.398351501397688,0.037634672559897546,10.728659580426347,0.22773916100825023,0.1650102164646075,1.1679499413766208,3.2363994525246764,-2.0829145071080366,2.364547722504598,4.701787048607575,-2.5882260600406526,-13.186166723979634,5.0
78.73796073256133,-6.199529521248101,18.722806513328102,-32.87106615974448,37.8727036944887,-23.067632970664956,-7.540571323908227,-5.3483907572459275,14.027856863963873,4.100540481659051,28.417193108415532,-5.082824694668375,10.87775839702789,4.19376264567387,-5.258591664759369,-1.0716452970370063,1.0237054158490222,-6.575880899075572,-5.117310472365567,2.3692871864722966,9.442282582649186,-9.876322205348327,5.018559342055129,0.7639863175998592,-1.655381184395362,-3.491027156318474,2.2895073657141496,0.3804554060626345,-6.847827044080308,-1.0695630069181445,1.3510156402293227,4.386226601096179,-1.2561534110633712,-4.4940962567815,-5.8176254729101515,-0.30645770912148806,-4.079771354967135,-2.286484825219367,0.09581351380290094,1.794844652669882,-3.0425580605532643,-0.18741767250139918,-1.2575959749067775,2.4367674785197657,4.856932346638596,3.7174239834304053,1.4496769619170682,4.820079054174831,5.046211086440706,0.31517792366644337,0.0
-0.2450792774619198,-15.323396308738133,-17.676182343014663,3.2986441140986953,-8.103826313961184,-8.300544031175704,12.672697918697363,9.20247871967158,0.401391765367867,3.17470088540608,0.26516283103231486,10.486958927002492,0.6033466586282943,1.75302644361493,5.697882070650663,-8.00609183302575,-5.91056716155418,6.673421775335935,-10.93055897513982,-6.50923967483296,0.7204702719528074,-2.04064872982682,11.29999623478485,-1.293459406105357,-2.6349202070066826,0.25855314075504093,-2.2544398290497374,4.182081974461555,9.874049164139011,0.7568645091550762,-0.3056870010412436,0.09506545964179926,-2.4242818726331357,-2.393983980812225,0.9292585867524707,-3.7175469220927484,5.4152288921787335,8.64087186514038,9.507776070664983,4.155569039412768,1.1854637192157957,-0.8668053738686471,-5.533786166114056,0.44849933036873063,-2.7444185461310466,7.612882288803546,2.8589855305335834,-1.2996148168280672,0.2096035376683278,3.413321769106627,5.0
25.53264564423229,17.97072727509139,-14.54088351984098,-19.259790988819244,-11.097195274055247,-4.5332274863963145,8.809345382756423,2.172916376255853,-7.685310542732011,-8.5720596609501,2.2802015124228516,1.0768317296212235,-7.396492505936052,-3.680417871235526,-8.52617272290986,-2.7288031545349076,1.194176784155932,-3.858551137091629,6.869913710320549,1.0014950434038214,-7.634989671887469,-1.6194440020055185,2.367076348670505,-2.7962989693149822,5.354450036567576,13.688941190794607,-5.494832601797918,2.3546025811818287,-9.209143926705057,-4.6240767465775425,-2.873536796292688,-0.2507247033153572,3.431829742111366,-2.5684896854353765,-4.321721778025088,0.46587494737979745,-1.8383269085473173,-1.272416013404878,4.345241488826802,2.253374663111484,-2.4665096589842,-0.5256709652125006,1.6222640196460418,4.470316143601646,1.8255883718179413,1.3349465782247683,1.3279701718410533,5.183222551417367,-6.210717512515129,-6.038150318632875,5.0
-36.30232645352408,-11.013761210359958,27.814787593505137,-1.6466964891628324,-6.015060817620484,18.156851762281697,0.3227934722024755,14.314900486305069,-13.20401706032751,0.8587269769083183,8.898275337026469,2.554261904260665,-5.158400382808115,4.097611844280862,1.989282590777073,-2.612320686092376,-1.020097314855661,-1.7115125519933065,8.55532433805779,1.707310793991824,9.890402408082652,-5.740709604296563,-7.510065500448445,16.387157068839084,-5.106362507741384,4.900367242675701,7.4754117260852855,0.31643303012689283,0.5802681302361442,3.4702464037009055,5.015828506420362,0.8662500988742067,-4.939030464713369,-2.588809621627143,3.774408892787295,-0.30229043489492746,-5.2220491954615165,2.0747168671285245,1.488207640943254,-0.24659739698111352,-3.1606640304113025,2.962294481711277,7.370174141577249,5.557835184316418,5.74395390253908,6.322359826481445,3.8383257604824954,0.3882049990917817,2.976806831619084,-6.644181532035873,2.0
34.47417101456668,-33.91042544833107,-17.785034327904313,-8.178033201300982,7.581249433225194,0.03221213639089965,10.584277603585617,3.80494172238012,-5.160610263527271,-0.3502131292004238,-10.413523427153777,-6.56582770332467,5.005733779256732,2.5498975172689504,-4.674721628719196,7.899518740365759,1.471974661811689,1.5635799093852556,4.748682452958807,6.065485742366018,-4.960884601078035,1.4586008576753857,8.81105619058784,2.2394007789519716,-0.36217740744316657,-2.0650064089075495,-0.477264230481301,-0.3023843369574885,2.368774951062546,-0.10506399124937041,-0.4560636754596763,5.292463212167773,6.3803782519273975,4.416984773448923,5.93635800845527,-0.6159103059290755,7.926206464029718,1.9893149388478344,-3.0538338822095734,-0.0019387394421362108,-1.4443898648818227,2.2999378387977036,0.943387151908165,-0.5784201270205948,1.9539868887903284,0.17963428408596588,2.691285819078327,1.7130250410470405,3.38377124298372,-1.5396258205195843,4.0
-23.314838093025426,-21.59011659860682,-9.275687203057325,-26.95169370531776,-5.336645668983,21.47687528826315,-11.532377915733782,-20.154701840656763,-5.7347803886031326,6.4075095457063505,6.624624348776539,-8.444174078446865,-0.819967728650865,-4.511013984219481,4.901351110252907,11.91844969554635,7.556125927865908,-5.020983704638024,-3.632901936380347,-2.793320276080471,1.178024674248394,8.77282181121509,6.039373150257214,-11.220410234235263,22.238830644483016,0.9401077931663124,-0.7912187945496161,1.2614647796776823,3.5624196497362046,6.654499653520278,9.708679494780743,16.546731227575982,1.6560795069271421,-8.572222442154215,2.613405377731938,-1.6084728870261584,-16.499895869311942,18.8091076885744,-1.9558491523894936,4.537883592137914,-0.8690967804948359,-6.27858061657408,6.917403598064817,7.5810610760666695,4.103122827086926,-3.2637923362684056,2.189663644821743,-3.328732267965811,5.733307738166213,-3.0274916926827906,5.0
-6.773871385275915,-17.765893452185896,-19.875383009937924,6.461752174535228,5.076034848040133,-0.5523570714522554,-9.19142868405912,-6.204419496818841,1.1874619133208568,7.940633909880877,3.112769583774002,17.223942201108553,-14.298466880477049,1.8524868450446244,1.8993170952541152,9.701723725472647,1.6312710325551623,0.9405989963295162,3.5383935728395297,-0.08726739734672269,10.471795183640355,-1.3737586174630367,8.79646213658297,2.9891265346831712,-0.33420893113751776,2.4092920551249595,-4.23314970771665,19.5449487579253,3.6417590690755866,7.723426294114518,4.190236276896826,1.9011717928542213,3.4761692920641716,-2.2311926181302826,-0.8227821422573511,-9.14405112465835,0.8985280806068747,0.9116280149233686,5.035628958773678,1.5414595925595767,-2.405031578225925,-0.12112759924907439,5.966219342313788,1.3576082537050969,1.4171284259855386,0.780106917101738,-1.9947665875145597,1.3090601999851519,-8.788854300113762,7.913742979816402,4.0
4.418637908674441,25.290622576082473,1.6230784119200468,-25.727744725740145,13.884375945280206,2.7366527817157276,-1.9996635881573732,-15.626446210875086,1.9670736869554815,-4.445047342140907,-9.81135461984047,8.52550807831316,3.95651558327732,-18.64446043226283,14.123113077231386,-1.0252624874727319,2.195789875605239,7.991781023121814,-12.160531467759785,5.202341841442649,-6.956065824657945,-2.0096496601469576,3.8531393767294566,-3.860857307484781,7.193822678745453,3.5638908194269794,6.3946749610986515,8.77691267681827,-8.915195462418202,-5.819932188798623,2.9059573688993563,1.4612008846989002,0.8228736838488282,-4.312642975388965,-2.5979540985847858,1.187271320375352,3.8540943160738537,8.451886078744815,-2.234040833323224,-1.034256658143276,-1.2140349879052388,2.767082322505432,2.8003121242392046,-2.6773275619266683,0.26773010268042124,0.7179993404423307,0.7988823013295154,1.566794821520874,1.1833485096985201,2.9401146870699444,5.0
-26.30954710602234,-31.835916074855604,-7.992106711861851,14.33945465059034,10.968951280487147,-12.039643342709466,1.5834416739172386,7.2675918921308975,7.367581851439846,0.04278036901189212,0.4541852689086134,-4.106590186192622,7.837027283502735,-2.299726272482498,1.108180490492815,-9.658686152683538,-6.148539229670012,1.3735980635668004,-3.525997227893547,-7.253472598160599,-1.1775471945486518,5.380867143759985,4.039276542895509,-11.036409324921468,9.907282955296706,0.8805190122592954,6.075740276192066,4.63544931880178,0.6987811569756043,1.1595168850328685,4.296126691678004,-6.548687301313182,-5.1494924664408295,2.3724638742521043,-0.6533812316182332,5.205078321166794,-5.5220544698246625,1.796242061343364,0.7953782236575119,-0.8145155684359303,-3.983456686522083,2.9639014044346212,1.5656787563362995,-1.0290451800011289,-0.48297972398712824,3.4413806809304943,7.891205319179156,-0.09262993319513882,4.857307323572942,-0.18076387836017288,2.0
14.95364582273452,-46.09654222716051,-14.463303450350772,-4.5743552149672375,3.1305661501071134,-13.325651713924051,6.17857268284878,-7.659505044391796,-6.344431563466966,6.159075760798666,-4.238749375622356,-1.0354441683024085,-5.227914319992325,1.6092412460161352,-0.040979452046827514,7.105231953527596,2.453056766981071,-2.370241252838207,5.0140400231121225,0.9308485419830311,-1.2983757167703993,-4.311583849717468,3.4587629403285383,-0.8340199893503486,1.3600864959014456,-1.874016404636853,2.779394026380917,2.1021308237859677,0.9554644066536161,4.068716215638773,3.3563582328298045,3.342147066547397,0.47611441592783615,-1.0311630156833893,0.16919634990425741,-0.8203110277791759,3.3502260292450616,0.030763094172860484,-2.0437629145880214,3.269595844831632,-1.8372360421597835,-2.3457400182098205,0.11113398518993314,0.26335168186843205,-0.08994051925975464,2.8456323246978132,-0.09251127470917629,0.9242514963832591,1.7121899879080373,-2.3524940636026925,5.0
-3.580051464299597,2.859949239334525,1.2280173923123172,-39.59495298976557,6.834599496424661,1.4518120669684513,-0.4262603317987694,-8.089274603815884,-10.220112202965758,-3.2239691691013035,-18.186607256257457,0.4546390951682575,7.547100958009012,-4.478349757252598,11.556958699182122,4.536841768823381,-8.157888030875178,3.3894694461323325,-9.359779322559689,-2.924253211042027,-2.6789898497142457,-14.545628739249349,1.2699976652854519,2.4648414661101348,0.1377801527830933,10.870080438698484,10.077753678100525,-4.335818559058363,-5.999133449503771,-0.5814692544944351,3.818509327882581,-5.878016967225557,-6.850777029368554,4.997373543139094,4.825333924801169,7.640008605430187,-8.901879094507528,7.097438778492663,2.083556635837473,-4.478371506889692,3.5727513558050723,-5.099053740061667,-1.3902799078581214,-1.4942550990987455,4.441532317015276,-8.221173098792889,0.8032099191864921,1.5382863440729244,-3.382528038606085,3.203335607758167,5.0
8.817451031790872,13.870868643155427,11.16849849702142,-3.367723891490721,-12.37050749234822,4.763071944306148,-4.869226592060014,7.39231184744339,3.2657626212396123,-11.00400205455208,-11.578392821861105,-2.065488116142239,6.179554473189759,9.0470265228989,-2.3340203453125103,1.1730720967162862,-8.08975413503499,-2.17100556810047,4.200035209603615,-8.79488782677579,-0.8646090377216835,-4.115250231829581,2.1080118263639904,3.630778033935839,-3.9779378002646193,5.364495264124927,-0.32501684439223955,2.882413373081675,1.3651293422384683,-0.6212869942997176,-1.6375852744656243,-0.9035317644221545,0.06605363460014571,4.885814793057055,-2.9890090460865757,-3.3553701182375737,1.3147175638200874,1.501251843534391,-2.409684015454722,0.15866467516900468,-4.205593081529816,0.13915562443022864,4.360855116406083,-0.06306513814344161,0.06391891601810236,-1.05903632849215,-1.7133568890582491,-3.4187389461969255,-4.510793271592445,-2.4517558037696108,5.0
-28.38407791064558,-3.9389780490803754,32.71556814068483,-3.6887937276544003,1.2998334567841954,-0.2671667963912813,3.287356411606138,12.922401569835515,-2.1402593669202297,1.366701378782331,2.043270627206575,-3.1630945055064412,-7.36295793702648,-6.274575212510842,4.156561741307243,-5.435373295955444,1.4115848861750395,5.303200313865993,5.899759921081587,-0.4911246527660604,-2.286110836194159,-1.4039024361905317,-4.837064899067263,2.2628487296684803,4.392965064047681,2.4552632746814687,2.447934193823195,0.7571581915957749,-5.489473662078447,2.264362839996448,-0.7580682545129295,-0.8565906946289723,3.021461593310641,-3.1014113008170807,4.127450770851483,-2.3800244262306016,6.049717029975073,4.939864913232995,-1.9050044753386925,-3.5926657880461548,-0.3420485195267184,-0.383047683531011,2.74607436650826,5.228864262116878,-2.2099208267386463,0.034333146053697146,2.9458577682632643,2.6169472767994892,-3.4605246079091434,-6.859793228182875,2.0
-12.748897328519048,-24.2805302268147,-20.805980934266824,3.2867581806800783,-5.7100835861616535,-4.850265050060974,-2.500795065072121,-4.038020747605334,9.15669858784093,-6.008040175565918,2.1482740763674895,-5.572641074153263,-11.938886857862585,-1.3660656072812034,6.258440112791922,3.7892861740288786,6.7869966934663,-1.7823832233525745,1.6487152692903062,1.655578292427786,1.2066619140375046,-3.6308156212897966,-8.489436839393194,0.4754224502710601,-8.365004693165474,3.340959780835807,-2.5993387754313324,-8.736649227864849,-2.1308406150713384,1.9537572387851747,2.9425607592088423,-1.4266519430514955,-0.1178577740764825,-2.2843122447134223,-1.6498683508840306,-0.24467470710967557,0.6438041898438921,-4.387884923833991,-2.290080949558422,5.79087703078789,7.095895051779586,-6.228507186028343,-2.1761267791837717,5.212777141727563,-4.073544245035719,0.8090501864451487,-0.8967705882848496,5.928378344497949,-7.487240051687036,2.700389687400243,3.0
-24.2148427599957,-29.93906043683775,0.02457031630984961,1.8032990717933888,-7.32165593935356,0.273235787562968,11.42312179400706,-6.426499369310727,18.721568154866244,-3.9880906138948484,4.277268769687556,5.3047802124747445,-12.128698132834526,-24.1269296423506,0.8066572294472532,-0.7051273794245925,-2.5714772152592404,-5.275435936870488,5.027770603423075,2.713461218023103,8.670776636654375,-5.685262478760478,-0.11751025206691074,-2.1263565597771272,-3.5024458863492502,0.06625001724009714,-7.501899375750592,4.448378113139005,-0.2937934274769266,-0.20663359045523608,-2.92782541116984,-2.8908313915836286,2.0073701397453725,-0.2550260422585974,-5.2820993637674665,8.374312487309698,-0.6665906491208501,-1.6415742542445524,-3.7772397020668445,-0.8258911279248082,3.091029693077428,-7.50738821544809,1.9967227236563416,-0.9627937231372896,3.999541273822369,0.9894545441313227,1.7919644278800746,-1.5540736337207848,-1.318550651782638,1.6280713970146703,2.0
27.12887040847994,-11.31466577492826,6.805032892640732,2.1694548709560326,-11.951993605180295,-9.593812989093768,-1.8351046307357468,20.3755118717538,8.552595321885036,-4.537919819635112,18.810752531377762,-8.251537844075527,6.944507077499236,3.0801398564799594,-4.212764574310235,10.613529491489347,-11.080122426155716,7.293510999451557,-0.8605734268260788,2.8139713957245482,2.78874989234302,1.2976734916007664,2.5246207358126473,5.780683567990811,3.3404758794689533,-11.05426838229887,3.0190170037210096,2.4374579324038446,1.2639709227470313,-0.4058595726766586,1.8353492867348873,-5.2145120569222625,5.116324515641881,-2.805682245861426,2.5803041485186453,0.6235332405790659,-1.3334511286762738,1.3544935624494734,-0.873230989237759,-2.2056035068288287,2.291786627227549,-0.9036070316347822,-3.083688729994709,-1.6481864760349954,2.2052138245187107,-2.820043694511126,0.47265032151763864,-4.1906541429507564,-1.9554738367315785,2.433209903449354,3.0
7.817434603929569,-22.331026152359097,30.16965740818331,-12.885722093165985,6.173677859813476,-12.439521398215437,15.067189976859325,1.5905677129611102,-6.80911211318235,18.062319512178167,-2.5073235021366913,-3.590286403542624,-10.318615862065457,-11.429060335682328,2.297884998832327,-0.5712810424621977,3.627609982162456,6.259141018042725,1.9241551521287923,1.606127583097725,1.8681358269289992,2.27508582496788,-1.489505522522964,4.819079453099816,0.34706090530431816,0.29082152049329957,-0.4161873671738824,-2.233038774611946,-6.9271919775386275,-2.9065072029573797,-1.2235165738458764,-0.43494699345720983,-0.9517309840832208,-3.9234769283700213,0.30939097577338637,-6.01023319385505,1.3269476892724499,-0.9944256897145113,-0.6704769248764262,2.2156496619447923,0.46651377982589004,2.0041696709309864,1.208339729830907,-3.9026563534927527,-5.955146308353397,0.822284227194421,-2.66091491691984,-4.099948063319785,-2.69796190344183,-1.5037434457954162,1.0
18.77511109927383,33.83928851464618,4.613365702517936,-0.14857272887240888,-0.6814066900314115,-0.5092794491333873,-5.935469863088875,-6.942093725302676,-2.091664631099106,-6.033938410191651,-1.8525088334554274,2.1149312282769683,-5.473318302419081,0.9937348970573132,-4.867745666886479,-3.2240814711242556,2.0874147166197137,-1.316634923703386,-3.350222900553412,-2.5694475522772784,-2.75649612315781,-3.1854608297397835,-1.9085092859562296,-5.462249108588024,0.8878323075690763,3.078941156780779,4.6400901103732455,-3.0860655103720047,0.7851310523039743,-6.2055646753737586,5.436043939421454,8.190483891123641,-7.584750937826217,-0.5893435012307136,4.3213044598540495,-3.3484249504061743,0.00897665499760916,3.200549910299752,-6.372886657740685,-1.652393610589058,-4.976940825674885,1.8146576427555126,0.3913616190474391,0.20859664152164603,-2.938048304211261,3.4825330592246915,0.9402221016667638,6.443062035447428,0.5193981716445327,0.1247062622771056,3.0
17.979703112828535,-5.794868994855453,-18.158613260884525,3.8146296226803127,-9.959378973599089,-3.7722104962533725,4.602925699670054,1.2601919219798168,10.594813672542765,-8.292317920224516,-6.780374013325184,5.813723641084142,3.9570875464559174,5.988235530699048,-6.224758964663808,-6.8852114841869145,-5.908495661294649,-9.317219392305724,3.28381203874199,2.0272856307591396,-6.483803859023796,-0.1281166072908568,-2.4417889035897233,0.09520320601362209,-0.09805705118713692,1.41429899225666,0.8931725699075616,1.2575083030156124,-0.007757334637222548,5.906038078214915,7.553966640390889,-6.32741638616617,-0.5524033811397638,-1.8274129489324857,2.9693868373142354,3.3747953455580215,3.6902539448170666,-4.238267735398887,-0.3958336844734565,1.9289985879155824,6.276571171415274,-2.1485783696091447,3.223005528181761,0.18259466011007203,0.961823583825831,4.1381892046758395,-0.4939187803969215,-0.6240778816348761,-1.1572755964703232,-3.0806214658795685,5.0
20.539583109712854,13.026692643054643,-9.65156601834846,-0.7291282063206127,12.782667837160101,-20.670243266218275,9.68431418116669,7.501214185972918,-10.06868409962782,5.733467751097403,-4.035577661662829,10.619242038780309,3.675706408505775,3.6088889618447078,0.6882723658212295,-5.510856144314829,0.5585804102084629,9.889939503679168,1.1818668771776242,-5.4240157884914115,0.9784196746430199,2.164872358519098,-6.844449015502433,2.2151943300557466,-1.0681924132404843,-0.02795619838519591,-4.816323406370365,2.070984403490368,3.4623193808891677,-4.225505779867988,0.1187224396685664,1.0736270130272076,2.2415425056201217,-1.5935869441584687,6.505985851594091,-1.3750512264864516,0.2870640954593052,-4.707193860334229,-4.2292011841112975,2.33737019848434,0.5970617230029923,4.974840254991727,3.983611353133433,1.8659194786419044,-0.3620186202419087,-0.3267820912595844,-2.517977962598785,-6.670965413444574,-0.24043220511036753,-2.390935386759062,2.0
-31.896557428051825,6.918521950506933,-6.807812860811595,-11.43583471406125,3.284035418625013,24.176983338397445,-23.69352066904845,-21.48903738365807,-2.317975048459451,-3.059605663421868,-2.0388795773797725,2.207915631409001,-4.6841823901494415,8.37973595346876,-9.117644208249931,5.966839041528848,0.005637346151102769,-7.5394588999609775,4.9231638785444,2.8610823779254244,-4.988431316523412,2.1367575279119078,-2.2183230394177165,-13.396754999116986,9.4258667364858,-8.071999798605137,-6.4486270040777685,11.278467412174432,-1.3845696642724754,7.093199166378172,-3.456530285210984,1.749298524835691,3.6692017955450833,-16.10460633335312,10.122613464867825,-0.5472861417669642,-14.995449157942156,-0.652702127649615,-11.202798482093622,2.922434872335337,-4.334075160851578,-4.859456874740339,-2.6670216929018356,-6.481722855196158,5.224620163199897,-5.609166834435458,2.006890479156729,-4.71421100936609,2.6820506754137488,-5.024167721384946,5.0
41.70690007895124,9.114861791616967,-30.035341186185207,-17.725109931312105,-24.522352852712608,9.701873307399117,-0.26211420983561456,9.75320763907202,5.536371631733637,6.120962492980336,15.711918866174203,-7.0450641100915865,3.290904143508347,5.310855421606365,5.522059179521708,3.3264910063479585,2.9424993932896686,1.2909021500223212,1.5858378832465434,6.6310508041269065,3.9016494280365803,-4.889427378571875,-11.632493472997016,1.4433428921907427,8.64251847025135,7.317054033784537,3.1108386282711344,4.826318288574362,2.510126597480622,0.14095514239223855,-2.6175096791135353,-3.155956367776729,-10.812725327235325,-7.0652847109413655,1.4898492936918524,-3.326509354560878,0.5693196093337742,-3.958940721406467,-0.5676788472309782,-5.327116518843695e-05,-0.59929826999266,0.6264708848824887,1.6610115997084796,-1.0851009207408977,0.6038647461151402,3.282274357148246,0.030043725243260874,0.002614439930734792,-5.836027804261586,-3.219106500402315,5.0
-0.6681088117281985,-11.13924186628905,8.536963605420894,-4.975098070205141,6.139919086064574,-9.068985848522429,-7.549112505204244,6.156114397604729,0.5019378866605934,-4.514125283115926,0.9076763836524924,2.671357790449812,-5.0729048214909165,-27.912205182047384,-0.9654623878778974,8.596250790431663,0.31408175352341633,-0.6283585622248735,3.4045953757551404,-3.877792262216361,4.991704798690786,4.713421874062955,-0.04912954503109437,2.12594357361941,-3.0947961228591137,-0.13444500649802768,-8.110638625701313,7.473116690189153,-5.1483359004077975,-3.4645599711685353,-6.63988653998951,-0.3221498722881757,0.22662722101586785,2.464005074949226,-1.6888884994335638,-0.3969577472617597,4.392403766317163,-0.9886266378070387,-4.039085589374072,1.62088793597327,-2.2433769178256893,-1.1312846972382677,-2.105365801070851,-1.1285500149548413,-3.1735978298461305,-2.722927950487128,0.7079858386787777,-2.581239806430191,2.4357466354239716,-0.4765638961712201,2.0
-13.962103448743123,14.40535924076103,22.53511997262264,-16.67172031392907,0.5210721228794761,-5.765041250711847,-5.3627638965291435,16.44825201589556,6.651765277380302,5.436921945598009,14.20146257625874,-4.575387464401329,-14.907238167412194,-0.41125043249476345,-0.570999575342072,-1.8258303118876147,-4.293292068585864,3.9192441755196237,5.640848439041173,-0.3379057615410592,-4.890835986345884,-4.252374048598612,-1.6277970122201413,2.8506841159619984,0.9177987348411343,2.947307643359946,4.668161759161625,-1.2944530829895597,-0.9385652985510766,3.166034453267418,-0.7731167851296192,-1.5517146703555882,3.9292271855343572,-4.17336577690362,6.734642033364089,-1.9150774527129402,4.192579442658582,3.396226556978652,3.2030944169778786,-4.094109898570292,0.4366745360635231,-0.4670923726859135,-0.6289570332495945,-0.2847712417224226,-3.8757385679510916,-2.14227721622081,-0.3137022460453415,-1.018404397039841,0.10200527002836662,-1.157074402567252,1.0
72.31733256795978,-51.88446240637092,2.3241016489457254,-16.740428849455075,-0.38272588524685236,3.8557863526785288,-38.460702072370324,14.34224932923305,-8.726124791311554,6.244244474240434,0.8974826071410971,-7.593441748310705,-18.277864694967054,-1.1855347649961743,-7.235011977304079,-6.05643316696521,11.419911243323256,-4.597852550765202,21.177759494865604,-4.288911579468924,10.817941679930042,-5.353038440200398,20.059510135214754,-16.06095840439214,-21.443090164214365,-7.112688995428748,6.248424593633037,0.22629352149388116,-15.040862677045348,-7.09467755552789,3.9435541745996074,3.1824945103729125,-3.1619114674871076,7.381642203997675,-2.081467410082961,1.5469962263663748,10.028498068531883,-2.334949440187194,6.230669380312081,16.58833050083491,5.294232929563177,-6.31890428059328,-4.199494315345365,4.002247425492342,-0.2526128622239519,-14.470865752965684,3.561290612106221,2.3266341379880964,0.16841798480727035,3.7543923273386173,2.0
-17.68449034437837,-0.3831308299778258,-16.778159690114684,3.221022944970396,-15.95705509795248,0.6340436794201967,7.233188947332699,11.366745999693155,3.5291897543052686,-6.1983194055472985,10.278353775685819,2.2017276598907363,-23.624433086074333,8.611620018599874,14.603105071922782,-7.9972011217697085,6.896192592073894,9.387598529776294,-1.7010593533926548,-8.504671132105202,1.3166429751781923,-8.897123521608126,0.36685172763943263,-0.3934284645486568,-0.7910960448879971,-4.310032719505698,-0.8410518130370719,-10.30532879354985,-2.816280598912216,1.1319410819770575,-0.34399674877359776,-0.10031833942429061,15.15772769104137,3.8226782318453827,1.009831376964797,6.581269160202914,-2.6621972751673315,-10.777779409352807,1.939630854083561,-0.40461071718238467,-4.0157539710658146,-2.8647729436368894,-7.17672614068602,0.33569111070414054,0.09146955554981044,-6.572615148648534,1.0729446751104799,5.130299516845033,1.6422356314706161,5.758583723808775,3.0
25.165883782135978,-4.232085874275605,4.2260395131974136,-5.0631306061809225,-19.926252079332805,-0.8171521995881633,9.98878592654653,6.0996238339188,-4.1987709093729455,-14.687664383468144,-1.0146727657923234,-5.875776382327186,10.441854575179994,0.9584051727987389,-9.085246841965997,0.04395997615525104,2.805862846209926,4.934868509630576,2.867645315022707,1.2330604031901464,-0.7681294477808848,-2.0773847680921764,3.481157738805349,-0.8974943662092968,7.638537488843034,0.9504653319007006,2.4632826875652327,3.3728756809742486,0.8474670629006544,-2.3888566728943617,0.8490821476539803,-3.49599657013531,-0.7235414176500097,-0.3430490294658942,-0.3221492636012164,-0.8395243634646009,-0.8168074308483149,2.6647566500865714,7.032311131565009,-0.7063479797425612,-0.11037743080308289,-0.9817829973514409,3.299188396228159,0.08232085695137312,4.7567460324662125,-0.9622911996141846,-1.6627253086439937,0.2279691742134827,-1.6222792441088922,-1.3411205211343464,5.0
-0.3216625270416104,13.651231657351522,23.045131215099225,-5.5475190009470055,-5.91206455387844,-4.517945719532766,-3.798574762209899,13.035865215030977,6.470184827673528,5.604591673626737,3.5316431551793714,-3.8681134927567493,-12.78748955616532,-3.821564610569381,-1.5075637964955686,-5.858005443981694,1.239872870543377,2.0705207360783113,-4.091318477357875,-1.5013269169691374,-0.48311202855573354,-3.6957077978893693,-8.186672382687288,6.349839989137676,-1.848554246370473,0.6994116518741985,-4.5961235948751185,-1.0696273930198812,-3.1373152876800634,7.807250713467661,7.623429504239455,2.027185142477349,-6.191661578832858,-2.6344604684157122,6.4547783370911,-7.121954350505801,4.734100217181725,0.34462741868151187,-1.988568842669048,-0.8699860073084129,-0.30075542031920655,-0.28956046297902677,-2.3963887057013036,1.7531387378563459,-4.524418880784658,2.8051461608353048,0.9522360326061043,1.2175729353342062,3.0009357199364257,1.6471537210294345,3.0
9.592053635533828,41.768825939880095,-9.068850850910781,10.627592886811316,-15.988366024323344,16.314869063586222,-4.9258985413513185,-3.40587203407839,0.3089994480430801,0.9256464262067738,9.11151050180776,4.348402555419198,0.47197459088524996,2.3122338441527126,-4.268387986424459,-8.74200887970158,-0.44803208203905137,1.6597175887349722,-1.899106987870225,4.41172091736258,-1.1494341327538642,0.7732809557770848,0.24621097829228375,-3.325493158786143,-0.19119525443859817,13.86014323381431,-7.574226856216889,7.369241345259903,0.14034014990678617,-5.887945792123319,4.987530699018727,7.667136871889716,-6.629473204595217,-3.90430439646576,6.59228203482882,-2.5053547721295963,2.4074860672473593,-3.5624976483277164,0.15307969775981256,0.657882471198783,-3.978751199122791,-4.428692393602818,5.671642982361001,1.0480616790801487,4.232103829990537,0.6890345337486303,-1.710646191981231,2.6703528974806168,-4.556136995669803,-1.1889957078185276,5.0
-12.545326684062658,24.95922991978438,2.227587955697515,-13.008501926538695,-8.791414771888753,12.22512704849712,-5.785820756601374,21.49933528569285,-9.870377526621343,-10.064646912985953,-4.483854133801309,18.69177466900448,0.678449251277196,4.348577492303304,-2.39348572387776,-14.190237023260162,-5.3015362411730145,-6.832892685609748,-0.5258288684428161,11.084868161286845,-1.3951597448112552,6.732319432035402,-1.753810867919428,12.594528832420432,-2.8023908691454067,-6.744831900950943,-2.84997179591225,0.5677203529927299,-1.5396956549331837,-8.686693796195922,-2.1849351947556968,-0.9891093020608134,-1.6246994447776648,0.24715509733656973,0.6919316782826647,-0.6397015651881386,1.7280039879643807,3.313127668547487,-9.345917301002316,3.112337372239785,0.720727796447249,-2.1294951655842542,-5.159836006415407,3.9857231773382535,-1.6426746256037135,0.8550808743277479,5.612574068902302,-2.3969457487412997,-1.1264019066750333,1.9097741896547888,5.0
3.593807908550962,21.80913904891636,3.8790949430532335,19.789105280611253,7.949039636758147,-4.700826592056327,-13.66323629048975,-0.35633857836999344,-5.846260384468422,-5.216792001694769,-3.0397536456344247,4.350755150754058,-11.20364433766299,5.068224640623897,-3.4101042507429757,3.429211287950979,-4.117453629086748,1.5321431810249035,-1.2114331029435357,-4.319729877305821,0.6139685392953369,2.7297878467748777,5.469303389233129,2.2850198122440455,0.7312157886859112,3.2156006610792875,-3.878572374028712,-1.5579971858033603,4.287135773053728,-2.1607459017626853,6.771654688570416,-1.2475990258152874,-4.759442490305598,-1.734519935710253,-4.211036267510209,2.4441618890061054,-2.2816686266033708,-2.879934014896066,-4.1256591945837995,-0.3921347450353906,2.1389340997342865,-0.002248265191055699,-0.20802864733639767,1.9149475656699158,1.8224925579004545,1.9242028102717132,1.9704181510584249,-4.156821869515171,-2.10230526906672,-1.3284217544472883,1.0
-58.12202041125649,14.321588761263905,-26.107453407864053,13.83924529148599,22.926638382993396,-6.793342097732,-11.712906148997027,-3.854971096555002,3.7222485504271856,-3.4389153917175967,0.27688103342343695,-6.680919386252291,21.52006479346867,-2.4480388709032663,0.49979022065519335,-13.363933139885091,-9.200200244114832,-4.474877382942771,1.4597530275451378,2.8182011384664065,-4.236279926161082,-1.7343811263749127,-4.131544327287631,0.48982283097499296,-0.25865425687407523,0.7899215759893402,-5.5933843035320345,-3.0012906283357514,-8.629234198462822,-6.235383310769173,5.088572582615857,-8.346364510691323,-2.1734112353036967,1.716648725328165,-6.606967400087346,-8.066759224781876,-0.30044537493429474,0.9422318863663434,7.843960484652681,3.3308654019002635,-4.600263879810847,2.3968163298709007,-1.7248571238288595,-5.02716074501014,-1.106861290198838,0.7212833723433325,-5.014902391688041,4.428490453911156,0.645999971888796,-2.055365591494302,3.0
-5.599808515605421,1.7617881155792665,11.808922341329607,3.2370287279902,-7.256654663687046,2.237285884282017,5.7174098121907395,2.495239027710664,1.2187395935543388,-14.783343304309053,-2.7378648629367732,2.7905047149714313,5.118604623171301,8.791691913466233,-5.557222213499695,7.797647980981245,1.8096272922978545,-0.20685336891546804,0.10130181299582813,-3.624023289725612,-5.267238804144719,2.9277677463855722,0.989304119679856,-1.6898950736445222,0.7677456034269328,-1.2446433551110938,-7.214500997663389,-9.611920022313981,-2.5062963612263287,3.5637920078084484,2.8248052708676847,-0.5488053247615187,-0.1530869252037246,2.655445983534279,-0.531538106278653,-3.2778051606024925,0.7805216024887313,4.417870326707823,-1.1990369592533558,-2.2040076441247445,1.1987590926800817,1.6051110857084145,-0.6961502162829066,-1.537778879476063,-0.9734860279303061,0.02508363466517594,-2.6023084708374635,1.9964928085997409,-3.9297817460155673,2.5750393416107227,2.0
-5.5537701768372125,-31.86129856419522,-14.261114376767182,3.9580368253308698,-7.395348348391582,-6.980330875821227,26.402296419417333,-5.831385299677207,-3.6175828193762976,-0.38764225994603146,8.649744271944098,-2.505234801239294,-16.265825289179517,15.946913030540637,7.891370526628833,-8.042826829953187,5.579438024510749,1.4314428241680128,-4.032548138322939,-3.4457838863697674,2.5225414490748452,-2.54176310464549,1.092996195288039,1.2440304412571397,-3.305274969306026,-2.5749654121721464,4.731441977543848,-4.040235497182131,6.44499280389872,-0.9651518680490211,3.228509045788033,2.816008933791252,-0.6303552799590801,-1.4096107939559597,0.260167397978269,1.812876966129892,0.4326529020179721,-0.5767190673786187,-2.8963820418770223,-6.456711194461571,-3.345864141578266,1.6326379659730035,1.193511080710626,0.2949197339327915,1.9644715972164175,-1.5067283132756917,2.969933839327358,-4.520115385870988,1.1065768705900032,-0.9195995117910382,5.0
27.86831276412788,9.713726443164367,10.705341797496605,11.655723329263726,-2.599849973563293,-3.796576506283411,-9.897408553032662,4.061146379144587,-4.478629009650532,-6.5786797988426775,3.567832290018804,3.6613354399418925,-4.121788086155739,-0.6958148646065618,-1.6228071496344134,-5.987170394278515,7.103418022998387,-3.414976653774807,0.4111896509428951,-1.1007114374629379,-3.822293149940583,-5.025923976844732,2.109437781332742,5.535055417828939,1.253014996400768,-2.6353265181079775,0.3224600188988223,-1.0066247816743643,-2.9802461840449306,-0.1488534111925057,-0.597669295927756,-2.3082860867145065,3.8744008414196807,-2.936363918068833,1.6529400205763394,-6.483141291290125,0.8659026225796549,0.12671526153556337,1.2717271850918699,0.4468883569809868,2.4287588401318714,1.1634532605620356,-2.3848024752018184,1.0341472181829803,2.306312722894407,0.8883042662937667,-1.4338052430314294,-0.6266033350612384,1.5752837353349092,1.9122777662167647,2.0
68.2708677252135,9.055225553382991,-0.5804762014601307,-3.8514388730529436,3.9520759179002587,-5.1761853799887945,2.983612922636663,-10.528547166945799,-1.2036046856614349,10.949408035537495,-1.4590403585769705,-2.563889337071794,10.213851040139856,-1.7725220230153331,6.208652539474981,-5.495079712118062,4.881162463079863,-0.018166121543145525,0.020840103261807706,-6.149714339594871,1.9766659189309004,5.375087132028797,-3.652630816469147,-0.30809872406512223,-8.297337662979945,0.9244094342926635,-2.901127574435711,3.2509172174615846,-3.3621634116007586,-0.9471419129570058,-2.720464818813503,0.37543140310650785,0.682989361765622,0.8620166821675194,1.2504608219765383,4.2043841898157535,-5.039213924108185,3.8511173674483374,-2.957176829194468,-0.8707995363098375,-5.022975712683999,0.7225377188342473,2.47605086174079,1.369146520942074,6.768699772243716,2.137428552250162,0.021990812169197654,4.324982221228172,-1.6001695373637335,-1.375480962620259,0.0
55.61818223750963,-13.487725700684651,11.366991305245032,2.934886616178906,5.656562619708985,-6.417196059597536,-0.2747469181657566,-6.189093176208759,5.47093819883585,6.274049454298598,-2.8478944038385734,0.7854131752043626,10.010274656224704,-3.964536402300167,2.6940215383188795,-5.441020119877921,4.203060568714721,1.0128742280467957,-0.16127759348478732,-6.155172801672378,5.339153168780683,7.034294860817562,-0.5670372273488251,-1.2540617038469122,-3.507592014196297,-2.692331990873619,-0.7197931211401988,3.2516492879935184,-1.5258172556574583,1.1560489837561738,1.3793190156091146,-2.539090789987387,0.06439228291197403,2.7012200504027675,0.535363990573363,4.354463700362733,0.824915733481454,0.6932896192308345,-5.6239515308250025,0.45868544287316054,-0.1660167886891109,-0.257557369461753,-1.9945663154152178,2.969657979017605,1.4352959095552582,2.9280049659880603,-1.2446643305218086,-1.7498527894640732,0.4599808204228401,0.4315416160861395,0.0
23.43870141074261,-1.5501189270658386,6.745272781266638,30.90973430619269,-13.162598765061032,9.373985643586442,1.0152017073188386,8.436412929628172,-3.1117930840212265,-1.9761435273350076,10.14243581889805,-1.2573081468540008,11.795317673002131,3.3904617251156455,-6.017399603990998,-0.5398043836965412,1.9123316352382298,5.710878381028617,0.6587892689385565,-0.8945164817659582,1.6556097661061087,-1.2712431184129367,3.460465438556715,3.230422068238344,6.163544693048195,-2.062008781542373,-2.226028102991154,5.006614508602195,-6.230226976739349,1.8587803968673606,-0.5915129332596515,-5.192615521148665,2.3710868101462115,-6.487160901356618,-1.827570958853142,2.9263738938386195,-1.5516768236234337,-1.0154572250031768,2.5146975186983926,-6.855510490465762,-0.06403090189578788,0.19900591748813848,-2.914230942595954,1.1169069650282644,-2.7453724604682965,-2.282989066576113,-2.273584608587548,-0.06155803821110641,0.29546361070840726,-1.8429125091643215,0.0
-50.47829307813073,9.350139163350935,21.693399340460832,-16.88829198381875,11.382593341262611,6.373766029752203,5.080034208303301,-3.7990238004582855,6.266912098220386,10.423737182593502,8.93722791668103,5.036569578750811,5.0718815303766105,9.564514889739497,-11.07269641652151,5.691025369722946,5.814438227490888,4.435473636638998,-4.650549203778694,-0.03420904917244275,-12.161073606177597,16.35327141618963,-3.045001314703601,-1.5858012111117046,-12.962107752116086,2.2152851227658537,-7.029246299510422,-13.169373818183768,-2.961105996538461,-5.410370425888856,10.594978612269001,2.026049172738343,5.213855619412203,-4.914373342064644,-11.760278083443609,0.35947924609624526,8.017473536583783,-6.957467669307205,-0.6089909972976623,-4.68953476888674,-5.445584741624563,3.7217287046030627,0.5437348465425407,-6.63025364198288,1.4009018448014081,6.814246124160218,6.563378296910204,-4.214434298166195,6.648494817367892,-4.57950644890944,5.0
-2.448997242489754,11.058754571994946,-9.104297905889432,9.716356307594966,-2.681860023239026,-8.990945387000398,-2.7127580772986435,0.8416876515822077,-4.442146055285131,-7.090908403146457,-5.121389481883971,-2.1548194032212495,-3.053890243633047,3.1328103415809885,-0.7463103719368605,4.018823681871952,-5.902273306115719,-2.841756656052641,-0.038742144854917615,-5.370724975090673,-2.1302631990211602,5.350115380453729,-4.1126204038776875,1.7348043716584336,1.90213080028682,-2.4812632239035857,0.9599126704045137,-0.4322964789715639,1.760141435805512,-1.3867316678762138,4.299813886768092,1.2651794127710951,-3.3881871927440144,-0.28984535470586453,3.078662512404952,1.3140224548272246,-2.8297656601261143,1.1633487601755446,-2.742156714117268,4.5969794489559686,0.9414272386670377,-1.6337714446247997,-3.082887203237246,1.432303432828816,-2.693195922754749,-2.2657595850736407,-0.2924022453208281,-0.6623846700839087,-0.9727075448465433,-2.392305563355941,3.0
18.64701447521776,-25.992103018457588,13.088613800057237,-9.040245049334779,-14.04952516755552,1.8128111663430884,7.333137324095674,-4.543244052667103,20.46394105321916,-11.898303820605674,-16.4565361691192,-0.21841031080533085,11.75656179104259,2.3133502726110713,5.04932781068086,10.374495988651848,10.254122802616173,2.299079290402566,6.933384237977802,-1.531486712866424,4.809437573102251,-3.374414780223443,1.1761505965248482,-6.251615395007025,4.414303050583215,-8.798266336136415,-4.520986716572162,-10.433555917813578,-3.279159540662272,-4.378646920141701,-1.8182148662320732,-6.598674443810906,-3.2288559920193713,-3.3440032465831253,-1.6108767268663224,-5.807303228199994,-0.9827632755743022,-1.504339549955973,-1.638229162872097,-1.1195040806131538,3.2821051828671504,-2.9424289459723765,0.5415776900772258,4.256616799353632,-0.8233663728136329,7.769965609845724,-5.968217106707781,-0.7758394148484139,0.251086455048281,-2.959698891642666,2.0
8.066125592588982,-2.9369760287803572,27.874311960472223,-3.060055221474225,0.5910327230982311,-7.4437809315969306,-10.755234620963124,6.4225277104607095,5.748222701500274,0.1319446233056095,-5.349642293932152,-1.042516929776954,-7.993000740747267,-8.092801134502308,2.2529702767524418,-12.069979845206591,8.769603924679352,-3.9400118737974155,-1.9672690317392372,2.3811736985861476,-5.33894648718722,-1.5548029052754382,-7.689886407821462,0.19499337870763978,-3.397003294616654,-1.162070922439048,-0.1960962645177148,1.6582024368406205,2.7075823414654083,-0.2010811840495123,-2.7023350718225068,0.0009922810088723274,4.991317982433391,1.3356575647594524,2.119507723908758,-7.084179234254532,-1.435171994876559,2.4693013179544994,0.7333651589301182,1.2302457362266448,5.2990015134681325,3.155411679990605,0.41453766092552197,-2.36257626657387,0.25545839928762654,-1.0140560687455222,0.6820975588884055,-3.30007590561068,-0.2991741010460773,-1.5250736590496994,2.0
13.804490337296642,-11.801770405494798,20.39178863544075,-24.685458951619395,6.042439359174372,-5.823605661613062,-0.6451522066469537,-11.887639277020543,-5.314768484912425,-10.557017370845184,-6.182368896115756,3.857654166053865,-9.292732633534522,-5.797715997749241,-2.082868482564059,-3.5645451886855377,-3.115610603069324,-8.683456718513044,9.07729503484406,2.057250116066216,-5.8356049228551905,-7.550591357115276,-1.70166933963583,-4.944132450326143,-4.214164217857952,3.5932393922487478,0.3183617537373571,4.461255753505628,-2.627977777662495,0.7523639331307135,1.3673026515110664,0.06941082000310611,5.541947894931543,-2.809210816521039,-1.071999879545313,-1.057494096111393,0.3696895601333216,-1.0059021211880623,6.2488080166215765,-7.536727432918714,-0.7674023376090879,-7.155662018871251,0.35839848866794694,-0.4183289083224496,-3.1731540655112505,-1.3455876491588135,-3.7804157457194387,-5.740317894090983,-0.8428912568583664,-8.024809525238293,5.0
-8.76387507166684,12.260515066548916,16.435436235678097,-14.51386626681574,2.0627014523179845,-0.8312341996146011,-17.735673708090346,8.797096364451864,6.853821070079278,-6.979286321261906,10.31106845800986,-7.893408576274602,2.519710515574041,8.566651070257635,4.237347705015257,5.466754814174713,-12.568050932314769,6.375929856682318,-2.0853468668466415,2.5895432505846423,-1.9867357593149768,-9.407221369858787,8.515370050142593,6.892380852662764,2.859053043163489,-0.6898309841253061,-2.4617608166175775,4.900612811767338,5.954312256692163,-0.6469715545427686,0.6846228790890051,7.53461760323417,-0.14459185533328578,0.7164881173197416,-5.644107010636366,-0.1486338265024925,3.633425477656092,-0.3310374346904638,-0.8292584203364644,-3.146172664043361,2.4284798215793715,-0.20201395033057554,-0.7548216912039147,1.2691566805439054,-1.9707311813730881,3.8187932931139272,0.8306838659828994,-4.090805740586105,-1.0732926284613322,3.6667739985493943,3.0
-25.39514112380789,-1.9523990337116368,0.09872597599000277,14.853771901290594,-1.054152462361177,-7.494435819534521,-3.5183925010335995,9.985697565594428,10.927388420704814,5.385829662269248,-3.0649075616545653,-3.9204911743046087,0.026560153909100048,-7.7305563952332,0.8079060368722359,5.308235201307342,7.142958173607925,-2.4391069776043683,-3.7511326151029922,-2.7794107716200465,-2.478267776330139,-0.5918874974119496,-2.627926236073139,6.576621041427116,0.4760000387366244,4.642998864768972,-5.4787223071386455,2.9311601964714296,-1.0649947234472872,-4.8771425802678525,-1.6242530481858117,-0.0011074395954654701,-2.8736167642433346,-3.6992491983960933,0.5040890723480739,3.339407321485163,1.3073356255718978,0.19814393888181828,-0.9575918319005697,0.5572966996867684,5.574927940941197,-1.2486752957652867,0.6489706466794509,-1.6976170811911109,-0.6458559543141797,-2.7314899459995363,-2.5488402338987615,-1.7324494997959987,0.938514018254443,8.055162072877797,2.0
-29.305156019224196,-34.9459572435645,10.629342875024983,-16.71713713469221,-1.0329366329216405,14.715839376897826,8.585849093841606,31.675416780080134,-18.632887754650344,2.7687026366921708,6.852316195360342,21.574274583784486,10.85252621266906,0.024161169612277086,-2.0990284191910007,-20.134627270018225,-11.473538676977988,-14.965151087684383,6.6511171416763375,10.289735153668763,7.1182440892665815,8.814384928375468,6.884748744292654,5.041631387956984,0.24242617531010757,1.1933800140922683,0.7581103945890043,5.9649486888669605,-6.866082876343701,-3.5545304376970197,-13.82090309664921,0.9183779047368226,5.102783595283374,6.680749043577924,0.8895724504333099,-0.9496938226835612,-2.0348429106312906,6.200214094609084,-12.401876598444062,5.166883043526373,0.5945149168804547,-10.487869300478684,-1.0898809438524848,-3.425069334326021,-2.5877970455674824,9.992635821037124,0.206737086923479,2.628021379261065,-0.36230018466125913,5.881243775018502,3.0
1.281650186804849,-14.816790247939585,19.218396783964234,23.40598652921476,13.061462429116366,-13.793425811576283,8.028194327865656,-2.1128895060936075,-9.749566436467724,-6.554654255397235,-0.5474760720336802,-0.8119608479389865,1.376089485902674,7.30274974507305,-5.062360754737474,-1.9360828556426364,-2.7243923395704197,-7.557528483229592,-4.8955471127730785,1.8137159466209047,0.04431043197378996,-0.9847659284591086,-0.41975682162801486,-5.821811376180395,5.168888872841512,1.0056637708436134,4.808028462132085,-1.6843266671625747,4.352232482873345,-0.6449684110448679,0.04675156200379596,1.4917942713497174,-1.6760079659148504,2.3396244370384656,-0.7244915800349494,3.631538245926442,2.300700995770925,1.7897106213782645,3.8046729721014962,1.0204266650325828,-1.696647885646834,-2.6325417823471677,-0.2103861556838078,0.9834266190550051,-0.4967070943907027,1.4876892496125853,-1.5711943800805306,1.001985047162482,-0.6763360096986488,-1.395936516969598,2.0
47.1607420700278,-3.786273855794762,18.019669530431564,10.245391536158492,4.7313931176449024,-5.599885340069322,2.0254594875898184,-10.099215755135381,-6.501320474847027,3.9004673444196043,-1.587995166141657,-3.5214324839800426,3.0556212025878886,2.242063087192669,-2.6324557858319855,-5.907894465760111,-1.061008483534066,-12.953884884583706,-3.6766169124972587,-5.887420916235694,-2.1334306471611875,6.666604415277474,-0.539068554362534,-3.0023602237103497,-2.826487229789013,-3.6999925578016404,2.6490839982515517,-2.5950872864656707,-0.19611947559339604,-0.7614456626748468,-1.3389000642794269,-5.4996080501279465,2.284177171789658,4.161603010104434,-2.3924434395123697,2.20594042709837,-3.8160425172344525,2.974760148132987,1.6914301801434635,4.5701483966896665,-3.211043230964317,0.2836029535296996,-4.504701071805219,3.259148795180702,-0.9771738687294567,0.36567012771843616,-3.2053052776197792,-0.9016003380423996,0.10848684180895293,2.1579959897696495,0.0
20.761683965621398,-40.023221450199635,-3.0405444401947004,2.8520196373667197,-3.602458895131218,-4.84381601284977,-0.5919058720873696,0.5937978770573814,-11.64423970989869,8.326377492228952,-4.8947479484814576,5.3906780655779665,-6.225376353854023,0.959347121169279,-2.475522895747583,9.377773995800238,-2.8967714382467458,-6.087866067118537,3.519905272171852,4.5527835845745255,-2.38405323368604,-1.9543359138834095,6.202152912811818,1.082323008070101,-4.798084185711877,-1.0587701642424092,-0.09162195439589822,1.9681405272511707,2.12050625286564,3.3761272475130992,4.819974914120727,-1.6999655596209737,-2.400740297585102,-0.48666575435728765,2.9915174201920935,-0.15485587540335857,7.081895170580325,-3.2433500349669293,2.0591368739650475,-0.5172115381056843,1.9254579100216425,1.6498848587270805,-0.6583859981927076,1.5942094529496853,-4.195653456828461,1.9763717020150269,-0.6945081365538114,-1.6223887555141072,0.4686621720450848,2.0760698624171368,4.0
4.434613496888827,-13.669206823618984,4.53990140416618,12.541377274545335,-8.293593126537024,-6.157890145498063,4.99652967940052,17.155258562291817,2.042238007099618,-1.456306419215273,-2.9402594244883966,-2.4766789903210507,3.6510009437419106,-8.12640421843716,-9.998856773937163,4.979316348431464,-3.331305461922311,1.5997132977215627,-2.3315597696384964,-3.2744878952636167,0.9959217121627519,1.0670732823464544,4.26306441478122,0.1779244239079898,3.937446424430446,-6.581552676150845,6.767412150539021,-0.7650241217763977,0.10030090643212929,-2.3156826843856706,0.004818633586772626,-8.676427386979663,3.29167266174693,-0.20591969421401948,3.0740665373731866,1.1557500477129974,-4.493975988161562,6.214214277947342,-0.017362831816713446,-3.0316588214750024,-1.366931804859936,1.0811199693910318,-0.5409990724735394,0.03345600322636577,1.8583355663581196,-2.0047447925610054,2.3092420640470013,-1.425169261673479,-2.6774154069193337,4.3944009788763685,2.0
-15.261864691722261,-22.80406225552127,-4.024901287447823,4.753423104549293,23.50387573755849,-22.177152284328194,-10.725151570877003,8.359692710853146,-3.9220373588662913,-0.00480021072657143,-3.9122380860760355,-1.969940937046936,0.6303350464689295,-4.564378656649567,7.103945030067676,-4.141886046078382,1.5552130501608086,2.9526941543415934,0.4583338630725771,-7.083716005875456,2.6276403171258087,12.268504976908188,-2.503632544854139,0.05923457730131006,2.762303454318416,-4.09040835368583,-1.2887760024577297,3.0996876381622385,2.6752135745001993,3.577661711894047,5.650210663464205,-0.5691433231770064,-1.2336240843753243,4.658150330568659,1.212281722819774,-1.497263896955297,-1.763491609030887,-1.936311598415658,5.187594713093172,-1.208780468235024,-0.33656243006513636,2.765589253437495,4.626208992556614,-2.7902643252768797,-0.6841709469929208,-2.0034848255384823,-0.9231549576934382,-3.1861977987308894,-1.570928358296516,-3.6233218231539728,2.0
3.761208200990114,-36.136544165160124,-9.129979001147213,6.750557246374875,0.3827273320502403,-7.266720045313219,-2.379902616887554,10.40806823255096,-0.032246470295623685,12.304122689231798,-0.4940099604958819,-3.0440227735563066,7.909154942235656,-0.17587489724461985,-6.6034495825798665,0.0047500810863674425,9.522160953172374,0.7068520288011115,0.45434223216563013,5.3354417377851595,-4.621848652785256,-5.033127994794558,3.165977277745955,1.5162848966178415,-1.9771132626945043,4.866747164970525,1.6369982833839616,3.0465602928122846,-0.3609939650268253,-1.9799871658398833,-2.300553837540711,2.2743650604703713,-3.696605860162295,-1.142918724137227,0.9143531962980606,0.4002555079299991,0.7496071505256983,-0.6608372781077622,-2.637315437282969,1.192297611098941,0.39422782074181917,-0.7494584737127926,0.7663704088325716,-1.1498992912545791,-1.451260503215285,-0.2529439952641064,0.056369031931769585,-0.9542044491683949,1.4308677751447858,0.8211993466494424,3.0
11.105748589151233,-20.673229175301614,8.92882558425384,-11.07885995280675,-14.88097961902203,-4.44365325122868,14.265227479905517,18.743149986832584,-9.434356196893557,3.614122329437069,-0.4183180046105649,-5.4591337627046315,0.41545455950298943,-10.757979836496732,-7.1289599457240564,1.0371828779090861,-3.2070879370340917,0.9215826423349451,2.592426247290889,-1.9063771296876821,-4.816361042573591,-2.5884894007340153,-1.590927167545761,-2.8703421225076817,5.723961690246755,2.4422946990626317,1.844508058509623,-6.971079844885003,-9.720486285030743,4.636171407792544,-4.902617611654311,2.38988897848858,1.1990429547157044,1.570295814859657,5.218520243772981,-2.6865858854145555,3.159820519706816,0.7982157191974932,-3.1809565883387374,-4.26310903875973,0.06177571251263011,2.3855216103559207,0.5047849701793504,1.7031432488889129,1.672070808401391,2.1898316396315205,-1.9080996102669463,2.3608933463700446,-1.061241317571316,4.047992799579221,3.0
-4.427362713821648,21.427122967100335,2.407955316047808,-22.120641783397012,-8.606273143730986,4.793070926952402,10.228053469321116,2.4843233135406066,17.00907422728785,2.6023125259766333,1.1379205068173635,13.678698197412551,4.356212730300414,12.85180969838768,4.3851491060570735,11.358999500462714,10.425174843446966,-2.4462154875841096,-8.177512548153132,-0.8634397872418799,-4.8580603011092505,6.151964262478109,-2.1569820503100625,-7.956688469925649,0.7852798218258858,-2.2849521234563457,-7.0041496791083535,0.7659231372822363,-3.5575188308324432,0.711212730414643,0.35598991698959453,-3.213801596674988,-7.43479024214032,0.742170547430266,1.8250660990418373,-10.637795983569756,1.3336925779697038,6.017935716579616,1.0791776067287437,2.005980161235189,0.8890361029042213,4.751337125343576,-0.7201573466314829,-5.870342483206888,4.9194839628254385,-2.903329800766504,-3.437615835749338,2.660731102024008,1.3130951023638238,-0.4621791452089669,5.0
9.662220866155334,8.705557199816337,13.90041981689353,-1.5242485563099217,-12.502825007529097,-0.5128760474925349,7.154175465556271,0.16820513893336442,9.289740753964058,-6.2040073721862425,-12.086570018675712,3.205954020470548,7.245668623353042,0.28631131386587144,-2.813592827478873,2.3612324389124844,3.433509552673588,4.618511564611698,-3.9771962206556246,5.354251408880262,-2.981400644981676,-1.3680273624068238,-2.788187109121578,0.245217898666043,0.7274512895601497,3.926335287190129,1.955628983114666,-2.230747196328778,-0.4625353165270972,-1.7097641334802902,-0.41501790295012314,0.9733068214876228,-2.332063009536124,-0.6241439033974397,-0.7187930043367936,-1.8622299666043587,-1.3094362862002848,-1.8485578572257473,-1.5373957123781878,2.889992874188565,-0.09885402300286451,1.3923662964636512,-1.4773723144089856,-0.5613655535628276,-2.1323918356874643,1.5208208020582041,-0.6134881541681412,3.6775102477290753,-1.4170663605256997,1.4049647976805215,4.0
-33.29918082219779,8.957712129075421,-12.736604583837284,-2.7645988161685318,17.07586270120168,-15.125469745668756,2.2919272142194447,-19.743234417421895,2.625579389421196,27.131244199117962,-21.568289052699537,-5.468212826832821,-15.983962488406736,21.372500668581345,-25.34525990610962,-2.991096951128378,-11.013843685125593,-0.20837078129292258,16.501195820592034,13.167092708738638,2.499857967263435,7.75480173074544,4.948095311584424,2.188586775112647,8.341131503724645,-4.380542775675252,-8.240015625377316,1.472211549374289,-4.157305399807327,0.6333669708405223,-4.844013551930584,-1.5308659221527467,-4.1808102966404626,7.353043833495715,4.222964484464296,5.54986741139938,1.3254233538803883,-0.8188357465655305,-0.49241511304373564,-4.017217215681801,5.532250002497708,-5.751764270939434,-2.6461306059726017,-0.6923841994337289,5.299193991780703,8.121926019279515,-3.7327696808332766,1.7552548864654043,0.5856476221784901,0.8648175695301925,3.0
0.03569816198243091,-30.739261172392972,2.268353745516731,-1.2444825419236125,2.9997827134794774,-8.759390709648637,-0.29883011814467797,11.021269139732619,-2.775677522882073,-9.290007163780754,15.15598806583091,3.7687246889981085,-0.9807859085175931,-9.718210828597178,-10.955226331322969,5.386132304144939,-1.6755114152472748,0.7765007967911183,1.4908639937447161,6.401722972487214,-7.433663272431584,1.5043953398591017,-2.2870664352432746,-4.657101747888024,-10.65810390334297,3.5175952627658047,-1.7107518354376523,8.21714466127366,-1.7892768738985316,2.5600355456706434,-12.52532251397122,1.315105737788159,-2.488119130929241,4.0308695820233655,-1.4223659439120548,6.969640118017053,-5.22513096535497,-0.8454972617084717,3.4551349531862474,-1.5760095686403035,-1.8828010017461394,1.9644043151585477,-4.2080208357707365,-6.099297262106165,-6.202631760716266,0.8021207954627184,0.9267374727048234,2.8642129443054234,-0.41292862464990865,-3.255487538191162,2.0
-19.148573414631656,7.3156646748171585,-13.089694529810183,3.799515294550084,14.643197000209076,-20.805317085228065,22.93673593955494,6.106845154013696,-2.192705300927742,-4.971843958612108,-9.548168711414101,3.220024047901267,2.7910461541996066,8.271765540932769,-1.1556856857838795,-0.7905932451621939,-12.769362744224974,4.485124244194501,2.2105469466234293,-2.8367857194295176,-2.0496060057375116,-0.9096438913455063,-3.0145607551885885,-11.237832379227513,1.2959675006782245,8.752322775709365,1.8488821001989204,6.673989502479296,-8.524597700054583,1.4125173986474067,-1.6978169850150804,-2.1262829011681466,0.3189256814066875,-3.536689367650245,-2.264498711808612,3.9674596646721345,4.221893891875296,1.354956736839763,8.868730130597926,7.053350172785021,0.7397930224159172,-2.504786337649602,-0.4664994794253654,0.06874019514838173,1.6949788874116782,0.3904626737623444,5.216519224072938,-0.7101591701551159,0.3039719308120687,2.150960989105524,3.0
-9.858246477458254,-12.085608796733155,-2.024506430611152,16.02792457522207,1.4218674581593318,-1.1075159973389992,-2.702374899839108,9.356042898246537,-11.05251874885106,0.18781524147672188,3.1499310595710406,8.993652817047394,-1.2809792868918182,3.2317813319625555,1.2250513689902611,-5.988253213297875,-7.310962467524623,-3.6105440213327378,4.873618787573908,6.738580426305862,0.6722339828150127,2.2702133601908323,-2.805795797045407,1.8277112615367512,-0.9227347566009323,-1.5458196425659996,0.5927626199277599,-5.077750617842369,6.6262040474123145,-1.1341845391731444,0.9279093393656119,5.2035091800389415,-8.951720697602708,-0.2058946570626624,-5.97732903475975,-0.6236835310506874,-3.760655718208197,2.76483998119104,2.812069383117408,1.1660470951591118,-2.399227631084243,-4.34573891956941,4.464913329928414,6.023945793990324,1.3174041897598707,-5.035480849285466,-0.7046437932570042,-0.23977590942257973,2.996960315776126,5.64306625263982,4.0
-29.636322567374307,-24.019995238298957,-2.2526482820823466,0.6606543973703026,-13.803734024695704,12.384551936226073,17.621691431501596,-9.63907183167212,8.022393399390193,-2.6508147674153664,15.698610939016143,8.7410469480363,-10.35025368187955,-15.167769771069498,-7.3107561404521055,-3.2112044339910506,-5.389250666400044,-0.8814727664162032,-9.23982729560208,-6.139865914416154,7.632711817129912,7.440156215284697,-3.6303766441427214,-0.7840253977669437,-8.02492461057854,-4.104276872786904,1.0342212767597434,1.276274969418704,1.2148163290818441,-0.08794768589276752,8.219916622415495,7.366856339094064,-7.2211427111925115,-1.9545341998754362,7.828088607981008,2.992231365029532,10.395692298606644,-6.118976202806498,-3.1174426947036817,3.3456540803034365,-6.599526775907634,0.6138669842693837,10.455878497442864,-3.6740049211779215,-1.7157810431055749,1.5927967577170496,-10.675632085854028,1.7615907156623458,2.706867264765138,2.0101000909607194,3.0
-13.581952606214966,-31.290651103705194,-0.6068114643335066,6.855288833032008,0.5855202458769536,-2.6989819364850165,1.0591123407340628,22.721858033420677,-10.700997231476295,12.207327812281516,4.034136369081181,4.25736816333145,6.235639770287926,-2.0446774476541614,0.654340272900332,2.865157796046293,3.2815436814065087,2.3186708108453207,-1.8660649432216114,-0.2793074123086369,-3.078811562160918,-5.384211787125261,3.623088893296796,-1.1818008075274975,0.22607323775288082,2.9767299555454714,0.5810165189305174,-1.6317564635708388,1.5857561372349167,-0.3724010062511181,-2.0874269075527363,3.960035481181493,-1.156432507477275,-3.5195036473549624,1.434678930863204,3.056840602884005,2.415153120530099,0.5319450592814359,-2.5287823377252794,0.9826480222651433,-1.6585158676517333,0.20955265106263438,2.4725946214962535,-0.571771908212151,0.2040616441895044,3.7349387352532752,-1.0416324501006597,0.3425014621890372,-4.0653673766615785,3.925842025437537,1.0
20.975895016994652,-14.072547038896012,11.887804476470569,29.862045241787197,10.03301764185191,10.880758771854984,-5.073784277057544,-11.598803022976456,-9.992345272627603,4.14046867147299,12.6716985154063,17.880592133890005,1.9714987417232903,-2.7578212569428584,7.181745777316974,5.633127689402285,-1.2945984322960482,7.823320913932834,7.36196348035705,5.748284225085205,1.9394213916106187,-7.454788538714425,3.4496465767733584,-2.6665194426604613,4.896682526312486,5.331992563166927,5.256284551317341,-2.1135291318631952,-3.038241496592266,-0.5015709238602151,-0.7678868938157235,1.7385747727538543,0.8271176219218217,-1.3250119023386597,0.5570912218128544,-2.579553359727283,2.3438922857691082,1.452026570618626,-0.4375052422585809,-0.002202807968872534,1.5477484579146246,2.455312322514405,3.0245115643204934,-5.511771445456357,3.6830417901180614,1.2211482907891515,3.511278886653407,-0.7556231914794092,-2.0333400293271677,-1.904334790169921,0.0
30.720965656016475,12.657311264687628,-29.021745922112796,0.030962732049793888,-19.443855643215834,2.6211886689106083,3.861818677088456,5.24872350690512,-12.887490538795907,8.087748577147826,3.755203816595976,-8.852044856020914,3.7126727003109976,1.0574082860306666,0.247670555103293,9.525597086380728,-2.8973010290680388,1.9172284023146327,4.4665222047144475,-9.360229565056118,1.5361024726335992,14.604575848254793,0.24565621563997833,2.6867639947796924,6.178933642696109,6.055797622096778,0.7930746329091573,-1.972709792636245,-5.502330690499859,1.902223836454391,8.823915173066561,-4.335392082196627,4.675648574670911,3.224785311400087,-7.304432446251407,-4.041784304701516,-8.826734593750608,2.0860742245399826,1.1070208456265034,1.5762061485994636,4.2085783883189025,0.591003854828966,-1.628336604322228,-3.5751512485389965,-3.871813172978418,0.08047861572273861,2.66608768947632,-3.8819798494502065,1.062553826675938,2.9687871966904793,4.0
3.4587943422466627,-9.787883013496325,8.401696760669182,-3.6762076376888864,2.901161287535047,-1.5031031064079536,13.622024012242685,-8.38414321030512,5.561350688388001,-11.119336043194703,2.90864797947661,10.198311422213925,-2.544812550140163,-2.2637750220288733,-14.629752381821662,-2.4343537050646584,11.522503681442437,4.091113522086747,-14.07351910841212,-0.4038286760255111,2.9499552040250436,9.437692878895247,7.3554774003365315,3.182594481191452,5.8098547262851925,-0.7557316897673928,9.149531240091523,0.6625551952981362,-0.23924261144317246,3.1795583584466005,-2.488045567663423,-0.20103734002131043,-2.759251239046042,-1.8002641618443442,0.9785355631380396,3.3004844505981352,4.291362259264877,3.4641662486668543,-1.8860198363033562,-2.052783558341705,5.972118506586432,2.296918027002039,-8.135341956883252,1.2484389844541501,-3.2007998645512794,-3.747031994634082,0.6586584960447037,5.279706338615231,-1.0637531522329449,-3.9432377505420724,2.0
23.991259475174193,-2.2704046332965673,15.823761471208567,24.373287537082362,3.1294226375305794,-0.4486115875202974,10.342077937024685,-2.0186581145527542,-3.1096279992061775,-7.140706194799296,1.284226770896002,7.373921045681348,3.379867982633828,-5.209004688115303,-6.644455958963338,1.730174929843774,-3.347676034874708,-1.6204702080629587,-1.9119228150922203,3.5191609118220293,1.737669164262865,-0.5362682945333594,7.88488663475539,-1.100606884183866,10.348801045968049,-0.9278875019229048,7.388485659537922,-5.850770779291302,-3.018781426739449,-0.15234873829417583,2.984342048381749,-5.233609089701701,4.249364252718235,0.7467780333359761,0.3324661689570671,-0.8496793100965397,-2.5250052673581687,1.5463885102711568,0.5270930869370957,-0.13713347912525442,2.3035318208097895,3.886020727756981,-3.61201244470332,1.1278128471135243,1.454474099875136,2.6839668539087866,0.3833625155916126,0.14954267844269806,-0.6037035815438838,2.0863968488448164,0.0
14.345719890105737,10.344810954043165,-20.0086616331766,3.7319305254880675,2.1669452495185832,-4.679638424478198,-6.3996461739876835,8.072260346266148,-13.205602447047237,1.6537778953884872,-0.8991565551466827,1.5367211845931505,5.6203530914423405,2.249209094471752,-3.446981687633928,1.9434646645710771,-4.047531582816956,-2.0524884102284524,-1.3934959198509245,-5.868014883052697,-11.519082936780931,-0.2780292726018774,0.572586350822551,2.6970433116459787,1.6689883056216384,3.899728967278331,2.0534776565080928,-2.7431479766687237,0.31094004044105994,2.4261882374261043,2.493581136938806,-4.687073017055897,-3.2745758535184613,1.501033953061073,0.3070667964143859,-5.358903846943574,-0.39944098925252247,-0.003662255888417028,1.4373641555236563,0.2509903881219405,-0.4779610232446841,4.156748427612056,1.7292905452684035,1.0065045831582868,0.08380776055068113,0.05403737304872238,-0.6711279685440399,1.1036883951000467,-1.1174419314261144,0.16242467137482502,2.0
57.854468815331614,-2.8726385519605877,-31.869206887177512,-11.46553734087722,-40.14586979424613,17.219142528515903,0.29935892802723024,15.419207774288893,-7.4666976674233165,15.195586000138587,4.265069479605646,-26.089729990344324,7.018899367300396,0.35538032880077447,-3.8698518193364575,2.612309571485541,3.860913747612197,-6.963767686425087,5.68136268261345,-10.301181101203465,6.175708045714135,2.9486229632191328,-1.890975644377381,-3.590678857172415,7.898886863905511,3.079747347951277,-0.5194074890640563,0.21308416325079327,-7.278488687655028,-4.699293348928454,0.9358751206412699,-7.095265735136988,-0.865381778593667,-9.188402524945511,-8.530470498056012,3.6657507840729138,-3.5445207258338676,0.7452606335180486,6.900873821480382,-2.6643982037764338,2.5114719630915956,2.1848823926203513,2.2297444401124267,-3.943718806154259,-1.5527521155293793,1.6452333730474693,2.0062664747158374,-1.517497079985589,0.41293504942055054,-0.1987204500949131,2.0
6.5142978605212605,-1.7902505784933869,6.9522544895313425,-6.168950335908138,-20.564670098874913,8.81386520242491,-1.2342479998123326,10.888403058726501,8.32330031371897,-11.338163849974501,0.13273500851972392,2.936627707528918,1.2138545705883728,-4.21139299087318,2.5434678158425736,-2.3553784837542753,0.3674833570111829,-0.29803499196884925,5.679481811805118,-6.9903699520919504,-4.554872366125646,3.3078038362706326,5.636226370729146,1.4933152581751767,1.6370251460496557,4.753916092719186,-0.28065915327486557,2.7558334581358235,1.500930469781443,-4.020280417933591,-0.783062562310782,-1.5602004941556111,-5.504801704361385,-4.631442390470116,0.1249908359987209,-6.9938021011251825,0.9282608441464429,-1.40524400847021,-4.282681127346373,-5.78185722984961,-1.2119744050653305,1.6925744967738177,-2.4045221578466904,0.5069867243529789,2.2414076100279354,-2.9130710416185575,-1.670986809824433,1.0235496478412636,-0.3446764601203227,-7.350342263004972,4.0
-0.24085324808363454,10.17400072604646,14.19996974819505,11.207680309160205,2.065888401269158,-0.024680994950663324,-20.609642723507672,-4.4160276237795335,-8.533644058187809,-16.200692028070396,-0.9026000935147601,-4.206793399374688,-8.85101278018894,-1.6157827783859122,-1.3081479903978783,4.099227352376405,-3.0347576914621186,-0.9985388076998974,-3.380880274225216,0.09193968965069056,-2.936042192815097,-0.8020586513260578,0.3040112149035109,-2.909259013800763,0.22951845999379608,1.8461043960354278,1.081454992676059,-2.7408986879764314,6.752964772353353,-2.0294518600337903,-1.8295566803332006,-3.4421159149772085,-3.030479833882507,2.33898556814676,-1.3645907740859475,4.196841210145274,0.6527946853571568,0.5002672825522843,-2.584540933434176,1.6559693514115417,-3.5383077519188673,-2.4980004783000003,-2.2821058147996243,-1.0012271635080143,-3.1034697294004903,0.7540924200251024,-0.6745484504873736,2.2642560811329444,1.2029770988413453,-2.6488761790822095,2.0
-5.607665567228016,9.001183613590733,12.662319775499087,-5.608451427795351,-4.210497123615944,0.8290466571319991,5.3631519789427,-6.421543269894766,-1.8033396155715438,-13.983679425145985,-4.596137035332349,2.943304949553401,-1.3614534074570654,6.403770356935488,1.1283339389461138,-0.8643370109664462,-0.1823037162205326,6.082572017502441,2.0054425238033318,-6.763602046925959,-5.023763506108061,-3.407416681867864,1.9617501216222961,0.8186716859329323,1.194987998540175,-3.4985125487608593,1.5117612922686343,-1.1728716942129311,-2.5018495515918433,-1.445258882411224,-0.761229914208308,-1.2039810110381857,-3.657918450815135,-0.4306373737263956,0.9068881558928079,-7.256074818140278,2.1465431666050936,-1.848939997373218,-0.285702168670811,3.4211270399132068,2.1884669509980643,-2.3349879473581643,0.7263901735830465,-0.7153705015035009,1.0553594434910054,-0.6296548463462128,-2.1271001279804924,1.882252165129503,-0.5126886512521919,3.7974523667114983,5.0
-4.711300490079012,-19.870752525272923,4.780656165714131,1.5218997563664325,9.001945144166354,-19.064049232536174,8.237723447628968,7.504454021361811,-7.108324227886815,-6.572836292474771,-0.16426845848114763,3.801931050060842,-6.9529229118973515,-3.7678032952165808,2.18197644870698,-3.8917872677652596,0.7129357176140259,3.4167272608846493,6.078817299590856,1.4687448804637535,-3.8871024082142296,8.302157395249784,-4.621710192683707,-0.9780488879728717,-7.981965161163596,-3.152413326319573,-2.03910198291983,5.070656883506668,-1.2358951487217764,-0.41105828105396974,-2.4649871169398803,1.909040001797007,4.622011875287533,0.6377381074696603,-1.6415709326910957,-1.2446843445040519,-1.6423192756881522,0.09829143178660242,1.5670488194841377,2.422713149266351,-0.3237359966359044,-2.7368483060739086,2.604094547330692,-5.1339934710454385,-2.911722103857166,1.4883536067245244,4.7176135172887115,-2.634343151417654,0.8252019054981539,-0.14758322662067494,2.0
2.003387919033382,-24.061305617407275,15.016613859356445,-13.647346811556584,-0.6928047756518619,-8.626298615318307,15.968982309163257,-2.4871814003410084,-7.138638721030571,-0.7564482585087974,-5.5277496252797915,4.714569995480864,2.379423983795226,2.6347960887409028,-1.0030152427475831,5.465745700382514,3.2010526790513802,5.567370686528251,5.989361973899899,-1.5300104966454544,-2.5121650327542593,-3.447664987724026,1.4643277523554852,-3.775927176725556,-9.494196896675664,0.6513964532713368,-6.449281662838154,-4.917119871221238,3.9171244762252426,-1.0114159408038228,-4.267696651020494,-0.5149901956439851,-2.37426656649872,4.75017834682238,2.2686718050570307,-3.687431174441806,1.6179323064114024,3.6266045822126904,2.917389092980973,-3.972099535998205,0.8588838671028729,-0.4354163633177576,0.5947240507404836,-0.8745813281360462,0.11952514084634827,0.3049365247933792,1.6924668569515888,-0.04171180081541447,2.3053980357523076,-1.506681611781482,3.0
4.94827407761096,20.18585972547706,0.05150263916958154,-7.8943513195647235,-15.478150764184026,1.8962007645645602,8.089159583330474,2.9857704751516816,-3.6086172885438543,-4.400304450952566,-1.880674567343448,-2.408299021965815,-4.8236793880212545,3.4347870451349936,11.40992101451455,-21.339275042335185,-3.5269222964110933,10.386554244073597,-9.656734712583875,-2.3497298650124847,-2.1579401598369556,-7.071619996310885,9.59921643164609,1.0701271590590131,3.0792709345671243,-1.186759128128785,-11.402954728367412,-1.8505999010730136,1.7537435946384967,2.7289094668994722,-1.3611175018464214,-0.47653649569178386,0.8724423252630288,2.354468363728849,1.964128391743425,-6.950335805377338,1.012689792435888,-10.018252001884573,0.4058399261854193,7.012790091823369,-4.9327972304977115,-3.0671949596468564,-1.8328245965099517,-3.212872504843429,9.369245809425012,-4.041214513303795,-2.521493715091516,0.5093724955349822,4.024196223411224,6.033012200122631,5.0
-10.054715584675707,-23.26886954331322,19.074920308650515,-15.858758873643026,7.117034266203039,-0.8242837557543079,-0.043694173859905885,-5.697299310149942,-8.657907980814239,20.25261256048886,-14.160772942950857,-2.7428974509583313,-6.847622219025963,-6.954281811760323,12.210512244698133,-0.6869975918730402,-8.941249981351556,9.449083357920184,-6.223365361186417,2.4794005195148667,-4.126619513231246,-1.6668359752717594,5.448539752017638,-7.3944936870393985,1.7364693636793551,-4.9349903960613055,-3.1742855271549772,2.972856933150664,-0.5680904215538245,-2.80120285703427,-4.3308411583325315,0.5930127474553204,-3.4236091439002716,-4.744228224468622,0.5759754227807165,-5.135093135229434,-2.470161368002164,5.503768998129143,-4.709161269657056,-2.3679454575327403,-0.475616150947244,1.8456456186258507,0.3085064861293816,1.3064661995014488,-2.296397078988306,1.493850905958073,0.580551616460352,1.0294093770676753,-2.916926651427368,0.889708507238506,5.0
-18.616239521037713,4.801323066781597,31.84242007808866,-3.109121188451289,-1.408709919179819,-0.025031682075016572,-6.448583820058612,7.445204326254591,7.822284394539812,-1.5463594337375346,-5.912356166456808,-10.31802150917611,1.345273068660811,-1.2429100472933097,8.706156681068444,-0.20655176365503766,4.222763151756818,2.2953594762936973,-0.9039816426087276,-6.175975082018704,-0.9339415454920068,3.05334352385064,-1.564414416821007,-9.413130702915238,5.9039157419898505,7.025675635600046,-8.115260118101578,6.050460991704882,0.7533541650692285,0.11698044016937117,2.939591352349747,-11.515126882089548,0.9426404149748266,5.526470036933262,2.610351486598814,3.261039155713739,8.88774096750451,4.075214381838756,-0.21040243698456326,2.638424493891809,0.1537238067948808,-1.7826929392864144,4.789928714726538,3.382462061072615,-0.91251261970395,-3.481200142172494,1.5147204873195395,1.9908092543199178,-0.34214962267774773,0.10862344777328062,1.0
8.84674235286329,41.03719177562773,11.528976752766207,-1.9841912954571526,-3.791628042233152,-9.644698550833699,11.364933232864756,-6.4032882887719795,-5.1244000566141565,2.397707454486838,-11.230242272312964,-1.749167365253935,-10.51299445938093,7.43488957977318,-7.352300378231265,3.553455387781502,-1.1637265998984363,-12.966201658029204,-4.2754696263808905,-2.239858982788015,-3.7665912957423497,-1.698552721671899,1.9342511822011423,-6.50778250333639,6.679358809682716,2.760305764343031,0.5038366762110059,-4.836093835248224,2.5814848383171873,0.1795169479590251,0.12256089200440916,-1.038889724085256,-1.2646496720640894,0.8652663210251264,-2.042345317661898,-2.6570325846292504,3.021636141539289,-0.4077264823210399,-4.8313142165905125,2.5422484828193417,-3.7149765760271234,0.11075819722331492,0.7711947135200343,0.9412045359159278,2.6025587719610686,5.266825212395974,-1.5800609738848768,4.461232494396942,-2.376837215626717,-0.37331056164368887,3.0
18.683475202896567,15.58515494660306,7.711214299876467,20.887639501800226,-6.203774683168511,4.691642665331982,-6.082162366181874,0.10384614792525326,-6.157817746527501,-5.784728083668221,7.486939838981184,-1.295836011886949,-1.8056772721029137,5.158636580532575,-4.983851062529457,-4.216358023696906,-1.2548646215254506,-2.252394901851696,-0.023152621891401926,-8.412492100533438,-4.277276223063288,-2.6360448505940743,-0.38949927585276384,3.453455993762134,5.085558684469873,-2.1431178415792136,2.371531132137849,-1.7996573187655895,-3.111907375732411,-0.016728366736764175,-3.7912891718712536,0.6025254429797781,-3.0506185931224277,-1.6862690499636896,2.3998060296912573,-2.5358006883625746,-0.9537247071083245,-0.025137478453878235,1.0657203823724863,-1.877679047468152,-1.4511623270560856,-3.9026689493995215,-2.2492319661029403,-0.3190317279240507,-2.2421723158772524,-1.4284246984824902,-1.8380005316587376,1.6456153529098734,0.14752857010402387,-0.0891090650977048,3.0
-8.197954487098778,52.466338863770396,-0.698313551294026,6.042553491790935,1.3270277247148734,0.3556322299161693,22.256539997094134,-11.187694881158274,5.955478013979605,-15.18724060507156,-0.2656661795089693,0.44663931528966966,2.0607193066812917,-11.652925358349153,4.799885503740564,-7.569831215356327,-4.936530994246071,3.109936090154987,11.07906840378249,8.796407602213016,-10.464981103930631,5.866279299645362,18.192506233198966,4.6115978758448435,-2.7069797185844178,5.042263581996989,-1.1889477790693153,0.48596023053305015,-1.8078642051342177,1.2169075917139118,-3.4953440054386906,0.8142275254182632,3.747437700947397,-2.1270560770051823,-0.10854304672802062,-5.628192303778386,-2.2604747325969012,0.7188595618511502,-3.208091564015935,0.477069612660666,-1.6909552357565096,4.278813076694624,-0.2290011450155484,-4.856784636268147,5.350076928371522,-4.297562809311955,2.799802291389495,0.10325409439812541,-2.6569145863629293,-4.713154030991968,5.0
-24.644417229405217,-9.644508536102727,15.196543257970326,7.622607423156625,-1.4587453882942643,-0.946253759754144,25.632092290358763,-14.06099864086249,6.545702872222778,-7.75814799951718,5.904175750007237,-7.643319834767128,-9.128080451085985,3.59226519939908,-2.0816737946726187,-18.37337689417283,2.799191032591544,9.43083385524459,-0.5782931802644469,6.494768904886712,-9.579800230976703,-1.3700543276950734,0.21436772258314907,-0.7957240102110406,-0.07582206473585638,4.600055842785553,-3.4193253604850686,-5.4585058152937975,-11.23286286914956,-1.158102682075761,-4.982001465421669,5.293094013498242,-2.082798459545892,-1.5188223928832478,-5.909137316931856,0.4741148851814072,-4.849908364293314,-11.909501735579735,-4.357599376790725,5.909604016490004,3.572563633972524,-2.382015454891153,-1.8824158995948868,-0.6749174872824851,2.536597748253791,-9.763499667572816,6.602246931741647,1.229199405703579,-5.546239754466303,-4.986976614764767,3.0
-17.665825552898966,-42.655292941407794,-21.609509207642684,-7.075458918946215,8.242646008727936,4.3777558352171315,-7.680422929514739,0.31703612313425755,-5.685522563586583,9.362849465851385,4.434411358776643,6.161616754815681,7.894180864827214,-3.321561442724569,6.647468424905811,3.939370715794846,3.4657026037451963,-2.555796842222064,-8.530177159828924,-0.32219441230869555,3.9735644664902168,7.462744581435663,9.256196737677914,4.457574487971176,-4.3992305328852765,6.729973354678696,8.118966795066731,-8.498928630508495,1.46964822651891,-2.616960644318813,-1.7540424652609454,-7.098316006318313,5.773827493499829,-2.9104729463166117,1.0377233403767934,-4.9730410430055825,3.070282572575262,-8.760344121563838,-9.61669376211758,1.8367739028063432,5.793903713457467,-6.814673415295145,-2.367033310116582,6.59937860990204,3.4368942876785615,0.6198639146668197,1.9000521840691538,5.3577168870074035,-6.172817743540638,-2.4519931549311638,5.0
2.00914094860102,-30.97170106450892,-2.339487249190552,-15.442346957614017,6.433502694893642,-14.091695394973351,4.755321864251494,1.6911581895842804,-5.841717520682217,-2.415664295787159,14.57295554922455,2.7226785657727826,0.019618437948286375,-9.130444790836277,-3.791451456520915,4.759703903078987,-10.159142183464915,2.5475438829239185,6.938344256876032,0.5864846343872221,-5.7716632065053695,0.30599604645374245,-1.127418420648729,-4.494553865972996,-3.0853848581865084,-6.858581916926845,-9.80930020363723,1.3533832510296684,7.893648533961279,1.7697165044773053,-2.4644195060217573,1.6151893157878283,-6.500704220582745,8.671646624293933,-2.6123443982772367,1.6909620244287336,-1.4799567011661536,1.7856896562845015,2.711699321232373,0.03848053511822904,2.368559846286805,2.872314925240242,-2.8177764731454173,-4.870086638819479,-2.2346712558968593,0.775988091324934,-5.085505007219382,-5.140932866269408,0.819881944941586,0.15175024573098259,2.0
-0.6816689220919491,-5.075112456974534,-17.843857488174763,1.0708460302855924,-0.8112244332300308,-18.78319653438441,9.952628905438495,1.0042811186440268,6.428577289326012,6.113368506284576,-9.524466236224734,2.764448501142582,-4.168793421776686,4.213591758041707,10.203749792166814,3.3402025777935673,4.347766844217756,1.8074389797115316,-1.243793032165267,-2.7939394603096512,1.4444759736298107,-4.275387386775256,-0.01351511025738443,4.107610716033563,1.377628334686433,-2.554430203233998,-1.4561582754375895,3.440981897596471,2.921040047082478,-3.4845742076965527,-4.041650048065537,4.804745085538128,1.6761056111266666,-4.924717100422636,-0.04653366849765024,0.6838458766514516,3.4348493983335664,-3.67923732482802,-2.2457797738346184,0.16530274382739713,0.10359437670740289,0.09446404096998932,1.9576619413277099,3.0966677765681045,0.43099569220496525,4.065081544556935,-2.9163350811522903,-1.0188754833723723,2.388489045063493,-1.7752723122318728,5.0
15.639190689709293,-38.57606113053194,-4.773351150676275,-20.10228908716393,-14.133868202388042,5.107110405884367,21.887788091184635,-7.469129736632862,-3.4208138125419887,4.6920960109546055,16.43067001008027,3.3667911671833552,-9.43006553348493,4.934243804534587,10.534577082461505,-22.014790994444475,-1.272470811337679,3.950778621235253,5.678500770388975,-3.4561326331262467,-6.77961658182992,-7.899481922553378,15.859998914083759,-0.2575971832102311,0.4185602586660152,-1.0323052196820457,4.616153207315352,-7.558066678531597,2.997394300188814,-4.206219966832642,-8.906188814009496,-6.812631806986277,-5.272220473220462,6.93099697498935,11.171516524380925,-0.5108532917726665,-7.94851423361645,-9.936935074596116,1.508188355967272,-2.9702176635476216,-0.1967534718000245,0.03148977846108552,2.4954898703888353,-9.127261649624145,1.7815450106126969,-0.11113158931839003,-3.8576110743268153,-6.88689174977116,2.427367480870049,-3.414626564187299,5.0
43.19260623962234,3.2516753834627536,7.015013869741328,23.92193791765203,-2.3021802478415263,4.610331557283351,2.7780832567319917,-12.874999477493382,-1.2364072071194967,4.127824786160265,1.7737445478488085,8.2749629492963,7.48697080028263,-1.5195222507688342,2.512742058543429,0.04995103570762784,-2.3590078511113424,8.75014094536728,3.454959681931774,8.60498677445441,1.714986889571783,0.6230748715251975,-6.113076132864424,-1.3848320324459,1.728316302893529,5.0234551665116784,2.834045333203225,-0.7270408517414597,-1.2144903790998698,1.7172532900730335,1.8337921230026026,-0.3025689256940917,1.8239945542512923,2.2817126568767527,0.7173923995588684,2.462352259310558,0.7785020322771392,1.5370884978156152,-0.31538380568865026,0.8180910821690681,1.6296461718434136,0.006962242302606391,-2.512131465906587,1.8013880790514465,-1.7066053462685733,1.2766771934132792,-1.8854448118884497,-0.2189944819692164,1.2403542060908388,1.164614116393841,2.0
-62.96426600974457,41.027804056246545,1.6897219393356457,4.663613086794061,7.210465408110389,12.286902964132038,1.3421500719310595,-16.664604242877207,-0.21895797483703874,16.209284167661448,7.495522191222469,-6.125987401616859,18.722205889212933,-10.017184269550752,1.703507384400412,1.9404067608658073,6.706321773649883,0.9141190334548059,2.0588192983145,-10.807445123484246,-3.8042676008692022,-0.10484577499228563,9.512766255482221,5.709172031149112,-1.9763764663104222,1.8387243454339346,8.798181890037325,1.1182093967460147,10.306876457335452,10.242665017071513,-3.996417724871429,-1.4883880381212495,-1.206182635454923,-3.519044805059408,2.8025301062231383,-2.4301813198469104,-2.0063541715737534,-0.0048989170873671275,3.2071716414820255,3.7179179522093584,6.7116101812625555,3.486226214142478,-11.372310265406892,2.347768085572395,-0.2588506349705167,-2.4383231761618007,4.20342161351883,-2.009682112499499,9.032290740621432,-6.078516839760758,3.0
-40.949251844660076,-32.26714483170457,22.54855638980399,-1.8914110553770662,12.197247624258322,17.81733581026553,16.369750415091993,-32.58515904425095,-0.421871766078171,20.91895970702949,1.1484534181798525,-1.1419900721037444,4.528355586695716,9.74174575500659,-5.651523069299707,-2.066898525927442,3.0479913558039846,-12.690662924240161,9.173081631227802,-2.7007182810822563,-15.348376518913533,-2.914993902506192,3.220908219236102,5.70241872522971,-0.49882145545051393,-5.225110754451614,3.8055380387811035,2.3615820467408857,-2.965113783181108,8.705475049032337,1.557888759618404,-1.0568846375861622,1.510138639035188,-4.350753241396159,-15.707316924492646,-2.0876349792872677,2.9769655326030593,1.072853761672325,2.2292629845022534,5.314236610339494,8.510941902232666,4.3572279115392885,6.237181044491077,4.563067621399967,-7.918158977451076,0.1952363970698418,1.2357306483158106,-5.714496140275543,-5.5265405429988474,0.7467887323599113,5.0
5.446096541885823,8.447138536092686,18.193186726339967,-4.151254918557879,-11.826551813913525,-2.0855771062414523,-1.3144855019858697,5.40124358217146,-0.14956718586660678,8.52733447665856,-2.5506286676753436,-4.850079872330021,-18.643518605651813,-8.112438860032409,0.9198174839040224,-3.93545409107139,2.2925572264048846,0.4712456819145299,2.111621516937001,-0.17778084512482625,0.9334477630540141,4.47225441391495,-10.469262795156341,9.349553384422835,0.0004022625595695883,0.8096561318992219,0.44471961937079807,-4.407262524865017,-2.016859883549457,2.6761365921294873,0.9284863337112212,2.871097063126765,6.308843264582155,1.0358909916825938,5.245404777048748,-1.1577182598133369,0.12876064471013798,-3.9526311147273967,-1.053918704563009,6.164000490904316,2.586444512091359,2.573662260463281,-0.19636382469384764,1.7561630438274294,-5.526796036300114,-1.4220733859277082,-1.0163077959772182,-0.4131811714623541,0.3589496495411721,3.5557053369445106,2.0
1.8777652785337202,-12.057687249556231,8.208764420916951,-6.919692593990601,-3.0429815488168246,3.6016264975260794,-6.930119382489949,-6.770615577965048,-1.7359659182550322,7.750475086893987,-12.63603146592467,-12.495479454018744,11.782777763203734,-5.096972323971581,11.971387838556684,-7.849672205257198,-4.332879211413203,20.277901817387672,-5.416096142774637,12.802362277038997,3.033005272350436,-5.670425300702072,-9.125702482001872,-0.06601141995254987,1.885397201714029,-6.016714874395313,3.745819729476001,-10.075701759429295,1.1868031587031576,9.533282718700882,0.038662115097127345,-6.183524222573867,0.36879438696352507,-1.1971225437319835,-3.3362879256694327,-2.064617214414869,-7.040263280704303,8.248771879354212,-0.03902963576202682,-1.3127796908283846,-2.77031987008411,1.52504138479708,-0.9836479118151006,9.16978015287202,5.747572164666431,-1.8001675443125669,-4.5669322963284715,-0.05972033728215171,2.9376921171553505,2.9341750758710345,3.0
23.717770328836895,8.623996965685137,-9.110056391726653,-1.1900004323533047,-15.687101232076339,-3.5707289996459886,19.574307649346665,4.926013639191596,-6.612571838627498,-5.320922920666731,-2.2639298980542613,-0.9449987285332498,1.1129143700939985,-4.129479474880403,-8.23912446472002,-0.38632012370924335,-11.325973164942054,-1.0216318829302533,1.1552231247743667,-7.162539176404168,-2.836900666675781,-0.21374967040756943,7.383471101435639,5.019334475537176,-5.535123500982469,-2.167221356146286,-5.5155776034853785,5.700048187596265,-1.4242980416604172,5.6252863918728915,-0.16825815602505848,-8.94874413882894,4.974760848811034,-3.3655220236160575,-5.788229666300499,-2.0393786614384797,1.0681361383313506,-3.6705246711071906,0.7820266585023977,-7.518035421123608,1.4957217792219142,2.962760091373037,-0.19251509162317917,2.472282563901877,2.029676251365164,0.3108407876425218,-0.2252736024946026,-0.09836939194200729,0.9468436907225604,-5.069221419113646,3.0
-2.489123992847403,-2.6400492565000753,15.121454340378012,23.201372683454114,7.260477206344637,-13.353723746527269,8.962034732063987,2.770048188216291,0.025389053358704602,-0.6272355946407839,-6.812272333998423,4.495591920135682,-1.181664589022139,6.168040683597526,-2.1548000649963144,1.8507606228596574,-2.644062831505953,0.07862473696489769,-3.2707072862733875,-0.5789680377508172,5.125381967229173,2.915504157321519,-1.183744171749632,-1.405196500291487,6.33155038626255,1.0984871056089187,-0.7648860117956675,-1.4696542024548322,4.687866962970317,-1.4937406222579066,0.20325129680837098,-0.9265069221384584,-3.9465005370858517,-1.1498670573743466,-4.16378931448966,3.742612198718439,-1.3876267645054092,-4.593697267544987,-0.4171926151127771,-1.1227946279847414,1.219503797979869,-0.36715004574399385,1.2891351328352298,1.5689639961866388,-3.060826021271644,-1.3478992376287036,0.06295453438344875,-0.8489555620576067,0.6603141215055401,0.5049779912507073,2.0
16.358711584168564,-7.5447122753092835,-13.950260212461425,-10.329854080153963,10.484537688925124,0.1417653858538976,-23.778498140027214,-11.999228309138305,-10.64929063908402,-7.750585663287364,-3.7018033783006605,6.690114010457735,0.23526504653437327,-7.919630801829865,1.4354431552860043,0.4740545561496025,1.3872787409126421,10.504547994999594,-4.315189339581037,6.426808371499866,-5.773492683220961,-10.27363131306398,5.720824238581904,2.4828499476699597,-3.2553978374794594,-2.340514067507092,-7.717997731413587,-2.818738872261953,3.8278894747687424,5.440479404741847,-2.762777899951838,0.249034085869279,6.029290454398915,6.145752963682643,-0.2971276549155794,-1.4679731289817832,8.119118222820447,0.8498011804642082,5.862694401825549,-0.06714285485771224,4.1458320948247955,5.821809289257558,4.790471133432486,0.1436513862993223,-0.2654237021435076,-2.8382670601540476,7.275526042510935,0.6523337630084041,-1.061303506434038,1.7039196729002186,5.0
25.433739357590216,20.67053694722603,22.25023755355534,12.07216346597448,5.7052814717591405,-9.006343836224582,22.192595182536532,-18.863241281910323,-17.540188045063974,30.612959420966124,-1.4118431369479367,-0.3690328189979743,-7.096175119974151,0.30019413544803353,14.190993842777143,1.449430770739194,-4.234944542194126,-15.249375118411493,-8.090544582973816,-3.3561148653640127,-10.17649519454085,0.7264068882756284,4.998729644826699,9.482540303334035,-7.193826151379181,3.381875316085912,-7.545975330737345,5.193061929146227,0.3928945568786056,-0.6217973209534515,-3.9481911953380484,-6.7262244891813605,5.00435266246879,0.14300159767915646,2.32804987371875,-1.795138460968642,0.3131569843215082,0.14376760157411628,7.047285231715241,-0.5876679825950616,-7.559158105088173,2.435010551817958,3.5030524019087435,3.77958574573107,6.116914576576248,1.1868757219964106,1.5539260501676242,7.7054922945349675,-3.1110340262572023,3.8865907637061867,0.0
-13.003499612073057,-19.31482251485612,-16.991279562989735,13.351270777263412,-1.6538640050785183,-7.688885991762639,6.829607411877376,4.436489044600028,9.416078886781424,-2.915528272541009,-0.2485207039210147,-1.4452046572611401,11.15258525521633,4.34965817937011,0.010176715889720668,-7.0049319497139,7.762608775483213,9.149758017737856,-7.5534716786756935,-1.446264246130277,5.64832042533702,-8.207510648706247,5.142595763204545,5.8653759930175005,3.681959314632131,-6.5499661594619925,-5.692473408913058,-5.908586035859118,5.35029745977312,-0.7233618712914205,-0.715356121716742,4.636143021631851,3.849621152486206,1.4254623322938034,-3.7903972691346817,-0.6229939409657432,-6.201226724460773,-1.3633560986289959,3.6675441006747636,9.455391927194565,-10.339082645032496,1.636835597348211,0.27270258120614554,0.9033557502208419,-3.109188403394338,-5.242674222879852,1.7514155307111174,0.577046615496346,-1.0533783892112116,0.6221424939447566,2.0
-52.95568139050591,-29.967894925832027,9.880561682326016,-5.736807146744003,11.87448401088696,19.44264549038612,-6.466895105598176,-8.740867688324032,2.766272583662972,10.287885054899467,12.399230575947378,7.867954728470742,9.019301794051117,8.06978044621752,-7.394086829745708,7.566005976589331,20.43217117367428,0.967634397632523,-2.832320098027504,-0.6853485283702143,-14.311102806959978,13.644972942057338,-4.81467315094745,-1.297825121641758,-5.5564321772047744,2.3660189818452446,-1.3385470375823327,-10.076459520189793,-5.029401463770494,-3.9952445510854058,5.152287245601671,-0.4277085497898869,3.556333852841292,-0.6369891962599753,-1.266785026157864,5.268952082042943,7.077669579034573,1.2147232109492956,0.6168272718093062,0.24199703760079447,0.3304335493177623,-1.4933370140976574,-0.519881677805496,-5.528167456547247,4.853666318384303,6.394764611942123,-2.3255576323473144,-4.521699764559726,0.7744234147128137,-0.9938011394923773,5.0
-18.636165837892303,-50.20935383221034,-18.33453023930873,0.8824749430862036,10.889206420317599,-11.73992291967655,0.832009760507825,-3.582395171151149,5.5243375080369574,-3.610725627720941,-2.7963518202588262,-2.9021996472053546,9.778637396950769,-3.760109863873727,3.262355390762405,4.6302225503217,-1.85552755074756,5.032497154460847,5.195217895330721,1.3909085629717497,5.847948148589248,8.340042073161312,5.560355477173262,-3.891014451965702,-1.2353609180658807,2.542061788163471,6.153832016666309,-3.4634423839231223,-1.1038633114017535,-5.047581674782145,-3.8185679958395173,-3.1273129982526955,-0.3276254433522078,-4.516768938410035,3.724761460618409,-0.9580376225391768,1.3581401309889534,0.30482077762343146,-5.9133610317459,1.8661194347572463,-4.791544346608737,0.38705061847755723,0.7538437228669561,3.432609637487702,-2.0723940596153847,1.1355616433792324,2.196445712849254,-0.6138928039179623,-1.0780269437669736,-3.380451332840147,2.0
-34.9310342469854,38.26687838456924,-9.61151999459757,-3.973431807668575,-7.675114577917231,-4.359672643386675,13.286928595690545,-5.724592790922216,0.9004697481333047,-4.6229793562742625,2.3507033003392603,-4.757327525910675,0.5335883660824424,-23.203575039613835,-0.5482998625358619,9.92035397868661,-2.881389885198729,-4.601228290152817,-2.3655769699913596,0.9437063920960044,-2.130198193424831,4.061201549030687,5.443409139413892,2.5767381635362256,-6.1171831253774975,0.46718379888412265,-6.070602092378472,-0.18309860530197383,0.4809093528161893,2.1262925054167185,0.7951949738285653,-3.1147805148845102,-4.343691627375737,1.7416616614687852,-3.6808401663001304,4.64394334436184,-4.7079682333155946,5.760682533175368,-3.4990762937750866,-3.9889019116503137,0.5021470468755433,0.6463538063861094,0.8755860951810343,-0.8495394422829785,-0.4532927056667081,-0.39978714423612166,2.5407462740891966,-2.860127282817809,2.9892597738800673,-2.2527342511019977,2.0
26.318527969833887,-28.11879956456548,-3.388880921037707,-0.1896420109453028,-9.649858551651741,-2.2378388797883693,-1.616527787786682,12.807270556853126,-2.422197351617407,17.14635026433568,1.1523646712801852,1.7716100078106243,4.419549079831756,-10.697732224966126,-7.454557715565365,-0.27599856625734764,7.116052859498954,1.1427564271637172,-0.7584041728069326,-0.9473279825221758,-2.0751936546382415,-3.027547031759708,5.27738547994577,0.3626513296022813,-1.5869423714588415,0.7189157991165788,-4.959358931827338,4.834152298940648,0.45311497774820986,-3.3453075838934248,-0.7326657359475841,-0.4913924410155025,-1.4442394520390682,-0.3250347455513714,-1.9457360712585468,-0.5920496736714465,-3.6058903871705588,-1.5227968613622993,-3.7516356107121034,0.7949434003853509,-2.0449159008962363,0.12140381251641524,-2.3000505367012245,-0.05567380150545091,-6.838720997945163,-1.1726446847445209,0.174934092389766,-1.4375859507293338,5.236713949356924,1.2100467939688224,3.0
33.04614125487422,6.618967163633021,-8.898358776549191,11.783131928207899,-13.547894432797586,12.671608451148765,-12.207795286201392,-1.3897340089614054,4.639631843619573,2.8866006273050977,1.53154630373289,4.686236726755458,4.9451315998566265,-2.304536519794933,0.4996166525828045,-3.401016860369588,-1.733928637779186,6.664260853580542,1.0761255132900083,-1.781542102615686,-2.021310449342588,-0.10332791396904668,-4.59873370546133,2.450712742753019,0.5033536998070901,-1.9078087360354192,2.580856269523328,-1.61733215242483,-3.196497038864632,1.1469576886476565,-4.351364229821134,1.6097389130695159,-0.0641544789546929,-1.2736308227870214,1.768392098481167,-1.1817048633262648,-3.5722563126657483,-4.102101166580871,-1.4627783313431477,-4.688690848943774,3.7325733995109602,-0.4688543188222578,1.4940950750886872,-0.7196676036605824,-4.680885006994631,-1.472590140359285,-0.916431328894198,-0.6986950889764235,2.571329857045912,2.2564740569727295,2.0
-1.2897574096297637,44.11494151163817,6.064114337002485,10.66056417477887,-5.453308824227006,5.556947139515471,-12.531111570356579,0.6523183453345328,-10.891031274988295,15.178811120159974,-1.150381851505753,1.102824367266246,-21.08667579966553,13.29805805005919,-8.796279533820073,2.1897509765846497,-1.2978654167178525,8.701335856993117,4.536373562119019,-3.459106987948742,7.838938204803689,-3.3348831145060798,11.259690808398595,-5.855231057401744,-7.224738383749785,3.0329311067122897,-3.4815425104162054,1.4697743516142177,2.347809095217235,-5.644644375581,3.9852764380329635,1.520541397932816,-4.511633957691663,-2.3662003815429205,3.6284047134023463,-0.3281987054381705,3.9070590369268614,-0.9665524001605525,-3.3427735963680285,-0.22226396547848626,3.269846930109442,1.580609334405329,-1.057485211844796,-1.7911621287865926,-1.6018079855820029,-1.606812654623727,-1.9171119982416973,3.676824087558854,-2.7875565780020812,-0.5913340897634618,2.0
5.446197032169642,-18.92956785543903,-14.653016865925606,6.952986167355037,-1.991102587418408,-5.6723682806203115,15.414097025805894,2.571629703507857,-14.843020232185069,14.513618217374347,2.0790605012138657,4.014155165292796,14.75469221846979,3.7879885735443484,-4.946317155407701,1.1933265739768144,-2.9196538622234582,2.945848885529997,-3.5146192712887028,-1.6062508645015292,-2.1257553695080498,-2.6934042829148157,1.9748203020656558,-0.08460568458456684,0.5584208423971897,3.8207642230797108,0.6637680263623283,3.8555551870229294,7.41384571194022,-4.442127138866309,0.5309492419922859,2.0785296546328036,0.7075755801847549,-4.4519775831500645,2.800467213786334,-2.427634785596746,1.0545661556858457,1.8112109761167634,2.575711072814151,2.9065381881014667,-0.8340634513794419,-3.159033970428353,3.4861922069175675,2.3994529809127325,0.5613017160315272,-1.6158082828111404,1.6768762613272183,-0.6787535423706279,-0.8600527739359567,-0.700711218133846,3.0
-43.37920284375594,-6.64033229797485,16.250066657228594,-6.644520575297266,-1.4316914214409329,15.95039065526892,-9.791734814352353,-7.208919600095617,4.698876587077891,-13.348312737504067,-7.18352714785878,-8.927038763634027,2.626570900822469,10.82848387825677,3.6009703417416965,5.0488737256662635,-5.580326307549519,1.2833288612584213,10.127922213104823,-10.517281355392912,11.306810057771399,-8.250081600073678,-2.9559355848863595,5.46465282452108,0.9314250638989194,-1.8993481059708073,2.7637498082227347,-3.761471036287621,-2.3709679366955263,-1.6428876630044613,-2.839733264107608,6.720871372074237,4.4177115205301325,-0.9917191022132716,1.8342131509819253,9.099259914625662,-9.178503628202701,-2.507308892702558,3.9430112049995905,0.07120932431392353,-3.141648860871241,5.433499438973456,-1.2987717731927386,-4.447997210544731,-1.8173493662174833,3.492013454197128,-6.04435665110949,1.3523238161845827,3.9415505711567937,-6.705638106556448,2.0
-33.472673171949836,-16.340209090189113,-21.315743417161144,-1.5337911770886739,2.0360501505577964,5.826591639027369,2.0245332760275967,-12.285227757264725,2.3990035845324527,-4.930947444450204,13.019367057437304,8.236448167898335,-9.942879019021522,3.865111268556078,0.47073415254923384,-0.3147691682130407,8.040504008216844,-3.253232266657979,-6.7053527987360075,-2.9380918678646335,-2.954066542427508,-3.3752626585618426,-1.4739924448044461,1.7861002916986275,-0.026181943566712572,0.8115479877230286,9.470551392116153,7.1224016090552835,-0.09568050568916825,-5.1456504232827225,5.016633972650741,-1.91273531540485,4.130755980762509,5.13029548847646,0.8803744942774803,6.196679102784339,-0.31805169618345674,6.1496234478191685,-8.101053621740258,2.382252128129454,5.992497732074624,-2.442611729681241,-0.10823564250972657,0.3760080733550501,-2.298340273304917,-0.7467190714479247,0.9658160007700891,1.4798687791315175,4.766423247819493,-0.9763872061402589,5.0
