dimension_reduction_type,model,n_estimators,max_depth,learning_rate,rmse,mae,r2,spearman_r,within_1_acc,qwk
"Lasso (alpha=1.0, top-100) + SMOTE",Gradient Boosting,50,2,0.05,1.1656175733870904,0.9641206119020073,0.4726764703167632,0.7067857376678308,0.8363636363636363,0.47547053378586857
"Lasso (alpha=1.0, top-100) + SMOTE",Gradient Boosting,50,2,0.1,1.0787334920949172,0.8507180277532722,0.5483590595873664,0.7321963281736491,0.8909090909090909,0.6087080250426864
"Lasso (alpha=1.0, top-100) + SMOTE",Gradient Boosting,50,3,0.05,1.100071661441427,0.9027796540792229,0.5303147392318236,0.7459407697122378,0.8727272727272727,0.563515954244431
"Lasso (alpha=1.0, top-100) + SMOTE",Gradient Boosting,50,3,0.1,1.0632152967297774,0.8394999909044302,0.5612598189914588,0.7362697816135132,0.8545454545454545,0.6175196317357162
"Lasso (alpha=1.0, top-100) + SMOTE",Gradient Boosting,50,5,0.05,1.1316114232140504,0.9049219898479205,0.5029962984636517,0.7078479760931922,0.8454545454545455,0.5380694488690667
"Lasso (alpha=1.0, top-100) + SMOTE",Gradient Boosting,50,5,0.1,1.1119132545640251,0.8634074477850182,0.5201485714437559,0.7148171838491499,0.8545454545454545,0.6146160433913788
"Lasso (alpha=1.0, top-100) + SMOTE",Gradient Boosting,100,2,0.05,1.0863405755404218,0.8670693222182617,0.5419667777331123,0.7278827164810947,0.9,0.5941327257191683
"Lasso (alpha=1.0, top-100) + SMOTE",Gradient Boosting,100,2,0.1,1.0453734508178214,0.7976169198298206,0.5758612912091161,0.7574267999899497,0.8727272727272727,0.6557271557271558
"Lasso (alpha=1.0, top-100) + SMOTE",Gradient Boosting,100,3,0.05,1.0419421160692346,0.8140313540587019,0.5786411080257283,0.7524250425348785,0.8818181818181818,0.6560245792145338
"Lasso (alpha=1.0, top-100) + SMOTE",Gradient Boosting,100,3,0.1,1.0694932134222288,0.8235623810430558,0.5560633058753504,0.7307553786575068,0.8636363636363636,0.6327493261455526
"Lasso (alpha=1.0, top-100) + SMOTE",Gradient Boosting,100,5,0.05,1.1020935280135604,0.8597222420278862,0.5285866452296173,0.7202623103861111,0.8636363636363636,0.6145685997171145
"Lasso (alpha=1.0, top-100) + SMOTE",Gradient Boosting,100,5,0.1,1.1061766248848477,0.8560159654780377,0.5250871382523814,0.7168077262897183,0.8454545454545455,0.6047008547008548
"Lasso (alpha=1.0, top-100) + SMOTE",Gradient Boosting,200,2,0.05,1.0497600975992685,0.8080364481284,0.5722942399156188,0.752000147164734,0.8818181818181818,0.6475563909774436
"Lasso (alpha=1.0, top-100) + SMOTE",Gradient Boosting,200,2,0.1,1.0777738026644936,0.8090295728013502,0.5491623019794207,0.7342561470332629,0.8727272727272727,0.6228868660598179
"Lasso (alpha=1.0, top-100) + SMOTE",Gradient Boosting,200,3,0.05,1.0370891656728631,0.7838952676578606,0.5825570103788803,0.7533163991265949,0.9,0.6879021879021879
"Lasso (alpha=1.0, top-100) + SMOTE",Gradient Boosting,200,3,0.1,1.0878738870911182,0.8300658682683314,0.5406728865153213,0.7207795743149826,0.8545454545454545,0.6445655062450173
"Lasso (alpha=1.0, top-100) + SMOTE",Gradient Boosting,200,5,0.05,1.1023476138012893,0.8547168315841505,0.5283692530790962,0.7163227913564013,0.8727272727272727,0.6288895232657722
"Lasso (alpha=1.0, top-100) + SMOTE",Gradient Boosting,200,5,0.1,1.1114275658921324,0.8599104319432226,0.5205676823799905,0.7123417064752645,0.8727272727272727,0.6453407510431155
"Ridge (alpha=1.0, top-100) + SMOTE",Gradient Boosting,50,2,0.05,1.1814388762551202,0.9744362345907145,0.458264254498453,0.6984256482335283,0.8181818181818182,0.523772040302267
"Ridge (alpha=1.0, top-100) + SMOTE",Gradient Boosting,50,2,0.1,1.101514165977887,0.8831656491848071,0.5290821516556159,0.7208627060178371,0.8272727272727273,0.6024985803520726
"Ridge (alpha=1.0, top-100) + SMOTE",Gradient Boosting,50,3,0.05,1.1363139059503533,0.9246538173716704,0.4988570553130808,0.7260076347389351,0.8272727272727273,0.568832768709578
"Ridge (alpha=1.0, top-100) + SMOTE",Gradient Boosting,50,3,0.1,1.0751053815158211,0.8513612478429028,0.5513919638661863,0.7491875245514946,0.8454545454545455,0.5889818286703201
"Ridge (alpha=1.0, top-100) + SMOTE",Gradient Boosting,50,5,0.05,1.159978941592531,0.9141947407382531,0.47776594644112924,0.6809918176432953,0.8,0.47752985543683224
"Ridge (alpha=1.0, top-100) + SMOTE",Gradient Boosting,50,5,0.1,1.1819615932193681,0.9135826693037049,0.4577847762723708,0.6492678361484815,0.7909090909090909,0.4797815820543093
"Ridge (alpha=1.0, top-100) + SMOTE",Gradient Boosting,100,2,0.05,1.0962399116843904,0.8867855914277085,0.5335810391957089,0.7251116597192826,0.8181818181818182,0.5899238429994142
"Ridge (alpha=1.0, top-100) + SMOTE",Gradient Boosting,100,2,0.1,1.0738188601067569,0.8396683995493264,0.5524649722131193,0.7307369049457614,0.8545454545454545,0.6616345653305571
"Ridge (alpha=1.0, top-100) + SMOTE",Gradient Boosting,100,3,0.05,1.077270254762136,0.8372977450531967,0.5495834763368342,0.7372165593404657,0.8636363636363636,0.6137339055793991
"Ridge (alpha=1.0, top-100) + SMOTE",Gradient Boosting,100,3,0.1,1.104665796628821,0.8619485841984487,0.5263835347984602,0.7134732213196712,0.8181818181818182,0.5548233314638249
"Ridge (alpha=1.0, top-100) + SMOTE",Gradient Boosting,100,5,0.05,1.1339146199297954,0.8656153001793782,0.5009711117521349,0.7015807693835603,0.8181818181818182,0.5264021479713603
"Ridge (alpha=1.0, top-100) + SMOTE",Gradient Boosting,100,5,0.1,1.1878906488201217,0.9130033287476454,0.4523313208234889,0.6471064118742679,0.8,0.5146678170836928
"Ridge (alpha=1.0, top-100) + SMOTE",Gradient Boosting,200,2,0.05,1.0727947111832359,0.8455784240664292,0.5533182333414505,0.7338081595234366,0.8363636363636363,0.6400264200792602
"Ridge (alpha=1.0, top-100) + SMOTE",Gradient Boosting,200,2,0.1,1.128178101701056,0.8556042470337394,0.5060075528352144,0.7083144373147641,0.8272727272727273,0.6272935779816514
"Ridge (alpha=1.0, top-100) + SMOTE",Gradient Boosting,200,3,0.05,1.0985294371630259,0.8386075685660969,0.531630748518221,0.7190014795594866,0.8363636363636363,0.611364245510587
"Ridge (alpha=1.0, top-100) + SMOTE",Gradient Boosting,200,3,0.1,1.142387343818942,0.8723294692949568,0.4934856619148018,0.693784863026995,0.8272727272727273,0.5546641283655154
"Ridge (alpha=1.0, top-100) + SMOTE",Gradient Boosting,200,5,0.05,1.1318473471766164,0.8550512876734773,0.5027890412670002,0.7049476033491622,0.8181818181818182,0.5438493231312538
"Ridge (alpha=1.0, top-100) + SMOTE",Gradient Boosting,200,5,0.1,1.189041420204988,0.9115038006217953,0.45126969664314076,0.6454068303936896,0.8,0.5146678170836928
PCA (n_components=50) + SMOTE,Gradient Boosting,50,2,0.05,1.1126206375936083,0.9020580308114715,0.5195378282425452,0.768621871993627,0.8090909090909091,0.5688373476063038
PCA (n_components=50) + SMOTE,Gradient Boosting,50,2,0.1,1.0224882348837783,0.8016821877111425,0.5942284287671123,0.7938800516915897,0.8727272727272727,0.7086170770036668
PCA (n_components=50) + SMOTE,Gradient Boosting,50,3,0.05,1.0606256473447278,0.8452923399923974,0.5633944751717469,0.7749444971525393,0.8636363636363636,0.6299824150058617
PCA (n_components=50) + SMOTE,Gradient Boosting,50,3,0.1,1.0278995525693913,0.8078178331500181,0.589922131412449,0.7817058756513612,0.8636363636363636,0.6673623793373337
PCA (n_components=50) + SMOTE,Gradient Boosting,50,5,0.05,1.039935956328843,0.8136047428388482,0.5802621183438035,0.7706539775996668,0.8909090909090909,0.722972972972973
PCA (n_components=50) + SMOTE,Gradient Boosting,50,5,0.1,1.030552556175347,0.7878245958843263,0.587802581807209,0.7753324450991931,0.9,0.7284692052133912
PCA (n_components=50) + SMOTE,Gradient Boosting,100,2,0.05,1.0206289581882084,0.798191103231841,0.5957027844964907,0.7945127763188701,0.8545454545454545,0.6656094870380584
PCA (n_components=50) + SMOTE,Gradient Boosting,100,2,0.1,1.00324531320659,0.7654128833734432,0.6093577104984935,0.7930672083747915,0.8454545454545455,0.6889922090977633
PCA (n_components=50) + SMOTE,Gradient Boosting,100,3,0.05,1.0263377483929823,0.7829008909276653,0.591167340175322,0.7826803639459319,0.8727272727272727,0.7056921086675292
PCA (n_components=50) + SMOTE,Gradient Boosting,100,3,0.1,1.0175441396389868,0.784824553248014,0.5981430420523763,0.7829528511941768,0.8909090909090909,0.7059939301972686
PCA (n_components=50) + SMOTE,Gradient Boosting,100,5,0.05,1.0418595158835897,0.7939103329034967,0.5787079120114841,0.7659755101001404,0.8818181818181818,0.6982210927573063
PCA (n_components=50) + SMOTE,Gradient Boosting,100,5,0.1,1.0397071295991445,0.7865785548098422,0.5804468156400617,0.7682893424962537,0.8818181818181818,0.7182831096480121
PCA (n_components=50) + SMOTE,Gradient Boosting,200,2,0.05,0.998232894755556,0.7615064051514233,0.6132514165613969,0.7917648116967397,0.8545454545454545,0.6989463120923232
PCA (n_components=50) + SMOTE,Gradient Boosting,200,2,0.1,1.0002938760440434,0.7491101742621209,0.6116527827412204,0.793113392654155,0.8545454545454545,0.7218934911242604
PCA (n_components=50) + SMOTE,Gradient Boosting,200,3,0.05,1.0177840441682355,0.7498093000157267,0.5979535295478019,0.7848094592245909,0.8636363636363636,0.7135027404085701
PCA (n_components=50) + SMOTE,Gradient Boosting,200,3,0.1,1.0170817436359725,0.7794981916712492,0.5985081855858725,0.779198069281921,0.8727272727272727,0.7037037037037037
PCA (n_components=50) + SMOTE,Gradient Boosting,200,5,0.05,1.0376786229402646,0.7840072100150258,0.582082345825726,0.7670192748137563,0.8727272727272727,0.7109275730622617
PCA (n_components=50) + SMOTE,Gradient Boosting,200,5,0.1,1.045963966670268,0.7950295062794334,0.5753819766221298,0.7644144814576529,0.8818181818181818,0.7138631687242798
"Lasso->PCA (top-100, 95%var) + SMOTE",Gradient Boosting,50,2,0.05,1.2790320890941538,1.0414955642005632,0.36506706031293557,0.6222361774370029,0.7,0.341249186727391
"Lasso->PCA (top-100, 95%var) + SMOTE",Gradient Boosting,50,2,0.1,1.211920878604145,0.967275832842028,0.4299492618180851,0.6390010708459671,0.7545454545454545,0.4419642857142858
"Lasso->PCA (top-100, 95%var) + SMOTE",Gradient Boosting,50,3,0.05,1.2205426863774658,0.9780280526319737,0.42180953822936873,0.6494525732659355,0.7090909090909091,0.37986381322957197
"Lasso->PCA (top-100, 95%var) + SMOTE",Gradient Boosting,50,3,0.1,1.1664979196508674,0.9096999623824099,0.47187963503167185,0.6562231886206301,0.8090909090909091,0.5316584374092361
"Lasso->PCA (top-100, 95%var) + SMOTE",Gradient Boosting,50,5,0.05,1.243170997898154,1.0035430670312686,0.40017202421148923,0.607692747865425,0.7272727272727273,0.4205809641532756
"Lasso->PCA (top-100, 95%var) + SMOTE",Gradient Boosting,50,5,0.1,1.2561807331331862,1.0140322196801472,0.38755198181390005,0.6168649457470236,0.7363636363636363,0.4152276295133438
"Lasso->PCA (top-100, 95%var) + SMOTE",Gradient Boosting,100,2,0.05,1.2082182082593744,0.9633101901777226,0.4334271879294693,0.6495541786805353,0.7545454545454545,0.4274809160305343
"Lasso->PCA (top-100, 95%var) + SMOTE",Gradient Boosting,100,2,0.1,1.1776965987456487,0.9220744566932495,0.46169077905329303,0.656260136044121,0.7818181818181819,0.5024168325277225
"Lasso->PCA (top-100, 95%var) + SMOTE",Gradient Boosting,100,3,0.05,1.1729626823518886,0.9075354885574471,0.4660096999069585,0.6629891855473883,0.8,0.5441531042796866
"Lasso->PCA (top-100, 95%var) + SMOTE",Gradient Boosting,100,3,0.1,1.1646691659213084,0.8788723369626928,0.4735342372601098,0.6717503433426514,0.8363636363636363,0.5792616720955484
"Lasso->PCA (top-100, 95%var) + SMOTE",Gradient Boosting,100,5,0.05,1.2280869231411304,0.9720367769489642,0.41463979860912203,0.6184028822498294,0.7454545454545455,0.4534291704103025
"Lasso->PCA (top-100, 95%var) + SMOTE",Gradient Boosting,100,5,0.1,1.2587320025796642,1.0065876518121264,0.3850617244915844,0.6143617578055198,0.7545454545454545,0.4447871684145589
"Lasso->PCA (top-100, 95%var) + SMOTE",Gradient Boosting,200,2,0.05,1.1860380131471182,0.9252433408403129,0.4540382781491351,0.6559322276606399,0.7909090909090909,0.49617534568990884
"Lasso->PCA (top-100, 95%var) + SMOTE",Gradient Boosting,200,2,0.1,1.1892436355475924,0.9110062762569704,0.4510830401990473,0.6510874967554048,0.7818181818181819,0.5493677697067527
"Lasso->PCA (top-100, 95%var) + SMOTE",Gradient Boosting,200,3,0.05,1.168898444380852,0.8772097547371865,0.46970377095716875,0.666078913836809,0.7909090909090909,0.5851618211738892
"Lasso->PCA (top-100, 95%var) + SMOTE",Gradient Boosting,200,3,0.1,1.1687969794044548,0.8793329984320334,0.46979583055278973,0.6695473532170106,0.8454545454545455,0.5771670190274842
"Lasso->PCA (top-100, 95%var) + SMOTE",Gradient Boosting,200,5,0.05,1.2277316131995781,0.9598239649681792,0.41497846227865576,0.6305724398621215,0.7727272727272727,0.4967911318553092
"Lasso->PCA (top-100, 95%var) + SMOTE",Gradient Boosting,200,5,0.1,1.2535275266663968,1.003911183964601,0.3901363790308082,0.6176777890638219,0.7545454545454545,0.4447871684145589
"Ridge->PCA (top-100, 95%var) + SMOTE",Gradient Boosting,50,2,0.05,1.3784406552669086,1.1528535589482753,0.26253549059785597,0.508844534743646,0.6454545454545455,0.23460898502495853
"Ridge->PCA (top-100, 95%var) + SMOTE",Gradient Boosting,50,2,0.1,1.3236432561466547,1.0736790362712079,0.3200031825293663,0.5393954355426258,0.7272727272727273,0.40625
"Ridge->PCA (top-100, 95%var) + SMOTE",Gradient Boosting,50,3,0.05,1.3667070984545582,1.1426406387250796,0.27503694043849325,0.5063090178065878,0.6909090909090909,0.3431528662420382
"Ridge->PCA (top-100, 95%var) + SMOTE",Gradient Boosting,50,3,0.1,1.3253228646340625,1.0704780916266998,0.3182763530980808,0.5486322914153335,0.7272727272727273,0.4165170556552963
"Ridge->PCA (top-100, 95%var) + SMOTE",Gradient Boosting,50,5,0.05,1.32645623496623,1.0830311480936423,0.3171098815211213,0.5533661800500961,0.7454545454545455,0.4487626903553299
"Ridge->PCA (top-100, 95%var) + SMOTE",Gradient Boosting,50,5,0.1,1.3089107763265444,1.0499158095897096,0.3350560114625526,0.5854827279195,0.7454545454545455,0.43234836702954893
"Ridge->PCA (top-100, 95%var) + SMOTE",Gradient Boosting,100,2,0.05,1.318829830899603,1.0773243292204018,0.324939803479113,0.5467017885379375,0.6909090909090909,0.34692577253902523
"Ridge->PCA (top-100, 95%var) + SMOTE",Gradient Boosting,100,2,0.1,1.2947645260742868,1.0208112524251542,0.34935130698093064,0.5638315377538736,0.7545454545454545,0.46157094594594583
"Ridge->PCA (top-100, 95%var) + SMOTE",Gradient Boosting,100,3,0.05,1.3175018090139803,1.0621052560844821,0.3262986495144715,0.552959758391697,0.7,0.39655172413793094
"Ridge->PCA (top-100, 95%var) + SMOTE",Gradient Boosting,100,3,0.1,1.3010777463262024,1.0274123163005588,0.3429907635995071,0.5710362853345854,0.7454545454545455,0.4785794813979707
"Ridge->PCA (top-100, 95%var) + SMOTE",Gradient Boosting,100,5,0.05,1.314638697362038,1.0516836372984248,0.32922355832431194,0.5684361104064183,0.7272727272727273,0.4364599092284418
"Ridge->PCA (top-100, 95%var) + SMOTE",Gradient Boosting,100,5,0.1,1.3063082094224086,1.0364029689561642,0.3376976594222164,0.5870160459943694,0.7545454545454545,0.42183163737280294
"Ridge->PCA (top-100, 95%var) + SMOTE",Gradient Boosting,200,2,0.05,1.292760281120552,1.0270450835591551,0.35136410547347463,0.5624968120802674,0.7454545454545455,0.42562592047128134
"Ridge->PCA (top-100, 95%var) + SMOTE",Gradient Boosting,200,2,0.1,1.3057965306947577,1.0292225130049766,0.3382164032316197,0.5612960208168154,0.7363636363636363,0.4489397321428572
"Ridge->PCA (top-100, 95%var) + SMOTE",Gradient Boosting,200,3,0.05,1.2907501315901253,1.0163559530688122,0.353379701802056,0.576278201042347,0.7454545454545455,0.511400651465798
"Ridge->PCA (top-100, 95%var) + SMOTE",Gradient Boosting,200,3,0.1,1.305475469178574,1.0225267538715885,0.33854179408561347,0.5822267362243706,0.7363636363636363,0.4844632768361583
"Ridge->PCA (top-100, 95%var) + SMOTE",Gradient Boosting,200,5,0.05,1.3141882670916556,1.0515855909093972,0.32968313136795746,0.5705975346806318,0.7272727272727273,0.47539797395079586
"Ridge->PCA (top-100, 95%var) + SMOTE",Gradient Boosting,200,5,0.1,1.3101268619560398,1.0409800384059475,0.3338198623150104,0.5850670694052281,0.7272727272727273,0.4109947643979057
"ElasticNet (top-200, l1r=0.5) + SMOTE",Gradient Boosting,50,2,0.05,1.162557392523268,0.9684647201943751,0.4754416775719448,0.7002183331423358,0.8454545454545455,0.5548852266038846
"ElasticNet (top-200, l1r=0.5) + SMOTE",Gradient Boosting,50,2,0.1,1.093295187703066,0.891690768027681,0.5360834665703855,0.7285662438156751,0.8727272727272727,0.6134020618556701
"ElasticNet (top-200, l1r=0.5) + SMOTE",Gradient Boosting,50,3,0.05,1.1274898736595045,0.9350094825021001,0.5066100742886459,0.7270837284481055,0.8727272727272727,0.5639964528524978
"ElasticNet (top-200, l1r=0.5) + SMOTE",Gradient Boosting,50,3,0.1,1.0721976631096373,0.8718919085336344,0.5538152832880747,0.7401446426521139,0.8818181818181818,0.6182165257703846
"ElasticNet (top-200, l1r=0.5) + SMOTE",Gradient Boosting,50,5,0.05,1.093951830818682,0.8660216373699114,0.5355260341726422,0.7285570069598023,0.8636363636363636,0.5811480186480187
"ElasticNet (top-200, l1r=0.5) + SMOTE",Gradient Boosting,50,5,0.1,1.1065730680272945,0.8515555641150817,0.5247466687808442,0.6994793846725192,0.8545454545454545,0.5721620079863092
"ElasticNet (top-200, l1r=0.5) + SMOTE",Gradient Boosting,100,2,0.05,1.0938721051497184,0.8962423508041026,0.535593732122832,0.7291712578753374,0.8545454545454545,0.6028956986224346
"ElasticNet (top-200, l1r=0.5) + SMOTE",Gradient Boosting,100,2,0.1,1.0810151396164114,0.861642656205519,0.5464464922322727,0.7325288549850666,0.8727272727272727,0.6179909646558597
"ElasticNet (top-200, l1r=0.5) + SMOTE",Gradient Boosting,100,3,0.05,1.0730495690115258,0.8681751653665805,0.5531059767633617,0.7428048571434538,0.9181818181818182,0.6386692118898283
"ElasticNet (top-200, l1r=0.5) + SMOTE",Gradient Boosting,100,3,0.1,1.0714082740127264,0.8467878779436109,0.5544720347563046,0.7372581251918928,0.8818181818181818,0.6492263309729871
"ElasticNet (top-200, l1r=0.5) + SMOTE",Gradient Boosting,100,5,0.05,1.0658334599080237,0.8184668195386923,0.5590963668353843,0.7427679097199629,0.8636363636363636,0.6078567462520822
"ElasticNet (top-200, l1r=0.5) + SMOTE",Gradient Boosting,100,5,0.1,1.1081319192414043,0.8449237467665717,0.5234067282414735,0.7005231493861351,0.8545454545454545,0.5812218468468469
"ElasticNet (top-200, l1r=0.5) + SMOTE",Gradient Boosting,200,2,0.05,1.0949338955534067,0.8746532379734523,0.5346917227628856,0.7328059606612478,0.8545454545454545,0.6214082319440848
"ElasticNet (top-200, l1r=0.5) + SMOTE",Gradient Boosting,200,2,0.1,1.0707005632059068,0.8420968430321846,0.5550604207660285,0.7477281013236069,0.8727272727272727,0.6453900709219857
"ElasticNet (top-200, l1r=0.5) + SMOTE",Gradient Boosting,200,3,0.05,1.0763711385143828,0.8553168963902572,0.5503350199928259,0.7474787062150438,0.9,0.6478400858599409
"ElasticNet (top-200, l1r=0.5) + SMOTE",Gradient Boosting,200,3,0.1,1.0740040925157688,0.8348786255049259,0.5523105604323358,0.7451556369630576,0.8636363636363636,0.6683931278423446
"ElasticNet (top-200, l1r=0.5) + SMOTE",Gradient Boosting,200,5,0.05,1.0689291179689313,0.8135659788547391,0.5565314839355198,0.7410637098114483,0.8636363636363636,0.6051537822111388
"ElasticNet (top-200, l1r=0.5) + SMOTE",Gradient Boosting,200,5,0.1,1.1092690382338166,0.8456919468146342,0.5224281059106834,0.7032572587244567,0.8454545454545455,0.5684776457272213
"ElasticNet->PCA (top-200, 95%var) + SMOTE",Gradient Boosting,50,2,0.05,1.1269779632018295,0.9182163482419333,0.5070579969378759,0.750165522081096,0.8272727272727273,0.5389026658400495
"ElasticNet->PCA (top-200, 95%var) + SMOTE",Gradient Boosting,50,2,0.1,1.0694679577064947,0.8813421156647808,0.5560842724535893,0.762470123296448,0.8363636363636363,0.546875
"ElasticNet->PCA (top-200, 95%var) + SMOTE",Gradient Boosting,50,3,0.05,1.0789527638827026,0.8608625625821702,0.5481754328024606,0.759195657889573,0.8090909090909091,0.5519159456118665
"ElasticNet->PCA (top-200, 95%var) + SMOTE",Gradient Boosting,50,3,0.1,1.048974072529092,0.8448480817537163,0.5729345035109363,0.7576392476750219,0.8818181818181818,0.6090292121569784
"ElasticNet->PCA (top-200, 95%var) + SMOTE",Gradient Boosting,50,5,0.05,1.142960979533766,0.8710611652728419,0.4929768543458072,0.71309451022889,0.8181818181818182,0.5558761008199211
"ElasticNet->PCA (top-200, 95%var) + SMOTE",Gradient Boosting,50,5,0.1,1.143585497547588,0.8777848679513564,0.4924226244087089,0.6925794533356067,0.8363636363636363,0.6206799662826636
"ElasticNet->PCA (top-200, 95%var) + SMOTE",Gradient Boosting,100,2,0.05,1.0821297857755503,0.8914150184316366,0.5455106823685552,0.7535888863748397,0.8363636363636363,0.5419668023802067
"ElasticNet->PCA (top-200, 95%var) + SMOTE",Gradient Boosting,100,2,0.1,1.0194630238438154,0.8370281675934278,0.5966259696716774,0.7755356559283927,0.9181818181818182,0.6794871794871795
"ElasticNet->PCA (top-200, 95%var) + SMOTE",Gradient Boosting,100,3,0.05,1.0560808156033774,0.8412788241650047,0.567128209586397,0.7546326510884556,0.8545454545454545,0.5808157099697884
"ElasticNet->PCA (top-200, 95%var) + SMOTE",Gradient Boosting,100,3,0.1,1.035172628720417,0.832427570309018,0.5840984509831777,0.755015980607173,0.9090909090909091,0.6495645073489384
"ElasticNet->PCA (top-200, 95%var) + SMOTE",Gradient Boosting,100,5,0.05,1.1470129551371866,0.8771896808123878,0.48937552915846316,0.7061391577567413,0.8,0.5409077336518363
"ElasticNet->PCA (top-200, 95%var) + SMOTE",Gradient Boosting,100,5,0.1,1.142894645449894,0.8751544247484219,0.49303570489362747,0.6972255918395787,0.8454545454545455,0.648876404494382
"ElasticNet->PCA (top-200, 95%var) + SMOTE",Gradient Boosting,200,2,0.05,1.0269983228473512,0.8435550588994076,0.5906409027107907,0.7693654362054241,0.8818181818181818,0.6003552397868561
"ElasticNet->PCA (top-200, 95%var) + SMOTE",Gradient Boosting,200,2,0.1,1.0149321927271686,0.8320319737839039,0.6002034576087009,0.7760944857086914,0.9090909090909091,0.6875848954088564
"ElasticNet->PCA (top-200, 95%var) + SMOTE",Gradient Boosting,200,3,0.05,1.044538046250403,0.8305218066922323,0.5765389166736666,0.7493214589616488,0.9090909090909091,0.6644063105452532
"ElasticNet->PCA (top-200, 95%var) + SMOTE",Gradient Boosting,200,3,0.1,1.0506335422630515,0.8422260432801073,0.5715822053646616,0.741816513565074,0.9272727272727272,0.6760116371330336
"ElasticNet->PCA (top-200, 95%var) + SMOTE",Gradient Boosting,200,5,0.05,1.1459186590710069,0.873054939867003,0.4903493765779495,0.7051877616018525,0.8545454545454545,0.625835512932287
"ElasticNet->PCA (top-200, 95%var) + SMOTE",Gradient Boosting,200,5,0.1,1.1480333181353444,0.8776986981167448,0.4884666395772047,0.6946623643349022,0.8727272727272727,0.6783704100777272
"Lasso (alpha=1.0, top-100) + SMOTE",Gradient Boosting,50,2,0.05,1.280518409802423,1.0401858966129962,0.3734976944677949,0.6204358528212707,0.7818181818181819,0.46212121212121215
"Lasso (alpha=1.0, top-100) + SMOTE",Gradient Boosting,50,2,0.1,1.2259303764939609,0.9670082943558299,0.42577429079135554,0.650502305930925,0.8,0.49152542372881347
"Lasso (alpha=1.0, top-100) + SMOTE",Gradient Boosting,50,3,0.05,1.249432062561918,1.0107023227145506,0.403546881954324,0.6364027485609937,0.8181818181818182,0.5355329949238579
"Lasso (alpha=1.0, top-100) + SMOTE",Gradient Boosting,50,3,0.1,1.218694958059517,0.9886758601995221,0.4325324276208209,0.6598159442197612,0.7636363636363637,0.5110236220472442
"Lasso (alpha=1.0, top-100) + SMOTE",Gradient Boosting,50,5,0.05,1.2986960476885325,1.0505794158289945,0.35558438113581214,0.5895671358194099,0.7545454545454545,0.43481717011128773
"Lasso (alpha=1.0, top-100) + SMOTE",Gradient Boosting,50,5,0.1,1.2623370845611828,1.0147757324107751,0.3911620678831993,0.6333642893370613,0.7545454545454545,0.4937712344280861
"Lasso (alpha=1.0, top-100) + SMOTE",Gradient Boosting,100,2,0.05,1.2128835251787997,0.9656424988712655,0.4379315421274166,0.6639978600256893,0.8090909090909091,0.5363083164300203
"Lasso (alpha=1.0, top-100) + SMOTE",Gradient Boosting,100,2,0.1,1.2323134350825058,0.9581279567955128,0.41977907519509217,0.6535315437308089,0.7909090909090909,0.5180995475113122
"Lasso (alpha=1.0, top-100) + SMOTE",Gradient Boosting,100,3,0.05,1.2135217745782843,0.9610653211176957,0.43733983775158336,0.6568927527964334,0.7909090909090909,0.5652694610778443
"Lasso (alpha=1.0, top-100) + SMOTE",Gradient Boosting,100,3,0.1,1.231916935574159,0.9914864750089067,0.4201523897985865,0.6511570270383581,0.7272727272727273,0.4984520123839009
"Lasso (alpha=1.0, top-100) + SMOTE",Gradient Boosting,100,5,0.05,1.27208813895672,1.0146709061923196,0.38171967467807955,0.6103291720642761,0.7454545454545455,0.4390435123480988
"Lasso (alpha=1.0, top-100) + SMOTE",Gradient Boosting,100,5,0.1,1.256327919097353,1.0046646756145294,0.39694483350683085,0.6279005955884124,0.7727272727272727,0.5119881962375508
"Lasso (alpha=1.0, top-100) + SMOTE",Gradient Boosting,200,2,0.05,1.2126496807838476,0.9432753166477792,0.438148255249849,0.6679307973823116,0.8,0.5427098674521356
"Lasso (alpha=1.0, top-100) + SMOTE",Gradient Boosting,200,2,0.1,1.2524975077503688,0.9701509651217627,0.40061653087427085,0.6502118310734019,0.7818181818181819,0.5505146778497904
"Lasso (alpha=1.0, top-100) + SMOTE",Gradient Boosting,200,3,0.05,1.2320111276502457,0.9738725238880019,0.42006371638783147,0.6384821796838971,0.7727272727272727,0.5534351145038168
"Lasso (alpha=1.0, top-100) + SMOTE",Gradient Boosting,200,3,0.1,1.252681933964617,1.0032161726134825,0.40044000331730945,0.6321332292266063,0.7545454545454545,0.545176110260337
"Lasso (alpha=1.0, top-100) + SMOTE",Gradient Boosting,200,5,0.05,1.2728541496188233,1.0089060647188164,0.3809748333372548,0.610850182523008,0.7545454545454545,0.452418096723869
"Lasso (alpha=1.0, top-100) + SMOTE",Gradient Boosting,200,5,0.1,1.2553911268226297,1.0030801929248174,0.3978438452811771,0.6290209986102873,0.7818181818181819,0.5186278126152711
"Ridge (alpha=1.0, top-100) + SMOTE",Gradient Boosting,50,2,0.05,1.2181455287482483,1.010540027726464,0.43304397980886256,0.6695921630609639,0.7727272727272727,0.478646934460888
"Ridge (alpha=1.0, top-100) + SMOTE",Gradient Boosting,50,2,0.1,1.1683133193946893,0.9523093484071911,0.4784815514058558,0.694211855920117,0.7727272727272727,0.5244618395303327
"Ridge (alpha=1.0, top-100) + SMOTE",Gradient Boosting,50,3,0.05,1.2029665792175523,0.9990967130703241,0.44708529010565545,0.6640946849781969,0.7818181818181819,0.5016778523489933
"Ridge (alpha=1.0, top-100) + SMOTE",Gradient Boosting,50,3,0.1,1.1774182877205326,0.9546075513326315,0.47032122032489543,0.6696690358154263,0.7909090909090909,0.561390253116736
"Ridge (alpha=1.0, top-100) + SMOTE",Gradient Boosting,50,5,0.05,1.2549206823443746,1.0045444618517863,0.39829506395511016,0.6148661126960657,0.7545454545454545,0.47058823529411764
"Ridge (alpha=1.0, top-100) + SMOTE",Gradient Boosting,50,5,0.1,1.236174901346851,0.9875602425024979,0.41613712212855614,0.6302290051606214,0.7272727272727273,0.4439024390243902
"Ridge (alpha=1.0, top-100) + SMOTE",Gradient Boosting,100,2,0.05,1.1722923687940436,0.9661979223345938,0.4749231199284387,0.6875678198932789,0.7545454545454545,0.48430141287284145
"Ridge (alpha=1.0, top-100) + SMOTE",Gradient Boosting,100,2,0.1,1.1583248499272445,0.9217267710995053,0.4873608531591278,0.7018840807283466,0.7727272727272727,0.5717399200871777
"Ridge (alpha=1.0, top-100) + SMOTE",Gradient Boosting,100,3,0.05,1.1998649596294388,0.9858117729112655,0.44993278448030216,0.6637995994086496,0.7818181818181819,0.5244618395303327
"Ridge (alpha=1.0, top-100) + SMOTE",Gradient Boosting,100,3,0.1,1.1912807624288315,0.9550736644883979,0.4577753246174645,0.6687976112428569,0.7909090909090909,0.5356104651162791
"Ridge (alpha=1.0, top-100) + SMOTE",Gradient Boosting,100,5,0.05,1.2588461719858504,0.9967566449210185,0.39452481653498717,0.6114080786779335,0.7545454545454545,0.4783137413862991
"Ridge (alpha=1.0, top-100) + SMOTE",Gradient Boosting,100,5,0.1,1.234825813721843,0.9817810837810332,0.41741081304022465,0.6318335329450349,0.7181818181818181,0.45878136200716846
"Ridge (alpha=1.0, top-100) + SMOTE",Gradient Boosting,200,2,0.05,1.1720991588689966,0.9491471193195211,0.4750961854659428,0.6899469472977539,0.7727272727272727,0.545054945054945
"Ridge (alpha=1.0, top-100) + SMOTE",Gradient Boosting,200,2,0.1,1.1561200547337307,0.9145922804865123,0.4893105456570763,0.7075829207902286,0.8090909090909091,0.6174920969441517
"Ridge (alpha=1.0, top-100) + SMOTE",Gradient Boosting,200,3,0.05,1.2086803965095343,0.9747621042844871,0.44182037825735,0.6555510355973981,0.7818181818181819,0.5248868778280542
"Ridge (alpha=1.0, top-100) + SMOTE",Gradient Boosting,200,3,0.1,1.2024726718977197,0.9586761879451103,0.4475392221858544,0.66668129442376,0.7909090909090909,0.5656493967352731
"Ridge (alpha=1.0, top-100) + SMOTE",Gradient Boosting,200,5,0.05,1.2617041597241363,0.9962095413097873,0.39177244691500246,0.6122933353865752,0.7454545454545455,0.4731530076705692
"Ridge (alpha=1.0, top-100) + SMOTE",Gradient Boosting,200,5,0.1,1.2361260138620669,0.9828119536324279,0.41618330171546536,0.6300860730878719,0.7090909090909091,0.4627906976744185
PCA (n_components=50) + SMOTE,Gradient Boosting,50,2,0.05,1.2822531756495328,1.0316909513786336,0.37179905275802605,0.6163742889546312,0.7545454545454545,0.3799912242211496
PCA (n_components=50) + SMOTE,Gradient Boosting,50,2,0.1,1.2201831288566727,0.9649830934199513,0.4311456913021515,0.6504331452505623,0.7909090909090909,0.4897288414133114
PCA (n_components=50) + SMOTE,Gradient Boosting,50,3,0.05,1.2558059890390885,0.9928356998649139,0.3974457970416506,0.6206156705902136,0.7727272727272727,0.44116369952236223
PCA (n_components=50) + SMOTE,Gradient Boosting,50,3,0.1,1.2008598097527658,0.939315032291363,0.4490202462843368,0.6538127971642836,0.7727272727272727,0.5097276264591439
PCA (n_components=50) + SMOTE,Gradient Boosting,50,5,0.05,1.3298470848548596,1.048403144254251,0.3242992024985534,0.5329429814504997,0.7727272727272727,0.4649050371593725
PCA (n_components=50) + SMOTE,Gradient Boosting,50,5,0.1,1.2875065026935166,0.9956083087080213,0.3666410927662733,0.5828954355204268,0.7818181818181819,0.5412293853073463
PCA (n_components=50) + SMOTE,Gradient Boosting,100,2,0.05,1.2275590531342364,0.97711822578547,0.424247533232023,0.6397224612184005,0.7818181818181819,0.43161856963613543
PCA (n_components=50) + SMOTE,Gradient Boosting,100,2,0.1,1.2020174054578883,0.9297141285610765,0.4479574757464103,0.6418941065817877,0.7909090909090909,0.49706916764361087
PCA (n_components=50) + SMOTE,Gradient Boosting,100,3,0.05,1.2310050989750956,0.9566626162124251,0.4210104518676785,0.6370251946842574,0.7636363636363637,0.4990268586998833
PCA (n_components=50) + SMOTE,Gradient Boosting,100,3,0.1,1.2003523324762302,0.9343731675320971,0.44948583039623513,0.6484044319599247,0.7818181818181819,0.5266821345707656
PCA (n_components=50) + SMOTE,Gradient Boosting,100,5,0.05,1.3085228239822841,1.0146302605429225,0.34579535291044483,0.5473837315102201,0.7909090909090909,0.5088339222614842
PCA (n_components=50) + SMOTE,Gradient Boosting,100,5,0.1,1.27360277502064,0.9825971435444604,0.38024646356571634,0.597225528491567,0.7909090909090909,0.5899925317401045
PCA (n_components=50) + SMOTE,Gradient Boosting,200,2,0.05,1.2146228302061466,0.952531931210027,0.43631834608413034,0.6476252216278389,0.8181818181818182,0.5440900562851783
PCA (n_components=50) + SMOTE,Gradient Boosting,200,2,0.1,1.2169402288752982,0.9445979802435115,0.43416537939542577,0.63589095952631,0.7818181818181819,0.5424860853432283
PCA (n_components=50) + SMOTE,Gradient Boosting,200,3,0.05,1.2210533562579347,0.9446729163114996,0.4303339948900162,0.6439597055686187,0.7909090909090909,0.5416823840060354
PCA (n_components=50) + SMOTE,Gradient Boosting,200,3,0.1,1.2044628810519635,0.9355930437804311,0.44570895622952533,0.6535684294270023,0.7818181818181819,0.5589225589225589
PCA (n_components=50) + SMOTE,Gradient Boosting,200,5,0.05,1.3047379792594123,1.0041353449012898,0.34957439597980955,0.5523955754805,0.7818181818181819,0.5211650485436893
PCA (n_components=50) + SMOTE,Gradient Boosting,200,5,0.1,1.2748483843502862,0.9832075194310461,0.3790336077149743,0.5963587146310216,0.7909090909090909,0.5886287625418061
"Lasso->PCA (top-100, 95%var) + SMOTE",Gradient Boosting,50,2,0.05,1.3885560382551716,1.130125484335587,0.263321758071418,0.529965739975112,0.7272727272727273,0.2636001769128704
"Lasso->PCA (top-100, 95%var) + SMOTE",Gradient Boosting,50,2,0.1,1.3435512997165449,1.067830596054308,0.3103011099454607,0.57733491681927,0.7636363636363637,0.33108108108108103
"Lasso->PCA (top-100, 95%var) + SMOTE",Gradient Boosting,50,3,0.05,1.4138309430363336,1.1522591256549184,0.23625921186672139,0.5092808073424265,0.7090909090909091,0.3252858958068616
"Lasso->PCA (top-100, 95%var) + SMOTE",Gradient Boosting,50,3,0.1,1.3585502888071144,1.0919258907915543,0.2948159861272375,0.5466275747382552,0.7636363636363637,0.38540031397174246
"Lasso->PCA (top-100, 95%var) + SMOTE",Gradient Boosting,50,5,0.05,1.3902194311342722,1.11901975766167,0.261555723037989,0.5114801169779587,0.7454545454545455,0.35096153846153855
"Lasso->PCA (top-100, 95%var) + SMOTE",Gradient Boosting,50,5,0.1,1.3657056448007925,1.0648171363858436,0.2873681489875569,0.5212548264692126,0.7545454545454545,0.4126611957796015
"Lasso->PCA (top-100, 95%var) + SMOTE",Gradient Boosting,100,2,0.05,1.3362737555303348,1.0690129137901727,0.31775258607465795,0.562903388183598,0.7636363636363637,0.3383983572895277
"Lasso->PCA (top-100, 95%var) + SMOTE",Gradient Boosting,100,2,0.1,1.3378175714215237,1.047245792741568,0.31617525535095437,0.5646277944806398,0.7727272727272727,0.385485758876317
"Lasso->PCA (top-100, 95%var) + SMOTE",Gradient Boosting,100,3,0.05,1.3806577311707444,1.1102567915099477,0.2716785871116003,0.5430404407834459,0.7636363636363637,0.3836603924709652
"Lasso->PCA (top-100, 95%var) + SMOTE",Gradient Boosting,100,3,0.1,1.361704465077436,1.0695266394080625,0.2915377022462631,0.5337544667667548,0.7818181818181819,0.4417040358744395
"Lasso->PCA (top-100, 95%var) + SMOTE",Gradient Boosting,100,5,0.05,1.3644694081832518,1.076755724571672,0.28865771363155635,0.5329568135865722,0.7636363636363637,0.4337631887456038
"Lasso->PCA (top-100, 95%var) + SMOTE",Gradient Boosting,100,5,0.1,1.3581780224931816,1.0545333032965318,0.29520239845021234,0.5264879846166528,0.7454545454545455,0.3892981775882125
"Lasso->PCA (top-100, 95%var) + SMOTE",Gradient Boosting,200,2,0.05,1.3279407779962868,1.0438834656905567,0.32623501880794636,0.5602845037538656,0.8,0.42170065409772983
"Lasso->PCA (top-100, 95%var) + SMOTE",Gradient Boosting,200,2,0.1,1.3372559736844867,1.0455170082965388,0.31674925561989264,0.5533177178853352,0.7727272727272727,0.44075144508670516
"Lasso->PCA (top-100, 95%var) + SMOTE",Gradient Boosting,200,3,0.05,1.3647863140870173,1.0758153297741235,0.28832724854770775,0.540453831337883,0.7727272727272727,0.4336147352264006
"Lasso->PCA (top-100, 95%var) + SMOTE",Gradient Boosting,200,3,0.1,1.3702793876798558,1.0706334946059817,0.2825869536886736,0.524426996341846,0.7727272727272727,0.4377055169894044
"Lasso->PCA (top-100, 95%var) + SMOTE",Gradient Boosting,200,5,0.05,1.3605092062759276,1.0720013258306849,0.2927808855860681,0.5303240970207675,0.7818181818181819,0.44095092024539884
"Lasso->PCA (top-100, 95%var) + SMOTE",Gradient Boosting,200,5,0.1,1.357352115046639,1.0546643086539502,0.2960593120376024,0.5267139095058375,0.7545454545454545,0.39814456899884043
"Ridge->PCA (top-100, 95%var) + SMOTE",Gradient Boosting,50,2,0.05,1.403335399542491,1.1687987345249105,0.24755635013199329,0.48904439226831636,0.7181818181818181,0.2696011004126547
"Ridge->PCA (top-100, 95%var) + SMOTE",Gradient Boosting,50,2,0.1,1.3650748253434928,1.1242244233543348,0.28802632627119673,0.5136609837653942,0.7090909090909091,0.31542758917060587
"Ridge->PCA (top-100, 95%var) + SMOTE",Gradient Boosting,50,3,0.05,1.3368245200995252,1.1213509405690638,0.3171900738821609,0.5512382867624316,0.7181818181818181,0.31459655485040805
"Ridge->PCA (top-100, 95%var) + SMOTE",Gradient Boosting,50,3,0.1,1.299766540540107,1.0600176073258532,0.35452158183454063,0.5830752532893696,0.7636363636363637,0.4400835073068893
"Ridge->PCA (top-100, 95%var) + SMOTE",Gradient Boosting,50,5,0.05,1.2939548807172656,1.0257721978010828,0.3602809459307966,0.5807099580209669,0.7636363636363637,0.393169877408056
"Ridge->PCA (top-100, 95%var) + SMOTE",Gradient Boosting,50,5,0.1,1.2395839973230938,0.9825959508199718,0.41291235322631137,0.6309021691161512,0.7818181818181819,0.4885126964933494
"Ridge->PCA (top-100, 95%var) + SMOTE",Gradient Boosting,100,2,0.05,1.3638613194848332,1.129123397347019,0.2892916051873562,0.51329212680346,0.7090909090909091,0.3034782608695653
"Ridge->PCA (top-100, 95%var) + SMOTE",Gradient Boosting,100,2,0.1,1.348466534450871,1.1058154955730277,0.305245503998841,0.5411731024136546,0.7454545454545455,0.3715890850722312
"Ridge->PCA (top-100, 95%var) + SMOTE",Gradient Boosting,100,3,0.05,1.2938108220321378,1.060314030778586,0.36042338050426403,0.5884329006614625,0.7545454545454545,0.3837700760777685
"Ridge->PCA (top-100, 95%var) + SMOTE",Gradient Boosting,100,3,0.1,1.2854785450642854,1.0331934831474454,0.3686347346986275,0.6013336729051081,0.7545454545454545,0.41982272360999195
"Ridge->PCA (top-100, 95%var) + SMOTE",Gradient Boosting,100,5,0.05,1.2783492101278373,0.9916062171905687,0.3756184878993011,0.5910471743791705,0.7636363636363637,0.4121365360303413
"Ridge->PCA (top-100, 95%var) + SMOTE",Gradient Boosting,100,5,0.1,1.2310241796688826,0.9696231996507667,0.42099250294463697,0.6431113345561702,0.7909090909090909,0.5148833467417537
"Ridge->PCA (top-100, 95%var) + SMOTE",Gradient Boosting,200,2,0.05,1.341288184242114,1.1037281978268516,0.312622649355242,0.5390152891863401,0.7636363636363637,0.3799429270281288
"Ridge->PCA (top-100, 95%var) + SMOTE",Gradient Boosting,200,2,0.1,1.3589228002223628,1.1000241811747242,0.29442921338638195,0.5548945813976035,0.7545454545454545,0.4448727833461835
"Ridge->PCA (top-100, 95%var) + SMOTE",Gradient Boosting,200,3,0.05,1.280346698701637,1.0330065538158175,0.37366570484063966,0.6088122478083221,0.7818181818181819,0.45893909626719065
"Ridge->PCA (top-100, 95%var) + SMOTE",Gradient Boosting,200,3,0.1,1.2888150738956803,1.0173292220724544,0.3653529961199026,0.5988899955322946,0.7545454545454545,0.46390532544378693
"Ridge->PCA (top-100, 95%var) + SMOTE",Gradient Boosting,200,5,0.05,1.267131989704744,0.977646332347858,0.38652802109537554,0.5977280961022021,0.7727272727272727,0.41645885286783035
"Ridge->PCA (top-100, 95%var) + SMOTE",Gradient Boosting,200,5,0.1,1.2319095376127873,0.9700554791557876,0.4201593540300498,0.6393951006646841,0.7909090909090909,0.5322834645669292
"ElasticNet (top-200, l1r=0.5) + SMOTE",Gradient Boosting,50,2,0.05,1.2292224630153195,1.01798844110431,0.42268612367502834,0.658266744979638,0.7363636363636363,0.4646113764654799
"ElasticNet (top-200, l1r=0.5) + SMOTE",Gradient Boosting,50,2,0.1,1.1568070449848729,0.9296602548751121,0.4887034410353257,0.691044296759508,0.8181818181818182,0.5721372467961967
"ElasticNet (top-200, l1r=0.5) + SMOTE",Gradient Boosting,50,3,0.05,1.2203825214507373,0.999742698969592,0.4309597608444926,0.6506913451239161,0.7818181818181819,0.5490683229813665
"ElasticNet (top-200, l1r=0.5) + SMOTE",Gradient Boosting,50,3,0.1,1.2189518855245856,0.974991595111158,0.4322931333288168,0.6481646749346676,0.8,0.5629688116857481
"ElasticNet (top-200, l1r=0.5) + SMOTE",Gradient Boosting,50,5,0.05,1.211014641925963,0.9978090048907615,0.4396623448228635,0.6630111676525156,0.7636363636363637,0.4764331210191082
"ElasticNet (top-200, l1r=0.5) + SMOTE",Gradient Boosting,50,5,0.1,1.1923857580944695,0.9609200317699708,0.4567689559856981,0.6728642592481804,0.7909090909090909,0.547486033519553
"ElasticNet (top-200, l1r=0.5) + SMOTE",Gradient Boosting,100,2,0.05,1.1719092956091082,0.9537397112283712,0.4752662254781037,0.6837870360334544,0.7818181818181819,0.5388556789069172
"ElasticNet (top-200, l1r=0.5) + SMOTE",Gradient Boosting,100,2,0.1,1.155131036388998,0.918848074273083,0.49018392415698764,0.6956550087836842,0.8,0.6063551401869158
"ElasticNet (top-200, l1r=0.5) + SMOTE",Gradient Boosting,100,3,0.05,1.209251390540903,0.9729405855634489,0.4412928731929078,0.6571740062299082,0.7545454545454545,0.5201938610662358
"ElasticNet (top-200, l1r=0.5) + SMOTE",Gradient Boosting,100,3,0.1,1.219317994078012,0.9696232612379208,0.4319520639976835,0.6502348846335227,0.8,0.5883227965786538
"ElasticNet (top-200, l1r=0.5) + SMOTE",Gradient Boosting,100,5,0.05,1.1841124668971081,0.9563135490865189,0.4642811505080686,0.6778530496583393,0.7454545454545455,0.5161290322580645
"ElasticNet (top-200, l1r=0.5) + SMOTE",Gradient Boosting,100,5,0.1,1.1836033517824225,0.952871410055567,0.4647417215055075,0.6777931104020251,0.7818181818181819,0.5471698113207546
"ElasticNet (top-200, l1r=0.5) + SMOTE",Gradient Boosting,200,2,0.05,1.175478067800782,0.946922150976237,0.472065454439484,0.6851103103843929,0.8090909090909091,0.6180087266957557
"ElasticNet (top-200, l1r=0.5) + SMOTE",Gradient Boosting,200,2,0.1,1.181492463926778,0.9237232404362815,0.4666492231513214,0.6884438551778724,0.8090909090909091,0.624331073849447
"ElasticNet (top-200, l1r=0.5) + SMOTE",Gradient Boosting,200,3,0.05,1.1990760839725798,0.9607254506067994,0.45065585249374107,0.6568005385559499,0.7636363636363637,0.5263157894736843
"ElasticNet (top-200, l1r=0.5) + SMOTE",Gradient Boosting,200,3,0.1,1.2248223254507955,0.9711531617454411,0.4268118437599986,0.650082731136725,0.7909090909090909,0.5566176470588236
"ElasticNet (top-200, l1r=0.5) + SMOTE",Gradient Boosting,200,5,0.05,1.1827374698986208,0.9514702561012253,0.46552458667161845,0.6797296094521791,0.7636363636363637,0.5455968688845402
"ElasticNet (top-200, l1r=0.5) + SMOTE",Gradient Boosting,200,5,0.1,1.184788252788865,0.9524587582119556,0.4636694948450363,0.6750312938995433,0.7818181818181819,0.5424969499796666
"ElasticNet->PCA (top-200, 95%var) + SMOTE",Gradient Boosting,50,2,0.05,1.3053125651342348,1.0702859567694027,0.34900139563492616,0.5987945203424161,0.7090909090909091,0.3433476394849785
"ElasticNet->PCA (top-200, 95%var) + SMOTE",Gradient Boosting,50,2,0.1,1.2616050589751868,1.0210443782559375,0.3918679898176578,0.6202883100364972,0.7545454545454545,0.4412251655629139
"ElasticNet->PCA (top-200, 95%var) + SMOTE",Gradient Boosting,50,3,0.05,1.2907471683789833,1.0522807747271368,0.36344873985890935,0.5923612273060607,0.7363636363636363,0.36269430051813467
"ElasticNet->PCA (top-200, 95%var) + SMOTE",Gradient Boosting,50,3,0.1,1.2884475965607494,1.0276147045723911,0.365714855855683,0.5918863239675707,0.7636363636363637,0.40538336052202284
"ElasticNet->PCA (top-200, 95%var) + SMOTE",Gradient Boosting,50,5,0.05,1.3070046390632257,1.051295700010568,0.34731252546506686,0.5810142650145627,0.7727272727272727,0.39700374531835203
"ElasticNet->PCA (top-200, 95%var) + SMOTE",Gradient Boosting,50,5,0.1,1.3383449994836214,1.0750854162288384,0.3156359599141729,0.5512797831706492,0.7363636363636363,0.3939275982872713
"ElasticNet->PCA (top-200, 95%var) + SMOTE",Gradient Boosting,100,2,0.05,1.2597517361567352,1.0276353543885528,0.3936533933918376,0.6271674923765683,0.7727272727272727,0.45198201879852884
"ElasticNet->PCA (top-200, 95%var) + SMOTE",Gradient Boosting,100,2,0.1,1.251842686371422,1.0117891483471617,0.4012430974075094,0.6204542956693675,0.7545454545454545,0.45060240963855414
"ElasticNet->PCA (top-200, 95%var) + SMOTE",Gradient Boosting,100,3,0.05,1.2942634210129946,1.0470039398360838,0.3599758307504388,0.5966860751847383,0.7545454545454545,0.3995026937422296
"ElasticNet->PCA (top-200, 95%var) + SMOTE",Gradient Boosting,100,3,0.1,1.3024056461089617,1.026824518882451,0.3518977027724376,0.5896086322276276,0.7454545454545455,0.4162162162162163
"ElasticNet->PCA (top-200, 95%var) + SMOTE",Gradient Boosting,100,5,0.05,1.3002093666052408,1.0378178152336646,0.3540816822824585,0.5798892512806636,0.7636363636363637,0.4122017989831833
"ElasticNet->PCA (top-200, 95%var) + SMOTE",Gradient Boosting,100,5,0.1,1.344284826102028,1.0762018158606979,0.3095478072049407,0.5481214454340884,0.7636363636363637,0.4252336448598131
"ElasticNet->PCA (top-200, 95%var) + SMOTE",Gradient Boosting,200,2,0.05,1.2520838406151749,1.0125977850258847,0.401012386827853,0.6182642074578838,0.7636363636363637,0.4473363155754372
"ElasticNet->PCA (top-200, 95%var) + SMOTE",Gradient Boosting,200,2,0.1,1.266106345465492,1.012408829062521,0.3875207343415137,0.6253093754308252,0.7454545454545455,0.43661971830985913
"ElasticNet->PCA (top-200, 95%var) + SMOTE",Gradient Boosting,200,3,0.05,1.3016760770858566,1.0511516137747723,0.352623594781734,0.5940164729227402,0.7272727272727273,0.36629746835443044
"ElasticNet->PCA (top-200, 95%var) + SMOTE",Gradient Boosting,200,3,0.1,1.3043882319585922,1.0221354357374564,0.34992305465812135,0.5845368490010335,0.7636363636363637,0.46501128668171565
"ElasticNet->PCA (top-200, 95%var) + SMOTE",Gradient Boosting,200,5,0.05,1.2927825911076831,1.0320178989936348,0.36143955864598654,0.5863857445227281,0.7636363636363637,0.4334223578786722
"ElasticNet->PCA (top-200, 95%var) + SMOTE",Gradient Boosting,200,5,0.1,1.3465752794216508,1.0794317135142741,0.3071929553787959,0.5481306668581367,0.7545454545454545,0.4141176470588236
"Lasso (alpha=1.0, top-100) + SMOTE",Gradient Boosting,50,2,0.05,1.2984322366476124,1.069425700999137,0.35584616169423633,0.5871926191269591,0.7545454545454545,0.3399209486166007
"Lasso (alpha=1.0, top-100) + SMOTE",Gradient Boosting,50,2,0.1,1.2512291862446956,0.9922588047361914,0.40182982835650605,0.6187114465242288,0.7909090909090909,0.40345821325648423
"Lasso (alpha=1.0, top-100) + SMOTE",Gradient Boosting,50,3,0.05,1.2354804640853159,1.0195332669788117,0.41679292294195414,0.6400313789240204,0.7909090909090909,0.4102783725910064
"Lasso (alpha=1.0, top-100) + SMOTE",Gradient Boosting,50,3,0.1,1.2586377636017887,0.9977815333215331,0.39472527892984965,0.6221187627100951,0.7454545454545455,0.3985680190930788
"Lasso (alpha=1.0, top-100) + SMOTE",Gradient Boosting,50,5,0.05,1.2713600795001956,1.0411557486744616,0.3824271980127064,0.5898622213889572,0.7454545454545455,0.3307086614173229
"Lasso (alpha=1.0, top-100) + SMOTE",Gradient Boosting,50,5,0.1,1.2562270620849543,1.0111569117412333,0.3970416552045659,0.5947634082706568,0.7818181818181819,0.4561824729891957
"Lasso (alpha=1.0, top-100) + SMOTE",Gradient Boosting,100,2,0.05,1.2562876706993533,0.9952511018794801,0.3969834724882504,0.6186699501160111,0.7818181818181819,0.42018875666803446
"Lasso (alpha=1.0, top-100) + SMOTE",Gradient Boosting,100,2,0.1,1.2398639464721,0.9684482280072607,0.4126471461140996,0.6375462051429893,0.8,0.47922330097087384
"Lasso (alpha=1.0, top-100) + SMOTE",Gradient Boosting,100,3,0.05,1.217125704901841,0.9794178324654821,0.4339928865279322,0.6463434436851179,0.7727272727272727,0.4182791272128449
"Lasso (alpha=1.0, top-100) + SMOTE",Gradient Boosting,100,3,0.1,1.2481055863121469,0.9878223752011924,0.40481267452520087,0.6358356309820198,0.7636363636363637,0.42640364188163893
"Lasso (alpha=1.0, top-100) + SMOTE",Gradient Boosting,100,5,0.05,1.2631905570464697,1.0141855989534698,0.39033851276397813,0.5919462632238849,0.7272727272727273,0.3685483870967742
"Lasso (alpha=1.0, top-100) + SMOTE",Gradient Boosting,100,5,0.1,1.2523767425514634,1.0030358146629674,0.40073210982556595,0.6051882281573195,0.7818181818181819,0.44043321299638993
"Lasso (alpha=1.0, top-100) + SMOTE",Gradient Boosting,200,2,0.05,1.2507242009095618,0.9725114594670784,0.4023125635932796,0.6314554545590524,0.7727272727272727,0.44278996865203757
"Lasso (alpha=1.0, top-100) + SMOTE",Gradient Boosting,200,2,0.1,1.2205421002234487,0.9563781903715067,0.4308109342620168,0.6591658338243523,0.8090909090909091,0.4713906782872299
"Lasso (alpha=1.0, top-100) + SMOTE",Gradient Boosting,200,3,0.05,1.2087091876492857,0.97331142365763,0.4417937859192165,0.6547672145532881,0.7909090909090909,0.47505755947812733
"Lasso (alpha=1.0, top-100) + SMOTE",Gradient Boosting,200,3,0.1,1.2507863746017074,0.9944538317077483,0.40225313984779076,0.6391415115033543,0.7818181818181819,0.46159527326440186
"Lasso (alpha=1.0, top-100) + SMOTE",Gradient Boosting,200,5,0.05,1.2553383352226117,1.0077627392120676,0.39789448785431536,0.6008772124147146,0.7545454545454545,0.4101326899879374
"Lasso (alpha=1.0, top-100) + SMOTE",Gradient Boosting,200,5,0.1,1.2480732305453461,0.9978838635320771,0.40484353328090106,0.6102554006718893,0.8,0.46634615384615397
"Ridge (alpha=1.0, top-100) + SMOTE",Gradient Boosting,50,2,0.05,1.3407535424826678,1.0709097523893736,0.3131705217617907,0.5231636612472217,0.7,0.186278964107224
"Ridge (alpha=1.0, top-100) + SMOTE",Gradient Boosting,50,2,0.1,1.2867018235785719,0.9936479408753838,0.3674325317539201,0.5542859674104121,0.7636363636363637,0.34883720930232553
"Ridge (alpha=1.0, top-100) + SMOTE",Gradient Boosting,50,3,0.05,1.317166646830809,1.0573377469067302,0.33712373286701336,0.530596129030194,0.7454545454545455,0.2576905929558627
"Ridge (alpha=1.0, top-100) + SMOTE",Gradient Boosting,50,3,0.1,1.2753097544142176,1.0032269019193725,0.378584068539612,0.5771735418984237,0.7727272727272727,0.35770925110132157
"Ridge (alpha=1.0, top-100) + SMOTE",Gradient Boosting,50,5,0.05,1.3302041604501422,1.054513086683361,0.3239362906124508,0.5316980892039721,0.7454545454545455,0.25131348511383544
"Ridge (alpha=1.0, top-100) + SMOTE",Gradient Boosting,50,5,0.1,1.2896190530626224,1.0216055620106055,0.3645609474733075,0.5547931457330716,0.7818181818181819,0.31751662971175165
"Ridge (alpha=1.0, top-100) + SMOTE",Gradient Boosting,100,2,0.05,1.2900126286833216,1.009389765696632,0.3641730321713448,0.559090329339604,0.7636363636363637,0.35090679038380435
"Ridge (alpha=1.0, top-100) + SMOTE",Gradient Boosting,100,2,0.1,1.2579616601783792,0.9666356209871868,0.39537537605883355,0.5849933094914269,0.7909090909090909,0.39115351257588904
"Ridge (alpha=1.0, top-100) + SMOTE",Gradient Boosting,100,3,0.05,1.2856103461478472,1.011397214531624,0.368505259348862,0.5588782365864918,0.7636363636363637,0.30000000000000004
"Ridge (alpha=1.0, top-100) + SMOTE",Gradient Boosting,100,3,0.1,1.2614431170024,0.9935209134684013,0.3920241017103149,0.5847812167383147,0.7818181818181819,0.3639575971731448
"Ridge (alpha=1.0, top-100) + SMOTE",Gradient Boosting,100,5,0.05,1.2991631069323775,1.0225514120235715,0.35512078629537813,0.5480568954657499,0.7727272727272727,0.3314727350794332
"Ridge (alpha=1.0, top-100) + SMOTE",Gradient Boosting,100,5,0.1,1.2864838311010593,1.0218360874515602,0.367646852221985,0.5609023391651052,0.7909090909090909,0.3206788744975436
"Ridge (alpha=1.0, top-100) + SMOTE",Gradient Boosting,200,2,0.05,1.2607066791190273,0.9843655768444449,0.3927337742782706,0.5965339216879404,0.7727272727272727,0.3806620209059234
"Ridge (alpha=1.0, top-100) + SMOTE",Gradient Boosting,200,2,0.1,1.2533282243686505,0.9769551702142855,0.3998211872876063,0.5973684605643164,0.7818181818181819,0.4220890410958904
"Ridge (alpha=1.0, top-100) + SMOTE",Gradient Boosting,200,3,0.05,1.2716465854548624,0.9994739185905833,0.3821488217683531,0.5800229619293649,0.7727272727272727,0.34963219385547384
"Ridge (alpha=1.0, top-100) + SMOTE",Gradient Boosting,200,3,0.1,1.2586332888916807,0.9977390463819021,0.39472958266866365,0.5854543806938446,0.7818181818181819,0.3689745836985101
"Ridge (alpha=1.0, top-100) + SMOTE",Gradient Boosting,200,5,0.05,1.2925311598232765,1.0193321022427013,0.3616879197549445,0.5564944984699927,0.7727272727272727,0.3397379912663756
"Ridge (alpha=1.0, top-100) + SMOTE",Gradient Boosting,200,5,0.1,1.2869179616567703,1.0226518972836844,0.36721999859732624,0.5629218310316946,0.7818181818181819,0.3045822102425876
PCA (n_components=50) + SMOTE,Gradient Boosting,50,2,0.05,1.3088690659330968,1.0812818970688398,0.3454490951954724,0.611657057127239,0.7,0.17733089579524686
PCA (n_components=50) + SMOTE,Gradient Boosting,50,2,0.1,1.2433026322056158,1.0004874772603773,0.4093846548196062,0.6307730691794743,0.7636363636363637,0.33868243243243235
PCA (n_components=50) + SMOTE,Gradient Boosting,50,3,0.05,1.2310059192467784,0.9991987339601617,0.42100968025610763,0.6533747795219869,0.8,0.3729987018606665
PCA (n_components=50) + SMOTE,Gradient Boosting,50,3,0.1,1.202287081871916,0.952380813498206,0.4477097429803071,0.6444714946033022,0.8,0.404868154158215
PCA (n_components=50) + SMOTE,Gradient Boosting,50,5,0.05,1.1953895651851547,0.9535371362909836,0.454028539837128,0.6649753309748146,0.8181818181818182,0.43798118049615054
PCA (n_components=50) + SMOTE,Gradient Boosting,50,5,0.1,1.1652954840052865,0.912825997866406,0.4811723092923147,0.666815005072461,0.8272727272727273,0.450063211125158
PCA (n_components=50) + SMOTE,Gradient Boosting,100,2,0.05,1.2452444034272707,1.0109441168249467,0.4075383860042956,0.6372649517095146,0.7636363636363637,0.34273858921161826
PCA (n_components=50) + SMOTE,Gradient Boosting,100,2,0.1,1.1947089063201222,0.9439827955991721,0.45465011881740724,0.6587324268940797,0.8181818181818182,0.4308600337268128
PCA (n_components=50) + SMOTE,Gradient Boosting,100,3,0.05,1.1946117396052944,0.9489314769128886,0.45473882277073074,0.6569665241888202,0.8181818181818182,0.4149999999999999
PCA (n_components=50) + SMOTE,Gradient Boosting,100,3,0.1,1.181031283643488,0.9275819706245559,0.46706551502638305,0.6626423106905813,0.8272727272727273,0.45921209709510546
PCA (n_components=50) + SMOTE,Gradient Boosting,100,5,0.05,1.1709062349971473,0.918539323242119,0.4761641013300749,0.6732238947860661,0.8181818181818182,0.4474660074165637
PCA (n_components=50) + SMOTE,Gradient Boosting,100,5,0.1,1.1623093540963774,0.9111734595323121,0.4838279478701175,0.6701208855937955,0.8363636363636363,0.4671052631578948
PCA (n_components=50) + SMOTE,Gradient Boosting,200,2,0.05,1.2032978202466384,0.9545043904295474,0.44678075420932895,0.6484505390801665,0.8181818181818182,0.41947261663285995
PCA (n_components=50) + SMOTE,Gradient Boosting,200,2,0.1,1.1691229329988087,0.929281797308003,0.47775850096904826,0.6705865675082373,0.8181818181818182,0.4463208685162847
PCA (n_components=50) + SMOTE,Gradient Boosting,200,3,0.05,1.1630697107002765,0.9219312506375407,0.483152390710918,0.6803981626956846,0.8272727272727273,0.4343271555197421
PCA (n_components=50) + SMOTE,Gradient Boosting,200,3,0.1,1.1744912150850366,0.9259277086209023,0.47295151936675306,0.6697750821919822,0.8,0.4625850340136054
PCA (n_components=50) + SMOTE,Gradient Boosting,200,5,0.05,1.1617757622598643,0.911353245319823,0.4843017666023143,0.6809929445468034,0.8090909090909091,0.4356435643564357
PCA (n_components=50) + SMOTE,Gradient Boosting,200,5,0.1,1.1581985201343368,0.9109511282877525,0.4874726664656115,0.6726844414792376,0.8272727272727273,0.4564764681382758
"Lasso->PCA (top-100, 95%var) + SMOTE",Gradient Boosting,50,2,0.05,1.3764135963366912,1.142150593948391,0.27614941750658073,0.48289018021484503,0.7181818181818181,0.20838971583220567
"Lasso->PCA (top-100, 95%var) + SMOTE",Gradient Boosting,50,2,0.1,1.342755474487228,1.0919519269722695,0.3111179261229723,0.5270965986038441,0.7545454545454545,0.2869718309859155
"Lasso->PCA (top-100, 95%var) + SMOTE",Gradient Boosting,50,3,0.05,1.3562597692060685,1.1076497073294955,0.29719186602167846,0.5074734082289494,0.7272727272727273,0.21862348178137647
"Lasso->PCA (top-100, 95%var) + SMOTE",Gradient Boosting,50,3,0.1,1.3133171058910071,1.0593199905504982,0.3409927048667858,0.5655453261734509,0.7272727272727273,0.23595994775794504
"Lasso->PCA (top-100, 95%var) + SMOTE",Gradient Boosting,50,5,0.05,1.3680402016106794,1.1198474419866338,0.28492970040108134,0.4789653757834668,0.7181818181818181,0.21123595505617976
"Lasso->PCA (top-100, 95%var) + SMOTE",Gradient Boosting,50,5,0.1,1.3190954444866678,1.0609670527617365,0.33518094101006346,0.5381484753257948,0.7545454545454545,0.31007751937984496
"Lasso->PCA (top-100, 95%var) + SMOTE",Gradient Boosting,100,2,0.05,1.3345655003417567,1.0939222014664722,0.31949580334397787,0.5359491656902627,0.7545454545454545,0.2839560439560439
"Lasso->PCA (top-100, 95%var) + SMOTE",Gradient Boosting,100,2,0.1,1.3295785373177462,1.0778203727840796,0.32457207516999054,0.5554109811443113,0.7727272727272727,0.3350515463917525
"Lasso->PCA (top-100, 95%var) + SMOTE",Gradient Boosting,100,3,0.05,1.3256918847711685,1.0699769969738961,0.32851515433034173,0.5490574199749962,0.7636363636363637,0.32224168126094566
"Lasso->PCA (top-100, 95%var) + SMOTE",Gradient Boosting,100,3,0.1,1.3115246978775374,1.0496959484438464,0.3427902964720241,0.5695243706503151,0.7727272727272727,0.3414634146341464
"Lasso->PCA (top-100, 95%var) + SMOTE",Gradient Boosting,100,5,0.05,1.3527001788380333,1.0953794080737354,0.3008761544941675,0.5065512658241141,0.7545454545454545,0.282776349614396
"Lasso->PCA (top-100, 95%var) + SMOTE",Gradient Boosting,100,5,0.1,1.3231762830473441,1.054916322455021,0.33106112413307276,0.5281201766732112,0.7454545454545455,0.29693569270608544
"Lasso->PCA (top-100, 95%var) + SMOTE",Gradient Boosting,200,2,0.05,1.314304859725939,1.0631916993348784,0.34000104524864805,0.558905900858637,0.7727272727272727,0.33829499323410006
"Lasso->PCA (top-100, 95%var) + SMOTE",Gradient Boosting,200,2,0.1,1.3303474290673665,1.0580207465234812,0.32379065292505504,0.5608009035005734,0.7545454545454545,0.3813914501257334
"Lasso->PCA (top-100, 95%var) + SMOTE",Gradient Boosting,200,3,0.05,1.316559207461274,1.0559649642961535,0.3377349908210616,0.5654392797968949,0.7727272727272727,0.3416523235800344
"Lasso->PCA (top-100, 95%var) + SMOTE",Gradient Boosting,200,3,0.1,1.3046827577284295,1.0464806874583954,0.34962945184256844,0.5880317687153591,0.7909090909090909,0.37735849056603776
"Lasso->PCA (top-100, 95%var) + SMOTE",Gradient Boosting,200,5,0.05,1.3490738111669278,1.0899742004389803,0.3046196030656112,0.513135362594638,0.7636363636363637,0.3370025402201524
"Lasso->PCA (top-100, 95%var) + SMOTE",Gradient Boosting,200,5,0.1,1.3235722973823976,1.0546459459293152,0.33066064986525545,0.5296417116411893,0.7454545454545455,0.29179072735006384
"Ridge->PCA (top-100, 95%var) + SMOTE",Gradient Boosting,50,2,0.05,1.45445687829769,1.217581893858449,0.19173696008676366,0.3873413064390337,0.6454545454545455,0.0964912280701754
"Ridge->PCA (top-100, 95%var) + SMOTE",Gradient Boosting,50,2,0.1,1.3917520416677067,1.1438515659093311,0.2599266689701796,0.47076291909245704,0.6818181818181818,0.16159695817490494
"Ridge->PCA (top-100, 95%var) + SMOTE",Gradient Boosting,50,3,0.05,1.4099675971597674,1.1776632439208066,0.24042740967539555,0.44849318001568506,0.6636363636363637,0.10572687224669608
"Ridge->PCA (top-100, 95%var) + SMOTE",Gradient Boosting,50,3,0.1,1.341039327006354,1.1121674322098478,0.3128776921724834,0.5078745401750527,0.7181818181818181,0.27425968109339405
"Ridge->PCA (top-100, 95%var) + SMOTE",Gradient Boosting,50,5,0.05,1.4055953254665867,1.1601642267885723,0.24513093404971453,0.4251537557493043,0.7,0.22976744186046516
"Ridge->PCA (top-100, 95%var) + SMOTE",Gradient Boosting,50,5,0.1,1.3872246635942815,1.1358101784990018,0.26473376380246827,0.484198533930907,0.7,0.270063694267516
"Ridge->PCA (top-100, 95%var) + SMOTE",Gradient Boosting,100,2,0.05,1.3824952200880112,1.1423638004668075,0.2697386811660931,0.4743269994871454,0.6909090909090909,0.20563380281690136
"Ridge->PCA (top-100, 95%var) + SMOTE",Gradient Boosting,100,2,0.1,1.3437935567265284,1.0838814997047155,0.3100523669990598,0.5237676645223887,0.7181818181818181,0.21965317919075145
"Ridge->PCA (top-100, 95%var) + SMOTE",Gradient Boosting,100,3,0.05,1.338516074082179,1.0967983881811378,0.315460990401526,0.5140482835754249,0.7090909090909091,0.23191094619666042
"Ridge->PCA (top-100, 95%var) + SMOTE",Gradient Boosting,100,3,0.1,1.345042047664311,1.1066055242566972,0.30876973915126693,0.5160262790337966,0.7454545454545455,0.28495339547270304
"Ridge->PCA (top-100, 95%var) + SMOTE",Gradient Boosting,100,5,0.05,1.3959364577637294,1.1452657224176843,0.25546979731665753,0.4421534509824426,0.6909090909090909,0.20408163265306123
"Ridge->PCA (top-100, 95%var) + SMOTE",Gradient Boosting,100,5,0.1,1.3863260887741826,1.126860867875405,0.2656859927552918,0.483935723345529,0.6909090909090909,0.25192802056555286
"Ridge->PCA (top-100, 95%var) + SMOTE",Gradient Boosting,200,2,0.05,1.3305743394779848,1.0824654797738635,0.32355995826154826,0.538674096496551,0.7,0.21880650994575046
"Ridge->PCA (top-100, 95%var) + SMOTE",Gradient Boosting,200,2,0.1,1.3441832391408532,1.0944172315864016,0.30965215754570485,0.5205954946497554,0.7181818181818181,0.2734375
"Ridge->PCA (top-100, 95%var) + SMOTE",Gradient Boosting,200,3,0.05,1.3353716195855316,1.0887596395244652,0.31867346348248193,0.5230299505985205,0.7272727272727273,0.2553956834532374
"Ridge->PCA (top-100, 95%var) + SMOTE",Gradient Boosting,200,3,0.1,1.345264601290155,1.107513419865504,0.30854097525779933,0.5051311665206678,0.7363636363636363,0.28216123499142376
"Ridge->PCA (top-100, 95%var) + SMOTE",Gradient Boosting,200,5,0.05,1.3944551833802108,1.1457800130040579,0.2570490502599755,0.444620181915377,0.6909090909090909,0.18552036199095023
"Ridge->PCA (top-100, 95%var) + SMOTE",Gradient Boosting,200,5,0.1,1.3870603659072116,1.126516224892547,0.2649079178403223,0.4780708976507766,0.7181818181818181,0.26943005181347157
"ElasticNet (top-200, l1r=0.5) + SMOTE",Gradient Boosting,50,2,0.05,1.2602665005652753,1.0236334680725594,0.39315775696708954,0.6100156436466321,0.8,0.3548094373865699
"ElasticNet (top-200, l1r=0.5) + SMOTE",Gradient Boosting,50,2,0.1,1.208459397530123,0.940414875034118,0.44202447828178026,0.6455780654891046,0.8090909090909091,0.46973365617433427
"ElasticNet (top-200, l1r=0.5) + SMOTE",Gradient Boosting,50,3,0.05,1.2182191165875775,0.970938998370655,0.43297547842259143,0.6376061443993036,0.8181818181818182,0.4125326370757181
"ElasticNet (top-200, l1r=0.5) + SMOTE",Gradient Boosting,50,3,0.1,1.225195975102894,0.962732550620613,0.426462071848154,0.623921551111548,0.8,0.4005027230833681
"ElasticNet (top-200, l1r=0.5) + SMOTE",Gradient Boosting,50,5,0.05,1.2000644198990413,0.9665967603418539,0.4497498877740934,0.642530384841124,0.8181818181818182,0.4333605887162716
"ElasticNet (top-200, l1r=0.5) + SMOTE",Gradient Boosting,50,5,0.1,1.204985047632752,0.9772560809373461,0.4452282523374935,0.6416912352527239,0.8090909090909091,0.46631706333198875
"ElasticNet (top-200, l1r=0.5) + SMOTE",Gradient Boosting,100,2,0.05,1.2246699850911702,0.9665020038296729,0.4269544183322238,0.632308436283525,0.8,0.41959798994974884
"ElasticNet (top-200, l1r=0.5) + SMOTE",Gradient Boosting,100,2,0.1,1.186820778586078,0.9094808111643614,0.4618277469496247,0.6621904609122121,0.7909090909090909,0.49446202531645567
"ElasticNet (top-200, l1r=0.5) + SMOTE",Gradient Boosting,100,3,0.05,1.1871718756143983,0.9223989916267253,0.4615092850035467,0.651811748145791,0.8181818181818182,0.4363636363636364
"ElasticNet (top-200, l1r=0.5) + SMOTE",Gradient Boosting,100,3,0.1,1.193456385881503,0.94070089027621,0.4557929977417601,0.6437199485433616,0.8,0.4463208685162846
"ElasticNet (top-200, l1r=0.5) + SMOTE",Gradient Boosting,100,5,0.05,1.1838208506865824,0.9300490291797205,0.4645449853517424,0.6410780105535084,0.8090909090909091,0.46184107002360353
"ElasticNet (top-200, l1r=0.5) + SMOTE",Gradient Boosting,100,5,0.1,1.200415396387708,0.9748635583373357,0.44942798323267674,0.64227218496777,0.8090909090909091,0.4697277529459569
"ElasticNet (top-200, l1r=0.5) + SMOTE",Gradient Boosting,200,2,0.05,1.2004848542364663,0.9353696181391569,0.44936426753169,0.648570417592795,0.8,0.506033476060724
"ElasticNet (top-200, l1r=0.5) + SMOTE",Gradient Boosting,200,2,0.1,1.1744441259041742,0.8957734734269172,0.4729937807023613,0.6707248888689625,0.7909090909090909,0.5354623096917935
"ElasticNet (top-200, l1r=0.5) + SMOTE",Gradient Boosting,200,3,0.05,1.1654182604426435,0.9122775125662657,0.4810629753558622,0.667442061907749,0.8,0.47784045124899277
"ElasticNet (top-200, l1r=0.5) + SMOTE",Gradient Boosting,200,3,0.1,1.1897449597858851,0.9478969918712696,0.4591724986906881,0.6457532725460232,0.8,0.4676656151419557
"ElasticNet (top-200, l1r=0.5) + SMOTE",Gradient Boosting,200,5,0.05,1.1797814234194364,0.9311181965286918,0.46819290456750595,0.6481692856466917,0.8181818181818182,0.4634340222575516
"ElasticNet (top-200, l1r=0.5) + SMOTE",Gradient Boosting,200,5,0.1,1.2004063460919372,0.974807442417296,0.449436285060238,0.6473024717861465,0.8,0.4533224622910721
"ElasticNet->PCA (top-200, 95%var) + SMOTE",Gradient Boosting,50,2,0.05,1.3488108242319414,1.1169256608552747,0.3048906899889636,0.5177552960428626,0.7727272727272727,0.2925045703839122
"ElasticNet->PCA (top-200, 95%var) + SMOTE",Gradient Boosting,50,2,0.1,1.2894110812529191,1.047090983236721,0.36476588047808134,0.5742180754909267,0.7818181818181819,0.32309746328437927
"ElasticNet->PCA (top-200, 95%var) + SMOTE",Gradient Boosting,50,3,0.05,1.30924654952358,1.057678353359885,0.3450714900370475,0.5495784304337281,0.7818181818181819,0.3039126478616925
"ElasticNet->PCA (top-200, 95%var) + SMOTE",Gradient Boosting,50,3,0.1,1.238836408681161,0.9790726480529313,0.413620280576089,0.6063685704355086,0.8,0.41245136186770426
"ElasticNet->PCA (top-200, 95%var) + SMOTE",Gradient Boosting,50,5,0.05,1.3109054997575174,1.0679225836008708,0.34341071475374896,0.5513766081231569,0.7636363636363637,0.36118598382749334
"ElasticNet->PCA (top-200, 95%var) + SMOTE",Gradient Boosting,50,5,0.1,1.3352843846609648,1.0508240533487672,0.31876247769664723,0.5508325441043042,0.7272727272727273,0.34004834810636586
"ElasticNet->PCA (top-200, 95%var) + SMOTE",Gradient Boosting,100,2,0.05,1.2892264757814105,1.0440566237731568,0.3649477608748415,0.575532128417817,0.7818181818181819,0.3309734513274336
"ElasticNet->PCA (top-200, 95%var) + SMOTE",Gradient Boosting,100,2,0.1,1.2490481842208188,0.9864312920777671,0.4039133368684068,0.6107671897065728,0.7818181818181819,0.36348049721388775
"ElasticNet->PCA (top-200, 95%var) + SMOTE",Gradient Boosting,100,3,0.05,1.2610373381653175,0.9991337714207262,0.39241518406676756,0.589908328509199,0.7818181818181819,0.3479427549194991
"ElasticNet->PCA (top-200, 95%var) + SMOTE",Gradient Boosting,100,3,0.1,1.2261911106438845,0.970098480080799,0.4255300090988915,0.6206571669984313,0.7909090909090909,0.40000000000000013
"ElasticNet->PCA (top-200, 95%var) + SMOTE",Gradient Boosting,100,5,0.05,1.285819143405346,1.0293818508767345,0.36830011931141937,0.5785152590974592,0.7545454545454545,0.38654012079378774
"ElasticNet->PCA (top-200, 95%var) + SMOTE",Gradient Boosting,100,5,0.1,1.3311872591386114,1.0464323959412343,0.3229366200825755,0.5581451333746479,0.7363636363636363,0.35036496350364965
"ElasticNet->PCA (top-200, 95%var) + SMOTE",Gradient Boosting,200,2,0.05,1.2414455737222423,0.9848686450398602,0.41114768191524775,0.6099557043903179,0.7909090909090909,0.357976653696498
"ElasticNet->PCA (top-200, 95%var) + SMOTE",Gradient Boosting,200,2,0.1,1.245656376303339,0.9667467979937038,0.4071463047559285,0.6284169953351201,0.7818181818181819,0.3677685950413224
"ElasticNet->PCA (top-200, 95%var) + SMOTE",Gradient Boosting,200,3,0.05,1.2363170754666815,0.9687920397533153,0.4160028127129084,0.6051743960212469,0.7636363636363637,0.35851472471190793
"ElasticNet->PCA (top-200, 95%var) + SMOTE",Gradient Boosting,200,3,0.1,1.227208906344991,0.9629042438715053,0.42457593963399953,0.6245071115386185,0.7818181818181819,0.39230769230769236
"ElasticNet->PCA (top-200, 95%var) + SMOTE",Gradient Boosting,200,5,0.05,1.2772655984331147,1.0148127901361916,0.3766765717836843,0.5858094055197062,0.7545454545454545,0.3557651093013289
"ElasticNet->PCA (top-200, 95%var) + SMOTE",Gradient Boosting,200,5,0.1,1.3287181768436092,1.045486404966345,0.3254459212149827,0.5578269942449796,0.7454545454545455,0.34545454545454557
"Lasso (alpha=1.0, top-100) + SMOTE",Gradient Boosting,50,2,0.05,1.3002885431579858,1.0722864134090082,0.3343935913859386,0.5766650519002458,0.7545454545454545,0.2729902557856274
"Lasso (alpha=1.0, top-100) + SMOTE",Gradient Boosting,50,2,0.1,1.280078509342989,1.0527694117931259,0.35492347800659174,0.583380703294501,0.7818181818181819,0.396286990508096
"Lasso (alpha=1.0, top-100) + SMOTE",Gradient Boosting,50,3,0.05,1.2924090733938052,1.044819507725218,0.34243601388643063,0.583906516659161,0.7818181818181819,0.33249016301292855
"Lasso (alpha=1.0, top-100) + SMOTE",Gradient Boosting,50,3,0.1,1.292845836887807,1.0425004731138583,0.3419914975503182,0.5816418292727742,0.7636363636363637,0.3444055944055944
"Lasso (alpha=1.0, top-100) + SMOTE",Gradient Boosting,50,5,0.05,1.2943063643213475,1.0298784403414525,0.34050395389298527,0.5939200325773809,0.7363636363636363,0.33772437753329476
"Lasso (alpha=1.0, top-100) + SMOTE",Gradient Boosting,50,5,0.1,1.2746474561394325,0.9955393696019734,0.360385662966652,0.6117930745778885,0.7272727272727273,0.3613387978142075
"Lasso (alpha=1.0, top-100) + SMOTE",Gradient Boosting,100,2,0.05,1.2633853744501196,1.0415207192313045,0.3716382901831381,0.6009816138168073,0.8090909090909091,0.4262765347102696
"Lasso (alpha=1.0, top-100) + SMOTE",Gradient Boosting,100,2,0.1,1.292046414026803,1.0493810545926059,0.34280499656447805,0.5718035844761078,0.7636363636363637,0.42207792207792205
"Lasso (alpha=1.0, top-100) + SMOTE",Gradient Boosting,100,3,0.05,1.2799509793978332,1.0253536172513875,0.35505200524128677,0.5875180242427476,0.7636363636363637,0.3308351177730192
"Lasso (alpha=1.0, top-100) + SMOTE",Gradient Boosting,100,3,0.1,1.3170552563124684,1.0761161917261242,0.3171174507749335,0.565789017568066,0.7363636363636363,0.36354378818737276
"Lasso (alpha=1.0, top-100) + SMOTE",Gradient Boosting,100,5,0.05,1.2973310062204935,1.0314043529744548,0.3374180228272047,0.5816095424872249,0.7454545454545455,0.36836962590731426
"Lasso (alpha=1.0, top-100) + SMOTE",Gradient Boosting,100,5,0.1,1.278302390982942,0.9964784381627924,0.3567123329713774,0.6149341175720421,0.7454545454545455,0.3818306010928961
"Lasso (alpha=1.0, top-100) + SMOTE",Gradient Boosting,200,2,0.05,1.2745657808086623,1.0391895693897377,0.3604676292210576,0.5947733261954696,0.7909090909090909,0.4325679598838744
"Lasso (alpha=1.0, top-100) + SMOTE",Gradient Boosting,200,2,0.1,1.3208808715597966,1.0685848851545792,0.31314458778253307,0.5587135991348329,0.7090909090909091,0.3856093235368634
"Lasso (alpha=1.0, top-100) + SMOTE",Gradient Boosting,200,3,0.05,1.2938601836199985,1.0389090750327812,0.34095856602805097,0.5804656677991924,0.7727272727272727,0.38181587623636815
"Lasso (alpha=1.0, top-100) + SMOTE",Gradient Boosting,200,3,0.1,1.3240513507645812,1.0860627172005493,0.3098433448892409,0.5601895664742296,0.7272727272727273,0.34672386895475815
"Lasso (alpha=1.0, top-100) + SMOTE",Gradient Boosting,200,5,0.05,1.305899615913227,1.039602877876993,0.3286366780715777,0.579787645302657,0.7545454545454545,0.3820767743717205
"Lasso (alpha=1.0, top-100) + SMOTE",Gradient Boosting,200,5,0.1,1.2770632622066966,0.9979251320470125,0.3579588767014603,0.6128262517154662,0.7454545454545455,0.3818306010928961
"Ridge (alpha=1.0, top-100) + SMOTE",Gradient Boosting,50,2,0.05,1.2514627580504982,1.0269105325352055,0.383442077013045,0.6008109550931894,0.7545454545454545,0.4080565805658056
"Ridge (alpha=1.0, top-100) + SMOTE",Gradient Boosting,50,2,0.1,1.2004369915276254,0.9795310503242616,0.4326948026874824,0.6219449624341767,0.7818181818181819,0.47055410501885697
"Ridge (alpha=1.0, top-100) + SMOTE",Gradient Boosting,50,3,0.05,1.2196388075517088,0.992160753904518,0.41440077652516716,0.6044178502788403,0.7545454545454545,0.3908303943571657
"Ridge (alpha=1.0, top-100) + SMOTE",Gradient Boosting,50,3,0.1,1.188369424634425,0.9404277313736976,0.4440433087645743,0.6269586389901901,0.7727272727272727,0.44929036073329387
"Ridge (alpha=1.0, top-100) + SMOTE",Gradient Boosting,50,5,0.05,1.2247282162290996,0.9822909038679981,0.4095033067446866,0.5949209229294092,0.7909090909090909,0.4447871684145589
"Ridge (alpha=1.0, top-100) + SMOTE",Gradient Boosting,50,5,0.1,1.2720869338750238,0.9952177347961655,0.3629528069768265,0.5603463880040405,0.7545454545454545,0.4284294234592444
"Ridge (alpha=1.0, top-100) + SMOTE",Gradient Boosting,100,2,0.05,1.2124734099653494,0.9876542738202844,0.4212613737811256,0.6139286148220781,0.7727272727272727,0.44570135746606343
"Ridge (alpha=1.0, top-100) + SMOTE",Gradient Boosting,100,2,0.1,1.181732899246956,0.9583409633106642,0.4502355216531868,0.6363079696056813,0.7636363636363637,0.47228604250430783
"Ridge (alpha=1.0, top-100) + SMOTE",Gradient Boosting,100,3,0.05,1.1977883817494586,0.9627608857818197,0.4351954128646137,0.6159580699137486,0.7454545454545455,0.40458015267175573
"Ridge (alpha=1.0, top-100) + SMOTE",Gradient Boosting,100,3,0.1,1.1924306538168004,0.9205618169752979,0.4402368734916796,0.6314603393753501,0.7909090909090909,0.4849785407725322
"Ridge (alpha=1.0, top-100) + SMOTE",Gradient Boosting,100,5,0.05,1.2274869761853613,0.9578354884338657,0.40684006545657714,0.5904330597380562,0.7818181818181819,0.4521627040962475
"Ridge (alpha=1.0, top-100) + SMOTE",Gradient Boosting,100,5,0.1,1.2714921745187198,0.9923603964678176,0.3635483656515377,0.5667068847572534,0.7636363636363637,0.4661674986134221
"Ridge (alpha=1.0, top-100) + SMOTE",Gradient Boosting,200,2,0.05,1.1982091318827734,0.9748392009323082,0.43479854252017325,0.6233840305900885,0.7727272727272727,0.44040490447676073
"Ridge (alpha=1.0, top-100) + SMOTE",Gradient Boosting,200,2,0.1,1.1606266495628579,0.9264036589266893,0.4696982021709524,0.664083829973954,0.8,0.5249242632883504
"Ridge (alpha=1.0, top-100) + SMOTE",Gradient Boosting,200,3,0.05,1.1963441504116514,0.9445210330850349,0.4365566161077392,0.6171388437852661,0.7727272727272727,0.4748499571306086
"Ridge (alpha=1.0, top-100) + SMOTE",Gradient Boosting,200,3,0.1,1.2030988936566926,0.9168203401194608,0.43017607789539025,0.6253442997127248,0.7818181818181819,0.4827116798257556
"Ridge (alpha=1.0, top-100) + SMOTE",Gradient Boosting,200,5,0.05,1.2257137607873811,0.9499038771158945,0.4085525734337294,0.6004189012686622,0.7818181818181819,0.4661421747681934
"Ridge (alpha=1.0, top-100) + SMOTE",Gradient Boosting,200,5,0.1,1.27149190332564,0.9912878095655657,0.36354863714555685,0.5670205278168752,0.7727272727272727,0.47916666666666674
PCA (n_components=50) + SMOTE,Gradient Boosting,50,2,0.05,1.2935722181674687,1.08835965734357,0.34125188990961974,0.5714107823704613,0.7090909090909091,0.33424790187217557
PCA (n_components=50) + SMOTE,Gradient Boosting,50,2,0.1,1.24093697388376,1.0344579902942639,0.39376993313584807,0.6009308774395155,0.7545454545454545,0.398333847577908
PCA (n_components=50) + SMOTE,Gradient Boosting,50,3,0.05,1.2640572159741725,1.049927099973256,0.37096981365167414,0.5842017101270405,0.7272727272727273,0.3671396323766527
PCA (n_components=50) + SMOTE,Gradient Boosting,50,3,0.1,1.2362138628628316,1.034479576076247,0.39837587687778675,0.5872274431728037,0.7636363636363637,0.4191176470588235
PCA (n_components=50) + SMOTE,Gradient Boosting,50,5,0.05,1.2385408662551978,1.0252517497649893,0.3961087950172917,0.5980942527091123,0.7636363636363637,0.42218798151001546
PCA (n_components=50) + SMOTE,Gradient Boosting,50,5,0.1,1.2702483411324843,1.0447305419210082,0.3647929703730832,0.5628647572768861,0.7454545454545455,0.3907809747504405
PCA (n_components=50) + SMOTE,Gradient Boosting,100,2,0.05,1.2584978394112338,1.0484743000610959,0.37649064865912296,0.5882698451062527,0.7454545454545455,0.3855606758832566
PCA (n_components=50) + SMOTE,Gradient Boosting,100,2,0.1,1.2386429303821782,1.0303477850604943,0.3960092614937675,0.5900363935155933,0.7727272727272727,0.40040947645510383
PCA (n_components=50) + SMOTE,Gradient Boosting,100,3,0.05,1.2469028417661416,1.0372214541759888,0.38792695759584195,0.5845707019618895,0.7454545454545455,0.36945888107612357
PCA (n_components=50) + SMOTE,Gradient Boosting,100,3,0.1,1.2423734254228314,1.0281021716387841,0.3923656327699767,0.5694697111206866,0.7727272727272727,0.42495687176538244
PCA (n_components=50) + SMOTE,Gradient Boosting,100,5,0.05,1.2316820046799737,1.0265778510184422,0.40277880062809124,0.6016135123339864,0.7818181818181819,0.4450014322543683
PCA (n_components=50) + SMOTE,Gradient Boosting,100,5,0.1,1.2789854895978376,1.054176914829345,0.3560246297669827,0.5568917019502649,0.7272727272727273,0.3726564753389098
PCA (n_components=50) + SMOTE,Gradient Boosting,200,2,0.05,1.2460498444166013,1.0392211808393006,0.38876410077027945,0.5916830195786077,0.7909090909090909,0.43465491923641697
PCA (n_components=50) + SMOTE,Gradient Boosting,200,2,0.1,1.2470052501630318,1.0345404051874536,0.3878264140876042,0.5836666719665091,0.7818181818181819,0.37661220980223564
PCA (n_components=50) + SMOTE,Gradient Boosting,200,3,0.05,1.2466459775186265,1.0308904878021234,0.3881791079357497,0.5832284941626257,0.7545454545454545,0.4033844373734452
PCA (n_components=50) + SMOTE,Gradient Boosting,200,3,0.1,1.2399914629407132,1.0207315450076584,0.39469339469004483,0.5805348537682266,0.7818181818181819,0.41299337366753097
PCA (n_components=50) + SMOTE,Gradient Boosting,200,5,0.05,1.2317940917256331,1.0252218819189314,0.40267009756106364,0.5946303418594656,0.7727272727272727,0.4418373151308306
PCA (n_components=50) + SMOTE,Gradient Boosting,200,5,0.1,1.2769106402883683,1.0508391690329222,0.35811232828904316,0.5576758095993195,0.7181818181818181,0.3654456302278627
"Lasso->PCA (top-100, 95%var) + SMOTE",Gradient Boosting,50,2,0.05,1.2966643745767197,1.0651712712877743,0.3380987814423845,0.559405458825175,0.6909090909090909,0.25632911392405067
"Lasso->PCA (top-100, 95%var) + SMOTE",Gradient Boosting,50,2,0.1,1.2625800155181897,1.0212947160334584,0.3724391470396431,0.5811206283060497,0.7454545454545455,0.3104505056696293
"Lasso->PCA (top-100, 95%var) + SMOTE",Gradient Boosting,50,3,0.05,1.2727961913001524,1.0316120550213157,0.3622422322515324,0.5687271150530527,0.7545454545454545,0.3094148414514548
"Lasso->PCA (top-100, 95%var) + SMOTE",Gradient Boosting,50,3,0.1,1.2742038432144898,1.0376046861422323,0.3608307928111282,0.5572653061830498,0.7454545454545455,0.26358363858363854
"Lasso->PCA (top-100, 95%var) + SMOTE",Gradient Boosting,50,5,0.05,1.2890870289398284,1.044536848332298,0.345812111042782,0.5514767467738532,0.7272727272727273,0.24689193496971618
"Lasso->PCA (top-100, 95%var) + SMOTE",Gradient Boosting,50,5,0.1,1.3387968495601237,1.0781392325487287,0.29438567955672323,0.504342652269805,0.7636363636363637,0.2555092316855272
"Lasso->PCA (top-100, 95%var) + SMOTE",Gradient Boosting,100,2,0.05,1.2678335677846317,1.0255852945267647,0.3672057631839456,0.5787360185733368,0.7454545454545455,0.32316118935837246
"Lasso->PCA (top-100, 95%var) + SMOTE",Gradient Boosting,100,2,0.1,1.279853724677947,1.0306684307526752,0.3551500118908978,0.5595807299467285,0.7545454545454545,0.3218249075215782
"Lasso->PCA (top-100, 95%var) + SMOTE",Gradient Boosting,100,3,0.05,1.2734263683691045,1.0401468015738853,0.36161055246426077,0.5600281325464831,0.7454545454545455,0.26125703564727965
"Lasso->PCA (top-100, 95%var) + SMOTE",Gradient Boosting,100,3,0.1,1.274602149100702,1.0407376900564258,0.3604311320355691,0.5624311918709383,0.7636363636363637,0.30827067669172936
"Lasso->PCA (top-100, 95%var) + SMOTE",Gradient Boosting,100,5,0.05,1.2847118932104624,1.0375985030565584,0.35024517674607747,0.5601157681072597,0.7727272727272727,0.31584517689749014
"Lasso->PCA (top-100, 95%var) + SMOTE",Gradient Boosting,100,5,0.1,1.335006607772222,1.0726995243781052,0.29837532607283024,0.5162887629230475,0.7545454545454545,0.24061941631923778
"Lasso->PCA (top-100, 95%var) + SMOTE",Gradient Boosting,200,2,0.05,1.2851011945073918,1.0397298669636665,0.3498513316793229,0.5555541065489366,0.7272727272727273,0.2800435865504358
"Lasso->PCA (top-100, 95%var) + SMOTE",Gradient Boosting,200,2,0.1,1.268196684428341,1.0310478893064714,0.3668432376438071,0.5707381205529807,0.7636363636363637,0.3427051671732523
"Lasso->PCA (top-100, 95%var) + SMOTE",Gradient Boosting,200,3,0.05,1.280085359596685,1.0380679721659378,0.3549165738212303,0.5571638334284662,0.7636363636363637,0.297112462006079
"Lasso->PCA (top-100, 95%var) + SMOTE",Gradient Boosting,200,3,0.1,1.3018591317434636,1.0666122228431787,0.33278467898436637,0.5367447477674994,0.7545454545454545,0.2948531549869148
"Lasso->PCA (top-100, 95%var) + SMOTE",Gradient Boosting,200,5,0.05,1.2919913442443791,1.0469678073482953,0.34286101748474074,0.5551989519078944,0.7636363636363637,0.27242724272427243
"Lasso->PCA (top-100, 95%var) + SMOTE",Gradient Boosting,200,5,0.1,1.336321372519122,1.072779834928982,0.2969926727979627,0.5163994604735023,0.7545454545454545,0.25695461200585645
"Ridge->PCA (top-100, 95%var) + SMOTE",Gradient Boosting,50,2,0.05,1.4016960497769004,1.177666425341815,0.2265259964498303,0.4325460660040244,0.6272727272727273,0.14227642276422758
"Ridge->PCA (top-100, 95%var) + SMOTE",Gradient Boosting,50,2,0.1,1.3558506928040863,1.1442233441079814,0.27629469273016727,0.47656679190153245,0.6909090909090909,0.2362690932726681
"Ridge->PCA (top-100, 95%var) + SMOTE",Gradient Boosting,50,3,0.05,1.4023399916242265,1.1713633831681436,0.22581516233359955,0.4312592069799878,0.6727272727272727,0.1606319947333772
"Ridge->PCA (top-100, 95%var) + SMOTE",Gradient Boosting,50,3,0.1,1.3460896146101393,1.105412417781374,0.28667742283343955,0.4965984361359077,0.7636363636363637,0.3529862174578866
"Ridge->PCA (top-100, 95%var) + SMOTE",Gradient Boosting,50,5,0.05,1.3864722144944162,1.1307661995086462,0.24323617455306146,0.4609953364708967,0.7,0.17500000000000004
"Ridge->PCA (top-100, 95%var) + SMOTE",Gradient Boosting,50,5,0.1,1.4699066093582929,1.191919306830248,0.14941541427492755,0.38447565471904643,0.6363636363636364,0.06542056074766356
"Ridge->PCA (top-100, 95%var) + SMOTE",Gradient Boosting,100,2,0.05,1.3539267766600913,1.1379658585013155,0.2783470728025139,0.4798784936193039,0.6727272727272727,0.2724656220019188
"Ridge->PCA (top-100, 95%var) + SMOTE",Gradient Boosting,100,2,0.1,1.3238892937056916,1.0850297845620922,0.31001227778300655,0.5132215182958636,0.7272727272727273,0.30988423864648273
"Ridge->PCA (top-100, 95%var) + SMOTE",Gradient Boosting,100,3,0.05,1.3669874712783006,1.1239658135251067,0.26435702647562176,0.4839143418129669,0.7454545454545455,0.30643627140139507
"Ridge->PCA (top-100, 95%var) + SMOTE",Gradient Boosting,100,3,0.1,1.3477656558698823,1.0877671443788086,0.28489997449171267,0.49975792872180386,0.7727272727272727,0.3417047184170472
"Ridge->PCA (top-100, 95%var) + SMOTE",Gradient Boosting,100,5,0.05,1.3863189319639513,1.125718560812918,0.24340349454801502,0.47171916167120126,0.6636363636363637,0.17966211825860945
"Ridge->PCA (top-100, 95%var) + SMOTE",Gradient Boosting,100,5,0.1,1.4704592436401416,1.1865948883600166,0.1487757130009918,0.3866158073611718,0.6272727272727273,0.10741885625965986
"Ridge->PCA (top-100, 95%var) + SMOTE",Gradient Boosting,200,2,0.05,1.3235512492762898,1.090031664219541,0.31036459837077024,0.5183228304126536,0.7090909090909091,0.31712962962962976
"Ridge->PCA (top-100, 95%var) + SMOTE",Gradient Boosting,200,2,0.1,1.3247437349747957,1.0696232265017793,0.3091213509697047,0.5300798327505358,0.7636363636363637,0.3642857142857143
"Ridge->PCA (top-100, 95%var) + SMOTE",Gradient Boosting,200,3,0.05,1.3739853942608393,1.1099610673095865,0.2568058969914897,0.47908977357231375,0.7636363636363637,0.3036318867343797
"Ridge->PCA (top-100, 95%var) + SMOTE",Gradient Boosting,200,3,0.1,1.3558338496572544,1.0841535964975073,0.2763126731746304,0.5084938104118584,0.7636363636363637,0.37482137753643907
"Ridge->PCA (top-100, 95%var) + SMOTE",Gradient Boosting,200,5,0.05,1.389875459791332,1.123344840143544,0.23951649843392087,0.4764376447593352,0.6727272727272727,0.19124643196955282
"Ridge->PCA (top-100, 95%var) + SMOTE",Gradient Boosting,200,5,0.1,1.476325406512934,1.1894271505640133,0.14197051855874165,0.3789546143901155,0.6181818181818182,0.10659509202453987
"ElasticNet (top-200, l1r=0.5) + SMOTE",Gradient Boosting,50,2,0.05,1.2156674593477081,1.0146014087959165,0.4182081859131107,0.6350395601733873,0.7545454545454545,0.38852653424251415
"ElasticNet (top-200, l1r=0.5) + SMOTE",Gradient Boosting,50,2,0.1,1.1691933895772288,0.9612656181511989,0.46184085421017107,0.6563396138400566,0.7818181818181819,0.46336576989124223
"ElasticNet (top-200, l1r=0.5) + SMOTE",Gradient Boosting,50,3,0.05,1.1914334101865234,0.9883470487205243,0.4411727548153589,0.6473454378656076,0.7818181818181819,0.4343721905903507
"ElasticNet (top-200, l1r=0.5) + SMOTE",Gradient Boosting,50,3,0.1,1.1944904723238734,0.9720279553384009,0.43830132058441684,0.6432957524781379,0.7727272727272727,0.45419520547945214
"ElasticNet (top-200, l1r=0.5) + SMOTE",Gradient Boosting,50,5,0.05,1.210565776408187,0.9786348993000465,0.4230810470448285,0.6322213850347266,0.7363636363636363,0.4009351256575102
"ElasticNet (top-200, l1r=0.5) + SMOTE",Gradient Boosting,50,5,0.1,1.2252184668721229,0.9875241569701432,0.40903046824797806,0.621631319374555,0.7636363636363637,0.41909294512877937
"ElasticNet (top-200, l1r=0.5) + SMOTE",Gradient Boosting,100,2,0.05,1.1751517444195176,0.9659134536008253,0.45634182615863983,0.6536736478332713,0.7727272727272727,0.4709367945823928
"ElasticNet (top-200, l1r=0.5) + SMOTE",Gradient Boosting,100,2,0.1,1.18568319997622,0.9679842274168338,0.44655386928875673,0.6503527213196285,0.7909090909090909,0.4981263383297645
"ElasticNet (top-200, l1r=0.5) + SMOTE",Gradient Boosting,100,3,0.05,1.1790822602416233,0.9705816871838746,0.4526990104555054,0.6463030359321587,0.7909090909090909,0.4730845912845343
"ElasticNet (top-200, l1r=0.5) + SMOTE",Gradient Boosting,100,3,0.1,1.2246776633231589,0.997420546948558,0.409552053409151,0.6270001505716106,0.7818181818181819,0.48409286328460877
"ElasticNet (top-200, l1r=0.5) + SMOTE",Gradient Boosting,100,5,0.05,1.209175481422374,0.9668808726842096,0.42440543099415484,0.6327702603890647,0.7454545454545455,0.4337366347777153
"ElasticNet (top-200, l1r=0.5) + SMOTE",Gradient Boosting,100,5,0.1,1.226761834897095,0.9850337163406219,0.40754068015756584,0.6176508199561193,0.7727272727272727,0.4575732448866776
"ElasticNet (top-200, l1r=0.5) + SMOTE",Gradient Boosting,200,2,0.05,1.1952651850162979,0.981153477108511,0.4375724805961825,0.6314695641712214,0.7636363636363637,0.46375237578061357
"ElasticNet (top-200, l1r=0.5) + SMOTE",Gradient Boosting,200,2,0.1,1.2242170751155994,0.99677146072226,0.4099960922450686,0.6318108816184569,0.7818181818181819,0.4694616977225673
"ElasticNet (top-200, l1r=0.5) + SMOTE",Gradient Boosting,200,3,0.05,1.1959564813396706,0.9792909231634004,0.4369217187133583,0.636552426696269,0.7818181818181819,0.4651459336922641
"ElasticNet (top-200, l1r=0.5) + SMOTE",Gradient Boosting,200,3,0.1,1.2465907561286897,1.0175911839278402,0.38823330913220566,0.6118115241696309,0.7727272727272727,0.46408685968819596
"ElasticNet (top-200, l1r=0.5) + SMOTE",Gradient Boosting,200,5,0.05,1.2119155106396937,0.9654513042677215,0.421793845014259,0.6310313863673379,0.7363636363636363,0.4179443498012493
"ElasticNet (top-200, l1r=0.5) + SMOTE",Gradient Boosting,200,5,0.1,1.2285269784803488,0.9855085586946558,0.4058345166601358,0.615879659148843,0.7636363636363637,0.43661971830985913
"ElasticNet->PCA (top-200, 95%var) + SMOTE",Gradient Boosting,50,2,0.05,1.1779812218319852,0.9554225864835724,0.45372068311542846,0.6574210545119892,0.7545454545454545,0.4183285849952517
"ElasticNet->PCA (top-200, 95%var) + SMOTE",Gradient Boosting,50,2,0.1,1.1760620956867933,0.9433165332974255,0.45549919181983145,0.6329501439085538,0.7727272727272727,0.4474921630094043
"ElasticNet->PCA (top-200, 95%var) + SMOTE",Gradient Boosting,50,3,0.05,1.1821076021332504,0.9493084544387782,0.44988682865184837,0.6351871569073269,0.7818181818181819,0.47145061728395055
"ElasticNet->PCA (top-200, 95%var) + SMOTE",Gradient Boosting,50,3,0.1,1.1412181121440983,0.9072082545670963,0.4872858136459707,0.6654583245587671,0.7909090909090909,0.48341094295692677
"ElasticNet->PCA (top-200, 95%var) + SMOTE",Gradient Boosting,50,5,0.05,1.2361064979759118,0.9836398786266243,0.3984803741705787,0.5802304355044761,0.7545454545454545,0.38536953242835603
"ElasticNet->PCA (top-200, 95%var) + SMOTE",Gradient Boosting,50,5,0.1,1.2679630668396515,0.9785917855259422,0.36707648684539573,0.561873091720729,0.7545454545454545,0.4453192098482681
"ElasticNet->PCA (top-200, 95%var) + SMOTE",Gradient Boosting,100,2,0.05,1.1795689626895651,0.9404604962210871,0.45224708658704815,0.6372765731721604,0.7818181818181819,0.4818851704022108
"ElasticNet->PCA (top-200, 95%var) + SMOTE",Gradient Boosting,100,2,0.1,1.1992659798334644,0.9628288058560233,0.4338010615021596,0.6234209297735734,0.7727272727272727,0.43440631642878835
"ElasticNet->PCA (top-200, 95%var) + SMOTE",Gradient Boosting,100,3,0.05,1.1819064663754828,0.9343243632132785,0.4500740163766209,0.6314096029980583,0.7818181818181819,0.4749776586237714
"ElasticNet->PCA (top-200, 95%var) + SMOTE",Gradient Boosting,100,3,0.1,1.1637055770990479,0.917080576630136,0.4668808853112223,0.6616807706494986,0.8,0.48767448767448773
"ElasticNet->PCA (top-200, 95%var) + SMOTE",Gradient Boosting,100,5,0.05,1.2512076326233759,0.967620627034641,0.3836934365820729,0.5758025334862857,0.7545454545454545,0.3975903614457831
"ElasticNet->PCA (top-200, 95%var) + SMOTE",Gradient Boosting,100,5,0.1,1.2734582233758316,0.9766218831755971,0.3615786131939518,0.5630584779901819,0.7454545454545455,0.3985883030826851
"ElasticNet->PCA (top-200, 95%var) + SMOTE",Gradient Boosting,200,2,0.05,1.1953376729906056,0.9554451174360866,0.4375042606424321,0.6210732192243454,0.7818181818181819,0.4140018627755354
"ElasticNet->PCA (top-200, 95%var) + SMOTE",Gradient Boosting,200,2,0.1,1.2252036100725519,0.9656145466227013,0.40904480016165934,0.6234716661508652,0.8,0.47482014388489213
"ElasticNet->PCA (top-200, 95%var) + SMOTE",Gradient Boosting,200,3,0.05,1.1757477520439938,0.928365935371576,0.4557902266110845,0.6505187676453106,0.8181818181818182,0.497863247863248
"ElasticNet->PCA (top-200, 95%var) + SMOTE",Gradient Boosting,200,3,0.1,1.1961947429353221,0.9348634168775066,0.4366973404927179,0.6458740829241465,0.7727272727272727,0.4501986379114642
"ElasticNet->PCA (top-200, 95%var) + SMOTE",Gradient Boosting,200,5,0.05,1.2577942590880664,0.9642574262477476,0.3771876165357152,0.5870337224595079,0.7454545454545455,0.3981352630114111
"ElasticNet->PCA (top-200, 95%var) + SMOTE",Gradient Boosting,200,5,0.1,1.2804058881475986,0.9776906867829237,0.354593480456898,0.559728326680668,0.7545454545454545,0.42373363688104726
"Lasso (alpha=1.0, top-100) + SMOTE",Gradient Boosting,50,2,0.05,1.2173400027308043,0.9942523940373343,0.42189873582229986,0.6646000622573424,0.7706422018348624,0.42685025817555944
"Lasso (alpha=1.0, top-100) + SMOTE",Gradient Boosting,50,2,0.1,1.1857636350655039,0.9345917440804773,0.4515003097408036,0.6720200135859059,0.7522935779816514,0.43547742708749493
"Lasso (alpha=1.0, top-100) + SMOTE",Gradient Boosting,50,3,0.05,1.1816381343151068,0.9701572157203657,0.4553103430313703,0.6767043023479642,0.8073394495412844,0.46669391091131995
"Lasso (alpha=1.0, top-100) + SMOTE",Gradient Boosting,50,3,0.1,1.197405292883222,0.960658160271242,0.44067725662327584,0.668900315199839,0.7981651376146789,0.5064409274935591
"Lasso (alpha=1.0, top-100) + SMOTE",Gradient Boosting,50,5,0.05,1.185232957915184,0.9600398018173468,0.4519911514393996,0.6554448379663158,0.7706422018348624,0.4900351699882768
"Lasso (alpha=1.0, top-100) + SMOTE",Gradient Boosting,50,5,0.1,1.1933657382617908,0.9597882757976192,0.44444474223011177,0.656976240061604,0.7798165137614679,0.5213127121840815
"Lasso (alpha=1.0, top-100) + SMOTE",Gradient Boosting,100,2,0.05,1.1925660736113977,0.9364959273743749,0.44518903886934147,0.6586166893649159,0.7798165137614679,0.46975088967971534
"Lasso (alpha=1.0, top-100) + SMOTE",Gradient Boosting,100,2,0.1,1.184525156345553,0.9198403835823887,0.4526454796916979,0.6596787143474069,0.7706422018348624,0.506578947368421
"Lasso (alpha=1.0, top-100) + SMOTE",Gradient Boosting,100,3,0.05,1.162492857305215,0.9364337594848083,0.4728178240124533,0.6796817652453047,0.8165137614678899,0.5506607929515419
"Lasso (alpha=1.0, top-100) + SMOTE",Gradient Boosting,100,3,0.1,1.196923088903374,0.949837922719016,0.4411276527386826,0.6600580089840107,0.7798165137614679,0.5142045454545454
"Lasso (alpha=1.0, top-100) + SMOTE",Gradient Boosting,100,5,0.05,1.1654242005797555,0.9304880531930066,0.47015578562335136,0.6680231963526925,0.7614678899082569,0.5234899328859061
"Lasso (alpha=1.0, top-100) + SMOTE",Gradient Boosting,100,5,0.1,1.1862917424211221,0.9555026184969776,0.45101162680718865,0.6618596585078791,0.7798165137614679,0.5287958115183247
"Lasso (alpha=1.0, top-100) + SMOTE",Gradient Boosting,200,2,0.05,1.17482661107398,0.9137941688675351,0.46157194304286653,0.6695688219968534,0.7798165137614679,0.4946153846153847
"Lasso (alpha=1.0, top-100) + SMOTE",Gradient Boosting,200,2,0.1,1.1898690949472666,0.927213191215501,0.44769560250139984,0.6504049604824416,0.7889908256880734,0.5360146252285192
"Lasso (alpha=1.0, top-100) + SMOTE",Gradient Boosting,200,3,0.05,1.1567700181935743,0.9217438463271993,0.4779955807796572,0.6786292226287288,0.7889908256880734,0.5316455696202531
"Lasso (alpha=1.0, top-100) + SMOTE",Gradient Boosting,200,3,0.1,1.1937690996638846,0.9584387997694592,0.4440691198839737,0.6661219819867155,0.7798165137614679,0.5473465140478668
"Lasso (alpha=1.0, top-100) + SMOTE",Gradient Boosting,200,5,0.05,1.1576316446640413,0.923586764334219,0.47721765547713746,0.6743811226987652,0.7614678899082569,0.5273595299302241
"Lasso (alpha=1.0, top-100) + SMOTE",Gradient Boosting,200,5,0.1,1.1829292072217072,0.953624484809712,0.4541194230374428,0.6619971528136481,0.7798165137614679,0.5213127121840815
"Ridge (alpha=1.0, top-100) + SMOTE",Gradient Boosting,50,2,0.05,1.200802636480282,1.007614286545982,0.4374988720877864,0.6937061844337336,0.7706422018348624,0.4878048780487805
"Ridge (alpha=1.0, top-100) + SMOTE",Gradient Boosting,50,2,0.1,1.1761028350797862,0.9652078511352742,0.46040150982961336,0.6951664687846586,0.7889908256880734,0.5513595166163142
"Ridge (alpha=1.0, top-100) + SMOTE",Gradient Boosting,50,3,0.05,1.1927265799460816,0.9938204614338538,0.4450396858592117,0.6824553572754706,0.7889908256880734,0.4975728155339806
"Ridge (alpha=1.0, top-100) + SMOTE",Gradient Boosting,50,3,0.1,1.1776753613176052,0.9585810999819088,0.4589575883795398,0.6890218956716755,0.8440366972477065,0.6256781193490054
"Ridge (alpha=1.0, top-100) + SMOTE",Gradient Boosting,50,5,0.05,1.1917153056816499,0.9551325767300187,0.44598035268764147,0.6771310088141435,0.7889908256880734,0.5415549597855227
"Ridge (alpha=1.0, top-100) + SMOTE",Gradient Boosting,50,5,0.1,1.1924896272025212,0.9488341326850214,0.4452601660749932,0.6735040038516187,0.7798165137614679,0.563758389261745
"Ridge (alpha=1.0, top-100) + SMOTE",Gradient Boosting,100,2,0.05,1.1623583243785478,0.9637750052357426,0.47293983638727133,0.709091323130979,0.7889908256880734,0.5553892215568863
"Ridge (alpha=1.0, top-100) + SMOTE",Gradient Boosting,100,2,0.1,1.1637980530646856,0.9452836597789082,0.47163336561872526,0.6917243699574782,0.7798165137614679,0.5747779751332149
"Ridge (alpha=1.0, top-100) + SMOTE",Gradient Boosting,100,3,0.05,1.1759126928642905,0.9676627693972392,0.46057597103412495,0.6835316058068341,0.8165137614678899,0.5921052631578947
"Ridge (alpha=1.0, top-100) + SMOTE",Gradient Boosting,100,3,0.1,1.1842338663970964,0.9767269436418036,0.45291464960357564,0.6785343989695779,0.7981651376146789,0.5972073039742212
"Ridge (alpha=1.0, top-100) + SMOTE",Gradient Boosting,100,5,0.05,1.173031210332569,0.9358772407191246,0.46321636522385723,0.6930519011855919,0.7981651376146789,0.5916635927701955
"Ridge (alpha=1.0, top-100) + SMOTE",Gradient Boosting,100,5,0.1,1.1884389667096826,0.951026366111981,0.4490224567574842,0.6781977749795919,0.7706422018348624,0.5508317929759704
"Ridge (alpha=1.0, top-100) + SMOTE",Gradient Boosting,200,2,0.05,1.1528828556890245,0.947088611744409,0.4814979307622109,0.7095180295971584,0.8073394495412844,0.5910554561717352
"Ridge (alpha=1.0, top-100) + SMOTE",Gradient Boosting,200,2,0.1,1.1698999413210862,0.9534612313559405,0.4660783020230723,0.6873529992706184,0.7798165137614679,0.5926449787835927
"Ridge (alpha=1.0, top-100) + SMOTE",Gradient Boosting,200,3,0.05,1.1621215638418638,0.9573210043186067,0.4731545280802891,0.6933126662482572,0.8165137614678899,0.6103896103896104
"Ridge (alpha=1.0, top-100) + SMOTE",Gradient Boosting,200,3,0.1,1.18856041190812,0.9818734638074192,0.4489098434927591,0.6765336197614923,0.7889908256880734,0.5766606822262119
"Ridge (alpha=1.0, top-100) + SMOTE",Gradient Boosting,200,5,0.05,1.1647407886199217,0.9292389509941552,0.47077701127386495,0.7038855042435906,0.8256880733944955,0.623624358033749
"Ridge (alpha=1.0, top-100) + SMOTE",Gradient Boosting,200,5,0.1,1.1872479967961673,0.9505068389684669,0.45012620528446057,0.6810187788393334,0.7706422018348624,0.5405405405405406
PCA (n_components=50) + SMOTE,Gradient Boosting,50,2,0.05,1.2669664953284356,1.0544028242521764,0.37380385094943713,0.6345335195223218,0.7706422018348624,0.4159862483884831
PCA (n_components=50) + SMOTE,Gradient Boosting,50,2,0.1,1.2074111387271902,0.9946347353879772,0.43129049324346225,0.6687059266985794,0.7981651376146789,0.4801571709233792
PCA (n_components=50) + SMOTE,Gradient Boosting,50,3,0.05,1.2058193049632777,0.9878483700202377,0.4327890618822222,0.6787145639219647,0.7981651376146789,0.49875311720698245
PCA (n_components=50) + SMOTE,Gradient Boosting,50,3,0.1,1.2232533580017082,0.9895830709581072,0.4162687211129551,0.6596834555303643,0.7706422018348624,0.5509761388286334
PCA (n_components=50) + SMOTE,Gradient Boosting,50,5,0.05,1.1635390465211903,0.9512596633884254,0.47186851842223065,0.6958397167646305,0.8256880733944955,0.582308607695359
PCA (n_components=50) + SMOTE,Gradient Boosting,50,5,0.1,1.1715684825843324,0.9401373337269923,0.46455423035846277,0.6733665095458499,0.7981651376146789,0.5510052122114668
PCA (n_components=50) + SMOTE,Gradient Boosting,100,2,0.05,1.2084387003686883,0.9889944315432919,0.4303220861711361,0.6710291063477782,0.7614678899082569,0.46220815195884457
PCA (n_components=50) + SMOTE,Gradient Boosting,100,2,0.1,1.195204507179543,0.9663911538993321,0.4427313953269094,0.6813980734759372,0.7889908256880734,0.5423728813559323
PCA (n_components=50) + SMOTE,Gradient Boosting,100,3,0.05,1.1825566344028775,0.9439536844618258,0.4544632276133348,0.6891830958922323,0.7889908256880734,0.5341335333833459
PCA (n_components=50) + SMOTE,Gradient Boosting,100,3,0.1,1.2300699595872766,0.978104754880997,0.40974488819291666,0.6493524178658657,0.7798165137614679,0.5666434054431263
PCA (n_components=50) + SMOTE,Gradient Boosting,100,5,0.05,1.1542526413683567,0.9352215815172749,0.4802650932093069,0.6932747367845967,0.8073394495412844,0.6056034482758621
PCA (n_components=50) + SMOTE,Gradient Boosting,100,5,0.1,1.1635262773698118,0.9290524823693755,0.47188011021857246,0.6786292226287288,0.7981651376146789,0.5538576220648528
PCA (n_components=50) + SMOTE,Gradient Boosting,200,2,0.05,1.183971807571362,0.9552623560854736,0.4531567515828786,0.6836928060273908,0.7798165137614679,0.5340782122905028
PCA (n_components=50) + SMOTE,Gradient Boosting,200,2,0.1,1.1804493587266496,0.9416174550922983,0.4564057512383687,0.6917054052256482,0.7981651376146789,0.5702157764414573
PCA (n_components=50) + SMOTE,Gradient Boosting,200,3,0.05,1.1998075285580143,0.9499439974926084,0.4384307777630242,0.6795632356713659,0.7889908256880734,0.5853827502597853
PCA (n_components=50) + SMOTE,Gradient Boosting,200,3,0.1,1.2368513320341215,0.9809045975446155,0.4032187987337149,0.6422027139658825,0.7706422018348624,0.5577770247373772
PCA (n_components=50) + SMOTE,Gradient Boosting,200,5,0.05,1.1531258394579074,0.9348431791884882,0.48127934677854567,0.6953418925540878,0.8073394495412844,0.6120413252582829
PCA (n_components=50) + SMOTE,Gradient Boosting,200,5,0.1,1.1626424339198143,0.9255753498279987,0.4726821514400147,0.681673062087475,0.7981651376146789,0.5609756097560976
"Lasso->PCA (top-100, 95%var) + SMOTE",Gradient Boosting,50,2,0.05,1.3263811459796333,1.1145961683187906,0.31369555468419585,0.5657084681287923,0.6972477064220184,0.2780748663101603
"Lasso->PCA (top-100, 95%var) + SMOTE",Gradient Boosting,50,2,0.1,1.3049253525142666,1.0707977951026644,0.33571955224870986,0.5704875805500013,0.7247706422018348,0.3547451305428927
"Lasso->PCA (top-100, 95%var) + SMOTE",Gradient Boosting,50,3,0.05,1.255368412117047,1.0219506921577417,0.3852160438163742,0.5975028410421136,0.7798165137614679,0.3854210305823209
"Lasso->PCA (top-100, 95%var) + SMOTE",Gradient Boosting,50,3,0.1,1.26904386922551,1.0317766641364416,0.37174869006021816,0.6025047890623275,0.7981651376146789,0.4684612294094014
"Lasso->PCA (top-100, 95%var) + SMOTE",Gradient Boosting,50,5,0.05,1.2681563031108893,1.0196267257458347,0.3726271775429054,0.5807759475678819,0.7889908256880734,0.4178723404255319
"Lasso->PCA (top-100, 95%var) + SMOTE",Gradient Boosting,50,5,0.1,1.269746786942517,1.0249697342578716,0.37105252613741135,0.5784480267357255,0.7981651376146789,0.43198745589964727
"Lasso->PCA (top-100, 95%var) + SMOTE",Gradient Boosting,100,2,0.05,1.296083623523031,1.0682128999761424,0.3446909307973961,0.5715116760688318,0.7431192660550459,0.351417004048583
"Lasso->PCA (top-100, 95%var) + SMOTE",Gradient Boosting,100,2,0.1,1.2825742524581711,1.0360895421715342,0.35828060323192557,0.5812548070465943,0.7339449541284404,0.3448000000000001
"Lasso->PCA (top-100, 95%var) + SMOTE",Gradient Boosting,100,3,0.05,1.2328436377305108,0.9875715853868717,0.40707996085056564,0.6181032809926624,0.7889908256880734,0.4161392405063291
"Lasso->PCA (top-100, 95%var) + SMOTE",Gradient Boosting,100,3,0.1,1.2638967421122604,1.017803383815259,0.376834616014187,0.6035288845811579,0.8073394495412844,0.48252536640360766
"Lasso->PCA (top-100, 95%var) + SMOTE",Gradient Boosting,100,5,0.05,1.2663016098716267,1.0070242775429998,0.37446091562683115,0.5844598467258971,0.8073394495412844,0.44942903752039154
"Lasso->PCA (top-100, 95%var) + SMOTE",Gradient Boosting,100,5,0.1,1.268389242624727,1.02060572433592,0.3723966801796814,0.57961909892624,0.8348623853211009,0.5226209048361934
"Lasso->PCA (top-100, 95%var) + SMOTE",Gradient Boosting,200,2,0.05,1.2803167888643692,1.0355481632922987,0.360537600483526,0.5801358878686127,0.7431192660550459,0.3594433399602386
"Lasso->PCA (top-100, 95%var) + SMOTE",Gradient Boosting,200,2,0.1,1.2980462337313137,1.0403612819653532,0.34270480890842525,0.5758166701942858,0.7339449541284404,0.4370860927152318
"Lasso->PCA (top-100, 95%var) + SMOTE",Gradient Boosting,200,3,0.05,1.2284906893724403,0.9779034828405516,0.4112595563762085,0.6304113919504589,0.8073394495412844,0.475
"Lasso->PCA (top-100, 95%var) + SMOTE",Gradient Boosting,200,3,0.1,1.2971319514000255,1.0429109639471807,0.3436304180623764,0.584303387688298,0.7614678899082569,0.4477500929713649
"Lasso->PCA (top-100, 95%var) + SMOTE",Gradient Boosting,200,5,0.05,1.263757315443962,1.0112425188402512,0.37697209730991177,0.6016276702151808,0.7889908256880734,0.4566173530587764
"Lasso->PCA (top-100, 95%var) + SMOTE",Gradient Boosting,200,5,0.1,1.2719537660054636,1.0225853863544876,0.36886424695606823,0.581373336620533,0.8165137614678899,0.5040462427745666
"Ridge->PCA (top-100, 95%var) + SMOTE",Gradient Boosting,50,2,0.05,1.3726716320954742,1.1406072032016246,0.26495580992322554,0.5420014384303833,0.7155963302752294,0.4004874086108854
"Ridge->PCA (top-100, 95%var) + SMOTE",Gradient Boosting,50,2,0.1,1.3161874608416615,1.0907227556690304,0.3242039794291862,0.5873661918788745,0.7522935779816514,0.4432263116679718
"Ridge->PCA (top-100, 95%var) + SMOTE",Gradient Boosting,50,3,0.05,1.3364982827967906,1.1243306435721563,0.3031858803685672,0.5693639201890623,0.7247706422018348,0.3848657445077298
"Ridge->PCA (top-100, 95%var) + SMOTE",Gradient Boosting,50,3,0.1,1.350423479511753,1.124533206423612,0.28858979173589483,0.5458286879877906,0.7522935779816514,0.48104265402843605
"Ridge->PCA (top-100, 95%var) + SMOTE",Gradient Boosting,50,5,0.05,1.3548697618019236,1.126798375538067,0.28389742970710385,0.5526654738125757,0.7064220183486238,0.39321760193782807
"Ridge->PCA (top-100, 95%var) + SMOTE",Gradient Boosting,50,5,0.1,1.3425889332781933,1.1100398272396592,0.29682040763969786,0.5702979332316993,0.7431192660550459,0.4821361414065438
"Ridge->PCA (top-100, 95%var) + SMOTE",Gradient Boosting,100,2,0.05,1.3197634942134844,1.0868844139602436,0.32052676445020156,0.5804440647608534,0.7522935779816514,0.41264693960275634
"Ridge->PCA (top-100, 95%var) + SMOTE",Gradient Boosting,100,2,0.1,1.2986366513227905,1.0790137923254752,0.34210673020752724,0.5809655948861838,0.7614678899082569,0.4563758389261745
"Ridge->PCA (top-100, 95%var) + SMOTE",Gradient Boosting,100,3,0.05,1.3093441490644835,1.096029315207454,0.3312131028930021,0.5964408160596226,0.7155963302752294,0.4392523364485982
"Ridge->PCA (top-100, 95%var) + SMOTE",Gradient Boosting,100,3,0.1,1.3315475359476692,1.1160148157293757,0.3083386904438663,0.5655662326400658,0.7155963302752294,0.4831419044090405
"Ridge->PCA (top-100, 95%var) + SMOTE",Gradient Boosting,100,5,0.05,1.3165681445382835,1.098959267683012,0.3238129990566915,0.5880157339440587,0.7339449541284404,0.48049921996879885
"Ridge->PCA (top-100, 95%var) + SMOTE",Gradient Boosting,100,5,0.1,1.3334857481218882,1.1011267156842217,0.30632364851860217,0.5799083110866505,0.7431192660550459,0.5023800805565727
"Ridge->PCA (top-100, 95%var) + SMOTE",Gradient Boosting,200,2,0.05,1.2792626695743334,1.0525624904098083,0.3615901402402416,0.6065253122103287,0.7614678899082569,0.45253777605579226
"Ridge->PCA (top-100, 95%var) + SMOTE",Gradient Boosting,200,2,0.1,1.2882361583649475,1.0620219866419252,0.35260237519503546,0.6083364441001122,0.7798165137614679,0.5259786476868329
"Ridge->PCA (top-100, 95%var) + SMOTE",Gradient Boosting,200,3,0.05,1.2865602528629005,1.0818892919423324,0.3542857179493544,0.6150357356191285,0.7339449541284404,0.503564727954972
"Ridge->PCA (top-100, 95%var) + SMOTE",Gradient Boosting,200,3,0.1,1.319767397716549,1.0979024972671636,0.3205227450485566,0.5803492411017025,0.7064220183486238,0.4733161575266839
"Ridge->PCA (top-100, 95%var) + SMOTE",Gradient Boosting,200,5,0.05,1.3041863985621165,1.0869296586295147,0.3364716775337552,0.600366515548473,0.7431192660550459,0.4974619289340101
"Ridge->PCA (top-100, 95%var) + SMOTE",Gradient Boosting,200,5,0.1,1.3272285745734917,1.09522407705761,0.3128183109087852,0.5881010752372945,0.7522935779816514,0.5089710728670817
"ElasticNet (top-200, l1r=0.5) + SMOTE",Gradient Boosting,50,2,0.05,1.2007345485601295,1.0213249302469602,0.4375626601656758,0.6765336197614923,0.8073394495412844,0.48033472803347277
"ElasticNet (top-200, l1r=0.5) + SMOTE",Gradient Boosting,50,2,0.1,1.1578504123748916,0.9746931317698844,0.47702004736257164,0.6978357547897585,0.8532110091743119,0.575019040365575
"ElasticNet (top-200, l1r=0.5) + SMOTE",Gradient Boosting,50,3,0.05,1.2072207870900389,1.0115395726215333,0.4314697962975299,0.6573270876004627,0.7981651376146789,0.48120300751879697
"ElasticNet (top-200, l1r=0.5) + SMOTE",Gradient Boosting,50,3,0.1,1.1869516622105052,0.9538541850395211,0.4504006656971077,0.6684451616359143,0.8073394495412844,0.5575888051668461
"ElasticNet (top-200, l1r=0.5) + SMOTE",Gradient Boosting,50,5,0.05,1.2158495729117464,0.9922299319265558,0.4233134464307162,0.6467921790687895,0.7614678899082569,0.5103448275862069
"ElasticNet (top-200, l1r=0.5) + SMOTE",Gradient Boosting,50,5,0.1,1.2041992717198964,0.9587725768318686,0.4343121479612071,0.6498028302468328,0.7706422018348624,0.5585143658023826
"ElasticNet (top-200, l1r=0.5) + SMOTE",Gradient Boosting,100,2,0.05,1.171971357716355,0.976242570137491,0.4641859123668042,0.6842949362629995,0.8256880733944955,0.535796766743649
"ElasticNet (top-200, l1r=0.5) + SMOTE",Gradient Boosting,100,2,0.1,1.1548525457541747,0.9641641117364973,0.4797247049734361,0.705151400093256,0.8532110091743119,0.5763939174511223
"ElasticNet (top-200, l1r=0.5) + SMOTE",Gradient Boosting,100,3,0.05,1.1797888793311866,0.9624106732847568,0.4570138795854013,0.6758177011349025,0.8165137614678899,0.5445142223864057
"ElasticNet (top-200, l1r=0.5) + SMOTE",Gradient Boosting,100,3,0.1,1.1853710265128037,0.9438571907786448,0.4518634681519833,0.6707778236510282,0.7889908256880734,0.5526590198123045
"ElasticNet (top-200, l1r=0.5) + SMOTE",Gradient Boosting,100,5,0.05,1.1986678016591914,0.9622059821321451,0.4394971680632931,0.658773148402515,0.7889908256880734,0.54700222057735
"ElasticNet (top-200, l1r=0.5) + SMOTE",Gradient Boosting,100,5,0.1,1.1998115643853688,0.9535475962130143,0.4384269998233358,0.6554448379663158,0.7798165137614679,0.5584186374867631
"ElasticNet (top-200, l1r=0.5) + SMOTE",Gradient Boosting,200,2,0.05,1.152181051758031,0.9403386323433559,0.4821290027444405,0.6960198817170173,0.8256880733944955,0.5466666666666666
"ElasticNet (top-200, l1r=0.5) + SMOTE",Gradient Boosting,200,2,0.1,1.1448894255545874,0.9392260123790995,0.48866299851760897,0.701149841677085,0.8073394495412844,0.5482123510292524
"ElasticNet (top-200, l1r=0.5) + SMOTE",Gradient Boosting,200,3,0.05,1.1667523298988225,0.9383612745144231,0.4689474657547813,0.6798429654658613,0.7889908256880734,0.5369978858350951
"ElasticNet (top-200, l1r=0.5) + SMOTE",Gradient Boosting,200,3,0.1,1.1959919592468988,0.954238703239136,0.4419968484444633,0.6650931452849275,0.7798165137614679,0.5551794177386593
"ElasticNet (top-200, l1r=0.5) + SMOTE",Gradient Boosting,200,5,0.05,1.1945875874763652,0.9547877235161412,0.44330652912933155,0.6615135521519782,0.7798165137614679,0.5504921618665695
"ElasticNet (top-200, l1r=0.5) + SMOTE",Gradient Boosting,200,5,0.1,1.1998686561924128,0.953278600552963,0.43837355479726814,0.654539272021424,0.7889908256880734,0.5675201683619783
"ElasticNet->PCA (top-200, 95%var) + SMOTE",Gradient Boosting,50,2,0.05,1.2935045653827886,1.0568716330377559,0.34729631616843515,0.5916664448213711,0.7339449541284404,0.3506711409395974
"ElasticNet->PCA (top-200, 95%var) + SMOTE",Gradient Boosting,50,2,0.1,1.245506647155995,1.0127826191317002,0.3948371891531337,0.608023526024914,0.7889908256880734,0.4566173530587765
"ElasticNet->PCA (top-200, 95%var) + SMOTE",Gradient Boosting,50,3,0.05,1.2611622384400476,1.024187698693833,0.37952819781990543,0.6153344301454541,0.7889908256880734,0.4389027431421447
"ElasticNet->PCA (top-200, 95%var) + SMOTE",Gradient Boosting,50,3,0.1,1.2545198621846316,1.00577669896961,0.3860468733477903,0.6084360089422207,0.7706422018348624,0.42553191489361697
"ElasticNet->PCA (top-200, 95%var) + SMOTE",Gradient Boosting,50,5,0.05,1.296780445834207,1.0546413545197095,0.34398610477618463,0.5882954637385541,0.7889908256880734,0.47058823529411764
"ElasticNet->PCA (top-200, 95%var) + SMOTE",Gradient Boosting,50,5,0.1,1.2537831576326293,1.0239739765489315,0.38676773759516236,0.6158369955389542,0.7614678899082569,0.4763764154627098
"ElasticNet->PCA (top-200, 95%var) + SMOTE",Gradient Boosting,100,2,0.05,1.2609871268484603,1.0171016066123775,0.37970049010457063,0.5983941834381327,0.7981651376146789,0.47881849980567437
"ElasticNet->PCA (top-200, 95%var) + SMOTE",Gradient Boosting,100,2,0.1,1.251576711539914,1.0131278271020978,0.38892420833630925,0.5891441354879552,0.7431192660550459,0.4225352112676056
"ElasticNet->PCA (top-200, 95%var) + SMOTE",Gradient Boosting,100,3,0.05,1.2406641165267,0.9938947017927107,0.3995337879600298,0.6166382554587799,0.7981651376146789,0.48160000000000014
"ElasticNet->PCA (top-200, 95%var) + SMOTE",Gradient Boosting,100,3,0.1,1.2472794394620381,1.0048692408590283,0.39311324575635753,0.599588961543435,0.7614678899082569,0.4440969507427678
"ElasticNet->PCA (top-200, 95%var) + SMOTE",Gradient Boosting,100,5,0.05,1.2931072076798713,1.0497239476185614,0.3476972687540145,0.5840900344552084,0.7798165137614679,0.47645429362880887
"ElasticNet->PCA (top-200, 95%var) + SMOTE",Gradient Boosting,100,5,0.1,1.2618170496066157,1.0313349789525013,0.37888371715259184,0.6058710289621869,0.7614678899082569,0.4784130688448075
"ElasticNet->PCA (top-200, 95%var) + SMOTE",Gradient Boosting,200,2,0.05,1.2660697006616966,1.0155470611035964,0.3746900158504701,0.5934064589667916,0.7339449541284404,0.39814456899884043
"ElasticNet->PCA (top-200, 95%var) + SMOTE",Gradient Boosting,200,2,0.1,1.2615404557880343,1.033544560011302,0.37915598815309337,0.5899359130418659,0.7431192660550459,0.3995317986734296
"ElasticNet->PCA (top-200, 95%var) + SMOTE",Gradient Boosting,200,3,0.05,1.229738784018164,0.9956751196171798,0.4100626778543348,0.6216212387471636,0.7706422018348624,0.46153846153846156
"ElasticNet->PCA (top-200, 95%var) + SMOTE",Gradient Boosting,200,3,0.1,1.256917728293085,1.0269942887137438,0.3836976329964078,0.5977209354581607,0.7798165137614679,0.4661016949152542
"ElasticNet->PCA (top-200, 95%var) + SMOTE",Gradient Boosting,200,5,0.05,1.2930554380641075,1.0493070216206832,0.3477494976575065,0.5839383166005668,0.7614678899082569,0.43529411764705894
"ElasticNet->PCA (top-200, 95%var) + SMOTE",Gradient Boosting,200,5,0.1,1.2585137880532813,1.0309584742781424,0.3821314526191576,0.6123048142355805,0.7522935779816514,0.4664858581944984
