feature_0,feature_1,feature_2,feature_3,feature_4,feature_5,feature_6,feature_7,feature_8,feature_9,feature_10,feature_11,feature_12,feature_13,feature_14,feature_15,feature_16,feature_17,feature_18,feature_19,feature_20,feature_21,feature_22,feature_23,feature_24,feature_25,feature_26,feature_27,feature_28,feature_29,feature_30,feature_31,feature_32,feature_33,feature_34,feature_35,feature_36,feature_37,feature_38,feature_39,feature_40,feature_41,feature_42,feature_43,feature_44,feature_45,feature_46,feature_47,feature_48,feature_49,feature_50,feature_51,feature_52,feature_53,feature_54,feature_55,feature_56,feature_57,feature_58,feature_59,feature_60,feature_61,feature_62,feature_63,feature_64,feature_65,feature_66,feature_67,feature_68,feature_69,feature_70,feature_71,feature_72,feature_73,feature_74,feature_75,feature_76,feature_77,feature_78,feature_79,feature_80,feature_81,feature_82,feature_83,feature_84,feature_85,feature_86,feature_87,feature_88,feature_89,feature_90,feature_91,feature_92,feature_93,feature_94,feature_95,feature_96,feature_97,feature_98,feature_99,target
19.2154,78.214,75.1794,82.248,64.8751,63.1921,18.522,0.2875,21.374,68.1602,54.6194,4.3302,29.4858,122.3809,35.6116,11.5475,7.2249,94.8439,235.2343,95.7989,79.2166,61.2016,2.2056,5.7288,21.4974,24.8616,55.3924,41.2843,297.0329,556.7146,62.532,91.1454,17.08,79.5099,193.7033,6.687,16.0626,74.3477,91.2605,614.8773,397.936,313.4264,152.5431,82.6275,41.2012,31.6363,46.9137,131.3869,162.88,46.9381,108.7221,122.2986,73.5571,495.4808,148.02,88.5242,3.1859,72.5114,125.6431,453.4759,19.4451,7.9941,126.1916,22.4787,95.1187,86.1429,53.7612,480.4277,42.5215,210.1085,172.1321,13.702,361.6251,175.2142,137.8899,144.0965,91.1457,1.9263,78.0873,207.3688,25.6298,62.3522,279.0102,117.3641,162.9261,81.3209,14.44,142.5937,108.4499,300.3378,30.0322,111.8047,104.3438,63.5914,124.6789,40.565,4.8443,108.3513,1.4204,146.9903,3.0
0.8019,284.4567,78.8204,19.4294,183.8246,25.0858,2.354,0.1516,12.8179,107.7983,7.2675,1.1196,21.0348,461.6607,257.3685,3.5733,9.6546,23.8347,388.6043,327.2239,4.5267,18.3848,0.1261,52.2143,26.629,24.878,179.6778,162.4904,602.2616,534.7542,23.1498,14.9793,8.2862,70.0742,694.2887,33.5203,19.2108,237.512,200.9688,1018.7477,1458.8886,1638.5838,801.3116,83.5223,172.519,47.4932,56.2921,264.3107,172.5596,75.8386,365.8362,390.4671,17.3096,3046.4047,656.7831,76.4838,16.0446,46.5012,388.5083,1773.0987,17.7004,0.4102,88.3798,39.1056,68.7547,607.2706,247.626,1042.1473,57.3488,168.2135,17.005,0.8236,1011.4622,43.9058,298.9114,508.9304,119.4559,0.1714,164.7565,98.9914,23.8842,113.0227,942.616,702.611,231.8554,44.8557,15.7897,763.84,445.6877,906.4658,29.3724,634.7645,107.4664,108.6645,130.6449,24.6271,17.6182,425.7699,52.3683,189.2462,3.0
10.5515,60.8489,42.5678,39.9534,119.6423,48.3194,79.2111,31.1486,70.2613,68.5526,57.9438,1.0467,61.2812,145.4564,57.4462,9.081,3.9976,50.2778,259.3969,92.1946,12.7734,27.7108,0.0866,25.1567,21.397,41.1796,38.0768,36.0455,391.961,486.517,52.5781,71.4681,18.4867,48.0932,221.2833,11.2157,28.205,74.8661,91.9832,403.0214,403.9343,387.9948,172.7105,119.1413,29.3638,71.6183,38.6701,137.4207,231.4941,38.1091,105.512,158.4775,165.5077,511.7379,180.2541,187.2436,2.3802,55.0346,163.5167,346.0768,39.0941,68.629,120.4194,30.0518,85.9526,91.1654,66.0474,329.6218,35.7729,200.9017,104.9135,4.0887,285.2764,112.8103,144.1707,195.4183,63.8951,0.5227,31.5224,145.18,47.0809,29.9735,263.1692,154.5526,35.7089,33.599,42.1831,175.6773,178.9964,406.6822,114.5017,81.2238,139.0016,138.5137,139.096,164.1155,6.064,133.1571,0.8883,213.9034,5.0
33.9047,32.76,112.1494,236.6729,50.6521,54.4673,18.1159,306.6203,47.9054,57.5472,43.4551,8.1823,51.8997,130.6017,33.0287,3.1121,13.5611,107.1473,139.3943,92.4898,18.7959,1.6662,4.0844,20.6559,22.4164,222.5449,32.8879,35.6194,255.3195,434.5029,74.3182,94.5081,17.0415,111.3893,161.7595,31.0568,198.0599,72.9003,55.0381,348.7594,250.0931,177.3212,146.7188,31.7368,43.7081,32.804,36.4445,104.6045,208.8911,32.1888,74.5014,124.6973,377.395,324.1373,122.5419,306.9589,21.3422,45.4775,97.7945,235.2809,23.0908,42.5986,124.8986,28.3893,106.6986,139.5333,67.9816,234.5956,30.5999,222.9211,148.6186,22.2508,181.755,473.4147,108.8364,99.2014,81.6358,3.7919,2.7243,153.2545,31.8104,15.2005,217.3329,126.0643,77.8607,26.3406,149.0023,123.9261,157.0506,256.8468,34.767,52.2209,89.8362,436.5789,52.9487,64.3286,8.4296,144.1911,0.6461,182.3338,0.0
26.6045,56.3043,22.4596,42.0788,28.3053,53.0503,15.8898,1.9772,8.4385,91.4449,44.6382,2.697,44.0548,131.5418,41.5821,10.1997,1.4059,43.5366,52.5462,79.4719,9.9131,1.7031,0.3702,5.4341,29.3402,11.5625,48.5563,47.8391,83.2927,608.4083,34.0802,100.7807,48.2466,54.0331,170.0817,15.6525,13.252,135.3124,92.3458,484.5572,267.2115,245.2438,320.3882,31.2304,25.9867,23.1619,43.1551,124.4476,200.0262,14.0743,65.9984,115.4613,31.2553,366.5962,145.5031,12.5883,5.0735,19.2105,184.2871,267.2781,19.8245,20.198,196.3368,17.0423,94.2349,66.3503,89.8777,380.2075,25.2606,194.5775,59.0049,12.6293,283.2517,131.9447,110.9181,94.7385,77.5574,2.2172,0.8761,124.093,17.6552,66.184,168.8715,136.6037,262.2968,13.4217,14.2793,202.4277,332.49,383.5285,38.3019,66.0813,114.6791,47.5621,193.241,25.1411,4.8835,75.6987,1.9014,97.2379,2.0
41.5922,95.4256,48.0208,43.4632,94.4329,55.8733,10.4646,0.0191,12.0579,64.6987,38.3243,0.0306,49.3086,127.0124,61.2906,3.6397,1.106,86.2814,54.7778,90.543,8.5802,1.4989,2.1404,4.9273,14.2718,20.9861,76.201,52.9394,70.1343,767.8672,44.0434,97.3432,27.7822,63.7229,165.6424,21.2604,22.722,144.5631,110.9089,466.9202,339.4293,253.5068,300.9483,19.9969,26.1463,33.0074,47.8889,107.8997,248.1721,25.0762,92.9104,133.1097,0.0224,406.8022,185.8641,4.4836,5.5836,42.6362,140.3982,377.4494,34.9613,0.5413,217.5964,15.5065,71.9992,65.4211,79.0462,378.2897,49.2618,197.0036,104.9266,2.8102,271.8617,89.1272,119.9107,172.5847,66.4881,0.079,0.0,163.413,23.2954,61.0368,176.4525,96.288,212.4481,18.8732,29.3897,131.4074,220.929,284.4156,22.1386,91.4444,98.8407,50.4113,183.7979,12.5401,12.3453,85.0674,0.8577,70.3973,2.0
7.8473,94.1594,144.2693,163.1802,71.8318,50.7024,65.9633,8.6456,13.5732,59.6324,28.2522,0.6924,53.1268,163.3,130.2637,7.9618,9.218,175.2855,415.3292,142.5299,37.7556,4.3003,4.2833,19.7455,52.0864,59.1733,72.792,33.9196,241.7442,399.2149,105.367,82.6572,6.2341,44.4364,266.2515,85.2673,28.4029,86.9323,79.4645,368.9263,590.8498,534.9245,127.2377,34.2394,51.5441,60.7465,29.4296,153.2011,164.6459,77.554,135.143,178.0156,66.4865,685.6734,303.6996,21.9798,5.1677,101.3971,184.8533,442.7415,28.687,56.3301,124.6315,40.9812,75.9973,150.4118,270.3828,352.3451,43.2025,209.4255,245.4795,28.0144,306.9148,180.018,98.0026,250.308,100.7709,0.1602,0.5815,128.6016,23.0416,132.0688,256.6686,166.1359,86.2323,58.312,127.3864,181.584,119.1939,419.0097,47.4094,89.6329,160.1725,52.0624,44.49,15.1655,0.8741,158.3027,0.6501,169.3147,3.0
8.8067,93.9883,70.252,71.4128,46.229,58.5163,14.113,0.472,18.2977,59.0421,22.7995,23.5094,31.9538,174.9603,62.681,4.495,3.7891,78.3304,180.6355,89.4787,17.5331,17.3019,2.0494,5.3424,24.2362,23.2079,50.656,58.6795,200.3576,611.3947,66.464,86.645,14.0637,61.9996,296.2446,24.7856,16.8855,85.0628,112.989,664.4726,705.1565,339.1511,197.3092,109.1695,45.4486,29.882,43.58,165.1998,208.524,36.9998,87.9302,155.6711,50.8249,863.2543,118.7887,65.3869,2.4296,80.0998,171.7423,509.5365,22.9845,10.3711,123.5344,13.252,43.341,78.0893,57.6028,456.3654,50.7196,243.1327,151.4555,6.7503,491.8041,149.7539,374.0648,152.2092,107.7893,5.2223,13.5979,192.0384,13.4015,53.3592,247.0949,254.6157,121.5212,38.1796,19.2641,333.0582,156.9058,596.9523,25.1319,111.314,156.2133,78.5598,111.5587,35.6525,3.567,137.3532,0.4961,117.3549,2.0
8.1139,59.876,75.6514,55.3573,87.2257,56.7129,7.5213,7.7968,19.3412,107.1608,41.5918,29.9918,55.7892,189.008,32.1212,8.1398,7.3288,66.7693,91.3463,109.4835,16.9767,10.065,2.7176,7.534,18.82,18.0142,49.2294,51.5999,175.3343,662.7454,52.7282,80.6994,16.0123,80.1949,251.5658,35.3642,11.9187,121.1827,76.9252,422.4868,310.05,246.486,242.0039,58.0454,88.3065,16.8078,35.4685,169.3588,267.6989,30.4418,98.2111,124.1487,53.6237,382.5539,202.5522,56.0918,10.311,64.9116,88.5888,284.044,15.121,63.1689,133.8375,83.173,45.2723,118.0569,84.2671,293.1782,92.8666,237.0828,112.142,3.2338,255.3101,110.8058,90.1446,132.3893,98.34,8.9571,24.1296,128.6709,77.6585,13.9943,258.5792,168.7509,163.1429,21.2741,14.2697,174.1999,255.9658,382.147,70.7327,87.5004,138.9579,58.8812,78.7814,13.0738,0.6461,121.9747,1.8482,143.2094,4.0
13.3399,101.0775,109.9569,106.9741,49.3215,53.4246,29.0579,63.3326,78.3549,59.4439,43.1124,6.9119,39.2085,151.729,56.078,1.7143,7.1387,73.4613,163.2365,106.7564,15.4952,8.1743,10.6636,20.3879,14.7403,22.2428,53.8392,43.5424,156.8563,613.9901,69.9647,88.1362,12.6123,98.3759,217.0227,27.5598,24.6887,112.6295,65.8857,347.6177,313.9477,265.9324,221.3153,40.806,47.6068,58.4099,67.7299,168.4932,324.7716,21.9538,99.6168,219.96,165.4221,424.4718,173.892,45.4189,5.7973,46.8009,118.3573,314.0521,78.9619,35.1194,109.1904,50.3647,170.1067,114.0417,153.6508,267.7377,59.9931,206.9841,146.1071,21.3825,213.8298,164.6231,137.7479,147.5812,133.7981,5.1903,4.9156,89.6805,12.9928,29.2688,263.0187,159.6407,130.1235,15.2924,21.2799,171.0331,191.4621,336.4245,43.0711,78.7972,175.3555,120.0759,71.3554,31.5634,6.9245,159.7328,1.003,152.4208,1.0
8.2279,90.0128,80.3354,195.0889,85.215,45.764,10.6754,0.3785,104.7075,75.5625,51.5997,3.1683,42.5968,183.815,130.1183,1.4687,1.1441,47.9765,95.5763,97.9736,31.4624,11.6827,109.2658,16.1491,8.3573,34.1685,69.5634,53.9703,123.1801,382.1759,54.7016,75.128,6.4114,59.2463,231.9428,11.5222,24.1169,77.2759,60.8411,491.2994,402.3212,400.0569,190.6005,32.4947,37.6554,113.1393,29.0511,164.1027,137.4735,41.7932,91.6744,141.6284,31.1652,666.8522,439.6421,51.3599,1.0835,63.0335,166.8788,401.0032,7.5744,28.8346,130.8487,20.887,63.1915,113.399,173.9326,368.6445,42.7646,191.5394,175.5624,56.0942,330.5582,149.3124,107.8059,228.2316,87.0345,0.6723,0.8134,115.9214,12.0358,43.2221,238.6076,162.3637,178.4522,44.0121,64.282,195.4086,168.469,408.9273,176.4181,118.4253,143.5092,74.6563,140.5263,283.5787,5.0943,144.7398,0.2819,136.6008,3.0
6.618,155.1714,200.2691,49.8579,294.3058,34.9185,85.559,2.7575,36.537,91.6157,18.9444,59.9529,26.3556,263.5208,143.8914,5.5618,31.7894,79.2319,610.0092,179.4513,20.5973,166.0605,3.4561,66.7399,40.0501,53.6911,151.1816,71.5355,262.5801,559.9546,55.8643,62.1613,10.7201,80.9242,422.8208,29.2513,25.2002,115.6683,83.7214,582.0529,671.2897,772.9835,398.8418,48.1475,87.4758,71.4207,45.17,208.1482,242.3667,68.0147,234.9756,243.243,60.2428,1090.5493,409.6386,77.7357,5.7147,154.7944,230.9047,670.8397,9.6108,67.7042,98.2306,29.678,137.4344,295.1595,107.5021,501.438,41.3953,259.2978,160.8636,3.6062,455.2203,160.3774,209.7095,288.314,115.7374,7.9157,260.8138,181.0145,15.1754,124.463,490.3113,330.34,235.4681,54.754,13.4254,364.333,251.9053,636.0119,49.2732,239.9528,182.9726,114.114,79.4637,350.7764,4.594,327.9875,51.9485,149.5145,3.0
1.3169,113.9617,29.3074,115.8722,196.3749,62.0441,6.661,10.3665,6.0076,87.9424,24.3736,4.8811,42.3257,145.1722,82.8169,9.3627,1.0462,35.9341,64.8457,123.5111,109.5141,2.375,3.2845,25.2772,9.5055,184.5816,89.4961,61.5073,169.4388,720.3136,25.4528,105.7732,26.6413,142.2924,204.4319,9.1599,93.4192,390.4053,85.2146,246.8901,214.6559,267.5797,560.3372,58.6956,54.0291,11.556,96.9984,150.7941,201.7159,18.7582,96.7054,176.132,47.6587,205.2662,220.7577,77.8111,231.1437,31.9489,99.8858,193.7486,6.0477,33.484,197.6536,36.9326,161.997,133.0225,60.9043,185.2647,70.5326,184.0823,61.5299,10.069,144.7738,477.5992,129.7009,184.0768,64.8694,2.3137,1.249,129.7876,48.692,27.1687,270.8003,73.7457,125.441,43.8568,59.6418,66.6325,577.124,221.1196,30.6051,118.7929,138.0321,177.8891,236.1522,35.9922,50.3345,110.4722,7.7767,138.4488,3.0
11.1031,55.0091,46.2316,174.2468,30.461,49.7748,10.0617,0.2665,12.7138,78.4822,83.6802,5.0183,55.756,155.3498,70.7733,15.5541,1.6675,115.4353,166.4673,105.7802,18.7022,11.1032,1.5964,41.6807,20.9258,128.1901,57.8845,40.8714,238.2578,623.4657,68.4682,98.6755,23.8034,90.6642,117.0812,30.9187,73.1729,99.154,83.0379,255.0461,256.9513,199.7767,202.5992,62.4566,52.3415,13.8644,46.048,84.0925,241.7047,46.779,91.8564,130.8651,65.045,225.9971,187.8595,213.6665,1.1319,70.4525,136.2069,219.0857,16.5656,39.2023,174.4885,31.3481,169.2406,107.2133,127.7592,221.7724,62.6962,210.1016,190.7612,73.8259,158.4408,501.6448,113.426,154.6436,72.6879,0.6401,6.4231,139.1536,21.9452,26.5509,207.2962,57.1652,199.0229,67.8406,341.8925,48.8043,211.1841,207.6509,39.4588,59.0763,79.1719,164.2574,94.7858,54.713,1.4218,71.145,0.1097,188.917,2.0
10.5215,83.3638,111.2292,89.4093,79.6605,58.5089,18.2019,10.0928,36.5138,105.1196,31.6676,454.9304,54.5431,160.5389,65.4089,13.1078,14.6217,113.7399,197.5923,97.4345,24.1552,6.3045,0.9584,22.9513,20.7838,33.5369,52.1165,34.1904,240.809,450.8443,117.134,90.5436,19.9854,60.6549,278.7198,53.0532,20.428,151.0028,71.6341,378.1644,304.8916,400.0765,288.0849,49.3808,52.1223,56.8629,52.455,168.9771,176.1289,56.4309,108.521,149.3308,52.8133,414.5533,219.738,45.7633,5.7746,87.368,140.2729,317.6389,35.8775,26.201,103.3636,41.2838,68.738,162.2516,106.9995,294.7674,68.2704,234.957,247.3726,18.8158,243.3646,189.3043,96.3754,228.6732,109.1124,4.7582,13.1362,154.7593,34.7399,25.9314,314.1448,117.3064,115.6787,86.4252,16.5408,165.8375,242.6222,259.4924,41.853,105.4077,181.9721,73.4873,112.0367,91.4244,5.534,155.7394,451.1289,178.4858,2.0
0.6441,68.0976,12.7287,55.3459,23.3643,75.5703,5.6873,0.0378,0.6744,83.7659,32.1181,3.0863,50.1316,117.4919,35.3463,3.746,0.2548,39.1018,58.9057,83.6373,133.435,17.9301,0.1517,2.7029,6.6398,13.6186,36.1164,46.1153,76.361,953.2027,14.2785,96.1644,28.7338,47.8318,122.283,2.7351,14.2084,243.6199,119.4085,348.611,234.9909,175.2374,462.9209,72.4695,29.9536,2.9289,90.5985,117.0169,383.3445,21.4126,87.3825,121.6344,2.4371,257.7129,166.1371,3.3673,73.6286,38.81,107.5527,238.2752,17.59,1.143,184.6043,56.941,49.2525,42.8884,54.6368,321.5621,50.1071,168.707,81.726,1.3436,192.2896,71.3393,169.4289,109.938,43.0579,3.0964,1.0197,188.2028,40.0968,26.0046,150.7714,74.1025,166.335,67.5631,17.1857,99.4296,461.4505,290.256,24.078,80.3731,81.6964,53.1774,185.4441,43.9396,23.8633,52.7053,5.7474,138.4138,2.0
3.1818,154.068,432.3883,143.97,128.657,47.9324,12.5715,0.4926,49.983,36.7582,26.1997,16.9481,38.1334,90.9744,87.4621,3.126,7.9292,187.9104,555.7438,51.7736,40.8288,6.9699,830.9057,11.161,48.333,104.7363,42.2444,45.9372,188.9163,419.6514,137.7573,54.1082,3.241,67.279,417.8233,27.8439,52.856,39.2648,83.1217,480.229,405.178,683.3002,95.3701,39.9986,16.2195,103.9691,45.8269,209.772,194.8216,124.0957,154.3398,336.0759,31.2452,329.8007,251.0917,82.4344,10.5393,194.8889,206.304,906.7789,20.3855,20.5454,91.72,16.9065,51.58,210.5017,75.5598,413.7926,97.6575,171.4963,295.2904,6.0811,279.0415,462.8822,118.1323,395.8732,94.0568,2.4186,0.2526,167.8845,17.6804,182.6172,352.8622,79.7294,167.7788,54.7447,40.4012,82.7949,67.3215,186.6405,17.4997,187.0737,118.0352,17.1842,21.5707,124.6287,5.1409,320.1269,0.4562,206.8141,2.0
3.0258,118.0517,32.1048,36.6879,32.7994,46.9526,5.6329,0.125,3.7089,100.7528,27.5471,3.4692,34.0828,155.8858,58.8093,6.1466,0.4234,23.6557,42.4557,52.9791,82.8747,3.7625,1.5763,8.13,21.9907,20.7405,98.3012,63.2583,102.6891,636.9675,18.8275,66.9627,17.318,84.6528,326.195,41.9838,14.8796,136.6714,113.5282,625.413,584.069,427.5996,322.9847,41.1991,36.6225,35.3227,43.767,205.1219,151.9,12.5316,116.008,142.9409,21.605,725.0618,210.9146,14.5171,6.8424,16.1749,245.1278,506.1247,5.644,39.9474,163.2474,12.5433,133.0795,126.7691,99.8766,500.1141,27.1003,200.3382,48.1776,3.1601,447.4723,101.467,131.1104,172.9252,90.7217,1.1025,10.9793,174.1637,13.964,115.0748,294.0093,171.2107,300.5508,13.3008,11.8598,295.0977,256.7726,479.5067,34.0993,146.0098,163.7141,51.8845,233.8395,28.2317,14.3696,95.8969,7.0011,111.429,2.0
11.2621,82.2252,51.1925,66.0482,75.7483,52.743,13.3397,1.7611,35.8072,69.3804,80.6923,5.3837,41.1654,159.3057,65.5281,4.2535,1.0609,68.4417,164.314,103.0762,16.9242,2.9235,4.173,21.0294,16.5093,20.2499,70.1596,48.3336,113.5059,572.4857,61.8841,103.667,16.9368,76.3081,217.005,51.0914,16.2562,157.7876,79.9407,301.1235,275.3363,282.8747,329.8966,12.2187,66.1328,78.2938,55.9215,150.2144,224.8237,37.9088,87.1932,126.1878,75.5438,306.9646,164.3123,24.6047,22.1216,27.9408,125.9541,235.8498,15.1698,33.994,149.9941,28.8805,175.7607,143.836,133.6083,215.8188,53.1839,215.3265,111.2425,36.8276,190.71,192.3452,116.4254,174.2565,109.6571,3.842,0.6666,117.1055,11.7669,24.2871,239.9076,98.6344,224.5946,44.5096,28.186,129.5584,275.0708,276.8858,57.9881,81.1104,164.5042,52.339,151.1644,96.2186,30.5346,108.4702,0.5458,123.826,3.0
7.0526,89.7878,61.7521,311.1707,37.4614,47.6729,57.3252,0.0,0.651,88.3486,33.1842,0.2977,41.2981,157.8062,130.137,8.2262,0.4171,57.6934,91.6345,112.8663,18.1097,9.7933,777.1306,15.4719,10.8329,86.5111,83.4277,67.0528,92.8644,489.1633,77.846,73.0599,14.1005,59.0266,305.686,29.1332,74.975,89.5127,93.4492,397.4872,381.359,385.9689,217.2401,22.2389,36.7755,38.328,9.9221,191.8824,191.1987,32.7093,129.1597,157.6227,0.1216,518.3453,534.3312,0.3004,0.8019,42.6022,171.3574,323.449,2.6371,107.0747,151.3721,31.7447,101.4459,138.0569,230.4759,298.8224,38.717,210.1387,247.9225,2.3097,282.7169,344.7561,101.1717,260.1556,83.9048,0.2112,0.3243,113.6281,23.4591,29.0916,284.2586,121.7797,166.1135,12.441,199.9128,163.6601,206.1231,354.759,55.5005,156.4312,162.5719,127.7505,112.1662,132.9381,6.6263,175.8928,0.071,151.5387,1.0
18.3304,60.8064,92.3634,67.0581,64.8413,49.8726,28.409,4.7043,54.3546,60.9144,70.3,35.5045,41.7908,178.5535,56.5986,10.0822,13.2453,76.8875,150.2044,106.6131,12.7315,3.5138,8.6453,15.5238,18.1086,16.7236,61.9284,42.0438,290.7674,464.3829,68.8095,81.5155,23.4448,71.4173,228.5673,62.1165,16.5304,95.5983,68.3331,363.0462,326.8087,284.5492,193.1685,34.7488,69.4225,84.7911,53.9045,154.0082,173.1284,22.8804,89.5853,125.4371,125.8609,445.2416,166.5385,74.9626,11.8512,92.7973,100.8257,285.6151,17.519,45.7167,110.4259,16.8178,89.2515,125.6723,125.9114,271.9691,64.8091,245.4405,121.2229,14.057,239.6028,154.4451,117.1355,179.4062,117.1175,10.7036,7.8266,126.9109,18.2201,31.8588,264.3566,158.2441,100.6426,30.0963,7.4046,159.0591,187.9947,325.1499,24.1838,75.9887,121.6453,80.47,69.2138,63.458,8.0017,142.0329,2.7006,122.5989,3.0
22.5795,68.164,175.9629,130.9281,64.4902,65.6477,19.3014,1.1695,39.5597,61.9337,51.9667,16.3444,38.965,174.5313,77.1098,8.5254,3.7764,152.378,235.7518,126.4741,16.8833,1.7548,10.605,31.5062,29.2155,27.3635,74.5993,27.7394,232.516,571.9024,103.4601,118.9737,18.3217,43.6203,183.4432,30.5327,38.5861,132.4959,83.3011,353.9321,261.209,272.3276,236.7411,8.8646,62.0149,74.5956,59.0957,113.0613,287.7986,49.879,87.3848,171.6898,236.43,300.9778,188.3094,82.6499,38.9545,75.0657,96.9947,313.7551,25.1859,20.8076,122.5298,24.6676,160.1685,199.365,125.6591,268.7084,78.9916,251.4663,189.5458,41.9227,184.5922,377.4306,118.1936,238.3125,172.3927,7.5571,3.3281,148.7308,8.9419,32.088,275.7281,51.2028,190.0328,44.0847,43.7545,57.7527,228.7886,252.3269,34.4736,91.3188,107.4167,33.5197,60.9379,242.2302,3.1938,161.5459,0.9684,147.8369,0.0
0.4568,99.6309,78.4923,154.923,82.4891,52.0721,31.2833,0.0748,65.0475,75.1402,11.0977,14.9963,20.4697,226.7408,110.4909,19.3765,0.4654,78.6683,468.7218,183.6157,13.0836,220.5779,0.9208,19.3986,22.7008,78.1568,80.9068,77.0645,257.2383,551.0677,49.0498,71.1927,13.2239,73.6569,278.0961,3.7795,41.1861,124.5941,94.035,280.721,334.7339,473.0292,167.2141,490.9871,102.8116,77.4157,40.744,228.0938,178.6948,47.9167,145.9954,256.6946,9.0356,421.7359,172.4381,51.99,112.9376,226.4942,173.956,295.1416,11.6102,29.5189,92.6774,14.6972,95.3644,263.4716,73.0427,226.1516,45.4498,284.8686,153.993,1.1068,194.4943,222.5628,267.5011,275.1135,89.9018,1.6075,38.0334,151.2722,20.8443,153.7488,400.5922,102.925,134.4686,34.2269,58.3843,110.8831,235.1095,257.9116,32.8981,150.9691,187.354,245.3738,189.543,57.9698,40.5353,196.7615,0.088,182.786,4.0
16.1003,62.1829,83.618,167.8006,38.9726,53.7372,60.7119,0.393,35.0058,63.024,34.0744,4.8375,36.7476,142.5245,48.7623,6.8023,0.2516,47.8616,135.405,162.8316,10.2723,5.7449,2.0123,8.4902,39.2593,67.6822,59.7103,38.2394,157.7794,577.8393,62.6505,86.0497,33.5257,70.966,152.2252,34.5884,23.9245,176.8432,97.6622,355.3894,281.4933,235.9645,287.9949,175.4941,72.6734,25.548,53.3282,116.4067,211.2087,28.5715,86.5361,150.4846,47.0805,240.5662,185.2261,29.3246,4.4602,30.3424,123.2211,321.1543,54.6702,56.5969,151.0256,29.1972,89.0483,117.1158,80.2581,360.1848,41.4954,184.4656,97.2467,13.0057,233.9971,217.4687,139.4932,175.948,75.0582,1.6527,394.3411,128.9258,13.1306,66.9149,242.5492,93.1219,131.6936,30.5798,18.9507,104.939,278.8785,354.7435,30.5466,93.5903,110.4573,117.3507,124.973,65.2395,22.2852,92.4307,5.643,131.7392,2.0
21.8869,38.6027,66.2641,185.9264,26.2004,54.4966,11.7011,1.7112,12.0435,97.3419,38.5702,4.0634,53.3308,127.5499,23.4622,41.8751,2.5023,77.4201,104.2177,84.7596,13.3882,11.7976,1.043,4.9981,28.4141,58.2864,26.8319,33.0575,153.1148,596.0524,76.8311,95.05,20.9453,63.7273,121.1538,14.9787,72.6294,98.2479,85.2616,295.4542,178.6085,150.215,322.3228,55.0416,32.1958,11.8608,27.0374,86.362,274.2111,26.9947,79.137,96.4896,53.9128,364.9235,134.3952,97.3111,5.0712,32.3794,133.8652,194.7614,42.5855,6.7884,124.0623,20.8163,137.8684,52.4562,45.6404,282.2994,37.6647,208.9998,141.0936,10.8572,210.5779,261.7186,119.341,104.6919,66.3708,2.2942,10.8847,161.1573,16.0548,21.1646,221.4343,102.4606,153.5887,24.5145,128.4663,131.8021,237.3038,327.2255,24.9957,61.2492,101.0527,148.8473,111.7798,34.3065,1.4371,92.2564,0.3604,147.3214,3.0
55.0247,120.751,115.8532,395.9447,731.1856,43.385,7.8212,3.4486,23.7095,70.9185,22.9514,17.0804,32.616,277.0322,76.3107,37.3703,4.3078,59.8384,239.258,104.6828,22.3083,6.5021,6.4562,39.8663,25.3995,543.1468,58.6973,61.5957,233.8663,547.7884,43.9842,51.4956,2.6022,141.9432,572.6872,9.6902,184.6286,90.6201,103.0872,989.1738,1442.1268,750.8901,295.9245,23.1565,54.7654,32.5369,29.6845,281.4744,302.5767,51.1673,169.2445,242.9081,40.53,1709.9307,410.0007,371.5773,5.5514,61.8471,455.9403,1049.9676,7.0703,4.3202,115.4569,51.8321,47.3956,129.4962,278.6328,596.4065,96.7855,259.8888,79.3178,31.0917,485.0104,1033.6492,309.964,226.5789,117.6586,6.4726,15.4172,219.6082,22.2084,31.9319,432.835,487.9795,91.6145,24.4468,236.5982,524.8237,199.6121,902.0925,164.042,192.7345,237.2035,292.773,121.9173,26.666,0.6361,356.0504,0.5625,406.0898,5.0
15.06,38.5824,39.0088,72.7004,31.578,69.5419,10.9819,4.297,5.9544,86.3504,31.8363,1.8834,49.7077,136.5213,50.6821,14.8776,1.1691,121.9816,109.7924,76.4861,313.9584,30.9286,1.7832,3.2427,10.4926,21.6719,56.3991,42.3484,235.7291,737.8286,58.1315,167.6704,55.256,38.9905,141.5742,6.5321,16.3493,173.1837,80.1708,313.4109,171.1401,159.6574,398.413,53.8926,32.5259,7.073,63.0656,103.4755,323.9933,53.5254,75.8524,116.632,41.7644,188.5836,182.2035,43.3047,80.2357,59.7406,119.9462,151.048,26.2126,37.0371,166.3244,83.206,93.6029,79.2756,68.3149,194.718,30.7062,247.5237,195.432,58.1637,176.798,218.5618,107.4337,94.2148,68.4608,1.5867,15.6906,121.5685,17.428,24.0861,271.5074,98.2991,142.1287,76.8394,54.1408,121.5303,326.5932,233.1723,29.8587,53.0978,141.9202,48.2106,211.7793,89.0006,24.3273,75.0777,0.2594,121.5326,2.0
17.2404,60.9667,72.2584,158.992,49.756,60.3684,12.4079,1.732,23.007,83.8134,46.3885,6.5518,36.1497,175.5669,83.6868,8.0865,3.9441,82.1526,131.1083,143.1101,11.9427,6.3584,2.0827,17.8128,37.1453,33.7949,89.5189,50.3696,181.952,596.8359,85.4134,115.7706,33.691,50.1631,183.3451,25.7785,33.0537,231.8236,97.756,311.8813,288.1044,299.0418,405.6088,12.4315,65.88,43.7782,70.7856,126.0079,250.217,25.6028,96.7016,169.9066,115.7365,303.6762,196.9654,32.8378,22.6957,32.5926,123.9521,350.1236,26.4031,45.1624,159.7609,23.3358,143.0427,168.8669,119.4182,318.2153,79.4665,248.793,110.9719,16.8546,169.3459,223.5648,112.0044,236.6854,132.6283,3.2725,4.8756,140.5473,16.4752,90.6852,287.2069,44.6044,199.1244,29.9345,27.4257,60.4972,329.5269,278.3755,46.9537,98.4046,118.4463,61.6307,161.9834,132.4983,26.8475,99.429,1.3115,175.9366,2.0
9.885,54.6355,29.3574,406.6772,233.4321,80.4042,3.0284,0.0456,8.8439,56.1937,16.1927,3.3635,57.7936,206.2061,40.5144,41.9329,0.1656,57.5777,62.1111,58.3858,107.1617,2.7096,109.4804,2.8542,9.0522,171.1872,58.6948,23.5253,62.1218,583.7405,29.8302,110.78,25.5699,49.6473,178.6712,6.1499,123.2403,60.6028,71.1153,254.7176,136.9724,330.2172,131.1095,21.1907,61.1778,5.9013,59.5788,108.194,200.0489,39.6483,106.1317,149.6091,0.0161,284.5235,119.318,0.0777,3.7708,41.3569,171.0015,179.0976,3.1823,17.653,196.0394,40.5243,20.7434,49.7532,77.5673,196.0136,35.6054,199.3284,134.9648,10.0972,257.4872,288.3831,115.5156,172.941,64.8431,0.6836,0.6086,171.0434,334.2928,28.0268,131.4888,100.0283,162.8217,28.0832,132.7955,127.8256,164.2892,267.4145,28.692,116.018,164.6057,152.4117,71.7723,9.5421,2.6956,116.6757,3.5513,211.3912,5.0
10.4765,79.365,33.7733,92.1389,65.8184,57.0073,33.0111,5.8234,28.0661,75.2721,14.838,15.675,52.7346,134.99,55.8029,22.2433,0.8639,55.0229,129.2633,93.9423,140.0679,34.8781,1.8373,10.1675,13.8896,15.9276,64.8672,39.7245,153.4888,542.711,49.7241,85.8782,38.1065,42.5288,196.7743,3.3223,22.934,124.5299,93.45,346.2832,277.2212,267.6249,210.4786,83.421,35.8651,25.1797,67.0886,144.5513,175.7321,23.8715,85.0488,116.3386,59.415,348.1782,229.0696,34.7302,58.9988,66.0893,113.4901,263.9695,42.9402,24.1176,141.2914,18.6296,67.8538,70.365,96.7163,260.9844,36.0318,205.3922,127.6589,7.4787,228.7099,85.8228,118.6516,122.9508,55.5032,4.2743,1.7468,149.4069,56.6609,15.0966,214.9442,119.618,142.0354,23.402,63.5391,163.8957,213.6365,334.5834,26.0129,81.8184,164.3412,65.4892,126.5299,7.0335,4.8672,83.0321,2.3171,151.7653,3.0
12.4545,65.5193,75.5469,91.3012,135.3452,51.2952,12.3464,39.0894,18.1458,62.8463,39.0399,83.0836,44.128,153.337,58.2359,24.63,2.6531,110.8164,220.175,139.7536,26.2162,14.4396,1.9217,9.2019,30.647,20.9697,49.6438,45.5332,268.4214,603.6557,72.5052,93.9077,20.6688,58.1308,189.6347,38.2724,23.4624,148.4577,103.1723,396.6857,344.9919,316.1863,255.4897,75.8511,47.9513,25.2241,65.5316,152.4027,187.7662,33.2857,90.2214,150.2475,143.3068,443.9543,179.8726,39.1667,12.5728,61.5836,201.6481,357.3105,63.6212,14.8949,135.3497,13.8194,83.7132,127.3386,71.2895,443.1004,38.7068,221.6722,171.6073,20.2585,224.807,184.2376,162.4509,193.5689,92.2529,96.5886,136.4769,204.106,26.552,62.0535,280.1078,114.0573,106.437,65.3152,37.5231,164.0222,253.0945,289.7185,30.5761,95.1484,146.7988,74.1489,139.7851,71.3955,18.8973,102.5277,1.0142,157.0475,5.0
1.0101,54.2415,43.1173,284.9973,82.9925,75.3378,18.7548,0.0296,12.0685,61.71,28.5441,0.0857,44.0654,173.398,66.4763,10.4096,0.3226,430.3979,547.9377,173.8404,26.6102,493.2671,0.4162,13.4444,50.9198,144.6915,48.2467,17.2395,307.3176,434.4384,100.4836,89.3768,6.9644,40.2653,238.8828,1.2289,65.5119,130.0206,53.9373,252.3472,256.9021,195.1405,209.0335,54.7583,8.0594,18.885,45.5795,221.0417,179.8461,173.7481,110.9272,118.0064,0.4857,334.3554,127.3529,6.5853,134.9798,472.6189,141.7844,160.0909,32.0131,1.1222,134.9431,32.616,57.4535,129.1763,83.3332,147.5715,31.1772,314.8834,233.269,1.5745,187.8639,367.1188,161.0267,148.1183,66.7029,1.8596,2.0978,194.8559,47.2589,25.8052,370.6179,115.7434,81.7726,121.1549,290.6302,137.8954,185.2849,224.7643,25.3187,62.9733,82.2531,68.1923,119.221,35.1698,4.7808,185.5263,1.867,341.1247,4.0
14.2256,79.7305,124.5083,104.641,77.5276,47.923,16.9298,38.3682,60.8983,59.8724,35.5385,14.5329,46.2245,147.7917,71.8274,2.0476,5.3574,96.8664,191.7076,121.6451,11.4153,7.2465,9.0894,27.6895,15.8015,26.9206,66.0224,50.244,173.4867,411.4949,63.5885,86.0257,10.8452,74.5533,204.9028,49.7267,27.3651,103.9354,58.1631,314.6217,297.9348,307.2433,189.0781,33.5194,74.8882,102.2751,53.9763,137.6814,146.2412,28.4596,88.6565,177.8378,123.7559,378.5803,182.4877,112.0472,67.3608,72.8642,104.6189,280.5759,18.463,21.0807,90.7334,15.0125,138.9205,122.7831,152.7909,234.0208,74.3125,204.2238,104.496,53.6013,204.8136,216.4812,119.0622,163.3775,119.1955,4.7135,6.6927,119.6963,15.0886,33.6769,240.5069,137.8489,173.5801,21.3422,49.0952,161.6256,180.2423,328.8565,63.9475,78.5394,153.8112,84.5255,61.9045,73.4473,4.0258,143.9554,0.7311,162.4143,2.0
2.4039,87.2461,42.7299,60.7597,62.6426,46.6855,11.9708,3.0463,22.5259,117.669,35.1951,4.9733,35.7642,202.1948,51.0758,16.6913,2.9899,60.4633,165.1356,114.3613,17.2325,63.3795,1.5554,23.195,113.9516,85.5348,57.2748,43.0925,225.8345,701.7458,90.1269,87.0939,14.3753,74.6711,268.0364,7.424,33.1006,205.4397,111.6006,515.1295,480.5578,371.2115,423.3722,131.0272,38.5229,34.943,74.811,184.1987,136.6636,25.3897,147.7503,188.8952,47.2865,650.3623,201.1886,50.9226,112.5858,44.6511,207.3635,486.3195,20.6387,33.9039,182.2318,86.5615,157.5976,138.7394,98.1191,471.0323,44.1483,232.9857,78.3486,4.5829,394.8476,148.4981,159.2415,253.816,67.931,1.8484,18.8557,233.2494,32.867,36.1884,308.3965,123.5028,198.8023,29.1835,23.7261,160.4068,356.5488,398.5876,23.8492,122.8718,103.8693,221.7753,165.9738,19.39,18.6165,85.7298,5.5266,183.0268,2.0
8.3548,82.6446,102.3501,76.9312,54.19,52.1489,33.9443,3.8217,59.892,66.6903,20.6252,32.2486,43.1543,141.655,51.1424,17.6551,2.0379,64.2379,97.0092,132.4197,14.8275,8.3909,4.9327,12.276,14.5042,34.0558,56.08,64.0727,114.9681,449.8238,62.4414,85.9556,12.3282,50.5229,217.0752,35.9804,29.486,139.5301,69.2897,276.1423,334.8461,290.0722,215.3091,42.8845,44.169,78.5386,58.2718,172.4822,154.491,18.9253,88.0834,116.3892,48.7299,390.807,143.5273,53.3524,27.7999,84.2389,117.9371,325.7674,18.6855,50.5894,113.8106,16.6486,112.0842,121.6903,72.1321,262.1545,25.5892,218.2037,158.4252,16.2001,228.7473,162.3644,100.4233,155.9598,90.9915,8.6221,1.8179,129.6285,22.1232,54.4529,244.3825,123.0331,203.9453,26.1522,44.4148,186.1801,233.8332,341.6971,50.6594,83.5964,168.1521,85.1219,108.6046,58.1041,27.2255,141.6639,4.873,137.9324,5.0
4.1385,204.2366,34.943,48.9732,144.4699,36.1444,53.5622,1.2689,8.469,83.6307,20.0464,4.0054,35.062,256.4578,283.4362,23.6353,1.9121,54.6704,288.1058,200.3384,43.9411,51.2083,1.4619,86.5353,18.877,24.9221,117.0742,46.3594,231.6874,418.0325,47.7993,48.8502,4.5347,67.5382,356.1897,91.3691,20.7056,206.6698,99.3317,398.3556,562.4936,1020.0528,251.2403,65.0619,130.1839,44.094,49.1859,211.4471,134.4168,42.5946,165.4594,301.7663,25.8532,793.1611,424.4695,42.194,8.7,90.3669,244.6086,745.4219,4.5559,97.3022,92.0047,18.8526,74.9358,411.8662,199.3486,451.8922,35.0272,168.5568,77.2198,49.587,318.4913,110.6931,137.7443,459.9851,96.2333,0.9599,2.563,141.7111,15.3144,196.4142,357.9018,203.747,209.1307,72.3773,16.7231,181.6597,197.5882,370.579,89.7418,201.6012,158.5682,88.0142,102.0664,14.1895,2.4648,212.6501,5.9309,151.2028,3.0
53.7523,83.7651,44.2488,271.3062,75.6227,47.4408,7.4898,4.9346,67.9455,83.7091,45.9459,18.7552,31.9237,190.5559,56.9041,8.2416,3.7645,57.632,246.2115,164.1866,21.9205,65.6002,0.2445,22.2188,11.705,40.4092,87.0786,43.8252,325.1647,727.0797,62.5397,113.3046,19.6765,50.4911,213.6488,51.731,26.9668,159.3303,107.8665,328.2066,387.8052,282.0542,279.439,44.0173,86.1183,117.858,63.6135,152.6583,334.1418,31.3041,109.9396,204.5157,93.7877,573.1587,199.6362,81.7405,6.2226,54.0146,146.6121,386.6335,25.727,7.6317,141.6566,21.864,182.6082,107.6419,125.0137,364.3334,93.1715,248.8951,135.1748,38.9095,300.1669,156.3673,139.0565,183.3397,132.0983,8.933,64.2504,167.5921,12.9296,57.6276,277.599,150.6137,204.9465,19.4625,88.5571,152.8493,288.5374,423.0075,45.434,112.2192,160.5047,117.7747,87.6613,157.276,1.2177,103.2147,0.227,190.0985,2.0
4.6675,227.308,109.063,25.5178,165.5258,37.4318,16.2268,1.4138,17.3492,94.206,12.3423,1.9001,32.2486,237.2391,155.576,3.0223,0.952,35.7756,114.9114,145.5693,40.8981,1.5608,2.3773,20.8005,82.0461,25.9177,135.9891,97.7023,73.1289,784.7064,30.5008,31.4706,14.0583,57.354,527.7683,25.621,15.4721,234.6105,163.3307,1072.3774,1121.0257,824.1264,640.7299,33.2674,62.6736,76.5396,56.0731,262.9623,227.8852,18.2095,207.927,250.7011,12.5957,2023.1547,391.7281,20.1498,10.2091,50.1493,382.2122,1200.4839,3.6754,25.7685,143.8449,7.3266,98.895,193.2245,114.4267,1055.5307,68.7717,224.8788,86.8399,1.9878,803.2375,78.5237,229.0545,322.7913,111.4853,0.1244,0.4168,207.0353,20.2855,177.415,392.9479,473.3069,171.0785,10.8205,9.4894,670.4283,370.2649,853.1884,49.475,265.4078,191.1144,74.789,297.4372,33.7557,19.1987,269.3806,2.3699,124.9344,2.0
0.1493,147.606,1.6088,85.9508,60.0368,42.0148,0.2985,0.0212,0.4403,120.295,16.1807,0.0272,35.9325,294.101,83.3819,0.5019,0.2048,19.5908,76.5084,79.8109,0.8467,0.0312,0.0264,11.3483,2.4345,34.5673,52.8293,50.6669,49.2839,926.4108,7.368,2.361,6.0134,161.3114,349.3834,29.7426,20.1765,121.4734,149.3368,594.5855,609.4725,552.2793,396.353,21.4027,72.4447,25.4756,68.9143,230.1135,287.792,18.0703,159.2657,249.05,0.0298,839.9127,363.4495,0.048,4.1906,7.0656,278.6521,654.9666,0.9718,147.8367,147.8128,34.1893,53.142,147.3829,89.2278,589.3651,67.3189,126.3959,32.4859,0.5004,454.1707,77.5626,256.3124,274.713,96.35,0.1196,0.0,193.1252,83.4912,82.348,129.5062,175.7106,73.1366,52.6918,13.2993,261.668,341.8356,272.1095,14.4435,190.9159,218.7007,127.7002,114.8034,68.9819,3.7472,71.681,6.9475,234.9187,4.0
77.5345,52.2395,18.9932,169.167,43.9321,55.8497,7.5117,1.109,2.3197,67.4088,23.9356,9.0467,24.5798,100.9924,38.4966,20.2372,0.6672,34.3318,43.7451,85.2554,31.4286,32.2914,0.557,2.2953,7.2623,17.793,84.5072,24.8237,97.2057,542.8189,24.898,71.2092,20.2779,32.3921,105.108,3.4232,19.8668,174.2585,100.2987,304.1769,321.374,169.4513,186.4496,87.4918,31.4938,13.062,48.8179,94.7099,177.0745,13.2104,84.687,105.8884,16.0256,348.5931,135.3991,15.6062,4.3584,25.2406,111.2003,292.2573,9.3183,21.6332,164.4542,58.9054,86.7694,44.9003,37.3021,305.3017,64.1566,144.0913,51.1104,9.6198,217.9421,87.2089,83.8451,123.9533,63.6194,2.1648,0.9766,116.3423,30.4604,55.8539,114.4426,106.352,109.6924,13.9047,26.8427,101.4363,185.9818,329.2689,21.4712,63.3682,78.2002,111.3667,116.4005,2.966,7.8,52.4056,1.648,159.0991,3.0
7.3125,107.6244,44.7901,74.8365,63.1289,45.9196,5.386,0.0691,1.8077,91.6166,20.844,20.7654,35.2767,146.7403,59.0774,4.2074,0.2733,16.8948,40.6688,49.6423,26.587,29.5349,0.0705,4.4933,3.9232,18.3513,101.5788,48.7175,43.6754,628.324,21.0117,57.8713,7.1875,88.6861,200.5544,12.4683,20.3623,103.8642,142.45,420.5399,602.8726,288.6668,181.2433,111.9765,49.9875,3.4431,36.0598,126.333,142.0073,7.0183,85.9049,135.7698,1.0843,716.2802,140.5449,1.9537,0.2034,35.0117,246.1741,500.5468,15.6784,0.7932,136.3496,72.1279,34.4257,37.4583,91.9895,306.5158,39.712,139.8954,31.5116,0.072,304.639,71.6744,129.5376,94.7392,73.2766,1.0647,0.1546,198.777,60.8235,36.4998,141.8532,115.7673,132.2589,7.739,6.45,267.1035,189.2497,710.478,27.6277,125.4548,170.4129,88.2907,91.2465,1.0432,0.7673,91.3209,8.9544,107.9328,2.0
17.6856,61.4346,34.0597,454.2367,28.9529,48.9132,6.3056,9.1912,7.0657,78.2867,29.6023,2.0962,43.4402,117.9757,48.3967,9.0062,0.9072,79.6325,104.3347,61.2381,26.9685,40.8831,0.1889,9.3072,14.0022,107.5301,51.6631,32.0908,249.6693,554.8322,58.3054,120.7536,19.9384,65.4234,127.7697,10.875,70.388,201.3838,78.4065,237.0002,177.1564,159.2271,369.4251,92.1791,27.9194,17.0446,77.9793,103.3263,243.9634,27.1526,66.7193,121.8429,31.7351,172.9988,149.6471,30.2608,13.8729,77.7675,84.7909,156.4813,24.0845,7.9591,168.0942,25.2764,88.1623,67.1277,74.0721,168.175,43.3141,183.417,146.1485,15.5142,135.7704,347.3331,101.1619,109.473,70.0143,1.8052,1.422,133.8971,30.1452,39.6906,158.3464,62.4396,208.6204,24.0231,88.8725,62.3474,363.7297,239.8096,30.3081,59.4147,117.7848,161.5738,129.5093,33.8573,5.182,68.2967,8.1636,182.215,1.0
0.476,65.7509,24.2173,141.5959,216.4251,49.758,5.3353,0.6154,22.6785,86.9437,9.4383,2.735,8.3725,125.0045,43.1963,39.6411,0.2873,57.0348,168.1627,107.167,7.9553,86.4028,0.4562,13.581,31.1792,35.67,73.2058,31.6612,98.7064,517.4509,17.8223,63.0858,58.5431,56.6752,179.5441,2.3132,47.5283,142.607,120.4272,283.1809,311.3705,283.4136,158.6646,377.7334,38.073,28.7382,84.3897,105.9842,159.3267,20.2955,113.517,154.5208,26.173,290.6809,115.0344,49.6715,96.6525,67.9031,154.7225,320.9383,9.4359,23.3624,159.5466,25.8094,49.7655,53.8278,50.8526,322.4821,19.3576,158.089,50.4566,12.8953,228.114,133.255,112.3463,146.0287,52.5986,0.854,6.9742,192.4757,85.5946,57.2973,288.7725,79.8771,153.4359,22.0166,43.4433,103.5369,281.9558,341.63,14.8022,106.726,196.7666,270.5773,158.5693,3.6778,2.7892,96.8269,4.1535,110.3754,5.0
2.445,41.446,65.7612,69.7336,99.8759,55.1,60.5765,0.0618,21.055,106.9429,43.0417,0.2646,35.4498,159.062,64.5326,5.5518,0.4733,86.4055,98.1125,156.3278,10.3614,7.1104,0.9642,21.8308,12.6592,17.9552,34.4197,52.7352,114.5148,732.776,44.2147,133.4881,20.055,84.0491,211.3046,17.8466,15.9056,138.7262,102.4601,270.5603,213.8683,231.7359,259.5492,22.5414,33.6658,18.742,51.9543,160.6348,297.8317,37.7709,101.972,167.2426,28.7505,376.568,170.3109,7.8455,26.1747,40.3789,140.5056,234.2845,7.7277,17.1563,160.1605,91.8585,136.5843,76.852,153.5047,276.6661,92.5114,195.1134,112.5754,13.7286,168.1219,127.7167,99.5039,194.8126,85.06,0.132,0.1972,145.8582,98.8475,9.843,215.9757,69.9929,438.1792,27.6748,27.4262,102.2414,277.775,235.1411,39.8003,102.7145,133.3792,59.8641,88.2331,60.3933,0.3916,109.7887,8.9561,118.4556,3.0
38.5714,63.5855,103.9557,109.1785,68.004,61.1711,9.6973,1.4218,66.1714,60.8024,41.552,7.5384,68.8156,139.6727,54.528,1.3642,4.8406,99.4584,235.8629,115.7495,8.8097,4.28,6.1525,24.0034,17.1944,20.1655,48.804,37.2041,186.2546,571.1907,73.7596,112.4138,19.1839,32.666,157.4828,109.6886,18.4471,101.6482,56.268,268.8211,181.9209,238.191,192.7475,22.3408,55.7625,77.6627,52.8032,101.9003,287.8546,57.7167,74.6143,136.6732,195.2559,270.2398,149.0571,74.6322,7.7654,40.9615,78.097,249.8873,8.1594,27.1548,121.4822,25.1548,154.9184,104.2525,152.2109,223.2489,67.8763,206.6299,144.1444,107.1406,162.2333,139.9437,98.4756,161.5303,108.7438,1.4623,2.1755,97.968,13.2211,23.7635,184.1765,87.0208,146.9793,14.1856,22.3581,86.5746,181.4278,231.7527,93.3803,73.494,123.7463,34.6916,69.8237,97.4228,2.7341,110.9753,0.2783,131.4153,0.0
1.5035,88.8778,90.4542,126.5185,57.938,63.1056,20.9267,0.0885,29.25,64.5623,29.9844,3.8863,96.1866,166.6822,127.8459,14.7015,6.0735,77.4465,115.5504,65.5817,22.5664,29.3387,0.7318,30.1018,13.0463,24.0772,45.6305,45.8455,128.5915,613.8904,57.5928,68.6064,8.9262,57.9537,267.6646,2.4784,31.7888,60.5712,63.9367,270.9963,468.3228,362.4078,134.4859,25.269,36.1893,13.8559,29.7692,155.3696,136.2252,44.0941,98.0939,149.4151,17.2636,646.4464,610.9235,26.3681,0.6319,136.4107,139.5011,440.1979,10.0585,94.7725,133.4337,41.2407,60.1841,105.6936,65.156,406.5009,17.168,198.7535,192.1937,12.9326,343.7242,142.8405,113.4038,177.7951,79.3678,3.1848,1.0894,115.9953,15.5209,42.5054,209.1778,192.0623,358.5517,43.5777,115.4406,196.7633,124.8146,615.511,66.0354,108.3734,131.0328,86.4456,37.9915,140.6916,1.3698,139.7131,0.0729,139.0658,5.0
5.1808,65.0603,29.5245,75.6341,63.8272,51.5212,6.4718,29.9974,10.6515,69.2,35.8865,2.0333,33.7092,176.0183,58.9641,17.6333,0.6158,51.5501,97.4797,70.9369,18.0803,14.6312,0.4132,7.0416,6.4029,12.8295,55.7121,52.5294,124.0371,615.4716,72.4917,82.0355,40.3832,61.9242,219.5403,21.1392,15.8172,107.5966,74.2212,465.1767,341.4321,334.7409,259.6029,17.378,40.8546,20.539,35.7427,139.071,194.902,14.1242,103.5966,141.6464,91.9848,431.0852,203.0244,9.8046,7.4313,30.899,213.7549,364.155,8.8686,26.1343,170.9869,11.4537,127.7275,74.3085,107.472,372.4118,71.1978,217.311,105.2196,11.0805,313.9431,111.092,153.6474,181.3427,102.5734,6.0832,0.5804,179.7749,16.7351,39.5806,228.9196,128.8092,138.2572,26.4608,11.0058,141.7923,237.4285,416.8488,32.4531,92.0416,100.5563,70.8551,197.9383,7.4586,3.743,84.7978,2.078,133.9578,4.0
1.7317,69.0632,38.4496,46.3708,104.0507,45.1483,6.7731,0.5493,2.9558,98.963,35.0031,2.7843,70.9264,120.5035,43.6455,40.661,0.8567,54.1426,121.9555,81.4072,6.577,13.1148,0.2787,22.3022,6.2327,9.9046,72.408,56.9343,107.7906,479.8903,44.9273,97.5105,11.9591,52.8931,127.6314,8.2448,21.9224,127.2523,55.9453,214.2556,135.4941,201.2175,220.1342,127.8746,15.5609,4.4785,110.0496,96.9823,166.8565,21.1263,83.3616,119.4314,12.4328,237.329,198.6291,19.5521,7.1669,83.7935,118.173,87.0383,3.8555,1.2462,157.3167,27.3035,57.261,63.5881,245.2144,180.0549,36.211,149.2777,92.0173,72.7941,218.7825,74.3573,80.7321,129.4088,49.008,1.0678,2.1063,116.2153,87.5447,20.5629,183.4965,56.089,214.1268,56.2159,30.5689,53.5751,226.5503,264.342,28.4662,101.276,123.1127,85.8712,129.898,4.7765,1.9488,81.7447,8.327,141.7527,4.0
1.2954,106.2435,103.4784,86.2602,39.5671,53.2675,14.2801,0.1816,3.9262,79.8184,22.5124,18.6122,34.5292,171.889,57.8433,46.1886,1.3873,77.974,237.5846,80.0782,29.4966,8.5733,1.3423,3.693,31.4331,35.5735,67.6589,40.6787,146.718,683.2484,81.5221,79.1094,12.9246,71.9289,266.7831,0.3755,24.6327,110.9238,164.9616,590.505,625.2835,355.2477,229.9825,97.4861,31.6948,9.4121,53.3547,196.2902,197.4903,52.2279,101.8975,135.6434,7.8568,900.501,196.1872,63.7947,13.3877,260.5922,184.9626,510.0722,15.0483,0.8585,129.5022,47.3401,74.2828,134.4695,73.0694,676.7492,47.6729,228.7558,199.005,2.4612,404.6918,144.1874,150.5756,195.2601,89.1131,1.6426,3.9224,236.689,83.781,36.8368,249.3316,247.9182,139.1632,37.0715,91.9896,373.9849,183.4167,586.2651,24.5614,120.1263,178.9313,131.3625,118.7887,9.636,2.0716,161.0643,2.8495,118.8626,5.0
6.4647,82.0063,65.6518,71.9718,49.4814,53.9232,19.396,6.1376,18.1437,82.619,44.318,3.9391,39.3663,205.827,87.0825,7.968,2.7831,80.4276,129.2397,119.8781,12.6365,3.966,1.2411,11.1554,16.7961,20.6624,50.2613,29.8038,251.9718,583.896,56.3326,75.3546,15.074,60.0976,240.6826,11.2957,24.9964,153.9615,99.2223,317.0179,296.5597,357.8314,353.3344,48.0359,66.1428,33.6485,55.6065,158.7173,292.0671,39.0019,104.042,139.851,64.1423,375.6643,244.3306,118.3659,50.5435,74.5467,148.832,248.3372,10.198,61.0342,108.1502,46.5853,54.1795,122.2023,125.4547,251.7214,108.7367,211.5016,205.8424,5.4828,216.788,132.8342,137.0986,184.9269,83.1437,1.103,145.0983,128.478,59.9219,18.3443,266.865,127.9565,251.8228,133.3428,40.52,138.1789,211.8122,351.7229,30.2861,116.9788,262.2394,83.6937,86.5043,52.6144,9.5746,134.1087,8.1442,147.5464,5.0
55.3266,19.6887,31.8353,31.6241,5.7554,65.8883,60.6587,0.3344,5.5494,36.4035,94.7394,0.3221,54.6006,154.0016,23.6659,21.0462,0.355,85.6341,74.8703,43.7597,28.5925,6.4957,1.0382,1.6527,5.722,13.0566,29.2779,54.419,109.1767,472.5092,59.4876,103.8027,64.0043,16.8183,175.6129,56.0924,6.9916,156.8003,84.731,241.9298,53.8229,137.1008,254.7684,23.7694,50.4299,11.3578,31.2409,138.0701,221.1951,19.7091,44.5762,34.5479,14.8821,103.5144,90.8437,7.0099,5.9423,23.767,87.5731,129.7264,60.2966,45.5474,103.6143,43.1408,120.317,49.3615,103.5895,189.7529,162.9469,82.6438,200.404,36.4951,267.6006,61.6066,58.0362,68.8902,59.8341,0.3042,2.9111,114.9012,13.0739,10.7718,119.4442,159.7207,177.7909,7.7949,9.1226,92.7476,226.6375,219.2628,143.9138,42.2151,242.7136,28.5978,41.375,57.7901,1.5812,54.5872,0.8595,141.49,2.0
3.0859,79.6378,52.6245,86.1674,101.2676,48.9045,3.3425,41.4273,22.5386,122.3081,49.7675,32.7106,38.0497,172.621,96.7412,35.3281,7.2562,44.6093,146.9745,99.7635,8.3817,17.9533,1.4198,29.506,15.7474,67.6038,81.6715,68.7708,195.0346,560.5384,59.0794,62.3613,16.4373,112.4074,365.5545,9.1636,25.8401,122.0486,123.8388,508.4997,401.9771,595.8018,245.0707,35.5681,64.9808,26.3155,48.8364,223.7276,170.3766,22.5092,154.9768,258.0757,78.629,575.8636,378.9333,87.7579,179.4976,48.7804,268.4125,566.7342,11.7427,8.4548,129.5176,17.8784,96.5816,119.0081,99.7398,435.7639,55.3568,234.6204,57.017,7.8479,342.2204,179.6201,200.0288,356.547,114.5365,5.9688,5.523,248.6005,23.1059,38.9748,309.8765,85.927,116.4436,25.3529,16.1449,122.8868,192.5445,332.7011,24.0289,176.2316,143.1857,111.0415,285.8324,352.7477,3.5832,117.576,0.281,151.9251,2.0
49.4769,45.4952,164.264,89.3273,77.8553,66.6075,15.3154,0.4773,11.8266,58.8575,44.9244,0.336,59.514,147.1767,48.3868,5.9526,3.7517,220.8002,215.6515,122.4103,39.5438,6.291,137.6597,23.5033,36.0872,26.8559,41.6802,23.3752,239.4262,493.3764,116.2561,143.493,13.0521,33.5436,110.3864,54.4397,16.9304,117.1723,56.9245,264.0024,165.1282,160.8434,219.9123,55.7301,34.8562,37.1012,50.9439,79.3262,195.6745,65.0777,80.8193,124.202,82.842,182.5283,143.8931,43.762,15.5879,107.7922,67.2803,169.4289,7.3866,8.4939,139.7775,24.1203,105.372,102.6813,113.55,181.5685,54.6449,262.9178,365.2737,72.0857,129.8188,174.1943,100.4291,149.6452,110.2358,0.0692,12.0263,104.2783,12.5042,16.5297,194.1883,54.5008,120.4289,51.5287,49.0676,57.1139,211.0855,190.4723,83.8446,55.4152,111.3136,31.8193,41.3082,141.5074,1.8444,115.7327,0.6651,108.3012,0.0
0.7465,71.0106,14.6071,90.9322,153.723,68.3125,2.7909,0.2912,19.0527,120.4448,24.4792,2.721,25.9733,160.8512,74.3204,9.7561,0.0264,29.0543,46.4329,104.1763,4.9359,13.5833,0.1363,14.8911,4.173,21.356,88.4719,43.6377,82.1941,696.9189,11.2116,122.4723,45.6015,75.4794,251.0103,1.382,25.0957,174.0879,111.7438,248.9988,215.2044,370.5701,172.4624,31.8241,49.7433,4.6043,75.3597,165.5927,232.7213,12.3982,86.0137,140.241,19.2573,213.5456,108.1782,38.7052,177.462,37.568,106.7078,197.9519,3.6284,0.6537,174.6588,112.1012,96.5048,72.8905,88.4886,203.6221,108.9089,188.8344,52.7953,31.1955,167.1043,222.3124,174.4103,150.8171,74.8753,1.5636,3.4947,138.201,28.3995,16.8452,194.796,85.8471,191.4602,31.224,27.9398,93.8045,326.6964,249.6819,29.7489,82.6876,178.1429,94.3092,135.4117,8.7893,5.8711,112.723,7.4447,142.2262,5.0
44.6774,78.927,72.7193,60.127,68.0907,93.2688,19.275,0.1997,13.174,82.8581,22.8634,3.2096,37.0024,154.185,55.3953,27.7191,0.683,84.5011,312.383,155.241,19.019,44.4397,0.5875,11.4892,30.2241,35.4237,49.7087,19.0663,310.0744,581.677,86.6624,97.0269,12.6695,64.7471,271.5203,1.4317,26.6403,112.538,98.8448,260.9967,265.7033,270.7971,253.4012,165.9875,22.1138,7.9988,38.1402,178.2736,226.5778,47.91,114.311,134.3726,31.9566,404.4545,136.0287,57.4144,29.9573,249.5156,153.8882,224.7812,16.5641,18.4518,138.2798,49.4398,80.4422,82.165,144.2777,220.1526,22.7829,220.5061,216.1703,5.5032,226.9424,110.3554,163.1346,166.1966,85.1616,1.2576,8.7078,186.0999,41.2668,32.4272,512.6637,128.0357,78.1605,50.3804,23.5318,138.3368,176.6872,371.4224,22.9905,96.9853,151.5179,100.2764,109.8881,35.1351,0.2789,165.8585,21.862,193.0618,5.0
10.7012,81.3418,139.1547,79.6685,117.2863,68.6628,10.2121,37.6357,26.7415,78.2814,30.1869,106.2261,69.3496,182.356,72.6399,6.0768,90.9482,107.162,154.0973,76.6955,32.7255,11.0249,10.7767,9.8891,23.7675,44.0227,73.9482,44.4684,234.5636,632.0959,89.3818,77.5651,12.2602,71.5097,304.264,10.4078,23.399,135.0002,109.3192,730.5966,603.7107,439.5451,265.3049,35.2435,44.6376,32.7335,46.5939,239.4409,211.799,53.0039,134.6966,242.5783,112.1606,706.0567,211.9316,80.3331,6.8212,65.4167,215.078,612.3423,12.7589,5.6086,155.9179,20.5552,49.9186,134.919,94.9852,609.2165,46.8734,279.2969,183.0211,14.7208,442.0108,275.0965,124.3779,210.2669,98.2651,12.593,26.7005,345.0736,34.3669,40.5542,401.1564,164.2175,194.8837,44.146,32.22,192.7137,251.1484,360.4332,21.1615,128.5124,125.3147,79.8903,172.0374,35.932,5.3226,213.1067,0.9899,183.2788,2.0
28.8462,49.3255,77.1717,97.8308,49.5439,47.0719,12.8401,2.5466,6.9697,66.7384,30.9324,4.5437,48.7663,94.5291,26.6486,2.5968,1.5172,111.0862,71.3745,78.6225,163.3758,5.5657,2.9145,3.9582,17.8844,19.7866,39.0449,40.4237,150.6279,442.5434,51.0942,111.1522,33.5043,40.5993,102.5096,11.1644,27.9356,156.0553,60.8928,216.852,143.4871,131.4503,294.0727,51.6484,24.9054,9.7004,56.4865,68.3628,173.3249,24.5845,60.5116,82.459,25.6037,169.8029,105.6367,28.5926,9.1274,54.2005,86.1957,136.7407,18.9566,26.7101,146.8392,18.7711,115.6919,68.0267,40.7303,176.5495,12.2783,198.1193,197.0971,4.0393,132.444,170.4702,99.8887,103.1898,51.4331,1.3343,7.5885,107.797,23.8275,59.6713,150.2114,50.9465,158.9958,48.9285,85.2828,57.7052,246.5384,184.4992,54.4214,59.5246,103.382,59.7917,146.2852,12.7908,22.3576,75.4521,38.3847,118.3375,2.0
15.8114,49.2558,114.8535,494.6887,64.9981,48.134,62.7404,3.2985,43.2926,44.7619,46.2452,5.3584,30.6485,156.8012,62.199,5.4643,0.761,72.1057,257.0939,116.1184,13.2733,5.7399,2.7761,13.1236,26.768,228.5891,62.2036,27.2004,213.8408,371.7355,75.2961,76.4831,34.4322,167.524,214.3148,24.1805,137.2407,71.3594,56.5605,344.2702,369.2252,252.7672,158.3094,71.6837,111.2302,119.7786,44.3335,154.943,134.054,33.3124,94.6545,118.4469,113.992,365.5514,153.867,401.4414,4.208,70.1565,101.9133,269.8928,25.3241,53.6466,112.759,24.722,79.5391,210.2332,84.2425,227.8324,24.1677,204.319,155.1033,11.8148,215.1522,566.6947,119.3613,173.7506,94.6366,1.6844,198.9292,115.6824,21.7732,29.308,333.7014,170.9487,104.1315,33.925,175.0134,164.4379,142.3604,284.8404,38.2499,74.2352,110.2771,292.0111,59.9183,43.6845,1.4024,166.7352,0.3573,201.5,1.0
39.5874,71.0346,74.2166,131.0206,27.1896,65.8285,213.0361,0.1429,0.3179,75.4276,40.8914,1.5066,66.8553,257.4855,105.3127,14.8226,0.0273,108.7777,274.5328,98.1668,95.9887,72.9295,0.0845,6.2615,33.316,43.3557,20.2793,28.4236,175.1061,906.1844,63.4428,112.5862,6.0592,52.7751,324.7508,9.5652,21.9247,107.5105,177.0229,657.1569,650.7329,393.1651,251.6424,46.6643,31.9385,9.3235,23.1441,152.4101,297.1958,89.9362,140.7328,169.2344,0.0477,832.9577,226.305,0.1097,0.8608,141.7036,227.1649,547.9674,13.7238,156.0921,147.5895,160.4102,44.0055,62.5227,120.027,690.1508,100.7901,224.7421,222.5161,8.9433,556.0886,98.014,223.2107,226.7477,85.8388,1.0539,0.5861,218.8122,23.416,157.5043,253.3614,259.1966,136.9755,48.2826,68.5409,349.693,221.4122,460.8578,85.7421,165.7276,162.2685,44.6729,176.6501,41.4121,1.3598,131.7215,1.0896,218.7965,5.0
5.613,105.5359,59.1967,308.9676,86.6965,44.5073,13.9053,1.6788,23.6573,89.1172,80.8314,4.1071,29.793,164.258,68.9713,4.2741,1.2567,45.9237,229.1855,74.518,15.0055,3.7731,2.3114,39.2057,18.4921,201.7204,86.046,39.2309,208.5909,522.6501,67.5515,93.3391,13.7643,116.3652,311.0487,64.2699,57.4223,131.4836,84.5278,375.6067,368.6409,404.127,303.3366,11.4691,61.167,111.2194,52.4857,190.4804,212.9669,27.7242,91.2314,160.3893,50.879,392.5651,191.9018,71.492,7.7573,21.8303,231.1552,363.8414,20.1809,14.3703,135.9352,34.7823,210.8562,163.7223,223.9202,268.6408,96.1312,202.746,78.3606,51.5321,171.608,571.1767,99.6391,223.5663,187.0377,1.2952,0.6195,177.2347,10.4595,26.7273,291.8,87.1155,200.1492,28.2084,106.5002,124.2436,210.2701,271.9171,81.3254,113.0273,173.18,97.9461,124.113,76.4433,1.8523,129.4492,0.4827,132.9974,1.0
30.5204,40.8623,209.7543,152.6627,47.2342,75.9604,17.8292,108.1868,34.3653,53.0164,43.2169,39.4983,55.9441,106.9432,26.5854,5.4154,107.1496,204.4087,135.0658,87.9167,36.6079,14.8378,3.5589,20.8931,32.7778,25.4892,22.0535,23.1251,263.5624,391.1909,83.9705,120.3347,16.7724,64.4265,118.2674,4.6515,44.4894,73.9573,48.0762,258.7141,177.7513,136.5375,155.0051,94.6407,32.3096,41.6806,51.5641,86.7454,185.9928,59.5104,68.3459,97.2413,149.9011,219.8172,93.0954,99.6393,16.6297,111.083,58.9638,144.2745,29.4556,11.8028,96.911,16.4648,81.9078,84.9333,47.7397,161.9456,30.3556,270.4439,299.3524,37.1497,134.6734,289.2067,85.2581,103.2027,89.7764,18.4268,9.6479,139.0575,20.4155,14.1132,189.4922,90.8189,81.8327,48.558,322.1407,85.6531,156.9528,201.4019,31.0646,45.2594,100.6957,143.8447,49.2654,45.9298,0.734,105.5969,1.3752,142.9418,0.0
23.9403,90.3482,214.6277,102.9671,117.8863,94.6362,29.6908,3.0598,29.8423,59.6518,46.3439,3.6064,44.1739,212.2837,70.4669,4.1605,14.4147,176.8914,270.9652,94.2051,39.7876,3.3963,20.8114,17.8886,26.4159,44.713,55.6425,27.3081,209.9242,418.0978,121.9726,121.5018,8.0741,53.312,255.2502,27.3898,37.3581,80.3357,73.0831,467.5941,289.8819,276.2488,212.9725,27.3164,64.6078,70.7317,33.0679,184.2213,237.6074,68.4196,104.0635,111.8051,105.9601,410.3534,181.4151,51.4437,14.9471,32.957,122.962,258.9171,5.9062,20.6975,159.2316,50.8824,164.7645,147.1459,204.929,235.1598,51.603,312.2428,424.7274,63.0739,261.0767,326.1237,99.1931,156.2802,239.7023,0.9031,5.3771,121.3805,11.7869,24.7858,273.15,165.2566,164.805,27.3585,128.9209,167.9397,180.6453,408.0681,73.907,84.8117,182.2608,38.7858,56.547,78.1187,1.5653,295.7538,0.5417,204.2456,0.0
20.5678,40.2133,98.0473,85.1457,33.8747,69.9721,11.7293,65.1171,23.0658,76.1257,52.8773,28.9885,59.8143,128.0939,33.0423,4.6827,31.9254,169.318,134.4312,73.6611,83.0702,10.521,8.0625,11.4623,25.9124,18.0407,35.0387,27.7972,180.9628,474.3345,86.5307,138.2717,31.0719,63.7054,158.3719,10.2728,26.728,98.445,79.7362,352.2622,203.5257,154.9285,207.3086,57.0161,31.7922,22.3902,50.7888,105.1936,204.1973,44.2698,67.1643,118.3062,56.8242,237.3488,115.4682,62.3942,14.6945,76.1081,110.8642,201.2376,27.4753,4.865,158.9197,33.8805,81.3899,63.9967,70.4366,261.9049,33.3991,246.9185,188.7933,33.7885,202.8801,259.1997,109.2431,101.9418,96.3447,13.8486,6.1825,128.532,19.0103,18.8605,192.2078,120.5602,153.903,40.6073,70.5884,157.2778,187.3541,259.4561,38.185,61.9624,117.1719,90.1789,93.3344,63.0332,3.4138,105.3216,0.6754,129.5822,3.0
2.0203,76.9442,16.5864,78.8904,85.135,57.3012,5.6351,0.0368,0.5306,95.3699,31.1528,57.1357,69.1827,142.3115,36.687,1.3162,0.4892,53.7789,270.8343,108.0555,139.9086,203.4634,0.0918,10.2092,12.0589,33.3659,90.1699,41.2276,144.4156,575.2515,28.3788,89.522,34.3333,67.8348,169.8266,1.2841,20.7344,156.1704,75.0209,277.4449,275.5721,355.3598,280.1571,39.4647,21.0123,24.1014,50.8888,125.2626,255.5808,36.2544,103.0588,108.6072,0.674,305.8856,118.9261,8.803,1.2975,136.0261,183.9385,217.2397,6.9665,0.1026,129.2523,149.0525,41.2334,92.1667,137.1078,235.8257,59.863,187.8386,88.1881,11.4054,112.7989,85.0046,74.0205,140.6698,53.9612,2.6261,0.7293,132.0401,27.549,9.0297,239.2182,107.7735,210.931,38.7939,38.1271,93.7304,463.3236,300.4,50.1467,92.1836,121.8383,39.0737,151.5369,8.0625,4.8036,75.0865,8.0046,160.4648,4.0
3.2115,86.8798,131.6332,208.3376,35.1292,49.9591,26.6537,0.5356,23.7766,79.059,44.7734,10.7799,33.1309,196.0534,60.3188,19.5434,4.2947,113.1199,404.9926,123.4352,34.0878,287.5774,0.4222,7.4525,30.7312,21.8913,65.4442,50.965,339.7146,540.8614,90.8586,87.4586,5.6807,73.1831,294.3142,2.2757,35.2423,72.1401,81.4634,386.6501,389.5691,381.2272,170.9214,65.8297,35.9257,19.1886,30.2076,198.573,172.8981,90.5511,101.1817,141.1259,24.248,497.4246,192.3223,37.1503,1.1466,233.9377,251.1312,308.179,19.6944,24.4747,75.2866,12.6947,139.794,116.7846,86.1205,298.4696,30.8272,255.4964,312.5882,1.9694,309.0157,234.1063,145.1356,158.2542,98.6146,3.1226,5.8403,201.2351,31.2357,27.1528,247.1482,136.4022,93.765,56.4405,70.1212,183.9766,179.9815,283.6849,27.5701,106.2318,165.7688,93.1045,76.6712,10.4591,3.3065,154.2746,0.5106,221.4883,5.0
8.9469,167.4296,25.385,129.5282,150.6122,48.3911,5.5881,0.0426,0.7883,109.9961,62.5516,1.0168,41.5526,257.3234,118.4788,15.735,0.3397,63.425,192.5466,80.1334,18.6764,99.4272,0.0956,22.8565,15.3018,28.4042,78.203,52.435,386.5454,484.6179,28.1497,43.7303,5.7122,73.3874,370.1314,5.8882,19.9267,80.8652,89.0233,557.9461,607.4283,623.6423,228.6197,24.5912,36.6142,7.2933,45.1629,205.9817,114.2849,65.5668,140.3031,215.5593,4.9978,759.5206,284.5944,15.4941,0.3677,92.5641,291.0842,787.292,84.389,72.6101,116.3015,54.7851,64.501,113.5044,110.5247,602.2425,105.9644,210.6475,113.01,16.0031,398.2941,97.6905,144.6564,370.4067,81.0553,0.6447,0.1397,204.626,64.1596,75.9413,236.2589,124.526,237.4548,56.1961,18.5073,163.7809,150.3071,304.7051,39.2277,167.6908,154.6064,50.243,129.9657,11.0079,0.0416,138.2116,1.3177,165.8381,3.0
36.6816,92.7975,121.8222,243.4507,105.35,47.3697,145.8775,0.0263,94.2348,98.8782,62.8987,0.076,51.8105,239.2538,72.3032,2.058,0.477,79.2634,142.3374,133.1466,15.8606,6.1866,16.8251,15.675,18.5484,116.9864,85.2981,38.2089,104.3756,681.474,150.8093,79.4736,11.9514,75.2027,350.593,34.5299,39.5962,161.3233,106.7848,290.8599,328.1087,401.6617,358.0471,17.7707,81.5928,160.4209,15.6188,193.0778,368.2196,52.0743,131.2393,201.0276,10.0321,394.8215,407.9827,18.5121,2.5182,70.1331,176.1737,377.6401,125.4615,122.4927,152.3814,45.659,245.5628,177.0085,289.6979,305.7847,130.7614,209.8104,276.7668,4.0795,296.8958,264.7938,119.5786,276.2851,120.5768,0.0817,9.279,144.6011,47.0079,44.9622,355.526,91.4821,183.9895,29.7994,149.3165,100.2423,434.9916,359.7624,60.6327,147.3367,194.3247,113.9714,111.9134,886.4792,1.0283,223.1845,0.8011,177.7472,2.0
3.7537,73.4729,45.4806,133.9926,65.5439,58.7919,3.144,29.4744,44.6522,60.8084,90.1688,343.9217,51.1219,163.0001,46.5103,1.3029,9.6767,105.9927,324.7042,123.8012,23.3705,5.0717,0.2861,26.0861,21.1672,217.9992,44.0751,36.7761,240.7751,791.1503,56.6309,116.7502,25.5578,126.7797,168.9489,32.8769,34.9317,118.1483,97.6107,352.3113,267.056,259.053,216.1892,19.9426,95.2393,50.3829,24.9869,130.3835,326.9069,31.2171,97.1429,182.8955,61.2791,318.1999,188.7741,33.7234,2.8608,37.5725,110.5134,348.9809,3.8577,1.2475,144.6521,63.2325,57.1804,93.7042,76.901,344.9221,74.5527,197.7338,103.8716,7.0987,210.3324,232.2242,134.8084,250.177,81.1714,8.1664,0.0,174.5058,18.6235,31.9628,187.7833,103.4174,241.0034,50.0198,38.3915,136.4559,212.4693,322.9265,63.0951,92.9467,160.437,94.3645,136.1768,434.4459,4.0177,91.6951,1.3612,156.4533,3.0
8.5809,163.758,22.0032,39.7668,88.0949,41.3328,42.3974,0.5776,0.2326,154.7788,28.1661,0.1113,43.6296,190.4304,72.91,7.0581,0.3546,31.7215,44.0408,89.5921,5.6788,1.4156,13.8587,33.8787,5.3588,24.1559,52.6876,88.0875,61.4404,866.3583,58.9436,59.2634,4.5296,49.537,399.0099,0.8726,11.6388,163.8801,127.9362,600.7036,632.0914,501.4567,338.2065,7.5662,53.4261,20.9591,29.9079,179.3132,356.0238,26.0874,216.7201,243.5668,1.829,781.3689,318.4127,2.9637,1.4524,23.4293,318.466,563.3675,7.0201,15.101,139.5484,60.2232,62.2279,162.8577,179.6846,540.2433,128.4263,190.7226,82.2782,76.1736,391.9361,64.2317,147.5124,341.1532,113.779,0.1306,2.0783,245.0304,63.2219,25.1225,236.6097,81.5988,267.2153,34.697,17.1019,135.0344,210.3671,359.8999,6.5977,185.2192,174.653,55.436,138.4389,193.0233,0.029,102.1042,18.629,163.1276,5.0
8.5185,77.3422,231.47,152.886,89.4235,64.2939,17.8469,3.7218,30.9211,52.8617,28.7981,35.3324,51.7963,127.9636,84.7738,2.751,2.5181,199.0458,256.1683,80.4343,30.3275,3.0932,35.2802,10.8023,27.3014,79.977,32.1304,30.5134,238.6381,424.1926,148.7719,72.4009,7.8831,41.3485,262.8327,89.6533,30.8383,55.1407,77.8326,430.4475,330.9267,467.5914,126.8393,37.1517,40.9476,68.7662,43.5136,157.9266,188.9524,63.7974,108.6255,206.1656,127.692,458.4583,171.4647,106.6072,2.8338,134.83,134.5822,431.1904,17.4784,22.6967,98.1255,19.2378,80.4984,165.0426,83.0347,329.538,42.6762,277.3054,473.3781,19.0327,244.2415,539.2654,120.3354,264.5342,124.0668,9.1403,11.9977,154.7316,27.2922,38.3287,269.0296,85.9197,106.3804,52.2544,61.7525,115.7726,104.5376,237.0093,34.8359,108.4444,108.8042,28.2315,34.3114,46.13,1.3956,334.743,0.231,178.9143,0.0
5.7881,73.3236,86.5474,41.0962,42.892,53.8231,13.096,0.6615,14.0168,74.8216,76.0236,6.4791,45.208,159.3798,58.6207,5.3137,0.6567,78.6495,187.2113,89.5493,15.6973,2.8344,6.1785,14.7928,12.2763,14.3247,77.3697,51.6356,160.0231,622.4003,73.9617,116.2742,22.3233,38.922,180.4207,84.8969,13.4531,152.9473,82.6828,381.573,267.371,287.3377,296.6093,38.3189,76.3725,59.8273,68.8537,126.8656,214.0721,37.1202,81.7371,145.0837,83.6662,318.6235,192.4672,17.4322,22.2824,21.3105,127.939,337.9099,17.517,14.4169,169.5871,32.7995,187.3285,122.9055,145.9046,334.7918,66.8547,204.3314,124.1378,42.8992,229.7515,100.1003,113.8817,176.231,134.99,1.4797,0.657,115.3708,5.536,55.661,218.1391,112.6663,202.6918,30.5781,8.6054,116.2494,218.3513,302.1473,59.9313,87.0968,133.9898,45.4087,132.6527,63.2761,18.8303,111.0069,1.33,152.0702,2.0
0.673,66.8064,24.8647,37.4061,71.4339,52.5545,6.2029,0.2404,1.3494,67.5608,12.4372,9.2927,28.5888,151.3312,90.7005,17.0869,0.2115,30.8877,187.7308,86.1078,25.3571,51.7121,0.1637,33.1053,14.1746,30.0496,55.613,41.2358,253.5294,558.8401,47.6434,72.6652,26.0298,77.3943,307.9288,2.1145,34.0351,157.4897,93.7516,148.6392,233.9277,278.8686,170.2419,79.025,59.0537,21.3151,88.423,176.0202,392.7141,96.8297,121.9656,176.1549,4.7707,333.5452,188.7583,9.7975,19.7083,89.1924,156.3453,192.0752,6.6953,57.5851,141.3958,33.6538,72.5157,126.9935,212.3699,184.9657,43.3502,206.9713,82.6814,1.2446,172.6717,76.1995,302.0068,189.1371,62.4197,0.7907,5.0221,170.6733,18.0538,42.7863,297.6047,89.8423,151.3361,28.9187,14.6125,90.8456,157.2742,229.9427,22.0202,116.9786,234.8895,145.2885,168.3969,15.5752,7.6327,175.1197,0.072,140.4245,5.0
1.2798,137.1839,18.7831,165.7875,394.2218,48.3998,4.4763,9.4354,11.7438,56.7393,22.8658,83.5327,47.3377,112.8067,69.0782,4.7162,1.9238,17.7688,63.2555,62.1277,49.7948,4.8996,0.4413,12.827,56.5577,36.7202,106.0777,47.5654,71.1091,506.0041,14.7242,69.5452,14.5095,118.3991,454.2987,12.4397,53.5178,117.963,103.0104,797.0708,876.0896,447.4178,257.4961,16.5402,53.8858,24.4164,50.4019,186.6324,152.7943,12.3033,131.3094,204.9889,71.2573,1020.0349,319.6405,100.9927,1.2144,27.4687,263.6552,691.6743,3.965,10.5767,108.9487,50.2879,46.1463,63.668,73.3561,648.8155,47.0261,176.5202,37.161,7.5559,628.5625,119.0737,186.0174,308.5094,67.763,4.5293,2.8407,390.2841,44.5598,12.9956,325.3674,156.5561,220.3518,15.3231,22.4657,238.6427,148.0367,319.9826,21.7243,230.6325,192.7763,68.6942,175.631,54.9252,3.768,92.3573,0.6671,137.2519,4.0
0.6593,255.8405,22.763,38.692,97.4497,32.4302,2.2961,0.0388,2.5127,92.8027,12.5424,18.5506,29.7364,195.089,127.1507,9.5067,0.7312,8.4104,114.2128,90.4614,35.4812,35.8589,0.0435,27.8118,2.2752,13.0873,132.437,124.1621,36.6805,663.1006,3.148,32.7657,13.1858,60.3523,600.3084,7.6631,17.5067,121.4692,184.5531,1061.8322,1026.2486,851.4389,455.3893,79.5104,65.4026,30.4331,80.2344,294.7875,229.803,15.0265,200.003,224.4563,0.5191,2273.3287,405.0141,4.1835,2.7294,38.1568,434.1139,1306.5357,2.0338,5.4865,134.4798,8.0423,35.5524,98.6232,118.7042,1022.7565,54.5007,152.284,13.0096,1.3079,823.8196,40.1863,412.9594,210.0129,96.4877,0.4995,1.0178,279.1621,55.94,76.8603,261.1813,424.253,184.0981,9.9288,11.7191,687.2954,266.1847,890.5122,29.4524,349.3682,246.2114,105.3376,239.9314,55.2776,5.2669,227.727,24.345,90.6867,4.0
71.1501,91.3147,27.6694,85.9299,42.5218,56.7124,3.0076,0.2997,5.4505,93.4052,27.3006,36.3639,28.8759,144.0646,63.5088,12.8457,0.6748,34.9809,91.1401,54.1229,170.8739,42.5397,0.3289,6.9694,7.3686,14.9386,76.0182,57.1005,175.1238,826.161,71.9512,84.1231,30.4189,41.4148,181.0438,11.2743,25.3293,161.5931,129.3611,608.2215,394.1013,230.8923,291.2213,18.5054,46.3905,9.3688,54.0633,124.1726,226.3679,70.5396,110.3348,160.0286,17.2909,507.732,173.6372,15.5637,11.7627,36.8484,160.4074,371.4614,8.0122,3.924,164.176,8.4348,132.4758,65.426,80.8531,467.5636,46.035,188.6953,55.2961,7.8344,363.3478,85.9961,255.0629,150.9412,99.3769,24.916,12.5922,170.5806,15.8084,62.36,149.7541,178.8212,281.7405,15.9628,23.338,233.3469,243.1919,415.3216,53.5991,99.5697,131.7247,58.0538,223.3157,94.9429,9.7143,80.8493,0.1021,113.9384,2.0
16.4714,223.1344,28.1762,136.6558,68.9144,43.3897,7.1301,0.956,20.3212,87.0002,34.6647,47.9952,38.1389,143.4233,75.3015,35.6879,3.5425,49.2702,135.182,56.6502,42.7754,17.1172,0.8083,19.3333,15.7084,140.3773,130.8484,58.1602,123.1364,522.9413,45.3136,55.8919,25.5701,125.4152,509.9692,39.3643,68.8659,148.6386,128.1678,751.8679,650.4994,663.1743,325.6316,46.7806,35.191,107.1251,77.4327,248.1842,131.0137,31.3612,186.2686,249.9728,36.189,705.9627,268.2045,32.7423,4.0261,23.0406,400.1796,933.995,8.8806,8.0335,142.6128,16.9165,63.916,187.0266,161.6894,623.6814,69.9949,181.1348,49.1915,8.6462,485.7733,132.9824,151.5618,363.9554,96.2916,5.2521,3.4161,296.6571,36.5906,128.316,315.9553,172.9524,172.6209,35.8934,46.8429,228.8074,194.5163,311.4371,34.269,195.009,143.8716,79.9096,194.3636,28.7199,6.7658,112.0591,1.5404,115.7038,2.0
2.0081,171.5479,124.9592,28.0836,77.8408,46.6945,14.9747,5.1726,130.2204,149.4908,23.0264,26.9211,43.2681,320.7556,179.7396,3.2272,5.7023,92.849,280.6332,188.2183,30.69,54.888,0.4962,37.7045,23.9292,33.8189,85.594,95.4182,170.6089,629.3011,50.6,69.9663,18.4176,101.7514,607.3051,37.9884,18.5875,175.6003,103.8414,512.2614,575.2253,743.7538,488.0317,36.3252,83.5814,41.1712,64.5873,316.9321,226.5279,95.8147,227.1993,260.9448,49.2822,898.4847,511.5048,104.9143,119.7124,144.0232,226.9176,547.1232,9.3632,96.3405,110.5281,48.8659,227.8049,357.0483,159.9853,374.9449,106.7316,288.7756,204.506,5.6322,382.6868,184.6316,217.1848,344.4182,103.5246,2.0248,1.3873,156.4157,41.4012,57.5696,437.4455,298.7935,161.8485,77.2321,24.0805,311.4163,327.0248,494.9294,45.0906,205.4996,247.0541,156.6053,193.2872,731.4913,31.8627,374.6183,1.3093,193.1547,5.0
10.8194,67.9791,44.8531,300.0107,50.4382,50.5769,30.3771,31.1289,25.9942,64.9278,41.0915,10.691,42.379,153.0512,48.2202,10.7086,1.8712,66.6725,151.8301,76.5412,18.3585,59.1126,2.3014,13.9366,30.4923,116.7198,69.9873,41.049,233.2058,474.9307,63.1604,105.7869,26.8712,97.5489,221.5147,21.3282,66.4827,128.3933,86.0928,399.0407,315.4268,252.5343,255.464,35.4494,47.3502,39.9874,58.4527,130.8463,179.2024,28.4629,84.1644,106.8904,79.0291,410.6365,168.0014,117.1206,7.7244,43.2687,138.5759,285.0685,19.7703,6.0512,128.1323,13.0801,100.9857,102.5385,103.4931,300.2813,30.3038,228.3778,129.2882,15.8811,267.6741,349.6301,114.1021,151.6086,110.2546,3.7996,8.6766,132.4482,15.704,28.9694,212.9737,128.1514,199.0281,35.6813,60.6149,187.543,252.7993,408.7463,40.9547,79.365,124.8122,150.4725,103.261,45.7047,2.353,97.9674,0.2265,145.4229,2.0
3.3094,70.6974,24.459,80.1113,18.3321,55.3576,192.2167,0.9861,4.8118,117.9521,50.6506,2.013,46.0765,146.1552,46.4806,27.0847,0.7325,72.4955,53.1836,147.0883,7.5042,6.0395,0.8879,12.5787,8.0104,13.4487,35.1994,33.5443,97.401,686.2369,48.6897,74.5933,41.5199,53.0109,145.7904,3.3096,18.5615,118.2625,141.2826,237.3033,161.2528,191.4391,374.9042,40.9768,28.6823,6.4518,64.9679,117.3432,215.8263,21.2981,78.3438,141.0307,11.862,211.8267,161.6095,14.5237,46.9096,72.6823,104.0418,177.9585,124.1419,2.1047,159.0028,54.7575,74.6617,53.6982,51.314,279.6311,79.8911,170.6869,113.1696,5.2777,141.018,98.4173,115.1545,189.5753,53.1835,1.3907,1.2908,137.9311,19.4138,31.3374,207.755,67.7017,292.8031,67.501,27.4172,77.7724,282.2357,254.1606,34.2735,75.4714,79.5164,67.6242,100.9545,21.6238,0.3672,93.6073,1.3532,261.67,4.0
3.4096,111.6442,83.157,499.7934,109.3872,46.1484,7.2255,128.7466,64.829,71.2956,23.7457,12.1235,45.8706,102.4515,115.9354,1.0626,10.6093,71.4948,170.7572,127.5297,14.0381,4.1681,1.3842,16.2831,33.0751,44.1226,39.5091,49.5931,346.7383,579.1341,47.3701,43.8636,3.5672,65.2373,573.4224,24.4503,122.2212,65.5658,93.4429,433.5658,469.5174,456.8336,180.6077,27.953,68.2625,99.6635,37.1008,223.4311,189.9416,38.8362,127.9961,195.3037,316.6376,839.7387,261.8675,408.1603,7.8428,84.5727,218.9285,481.7245,9.4602,32.1199,70.4005,18.9151,109.8666,91.2735,125.1368,331.0163,88.4687,208.2541,102.1227,12.9421,394.0814,195.124,122.8548,215.1345,106.1202,2.9902,2.8312,233.4303,53.0568,43.2924,326.4507,131.6869,151.4318,46.5263,208.3726,151.7697,131.7673,352.694,18.38,163.9239,147.4619,218.0311,77.1488,156.0032,0.5889,203.1171,1.948,276.889,5.0
12.0776,64.2804,104.3028,108.0434,57.4941,54.076,8.5343,8.5154,98.1174,61.3766,49.6422,7.6662,50.6354,182.4605,66.9003,1.1078,3.031,129.5736,296.3091,103.6502,13.0335,1.6637,13.2956,40.9393,5.4916,57.5455,62.4423,40.7356,142.5659,604.2348,68.4208,114.3661,10.9303,51.9883,202.1001,152.6564,25.6821,93.7302,68.3162,272.9663,194.9343,277.4954,205.4752,14.6579,85.8477,107.2683,48.2051,126.7304,377.15,58.9228,86.7958,141.8712,274.4413,272.1662,186.5747,57.0625,22.8088,32.2574,103.9818,241.2155,17.4085,14.099,117.6086,41.4648,235.4979,116.7114,246.0549,184.2542,68.2751,233.6791,247.2664,95.4351,173.956,254.7923,122.9107,157.7308,161.8283,1.3301,0.5713,102.2512,14.791,13.5061,231.0689,101.0416,193.2831,22.748,29.5239,78.0156,210.9284,244.9432,31.6488,70.5004,119.4415,30.9453,57.3663,151.3844,1.123,128.8594,0.3898,133.9265,0.0
21.8494,78.0663,177.6456,77.0068,39.0142,59.9658,97.7318,0.6758,10.3809,78.2612,52.4273,0.6409,57.9485,174.226,75.7893,2.1517,2.4891,82.1051,130.5422,122.1095,18.1174,5.2596,10.7436,8.8879,20.4758,17.4937,57.3929,45.4228,158.0355,598.0804,117.8205,95.428,17.9269,53.6663,188.8292,44.5762,12.6079,126.5471,97.6804,335.9234,312.3256,311.6192,202.8134,41.4489,57.2623,102.2875,30.123,130.779,230.7441,38.7451,102.3824,166.0183,77.8915,376.6283,233.3836,35.8644,2.6048,70.5301,132.8625,358.9005,108.802,89.7383,147.5436,26.4962,110.0345,132.8502,171.9186,359.2419,66.4453,200.4543,365.3664,10.6806,251.5012,126.4738,135.4156,231.018,78.7492,0.2585,23.8865,148.4403,9.1215,61.9114,240.4638,90.0324,201.4571,40.8413,12.1613,132.2561,240.763,345.4031,32.3456,112.8975,131.0336,60.9621,89.8693,141.2898,3.4553,148.4863,0.428,138.2697,2.0
24.7656,113.4057,69.5541,130.1817,93.2713,49.1989,12.3526,16.8764,20.7342,79.6652,38.0747,15.7675,33.1928,187.9672,119.5663,16.9669,11.9628,80.6948,180.7639,111.8088,16.9691,8.2427,4.4097,27.7562,43.5548,36.7122,77.0747,52.6885,185.4001,466.484,76.6596,53.0067,7.8251,103.935,406.8161,98.9248,26.6095,101.105,74.3592,372.9684,453.6125,543.1809,179.2493,25.652,130.8649,58.0177,45.8887,231.3642,165.1647,40.5544,153.1706,225.958,85.1643,575.172,321.1895,43.2989,5.7727,41.3228,183.2943,422.6729,32.7977,82.3689,118.7898,33.9455,120.629,217.3632,203.8425,316.7177,127.6509,223.3401,91.5043,11.9458,334.8049,272.0359,97.8511,295.967,123.174,7.6328,35.0562,156.1398,31.7529,57.6382,317.2414,136.6219,176.5733,52.0808,22.4767,153.6826,173.588,318.6221,55.3296,132.5738,185.6946,99.214,90.9336,363.4629,1.8962,181.2156,2.2816,170.995,4.0
5.1652,96.2792,41.7985,176.1132,170.475,59.3246,6.1103,0.2493,1.1513,145.523,4.3797,12.3458,87.6152,150.769,34.8473,8.7063,0.2837,33.269,56.7085,61.4396,272.2594,1.8312,0.2379,19.0365,7.8842,57.2011,130.1177,42.7664,56.6818,491.0239,16.3828,99.6115,17.3877,37.0154,303.2059,0.0427,27.59,102.464,80.1294,415.7174,281.8607,525.3277,373.7476,17.2197,118.3279,2.6802,36.6975,147.7974,229.6904,20.3044,148.8554,106.2297,8.1787,640.6989,122.4949,36.7088,1.2599,29.328,349.1294,251.2348,37.0848,0.1041,111.6689,115.0801,64.9291,41.6683,106.1289,371.2646,237.9542,179.0517,46.6637,143.1804,256.0505,134.6508,107.8164,179.2682,47.7065,3.1107,0.3008,112.6923,30.6138,51.2268,153.3214,205.8371,148.5646,21.2742,40.1132,258.7628,451.7627,722.6382,256.8794,204.6809,334.7314,59.4954,132.7302,1.2046,0.0637,132.5831,0.5715,212.1847,5.0
0.8917,95.3915,18.1581,40.1571,48.4688,47.7797,26.8883,0.2153,0.9446,113.0821,29.1361,0.2712,45.0027,165.7294,51.0182,36.7169,0.3004,16.7627,30.5376,117.0178,9.1104,27.3329,0.0103,14.1055,136.4287,8.1531,78.8909,44.6581,141.0491,639.6513,24.1396,83.2023,24.7043,44.7301,120.9291,28.3669,16.6787,262.7699,119.0646,264.2852,217.6833,283.7395,373.7479,47.2443,50.1063,13.5352,61.9393,89.5153,228.8321,6.2819,100.9857,174.5159,7.2096,205.7571,309.926,5.4962,65.1411,17.2225,140.0603,276.2843,24.63,31.1614,162.4789,26.2562,173.6303,112.2394,59.4001,330.3217,36.3152,188.5153,32.5034,0.5748,159.3692,49.8111,192.2888,355.6314,54.097,0.156,2.6725,170.6274,7.9658,77.0406,197.2694,43.7158,276.2849,8.9617,6.0791,39.9053,343.7416,241.3685,21.6641,101.5397,106.9303,71.9078,177.588,41.73,5.702,55.5369,1.4999,123.3189,1.0
2.2952,42.9752,51.4333,80.4026,18.2041,54.9324,13.4141,1.879,16.0369,88.1477,79.9307,1.7913,28.8168,164.6072,105.2475,1.9082,13.3789,135.2243,133.7645,128.6698,18.7111,26.7915,81.3628,6.945,18.3938,32.958,37.2184,50.9613,166.6306,739.3742,37.8221,88.8554,18.6684,88.7252,150.9881,4.371,20.6176,141.3,101.5965,219.8825,216.827,191.47,207.9783,46.0628,38.738,7.5472,48.3682,117.9494,359.1062,43.9718,67.7105,137.9511,8.1812,354.7166,192.0436,16.2987,10.0481,130.6878,120.79,203.2569,6.0483,62.0293,145.07,38.9828,172.4181,90.6664,152.3357,344.0021,87.1845,177.647,191.5871,35.9518,178.1378,197.0536,174.0095,153.2429,63.974,0.7153,0.6212,141.263,31.5704,24.6735,178.2772,80.2719,211.3233,105.858,46.1949,82.8657,250.0798,217.8347,25.4445,70.9619,166.4546,127.8153,69.4436,151.9038,6.8624,74.0687,0.0384,162.1682,5.0
17.5171,115.0611,85.6851,220.121,91.6013,49.8931,28.268,3.3731,57.6901,66.6857,42.5861,17.2462,31.2924,171.7425,71.934,9.2484,6.3274,113.1566,146.982,84.464,21.195,2.1686,9.1214,18.1199,69.5218,31.4341,96.1686,45.5156,168.5592,495.1028,71.0906,80.8976,13.4372,68.6791,296.5282,10.7257,25.7493,130.0846,79.1564,422.35,386.3647,374.9956,290.9969,9.9033,64.3805,97.4993,51.6495,178.4255,198.873,37.7032,110.8672,198.467,154.0286,494.6473,208.2108,126.3856,9.6155,43.6632,146.9051,386.4843,27.5413,41.1296,121.9456,23.177,75.9765,195.5791,125.1688,315.3765,82.3423,247.2318,119.4386,19.0616,289.691,330.9141,105.4115,228.179,112.256,1.4095,7.7772,192.1935,15.8948,32.4951,275.8609,108.4402,104.0501,47.004,68.6749,159.003,181.0494,300.5292,42.3406,119.7543,144.5022,48.6885,152.9291,102.9012,15.9109,176.1303,4.332,148.1848,1.0
12.8998,56.7638,48.8277,183.437,26.8231,54.647,26.5107,1.6466,42.2864,82.8935,65.6304,3.3116,36.684,118.9896,26.8134,4.3749,6.3163,67.3774,65.1656,91.5668,13.6312,4.3157,2.489,3.3642,41.4329,15.1965,28.4532,42.0657,128.4663,630.7052,85.8426,114.4949,24.195,39.8479,114.7021,1.6751,20.8729,156.9208,97.198,266.573,154.7008,133.6014,279.5605,34.2889,24.3828,37.5738,35.8837,84.2367,220.6643,20.4028,63.6911,76.7991,24.842,207.484,156.4368,24.3663,5.8674,33.2078,76.1454,151.2565,14.182,76.2647,166.0112,37.0968,108.9534,85.8819,74.2025,220.4779,37.3951,166.0914,105.6162,14.4887,155.0528,102.9438,101.6295,144.4087,64.3766,1.528,12.1648,137.1756,46.6542,20.8818,142.0876,52.6126,260.1973,18.6123,66.8646,66.062,277.6637,223.3099,30.7999,59.1934,115.2829,86.5851,97.6474,95.117,1.1147,62.4264,0.2473,150.8462,2.0
1.8946,100.302,60.5121,200.4247,68.6501,64.4513,3.4652,0.6155,17.2205,112.4981,19.6289,1.8474,56.2127,191.2731,23.7986,6.8881,1.2296,22.7785,26.5764,125.5888,5.7365,3.118,0.501,12.3421,4.9697,27.6483,94.0194,81.8034,75.6203,959.3357,29.5084,108.6147,33.4396,47.9593,282.114,22.9471,42.5313,247.236,117.4766,527.3349,278.539,296.6187,542.4243,14.4661,77.6284,14.2561,87.4859,221.5949,309.1445,30.657,138.9989,187.2395,11.5237,354.5125,214.4595,26.5211,32.2769,14.1599,167.8371,366.9402,4.3848,1.2422,151.1865,18.3424,77.4368,173.5531,66.9105,360.68,75.9514,278.9095,33.9047,8.251,283.4061,143.913,137.399,157.0589,96.0264,1.22,0.2562,184.5427,19.4302,40.9829,318.3982,159.0427,299.117,24.6927,92.3471,228.0041,536.5854,334.5711,52.5261,126.0693,178.9155,94.6608,203.5364,39.6913,151.4389,108.7085,0.0588,131.7966,5.0
11.2639,35.326,152.9855,306.4817,51.7077,57.4214,7.1128,987.2813,77.8241,47.7262,38.3824,12.5705,67.9545,108.6176,35.6487,0.7339,154.6461,124.7075,137.1578,105.3336,17.6957,2.1799,3.8029,79.7322,13.2897,126.2435,23.2454,23.8356,287.3087,631.1993,57.2368,81.9438,7.1079,131.9598,162.7016,14.5352,136.273,55.2674,65.6065,287.1881,225.8517,195.177,138.9929,11.7066,36.8656,40.394,40.5686,110.6255,581.99,27.8746,83.2682,131.4697,284.0266,301.3382,115.5713,690.3286,32.4422,15.8276,86.971,208.0904,21.9487,14.1199,92.8582,24.8815,63.2164,67.9072,65.4338,217.7576,27.9008,218.0202,143.0651,23.2244,168.8302,328.2538,148.7764,87.4264,79.7793,2.217,0.2299,123.277,14.0696,8.9501,179.115,120.7748,36.9393,62.8489,34.8937,112.6266,205.0217,239.9167,14.5239,48.4407,123.6761,305.6702,44.2766,25.6218,3.492,103.3684,0.7497,548.5354,0.0
2.5511,94.5297,15.3689,161.0364,185.2873,51.023,2.2471,1.4497,29.25,179.4131,50.9294,5.1431,46.7298,162.3792,57.0326,33.4673,0.3728,23.6552,47.9482,126.6237,4.2723,4.835,0.1519,32.8853,5.885,23.9606,70.7237,71.2626,100.4988,730.3722,16.8888,110.2523,24.3145,125.2502,250.6234,2.8446,24.7545,208.9904,94.9204,289.6787,227.2526,282.9264,349.052,40.4684,72.7389,6.5558,84.0423,169.0521,275.3719,13.2338,99.865,121.6329,37.2912,258.9498,250.8495,86.819,111.4399,35.7691,133.2058,213.4804,3.7676,45.3297,191.3948,139.4929,85.1473,74.4157,110.8554,206.7202,144.839,162.6919,45.4825,84.5523,224.818,156.0242,135.1353,159.2758,62.7558,2.0117,2.7076,187.86,40.5725,24.5853,210.2479,101.3345,164.2857,20.241,44.4177,131.4026,249.2913,266.3848,20.3863,97.3028,212.239,84.6021,165.8172,18.0493,0.4142,77.4377,1.1134,112.3482,5.0
6.3433,81.0656,48.071,176.2321,212.6959,59.8082,15.3076,0.8556,13.0368,91.3677,24.0536,0.4008,32.625,144.1658,61.9637,12.367,0.541,60.3355,126.7108,118.0081,10.4265,27.8326,0.2057,13.4958,8.0179,53.3251,52.3061,50.9394,144.8482,678.5624,32.2467,96.812,22.5224,72.4362,217.2524,5.9263,81.9887,231.2374,100.9789,445.7253,319.9333,284.3445,370.7964,110.8538,27.6792,15.4069,50.9318,135.4038,249.9404,24.1469,102.5169,163.8742,49.4384,491.1958,278.6335,179.7821,44.7991,68.2295,188.2015,352.8521,18.1971,27.5549,185.1192,7.1048,74.1852,102.0075,124.0532,414.7158,95.2436,220.8637,134.3145,16.0928,309.639,274.9501,412.5185,231.8015,66.8492,0.3283,20.8691,195.5667,37.0384,75.4052,211.4758,173.827,64.6642,26.7416,99.5696,205.6018,350.8833,471.8655,57.4027,90.4299,168.5679,140.8033,272.3009,93.2456,7.8266,141.0093,2.792,204.9653,5.0
187.7451,50.6972,37.0057,61.8116,34.343,48.548,2.1188,0.0428,9.1055,89.0805,105.3128,6.6034,98.0883,138.0411,64.5648,37.6534,0.3775,33.7927,56.8042,132.6965,5.5873,44.2885,0.0115,23.9918,71.4358,12.2836,73.122,23.4326,82.2996,1108.655,36.0656,103.8255,26.1889,47.5498,149.6631,0.9883,12.2099,92.4488,77.0842,249.9318,360.8899,173.4474,107.514,42.1479,17.5883,2.8031,49.4644,107.8663,196.1554,11.1604,92.5133,120.663,5.2284,317.0178,141.2369,15.5737,1.5952,45.6434,236.1036,172.1017,16.8729,8.8773,123.3781,53.5638,116.231,43.1993,256.3444,202.7955,34.3482,190.4811,56.5589,67.7736,216.631,65.2454,149.7565,159.8789,69.4675,0.6227,1.8834,75.6723,60.3641,59.5858,156.8846,79.6009,232.9358,9.5477,18.7452,108.1947,152.814,264.5888,29.4428,78.5853,140.5509,113.2616,74.3394,223.254,0.1396,77.0917,3.3461,132.9912,5.0
11.2044,38.7701,189.1931,132.7702,45.674,53.0761,15.8943,319.0421,72.3637,44.2409,47.4429,30.3888,58.6182,88.049,26.4683,2.3889,237.967,246.9812,173.2021,104.7342,47.5039,9.1773,0.6232,42.7404,34.6931,53.2956,19.1437,28.0025,230.4747,329.5269,64.0259,89.5128,8.6588,93.555,92.7962,17.2262,86.474,68.869,40.7828,183.6878,159.2423,127.0481,119.6024,49.9785,37.7054,67.4654,54.229,69.6914,143.8906,60.614,68.2198,102.3305,104.8211,157.1904,97.0765,307.745,18.7465,77.7588,51.871,132.4001,6.921,7.5818,80.6033,31.504,69.7196,88.7168,46.3167,138.4476,34.8328,191.1518,167.2501,19.0322,95.4875,297.7132,82.1983,106.2476,65.6325,3.9871,2.439,117.8575,13.2463,10.1278,169.8145,56.1064,93.1751,67.9602,124.6126,48.6598,144.8487,156.1032,44.3187,46.8891,76.7238,224.009,33.3608,44.379,1.3172,96.8093,0.4568,197.8825,2.0
17.9562,57.4777,83.5745,108.3694,38.9153,49.6574,32.4584,7.219,25.9533,106.4322,42.6074,5.7859,40.8758,186.5915,79.4989,26.6559,41.1339,58.3132,120.7562,145.4137,13.0488,4.9472,6.8901,10.8674,23.6486,25.7971,51.4183,35.6424,177.4719,585.473,71.4086,89.4365,27.2111,38.1562,165.3049,17.0517,17.8533,149.2464,77.747,307.0759,258.0269,210.6776,294.4071,140.534,68.5905,21.7175,49.2766,128.3832,225.2288,26.7352,86.5116,142.3,79.0843,304.7304,240.0869,42.1896,8.5467,48.7731,101.3828,233.959,29.9518,62.1598,164.6058,42.1736,122.3994,94.1707,79.8369,298.641,89.3634,222.4033,119.0762,30.7115,223.3363,122.4147,123.1894,166.0026,88.9454,2.012,13.4416,137.3039,18.0908,22.7227,247.1503,112.2403,152.8876,30.6479,48.5925,115.7154,275.9322,275.2897,48.6874,79.0527,170.8453,85.6197,99.7061,81.6658,3.8934,117.4329,0.2335,155.8813,3.0
774.0375,70.511,19.0927,173.6806,52.0616,74.507,3.111,0.0137,1.711,93.2225,12.1934,357.0433,40.6791,117.5416,35.678,5.0182,0.1989,33.5219,48.8802,47.2416,46.6959,42.8846,0.1027,3.9499,3.5359,22.4691,53.9777,42.8773,60.5276,706.9687,14.763,87.7879,21.8874,40.1325,136.3022,5.2645,24.0378,89.903,111.3443,374.1019,219.301,164.4689,211.2986,45.5648,37.6701,4.1855,51.6972,110.6134,299.5458,14.7433,68.5456,89.2559,6.7923,307.0883,129.5231,15.6745,5.2408,34.5344,144.3506,167.4127,6.6121,0.3547,167.7585,63.298,22.9719,23.9485,76.4752,279.0416,23.1985,164.6124,66.4511,5.155,122.4565,65.694,216.3299,67.1901,56.2564,95.1596,1.0124,201.0924,86.0861,23.0974,110.0044,127.7703,125.8101,25.804,26.7801,184.9863,209.5318,286.0158,16.4445,99.3709,161.4635,61.7079,95.0496,8.7305,1.4517,70.9653,6.456,124.8484,5.0
5.9286,60.2895,162.8644,75.1154,55.2281,58.9567,21.1755,12.4022,19.7703,68.3238,25.4946,28.2846,26.5237,159.7811,65.5121,5.331,15.9788,78.4683,176.7592,127.4553,27.6028,63.9729,1.4628,8.9259,31.6148,28.3058,46.97,38.339,343.7106,572.9214,77.7533,83.4252,17.1388,74.0104,186.5221,5.6832,21.776,103.6576,82.5371,453.1897,373.6103,263.3585,204.992,90.4356,52.1991,37.2789,51.6618,144.228,225.3196,66.6814,122.8029,135.9692,72.4138,484.3778,145.2996,65.2611,32.7663,80.389,135.8331,336.99,63.5292,8.2835,119.3235,11.2784,87.2138,89.2531,78.3464,369.4267,27.1569,240.1512,169.9378,5.9278,291.0931,139.7621,162.3385,129.5907,75.6271,2.8922,126.9115,211.6838,38.465,27.006,265.0966,149.1689,78.1213,30.9879,24.8552,159.7858,211.0659,417.597,18.8591,93.3574,103.7987,79.6774,105.9081,22.5057,9.7346,120.6129,0.2271,111.0932,4.0
6.1263,90.4583,97.5686,134.979,62.1244,56.4706,6.0561,1.9227,23.8332,126.4043,20.4684,11.1199,37.0006,211.057,69.2645,31.6165,1.4828,55.627,317.7774,99.8083,37.0041,79.6602,2.1257,6.0159,39.5274,59.1377,72.5905,73.735,209.1156,838.4144,89.6609,92.209,18.0637,87.6795,321.4315,8.7541,31.1222,111.8762,129.8479,781.5386,661.311,806.8568,220.0286,61.4789,56.4289,25.4934,69.6721,227.6326,243.107,71.476,135.0741,231.08,9.2565,891.5471,270.8716,10.6719,21.6743,110.8592,341.212,788.0708,17.4671,18.0412,149.7559,30.2309,39.7315,154.2606,46.6493,720.2533,143.2383,266.6146,137.1405,4.2721,511.2946,234.402,137.7171,242.786,87.3332,2.0621,30.2803,317.3651,46.0225,156.2063,334.0593,122.1345,155.1984,38.4511,54.5891,196.1993,213.2766,379.7706,27.2872,188.8269,105.7063,110.1014,182.7362,73.2355,8.5217,141.5226,2.6924,205.5803,3.0
144.9215,50.662,52.6469,198.7281,44.2361,59.6114,59.9222,8.0746,23.9481,74.5361,76.6294,8.7728,44.8897,130.2285,51.9956,5.1824,0.9567,77.586,80.4284,109.851,15.5284,3.774,2.5527,7.9063,20.5077,28.7234,45.4753,32.6246,133.7862,523.4129,76.2799,111.0826,15.5892,44.4412,117.7588,14.3989,25.1452,156.8055,85.6118,304.4721,242.2633,160.795,271.0145,81.7819,50.1717,17.9715,37.0193,83.145,193.4127,29.1134,64.7738,102.2027,69.2506,265.144,157.0568,51.0994,2.9209,56.1297,85.8391,219.283,59.9424,94.1585,140.0609,47.8127,229.1173,89.9985,127.3517,261.3003,82.1976,169.9909,142.0763,43.6636,170.7642,159.8314,103.765,169.9261,95.4137,4.2054,6.3771,110.847,19.6603,27.8248,190.9043,76.5827,174.6667,23.874,165.9675,72.6738,223.1617,297.9989,48.0722,63.3081,112.6882,93.3532,72.8829,126.042,1.4353,72.2883,0.6838,149.1743,2.0
6.0633,56.2239,3.5029,33.2832,242.7582,49.0551,4.3884,0.0063,0.1142,134.5176,55.307,0.0182,110.1976,165.3283,58.4442,29.0429,0.0229,4.869,21.384,48.1606,0.7177,0.0465,0.0236,17.3838,4.408,8.073,34.4823,29.7136,28.3721,636.5432,11.0256,42.7756,5.1485,94.0059,141.5731,0.3439,7.4046,81.9598,196.372,411.0356,307.0068,242.79,338.5174,18.6251,17.156,0.3339,21.0251,154.9733,448.7915,11.3519,116.4444,120.2696,0.0178,233.9707,229.3855,0.1226,6.6213,2.1313,341.2743,255.3223,93.6926,59.9683,213.3187,126.6151,19.1271,25.3103,179.8706,193.3743,25.7191,156.5382,10.3559,89.9293,234.6556,87.4724,196.5019,125.3687,63.9534,0.057,2.3793,215.2144,210.8483,74.7199,175.5436,118.6371,54.8322,22.1941,5.6952,229.4657,305.6033,502.7776,1.1094,108.6169,104.2531,116.4773,175.812,13.1604,0.0,75.7464,9.1757,129.531,4.0
9.4324,54.8653,74.2287,88.7575,33.9002,48.6617,31.7487,6.5919,25.3483,72.7685,56.2871,3.406,50.0002,166.7901,60.7384,2.7963,2.7071,111.9373,160.0219,144.1208,16.5358,5.6868,2.0845,15.3023,21.2924,31.3903,51.5082,39.5988,153.5728,492.0113,71.6244,95.56,18.8624,63.4923,176.0911,102.8693,21.508,100.3558,80.012,378.9813,261.6083,338.9384,182.2453,53.0971,56.0045,63.5486,54.2531,102.3941,178.2158,41.2682,99.8852,196.6349,131.4294,353.1284,177.9164,43.8916,14.4383,63.4677,125.4314,365.5517,17.9588,34.5232,129.5764,30.972,122.4995,127.8171,156.1465,353.5036,56.1947,211.5952,161.4409,29.7845,208.5486,289.2632,148.4827,205.7291,110.4766,0.9038,7.9459,112.2413,16.9709,53.7575,198.9176,99.7566,173.2602,26.7772,40.7801,112.2175,179.3899,259.5362,55.364,79.5278,85.4702,49.2957,79.8021,106.9431,9.0894,134.0663,0.751,126.2342,2.0
6.3079,142.9277,62.2007,104.4987,156.5582,47.4031,143.9866,2.4011,43.7626,95.0484,33.4583,4.2921,30.6093,283.594,173.5913,19.1561,5.2612,46.13,188.0108,159.854,39.0245,43.745,3.1073,18.0879,14.0216,39.872,97.2791,77.47,157.0109,542.8475,101.4994,68.4449,18.5555,51.2452,372.9143,135.3401,25.8448,149.6787,99.9093,489.1078,549.1175,511.5775,385.2179,31.0189,132.4147,75.4584,30.9637,198.6421,205.2887,43.5636,193.3618,190.0008,37.3218,855.6914,635.1482,68.8929,4.0607,33.0887,270.2873,465.0855,11.808,139.3785,154.842,66.5769,121.1149,222.5808,359.1545,402.7101,98.1413,246.4294,85.3377,30.732,451.3394,156.2248,133.5133,218.2547,133.4697,1.2933,7.9008,144.0188,13.4704,109.7799,398.5113,194.7073,220.7257,26.2015,60.1688,174.4259,297.9507,470.7316,113.6057,201.0148,178.7654,102.8986,168.6428,148.8573,10.9872,186.1067,7.5892,135.1173,1.0
12.8764,60.2134,87.5589,281.8695,102.6886,45.7383,3.6324,401.9433,120.7884,87.9388,54.0409,71.097,62.2162,168.896,82.9524,1.3476,88.2309,63.795,266.9664,170.3018,14.2483,8.3842,0.5247,50.9479,16.2531,54.1733,60.4967,55.2477,433.0972,946.0852,42.9423,86.8196,12.8065,102.7889,222.1221,82.6505,134.8373,96.6068,73.5727,361.2579,291.1536,313.8406,202.6089,27.3453,61.5547,109.2584,65.7117,171.5329,879.3314,22.6168,106.7918,219.684,388.8552,462.5575,160.8147,226.1606,119.4975,12.8423,108.6484,339.4822,15.0671,16.1205,94.0353,19.8203,144.2337,131.3635,162.4681,292.6879,87.9649,233.2361,79.1328,49.0897,227.0488,258.4572,120.2913,144.563,158.3468,10.1859,3.0246,154.5443,20.6654,13.1899,278.3305,151.5945,114.0048,20.8025,57.6109,162.8754,427.8675,324.667,73.3085,77.7151,205.8727,267.0594,65.6378,211.169,1.608,114.8836,1.9865,403.1465,0.0
0.2284,120.1114,31.6535,98.0581,31.6483,46.0873,156.7601,0.0391,6.0345,88.8616,64.2026,0.3621,52.3062,159.0135,62.7546,27.5459,0.7438,46.2062,47.8273,115.3405,3.31,24.0286,0.3107,42.3394,6.5538,21.7577,73.4597,38.0977,185.3153,727.4353,35.0992,45.4172,13.8382,143.9214,221.1231,49.78,23.065,103.9088,49.9035,362.021,229.7165,327.9983,260.7547,29.1262,44.3823,28.5035,54.0442,136.0981,249.6029,17.4112,116.9824,170.0963,1.9338,326.1846,293.2467,2.9715,0.7979,15.8463,136.9753,289.8283,1.611,83.5224,146.1306,37.4417,75.7422,159.688,80.272,256.3085,49.4563,197.1761,45.4248,3.352,180.8007,92.2734,78.8798,238.9521,82.1306,0.2759,0.6209,175.3754,15.9253,24.0793,237.0006,81.515,329.7751,75.0167,10.4679,84.436,244.0657,186.8282,31.8103,118.9806,150.5265,86.2656,187.7976,82.3945,4.5257,100.5587,0.2733,140.8306,2.0
1.9284,74.8922,67.3461,62.3711,28.3496,61.5227,11.9495,0.0347,2.1357,45.4055,24.4585,6.7812,26.9229,191.2647,60.0633,29.2542,0.9711,75.1713,394.9746,152.3616,10.897,118.6149,0.2691,12.1808,13.242,16.3257,60.5066,2.0355,227.4359,499.005,61.8849,121.1948,18.2883,38.455,173.6026,1.6875,27.0071,172.0459,53.2798,299.8724,308.1896,289.9576,249.1968,37.4038,40.8579,5.7919,52.4984,165.255,128.6699,45.9294,111.5197,165.2115,3.2355,443.6195,232.065,12.5806,78.7661,141.1172,169.7908,331.9182,13.9465,1.4826,161.6597,8.712,112.7991,127.3299,66.2774,276.6387,58.1625,250.0581,113.8264,1.1401,205.0306,82.059,144.2233,222.2605,83.1924,4.7241,3.295,147.5638,44.9964,62.3924,338.7769,75.6026,195.2126,59.0986,13.297,87.407,193.0681,249.527,36.4037,92.84,91.0429,107.5501,237.3342,2.718,16.6057,112.6371,0.9388,174.9981,3.0
2.0847,56.1848,1567.0924,151.7246,29.769,56.4974,10.0643,0.4205,1.552,82.9127,50.4,0.1418,29.3314,413.0731,34.2804,0.2357,0.661,154.4385,240.2789,179.5689,223.9099,18.5762,1.4564,1.5978,24.1042,20.1488,35.0362,19.1718,181.6849,553.6429,150.8612,117.3492,1.1576,39.9686,210.5151,4.9702,16.4529,75.3568,60.0387,247.4146,195.4888,262.0194,380.9898,13.9276,7.2548,4.913,17.5136,135.1895,216.8038,27.2677,112.111,153.069,96.4201,232.6977,547.2572,97.897,0.005,47.9664,103.8398,237.6794,12.277,20.0162,78.5885,16.5492,100.8268,197.7127,148.9514,172.5562,6.821,1891.6044,187.181,11.4053,145.3996,387.8393,132.8072,206.8072,108.8968,0.3327,1.1502,122.2377,17.5016,106.6284,370.2991,83.8345,5.7915,34.1783,51.035,56.2789,247.4732,259.4593,22.1743,106.2233,103.0062,54.3449,92.9568,70.797,0.0457,104.3517,0.0115,193.7394,0.0
8.5845,69.5462,51.2149,65.8421,160.5957,49.3693,9.3461,0.1631,34.1267,107.1506,67.0218,8.7078,24.3194,164.9502,99.8556,27.7886,7.2095,59.8427,96.2214,181.1987,7.6366,9.5594,3.9844,10.4486,11.1706,32.2913,39.6876,58.586,222.7659,388.8366,49.6082,55.2241,36.7287,68.2446,272.3037,17.702,26.7607,159.4512,54.0209,183.1364,263.695,348.5959,198.0863,57.5455,53.1489,65.4287,65.7242,120.4651,114.5179,28.6839,96.4089,139.7974,15.2565,363.558,193.8734,32.8495,14.8371,34.7512,87.3904,229.0602,12.1525,42.4753,133.1607,57.3792,106.6426,117.569,67.5944,218.5227,102.1799,174.1963,103.1871,25.0594,180.4731,109.0577,84.0004,197.8402,72.9321,2.2633,40.678,125.853,69.9717,57.6616,217.1223,127.1221,99.5589,71.996,29.0378,136.0903,160.8085,230.4044,47.3436,92.4716,184.5306,137.8379,145.931,100.1437,7.4663,134.478,3.0284,176.9583,3.0
9.7927,89.5866,23.5562,362.3919,17.2753,55.5966,3.8324,0.0096,1.1803,72.0145,33.3077,168.6148,32.1728,163.0185,41.6549,12.0842,0.2092,19.9826,57.9119,62.8514,34.2477,9.8523,0.7917,3.7736,3.7132,33.563,66.0701,69.4948,85.1328,709.2019,15.5455,69.4608,30.9463,66.8858,285.628,13.0865,62.6542,155.0985,136.43,715.6494,618.6156,337.8949,386.8788,23.9395,54.3457,22.6975,46.517,168.7318,199.6795,15.4268,88.8245,111.5205,1.9035,785.4983,119.291,3.5511,7.8055,19.0593,223.2873,454.4137,22.1173,12.046,212.9098,10.5706,68.4562,56.6224,69.7428,536.3869,62.681,183.4871,71.4956,1.6389,280.0912,139.964,141.1202,122.7533,67.0372,10.0713,0.2366,191.6104,20.5904,63.3762,176.2041,176.1019,115.1015,12.6019,62.3244,369.1376,294.349,548.0239,37.6022,98.4221,117.1894,120.9038,294.4004,8.7559,28.2011,82.3788,3.5135,192.571,4.0
0.3447,91.0982,45.5563,90.7938,85.102,55.055,8.0771,0.2983,8.5029,100.825,25.861,0.0805,34.3474,154.7359,91.4637,5.1085,0.1298,104.8886,391.6922,165.9697,18.1858,53.9029,0.1117,7.9713,18.6296,21.1984,27.1199,20.5605,231.5296,725.3665,43.4898,65.2304,12.1629,35.9421,219.7648,0.1562,21.8516,146.1699,137.4147,194.5385,260.8274,227.053,255.3007,87.8919,26.579,7.2114,25.4013,108.4973,351.9465,45.2851,96.5911,143.2292,13.8167,464.4112,183.9874,27.0068,27.2569,133.8019,181.0763,193.5606,12.4216,126.3771,87.5403,36.9827,111.7664,70.9161,181.3168,167.1386,54.3091,129.4252,94.6924,7.4071,210.6592,117.4545,206.2383,147.2049,62.2244,0.3102,3.4267,200.0563,33.6288,57.7427,205.8393,65.8343,97.1743,30.3341,33.7787,92.8204,184.0899,253.7391,22.2778,129.2997,147.8303,58.3138,139.411,160.0701,1.0497,107.6468,0.9627,161.8062,5.0
18.453,66.5542,52.9769,73.2399,78.322,59.1662,55.2661,14.9467,16.5516,157.139,46.2183,32.887,47.9269,146.7274,50.1286,54.423,8.3665,88.0983,99.836,190.4794,11.6119,18.6438,1.4842,9.9181,16.1816,14.8505,58.6853,34.4001,282.4829,614.9433,55.1803,114.4283,26.4767,90.161,176.1131,13.0045,14.7008,155.2886,79.7082,319.3074,234.1959,238.0704,303.9391,71.9242,45.7345,25.5978,85.9885,140.7184,200.6064,24.8237,96.9128,148.4477,83.7616,315.9962,207.7845,31.6419,145.2442,52.8547,100.9121,257.9819,63.8894,5.2272,160.4992,53.4837,69.1135,97.3231,66.3756,289.4889,36.3973,231.2573,117.0568,17.3545,248.77,170.8656,148.2739,153.6231,69.9783,8.1783,9.5761,170.3393,86.3721,24.555,282.5744,97.3223,232.1629,41.6094,39.3482,111.4618,238.3708,340.7923,29.2715,78.2798,148.0173,88.1677,131.3847,40.0828,1.3729,126.3946,11.649,149.6278,3.0
51.4797,62.1358,63.7911,89.1254,79.2713,52.6047,7.095,1.6861,20.3035,67.3804,43.6954,9.983,49.4721,137.7331,42.2751,2.5804,1.1426,64.5707,173.9492,95.7336,13.7782,5.6478,2.1275,32.2467,10.0539,78.4514,60.7884,32.6479,273.8469,540.2578,77.7424,105.4179,20.2708,45.0099,175.2509,65.6701,52.8457,125.9362,69.9288,285.9901,214.7468,198.8125,256.4285,19.1498,72.8614,58.7253,38.4239,121.2586,243.2705,25.6898,68.335,121.7693,63.4491,266.147,158.7762,45.3135,16.3545,41.7543,110.3322,198.8699,18.045,41.2362,154.691,31.9752,131.0541,103.0382,148.76,184.4912,75.413,205.7547,140.5793,79.1603,177.0231,216.5063,84.4806,190.3284,89.8591,0.9844,0.3041,107.642,19.4359,20.8122,183.4298,88.9865,181.2302,26.4101,32.9995,113.3347,232.3306,251.9698,95.9139,65.2861,156.9007,99.1718,92.0645,48.2094,2.6664,104.7814,0.3763,129.3239,1.0
170.1444,58.1007,142.8157,99.7585,117.6637,58.2892,14.0259,1.2192,74.7576,46.3083,36.6123,5.6419,35.4523,171.3464,79.4581,33.2024,0.5379,101.2198,355.1118,117.2498,22.4414,51.1632,2.0973,13.0674,19.1421,40.9998,67.3018,27.7767,472.834,427.2023,84.7525,85.8329,17.6845,66.8571,238.3647,1.6716,43.1146,61.8019,98.7602,345.935,427.3255,346.3326,159.2889,72.6645,33.0272,8.3665,26.5441,186.9293,226.9151,80.996,124.5616,168.0111,22.9394,479.2726,353.6271,51.4842,4.0567,99.6095,302.089,250.8481,31.7141,39.4167,125.6484,17.472,203.0706,122.7018,281.0953,251.9503,180.0393,331.6454,245.5231,22.1091,289.6992,210.0238,172.7063,195.5521,106.6471,1.4899,26.0577,178.6042,182.549,24.3505,502.2924,139.0256,144.5122,35.4347,134.7102,143.4396,254.0853,392.3832,23.1795,130.8477,163.5775,146.8291,107.7255,133.9172,0.255,214.5488,0.3798,188.121,5.0
21.7465,103.6223,44.9005,64.8369,150.7791,52.7686,4.9912,19.6596,42.097,74.989,40.3493,11.4928,43.4753,172.2853,68.121,11.7847,3.5379,75.2463,160.1218,100.388,59.4112,22.212,0.6542,10.1388,21.4477,18.9684,68.84,48.3539,193.3009,490.7285,63.4961,63.7733,13.774,67.8136,280.1571,23.6567,16.2825,212.381,81.6965,472.5131,403.5193,386.4244,412.6314,45.3353,40.1888,46.8425,65.027,194.3673,139.3109,55.559,109.8699,167.134,75.9381,478.3794,196.663,27.9494,47.6181,53.9117,149.1491,358.7751,20.7789,48.0107,153.3361,34.3086,116.4968,109.9176,121.0143,391.8493,80.8356,236.5455,107.1853,14.4813,309.7932,160.9903,115.3494,219.0543,97.9775,3.0225,8.4361,205.8158,17.5626,70.297,255.0918,152.9944,128.2931,48.9685,10.2687,202.6035,349.0186,329.8826,33.2429,110.9057,181.7358,73.4301,156.5339,127.8466,11.8505,124.8421,1.4855,158.1779,3.0
8.6065,90.4992,60.3594,216.404,54.2073,57.5557,7.9877,0.3574,24.3806,123.1755,21.8474,6.7525,34.043,197.3419,40.4882,48.2889,4.0958,70.1753,366.7475,58.3807,60.6775,153.0725,0.8516,4.2693,22.6462,116.4685,73.7217,53.6576,201.3625,538.9497,91.7875,73.5199,3.5848,47.8605,464.9609,13.9308,36.6921,88.4745,57.3035,477.0025,608.6945,375.3445,149.113,31.2703,45.3068,23.7117,32.2313,271.196,233.7192,59.3402,187.6363,211.126,31.8993,950.5562,220.7693,141.9589,2.1404,138.6873,370.9878,336.6911,19.4033,6.5396,168.5188,105.0996,75.251,76.2851,152.9156,463.4036,47.2951,304.4878,111.7456,9.335,493.8067,119.8151,90.3215,255.5027,121.1894,2.58,7.2983,307.2798,302.9272,29.7915,270.7255,101.5356,79.3878,18.0629,119.8221,180.551,137.3082,270.0102,29.9708,121.5818,139.8981,193.2191,112.5413,28.9916,1.3498,102.1376,6.7947,206.6252,5.0
9.796,88.9652,129.2807,121.4456,84.6257,75.8111,20.2815,14.7178,62.5701,99.2495,30.5284,271.9743,47.6876,171.1413,49.8044,2.0247,17.4503,104.4563,165.5022,134.2521,27.7104,31.8724,5.2273,11.0738,19.4555,22.5603,47.0391,51.9224,149.2506,651.1636,80.4399,103.8328,19.8387,42.5821,162.0961,13.5864,28.962,176.0042,101.3157,483.0534,385.0097,292.6595,252.4688,91.7996,30.4826,24.829,61.2687,128.1564,338.3756,35.2584,120.8285,219.7329,97.4815,435.8197,292.1787,62.6976,8.9328,119.3365,248.4063,407.9989,18.3284,19.5898,199.3857,20.9433,85.0419,105.1619,72.005,450.6126,30.1049,266.814,247.6265,6.9336,299.5445,144.6831,235.2879,195.875,76.7689,25.762,1.5996,273.2511,21.3449,47.1628,283.4089,80.3887,82.8695,25.1505,19.8269,90.9501,259.0037,343.2406,28.439,104.5291,113.4041,65.1829,192.2051,30.1802,13.1146,119.2514,9.8378,141.466,0.0
3.0694,94.6998,25.9898,177.7577,95.7909,54.3161,125.1051,0.0065,0.6796,96.5726,29.3674,2.7077,18.3025,144.3733,66.6226,48.0732,0.1884,26.2653,78.6093,232.1111,7.1512,48.9271,0.0729,57.1211,5.0457,32.6108,52.3022,18.7043,111.1248,865.0706,20.4794,123.1612,21.5284,114.786,254.7259,2.4222,92.2557,251.5202,122.598,216.8951,209.9001,289.1771,422.005,101.227,79.664,11.5686,62.9537,170.1916,465.4232,24.7484,98.9592,174.9069,1.0752,222.8881,309.7003,3.3074,25.5376,40.9587,193.2208,190.4402,124.7819,45.2994,166.1659,33.3515,131.0151,83.8429,141.8753,196.6493,78.1374,200.0124,54.2342,2.1825,175.4491,155.7153,163.2489,168.1758,66.5936,0.9099,0.1864,121.1907,31.1609,13.5809,321.7774,74.7746,274.8045,17.7154,84.0628,91.5236,475.0355,263.7525,32.213,110.7336,250.4542,135.5966,152.0829,87.2169,0.423,91.2211,13.5012,205.203,2.0
37.587,68.3981,78.3779,213.1146,58.8453,50.0932,27.5974,4.8213,27.0825,61.0105,45.5784,23.9623,43.037,158.8057,72.4906,8.3009,5.5774,116.5458,223.0381,111.1145,16.4642,2.1444,3.4102,27.4626,18.823,33.7216,68.9284,29.8181,220.4982,396.8091,77.9467,109.2874,16.7663,83.531,188.1338,47.6055,22.6014,111.0531,63.6673,304.888,233.9666,251.4134,203.616,25.6115,74.9672,128.2372,54.4,123.1229,183.8368,43.9927,77.3147,107.2871,189.501,337.6437,144.0994,84.8346,31.4214,37.7913,94.2777,228.8156,44.5085,20.3411,108.4739,33.5059,185.1175,148.4003,190.1167,191.7565,90.1245,224.4028,164.9239,53.3844,185.3883,549.8077,108.5714,146.2042,330.2289,6.914,18.8554,112.848,13.4002,21.7682,248.7626,126.5517,162.8213,76.5854,60.2328,151.0719,192.8315,277.8739,66.6155,74.0048,138.6343,57.6161,43.9934,37.0662,3.6211,143.1661,0.6467,149.0409,4.0
1.4744,68.2932,23.3161,73.934,31.9188,51.0468,72.7369,0.5169,4.4955,92.3598,73.4388,2.6341,39.6194,193.4746,103.1617,31.5597,0.2813,51.3082,72.1437,131.5968,8.4302,12.3969,0.9097,15.9579,11.4192,15.7127,54.7033,45.1198,81.3744,739.9293,60.4063,69.198,17.4973,56.2437,173.4318,22.4343,12.8273,177.3275,113.642,335.0021,325.9648,249.6473,324.762,30.5568,44.2917,16.0562,42.5584,130.9016,272.1612,15.3108,85.53,149.9067,9.8259,411.049,243.7649,8.3129,2.1883,24.354,140.1111,308.4466,86.1346,90.1259,176.1099,33.7042,50.4799,107.4532,115.4444,363.5149,69.3242,174.118,65.6571,68.3447,218.9937,99.2841,112.4131,213.5492,80.8511,0.8589,8.1015,149.2721,21.633,36.0529,217.4725,100.1146,249.6998,45.7767,26.2797,104.902,285.7391,284.7101,83.8316,95.8191,142.1497,101.9613,112.8584,97.1594,1.2464,63.1681,1.2257,142.5305,2.0
0.6714,142.8986,80.6411,188.8936,82.8594,27.0022,272.9875,0.0621,0.3393,96.212,59.0035,0.1453,33.5723,137.7718,127.8871,12.8296,0.1931,30.7843,108.5541,91.8652,6.3515,13.8177,0.0332,14.8315,15.1436,34.9809,70.799,68.5485,43.3013,683.6466,78.4682,70.6563,5.4412,65.1126,484.1385,5.2073,63.1779,91.6644,94.7169,662.8294,604.0203,485.2401,298.7694,22.9295,22.0512,23.5211,16.6238,182.1919,433.0155,22.4128,165.3609,211.761,7.1845,735.8967,244.0396,0.4658,0.594,48.0517,261.0125,745.5623,2.2712,136.2419,133.6057,48.6614,98.118,88.5161,233.7596,606.1761,112.9548,196.83,98.2874,2.2035,428.2919,89.7129,98.2879,363.7769,92.9246,0.2607,0.1456,240.8862,200.5384,25.3729,196.67,118.4932,149.6828,11.0128,77.7381,177.3973,185.6122,305.2391,23.2944,191.212,171.4664,54.4777,205.6259,2.2846,0.0434,107.5129,28.6039,243.6902,4.0
10.8575,101.5094,40.9893,107.3134,141.4151,52.0103,287.2749,8.3571,51.2497,97.368,24.1944,11.4423,43.2561,185.9968,76.5436,40.8574,12.7465,52.218,81.32,123.1679,11.9626,2.3666,0.2503,21.2161,17.0493,26.5382,69.2031,42.272,104.598,457.173,65.0394,60.7774,21.4058,99.376,194.4979,46.7315,39.3675,160.3798,67.752,331.4525,209.2325,244.8337,294.0428,20.6838,95.1892,92.2743,40.4066,111.8037,176.8558,25.3018,101.4522,124.9992,26.6501,281.8766,398.8299,38.5263,5.4446,23.6636,154.3042,230.2128,3.4493,111.4194,139.8752,62.7844,109.9371,98.0868,162.8262,230.9915,85.5888,228.3478,66.9099,26.7578,204.3019,130.9885,106.0855,165.3276,111.2441,2.1581,0.1219,114.8855,8.3989,16.5247,231.7886,71.769,220.23,16.0858,90.5369,92.3852,291.3018,241.0414,242.7975,105.0761,127.9309,72.5855,206.857,509.4112,3.0862,83.6963,1.1132,113.41,3.0
53.7794,66.8244,116.6915,141.7516,65.3895,57.1049,28.7882,9.8589,34.8714,51.9953,58.1507,21.3197,49.8018,126.9901,59.5735,11.0072,3.763,141.3856,117.9273,98.5081,22.9929,3.2088,8.7473,18.3404,21.2154,39.9479,51.9574,36.4468,212.751,438.4242,77.3786,92.9878,20.6784,110.2703,194.1689,25.9191,26.0074,106.1828,67.8888,318.0768,266.033,250.9255,168.3642,23.7561,34.3359,69.01,46.8211,121.7129,161.3704,36.6181,77.4815,117.9506,85.5974,264.4347,132.7173,48.3128,30.9437,94.4006,110.5354,227.4832,33.5538,36.4571,116.0099,24.0359,116.137,114.913,113.9527,222.1215,54.2481,206.6752,200.9714,22.9476,184.7931,511.4887,106.7613,161.2673,94.7145,8.6229,15.8935,136.2956,22.1144,30.3259,242.7273,118.8629,137.6482,36.5859,58.2892,132.4583,196.3206,304.2071,52.4036,79.1924,140.698,59.3041,75.8522,72.7224,5.5186,157.7218,1.5116,149.1296,4.0
9.6443,93.9678,48.4584,89.0613,58.456,60.2847,17.4587,4.4255,16.8588,83.0895,41.0137,1.9266,45.4065,179.5659,109.7787,29.7672,2.7169,57.8931,118.5045,151.7096,13.8884,12.8789,1.3224,14.1742,13.3274,15.109,60.073,48.9552,153.1512,561.8641,66.3644,66.5676,18.5173,85.4499,237.7845,15.8776,12.5372,206.5917,91.697,294.6044,341.5433,292.9716,287.8801,59.1211,59.0991,23.5716,66.6597,176.1009,171.6519,29.4469,103.35,158.4724,46.2115,386.2514,233.9546,16.1276,4.332,51.6623,190.7949,302.2907,48.1784,38.1778,156.8709,33.1072,92.5633,177.3178,197.1447,273.7798,90.5125,207.6793,102.6019,66.0545,213.6978,165.5267,123.082,249.0774,98.3395,0.9813,9.0087,142.9551,27.6577,35.1022,315.8077,102.7919,210.9034,63.658,19.2605,122.1515,228.2684,254.8269,36.636,99.8804,177.1938,119.0742,97.6757,40.8161,5.8235,110.2384,2.0601,137.8977,2.0
0.3257,270.4382,50.5115,113.5786,33.2611,34.4245,13.624,0.2101,16.4567,109.1616,12.4476,9.089,19.2535,193.9151,279.5307,5.9795,2.5045,20.2638,138.1744,83.8751,5.2033,15.1858,0.5058,12.9576,6.435,42.6702,120.7767,200.0926,80.8465,697.0543,24.2821,22.9349,6.7032,107.1848,743.0659,1.4846,59.52,65.8406,177.3841,1039.8951,1310.8788,1557.8181,342.5334,12.582,76.5577,104.0862,53.6748,344.416,95.5943,27.4066,365.2659,313.7399,19.2172,2632.3962,506.4255,105.6808,11.6125,43.0134,676.7501,1941.8591,5.0745,2.2994,95.1339,5.006,42.1711,191.0293,97.3142,1230.8255,91.6563,165.6795,51.6374,0.6613,1005.5134,97.2662,329.3468,323.4814,94.1915,0.8935,10.7966,221.5954,5.5952,318.7581,283.1988,264.4191,174.2594,9.5885,65.9779,418.7271,138.7605,723.1152,17.9738,342.7251,109.351,191.6041,253.9955,6.2061,5.3794,316.3239,0.5108,147.109,2.0
3.4759,153.6324,86.6751,110.6775,200.3962,42.5631,138.2009,2.5529,5.1261,74.9737,25.0349,2.6925,39.4496,215.16,122.4365,15.334,3.7993,37.9327,139.133,218.2646,35.1818,11.1512,2.1568,38.8199,39.5843,33.1772,124.0971,64.1359,205.0167,651.7732,42.2963,59.0711,15.9804,94.0734,384.032,56.9611,12.4486,189.4657,141.638,470.4833,602.9876,515.3818,477.9993,115.4731,86.2961,35.2197,52.7709,284.1765,227.3045,27.32,182.1448,206.4817,39.6631,754.0505,382.7484,39.7144,12.4701,52.1138,222.7556,521.5294,20.1576,108.7692,182.0883,30.2443,76.6072,267.7536,303.1802,462.6279,40.0625,209.1188,86.2693,2.7065,344.7168,140.6697,177.0661,289.0988,80.9343,0.8583,32.0396,182.9421,28.5347,75.6002,434.832,176.4022,202.9749,36.4826,16.2114,228.2053,300.4776,508.537,53.6155,206.4476,225.9197,97.2905,191.7706,72.3931,8.0516,211.3167,5.3356,156.017,3.0
22.3361,61.5001,50.5481,112.3751,62.2764,65.0992,62.7927,0.6659,2.0785,117.4301,36.9734,5.9026,54.2407,185.8668,66.6417,32.5365,0.3528,109.6871,124.2242,116.3122,34.6789,33.8445,0.3922,10.068,50.2957,18.3793,59.5302,37.5217,130.84,704.5391,78.9673,91.6056,20.0164,30.0737,203.2921,19.8515,13.5459,211.9685,108.0293,325.9383,242.2389,255.9486,387.8261,33.3687,47.0232,3.2633,44.1939,121.7572,285.6299,76.8946,84.9316,130.7584,7.3931,315.4906,220.5878,12.5993,49.0397,101.5443,173.4908,243.7542,122.0077,35.8341,176.9441,47.2163,77.2357,89.9261,180.7298,314.8623,113.25,228.2616,189.1279,100.3547,252.4644,93.2632,117.0521,197.0568,79.4723,0.9557,0.6139,141.827,29.2385,50.2754,218.4913,110.5992,171.6772,53.1799,44.7731,150.82,367.2116,288.3803,44.4512,73.3251,171.1968,70.6343,127.8596,35.1152,5.863,98.0101,2.9815,162.7915,3.0
30.5865,87.7975,144.678,392.392,61.2505,50.7106,39.7103,0.2649,65.1315,93.4484,89.8323,1.294,39.7063,176.8941,66.9471,3.8546,3.9808,52.2308,119.7952,104.1367,9.9943,8.609,11.0335,13.0896,61.6212,202.7341,53.7189,70.8536,198.7656,668.7958,118.7717,78.659,22.0498,76.4778,301.3607,42.3368,175.2685,115.0747,74.2986,381.0831,408.8528,369.6303,340.3697,33.7183,64.1206,139.5243,21.9122,186.5615,430.6302,30.7249,128.1854,152.3018,48.6066,465.7574,212.9254,91.906,1.1442,43.4616,159.2581,393.4727,53.1619,110.5523,146.4984,33.701,114.8557,144.7681,144.3644,307.6024,130.382,219.5833,208.4257,10.7493,268.9264,326.5172,107.143,275.0983,94.4159,0.2887,6.1324,154.9669,40.0162,28.9349,303.7993,149.4994,160.3667,15.4656,116.3911,179.4474,244.1765,392.1662,25.7008,122.629,205.3504,157.8408,118.3481,340.5868,2.1885,165.5668,0.2648,362.3142,3.0
3.0556,31.0793,49.9815,47.6152,29.828,47.5681,4.8274,0.1833,43.1171,103.9386,18.7816,2.6332,35.9396,156.7935,55.1136,1.9034,0.3799,91.8084,85.1756,142.7913,11.747,1.6143,1.4215,3.9131,15.3564,13.806,35.7085,44.6466,108.112,683.4427,102.8338,115.3183,12.7657,40.4887,169.0665,13.3005,10.576,206.5494,106.2162,254.8356,202.0722,205.8593,360.0426,26.8314,63.2499,53.9206,35.0175,93.306,263.4188,23.6419,79.9435,136.0741,16.0701,336.1855,203.4675,9.2056,14.9415,35.7531,89.8045,124.151,6.5809,85.6366,133.8839,54.5811,219.1033,113.5576,129.1182,270.5953,66.8496,169.6927,125.1895,10.3139,165.7145,80.6929,122.7078,239.8038,59.0314,0.5091,0.2149,118.0692,45.4165,14.3357,128.9128,57.6804,418.9155,46.9729,53.0769,73.5757,366.7784,210.8905,47.7229,83.4298,156.6812,65.7606,93.0016,399.0212,2.3376,71.6446,0.1207,149.151,2.0
6.6021,71.1176,52.6785,240.9205,47.948,51.4965,7.5792,21.9326,12.2379,86.1516,31.1414,10.9043,37.123,139.0321,62.2404,26.5694,1.5601,69.9156,184.0476,166.1033,13.8462,4.7304,0.9006,9.4163,35.0539,19.3062,54.6372,33.8339,149.0516,608.1865,44.1386,91.4067,15.0761,42.3595,233.7129,2.4016,48.8737,125.3693,105.1698,408.0951,336.661,255.7675,317.6384,43.2592,36.5699,10.9457,47.3643,187.6279,201.2978,32.6082,102.7471,114.1507,67.9216,511.5156,231.8324,80.7218,123.0993,52.9519,118.2945,345.677,26.0542,9.2963,112.9014,11.417,53.3381,90.899,72.356,260.6761,94.8288,192.7989,132.0139,5.1938,256.5084,142.315,120.9289,150.3837,73.2462,3.6336,4.2167,140.9496,21.3453,22.5599,425.3326,135.3088,141.592,57.7405,73.9419,192.6604,180.6175,501.6171,19.0211,82.9511,175.7031,97.7381,128.9963,17.9228,1.045,121.062,2.1125,243.9439,5.0
4.9152,197.994,18.3344,22.8766,127.0952,76.7586,3.0107,0.0113,3.3636,135.3966,92.8584,80.67,12.0671,168.5339,58.9325,31.5276,0.86,58.7322,229.7906,55.2543,208.1179,19.3318,1.4372,6.5771,10.1595,27.3484,62.4115,32.4204,192.79,435.1618,22.8744,70.5806,17.8799,87.4209,898.2252,12.4153,21.1584,173.0837,137.943,975.0832,752.2761,995.5867,542.1485,27.1758,39.1297,25.9217,53.0905,291.203,234.1099,76.3246,147.6029,229.956,0.8673,795.5105,203.4433,3.5125,10.2819,28.9892,331.5922,1043.3817,5.9178,2.1821,144.2296,70.4741,94.0511,207.8395,54.8139,677.2738,126.0682,154.0055,81.0084,5.5162,472.379,92.3495,72.2653,313.1518,92.7322,3.2796,1.3895,349.4387,81.3871,86.8855,744.7487,184.0372,392.0353,144.8977,25.9849,205.2184,309.4243,187.134,28.4324,193.1087,87.6603,28.4515,145.6986,13.4106,13.6104,161.1281,0.5019,147.547,3.0
7.0202,73.4552,85.3344,326.1005,19.1214,44.9875,16.0412,0.0606,24.6819,82.3853,66.3109,0.025,36.6077,152.2868,65.8746,5.943,0.7219,67.2686,100.6437,100.0741,24.7874,4.2241,602.5267,5.2601,22.9429,58.3782,57.6786,74.7356,161.0086,550.5744,82.3817,91.8089,13.7154,45.9483,322.5098,26.3184,29.9658,92.3426,88.2875,325.9562,339.7799,345.8708,195.3335,19.2934,50.0118,42.6724,18.6619,191.9742,190.8757,40.8112,121.3131,141.7875,3.7322,436.8211,339.4021,0.5805,2.8843,37.1349,151.1271,321.1237,44.648,99.0271,133.8983,26.0499,129.3485,118.7714,167.4105,268.2259,67.8583,180.442,224.2888,5.9146,231.3962,226.8404,85.0603,179.71,81.9098,0.0782,0.355,110.703,33.6301,31.1906,259.163,122.5147,166.3136,31.0471,61.5322,183.418,181.3104,355.2059,41.0448,120.9331,200.4457,152.2347,87.4586,124.9683,1.2546,105.6435,0.4274,197.6982,2.0
23.7348,109.1799,44.0136,98.7661,39.5204,48.1857,8.9229,8.6812,8.7463,67.7682,23.9008,4.0922,39.6227,131.9673,78.8851,8.6483,10.1278,66.3289,95.6925,94.273,33.018,17.373,2.0334,19.9978,19.6368,52.5192,73.5952,50.0625,129.0874,501.1877,49.6709,54.6811,8.4217,69.9695,278.4592,10.3403,22.2058,82.4129,99.722,521.4088,488.3621,413.291,191.3638,53.2608,39.0908,49.2801,41.8612,171.3237,168.707,26.4797,119.1966,171.6336,72.4258,633.0902,199.7733,104.3552,7.3856,50.4994,237.6872,436.2166,11.3954,3.6,142.296,22.8931,114.7445,95.31,81.3893,460.7105,75.1272,212.6754,108.8666,4.5869,382.339,179.8314,153.7327,257.3482,78.4364,2.3191,5.0505,201.6086,15.2867,159.9568,188.666,142.5597,159.1353,33.3223,34.23,223.9354,161.4043,340.9772,24.3158,138.2101,109.7511,98.3133,152.6388,60.1294,11.0762,115.9501,0.1722,164.0402,2.0
35.8211,40.6404,206.349,152.9185,60.4995,70.5988,13.1304,0.8895,24.5818,42.9275,39.843,9.4256,62.3027,101.5521,32.0102,4.6548,25.9617,177.5445,224.8219,84.8741,39.8962,22.6787,14.674,8.2118,38.8299,32.0935,22.1961,19.6187,340.7381,378.2092,116.1259,128.1188,14.5925,49.2451,103.3931,25.787,23.9679,64.4311,47.2335,248.2853,164.9488,124.4453,140.6635,119.7583,24.1181,27.4792,42.9004,95.4587,170.5001,72.5762,71.2993,89.5733,78.556,172.7412,89.0308,80.4058,6.7412,100.0514,51.5938,131.6448,7.6834,8.1976,112.6043,18.4427,72.4988,91.1948,43.3154,157.0257,22.2928,247.5339,363.999,24.2294,128.7506,364.3186,86.239,100.7598,86.129,4.799,13.2474,124.0814,25.4653,14.9712,185.5708,85.1169,74.278,48.6594,96.3233,92.5865,140.2756,170.7643,29.7374,46.7727,116.5569,48.4092,31.6645,13.2112,2.0891,123.003,0.447,155.404,0.0
38.9936,85.1909,25.5699,14.9497,359.3158,72.5496,2.8076,0.036,9.3966,127.6504,13.689,8.6318,55.7866,184.7367,59.0831,1.2951,0.4181,22.8862,105.3637,104.7829,38.5522,5.3865,0.2023,8.2563,19.0753,13.0725,59.5144,68.9434,41.5275,536.448,12.4234,96.1716,17.6225,48.8198,191.6859,1.2888,20.7979,84.9682,79.2285,395.4631,331.5734,499.9808,193.2963,18.2081,27.628,5.9245,52.2215,200.98,181.9866,38.1752,96.8469,171.9369,0.4569,419.6556,208.579,1.6879,49.1119,42.9322,212.3,282.7806,0.9922,12.3934,221.2553,19.4216,38.9893,90.0721,43.9727,263.0999,89.496,235.0723,65.1872,8.3827,230.7744,55.0765,142.1487,121.1022,58.0719,1.1806,6.1766,181.7266,61.7816,36.386,222.3464,128.5557,157.0597,19.4102,15.269,129.0349,171.9667,296.8457,28.1519,93.7365,128.9363,58.0485,125.0418,36.2611,30.2068,110.9422,1.3285,124.5133,4.0
23.4039,36.7456,72.5462,112.3975,34.7619,58.321,13.3998,1.4333,18.4548,68.9632,80.6876,7.4615,40.3989,139.9059,53.7983,13.0708,1.9065,138.391,236.8298,146.4559,17.0231,59.704,1.6882,20.1954,28.1525,77.7811,63.2639,34.4954,242.9836,607.4984,84.1697,113.7611,24.9235,51.4622,143.5546,5.9032,24.6904,188.3422,89.3927,304.451,223.543,209.8008,270.3303,164.6632,43.0709,20.932,64.5524,109.8028,269.3619,43.5357,85.8802,120.397,66.9269,242.43,165.29,48.9851,15.5909,95.0542,96.0441,224.4218,24.931,12.3932,137.0682,28.787,91.981,104.0295,83.2952,257.1543,53.6285,213.8253,203.498,22.0794,182.4773,184.9117,120.5569,195.1195,64.4643,2.5045,45.5012,127.1854,10.7329,49.8379,220.5198,70.9873,157.8671,50.5758,44.6116,77.4005,242.8364,254.1848,41.9577,73.5349,105.8129,71.7849,123.7463,102.6609,7.2584,79.3866,2.134,141.6692,3.0
18.4882,89.1325,59.7461,46.1955,45.2571,49.1387,5.6081,7.3399,7.1303,108.6914,31.605,6.8752,57.9505,185.2375,45.4188,19.8855,2.7478,77.1418,128.1769,107.9497,23.4829,18.9924,1.7576,16.0452,46.1937,19.8702,66.8467,37.487,136.3053,604.6998,51.1577,86.1606,15.6246,74.6812,265.1518,10.7548,12.5829,127.7289,92.3627,532.2216,527.8458,367.3303,319.4884,51.339,33.6892,10.5363,37.7492,210.8063,174.8292,31.0771,99.9604,128.9499,63.9663,859.4797,222.8693,31.9692,12.4047,48.2067,195.7857,400.594,56.3438,44.2126,137.2869,49.3628,107.2289,111.9033,104.1436,475.734,36.8572,232.7164,155.2603,4.3885,231.0575,141.5866,140.9194,201.1565,91.4904,2.038,3.808,200.6453,12.0893,33.9376,332.122,164.9891,265.8035,41.6528,22.9339,230.9792,247.634,537.2579,28.5737,115.7323,163.477,59.3584,106.9154,72.4935,1.1124,106.1707,1.7568,169.9673,4.0
35.1252,9.0556,37.0447,109.6201,14.3836,64.0667,23.8845,1.026,8.6263,15.1735,50.5806,2.0154,64.4241,21.9469,8.5007,14.7286,0.2189,256.6914,71.9354,9.8113,18.2822,11.3347,0.0753,0.1274,6.8496,41.608,12.5046,14.511,115.9205,232.9332,29.0142,59.5397,16.6845,9.2782,45.0999,5.2676,21.873,31.2911,20.444,137.3103,61.7579,21.4363,120.986,52.4749,11.7204,1.5669,16.7354,34.5752,127.6322,38.1887,13.4225,75.1618,44.5648,36.7677,25.2397,33.7607,2.8389,46.7425,32.5502,22.2587,31.6754,6.9502,53.2647,30.9342,64.0547,38.3872,40.8743,57.6219,14.5328,104.7331,204.6942,19.4106,95.6149,113.3418,19.3468,12.6018,30.033,0.091,11.4728,107.4284,18.4651,3.2631,47.9075,74.9918,61.8736,21.7811,136.8701,40.6102,93.007,106.3616,18.5573,14.087,48.4673,10.3195,15.1931,16.5445,11.0125,71.4378,3.114,52.829,1.0
11.3869,62.2368,73.7616,70.021,63.4126,47.6508,46.9244,4.1263,38.9355,71.865,68.0668,5.7833,37.5348,179.5073,95.0656,1.9984,2.8022,91.4781,149.3887,139.029,15.4852,5.0188,4.6129,20.062,13.6643,23.5672,62.838,46.255,138.536,521.7956,72.5822,115.883,17.2776,44.1631,170.4928,94.581,12.0252,96.5991,74.4512,264.8537,202.5135,307.394,215.3919,13.4782,56.8273,78.4733,51.5916,105.53,247.7367,35.0151,96.0352,165.1378,95.6008,263.2765,209.196,25.2793,3.8156,35.3074,117.373,301.0852,41.523,51.9363,123.7397,44.5026,172.3055,158.7334,158.3657,250.5324,74.0038,183.4453,116.5211,34.9753,167.7645,177.481,115.2977,222.965,204.0177,3.1058,1.043,90.9,8.6669,25.0846,221.3264,69.1118,233.4851,33.9439,9.3968,63.9371,171.8141,280.7953,93.1438,91.4199,117.5133,42.0886,67.4921,123.4359,2.2462,134.3291,0.4347,119.749,4.0
14.121,52.4494,44.9202,80.8089,31.5045,62.4756,10.2865,2.0197,17.262,68.8548,22.2677,9.9422,50.2558,98.662,34.0329,10.1421,0.8998,63.3296,169.7517,102.8932,75.5009,53.1195,0.7676,5.9782,19.0334,16.283,45.6217,45.2583,137.4338,614.7203,64.6445,90.084,37.1678,43.779,107.9436,3.1368,16.3952,131.9633,85.9556,303.8993,203.5578,159.541,239.2876,53.4777,34.5527,29.1905,70.5353,84.4892,195.8109,22.5534,63.7436,129.3046,26.0045,220.6634,127.6827,20.4295,7.6604,149.0879,82.8935,224.9376,34.8757,3.1431,108.8928,19.6167,83.8913,63.2141,45.8983,279.7861,80.5476,169.2343,125.2206,5.9793,170.6591,77.5439,105.4797,135.7751,53.5889,2.8609,0.2284,126.2771,31.6667,31.0651,141.4174,67.9295,111.712,22.1979,19.8727,81.9838,248.5638,260.0346,30.9646,66.9766,95.2359,63.1259,144.7867,16.9876,20.8888,64.9962,1.5003,120.0712,2.0
2.4472,49.1385,32.2521,439.9897,56.2599,60.3955,4.5282,20.8864,43.2987,53.4136,49.93,3.194,44.138,154.3816,38.1694,1.8422,1.2796,92.9006,60.4007,108.6932,15.4445,5.8985,0.6439,6.2545,19.4505,120.4203,18.8248,56.3285,154.0713,757.3326,35.8555,99.1313,41.1508,113.4634,131.1556,38.0799,66.5711,140.2679,90.2207,163.029,194.9277,170.9665,179.0833,36.0612,46.7349,11.4017,71.2239,94.9388,371.2775,25.7327,72.7056,109.8414,58.6139,267.146,154.4804,66.518,74.8452,90.2105,100.4124,231.166,10.0928,104.8158,124.3984,32.1279,110.1537,71.2124,46.5436,254.1038,72.95,175.7124,136.2236,13.0822,171.2257,618.5648,101.031,115.7014,57.4919,1.4952,1.1397,125.3784,26.7905,8.7719,176.3907,68.1836,107.4086,53.0551,175.0408,77.7853,281.8186,297.3951,23.6098,63.5286,157.612,446.4053,140.6871,8.8516,5.5959,66.9899,0.334,150.1678,2.0
13.1991,121.9008,62.2774,187.4084,63.178,40.8502,42.7758,3.6042,26.144,71.4581,23.2327,5.9335,32.7228,141.9072,92.4367,4.1071,5.2231,59.1522,112.1203,113.0491,13.213,11.4618,5.3016,12.499,64.0663,32.1407,89.4042,74.4461,133.8683,484.3667,59.2157,65.5948,14.0846,76.9451,257.8971,16.2492,38.2967,124.6363,101.779,485.7673,465.786,364.2418,307.1463,54.9291,61.669,102.6953,46.9919,127.6287,158.6918,24.3841,122.4113,179.7258,41.1224,595.1907,242.4109,49.4323,4.0091,54.6515,211.1493,485.6583,14.8229,34.9734,123.9977,12.7775,110.806,151.9473,138.6675,468.1828,61.7058,189.2727,106.6767,10.564,342.3992,223.6831,139.9908,284.2122,104.3529,1.4443,7.0026,143.9384,14.2923,128.6198,240.8974,94.2813,203.8393,16.1449,90.8902,132.6161,232.6885,445.1862,38.0178,161.2585,119.0255,76.7284,169.8196,60.3828,6.8196,112.0691,1.052,120.2016,1.0
17.7595,79.6765,35.3186,172.6691,51.2837,55.0978,20.0863,0.1565,14.3226,73.0453,22.9526,8.014,51.8971,109.8064,32.351,9.9146,0.2065,72.4491,71.8921,98.7,54.4295,5.5966,12.8931,5.6768,18.8136,18.6763,62.2746,55.5558,76.1567,615.1254,30.5897,102.928,33.5992,35.2203,122.216,5.568,26.0284,223.227,51.9052,391.6572,243.8105,211.8279,402.117,57.0343,21.8888,17.0084,53.7198,118.4542,191.5292,34.9632,72.0626,130.7093,1.3171,257.7406,162.499,2.4811,68.8644,62.2566,107.1127,246.4202,70.1425,33.4045,155.5836,15.3672,108.9359,74.3573,65.7293,330.0911,81.0911,205.3183,114.4865,3.1192,208.0256,90.6104,124.3837,139.7844,52.139,0.2305,3.4833,157.6709,13.216,40.9473,152.3361,88.1767,223.5649,32.4675,61.1883,132.0271,328.3737,278.0026,41.4018,68.9501,115.1264,59.0393,173.1906,61.4391,42.6552,68.2865,2.679,155.7786,2.0
0.3016,82.3365,6.0539,13.307,64.3573,57.3871,0.9113,0.0061,0.0856,72.5816,42.5097,51.6749,36.0892,139.902,57.5779,9.8937,0.2204,6.9256,86.9554,73.1886,3.7762,1.3172,0.0682,193.1671,4.3598,3.0461,51.299,58.8409,69.5466,839.2615,28.7278,67.6282,36.3277,50.8689,186.8909,11.175,23.0033,111.1136,146.509,572.9292,586.9012,273.0732,214.0607,13.7582,35.673,0.8328,34.3116,174.1684,367.4159,11.2282,139.99,136.1873,0.4924,678.7055,310.1486,1.6421,0.1137,10.8867,212.2068,469.3685,67.8756,0.0509,91.7285,70.2481,24.1717,34.4884,100.6242,611.7226,4.2262,171.35,23.1736,6.7106,346.9084,38.7511,295.1905,184.3387,75.9727,4.7522,0.4985,262.1162,18.3882,50.2556,163.8547,215.0242,135.2996,18.1828,5.6661,333.3952,176.6094,397.896,21.8878,99.1715,228.7741,33.2826,145.1012,58.6761,0.2771,88.1932,1.3205,166.66,5.0
33.9548,44.2461,185.261,150.323,52.1918,85.4043,20.4376,1.8594,5.5714,43.1739,48.7691,2.7388,57.9328,103.1645,30.0058,6.0829,26.2167,368.8001,171.6568,78.6214,27.6437,4.2733,5.8389,12.8875,51.9343,111.9582,25.9534,22.1811,216.2855,388.0212,111.813,135.4485,12.1541,57.1015,105.8442,19.0246,50.7665,82.4669,49.5029,237.3219,140.2336,120.67,163.1486,124.2225,34.6111,29.4201,55.7155,79.1485,180.9755,56.8897,62.5934,92.1227,69.81,160.573,94.2154,81.1567,19.5985,175.7022,58.6022,122.7163,7.8452,12.5703,107.6842,31.6702,68.246,81.2854,56.1863,144.6577,28.7075,257.7574,422.3587,40.9516,120.8494,391.6675,82.4326,103.2695,75.1289,0.5316,8.0281,102.8525,18.1534,17.2666,171.8703,60.2734,126.8641,37.9201,244.8976,57.6031,171.2514,198.9532,38.6536,44.9207,107.7382,78.3,35.3663,70.5864,1.3914,124.6098,0.6676,156.9483,0.0
17.3115,88.0362,46.5209,62.2537,50.6727,49.8012,5.8782,0.9427,8.4635,114.8491,51.4547,0.8404,41.6079,222.2737,61.176,17.102,0.3186,51.667,54.3782,137.2804,8.9427,5.5963,1.3373,19.2628,8.7263,18.9234,79.5152,35.7051,161.6349,752.8483,61.1175,89.1309,22.0953,51.744,205.3274,32.1201,16.8396,291.5964,135.5478,450.1377,312.447,321.2,476.5892,33.5359,45.2048,10.836,46.7726,148.5345,322.449,18.3714,108.8326,195.6612,29.9532,473.5016,248.3023,9.0236,7.0655,23.1196,184.6165,344.0904,77.6424,43.9337,193.8427,30.4782,104.6612,141.624,138.2135,447.4236,94.0756,215.0499,97.8265,4.8526,291.1153,100.1778,197.1417,265.1738,86.3934,0.139,0.8889,202.8075,18.2308,51.4605,247.7784,97.7891,277.7856,39.5758,25.1006,143.9038,495.6418,351.292,40.3436,123.6111,175.2138,57.3837,150.7298,138.1876,15.7306,105.0538,1.7163,158.5064,1.0
31.7009,117.0184,22.9282,384.8362,27.6472,40.6253,131.4938,0.1088,64.082,114.6579,56.9544,3.8401,27.3685,154.6771,108.8978,1.1772,0.3588,60.0621,85.1697,107.8682,8.127,23.5189,10.889,108.0876,5.568,515.3951,97.9345,59.057,103.88,664.8628,92.9603,86.6479,5.0527,131.0834,375.4164,96.5465,76.1224,177.0751,127.6988,366.475,418.7767,448.4483,551.2964,7.1965,76.2165,140.6234,17.4633,167.4632,269.3245,24.8735,137.0474,191.6663,2.1892,629.8415,284.4946,3.3566,0.8831,29.2845,232.8024,425.3146,64.5052,93.98,120.1674,146.9965,189.7339,158.4786,293.1689,383.1994,108.4119,169.9638,88.7738,7.6874,291.3705,582.813,142.8486,375.6595,83.1294,0.1677,0.1218,207.9862,84.048,36.0188,219.0393,91.6725,190.9371,78.0077,129.2546,143.0387,213.6029,383.4893,40.9413,176.0486,227.5779,358.1162,112.5208,238.3538,0.7736,93.9484,0.3095,228.3393,1.0
80.0963,61.4192,73.3836,64.0738,71.6371,55.4711,57.8216,0.852,8.6825,60.0997,56.4744,4.1648,42.4743,130.3935,39.6073,6.0101,0.9983,88.1268,70.8515,43.3593,80.1876,4.8003,0.9511,5.563,13.4074,30.3262,91.4893,42.0643,108.7366,755.0585,49.3223,100.5385,24.3236,36.7783,179.7496,15.3577,15.672,125.4599,95.5927,493.1783,384.8739,246.6603,248.1482,28.8837,37.94,14.4757,46.2612,123.812,336.6908,22.8939,87.9616,119.5644,18.2091,460.277,119.6661,14.9473,8.3364,74.857,116.944,342.274,9.5558,17.0706,154.834,24.3732,87.4254,57.8112,84.7145,300.6851,78.4756,212.7556,197.3953,19.6016,295.0637,103.1346,84.1645,142.7783,86.2147,0.5623,0.0217,142.8383,18.47,23.859,161.0097,145.3949,99.0549,24.7991,18.3752,161.6665,140.7405,478.339,42.8529,75.106,112.7189,76.7692,118.0267,7.8396,6.8714,80.2622,0.1569,97.3611,3.0
5.1773,58.1924,17.1588,401.134,99.2501,56.4864,4.2589,7.503,15.2214,117.1613,17.7502,12.6818,31.7865,151.7824,54.3003,49.1047,2.2331,45.9879,80.0906,188.8379,10.4299,11.1778,0.4131,23.7016,38.9661,47.6086,46.3141,38.6066,208.3195,630.279,36.1834,84.1444,25.1391,56.7606,176.2379,7.8184,93.9823,180.5068,73.025,290.8258,141.5641,165.1651,426.442,32.5476,36.988,12.6467,49.2081,122.2787,180.646,24.061,76.7991,115.0819,46.0427,207.1792,244.0254,67.4969,145.6014,23.7431,60.5145,173.0474,8.8243,34.4828,147.195,19.6386,144.3591,84.377,73.013,189.0885,119.6397,199.6726,49.4702,43.5043,159.9694,212.8474,107.814,134.7658,72.5838,3.9058,15.6538,138.0145,32.8029,11.5148,198.5638,99.6642,244.0568,14.6021,166.8237,99.1475,382.9809,218.1293,25.0577,63.1281,125.8326,242.1029,233.7412,98.7819,1.58,88.6859,6.1106,239.627,3.0
0.3062,190.3934,18.6535,41.7136,170.1427,44.3768,2.0521,0.0954,2.0271,100.6502,11.8035,237.9023,30.5974,288.8816,113.6357,26.434,0.2692,11.8481,118.6792,53.0171,274.2006,25.17,0.0,10.5046,2.1629,11.5966,178.9203,98.5183,65.0599,665.611,9.4428,41.4087,29.9778,76.8535,698.2725,27.0601,16.239,182.7484,160.2624,1045.1613,861.2556,1175.6724,632.0193,106.6878,86.5462,2.0804,79.0116,327.8028,163.2195,24.4516,155.3068,269.1114,3.7503,1727.9968,368.9917,22.3327,8.2189,31.2738,482.8617,1032.3809,1.3465,0.2097,214.0189,65.6461,31.9254,121.0451,106.7439,786.7794,98.0525,238.8216,19.4919,2.0217,909.2037,63.37,285.5046,170.9436,80.2642,5.0202,1.1742,177.1206,29.1185,97.997,539.4292,543.4439,237.4325,10.6957,7.5145,487.0728,384.4608,815.1273,28.389,340.2325,66.9938,143.0144,416.8293,2.3774,6.6311,303.0325,5.0442,159.3477,4.0
6.2048,69.7246,5.6302,145.4321,109.0038,61.2579,504.6692,0.0,70.0389,71.1015,48.6971,0.3978,62.6398,195.5123,102.4757,2.9431,0.2261,9.5295,24.4089,145.9069,3.5246,10.6307,0.0583,10.1154,2.5547,13.8651,30.1886,61.5778,57.2963,604.7093,168.335,6.1303,34.5316,57.5503,209.0258,12.8367,10.9454,121.9274,99.7734,436.7457,357.4202,283.6126,238.6255,4.8349,63.1965,16.9203,3.665,113.8679,308.1476,7.8934,82.4022,130.6668,0.6316,502.5093,450.3147,1.9395,0.129,9.1504,188.1231,295.9381,2.0783,160.7295,209.9369,18.5362,193.2776,125.2059,432.129,362.6725,29.0044,228.976,17.4429,52.7823,257.3501,54.8509,91.1268,233.2856,102.9053,0.1145,0.0639,149.997,6.1403,39.9793,266.8459,84.3628,121.1559,7.9418,19.0704,109.4478,154.5612,346.5735,55.9252,145.8996,128.6988,87.625,179.4817,148.7016,0.749,83.7217,0.0642,96.1546,5.0
137.4439,119.111,59.4202,101.2532,250.6132,43.1274,6.5234,0.8705,2.3869,54.7432,34.8507,2.0096,29.8537,159.0808,91.9578,1.4172,2.0145,68.7802,309.9701,118.1828,351.0219,64.7055,0.3091,7.746,123.4,50.3045,66.0938,38.771,149.369,572.071,37.7072,69.1405,3.3858,47.3997,391.7141,3.1439,18.5721,106.3569,91.7168,507.5995,498.2013,463.1738,188.5591,95.7405,30.7762,8.6505,34.142,224.2833,179.5288,74.0688,171.0371,167.8,19.9718,899.9303,157.8643,43.0633,1.7289,113.6842,239.4208,539.8398,28.1532,111.5726,104.6786,77.7476,34.5476,84.4647,165.3656,461.9918,85.7834,211.4733,188.7112,4.1673,384.084,107.3512,179.4395,280.8689,49.611,0.7974,5.6651,279.6731,335.9837,69.157,237.8062,166.8706,118.2772,89.2877,21.7772,214.6112,114.1223,349.6017,27.3553,217.5487,201.3015,53.7898,176.8589,17.2469,0.2934,131.0412,38.95,141.6019,5.0
20.9927,77.5612,70.3075,134.0386,208.8232,38.6835,24.6856,0.9228,1.7316,45.3827,8.2163,3.7752,25.9061,177.2509,82.4346,70.8389,0.2893,31.0391,263.521,158.0472,286.5696,47.495,0.1066,55.4076,11.01,18.72,64.4383,14.7015,223.6421,809.1911,39.8165,65.0462,19.6246,40.3512,569.5761,0.3232,16.5176,162.4274,160.8325,168.36,180.6412,280.9747,247.523,201.904,14.0406,4.0286,38.3729,167.4,460.4097,21.4246,122.0409,171.7098,26.8715,302.9741,166.6619,52.8708,66.8371,65.2721,179.4883,180.1615,173.3451,23.2213,100.9612,89.8891,20.8745,56.5094,149.5921,162.0432,75.099,205.7434,48.8258,13.2634,159.4319,84.3972,249.4962,236.3972,60.8467,1.2427,2.3137,97.1802,27.6069,40.5407,296.3865,53.8161,107.423,29.3837,19.3037,68.0913,257.6107,211.6859,4.7015,94.2634,290.2419,128.4843,175.8015,2.571,1.0023,112.5495,9.4739,189.0194,5.0
1.1628,51.7156,21.7213,84.5662,27.8084,67.0548,34.4843,0.16,55.0659,107.0985,35.7,2.1912,37.1298,105.186,80.1442,7.3041,0.0829,29.9219,138.5773,91.917,7.445,33.3984,0.1712,6.4061,6.4865,17.5208,35.7659,55.7853,163.1815,363.8561,48.7894,50.0364,9.5269,79.8952,323.6397,2.6189,17.7621,98.9023,140.4964,301.7703,330.2703,324.6072,179.3725,54.5123,47.3533,22.7561,41.7036,177.1968,338.4468,23.0044,88.7087,193.2421,14.2115,469.8575,400.9228,17.0265,12.1635,41.9983,160.7498,251.3393,6.1699,118.4366,124.0048,16.1741,194.2186,43.4937,171.4894,245.0132,180.4779,177.2335,57.832,18.7633,277.5306,105.9969,369.3338,218.9974,86.835,1.1112,3.0014,220.524,10.0288,63.5675,303.1809,86.0487,145.7132,20.5007,19.8451,96.5036,198.5351,215.8911,28.3027,149.4214,212.7666,139.6898,234.1632,216.5587,1.9926,117.6844,0.0753,187.7134,4.0
5.8975,64.9304,62.352,73.9403,178.1354,51.9104,9.905,1.2135,7.2084,118.5231,42.9906,3.9926,50.1803,204.5173,98.7454,64.1696,1.6741,87.7168,381.554,103.9843,127.249,145.0284,0.128,7.9823,15.6261,73.7041,47.4023,27.6849,201.5124,498.1152,67.0341,95.0993,7.9475,42.936,275.6086,0.7086,42.3158,90.307,73.1811,221.2851,358.05,365.9957,269.4391,120.2952,28.5651,7.0822,37.6511,141.5228,208.1978,69.0214,139.4894,167.6896,64.2198,521.5258,248.4143,206.531,0.5599,131.3812,245.9583,289.6928,13.0938,65.3112,152.0556,41.7329,53.9535,85.3973,207.7548,352.8452,86.5147,205.0137,179.8501,3.9693,363.1751,85.904,140.4777,142.1064,74.9083,2.6565,15.813,165.7616,44.817,60.3681,260.7299,137.9191,181.4157,65.0934,47.4118,152.902,218.8087,308.974,30.5817,112.4302,111.4117,61.711,80.7162,9.5601,0.5291,133.6199,7.9931,238.9077,5.0
32.6388,113.7493,51.3218,121.2302,47.2641,60.8526,12.378,0.3136,2.3608,60.3463,22.1805,1.7995,51.5477,248.2716,195.216,15.2395,1.3109,47.9905,82.176,250.7947,8.252,9.9756,0.3574,9.477,4.1191,37.9564,75.3126,2.7454,136.6119,446.2789,55.7766,83.453,9.1538,120.4472,555.0141,1.1604,16.3745,152.1408,97.9054,480.7988,407.2183,611.1305,421.9264,8.3786,93.0508,29.4405,24.1464,178.1172,296.8972,52.0153,204.5604,260.0917,11.8597,667.1349,176.1333,53.2844,4.7271,28.1949,375.2293,444.9421,304.5603,9.0691,158.1502,59.4668,29.3281,304.2338,201.979,403.421,27.6134,296.844,89.2103,1.6029,363.0895,248.1453,444.3105,376.242,123.4941,0.3391,1.6224,145.2926,7.9232,33.6503,447.464,103.3921,258.175,55.6878,47.4659,149.7565,329.1727,448.2814,30.9909,142.6914,188.0238,232.7865,202.5953,3.9646,17.1726,212.5327,0.0112,252.2378,5.0
19.2304,90.3891,289.9267,307.8684,50.9623,61.447,36.3338,199.2036,55.8116,42.9007,26.6391,22.7084,67.3509,132.0109,41.6407,1.1406,8.3639,163.7855,173.1406,81.5636,44.31,9.641,9.0416,23.0021,38.9422,117.5526,25.5685,31.6004,167.887,519.0687,129.221,102.7462,5.8267,81.5041,228.2676,3.6716,80.8151,92.8335,63.5857,360.0487,298.3512,235.5985,170.9776,42.1916,38.4478,43.0482,39.9049,155.1797,230.2886,74.8309,103.0139,157.6465,199.0336,409.5553,145.6936,123.7589,2.755,101.9234,115.5416,243.5686,81.2768,12.0722,102.8128,42.7331,96.4413,115.6835,76.4075,190.155,22.781,252.9571,405.8888,10.4351,197.1824,616.8681,149.2008,128.4731,83.0773,12.9945,14.6704,152.0022,13.0932,16.5763,265.0404,155.4871,42.3047,23.2884,327.3699,166.055,227.5848,308.0548,28.0497,90.1612,172.3134,139.8752,25.7767,50.4018,1.7134,269.9022,0.333,241.3029,0.0
11.5208,67.228,157.4171,213.7208,80.7916,57.521,21.0602,9.562,28.0449,54.2216,37.1886,46.8491,34.654,196.1043,51.3338,16.0486,3.6449,133.6604,243.9137,126.8116,37.7954,40.4952,5.1358,28.2388,35.1247,167.6433,45.8497,23.1945,326.9889,532.8037,103.8085,101.6353,5.8282,110.8958,177.0048,10.888,97.7773,79.9707,81.0738,365.703,337.6012,341.2633,172.3015,54.1613,47.965,18.6059,41.9036,114.4971,268.0924,72.4045,132.6244,167.2716,111.9133,392.0891,203.7266,324.4665,3.0805,201.2902,150.6556,294.5134,21.0172,15.3432,104.1969,42.1501,66.2847,130.997,95.1838,271.1582,32.3571,271.5518,335.1657,7.8637,246.4103,326.523,119.2864,199.6571,107.4947,9.9793,72.8581,153.4958,141.455,15.6581,341.0637,111.0715,146.1785,97.0809,157.3321,85.1567,176.6905,315.5604,33.8449,97.2658,115.6142,129.6825,43.5905,28.3842,1.3059,226.2974,4.852,184.4063,5.0
18.8321,78.8172,122.4969,300.5382,68.8536,51.4648,80.2236,0.8255,46.7749,58.7566,52.8214,2.6765,51.584,163.8531,59.6675,4.9397,13.5611,110.1616,148.7504,122.9498,16.4182,9.0278,69.5319,8.0114,19.6042,64.0645,56.8127,42.3777,201.4517,478.4918,88.9838,93.4664,12.516,55.3423,222.6698,84.0446,28.6526,98.884,84.0605,391.0337,355.4232,310.31,210.2153,53.7266,46.0039,84.2652,30.425,136.6896,173.0727,48.8192,107.6351,145.9844,44.8291,476.0966,236.9926,62.736,1.7154,91.5929,140.4916,350.766,23.4964,91.2657,122.7019,27.7847,110.5627,154.4289,129.9254,321.8861,61.0079,227.2951,329.2524,17.8692,252.7183,338.2369,119.3899,224.4732,93.0011,0.7283,5.039,107.6571,33.51,42.2554,272.7203,159.4889,143.9707,52.8413,137.1803,182.7444,179.982,311.2001,52.3108,100.9099,139.747,103.2444,70.3089,155.8639,4.1769,179.6477,0.8068,194.9168,3.0
2.0509,69.2283,77.3035,247.8515,197.9716,47.8726,34.0064,0.0,62.5806,62.9965,30.3931,56.8127,43.6516,119.7668,45.4712,20.4022,0.9991,46.1572,114.1323,69.6292,368.3191,42.6274,0.1203,4.8546,23.2073,33.4359,63.74,38.0452,137.7731,526.9855,28.3521,95.0706,8.2317,30.2479,115.6776,1.3823,28.6808,84.5289,53.4943,227.637,231.482,415.4246,127.5495,83.2931,33.2164,4.3476,62.8887,69.9793,116.1675,30.9082,92.2331,198.2398,1.2812,257.2403,168.923,2.7315,6.3125,79.4456,249.855,209.5189,37.4099,44.2095,134.4512,33.9136,27.3777,77.6048,97.9998,339.3887,27.8798,183.677,108.7977,2.6821,92.6389,112.4433,154.7761,154.1256,44.2759,1.9822,0.452,192.474,93.6797,28.2024,222.0655,45.1872,120.426,42.8831,67.568,59.3053,239.0291,385.6596,128.0355,100.7517,112.0607,134.3498,144.0528,52.7247,2.1688,86.9291,2.2375,136.0718,4.0
21.8508,61.6585,105.2128,109.1096,83.4682,55.6427,50.0977,1.1796,98.3703,69.8049,57.1101,6.9314,42.3247,170.7625,55.7572,4.6537,2.621,77.0458,136.1324,115.1005,13.4375,11.2544,5.1343,20.4487,16.1343,26.2873,51.2041,33.8003,157.0852,560.0797,73.4083,95.6757,24.1389,84.0762,155.1259,54.2446,22.5899,148.2341,82.0461,304.8089,240.8763,245.1971,229.1488,56.6186,88.9333,84.3644,72.2503,126.7074,251.8239,22.8824,85.2908,144.7471,171.7599,294.2563,288.2,70.0617,13.1371,31.6975,97.1303,268.0721,54.0072,44.9433,133.4666,48.7851,138.8081,142.6138,142.3191,235.7254,52.9869,215.564,133.4133,22.4037,180.9482,268.7247,110.3519,149.4412,121.1328,2.5668,53.3266,120.6293,13.7802,20.9145,257.311,96.7129,129.3383,21.1764,17.2132,81.9567,287.0401,292.1915,47.3512,82.5787,117.055,92.7955,53.7956,92.1705,2.9067,122.2093,0.6313,138.2762,0.0
5.2003,81.2867,48.0033,62.8011,60.4638,57.8699,4.3984,0.0351,11.3782,106.4579,55.1405,9.7378,46.2247,133.631,26.5108,22.2602,2.7287,50.4797,80.028,70.6266,8.8762,6.8432,0.1053,10.6173,6.8018,27.422,56.5641,34.0462,107.5965,577.064,25.7477,83.5694,20.4625,97.3678,172.9189,5.3841,12.28,85.6805,119.131,428.7248,389.4091,214.1464,204.8094,62.7167,26.0488,11.9582,37.2177,104.2666,179.0137,23.2908,63.0607,102.7065,17.7676,483.3255,233.0823,39.4452,2.0397,34.5912,119.968,295.5356,7.1852,3.4718,119.4328,171.4409,74.2172,51.3222,49.191,359.8471,25.8148,152.7099,91.2936,13.1922,235.6687,213.7417,126.4085,140.6382,61.6197,1.7164,3.2303,203.3494,62.5362,30.8099,165.049,146.9964,273.6505,56.7759,23.4017,217.4787,146.7556,359.1207,22.9096,90.398,130.0287,79.9648,72.667,13.2756,1.2827,82.4114,0.2547,108.6515,5.0
7.8798,209.9854,75.8872,278.1736,97.0345,33.8974,6.0713,2.8447,20.3641,90.8015,14.2026,26.1523,27.8434,225.5977,167.3617,8.3308,12.5311,29.3293,297.3791,81.2442,34.8604,71.1726,0.5623,10.5738,22.8386,62.0511,119.7643,101.3583,194.811,728.3679,43.8519,40.5176,37.4421,134.6241,492.6985,1.7157,70.9839,118.9377,199.1085,1197.1879,1455.5523,784.1457,397.419,70.2636,85.6457,55.5441,48.2941,301.5742,227.1437,26.7893,240.9721,190.8476,38.058,2174.1562,347.6576,346.919,3.1931,44.6057,348.6998,1295.6298,5.4351,5.4187,124.0932,14.0846,84.4555,157.2733,94.448,1020.9225,37.1994,206.9973,39.6798,2.1784,993.3858,236.0532,243.9766,243.4866,103.0189,3.8947,68.3253,204.8772,16.8029,201.9339,350.5497,666.5188,193.3825,14.488,160.5217,846.4299,228.1517,1209.3242,29.0951,218.3289,193.0225,194.7712,247.2807,45.3547,6.9808,256.6486,1.0911,156.7024,3.0
3.1262,88.9473,9.7319,118.4232,57.9455,62.8126,2.082,0.1454,12.816,108.1301,17.7256,2.5448,41.0522,233.0513,111.9148,10.4085,1.1137,25.6278,104.5846,137.1502,3.8036,14.0131,0.0454,51.4166,4.1863,20.639,86.8161,55.5914,137.6762,738.4061,14.9433,55.1862,36.6187,84.4247,242.1596,0.0881,68.9281,399.3426,86.0598,287.4694,296.6918,139.8943,467.0655,47.4677,57.7973,9.4136,105.7322,199.6858,149.9766,12.4399,151.2448,170.8187,19.6278,383.6538,287.7706,98.6605,522.5404,33.6558,85.3747,220.1589,3.8968,41.707,170.0092,33.6123,350.09,93.6542,68.4727,254.3391,76.8164,217.3163,37.4229,2.27,213.5349,247.1316,221.8447,216.0779,55.6371,1.4612,0.895,176.2647,33.2446,50.1969,231.0547,102.5177,246.1748,24.2723,21.803,84.2888,534.2651,213.0165,28.7964,138.8052,91.4025,97.2341,404.0968,37.9407,20.125,75.2353,4.6695,197.5333,5.0
63.5124,101.9315,39.0334,72.2994,60.6188,50.3726,70.3682,0.0181,50.974,75.69,24.657,29.4501,33.244,160.9082,53.1839,6.488,0.1096,30.9874,51.4962,121.812,7.308,0.8913,1.1653,10.4283,7.108,20.9219,87.5727,78.0885,104.2183,562.1716,58.6215,76.4028,37.0779,53.1794,235.7471,33.5063,13.9279,174.366,110.5469,425.3624,300.3421,299.6514,483.1543,34.7179,81.5912,62.2436,51.5127,168.8192,168.701,18.1852,105.2378,123.6857,2.7898,363.0163,217.8748,1.2163,21.7414,13.896,178.686,335.2138,11.4505,41.7972,184.4378,17.3062,117.9537,149.0347,103.3067,376.875,94.8699,187.8902,110.5229,3.3632,269.1012,76.0669,125.2912,228.3879,89.0445,4.1601,0.2975,140.9127,40.7114,72.4751,229.153,107.8215,125.182,10.6926,11.1439,118.1376,331.574,383.293,50.8428,117.3353,132.4039,50.0443,198.5014,51.7903,8.093,107.4206,2.239,110.9781,1.0
2.6027,83.0553,23.2207,187.3519,153.9675,62.517,6.4412,3.3306,7.726,144.8039,11.1039,5.5723,56.2779,162.8812,63.3039,9.3351,2.2595,48.3146,101.2663,153.4157,29.0395,12.9823,0.4957,20.6307,55.5323,40.6172,53.5659,25.0429,411.1092,916.0085,24.773,52.3197,36.3994,58.4051,176.0248,1.3347,134.3364,376.685,107.399,224.1726,292.2758,247.5353,410.5283,59.5959,28.3087,6.6697,83.3477,128.2549,297.4819,33.5253,103.5127,128.495,30.6192,384.178,215.8173,44.9519,279.6214,41.2591,137.3654,267.9298,21.4439,26.321,188.1791,19.8382,134.0844,68.3484,47.9439,307.9335,105.2393,163.4236,114.1658,43.9643,430.9355,285.3859,197.4036,170.6178,35.4801,1.2732,5.4781,278.0799,74.4306,32.2353,193.5237,100.3549,117.2743,107.551,59.8074,92.2621,460.2029,323.6098,25.7427,115.3408,113.0611,124.5507,256.6113,20.8511,18.7758,86.7658,6.4671,235.5062,5.0
14.2593,88.9827,129.5892,77.7465,104.6954,48.093,22.5261,1.2139,45.7421,59.8511,51.746,32.8804,38.7864,174.7023,68.7248,2.9031,4.4493,148.0929,304.5084,146.5269,14.7007,4.3081,20.7244,36.1323,29.2591,52.3207,83.1405,39.8998,213.22,526.5377,74.4386,96.9678,17.1856,94.5792,220.2976,112.2921,21.2465,114.2178,84.8091,387.7297,292.7074,332.3101,186.4671,35.5655,73.5207,133.8985,62.8045,150.3397,218.4358,33.7659,101.3709,189.345,122.5432,395.2784,230.5014,70.2481,14.7887,65.6969,133.6379,373.0228,34.6913,25.0075,126.0788,22.5364,148.4231,237.8092,176.3473,328.2365,63.8339,214.005,142.3158,42.1545,241.161,396.7592,161.4088,244.9875,180.6375,6.6176,1.6601,150.8559,10.2973,90.7429,250.8349,101.6467,229.3961,59.0691,11.9373,115.9348,201.8108,267.3212,166.7841,112.1102,125.4247,44.0632,64.2378,40.0716,3.9346,187.0453,0.6871,151.9098,2.0
25.9615,63.583,94.5227,162.1989,48.0473,50.8956,50.6387,1.0687,95.2053,58.7273,65.2163,20.3792,38.2663,141.3763,51.0193,4.8563,2.0379,91.0149,141.8648,107.6503,15.8952,17.5014,1.0004,10.3255,16.9017,43.9555,43.7571,37.8936,136.6723,404.749,82.6,87.6632,20.4945,89.1067,219.7149,63.3387,33.2723,84.1419,67.0755,359.9269,279.8287,266.8044,173.5587,52.629,47.7991,91.0331,43.4365,142.1593,192.2467,27.8378,78.7935,127.6466,120.1564,378.6215,157.8263,124.5171,2.999,129.4485,118.022,271.2879,15.3153,42.4318,106.3676,17.4755,147.299,98.9506,127.9656,232.7998,42.1133,228.9874,220.6216,16.3178,209.7637,365.1926,101.8541,157.875,124.2733,7.2873,36.0629,110.9166,24.902,17.5983,242.6957,165.8663,111.6497,23.2439,126.6272,180.7408,168.1648,311.2764,47.2173,76.949,140.5385,79.1398,52.9555,79.0306,4.1967,149.7801,0.4625,160.9398,2.0
1.4862,56.8127,156.4991,413.213,43.465,62.2935,28.3619,4.9919,3.0485,123.0836,28.7048,114.0508,53.6029,176.9829,41.2315,1.8702,1.9323,291.5455,197.1229,72.0665,47.822,32.0882,0.2992,5.2284,39.3345,115.7161,40.7456,25.2608,202.8217,399.5857,97.8015,129.9138,10.5641,67.962,225.9304,10.5436,67.5122,64.3758,58.8527,318.376,260.2705,265.5452,172.6725,126.8135,46.4292,12.5413,28.6,144.7107,156.0618,119.5178,94.2853,125.6486,30.3027,348.7382,180.3528,75.6371,0.9368,396.7952,101.2858,215.7806,13.0629,0.718,121.6576,41.9348,32.4003,107.8037,49.2895,201.9744,60.9008,374.3223,671.4102,29.3135,218.5688,875.2934,95.3553,158.3944,75.0743,4.8169,1.1239,163.8201,86.6169,14.0304,297.171,113.9473,114.0348,96.8471,437.0972,132.3188,167.8462,265.1184,39.4072,82.6131,129.8731,73.9294,31.6261,291.3891,0.1736,206.7593,2.9196,188.12,2.0
8.4183,100.7392,49.576,72.6089,458.1068,45.3908,4.702,6.8994,14.0758,57.3363,17.5883,48.9584,21.9511,181.6788,51.8244,9.4276,1.4782,58.244,271.8791,114.3923,160.7702,36.8937,0.1387,7.1841,95.5186,27.6458,107.4449,31.1319,196.881,480.9526,61.1984,48.5674,9.3747,48.4434,339.6806,0.3233,33.4903,104.0229,73.3841,352.8752,356.6545,613.2983,125.8356,82.1023,11.1249,12.2046,31.5877,188.7047,98.7731,41.1119,155.8013,98.8058,47.6358,580.9448,112.7883,64.9575,0.7068,88.4638,277.5435,359.4101,7.9872,20.1694,98.4299,18.5404,36.7298,74.506,69.4695,301.8755,79.5685,208.5751,118.274,2.6273,276.1266,78.8798,110.2409,218.7707,69.4338,5.7576,12.3487,229.5087,46.073,46.5048,204.6115,87.5526,82.2585,74.1488,15.8375,176.4751,197.887,206.6377,44.5497,135.508,141.0659,84.0065,206.7688,22.3099,0.0604,77.6872,4.27,92.1636,5.0
17.3167,87.9126,113.1627,155.1383,195.8638,57.1292,71.6657,0.5709,133.1501,84.0183,88.1716,0.05,62.2262,180.9036,62.4723,2.2154,3.4642,156.281,226.1479,84.8669,28.5439,3.1232,13.6998,5.9487,52.8339,37.5342,34.0368,46.7167,163.7769,673.9941,122.8921,95.1125,8.0949,49.3994,263.0089,53.8825,21.5159,98.4297,101.1333,347.9885,354.0882,426.7283,206.5562,33.497,78.4112,90.8394,24.1877,194.8251,377.7896,47.6976,111.0292,176.3189,37.8672,532.3526,453.0295,15.4716,3.2658,93.3438,202.3164,415.2077,5.8857,29.9286,123.029,36.7416,131.9376,136.5544,136.5532,433.886,96.6116,241.6197,365.6926,7.4088,325.1461,186.3382,100.9764,272.7764,79.769,0.0469,1.3628,175.9022,74.3908,34.9784,207.6494,99.0591,128.2264,36.7583,46.4343,152.2444,159.99,339.2076,38.2158,119.086,146.4367,70.1064,108.006,202.4019,2.0293,170.6965,0.1026,148.5383,2.0
27.156,57.9239,60.3929,228.8829,43.5366,36.1699,75.9344,0.1104,63.8236,76.33,74.9721,0.4004,34.3295,146.8614,67.4358,1.9992,1.4606,108.3992,87.3242,105.6645,18.4174,2.2509,3.2096,10.8361,15.9763,240.3554,41.9902,50.2445,137.4815,543.6537,79.4072,115.0092,12.6131,65.5984,223.8135,32.506,47.8572,95.7665,83.8486,315.7396,276.9633,266.3083,218.0469,22.5847,59.7109,72.9771,31.1219,117.7897,222.7468,33.0828,92.4873,130.9055,15.2187,387.1225,217.8045,19.7568,3.9601,69.2062,137.12,290.7781,7.8702,94.1253,127.1101,39.6279,193.2992,100.5243,120.6495,274.6225,75.2335,206.4471,187.271,47.5962,216.4131,299.7946,96.1444,223.8543,82.4414,0.1468,1.6253,112.3493,41.6533,28.354,224.6372,84.6932,198.021,22.8652,159.1318,124.5866,176.3221,369.9396,50.5372,96.4038,165.6413,206.3367,80.6424,228.2445,2.3276,116.0675,0.1818,203.1173,2.0
24.1427,80.7282,104.7395,120.2755,170.7444,48.2562,17.5297,10.4734,69.9871,62.9993,41.7561,6.6478,49.9934,214.6879,111.2089,3.9908,4.5357,118.3604,202.3212,102.736,31.4118,16.9325,2.4927,15.0129,24.0507,46.1063,47.1299,40.8526,296.7399,406.4232,83.7966,66.3727,9.8616,54.0582,321.8937,29.1601,24.5224,88.5351,72.7632,325.7955,392.1522,582.7076,148.794,23.4541,50.7088,45.2268,32.11,185.6563,184.2111,51.0752,124.1581,198.0079,139.5224,546.4266,208.0576,47.1115,10.6503,77.8453,159.512,380.0878,28.3964,41.8394,99.9257,31.697,88.0422,313.6518,136.5299,273.9006,71.6303,217.8108,234.5458,16.6475,340.8965,260.485,102.9721,255.3129,96.6429,1.3399,6.1291,137.2441,66.2026,57.4062,248.3008,169.3917,92.1346,63.0267,41.6729,173.4161,142.2165,300.7112,27.2309,127.7581,130.7946,52.8338,56.8196,190.9574,4.365,226.433,0.6685,181.4498,3.0
12.2294,105.0979,37.1535,160.459,133.3961,55.3909,10.3319,0.0146,35.8628,93.0092,21.9901,15.5252,48.3153,217.821,59.4635,5.7679,2.3524,81.633,140.1743,88.6012,43.5621,5.5344,0.341,5.9059,46.4746,71.287,85.9143,55.4257,183.4064,949.0966,37.3429,83.0227,11.7647,63.0839,257.7165,5.5008,52.1155,160.7911,160.0336,419.5469,402.2854,422.7144,328.8523,33.7431,36.9932,11.2137,42.0798,211.394,532.1316,28.7611,119.2168,171.5745,0.2465,480.4149,233.0352,1.8277,4.291,97.3688,271.524,388.7838,3.6952,0.0998,125.8842,106.4427,85.3249,111.3469,84.5588,561.7895,94.7661,236.3228,199.6806,6.1725,373.7498,225.3345,144.143,172.5776,76.7674,0.8318,0.5979,206.813,23.3177,11.0463,235.8772,116.2476,194.0105,110.4681,29.9998,185.5358,342.1925,478.7153,25.2039,119.203,280.8326,80.1757,139.5389,6.5973,13.1999,93.0242,4.7152,134.4569,4.0
19.6424,70.0714,43.6146,67.2652,45.7729,60.6146,38.5962,29.6434,103.5402,94.8196,63.1319,14.5955,60.2268,114.8581,40.2839,2.6449,4.5919,71.4248,87.5055,69.2321,16.7673,8.2418,2.7647,16.7509,12.2414,9.7287,45.7339,35.0182,207.8085,524.3451,57.9466,108.4269,20.9198,50.1187,149.079,17.9766,11.4904,69.9772,53.6343,279.5626,151.2228,187.3109,137.4916,31.3406,44.5409,44.4413,59.1597,123.3289,219.0968,14.8412,64.7545,178.4464,134.1201,213.3959,200.8252,40.9717,9.2652,31.5119,89.2095,189.7073,109.9447,30.9758,130.5349,55.8409,96.8799,58.414,153.7757,197.7845,49.4978,209.883,85.4133,13.1226,162.114,108.5519,117.7283,84.4296,85.8851,3.73,0.1332,94.6664,24.1022,8.9531,151.2255,107.7454,93.0387,7.3055,37.3059,114.7121,151.2578,318.1372,46.0908,51.6665,119.2826,64.4578,50.6575,52.6949,3.3313,80.045,0.579,109.567,4.0
0.6167,104.3114,9.2669,74.919,36.8646,43.5725,6.2156,0.5569,1.3601,97.8586,53.7198,0.5013,47.3411,229.8827,161.788,70.8211,0.2318,30.1528,66.064,97.3232,4.1484,30.8231,0.1196,45.7315,4.7412,18.5592,57.2053,61.4612,61.9909,609.1731,60.0956,94.8137,8.7476,52.2701,258.3678,33.7665,20.0784,124.2409,114.728,408.4076,523.2238,485.6493,207.0658,13.1201,76.162,21.8163,12.3476,165.7301,178.6346,12.9275,112.1147,176.2808,4.0153,678.8867,427.9121,8.9478,0.585,25.9796,202.3576,421.711,1.9952,122.0249,171.4731,83.8491,98.052,196.4265,108.8066,435.5342,93.6773,147.4413,30.9546,70.1793,336.3938,76.4812,125.7951,312.1418,87.3341,0.1342,1.4608,139.4478,8.2977,91.7521,193.1474,176.0414,267.9711,34.7761,42.1576,201.3275,183.8305,382.5766,48.2955,146.8597,182.2602,84.3433,99.353,86.0287,1.532,114.0379,0.1203,160.4764,3.0
1.1401,52.1123,42.8589,162.4898,554.7472,79.4446,4.9201,0.2807,15.3921,218.6549,45.0637,1.804,61.0459,167.1748,69.3872,38.6274,0.2809,56.7045,211.7287,322.9451,60.7634,6.0383,17.6658,20.4551,17.4471,51.7373,63.0514,21.2808,486.6345,1023.8904,64.528,150.4322,10.0116,54.0512,253.9695,1.0031,52.4027,215.3996,93.2755,176.1686,129.3347,283.1738,475.3413,122.9923,47.1079,2.5479,86.3163,171.5532,595.7131,48.6266,98.3507,189.251,4.4271,172.7081,148.117,11.2169,105.1725,95.3541,184.1045,133.5704,8.0904,44.6202,193.6702,177.8706,72.3617,108.8562,162.0327,127.1746,96.7165,240.1767,151.4076,28.1212,139.2037,297.4,145.6312,143.1956,72.7442,1.2855,1.2508,215.9947,59.5582,13.0231,339.8093,56.0346,188.8971,37.7132,44.9003,51.0685,442.4457,220.1608,25.8826,87.5874,237.3628,96.6122,138.2201,8.1872,0.0788,122.0466,7.4426,252.9323,4.0
3.0232,88.2703,25.0878,90.7036,156.3482,64.8522,6.0723,0.3282,3.8074,122.8771,38.2192,2.5747,56.7148,190.3244,54.1531,32.4977,0.0756,48.4802,208.6615,156.252,8.6094,29.5093,0.0878,30.4206,8.7803,16.4764,57.4569,47.5638,227.9139,672.7767,17.8873,86.3867,41.168,43.6606,230.9039,2.3988,19.5745,162.9741,97.4583,292.0939,248.1776,271.8002,253.582,133.653,37.9518,11.038,77.9736,180.3821,330.345,31.8676,119.996,137.3741,18.3391,293.3202,304.6392,52.6291,179.8768,127.2132,167.0253,204.1753,14.66,1.9071,154.206,35.2925,54.4727,115.0283,89.7692,220.15,56.1786,214.4651,73.4944,23.2031,180.5883,81.529,285.5664,248.8195,59.6407,1.4312,13.6596,229.6121,97.5439,19.6442,267.3823,111.0864,72.8256,22.1542,32.7186,132.8812,212.3079,252.6033,20.3102,98.2146,235.2625,94.7887,279.131,19.8805,12.113,115.4181,5.2507,146.1077,5.0
5.5876,64.5178,39.2189,100.2828,78.1931,58.8044,6.4799,1.6949,5.5835,74.2357,21.6643,6.4181,28.9127,153.423,55.0259,19.1738,3.7115,52.0772,173.6175,102.2013,169.3809,83.7884,0.7731,13.9339,16.2582,16.5852,60.193,36.8998,380.3459,578.2876,46.7892,89.9941,24.9145,64.9301,250.8017,2.4073,27.18,131.8786,86.9775,327.8517,357.7976,259.3487,233.36,87.1045,40.6441,30.9155,55.0265,177.1761,231.7359,39.009,88.8347,124.9019,27.6499,433.6516,202.1056,26.5774,78.774,61.0963,163.417,289.2564,11.5734,1.4915,134.0202,20.8792,82.5948,89.9339,72.5316,312.2996,73.0322,189.69,118.64,3.7091,269.019,62.2739,181.7017,143.9826,60.6984,2.0274,40.2321,187.5798,21.1035,42.4163,248.8727,165.8969,157.8273,30.9638,41.7001,196.0215,187.7043,328.0333,33.4767,84.5392,152.6835,67.9824,187.1649,55.0737,10.2523,96.1619,2.5272,137.1561,4.0
3.915,163.4953,429.4361,82.9858,156.153,33.8931,25.1741,1.0069,68.4683,70.0149,19.5092,3.9336,28.8525,297.4212,310.4626,0.5499,8.9694,121.9803,535.2107,139.5155,19.3015,88.0507,10.0116,32.4837,18.7639,240.6904,115.8919,138.891,322.6097,600.323,46.8567,64.6794,13.8614,83.536,815.137,131.5806,45.5303,91.999,139.3256,849.1696,1078.4437,1550.5317,459.6543,14.9747,116.9204,193.1001,31.7739,282.1751,286.6155,177.1483,283.5975,279.7483,34.6165,2019.3529,531.4951,30.2948,27.5718,120.1588,416.3453,1177.0253,6.42,108.9909,90.6752,32.5982,147.3889,843.5355,344.0719,612.408,74.16,230.6385,155.3485,14.6506,803.8341,271.1289,184.3622,351.1809,182.7852,0.7335,121.0879,98.0013,4.178,132.8042,827.0889,655.669,180.8142,47.7135,44.4345,608.8755,281.175,823.5739,101.4816,469.5466,101.2432,58.0202,156.7673,390.4604,10.5717,864.9904,1.5475,251.5483,2.0
11.8566,71.4476,156.1814,153.1194,49.1751,53.6297,42.779,3.5956,57.9957,63.3743,34.0272,5.3863,49.1575,169.5705,79.4237,3.0658,12.1118,182.8183,162.3701,107.8959,25.9891,6.8185,50.897,10.223,25.8507,38.7016,43.7557,50.6727,188.1867,504.9037,103.3891,90.3785,8.5859,45.4446,229.6965,10.6477,29.3118,67.302,79.1121,376.9302,341.1347,333.1201,149.3226,41.632,31.0244,47.5745,27.9945,152.9765,195.8802,79.1707,106.5845,176.7813,60.5524,465.3271,194.1192,44.4274,7.4544,108.1626,113.0144,335.993,10.0645,56.4817,110.4381,23.8337,98.4821,122.4162,123.5154,313.328,41.401,241.4339,333.0858,19.6236,236.9725,265.8151,116.0524,197.2795,94.1746,0.7465,3.1611,119.0471,25.8325,30.0227,236.303,158.7043,145.906,50.5092,122.2697,202.0911,130.3893,320.4956,30.4154,101.307,147.4724,61.1849,53.8959,131.4423,2.9529,194.1903,0.1692,155.04,2.0
145.548,67.5638,31.0086,301.6049,23.8746,49.7315,57.1714,0.646,6.9548,81.8859,49.249,3.8852,24.6191,134.2194,43.1984,25.439,0.8559,32.7982,56.8083,57.5416,6.5973,16.4546,0.4101,2.33,49.464,15.7589,49.0165,45.5729,92.1105,523.5715,59.8088,78.7333,28.8316,44.4599,153.8402,6.9009,30.8104,128.0054,126.4444,562.2528,380.179,173.0353,247.3694,79.3304,31.3209,33.3745,41.4551,107.9173,162.232,15.8324,60.0725,121.7602,34.5957,517.0296,129.806,29.8049,1.363,22.5224,153.2174,363.2722,18.3156,6.2752,175.6547,22.2651,129.8541,50.2176,76.6847,461.0258,10.4832,165.3285,62.5503,4.4944,179.0107,89.422,123.0399,129.155,75.4381,1.5621,2.0512,167.289,12.8106,52.1215,125.7327,170.0887,123.4428,8.9981,65.5779,224.4742,256.2404,425.8201,23.9203,84.9486,91.7797,102.2423,145.6688,26.3185,3.1665,58.859,0.1943,98.861,1.0
9.2692,65.532,11.5224,289.2271,59.5618,67.572,3.8943,0.2843,2.2895,263.2033,59.0301,4.9432,77.0594,186.2366,149.8176,12.0108,0.5786,20.2487,20.7173,88.6835,2.8309,2.7104,4.1673,6.9823,3.6728,66.7804,82.0619,43.7648,108.178,480.2207,8.2308,77.8863,11.6598,52.7986,205.7467,1.8612,43.8082,110.6061,163.7415,326.4774,557.211,316.396,205.9151,16.4796,22.3228,2.3765,74.7122,177.2923,241.6044,11.9618,201.1693,192.7119,4.5943,495.2025,226.001,21.704,12.2021,17.559,177.8236,608.8981,202.5003,12.7809,163.1963,197.9742,33.4173,64.3284,316.202,419.5949,86.3446,166.7645,36.7756,37.8789,236.6354,156.6023,157.1767,173.1053,59.4696,1.5834,0.7397,199.1303,272.1261,23.3682,252.1131,105.5918,103.0989,22.1808,50.0476,166.7951,332.9796,823.0574,31.2686,185.7272,263.1081,162.9265,71.9733,1.3249,0.6101,125.1658,26.8463,153.2288,5.0
26.7506,188.0163,23.9441,107.238,93.5681,43.0964,7.8134,0.2971,70.1451,81.0474,12.9159,24.2601,20.8287,176.7783,70.6121,16.4715,0.4762,33.6295,298.2569,105.7063,33.9181,57.3948,0.1682,38.438,55.6203,15.7965,87.5321,42.2145,76.7812,726.102,20.5585,44.9104,20.0173,63.2377,333.7912,0.7538,20.14,112.4678,163.776,596.9401,569.8536,487.1965,388.623,43.5382,32.5505,26.7139,50.4302,170.8775,285.6545,22.9461,150.2431,245.4704,8.6244,927.0813,341.4798,22.0482,0.8855,59.6317,362.9221,674.0715,47.9717,92.6111,129.8301,28.4772,48.0509,84.5386,111.1914,489.9956,90.8137,160.5076,48.8441,0.3024,420.9503,58.6121,228.2606,235.7185,73.0724,2.7101,1.0205,294.1649,28.7204,50.8433,398.1506,130.2209,104.4127,25.6344,30.838,200.7748,222.012,417.7424,28.8066,177.5619,135.2883,76.9934,199.1239,34.0359,4.4464,147.3623,28.2391,154.8244,3.0
2.0002,189.9349,44.129,51.8025,40.4822,44.9557,4.6592,0.5057,17.7089,117.4116,39.0143,8.3945,39.7983,124.1111,107.2148,29.831,3.2423,62.8891,309.1725,63.2368,9.4691,73.6845,0.7265,56.3018,9.2756,34.1135,72.8209,44.9592,124.58,449.5351,46.3478,64.1414,6.4541,109.4284,565.4561,1.6167,42.5623,62.9686,111.7987,508.3841,449.4887,872.7032,222.8395,46.6885,37.7928,31.8395,54.6211,235.8645,145.708,56.1917,157.4001,307.1372,16.0389,467.6049,272.1035,41.7473,2.6587,75.3243,260.6302,971.2872,29.7072,36.0028,83.2028,67.0985,48.1246,137.9028,152.6237,494.8751,144.1893,150.1269,84.8808,2.1118,264.7855,107.8967,104.3298,421.9939,81.3783,0.9837,6.176,262.7744,188.2891,117.216,378.9568,69.7188,205.0862,144.6736,32.09,73.3236,193.6991,139.3808,24.8606,156.4986,125.9688,119.9312,111.4998,187.8965,9.8481,123.1467,12.6651,136.4597,3.0
9.2615,79.0575,38.0087,222.075,25.0492,44.2781,23.5884,0.0642,28.7882,108.6809,60.956,2.084,37.5557,207.1319,96.7853,0.4506,0.7316,44.8902,52.3717,107.327,11.7154,3.3801,10.4855,5.5728,6.1687,59.938,78.5877,68.8681,79.6336,569.8208,94.0142,116.1684,8.5325,51.5228,224.2793,115.3727,16.3441,125.5961,83.8198,378.4038,326.5467,356.0318,281.1742,10.5696,71.1711,79.6233,13.5853,116.4248,221.6495,22.5241,131.6495,168.6936,9.5234,334.9207,208.2912,7.5314,0.6666,21.299,177.0589,403.6733,50.2336,123.8952,128.8187,69.9462,207.4515,157.9203,193.5829,344.9098,76.1846,208.0618,137.8461,30.0615,268.3189,193.8021,91.1156,233.4569,105.5584,0.6528,0.3009,96.6629,5.5503,66.0291,206.8099,102.1337,285.7102,16.4406,61.7027,111.1334,237.398,391.9643,59.8034,121.7551,125.0113,78.0927,130.6905,322.1358,5.2121,115.3465,0.2566,153.7576,4.0
150.0713,133.6731,49.0647,53.142,351.2214,50.9753,6.2745,0.5314,8.254,119.3925,17.1216,51.1674,33.1056,184.4414,58.3223,16.5639,0.2618,81.6387,188.5982,184.2524,54.7382,116.4862,2.6527,42.955,19.7714,18.7163,82.2611,58.3531,211.2649,589.2294,47.2617,72.3596,9.7064,77.0991,255.551,1.3885,31.4731,248.6622,90.5628,408.0807,311.6492,391.6527,385.9364,43.6578,84.8208,21.2351,69.3939,180.3627,183.2526,64.4986,132.0097,208.3623,26.3271,499.0443,257.1489,39.1058,58.8543,95.1904,183.698,340.1873,41.4568,8.6812,133.0313,29.8572,103.0113,170.9238,110.0268,329.6071,171.1087,211.5281,139.2356,1.3483,373.5368,112.1871,194.2796,361.2822,76.8434,5.9991,5.679,219.6557,23.3894,59.0009,316.8152,132.79,131.1634,58.3696,17.9986,184.835,308.6825,374.0512,29.3412,135.2003,203.3031,46.1402,175.4229,47.9738,4.9056,159.654,33.0232,136.6595,5.0
8.4618,56.1215,84.9593,120.061,33.1573,48.2693,68.624,2.546,20.4836,67.0163,47.8128,4.8922,26.5826,145.7747,55.0885,8.9397,1.0999,84.9181,207.5102,152.7546,16.3271,25.3456,3.7313,9.1343,22.45,26.7424,48.0668,39.7536,268.384,678.9093,53.5949,101.1355,18.0958,59.6063,156.6638,1.1286,29.6849,118.4637,84.6032,294.1659,270.747,211.6951,140.2589,164.2957,71.6194,15.614,68.6818,119.6022,248.2768,35.4322,80.747,147.5239,58.8457,294.723,178.8178,62.6317,8.889,100.1348,96.3076,242.2349,46.9148,52.5782,138.5117,32.8692,114.6742,81.7142,105.6058,283.633,66.6871,189.1478,171.2409,33.4199,160.3062,133.5777,132.3674,178.3157,72.0315,1.759,84.7544,141.01,33.9959,22.3313,242.0511,96.3134,154.407,94.1282,38.8846,84.1118,190.4811,327.2088,43.8812,72.4482,139.7318,143.4367,80.5873,43.3731,6.1601,124.3329,0.2643,162.9024,5.0
6.0259,94.0706,50.4393,230.901,234.9492,59.8235,14.2384,0.8734,12.5201,82.3079,23.8197,0.4555,34.0499,135.4215,60.5962,12.1052,0.8577,59.7301,108.8028,129.0166,10.1041,27.1507,0.2213,16.1777,8.7709,61.4626,56.3709,51.1499,152.1271,668.1473,28.9677,93.6444,19.9332,91.0307,147.7726,5.1731,87.6693,248.1449,100.1874,406.2434,328.1081,287.1447,328.1801,119.3223,27.2851,17.7392,56.8155,86.661,223.215,19.9584,107.8733,165.5895,53.6329,402.589,309.5479,212.6763,47.7741,69.6794,158.5934,387.8816,15.8637,25.7671,174.6602,6.5714,75.8113,97.0705,102.6137,405.819,103.1639,223.0196,124.2242,15.0455,247.1122,304.0668,430.9965,269.7243,65.7619,0.2079,19.7502,243.779,42.2077,89.0218,209.1081,85.1301,71.6124,27.8746,106.1901,83.9055,344.7239,367.1908,53.5653,98.853,113.0736,163.3494,241.8153,91.397,8.292,92.6037,2.5089,191.3635,0.0
25.8927,71.1957,115.7903,118.6421,117.8977,56.2764,12.0782,1.306,61.9653,60.8267,27.6535,3.9529,47.7655,153.303,86.6961,4.1199,3.0567,178.9822,226.39,109.5133,53.8872,3.5544,2.5397,28.227,26.5255,23.7072,62.0289,29.0669,233.8518,434.2449,81.8747,104.064,6.0413,34.9641,254.4893,77.0004,26.3871,78.317,58.7269,339.7922,279.0392,386.2562,147.2296,25.6385,39.7974,83.5326,43.5319,139.867,188.9652,97.3701,87.5871,158.586,57.5296,356.5694,168.9143,32.9182,8.6752,94.1173,113.6615,264.4357,5.4504,16.4404,100.2711,24.57,102.3317,126.9563,188.1346,233.3808,69.6341,230.8936,234.0446,38.5369,222.6598,256.3407,97.0563,204.9366,107.2113,0.5239,0.1383,113.1433,16.4754,36.9015,215.5158,136.4777,128.2459,113.5391,49.4821,158.8982,159.4158,254.6901,135.067,80.4801,179.9149,32.5843,52.6056,217.9907,0.8923,153.3357,0.9435,155.6904,5.0
1.8211,64.675,9.0116,17.5394,94.4888,62.6238,1.2005,0.4117,3.489,88.1521,9.3309,4.0619,43.0586,178.9716,72.2338,8.4005,0.4577,8.8196,23.2764,120.6003,577.2527,2.8207,0.0622,3.5954,2.4589,6.8037,101.2471,45.9769,88.9786,676.6514,7.1693,64.0284,17.6239,59.4737,230.0081,3.7383,18.4031,200.907,111.7406,423.0643,352.3058,596.0701,380.6935,53.6764,33.7222,2.5653,104.7454,205.4599,201.4005,13.2033,133.4226,185.092,10.699,471.0956,178.1659,16.9029,7.3387,7.7747,259.3365,439.5486,1.7517,6.7662,154.6045,45.1315,30.024,39.511,56.581,363.519,93.6304,175.3674,14.8817,28.0532,289.4114,33.1871,142.6321,191.6892,62.5698,1.1184,0.3814,169.8575,23.4879,13.3646,233.096,132.9358,160.488,12.8788,7.4905,191.2543,483.0885,368.9575,33.6227,127.6855,199.1748,49.0663,154.3099,23.3519,13.2202,97.6224,7.2716,154.053,5.0
13.6523,69.6621,416.9279,225.7025,355.5603,53.6859,11.7624,3.5497,91.7562,72.0654,27.4824,24.4199,50.5977,192.3384,39.1547,10.5984,3.8514,148.3035,174.4966,140.5693,185.4141,126.8257,1.2441,11.7013,45.8967,51.1911,72.1901,40.4837,155.601,829.4245,51.2992,95.7615,13.0062,50.5456,261.9869,63.3083,39.6522,129.3142,88.8843,620.3578,524.3903,364.8612,212.3109,40.5744,57.7399,14.1143,31.7228,157.1505,396.9124,65.8296,125.2336,112.5035,78.0669,822.132,152.8511,64.2994,0.9394,188.9921,193.7725,563.0231,7.1238,2.6581,115.1556,33.7061,60.7875,169.6118,91.2422,556.1531,83.2378,269.2623,253.4888,10.8012,468.0228,231.0431,137.7102,230.0003,83.727,1.4108,10.2745,189.8833,32.6042,27.2833,286.2785,210.3619,124.0613,42.5355,109.4918,352.0282,155.1167,532.0745,108.8918,94.6135,158.1147,103.6351,111.181,6.3733,1.2675,152.1125,0.7207,143.1378,2.0
2.4771,95.6681,16.8776,139.0926,39.0382,60.5746,2.0695,0.0209,0.3642,74.1992,18.8838,0.2815,52.3757,120.7742,34.9398,3.0238,0.7572,26.7606,29.4329,72.5722,199.2409,1.8779,0.1693,5.7055,6.0616,14.181,62.9438,23.7188,67.6941,581.0334,9.3444,82.1107,22.249,41.8702,147.4987,23.5761,21.5494,141.215,118.2692,595.6476,385.2403,241.5245,249.0615,40.5511,24.5177,2.6878,58.4288,132.3749,189.7675,11.0887,84.3224,110.1132,2.7117,489.6856,172.2425,4.282,3.1707,15.2438,156.5547,366.1445,3.4709,1.3183,154.6747,15.5335,45.2816,58.6359,40.8483,492.7757,39.7654,198.7073,38.1959,1.9402,323.8886,52.0237,125.5785,122.8618,79.609,0.0629,0.0285,180.5774,11.9981,54.9272,161.79,137.7662,281.7422,18.7212,40.6757,202.4707,267.2342,511.8238,31.2866,95.565,111.5505,52.9596,167.8961,1.0981,5.01,64.9778,0.3781,111.4093,2.0
6.621,103.397,21.8916,84.1768,166.0107,53.9054,4.746,0.871,4.8455,82.4307,17.6434,6.5193,54.1506,85.2637,81.401,3.121,0.2775,43.34,150.9305,123.7748,101.1548,73.597,0.1983,9.6149,9.634,13.9516,84.1642,66.5049,112.5901,767.8956,21.4186,66.1083,7.1481,40.8059,215.6903,1.0658,28.7205,185.7123,106.1933,398.0421,197.7773,351.8911,246.3895,127.6546,30.3489,7.1322,69.7794,161.5427,241.9034,22.0545,94.0112,185.5132,14.2601,518.9349,178.3016,34.2914,55.1443,112.2785,229.4764,350.177,52.1417,0.3224,179.6031,51.528,60.8364,60.5476,89.3423,385.5137,42.2765,165.2964,57.5668,3.2201,296.9395,63.69,217.6181,125.4141,56.3469,0.6785,5.0704,204.3755,44.8959,41.7077,180.3041,83.618,162.854,26.5695,28.7831,99.9322,268.6192,309.8243,25.0476,124.9614,109.8476,31.8539,170.8499,9.1092,2.2723,86.6752,48.8314,173.0688,5.0
23.8565,70.2402,65.4439,149.223,212.9958,55.8908,15.0196,1.022,8.515,77.9893,27.9203,21.4389,55.8292,98.92,24.2736,39.8532,1.7163,115.8337,131.7025,71.5468,96.5528,101.2413,0.5492,5.2432,24.7222,28.557,67.0416,21.9464,96.8996,590.2556,52.5457,97.8908,16.5598,37.948,178.0877,2.2299,20.9453,64.548,90.7468,495.2232,488.8801,257.688,141.7082,27.814,22.31,12.9125,34.8363,102.6771,138.8437,42.4595,82.1555,144.437,37.1281,661.384,93.7877,110.2205,3.3723,252.0103,162.6295,228.7617,19.5184,0.6121,107.4406,21.8777,32.9715,58.8954,51.2505,413.0854,29.7479,207.2138,321.6471,57.2648,334.7938,143.1551,108.6402,176.7535,70.7575,5.0379,0.2718,178.7156,45.1782,17.6662,159.9003,139.8929,132.402,32.2845,97.7274,278.5568,128.0008,368.6603,178.8235,79.857,150.4867,68.5415,99.5265,12.2625,0.0925,101.1356,0.4519,106.8771,5.0
2.4355,102.7821,23.0167,56.3345,115.9013,41.4903,143.7031,0.1954,112.8419,72.6134,52.5706,2.7535,35.2774,177.1865,110.4819,14.579,0.6499,41.5673,142.8931,88.7374,34.0302,49.487,0.0457,24.9345,59.4977,25.9972,63.7463,51.9572,69.5764,532.2846,74.3085,51.8328,7.0435,63.2565,325.4102,32.0032,24.1715,155.9444,91.6609,451.1852,526.5447,507.5305,199.6635,20.9557,86.0688,60.8667,25.4397,173.2141,198.4186,28.4432,101.3041,194.7009,3.7481,574.4703,360.0551,11.3624,1.4072,104.5825,132.0946,495.3319,4.1936,105.6979,115.2401,62.0376,185.8813,75.42,365.6619,454.4769,86.9645,101.6571,62.5096,11.4533,329.0306,80.378,101.2165,211.8192,86.0369,1.39,1.2028,126.2677,20.6342,25.7174,177.5175,160.288,114.6728,18.5026,30.9073,214.637,166.0518,370.2687,57.2142,186.5413,180.6517,82.0754,144.5123,322.6672,2.1361,142.5712,0.0939,132.2754,4.0
14.5748,150.1039,54.114,150.5491,373.0522,46.7374,11.0219,0.3242,41.7282,94.2688,27.6461,5.2588,24.1746,192.3951,89.4774,1.461,1.1002,50.4849,227.6836,167.6588,15.0177,30.5571,0.4307,10.8282,43.0892,34.839,108.3062,82.275,123.5264,578.7244,40.52,75.3766,13.7095,70.0491,380.1919,18.2559,23.5666,198.8325,115.6297,347.025,617.2321,570.1011,360.1891,19.9852,61.615,40.7932,46.4639,229.652,189.6011,46.8681,161.8363,201.1939,8.1303,725.3565,263.9705,14.6832,71.2672,57.2275,244.0181,602.459,7.3502,99.3282,78.3552,11.4713,160.1285,215.6621,130.3456,505.6958,141.6899,159.6532,81.6594,3.412,425.7578,69.8355,165.9548,332.3531,89.7332,1.1822,3.3039,224.7313,17.5985,55.2863,356.9964,191.6599,181.7404,50.8274,29.8467,286.2333,209.1263,456.5835,33.9341,186.2732,169.5284,40.4164,160.8228,58.6124,29.5104,152.1093,0.8955,167.4848,2.0
2.3755,77.7716,138.9017,228.9655,50.9168,68.0166,16.7697,0.5594,9.5413,46.28,39.4101,14.7549,41.3575,151.212,30.521,15.4057,2.2137,95.5458,258.8391,92.6399,30.4827,51.604,2.0945,6.8272,27.7501,34.9347,76.104,38.3663,262.6911,573.1485,88.0807,87.6019,3.6266,51.8679,264.7453,20.5726,23.2668,58.0148,99.8847,637.3439,430.8696,358.0487,148.7421,67.802,55.4969,10.8369,25.488,204.8232,137.7781,66.7415,110.4901,146.913,39.2975,903.0884,181.0117,77.0052,2.2627,188.3903,171.2515,356.9253,19.5436,2.0587,117.8071,7.263,59.834,122.6561,57.873,528.79,57.3497,270.689,250.592,2.0106,498.8603,237.5313,107.5977,157.3919,94.5112,6.1853,1.4188,192.2749,47.7619,27.9102,266.4008,254.8288,53.4914,38.1733,64.4221,411.7801,109.5929,472.9133,33.1867,107.1709,152.5606,99.3856,97.8066,6.1113,4.1094,167.4704,0.6867,150.9258,4.0
21.8622,29.7053,155.3087,419.8032,66.1543,58.5951,23.3048,6.0589,18.1062,46.9485,24.4836,8.6963,28.8124,119.3383,30.171,4.7285,3.3702,54.8473,383.5585,166.6563,18.1674,8.2017,0.2017,5.4142,30.5387,32.7913,30.9052,15.7151,730.2681,334.9653,80.9747,76.0513,21.0041,100.765,91.578,6.1255,98.0399,88.4972,43.9816,248.6396,234.9599,166.9785,173.2996,155.3398,30.3393,21.7499,39.2077,66.7412,145.0804,73.4107,106.0317,83.9458,151.1858,227.6224,92.7854,269.272,33.841,85.2039,81.4129,184.4673,38.5625,18.9702,76.2641,10.6683,80.693,61.4844,29.6386,201.9169,11.7979,194.5833,131.8819,1.7046,137.0844,222.402,137.1949,86.5348,59.2622,2.458,283.8558,200.4325,49.5976,19.9448,233.7963,77.7795,30.0077,39.1613,341.3392,59.3821,186.1377,218.2293,20.3732,46.5373,68.3804,99.5167,31.7965,19.4241,1.3381,88.6863,1.4079,156.1801,2.0
0.5871,115.8578,291.5248,371.9575,170.8255,62.3712,16.3602,0.1023,4.5732,133.505,8.3904,0.0296,30.2149,210.7706,79.8768,22.8192,0.1485,117.2864,712.4836,100.4199,12.9727,54.1674,0.1916,10.8216,69.0005,138.611,84.869,40.6767,215.7453,521.3586,89.0764,62.3057,4.8938,61.745,424.3204,0.1563,98.3418,90.7253,128.2574,586.8046,654.6373,885.9442,169.8766,180.1339,16.9117,18.0442,32.398,272.3451,182.9295,102.6807,186.3516,225.0594,0.0505,899.7044,143.1107,0.786,7.2862,177.4624,360.971,583.8705,5.334,32.0661,131.1284,19.689,51.5014,128.137,132.4308,459.4886,37.508,287.7834,204.1804,6.1086,695.8952,360.0374,97.7901,218.3135,105.6026,0.3817,0.2519,224.2868,193.199,154.5947,365.7193,242.5853,113.2774,44.7573,139.504,252.8575,304.7311,538.2644,39.9095,196.245,180.959,176.578,149.3831,272.6915,0.5501,349.9062,18.9227,188.4827,5.0
5.7603,123.2963,38.5349,74.13,90.9175,46.8676,16.5564,7.7168,6.4208,76.8029,42.8721,10.2326,31.5622,166.8355,73.5307,8.8805,3.5789,43.1404,146.7588,128.2086,11.3876,42.5972,0.9614,15.683,8.1106,14.8597,105.7348,76.1008,114.1026,519.6973,47.4986,84.3483,16.3248,61.1744,242.0057,5.1901,18.7656,213.8442,91.0996,329.5456,339.2804,326.8962,394.942,39.3581,33.1341,27.1576,84.8071,197.1353,126.2294,28.3585,111.6764,162.3994,62.0953,446.4241,203.7765,33.5995,70.0762,35.7923,194.9886,255.1316,9.3372,20.877,172.4555,43.5431,82.9124,100.5218,128.8051,279.5814,44.0235,189.9264,76.8225,5.4308,246.9497,93.1061,287.988,172.7622,71.7475,4.0101,6.7646,170.3618,31.3676,91.3517,285.4668,103.5576,187.7844,29.8305,17.1397,141.4313,323.7193,353.2106,54.0353,112.5774,169.0161,56.0462,187.9944,92.3576,21.4234,101.6147,11.3942,173.9292,3.0
0.3405,90.6589,23.4607,75.1261,53.1598,47.8833,2.7212,0.1553,4.9153,61.8961,19.007,2.7758,23.3743,142.867,69.67,10.8251,0.5947,20.9991,595.0728,77.6858,20.2827,41.8912,0.1615,8.8509,8.7433,44.8923,49.9235,26.3016,337.8995,355.3756,54.4472,45.1736,6.0111,70.1254,374.9529,6.7207,32.5037,37.4696,65.6988,518.9892,473.2066,477.9637,161.1671,39.3425,48.1802,5.3221,25.7993,137.8081,134.4771,92.284,165.8606,177.5304,9.4801,711.9003,371.0981,87.2663,0.1553,35.7745,294.8924,478.0847,5.6773,33.1419,80.8677,26.8689,33.2199,123.1789,94.168,399.5796,23.4875,155.1172,25.8116,2.432,370.8967,76.8193,96.197,155.5343,108.7856,1.5897,11.5042,204.0381,33.2341,92.3322,297.6118,80.2576,82.1136,30.1915,46.275,124.4373,102.8746,275.7961,10.0529,143.7125,79.3099,110.7697,61.7341,13.2589,0.759,159.3427,0.0852,164.4616,5.0
163.6428,82.8489,36.8489,255.4117,62.2964,58.7285,4.013,0.1189,44.0542,91.706,25.5843,68.3038,43.796,177.5934,63.2376,18.4497,0.1916,80.1974,51.8534,83.2628,78.1882,1.0519,0.5439,9.9105,8.0394,61.7551,50.5758,33.7603,227.3238,591.6657,56.4421,127.0835,17.168,22.9111,263.3572,91.437,33.3248,137.2964,95.8489,347.6371,210.0079,242.8206,333.5463,10.8762,37.908,10.7801,22.9942,141.5732,329.196,40.0393,92.4491,157.6938,0.3258,326.4835,208.4121,1.0529,1.1315,35.0194,220.3131,238.3865,19.2387,100.9713,194.349,50.6866,76.03,109.8046,216.2134,296.4478,71.8626,226.3717,160.5558,27.6974,252.2709,203.472,138.3362,192.7102,106.0064,2.1049,0.0542,173.2389,16.1795,12.1096,198.0732,111.701,139.9238,55.653,59.7767,143.2876,255.6883,249.0545,514.3892,87.5215,199.3273,40.1728,230.6359,249.8786,0.5594,100.395,0.7177,198.3358,5.0
0.7211,69.6086,41.7686,138.8082,127.8801,52.6997,4.9532,0.2363,2.5924,152.7602,41.6475,0.3414,71.5764,152.4019,77.6431,52.7377,2.0572,43.361,133.9939,100.2267,29.81,3.6244,0.1991,13.7285,61.8003,45.602,105.1424,31.9238,142.3702,625.8293,32.5216,53.2796,18.4657,61.7368,195.9435,2.7068,34.6057,82.0821,128.236,623.5077,616.1455,450.7153,110.4938,38.6149,22.418,3.828,25.5427,128.9407,209.0544,44.7073,127.3427,128.8778,14.5969,617.7719,176.8709,51.1627,2.0584,127.7037,284.1775,571.6137,6.6184,25.919,160.0714,814.4716,51.5202,46.0768,149.7983,577.3769,169.3081,178.3514,85.9033,44.9795,378.5388,177.468,135.8051,165.9083,89.7754,0.5876,0.5817,230.063,336.7591,26.3195,190.4891,155.4863,121.5324,22.4483,130.8841,185.9153,210.0522,502.3999,24.2098,55.7917,105.1331,122.9988,116.0047,6.3465,0.1347,72.7813,169.9145,149.428,5.0
6.7754,128.6626,81.9983,93.9822,36.3476,45.3492,11.514,0.1327,7.8905,117.516,48.496,7.1166,31.9444,246.5887,162.6121,3.2846,2.7603,66.3194,161.8394,116.6665,7.986,7.2426,28.6883,15.688,61.8311,35.5857,105.0033,69.2753,133.7079,587.0301,95.4266,45.2122,8.8765,64.6087,433.98,88.3043,16.7841,139.8922,121.6819,498.7554,525.0042,672.0412,320.6735,36.0071,131.7281,109.4323,38.6173,246.4768,213.3045,39.6406,179.6692,301.4789,13.5819,669.2799,285.1793,26.2204,2.0575,44.4328,265.3609,665.3164,75.8078,163.8491,152.2436,63.4155,105.0577,338.3157,217.0324,553.3091,73.2063,184.7462,160.0572,18.2671,398.5186,159.0485,169.7438,346.0465,94.8591,0.23,7.8045,174.5802,17.2939,83.2647,411.4972,133.4265,305.7701,48.2558,32.2477,159.2281,272.2445,346.5181,36.9236,204.2271,161.2176,64.0491,125.1215,244.8445,7.1496,236.8633,18.503,179.539,3.0
7.4762,99.3609,174.8235,332.8089,47.3813,65.0031,122.5599,0.0993,0.157,60.8092,20.2597,0.0137,48.7984,154.1266,64.4105,3.4673,0.2058,127.5278,384.8542,127.0545,31.6983,37.6637,13.4217,11.6532,22.8194,61.7004,56.2371,41.0329,216.8701,521.5265,103.4968,116.7169,25.9604,44.8289,254.1643,0.6035,65.853,185.8189,106.6369,430.0821,361.9607,306.288,395.9101,120.1837,26.4859,23.8826,39.2703,197.1365,158.3135,74.1113,100.7238,148.2172,0.1799,470.4449,202.9949,1.3997,5.1055,233.9047,150.9392,286.145,34.663,25.0496,168.5904,11.3366,54.5929,119.2105,94.6813,302.6896,27.1316,291.5494,532.608,0.2611,192.1406,343.2096,146.6345,191.1888,88.9924,1.0661,1.1056,208.1278,42.098,74.8111,257.7688,148.6403,128.3566,43.2672,261.3014,181.4372,376.4882,328.5915,35.5759,100.1467,204.1706,53.2548,136.7356,35.3839,7.3131,190.2133,2.0785,233.3211,5.0
16.5027,75.9168,73.0319,171.5025,113.5655,59.1322,9.7376,4.627,24.7336,77.0589,51.1234,4.1575,33.2927,164.4331,59.3028,20.5744,0.9136,74.4713,168.0219,159.621,15.7929,10.4299,1.9414,18.5439,14.9566,53.0449,82.8103,32.7348,188.5436,736.7348,79.8509,128.9479,24.7538,64.4765,220.3851,19.8802,38.8461,194.6575,94.6964,324.2341,215.4389,273.9591,401.4454,35.4444,51.7098,50.8315,72.6406,162.3328,272.9561,36.9125,106.5842,146.3076,37.7806,249.6934,244.6434,24.5205,40.0258,41.3488,117.4713,235.8336,19.3696,23.5163,167.1058,31.4942,133.7289,137.0757,100.4301,222.6014,54.517,241.4623,140.3896,18.528,189.707,228.091,91.1186,209.4985,121.438,1.2839,11.0621,150.6684,23.0405,33.2976,289.3773,83.6354,201.749,61.0619,33.7643,83.2364,433.5406,282.2438,43.7938,86.5441,141.7736,62.0212,148.5307,82.0291,7.2326,123.2042,3.0981,132.1315,2.0
25.6674,55.0851,70.0387,116.7386,46.8832,46.9409,36.3062,24.4432,52.6015,68.8844,47.7105,32.2785,47.9804,146.8465,43.8248,8.8858,22.4167,56.0477,95.6234,126.4687,7.5609,5.8179,2.7747,9.336,14.8514,13.3556,60.9503,46.4453,197.0932,404.7661,58.7327,80.5259,46.6647,121.0454,118.9379,24.5888,57.7906,114.4181,60.7503,279.1895,225.1968,222.3218,176.7339,68.1768,188.8764,90.7875,61.4254,85.0919,161.7731,13.4563,82.9904,117.5775,197.1402,234.7849,142.6956,69.7884,10.0723,24.1256,73.6193,219.4026,14.1984,40.2685,100.3302,12.1909,104.8534,88.644,78.5363,227.3441,45.2411,203.9658,73.1884,18.1029,143.0888,150.707,127.1499,131.817,88.2612,5.487,180.8494,141.1484,13.4833,28.0351,220.5591,76.7983,161.1516,17.4188,24.1592,67.0475,201.8509,244.2271,31.1242,66.9269,90.0618,143.1044,60.3894,74.5669,4.8293,87.3411,2.234,108.5621,0.0
3.7419,53.9885,58.0942,163.5143,127.3157,57.2617,11.6278,13.0128,7.4863,90.736,24.1939,7.47,39.294,150.3158,46.0945,27.385,5.2288,53.852,85.2291,40.3336,20.7749,76.9931,1.5867,6.0973,8.2091,36.3314,112.3408,54.9686,88.6764,452.1108,32.7599,85.3505,18.4487,23.2669,305.5004,3.4848,67.8373,55.2023,80.7365,320.5296,221.7824,383.6173,171.6232,41.4718,35.7011,34.2365,82.8233,147.1237,191.7628,22.4214,81.5894,167.4781,29.571,201.0205,154.3504,30.8655,1.1042,46.6481,436.0366,278.486,14.2582,10.7754,196.285,35.2418,63.2647,47.4718,91.1104,281.4411,96.0262,286.3831,94.0507,4.9417,283.5964,148.3943,131.9188,123.1703,76.8423,2.8676,0.2839,297.0732,27.7754,21.8334,194.3415,64.3346,174.3398,11.6284,103.372,113.8447,128.2815,293.4567,39.958,97.4914,150.9401,105.4452,206.6676,13.1071,0.7515,126.4518,0.4177,164.4034,4.0
14.1192,54.0859,30.0539,88.6271,21.3591,53.3031,74.757,6.6697,19.7563,107.6153,40.7954,5.3978,37.365,179.8277,59.8034,1.6926,2.9887,55.4002,57.0888,98.0624,11.3398,1.8317,1.8146,10.3386,7.5697,11.8276,52.5407,34.472,107.7332,563.9133,78.163,120.3183,30.5009,21.8213,192.2256,34.5,10.8412,118.7957,83.8713,331.3977,182.794,203.4694,342.9027,10.4774,60.7332,54.2607,29.9204,117.6141,279.1766,20.5751,73.19,129.6394,47.6495,281.1011,200.7034,13.2467,9.5778,19.0416,131.4055,210.6557,19.6102,77.1644,167.6518,61.596,101.2462,76.3316,171.971,282.6458,68.0941,210.4457,77.0469,27.7862,196.6015,86.8833,102.6347,155.4152,101.2572,1.7119,0.6711,102.6693,10.996,28.7959,190.8769,105.5575,268.694,21.122,32.8737,134.9418,303.4519,322.0173,100.4994,75.5238,165.9923,38.8997,157.2938,111.5657,3.1385,93.5537,0.389,138.0938,3.0
10.0968,154.5208,170.5725,163.6781,288.3248,36.9664,10.9395,28.0475,251.9153,68.0015,22.625,119.9963,25.3594,284.9524,214.4932,2.9353,90.2219,110.7721,913.4101,190.4757,42.9316,29.6708,10.3232,35.3145,26.6256,70.5545,104.7417,58.8896,531.5335,614.8295,32.5889,36.2029,7.0582,78.598,559.9858,113.6861,36.545,108.4936,129.6215,700.8785,807.6649,1388.7174,390.1306,44.9068,122.928,161.1908,56.1391,267.7696,269.0587,96.2418,260.3886,279.9968,109.3256,1646.2739,458.1354,333.3138,42.527,104.4659,268.4017,985.1684,10.9784,37.5495,69.8468,17.4634,88.9352,546.5192,133.6933,640.3464,91.4125,239.6317,100.3893,15.5497,560.9693,254.2441,202.0836,370.5918,133.7559,4.7454,589.7075,158.1393,20.6825,108.9562,529.6785,288.0405,113.2055,77.9979,25.7939,315.9721,221.9764,533.6512,98.0518,254.4941,125.4974,171.1744,101.5746,214.9583,11.2019,580.973,1.121,194.6272,3.0
16.7778,55.2819,75.8277,83.9024,45.9298,57.465,15.4715,15.0591,34.6716,73.5553,57.8157,6.4433,42.0561,155.2081,46.684,3.1346,7.8714,108.854,120.7621,99.4979,15.8647,6.4828,4.5251,18.1253,9.0642,19.8693,53.2745,37.1623,144.8885,527.0737,67.3384,130.1001,20.3102,68.1398,157.1943,48.466,18.8656,124.7116,62.6686,250.9668,153.3293,179.9605,255.6653,36.2513,37.2522,86.5339,47.0426,116.7508,314.7432,35.2677,71.7116,120.9952,122.604,199.5289,135.094,62.3001,29.2638,36.6062,80.7322,168.3455,15.9438,37.681,142.2026,55.218,204.7564,91.4489,154.3765,164.0407,83.2992,216.2222,197.8583,88.2238,135.7638,260.0371,78.2561,152.0593,138.1873,3.9482,3.5762,97.4,20.1178,12.053,204.3837,77.9005,307.6978,30.3583,56.9355,74.1402,269.1393,224.0415,84.2617,66.6636,138.1444,56.0878,57.3287,117.5987,3.2934,124.9965,0.2647,145.1807,0.0
2.6968,74.953,45.3972,159.0932,37.8239,45.6457,12.9239,2.8659,62.0975,95.5837,23.8339,12.8071,36.5773,156.5085,109.0767,3.7753,2.2944,58.3847,104.691,162.8235,19.739,19.6094,0.4687,16.4589,15.0829,71.8563,51.4147,42.0283,175.3646,619.167,47.3571,59.5646,14.5599,72.0776,203.7682,0.9919,48.339,229.9092,80.3275,226.7908,263.6367,233.1103,311.1654,37.9848,23.2892,9.9139,34.486,141.506,236.6699,38.1533,87.9708,137.678,35.6296,295.0614,243.8249,109.8584,0.5834,80.9745,113.7624,204.6041,68.3746,87.5955,116.4711,30.5468,193.6334,98.1664,201.6914,195.9314,83.3325,156.5865,115.1219,3.8852,238.3226,178.8458,122.2728,161.6246,78.2046,6.6504,3.7843,122.2222,34.7286,23.0517,233.3656,90.3686,164.7289,60.0417,124.5637,97.4057,334.7931,260.5934,34.4916,83.3358,228.6212,180.2752,65.283,49.8215,3.1127,105.5494,1.432,126.6753,4.0
32.7723,67.8645,64.5237,43.0698,45.9024,59.1155,72.6243,0.3306,45.7913,104.5173,39.1884,0.5217,27.7089,176.9327,51.3971,0.9586,0.4963,89.0402,93.3802,176.1546,15.1856,5.4907,0.6404,10.2708,13.2931,10.6801,66.1559,56.1549,103.1344,616.6484,50.7951,112.8713,20.0625,32.0949,201.6846,13.7082,15.7017,226.0815,99.2911,342.6657,265.2077,230.9558,435.5722,96.2397,36.0483,48.1856,42.698,130.9979,283.1907,32.8377,94.9414,109.1853,6.5414,324.148,186.3391,8.7633,8.1473,72.5897,133.921,275.4738,4.8363,44.9782,148.1738,11.9743,182.0977,113.9396,110.1366,251.8898,52.7558,221.8035,166.5095,12.491,218.3481,76.4728,143.8012,198.2618,98.0175,0.1547,0.0936,145.161,12.814,41.2333,212.6006,95.1497,279.7934,42.2291,18.0795,114.7307,329.0431,281.3668,48.5972,80.4459,136.1481,80.1366,209.0509,107.5952,10.9038,79.9208,7.5476,125.0858,2.0
65.3943,96.2858,35.4939,113.0129,25.2545,47.9371,141.3462,0.6672,10.4654,93.9281,82.7132,5.9024,46.9012,162.6282,109.0038,13.4144,0.9294,36.4934,47.1378,118.9508,8.2283,4.2038,1.0891,15.1252,13.2043,17.1985,86.4544,45.7421,79.053,649.2695,77.2241,93.1521,17.0116,46.9686,200.3849,44.7099,12.7984,146.162,104.8869,345.698,312.6585,241.7534,352.9685,20.1174,52.944,21.4675,48.6963,135.7577,269.2807,17.5813,101.1961,164.3346,15.5553,350.8447,216.1587,9.9846,2.3633,22.2942,199.1189,327.6152,159.4754,72.8404,185.1741,63.8026,85.5709,105.0666,108.9705,372.6664,43.091,177.4213,77.0456,39.8149,248.6995,107.2643,142.055,198.6091,77.1502,1.1765,18.4821,161.0785,61.124,61.9436,208.3282,74.2199,186.2962,13.1021,10.8262,93.6342,307.3385,330.7403,61.2192,106.5319,156.4696,57.6609,151.3058,33.9774,0.9739,79.2288,2.9179,142.618,2.0
77.4205,58.8435,33.0606,159.0017,43.018,53.9337,22.7548,8.6899,19.6259,76.905,30.2448,3.3988,51.4942,134.3348,37.5496,15.5521,5.4191,38.1927,61.3327,92.7044,6.7121,2.1129,0.2191,7.9068,21.0935,14.8777,52.7045,43.4094,89.5541,514.7923,77.2341,88.6779,35.9173,45.0989,162.4481,21.5278,31.5524,141.3189,82.0049,414.5414,237.9761,189.5435,305.0914,38.3517,56.3698,35.1485,45.4741,104.7293,174.8554,15.0168,71.361,104.9126,79.0562,327.3437,141.7726,20.0904,6.718,22.6228,117.2608,253.6557,19.7422,25.5306,162.3409,17.1749,95.9439,74.3583,93.352,298.525,38.6633,174.197,64.9624,28.0987,241.8034,132.7779,99.281,127.6647,82.1074,1.0522,20.3078,140.2461,30.0307,36.9209,151.725,139.9538,198.9441,13.8599,32.6147,178.4372,256.4393,302.6284,36.2516,66.3691,102.7693,65.9049,117.9094,16.2062,4.4407,83.9639,4.9198,102.8711,2.0
6.5267,56.4245,22.7022,134.0249,21.0843,40.5296,137.4339,0.0538,9.3869,74.9055,65.3038,0.0674,38.9892,194.8934,74.9601,0.6338,0.0586,23.5184,62.3372,64.6702,4.965,5.4082,2.016,4.6201,7.9195,21.5462,65.4046,85.5165,146.1054,735.7041,79.8929,88.9181,26.8448,74.998,197.9766,73.195,16.1503,127.3984,108.5179,295.6215,264.9847,304.2845,330.0722,21.9068,64.1157,49.9057,13.723,134.5219,274.9196,18.7573,109.2858,194.7172,1.9658,278.4628,188.6578,1.8951,0.8102,25.0651,164.1917,315.5674,123.8418,182.0819,149.907,22.0257,120.6217,107.2629,142.1869,320.953,31.0811,169.1019,93.4627,5.9849,188.5078,69.5372,110.0089,207.9807,75.3005,0.0974,0.3976,110.3862,9.9292,48.9432,261.6718,99.443,181.6731,13.7574,38.164,99.5837,273.3751,364.2148,43.4159,139.7139,145.6759,93.5774,110.5412,89.5903,10.0178,85.0246,0.2128,122.8898,1.0
15.9082,88.272,50.4958,184.6559,33.2453,44.4847,55.8446,0.0105,45.7205,79.2313,54.5846,6.5815,109.1983,184.9288,160.5872,3.8188,0.765,50.2699,115.4424,100.3255,12.0584,34.4928,2.6648,17.4601,14.4685,54.0293,56.6512,49.4179,130.928,573.452,82.3331,88.5836,15.3987,54.0217,245.6377,72.0337,24.4909,141.1831,104.7641,445.1881,433.8989,404.3318,336.7008,29.6048,72.4109,73.8774,23.3716,163.8583,264.2643,34.114,96.9238,148.6946,14.1122,651.3349,261.6087,4.3057,3.4084,43.9051,161.6886,399.1604,11.2438,134.6579,128.6206,39.7692,158.7387,120.7398,264.8563,402.1158,150.6424,192.6469,216.8784,8.7031,345.1625,147.1721,120.9946,211.1961,106.58,2.2645,2.9416,131.3219,11.8057,62.3002,278.6183,150.4691,144.1921,25.4276,71.3029,197.4711,244.4495,424.5328,62.2595,123.7118,150.0215,87.5233,125.3074,122.4466,11.3717,136.2961,0.1215,112.5333,1.0
7.9365,181.3959,95.4742,274.1853,308.986,35.5689,44.8688,1.1051,39.574,96.8266,15.7082,30.0558,32.4701,255.8373,161.8294,5.8037,10.7222,33.4682,199.5221,182.6414,9.8665,5.9108,1.321,20.4455,8.7152,66.2019,115.6836,118.45,188.5808,649.1908,44.8404,51.9882,16.8469,115.2294,414.6865,54.8341,98.3944,248.6459,126.2264,477.023,569.8926,748.1178,703.5802,29.0558,105.6099,321.217,66.1354,241.2321,204.4512,25.4834,210.4637,245.492,41.4624,931.4356,356.6727,233.4377,42.052,33.6926,260.9617,579.7887,5.1549,25.4857,120.837,8.1332,87.9405,353.0353,162.8543,458.6395,38.2935,215.0265,45.1022,6.8811,396.1542,264.1918,194.1804,391.5169,117.0398,3.469,5.7902,169.2195,18.8953,83.7146,370.3469,291.8491,152.3523,21.4026,134.9602,286.6052,467.3234,351.6224,39.8202,218.1561,168.8323,146.0024,271.6267,88.3868,15.0969,211.2874,17.6926,152.8199,2.0
3.4969,111.504,13.8869,25.5606,58.1971,60.9831,1.2144,0.2589,15.0253,80.8332,24.3875,59.7619,32.565,161.8711,55.7956,6.4281,0.2062,23.3715,43.5933,103.9328,163.9972,13.5975,0.4137,4.9584,5.8852,19.2026,88.2774,36.4525,104.9057,767.2293,23.3504,72.6986,26.573,87.2748,254.9368,8.4874,13.2928,185.8297,123.9398,456.1607,442.1483,362.7301,304.9352,32.2148,38.817,10.0724,87.9071,178.3902,241.9933,23.9767,100.0048,187.3567,10.0047,602.1161,163.0244,13.8077,10.1562,28.9248,172.4474,392.3523,4.3057,17.5963,148.0637,29.6529,40.3379,71.7235,80.7162,383.8781,90.3645,164.4386,45.871,5.6771,311.091,85.2087,163.8453,164.1571,63.2717,4.2255,1.3472,207.3707,33.9224,16.0111,186.6806,156.5812,245.6606,18.9389,4.208,245.5182,294.3821,399.038,35.3827,122.85,134.1686,80.5897,149.3615,5.8923,15.9455,86.9719,3.5249,152.9081,4.0
12.9179,83.4653,110.7577,81.1638,161.7808,51.8502,19.2008,8.3552,15.8379,74.6648,25.2376,3.0288,31.7879,127.1522,46.9794,29.1534,5.2606,111.2057,354.9007,91.0681,22.9158,25.7962,2.0932,17.3793,73.9006,85.5315,51.3833,38.034,330.5177,477.9134,55.2521,90.852,16.9471,73.0755,202.5521,8.5168,30.3144,131.0956,92.3984,274.6659,310.9444,270.8925,363.6222,92.4983,43.5601,35.1088,51.866,137.0247,162.47,64.6452,94.1243,110.1016,50.3062,526.7729,127.6959,90.2441,82.6364,130.9054,135.5573,249.8216,16.7183,29.8051,112.5975,48.8682,96.1626,118.2129,33.2243,228.5066,51.8302,225.9057,186.9145,7.706,201.7319,271.4238,106.5916,153.3115,64.0598,0.697,28.8863,198.8366,36.6783,54.7546,301.316,123.0798,147.4812,86.888,31.1945,184.0878,171.8757,238.9935,27.457,149.9629,167.8799,64.3191,81.013,31.2041,11.6251,133.9151,29.2131,161.1617,3.0
75.2355,29.0663,26.1123,31.5509,62.454,60.0225,1.4028,0.0,12.0628,70.5116,44.9304,5.5827,73.0838,118.054,20.0574,12.1736,0.093,55.1027,93.6934,75.4277,129.6288,31.0146,0.064,1.8946,33.0824,18.1567,29.5377,12.3856,314.2747,454.3742,33.2812,91.2733,26.1481,33.6342,128.1076,0.7834,12.2428,78.7014,85.7322,309.1796,176.0317,129.5532,129.8298,34.1106,8.9602,1.9441,19.7551,70.3839,279.6593,44.436,83.7366,114.588,0.235,379.3879,115.7838,0.1496,0.6339,51.7735,136.4321,170.3682,35.484,2.036,111.0127,97.226,23.2669,32.1185,56.8958,207.2293,16.4666,128.2686,90.3188,7.7548,255.6562,47.6013,178.3765,97.4449,48.6313,1.7586,0.3858,177.3561,113.3849,25.5225,95.138,177.7319,96.2158,36.9105,19.318,177.3358,134.8129,209.9642,18.7614,74.3408,131.0784,83.6706,124.6023,1.1361,0.2228,46.9126,11.3732,88.8363,5.0
8.1763,111.0199,52.1902,97.3748,83.7328,53.3295,17.2734,3.7645,8.2611,77.6981,28.741,11.2383,37.4647,167.986,116.88,32.1338,2.7989,95.3324,477.1207,84.9225,16.9669,36.7908,0.2063,53.1277,13.773,63.6051,44.5057,37.2924,260.0146,499.1087,44.6063,51.7751,7.7226,78.1282,281.6521,51.0427,29.6297,111.2463,90.2529,277.6409,439.4672,555.9092,206.6697,116.8995,42.6309,18.4641,43.9686,147.6946,227.2254,68.2061,124.4752,177.9537,44.986,533.8221,318.7157,82.4039,4.798,70.9045,204.4562,425.9317,11.5836,86.1917,101.0601,39.1681,64.8727,151.3997,91.2225,318.8765,101.5429,211.9467,140.5454,18.3803,290.8224,149.5763,151.5931,277.3224,77.0109,2.4631,7.3051,206.0804,13.7387,68.1162,314.5183,132.5834,115.3167,110.3827,34.8431,138.6668,192.6023,307.5002,82.4642,119.2633,160.6558,91.8536,95.4688,213.5258,3.6881,132.6239,1.9546,163.2811,4.0
14.7613,83.7274,64.321,105.2737,82.6355,56.618,18.004,14.248,65.6667,80.5717,42.0935,13.4665,34.3231,174.1285,76.6911,4.7087,7.9817,73.7306,139.4604,141.132,20.7425,36.41,0.6195,16.6237,27.2744,31.9036,60.3299,45.7845,315.7447,478.7245,61.2426,66.1902,13.7694,74.0732,234.6118,57.8853,20.7839,115.6877,70.3073,382.8141,358.4161,350.9218,213.5836,67.5482,85.2701,88.668,42.7962,140.606,182.6965,43.1536,113.3465,156.5775,73.8192,513.7662,239.8335,88.8505,2.1444,51.5738,143.6852,344.136,66.7223,79.2244,113.2167,24.418,83.8141,114.1341,128.35,314.2212,107.7466,192.5586,115.5168,31.2883,240.0332,133.0119,114.1571,225.0287,75.8945,1.739,16.9536,144.6275,23.0648,37.1865,276.9902,133.6655,174.3478,73.1789,42.2518,156.1996,181.3629,348.1343,120.3922,102.7138,146.0666,101.1915,101.204,117.2688,3.6429,105.9955,0.6333,115.8471,2.0
19.9725,67.9006,34.946,109.726,49.3384,47.7763,110.2598,0.4345,19.7233,89.5123,51.6389,28.9851,38.2544,155.7501,33.7643,7.9078,0.6438,68.8149,142.7445,93.9563,14.5685,27.3033,0.527,8.3318,18.7732,17.4926,43.7916,34.0515,367.2044,623.4113,85.1498,101.8912,25.5938,40.3237,155.0152,26.1316,19.1405,140.2198,116.9077,358.137,332.7363,187.5534,276.018,129.8628,42.6489,75.7657,28.1295,102.0842,327.2352,27.3694,87.6675,112.017,12.8531,307.3799,180.4248,12.5604,3.0004,51.5598,131.419,281.1876,195.8191,96.8375,136.7284,15.0432,76.541,89.8357,69.9829,315.7954,20.5481,194.7035,182.6189,4.161,242.1067,102.5058,129.8066,180.2036,59.9961,1.8954,5.9504,174.3226,15.7807,49.5687,205.6259,112.8696,46.3006,27.1003,73.3869,109.1849,243.7644,346.1451,39.7126,85.3425,107.2866,117.443,127.2623,60.4597,3.6589,69.7571,0.2015,113.8987,3.0
18.7488,119.0471,10.4719,38.0757,171.8232,43.8377,1.7641,0.3692,49.842,80.064,46.1139,18.9036,65.7781,143.1374,57.5226,10.8524,1.9479,40.0806,68.4006,69.5532,32.3223,43.9171,0.0628,9.6165,5.9344,17.8668,91.3062,26.335,126.5476,739.7424,16.1564,67.4926,3.2302,52.771,319.5151,5.3639,11.5301,78.61,72.25,338.9536,541.9041,525.9526,268.1855,8.4561,9.8859,5.4891,43.1373,154.0106,478.7142,38.8173,151.1475,166.7888,14.3575,370.9826,492.7547,30.1662,1.2685,37.5666,225.8369,460.2158,2.936,70.5992,164.7166,43.2825,39.8122,165.2635,120.7664,263.5779,114.7626,157.2453,56.7236,8.8218,222.9497,72.3381,57.5194,193.3248,91.0428,1.3846,0.4819,174.3738,88.5209,37.4093,223.0144,163.9924,217.356,52.3616,4.5139,214.2007,114.7436,190.047,32.8238,154.0638,150.849,84.1562,102.4856,45.0229,0.1777,72.1865,22.989,117.1699,5.0
4.8409,116.3057,29.7277,51.3654,18.4305,44.3265,3.0594,13.0648,6.2346,80.4747,56.2117,1.0107,25.6066,345.0193,145.8048,0.6786,9.2702,47.6355,59.0823,111.3116,7.9154,1.273,0.095,42.9748,11.6599,23.4499,117.7172,91.0566,136.4545,886.6642,39.3692,47.6729,15.8819,68.4292,426.3492,2.1418,19.0596,195.3971,133.9484,462.5054,508.9059,541.0243,491.3602,13.4967,72.6055,29.5786,20.932,250.9254,300.8641,27.3157,166.5448,224.9566,31.6565,651.1486,388.6297,22.3123,8.3584,21.639,215.9338,460.3719,43.3919,90.6496,112.5215,89.283,87.6588,155.8299,169.0348,431.6728,196.1721,241.5461,44.2786,2.4567,348.9102,65.5428,157.2593,321.7359,108.3356,0.2678,0.4166,164.4132,23.3979,37.8696,347.8318,175.6437,233.7771,39.7604,26.2219,198.5963,299.9605,520.874,51.3518,190.5072,263.0994,78.6331,151.1391,130.414,14.6404,159.6604,2.0343,198.367,3.0
44.9417,83.1448,20.2805,534.9697,100.0567,37.2632,2.7512,1.8332,0.3579,110.7608,31.6696,3.1478,31.2587,147.5456,37.8281,19.4138,0.1557,38.9473,80.7256,99.7219,21.098,18.6642,0.4247,9.3374,9.9172,38.0244,82.4666,61.0331,132.925,625.5894,41.9051,91.7717,31.5327,103.2239,182.1577,2.3946,41.8487,91.5066,99.9509,337.9535,264.0177,277.9903,318.5749,98.6853,60.9834,20.3235,84.9447,159.574,105.7235,26.7615,98.2425,122.2852,24.2461,286.8714,126.2887,38.3596,116.6469,55.0908,156.9154,225.176,15.3707,0.6952,152.787,50.3577,85.5997,94.0794,59.2016,272.2598,58.7249,191.0936,61.4268,1.1676,209.126,190.4628,132.2406,135.4583,58.7157,6.3066,0.981,125.7767,40.2192,24.8611,219.1356,106.2592,188.0786,18.1396,132.0043,152.5728,275.3203,287.8946,29.1084,103.6019,184.9767,96.548,157.7068,30.1335,3.1963,81.082,64.4111,254.0456,3.0
7.2599,118.5368,72.9053,49.9592,85.5364,89.1242,10.7741,0.3796,24.0032,216.6452,34.0341,10.6213,24.7363,236.3943,63.8789,3.1694,1.1267,54.0038,199.2846,82.7992,19.0792,43.0619,5.6854,15.1339,8.3477,32.5143,85.2585,55.2566,126.7618,674.2169,68.2611,106.3835,16.9105,37.0694,336.0905,6.3254,26.6983,259.8261,120.5616,701.0287,476.6654,335.0271,451.5975,54.5142,57.6578,7.6875,44.3286,269.752,803.4603,31.6191,173.6139,171.9365,10.7266,836.5423,308.7104,14.9149,69.3713,27.8572,320.0993,407.6924,13.7566,31.2248,268.1447,17.3421,162.8179,137.2084,164.0753,401.9484,26.95,305.39,188.1335,4.1297,448.5819,119.5557,218.7597,169.1614,126.0223,1.6384,29.5922,270.6336,12.4108,55.5192,411.2877,158.1684,82.2189,25.5155,14.4622,364.0417,434.1501,459.3199,52.4285,153.4029,217.9298,49.3664,257.2583,58.9603,11.3292,248.9698,19.4636,170.0322,3.0
7.2373,138.5417,37.6404,24.9684,41.811,42.8766,4.8318,0.0609,5.2349,200.3065,29.0539,1.6537,46.4697,298.0748,194.8972,44.3452,0.5159,85.4478,131.8032,87.3418,10.3564,28.7807,0.019,43.5805,14.7308,13.7292,73.5998,46.474,146.6626,576.3544,24.6236,78.098,9.8744,53.3504,394.9984,25.5558,17.8697,167.1757,116.6436,322.0683,431.4524,638.1164,211.1554,35.7996,81.2302,5.8863,23.739,268.0337,210.7158,39.0338,136.2971,261.3155,2.4771,507.9381,465.7429,13.3332,0.9727,52.8937,225.5851,347.0676,5.1813,81.5032,121.7112,102.4932,28.7655,106.7277,106.0702,343.741,111.5985,200.9269,141.3874,7.7408,155.4303,66.2425,120.4068,210.6805,112.5127,0.5511,0.8752,144.0104,70.1222,26.7316,253.443,112.2015,168.933,83.6893,20.3479,134.3478,284.7965,339.8547,85.7897,174.6363,243.9501,78.0396,134.4324,7.3412,1.175,166.2149,3.7468,183.0647,4.0
6.4657,107.079,86.1706,55.3879,59.4161,67.2584,10.9584,0.8464,19.7861,96.1805,14.4129,10.4381,29.4441,165.364,102.1122,8.3034,2.4865,92.6242,155.3963,94.3201,96.1958,27.6039,2.1536,11.4176,16.5082,49.4477,74.3157,69.8839,142.8796,346.0227,50.8809,82.8557,10.3118,55.6889,241.0928,5.3843,24.3129,123.2892,99.7479,388.135,416.6954,379.3707,272.5272,50.6692,35.4282,26.7027,59.1882,178.3109,204.6041,34.6508,118.5094,200.2154,49.8142,447.599,163.0317,109.291,35.1108,91.5302,151.9632,396.6817,15.027,11.0125,120.3855,26.4222,82.4967,90.0871,68.0237,369.5812,37.7147,207.3145,130.6193,2.0201,251.7505,129.2454,194.587,196.9408,82.4085,2.8701,5.9423,179.7084,17.6458,123.7854,245.4308,94.0143,79.242,94.861,38.6309,138.4568,246.8937,305.4231,24.0058,116.5946,108.9604,65.1031,210.2197,86.2834,17.2458,126.9364,0.4613,183.4401,3.0
7.4234,72.6722,45.1934,74.8457,93.7735,61.9804,15.4499,25.1432,29.6224,80.5612,54.4083,9.5129,49.7502,213.6904,123.3161,76.9978,3.8062,70.1414,87.9549,102.9151,16.5734,8.9288,3.2738,16.4699,14.2371,14.9454,81.9325,27.8534,133.3291,654.9698,88.3259,87.5794,13.3871,77.0186,264.5659,48.0087,18.7774,121.9253,73.3368,319.4826,299.7022,271.775,213.3308,33.1411,96.0167,76.2537,35.2805,167.3605,246.523,20.134,94.0033,153.1421,67.497,391.3194,211.0701,43.1743,5.6679,53.8231,165.8685,320.7406,13.7201,54.569,185.3317,43.8586,115.8546,109.1072,481.6424,258.5329,90.4699,234.5161,105.3665,118.2538,245.3494,121.9331,83.214,171.9222,101.0874,3.3209,14.9754,132.2783,35.0852,16.8607,247.4985,129.3191,249.0276,37.3538,44.0448,147.2461,207.6331,289.8905,44.0578,103.6607,193.4868,88.1583,74.4983,54.9192,2.072,135.7907,0.377,153.5536,4.0
7.8837,61.698,71.1096,103.3173,48.0933,50.901,42.1946,0.1751,11.733,61.5752,50.7671,1.6697,41.0105,149.3471,54.4739,1.5937,1.5337,72.8917,93.1377,98.4759,20.666,5.2379,1.3681,15.0691,16.901,38.8979,64.8218,53.5844,126.7119,561.5588,54.806,78.4579,15.4497,63.874,218.726,21.112,23.2646,124.4872,96.3491,417.1158,406.6803,281.4794,216.3665,23.6541,44.2244,77.5237,37.8421,141.3333,190.9865,28.5246,91.5357,121.1785,31.1598,557.2986,164.416,21.2459,7.2356,44.1763,158.4622,352.4237,13.3516,49.5353,134.0378,13.52,74.7005,116.4325,102.8184,371.5142,46.781,196.1899,151.3221,12.3565,280.5288,185.0908,112.0632,193.1788,87.7404,0.5393,27.0343,173.4567,9.0956,66.7748,228.8154,120.2748,155.0438,21.0277,40.6722,173.2406,169.9839,410.7288,54.6372,110.4829,141.0051,53.9886,141.1741,52.964,8.0981,119.3318,0.1392,118.0443,1.0
5.7842,99.8863,107.3685,42.3934,43.3364,47.2006,30.1069,44.5092,65.7485,72.734,39.126,36.7599,38.4275,177.5825,60.6219,4.9476,12.8027,91.1035,154.3865,140.9998,19.414,32.8169,6.5148,15.5132,25.9704,19.1534,65.9755,45.8684,181.3902,646.9907,65.6532,82.1708,12.3271,90.5004,277.3436,7.5287,17.764,105.4103,103.7632,393.3714,375.9898,389.366,250.7488,48.8702,65.2669,47.0829,44.8982,179.1437,264.0946,30.8803,121.87,282.0711,137.4061,573.3617,220.8502,78.8077,4.4431,95.0114,171.4466,400.9006,57.4428,22.1676,108.9657,37.6611,103.0099,88.4932,145.3227,337.2949,59.0817,247.2302,151.9576,7.3785,311.4646,157.9595,147.7947,172.4814,107.9535,4.3682,0.2022,164.9017,8.6492,15.631,259.1607,204.2211,71.3055,15.4782,12.0054,212.1753,256.2962,371.5533,35.3573,117.7657,196.2331,127.5146,86.268,47.6881,2.7624,164.7699,3.9609,141.1813,2.0
8.8999,48.7442,225.6623,41.9278,55.7517,66.5919,22.1029,2.8849,41.4823,49.0031,85.8718,12.3883,43.0686,149.1337,47.301,3.4377,2.3758,206.1164,303.6944,104.9194,21.8406,2.3551,7.4984,15.7156,24.0383,45.5015,50.6939,28.1875,250.8742,529.3263,101.3498,139.6173,11.7131,49.8618,175.5341,83.3229,17.5006,72.9307,60.4483,312.419,198.8386,207.2804,189.1468,42.4883,91.9277,59.8302,43.808,122.9299,270.9187,53.2867,82.2444,107.3223,145.218,254.8438,129.0127,31.7655,18.9586,49.6164,94.4458,198.5447,16.884,9.667,130.4673,37.4829,136.4645,93.1234,138.7419,198.3344,43.1737,250.2627,327.1797,78.1717,172.3981,313.6678,115.6377,132.6341,144.099,2.2821,28.425,109.0165,8.2697,11.6819,228.6408,110.1516,110.0361,35.1614,12.0107,100.6252,180.6388,268.5368,44.5965,57.1553,117.6638,39.3336,45.4258,101.0616,1.1728,128.8017,0.3565,129.2505,0.0
28.1658,103.9084,132.7146,91.8576,77.6626,56.3471,18.2338,0.4227,14.8002,77.2411,30.5747,7.4605,57.1216,156.9105,46.8247,19.828,8.1845,154.4982,251.7418,89.3171,18.8673,18.7544,5.5277,8.0296,49.2245,44.5362,67.2467,37.4656,165.4619,630.211,97.7311,85.4611,18.6398,48.5196,235.0691,12.4308,27.3153,124.2251,123.7464,532.6225,452.2557,352.6488,212.9431,102.8821,26.0926,51.9668,31.0844,189.9109,245.1429,59.2556,119.7254,184.3665,78.0148,514.3664,230.0613,123.8283,2.3658,113.8125,233.0882,478.2462,7.7997,28.9874,152.9857,11.0474,83.8779,126.6,83.0825,481.1414,28.7686,236.58,209.3766,5.4114,348.0368,204.5148,132.267,192.291,91.8237,0.8411,4.6405,228.9748,14.7083,130.4306,266.5346,108.3551,131.0273,54.7653,74.6809,168.6243,148.9736,265.8718,24.4939,110.231,146.1299,53.4866,132.9535,148.5179,14.2567,157.259,0.4999,142.8327,2.0
14.1836,95.2375,34.2455,88.3057,39.5556,62.158,4.0386,0.1161,3.7548,149.792,69.8998,0.4473,37.3707,206.3079,97.1095,11.052,0.9826,187.6392,49.3143,83.205,9.4544,2.1346,0.7244,13.6493,5.9799,24.2844,48.3709,45.3468,192.8555,594.0945,45.2573,106.3165,11.6521,56.3511,253.4523,16.6847,19.5656,217.8031,91.2926,203.9466,257.0451,322.8927,503.3799,13.9499,40.2503,6.9201,34.2271,176.0354,234.5926,43.7563,108.1102,126.4023,3.0329,375.5976,186.5708,3.8904,20.6946,30.9438,161.4726,252.2103,12.0916,89.4008,168.5959,73.3423,96.0437,125.5822,138.9873,249.4237,42.1384,206.8966,296.2564,30.388,227.9108,172.1368,89.4651,129.081,78.9998,0.1312,0.6668,114.2031,81.4181,6.2254,231.8497,100.3629,221.6187,219.9445,20.1243,145.798,556.8466,284.7166,47.9072,97.5703,202.1961,69.5995,83.2479,85.3993,2.0931,97.4808,2.7018,157.8004,5.0
17.5821,65.1096,45.0693,187.2837,37.1498,59.1114,8.7588,0.2461,28.1441,69.2759,31.3486,1.2475,33.601,154.2227,36.9626,17.288,1.8087,40.9669,77.1465,97.1823,129.5347,20.1043,0.3031,14.9056,6.0055,161.6736,65.627,35.2103,153.6835,421.093,33.4691,86.4061,30.7614,83.9122,168.5542,14.1717,61.2406,120.1823,86.4197,328.2522,272.9442,235.7524,245.1543,92.2794,32.8628,12.2053,56.9545,126.6628,176.5252,31.4681,97.0856,143.3014,45.7076,369.2238,116.721,193.8208,34.3313,27.8178,178.8964,253.3426,19.638,2.6116,139.8393,34.3905,47.7678,54.2973,81.5177,270.9486,18.5811,199.9979,76.5194,7.4497,234.9602,249.1274,152.0766,108.0746,74.9223,0.3367,9.4048,130.2812,30.7538,51.0149,213.011,78.3945,122.1729,15.2381,101.939,117.2546,240.3462,317.1412,25.5039,78.9692,75.0895,180.2303,107.7733,23.7218,8.714,92.3477,7.2614,187.9443,2.0
35.6916,32.3295,93.3649,121.0002,55.3359,51.854,10.6955,157.3214,29.6493,61.6766,39.543,16.5201,59.5027,138.1336,34.7314,3.765,6.2086,93.9285,139.6357,100.2005,16.9934,0.8844,3.5528,15.3724,23.0371,61.5801,30.4653,31.4879,281.958,477.986,84.4398,92.7265,15.2304,112.1989,157.9748,19.4599,98.243,67.5319,46.6815,384.7247,229.5988,194.0818,149.0167,88.1352,42.1297,31.8656,40.1732,101.2647,227.6374,34.4589,83.9141,126.5907,285.1392,351.263,90.3649,260.4021,13.9566,38.6806,88.8507,224.33,38.8479,13.2276,107.1821,18.1208,87.8629,85.116,54.7791,248.3214,24.7841,252.926,113.5671,34.7267,222.3898,274.8595,121.4888,87.0113,95.1855,12.246,75.3296,171.6316,26.2258,11.5427,210.0997,196.0332,78.1579,24.908,93.3719,155.1614,172.9572,280.0593,20.1253,52.4216,108.7468,230.0374,52.038,33.7377,1.3183,130.3936,0.949,179.9377,2.0
1.1561,71.0213,48.3103,130.1314,96.4172,62.0387,6.4368,0.1747,2.5729,77.3316,15.0337,1.2312,59.4144,124.0327,37.1683,39.5227,2.1014,91.6514,167.9687,67.1363,21.7766,2.3869,2.7026,6.4632,18.2464,22.8884,61.9969,22.9436,156.0876,649.9128,36.949,65.3458,23.951,58.407,135.5771,1.6452,29.1528,93.543,98.0299,309.5157,250.467,238.3215,218.8121,112.3686,34.3124,14.9535,49.6035,97.0941,212.7843,34.2207,95.6403,139.565,7.5305,243.9311,195.6093,7.9835,9.7976,85.187,111.0898,305.4221,8.7626,0.1889,156.4236,42.2204,29.5784,57.6739,58.4372,307.1455,16.7903,206.1686,163.527,1.0323,187.4921,102.5102,88.8215,130.5307,62.5109,0.291,0.3018,172.4402,110.3771,12.2357,141.0006,61.2389,132.7361,38.4204,79.825,69.499,201.0791,253.4625,22.8413,96.2185,113.6337,54.9249,60.6015,2.4442,0.5692,78.15,0.3634,103.0087,5.0
2.4904,136.6012,298.6417,134.6256,111.0451,38.1802,135.1079,6.37,328.819,60.1414,22.3372,6.8116,35.5496,217.4026,151.3185,2.3674,17.1154,144.8388,574.4186,162.8774,24.9767,28.6591,8.0762,12.3047,28.8831,118.7856,59.8474,95.5856,240.8152,425.5791,68.0111,59.7438,8.5402,63.8196,543.0468,38.716,50.5446,62.3832,79.4154,725.4366,803.5735,1177.0965,283.8006,70.0434,73.4984,246.5156,27.2242,232.927,179.7231,104.2243,243.9841,252.1032,51.2288,1499.9038,349.7667,207.2969,1.4375,225.9938,269.8554,1025.2718,8.7516,139.5424,82.8109,11.8394,82.047,292.1962,128.1959,578.3695,61.3282,306.7326,323.2285,1.7109,604.5934,295.0571,187.5828,353.3312,114.968,0.4567,15.1153,132.7925,29.4397,121.0872,583.7316,442.3328,79.6619,25.0553,180.0216,431.9609,167.3287,545.2464,27.6951,291.4971,103.7018,97.2228,146.1399,433.3276,17.8903,671.2952,0.1761,179.6306,1.0
9.0226,173.2402,57.277,83.2411,84.1962,43.8421,7.6843,0.2409,27.2987,85.1272,13.9764,7.7679,39.4941,191.4883,132.3298,33.6201,1.9666,66.4191,561.1864,161.9392,12.5111,136.162,1.0149,21.1462,17.8847,46.0202,117.1212,80.4447,328.5815,760.8897,76.9545,80.5589,19.4459,83.3712,539.1548,15.3777,29.1104,139.2257,153.6442,451.5679,536.1189,791.9916,510.8394,60.6799,115.9031,57.8936,31.0957,297.6302,291.1184,47.2559,222.2978,241.404,30.5777,761.9586,477.716,66.7799,30.0264,49.112,273.9014,499.5165,7.9889,7.6662,143.1692,16.2907,121.3029,372.1444,172.7013,345.3295,52.0499,263.3516,79.7207,5.9218,351.2905,96.9424,190.7865,356.5524,120.2079,1.3362,54.647,145.1688,16.9627,155.8486,519.1917,214.7558,207.1693,20.7097,34.2517,244.6391,320.0221,538.0899,41.0177,219.8568,265.7149,129.9278,334.419,96.7802,7.1025,344.7847,1.9218,195.8774,2.0
71.6504,55.8328,40.9814,188.9907,21.2864,56.5952,6.6511,0.8124,33.4019,70.0737,25.5857,3.4221,41.9131,129.786,50.0431,41.0703,0.2746,86.4905,96.5849,117.2554,15.5382,2.6497,0.8975,12.2231,56.2765,143.3185,41.5339,37.2272,241.2871,560.5512,54.6458,116.7696,60.0337,65.3527,141.0262,40.9609,73.978,151.1732,85.9612,369.7168,271.7682,211.2689,265.6964,24.8478,42.4829,41.1434,81.675,121.5664,241.2369,26.3038,65.8192,129.2861,62.8676,324.3579,132.6425,74.0578,12.716,43.4307,86.4662,261.3624,11.1089,22.7215,129.957,54.6502,74.4103,86.6326,71.5006,311.8612,78.6965,197.5805,144.084,44.6351,199.3762,261.2346,150.5647,142.8778,96.4771,1.4945,0.3934,140.6274,25.0238,18.241,247.1695,116.1399,217.4615,55.6474,94.7649,145.2625,227.8432,238.8035,36.9023,70.2758,109.5488,125.485,125.5462,30.5452,17.8484,77.5854,0.1496,154.9123,2.0
22.6211,71.0808,147.8986,161.3829,99.6374,95.4253,18.4491,15.4368,47.7764,64.8157,30.365,3.5943,43.4197,138.4986,47.2877,3.8642,7.0377,146.6979,191.5133,75.2483,43.942,3.4407,50.4902,21.1978,22.2129,40.8567,45.7672,28.406,201.9522,443.7321,118.5172,131.769,14.1359,38.5978,209.6683,26.7883,30.8582,68.3575,59.7935,408.5715,276.6291,196.6442,157.5815,30.7661,50.0214,55.9358,33.2114,143.968,247.5277,40.6317,92.3917,105.677,71.8235,329.2331,152.5,29.1214,7.3051,38.8619,88.8381,216.772,15.603,16.5381,177.7538,27.2072,118.0616,113.304,126.7418,207.3176,62.3148,275.2761,385.3159,27.6478,205.3424,344.8565,102.5782,121.6705,143.8381,0.8745,3.9065,108.2354,19.6875,18.1428,229.5363,122.9875,101.564,28.061,162.8787,135.2898,149.0173,319.1818,78.1765,81.525,176.4043,50.6007,52.8614,30.5506,1.6773,191.4228,0.7937,151.3686,0.0
26.1307,37.6265,391.1124,193.9281,46.0609,80.3607,33.4485,5.0755,18.2711,33.4645,29.9552,7.3111,67.2696,98.1755,28.5129,2.5987,5.7325,379.713,169.7249,70.7162,73.2146,5.4152,16.0124,5.9892,44.9993,25.9403,13.5381,16.9631,217.8137,327.1691,143.8855,135.9607,11.0563,25.2556,123.4025,3.3199,37.8365,49.3232,49.0911,250.8434,148.8641,112.1671,126.987,60.3102,9.4968,24.14,39.3336,89.0687,189.0594,66.9509,67.9605,81.2109,66.78,174.4909,99.4166,46.1731,8.408,117.3477,64.179,109.6339,22.7161,8.0375,118.6066,17.4747,51.617,94.7108,39.3872,117.1287,17.3479,276.1961,566.4673,39.5661,120.4815,295.9669,90.4555,99.0427,76.5318,1.4277,2.5066,104.9048,12.9851,11.7451,187.746,85.652,70.8727,28.468,227.187,73.1018,126.9423,173.3917,31.4554,48.6215,113.5058,36.6044,20.6965,30.8571,0.9666,179.7045,0.0677,168.9659,0.0
162.7624,116.8394,22.0278,206.9041,151.9921,50.01,43.6302,0.983,18.8273,77.1958,37.6795,3.5934,34.0207,151.475,50.2523,3.7254,1.2915,31.3958,81.645,82.6311,4.7854,16.6233,0.3979,41.1204,13.9561,34.7229,111.6563,68.1204,90.8613,398.1699,39.7981,34.9505,21.8433,109.3956,273.2916,9.3338,42.1545,114.5346,47.4466,260.8054,288.6084,376.754,189.517,15.3973,41.1748,108.1712,45.3273,167.5607,155.6712,27.0913,111.4032,137.7486,27.6173,305.6664,224.7674,62.1177,1.8325,29.398,160.3844,389.4243,10.2857,95.0619,107.9063,78.6796,110.3777,111.7275,186.7419,273.7796,161.6681,171.1907,43.4767,6.8238,196.924,125.4411,87.4673,219.0837,84.8946,0.6968,3.2484,166.0484,33.4514,31.3978,231.7,93.1978,166.2836,30.8906,30.1042,119.7522,151.8455,281.6544,44.599,97.3245,121.6098,120.2408,97.0466,16.406,0.9523,105.2988,0.9713,152.8209,3.0
28.8501,39.4553,64.4053,98.3829,32.4543,56.6053,46.6985,8.0341,55.1867,69.5092,30.1507,2.2643,53.8581,120.8962,36.2472,5.1679,2.5343,105.8916,163.4317,86.9059,33.7685,16.9911,0.4905,21.6134,17.6363,141.5984,43.8731,31.4374,162.6896,519.3376,92.4932,108.5098,30.7622,62.6603,153.476,14.5611,65.9128,140.7478,56.5406,299.9026,151.5693,160.8978,292.4371,84.8158,47.7506,29.27,55.0793,118.7476,232.615,47.9221,74.3617,143.0701,100.3511,222.8515,131.707,173.1338,9.5357,91.3148,84.4586,188.3637,143.6689,32.1413,132.874,50.5559,123.6488,78.3029,141.1495,217.7807,32.1508,239.7802,308.7913,13.0965,172.5285,234.0535,87.3955,94.001,81.6652,2.2704,1.0151,106.1686,64.1104,10.9606,194.0522,102.7789,118.6006,17.3468,142.2337,116.6296,315.049,263.1077,39.8652,50.2652,122.5515,190.481,44.8748,43.6667,5.6672,112.5961,1.9653,168.4142,2.0
0.8146,266.9207,49.23,111.5526,59.1286,27.9505,95.2463,2.952,26.3444,115.4111,21.6058,1525.4811,40.899,309.6898,164.4629,1.5069,3.2414,35.8861,325.0781,139.5877,11.23,145.8034,0.8893,13.3581,17.5824,52.2261,105.8135,72.6729,101.718,556.5817,61.8247,41.825,16.1537,211.1462,586.2476,9.2796,47.9325,100.6609,192.612,1293.6321,1687.1027,1391.9673,435.6096,24.6153,135.7835,118.0474,34.5886,286.8635,136.9228,42.5276,292.2227,305.8278,38.4641,2620.6991,511.242,226.531,1.9299,102.2495,400.0357,2241.639,3.6884,4.7941,107.2229,17.4252,190.76,226.322,146.8524,1245.5271,31.1697,194.8723,47.4267,2.0276,1170.1444,154.2703,231.0625,351.0089,114.905,18.5258,11.1372,164.3188,7.1827,113.7065,438.8474,658.7609,104.47,14.9592,78.9655,783.2272,189.3162,1513.8634,26.9301,418.0539,105.0874,232.1395,281.7492,16.5677,3.5748,234.7738,40.3231,88.4378,2.0
22.8431,49.6779,366.9623,141.0283,41.7988,69.8067,15.5956,0.0816,5.0642,39.1635,43.4029,0.0242,50.3081,154.4763,77.7875,4.9174,0.5234,473.0203,624.4491,97.1362,54.9635,15.8313,361.4394,20.0021,58.1588,48.7961,34.5818,28.2787,278.7062,369.8026,145.0331,116.6084,7.4499,80.1876,286.2199,19.7797,22.5071,80.903,71.5399,368.0369,338.458,332.9691,195.1364,75.3422,37.1239,53.1997,27.0059,169.9175,145.403,131.4977,110.7075,155.6176,0.1371,395.6597,145.9485,2.5557,0.1897,189.8052,186.9735,305.2231,43.5156,3.967,121.0777,50.8261,69.0346,212.7313,98.9227,327.6707,13.0918,335.6571,828.236,2.8437,273.9772,318.0381,161.7295,276.2504,82.1291,0.0709,0.2831,137.0142,21.8909,20.4544,391.8491,95.6194,173.9821,139.0494,113.4637,95.2651,151.4488,315.7537,45.9641,87.4691,122.9849,56.769,34.9988,19.7678,0.9709,196.503,0.0207,196.185,5.0
4.9332,54.0098,2449.9026,108.4425,22.1612,61.639,11.4742,2.9508,3.4202,67.5459,55.6817,0.1364,43.5269,306.0014,30.2191,0.2602,11.4344,231.7686,127.9271,144.3875,274.7856,10.1224,2.3018,2.6661,32.2992,35.7477,18.2327,17.7845,266.3314,605.5669,154.4347,115.2631,1.4895,37.9221,239.3383,4.3088,23.4628,95.3492,63.7656,239.095,171.5493,228.4508,322.3053,42.7711,6.7115,9.1469,26.6549,149.0511,249.8565,48.4034,87.0533,133.5998,159.8023,205.541,394.915,125.2469,0.0751,78.2193,104.1266,174.3665,12.0737,10.3486,106.0732,30.3617,55.2524,119.0944,113.2907,164.2469,7.1524,924.6311,234.5573,9.749,135.0983,347.0193,144.7167,184.1327,95.1897,5.1718,15.806,172.6117,13.3342,27.7498,271.788,81.8746,7.8881,18.1502,56.8371,67.2805,251.7364,200.9808,77.1333,80.9401,138.3285,40.5554,79.3313,32.9311,0.17,136.1119,0.0123,206.2115,0.0
4.2317,48.3925,80.8995,72.5066,333.0666,49.4887,12.1089,0.2886,4.8283,62.2452,33.9226,1.1504,45.8869,203.5385,93.4821,60.9791,3.3575,95.811,143.165,123.8157,151.1147,21.225,1.0061,16.3541,23.3311,110.9967,28.3346,22.0954,157.2715,369.2024,76.1981,63.1469,10.4062,36.7979,170.7716,6.1671,44.7286,69.3717,51.7301,314.2259,407.7444,714.4269,124.536,60.6278,53.0302,43.5933,29.3865,118.1337,196.1949,49.08,133.188,189.0419,37.1965,581.3642,146.5157,79.0932,0.7667,76.9914,248.6526,476.3822,13.4511,23.9537,114.8539,58.5939,67.2116,103.6017,219.6944,551.474,56.2823,188.9591,138.9712,41.6316,306.4185,162.7694,133.25,302.9632,65.9678,0.585,3.5523,152.3061,100.1852,28.7922,266.4745,116.4493,50.449,64.9398,80.0631,95.781,169.5844,346.2038,217.7259,82.2866,80.18,87.0251,98.3627,18.0773,1.2484,127.0534,0.4589,132.7004,3.0
55.1397,144.7875,48.1243,35.7945,126.6005,59.7493,3.233,0.2337,5.625,135.2428,14.628,7.4277,35.6989,166.4715,55.8102,24.3681,0.8476,22.3636,91.2585,143.6598,4.3239,13.7852,0.0365,37.4539,7.0538,14.3791,83.7984,44.319,73.5792,687.7814,46.2621,63.4178,14.8762,80.629,251.8732,4.0363,22.6141,167.5468,96.0018,354.9058,273.6214,354.7108,386.6344,63.1538,48.6113,46.6502,118.8891,179.6143,172.164,16.3279,156.7154,201.5675,18.0673,257.2945,245.3142,37.3718,34.5004,33.3236,210.2021,307.5794,8.6952,2.5634,160.6691,16.1935,67.1915,102.1358,108.8515,304.7432,86.8387,210.3715,59.5669,12.088,120.044,65.7304,164.963,261.2801,68.6784,2.179,7.0301,259.4103,31.0823,25.1052,325.8959,41.9917,224.1155,19.0798,18.2523,60.1161,266.8068,247.0251,24.4409,136.2106,133.6384,86.9502,290.464,166.6024,4.5681,122.2743,1.2024,195.6472,5.0
29.0447,101.8216,73.3327,63.7248,88.2866,52.6918,19.0203,0.0164,6.7837,63.3198,36.5524,1.1401,35.8945,137.6709,55.474,10.5142,2.2063,55.5126,115.8327,95.7996,9.6356,6.5824,0.5539,6.2716,10.5809,25.4083,92.7783,47.8633,85.1059,576.3289,57.7942,78.5891,35.5739,50.4534,314.2522,13.6654,19.9889,203.8866,109.1862,603.1064,528.8059,366.4092,420.4099,71.2579,30.6612,41.1741,45.0162,184.7478,161.1829,26.8601,122.083,154.4529,5.3757,606.1611,263.3554,11.4992,8.2014,52.0199,180.8879,444.3218,35.5141,45.5062,202.4958,19.3765,122.488,142.6483,112.4358,476.3462,70.175,225.9257,158.4181,2.2399,381.8236,90.4857,116.7051,291.6239,72.7485,0.4459,0.9104,185.0944,21.1944,121.421,274.7725,123.8161,206.0539,45.7755,16.4638,213.7085,211.8029,397.1722,28.7131,131.8388,183.1738,57.1651,216.8027,28.1744,8.9579,131.0229,9.9745,140.1352,1.0
0.7301,85.1368,19.5353,108.3848,104.2064,32.6235,148.2299,0.5981,119.9059,61.4944,23.5692,20.5842,48.8618,146.6787,146.9871,3.8185,1.7148,38.5926,89.2434,128.7093,10.5582,39.0018,0.2348,16.7698,8.0403,30.7443,45.7616,75.6201,70.8425,406.2014,61.5238,40.7461,10.4517,68.6193,262.9337,11.6619,26.0944,126.7076,70.8377,465.3768,608.0887,642.6972,154.9788,28.9615,42.0111,68.8282,20.5499,145.1486,156.5946,16.8581,118.1345,164.4712,7.6154,818.1415,292.4227,30.2879,0.3195,55.5206,130.7176,569.9011,3.6249,114.2887,116.1445,25.8981,123.8124,88.1084,347.3534,489.8619,39.9434,136.8035,37.8981,31.7039,401.6724,73.3605,95.1525,316.5554,81.6478,3.8495,1.0291,122.101,42.8666,75.3334,200.3713,193.1177,106.8938,21.1104,41.9407,252.9457,122.9737,553.3725,34.6595,123.8124,138.6824,134.6187,67.4919,121.5987,0.8487,105.676,0.1271,138.3561,4.0
9.7919,92.4169,32.2968,387.9475,131.3461,45.0807,3.8688,45.8551,14.796,101.5958,25.1961,4.0902,45.3384,176.4756,70.6033,23.5306,2.2675,56.2911,100.4957,159.048,7.0744,2.9088,0.7061,42.1413,10.7854,325.5267,62.8705,42.1644,156.0503,473.524,35.9882,92.9626,19.0189,132.7405,240.8513,55.8014,141.4259,185.8623,81.9184,289.7204,316.4393,307.6587,295.3187,14.5707,55.6941,54.2909,47.059,145.1912,193.1602,16.3029,88.0476,110.401,185.447,476.2538,197.3536,332.3686,9.2099,22.5199,162.7447,263.8305,9.5411,58.48,154.6389,51.2022,90.1346,121.2201,164.4206,254.3191,59.4695,187.5236,64.5189,22.211,267.9695,615.3207,107.13,169.7525,84.3634,2.5095,11.3633,156.5178,116.8013,20.1199,272.7743,123.2397,231.5184,26.4547,149.0771,147.5044,366.2001,404.8467,47.5032,95.2044,130.7595,590.6193,116.2692,168.8402,1.9664,96.4275,3.7976,241.0666,2.0
14.0253,92.0647,91.6625,89.4947,53.7383,55.248,43.5724,13.1332,92.1204,56.2281,56.0959,12.5899,47.7612,154.0987,63.2438,3.5537,11.2049,87.2771,134.4611,87.9715,24.0503,25.402,6.5258,20.6913,24.2223,19.1596,50.129,44.3593,181.4621,564.4963,71.2339,93.1047,15.6284,103.1379,247.3427,22.9221,20.0133,105.5789,70.8027,358.7315,334.4249,316.3246,200.0314,35.2159,49.7924,51.5045,38.0436,174.7857,231.2093,32.5992,86.9597,160.9401,187.0324,455.9915,203.4426,81.5881,14.915,79.0775,137.5892,325.3013,43.918,31.8732,105.8619,38.7056,103.8566,76.537,120.6743,267.8487,48.9952,265.1423,155.1513,15.1476,242.9728,217.4338,169.2091,162.7766,96.232,1.6425,1.3031,147.1947,12.4479,36.1669,251.1926,133.1029,60.6295,17.3954,23.4302,163.7462,231.7366,350.9581,47.2719,80.0654,133.3333,92.4954,78.8133,72.4681,12.5093,125.6413,0.4184,132.3478,4.0
26.8495,36.5135,45.7663,87.8011,28.1182,50.9721,20.6562,0.3452,28.464,81.8857,105.2111,6.1782,45.3673,139.1686,43.2043,2.5206,0.8349,58.731,139.4201,112.2791,10.5917,5.3862,0.4309,25.1415,13.3947,124.4089,55.2639,41.1933,152.5738,458.0519,78.1399,113.4135,41.8661,81.7767,132.9203,68.5507,67.5034,135.091,57.1598,228.208,126.6081,157.6614,261.6503,30.1029,43.7401,48.4486,50.3626,96.8042,240.729,28.6129,58.5692,97.0337,65.1894,154.6889,104.5649,106.899,6.0758,34.9,70.0312,126.0227,21.8663,32.6346,149.1137,38.4115,114.027,89.5095,95.4935,141.3532,46.7487,200.8142,118.0004,33.5799,115.1551,330.6506,78.8479,106.1973,127.9809,2.8618,101.4159,99.3598,19.4879,18.0562,212.1493,76.9511,188.0867,22.8154,34.4769,82.9817,326.6538,178.9859,22.6119,48.8863,105.9784,173.6273,66.4831,41.9132,3.9372,92.6604,1.2001,117.0834,2.0
9.7579,50.3655,101.5183,167.8759,37.2374,56.0346,41.0729,0.1278,48.4889,143.2041,49.279,3.6871,34.4986,166.7238,62.9889,1.8092,0.0546,74.6275,80.5778,118.2675,18.0335,14.4299,365.4676,10.6432,15.4054,95.8598,40.2856,42.2017,154.958,695.7211,108.0264,120.6872,24.114,52.1527,177.2735,10.4359,37.6789,173.9225,104.5785,357.1368,322.4717,198.8707,306.4208,49.1248,83.9233,40.8825,23.0955,99.159,436.138,42.1944,105.8427,104.8074,13.367,339.0494,264.0843,13.6727,3.0481,42.3569,137.9615,261.3045,34.4413,99.5878,178.0017,42.6011,231.0034,114.3329,107.4585,276.7386,94.6641,224.0287,362.5784,7.258,127.9271,199.6578,111.0731,190.5839,71.9682,0.8245,1.4501,119.5248,41.3121,23.4738,225.4949,76.6937,153.1285,22.106,65.2664,97.8351,395.7745,292.0078,38.9888,94.1306,125.8834,172.1136,143.0981,88.3301,2.1317,93.7075,0.6811,128.3311,2.0
4.1243,93.1114,48.795,92.2492,15.485,56.074,9.6367,0.3881,4.9285,124.2304,34.9136,1.9197,39.5254,154.911,51.1044,35.3748,0.6498,68.694,107.3587,48.7723,17.7231,72.2618,0.8524,3.9231,8.8903,15.3458,84.3353,50.2767,129.3606,504.2703,85.8343,81.8766,13.9643,44.4839,234.7766,6.596,15.3722,102.0534,92.9285,598.6088,389.9239,309.6067,259.0656,50.8079,30.4801,11.3014,34.3779,154.2261,169.2341,29.9714,89.0135,104.1671,14.1355,577.5166,190.5567,16.1617,5.4222,80.1464,184.5736,370.3254,38.5405,7.7643,139.2286,21.8795,83.8813,99.2271,114.1541,464.6888,54.668,234.3706,237.6593,1.6106,378.7782,113.8927,104.1142,176.2798,91.6604,0.945,2.4498,228.7742,24.808,46.4991,198.2221,125.7173,168.5984,35.991,21.8659,204.2259,226.1797,402.4894,32.2361,94.8303,131.2036,78.2671,142.7124,61.4243,1.824,88.3604,1.1062,128.9484,4.0
21.0492,91.0996,52.9839,169.1851,32.5702,46.9049,41.8534,23.3371,45.6139,93.9765,46.5162,9.1148,36.1598,175.7387,76.8611,10.3367,5.2078,56.4189,106.5489,102.0896,9.9447,16.2195,1.0724,62.495,17.3493,160.3991,69.5679,49.1436,92.8001,546.4472,58.8909,83.245,7.4856,119.3468,250.2374,40.0279,37.9341,142.4844,113.0458,486.1436,447.005,314.0113,312.0671,44.9951,84.4574,24.6543,30.4494,153.3349,247.9796,26.8926,113.5715,153.439,95.2409,624.73,240.4767,151.4837,1.67,42.5226,165.0064,376.1999,42.7254,122.138,145.4682,59.4006,120.863,149.7753,106.2447,336.8006,89.3547,205.47,85.9679,12.1378,343.0565,337.8293,142.7527,219.9014,87.3291,2.5341,15.0295,169.7865,34.355,56.5572,277.6108,176.6735,135.07,17.1086,57.673,255.7238,235.5453,432.941,33.4183,117.9565,153.9172,255.1642,139.3276,117.0614,4.551,111.6533,1.5488,196.5537,2.0
8.5033,117.6074,36.4146,143.3021,22.9348,42.0829,368.4615,0.0171,0.1717,76.7648,50.2626,1.8487,53.0288,140.2663,87.2196,6.4765,0.1857,33.3437,105.8832,121.1749,8.3552,33.1125,0.0319,25.8463,305.2532,15.7589,64.7909,38.146,164.8472,783.5471,45.4891,42.2836,8.3873,46.8,225.5705,9.6968,16.9105,105.1665,94.8867,320.7464,393.9464,272.2392,193.6953,12.1328,53.0224,2.1525,17.2548,127.2166,186.7497,16.3742,125.0593,134.1256,2.014,755.0509,349.9202,2.7534,0.2641,65.9187,217.9646,356.6512,1.7893,142.2211,155.6133,22.215,262.788,127.6166,131.7217,324.2531,158.5814,192.3471,50.4657,47.0785,348.972,59.0785,124.6398,268.1311,89.6259,0.6171,0.5949,177.4417,48.9045,84.7621,200.7148,115.75,234.8456,8.2065,22.4147,202.917,219.8207,315.5208,33.7677,109.5656,152.3166,152.4163,89.1935,213.018,0.0834,87.4587,0.4916,142.3443,5.0
1.0481,82.7328,8.4386,115.1944,71.6123,66.8788,2.336,1.2062,5.2867,77.0472,9.974,13.6108,38.4087,71.5447,46.2811,41.5023,0.7065,30.9847,32.6659,77.3015,6.212,8.5343,0.1411,4.2769,3.9901,19.8846,43.0719,31.7666,174.0288,465.5214,16.4496,96.5649,60.8471,38.1424,171.4471,2.3579,21.7164,96.9599,79.2239,212.3305,211.4404,236.0412,185.8167,21.6306,40.6125,8.6905,51.7527,132.6519,152.9717,10.1723,89.8539,126.0291,25.3239,273.5083,122.4033,61.7323,27.4244,29.7065,103.0474,173.9712,2.8346,4.4701,137.6133,55.3046,55.7274,68.506,38.2432,158.8107,59.5466,182.513,55.8294,22.0818,156.5592,81.4538,116.6058,152.362,48.1978,4.7297,0.6444,170.1112,57.645,6.4054,214.2171,90.2194,238.092,21.3791,32.4549,84.1606,159.2016,201.2286,19.7244,99.8109,82.2203,72.6747,166.5393,2.3311,0.5732,67.9959,0.1448,197.0904,5.0
0.2371,128.5543,16.2785,38.2898,82.5289,34.4292,2.9968,0.0949,0.3546,113.112,31.9573,3.4068,66.2211,163.6433,58.9919,19.9023,0.467,21.35,51.9735,53.6461,3.1341,23.1833,0.1649,7.8728,4.9087,13.0987,125.0169,43.1931,48.5964,1311.8909,25.3298,72.9181,8.8388,121.3776,238.8448,3.9324,13.3031,55.1081,155.1177,555.165,574.9864,582.3984,172.8339,26.3433,86.4744,6.269,28.3533,181.5689,396.1283,10.7868,150.1089,189.9407,9.6984,975.4147,152.7705,21.7778,0.9756,44.466,310.3007,763.8559,13.632,1.9488,155.6866,57.5945,24.543,33.8101,99.3238,548.8877,142.8633,157.5669,32.9951,4.6313,429.7955,65.6358,147.3446,141.4881,81.6023,3.4463,0.6393,165.2643,98.7267,34.1339,216.4577,177.3058,354.4791,13.7419,9.8839,338.3642,153.9701,642.8012,10.9232,233.9066,259.663,111.5015,119.6246,1.7259,0.0221,85.9023,1.0933,105.448,5.0
6.3819,57.1864,1469.6581,202.1516,42.0843,66.3443,46.5326,0.5869,0.8733,52.8106,31.7022,0.4916,61.1949,260.139,29.0228,0.2641,13.2677,247.6268,154.4517,129.7894,162.9853,16.6851,2.8025,1.562,47.535,23.5831,17.5632,13.5513,194.4742,446.363,191.849,114.1472,1.3071,36.4436,168.0225,4.9925,22.9255,67.3133,60.1399,238.4328,186.1495,212.2848,242.0411,26.1577,8.0792,9.0627,15.5685,121.1993,178.1569,38.8021,88.4274,140.8115,97.2424,217.7766,311.6974,109.593,0.0061,213.0965,82.1065,183.4002,35.6602,9.9482,83.3106,19.4964,68.1922,129.298,89.8538,161.8082,6.9693,985.747,491.0375,35.0011,130.9943,462.2366,152.0803,169.4033,82.1889,0.9711,1.6053,138.5839,16.8987,52.5942,271.4388,80.213,8.7358,52.3279,41.6742,51.2921,199.5848,226.2774,23.0217,85.5749,107.4553,49.664,52.5715,6.0764,0.0693,192.8763,0.056,231.3233,0.0
6.9083,89.9337,22.0062,201.1882,153.1956,47.9447,2.1475,0.699,3.9014,105.5898,49.7913,1.1334,50.0844,176.5801,84.3865,28.1834,2.2346,23.5651,69.7571,60.7367,6.5738,7.9728,0.0907,11.7902,10.8624,37.1359,157.7386,84.8216,203.7556,756.5494,12.7926,77.7692,13.8821,46.1847,210.1889,26.5953,24.7992,91.027,93.759,281.2844,264.635,397.6566,192.5471,89.6443,40.1266,4.097,50.2441,161.8981,288.4221,15.9782,102.9676,160.7145,14.581,386.3605,152.4834,35.2493,8.5261,26.8254,239.0454,314.1811,7.9939,16.5854,177.5062,59.7833,32.8115,46.0679,175.2755,240.0853,162.1729,230.7376,53.3817,9.3706,233.9281,103.8577,79.0039,130.2422,68.4825,0.4929,0.7383,175.8018,338.2506,17.2978,149.5309,93.9951,52.0679,13.2918,47.7327,154.2455,213.4997,418.0997,41.0514,203.7103,230.7976,92.1854,94.0463,3.7947,0.5638,84.3882,1.1169,168.2707,5.0
0.5411,65.2773,11.5642,34.062,14.7335,69.1088,1.7444,0.1922,8.944,258.3118,39.0292,1.2069,59.2199,252.4784,92.3659,44.4636,0.1394,14.9922,12.0471,86.1769,3.5873,4.3988,0.0144,2.7989,2.7052,11.1326,106.225,41.8938,54.8814,803.3438,265.4231,125.396,23.2715,27.6371,244.5445,22.2902,6.2168,123.6454,108.5123,442.4185,259.7307,287.7282,297.4146,6.3105,59.6866,4.2387,15.7943,131.3224,383.8999,7.8602,109.8821,155.0315,3.9223,302.2551,171.7452,10.3584,2.7449,12.621,139.0451,220.7448,2.7123,0.386,160.508,298.6315,40.0665,45.6922,186.9178,218.6347,64.6019,203.8061,33.4736,61.0761,187.4222,96.5352,81.4073,106.3655,98.0384,1.2077,0.5677,183.2793,13.9968,10.5593,171.2411,73.2656,234.19,52.2356,21.5916,93.9729,229.6706,311.8353,29.217,87.1091,171.0394,23.9528,67.7531,7.343,0.025,103.7906,0.0633,125.9529,5.0
1.5036,96.7104,53.6464,48.6131,102.2451,48.6694,93.589,0.1421,1.4115,50.1019,26.1939,19.1305,32.418,203.4313,52.7209,4.4734,1.7186,70.8595,1229.0052,123.3173,52.8297,111.6598,0.1064,12.3302,24.6895,31.4346,34.8126,9.9737,152.0201,666.0707,72.1216,50.5465,16.9235,71.3118,239.8163,0.4755,15.93,118.6035,109.8735,540.3995,403.7581,276.6149,189.6881,61.1496,19.6052,13.6969,25.4855,124.9843,164.585,86.7315,118.74,122.3059,13.5632,578.7315,190.9558,37.5039,0.0614,344.1541,148.1409,362.8354,10.9157,20.9599,174.7589,14.2632,91.9235,300.9563,56.6751,395.3316,21.2945,250.8326,145.8294,1.8873,265.2753,69.3802,83.0661,304.2028,127.0125,68.0641,4.5871,251.123,43.5384,48.8341,325.7361,150.7535,62.1974,30.4628,42.1322,108.0536,161.0558,288.7342,19.4162,122.663,91.1504,106.704,302.0722,42.87,1.0497,126.8288,14.2761,124.3935,5.0
12.7729,55.9844,304.2804,147.8044,63.3547,88.5399,24.3646,8.9815,9.4772,37.9286,38.0942,0.5382,75.2322,111.968,37.5531,2.9602,59.4493,306.1803,231.9698,79.2889,36.6727,5.5759,68.5816,15.8095,31.9931,162.4932,23.8435,19.2327,289.5096,491.2902,150.3226,122.6409,11.1046,59.8782,150.9006,13.6186,38.9689,56.366,56.0545,292.3516,200.6649,176.7785,136.1126,74.4171,28.1655,44.1489,37.7198,116.1844,257.5763,64.0452,80.3016,125.2832,123.4765,236.7123,114.2092,69.1795,3.0513,124.5253,63.4487,184.729,12.6515,13.6015,114.4746,28.9182,64.3827,113.2164,64.2088,175.0486,30.1971,268.4067,558.4709,26.579,152.6107,474.2307,108.0767,139.494,85.9333,0.2755,9.1209,122.1071,14.3083,20.1485,216.9822,82.6491,60.3673,70.7392,69.4524,89.3551,123.0296,201.7336,28.9427,69.0607,111.4598,53.3852,25.31,43.0409,2.3435,236.075,0.1175,153.193,0.0
1.6008,52.4171,62.9376,167.3883,316.9639,53.4272,1.8088,1.0108,5.2117,87.9216,14.061,2.8721,60.7434,151.1528,32.3737,24.8899,2.427,33.469,65.602,113.6548,9.294,6.4141,5.8949,2.9933,8.8953,19.3705,51.8291,16.1226,224.1394,869.4827,44.2437,83.7992,20.9808,45.4803,337.4291,0.2698,27.2312,90.8752,83.3038,349.0392,237.0843,381.0806,175.4612,35.3949,78.2643,6.1625,57.3014,105.8124,262.9401,37.8818,110.6902,88.9645,43.7973,436.0849,108.6554,38.535,67.5982,37.424,94.11,173.1876,4.2969,8.2676,98.0989,10.9525,16.8356,49.7977,21.5214,211.7001,75.1035,210.8227,86.5015,31.3365,234.0871,175.2597,130.1764,132.669,71.8737,2.1373,5.6987,179.2999,40.306,12.7583,151.6267,139.8932,67.3501,20.4545,42.774,150.6734,296.6901,194.4385,17.8002,170.7322,132.8203,74.4537,267.1757,33.5878,0.1659,100.7086,0.1078,225.7978,5.0
5.4463,61.6633,87.7996,116.7823,158.327,60.2039,13.0108,0.3647,38.458,143.7883,44.0118,3.181,56.5334,205.3408,54.8863,36.0342,0.7325,69.3515,145.7246,153.0949,13.3081,14.6599,1.4632,12.6214,12.7086,34.0242,70.2493,28.5555,104.6065,633.2125,75.1414,92.438,25.9995,68.7287,196.1779,22.7396,16.9305,344.3791,99.3153,225.3539,188.7328,260.0526,239.2781,93.5203,59.3904,14.854,87.0623,145.0511,260.0094,34.2774,120.5712,157.4358,19.2212,215.3546,123.8689,14.7493,86.9978,51.0726,128.4738,212.5485,24.2263,51.2696,158.9587,61.2458,64.1165,163.7217,128.6541,183.6876,63.6293,219.8009,143.776,16.6184,147.7354,223.6079,97.9803,261.3613,83.6349,2.3266,6.3066,154.0369,82.7592,26.6058,307.6154,60.3704,81.772,34.4827,28.8858,62.7368,518.9913,218.7412,40.7927,105.083,201.0906,132.6236,128.0582,41.6439,6.6534,119.188,38.5151,115.159,2.0
24.3036,94.6923,55.6124,185.1994,40.0045,46.1364,109.6619,0.0095,111.378,84.8892,103.5105,43.663,39.4994,190.0685,54.1203,2.0822,0.4809,76.8371,120.0769,85.518,15.7919,7.8069,147.2361,8.4246,12.8522,43.1668,56.9604,31.5002,157.0649,537.792,92.8286,78.3164,39.7385,67.7137,306.2891,34.979,19.1862,106.5075,123.514,438.0941,430.7146,377.3056,181.5504,34.5717,51.6458,91.7447,18.894,165.0347,246.2177,29.7299,117.0245,156.8816,0.0467,545.3381,282.9734,0.3314,1.0158,66.5895,225.1379,238.945,12.0607,131.809,143.7022,51.0674,105.7307,118.4174,95.3456,378.8736,59.1866,220.124,227.4497,1.4003,342.958,153.8765,106.2155,257.9209,83.1022,1.7767,0.1942,170.7645,16.5056,24.9495,232.1158,121.3552,156.8713,57.917,114.5065,187.3789,186.2603,387.946,118.4702,127.7543,142.5061,75.5788,100.409,153.1715,0.941,93.7452,2.2141,164.8151,2.0
21.4786,36.9689,38.7956,94.5927,31.4411,56.7564,6.7708,2.1543,5.0904,108.2712,36.923,8.4241,40.5211,135.9624,31.7544,8.7615,0.5464,95.8958,128.4334,90.8252,29.7281,44.5592,0.8887,6.0698,15.8806,20.41,42.8084,33.8055,143.0133,640.1804,60.4971,124.7544,31.3591,58.5605,125.5988,16.7715,18.7572,135.4649,73.4775,335.1988,197.7155,141.89,306.4899,73.2553,28.1231,11.2054,56.5596,108.5153,251.2415,35.4536,65.3062,98.6629,39.8808,231.9694,111.9049,28.3977,57.6586,72.5073,107.4453,160.545,20.5689,3.185,168.1435,30.6087,95.3368,53.9626,56.9189,223.85,52.8929,216.4383,141.8593,29.1027,193.3866,146.18,108.7645,92.8772,74.0575,3.7302,7.4906,121.0851,27.6065,16.0909,161.1023,122.446,181.5823,28.903,64.5983,153.2624,264.348,286.5782,26.8869,61.4927,110.5573,67.8501,105.463,7.1787,1.5244,71.9935,0.8493,88.4483,3.0
1.342,33.7617,26.4247,122.6603,25.3057,69.3464,9.2292,0.0516,21.8003,107.3623,37.7887,0.1768,30.7141,158.1238,38.4781,3.3758,0.437,59.4508,123.9131,92.3928,18.2143,15.1431,5.3582,10.1884,16.4649,19.3965,23.7026,34.4938,113.5549,818.3415,69.9095,139.1938,28.8005,40.7822,113.2663,10.0624,24.7106,128.5333,97.927,300.3845,183.8086,112.869,330.2417,58.6384,18.658,3.288,38.6679,85.6572,419.5072,44.7273,69.23,92.919,10.6483,225.3184,220.8566,6.352,15.7914,79.7159,95.2862,133.0416,3.9223,62.8739,174.9873,14.3905,71.8233,36.3189,64.0158,212.8458,79.5508,191.3658,118.7928,1.5424,198.3079,124.4819,139.6682,104.8427,76.0658,0.2788,4.2829,128.18,28.1112,31.024,148.9938,98.6369,18.5912,33.1033,66.5164,115.5209,189.7428,219.9205,26.4778,43.7786,93.6489,112.5367,151.1711,3.78,1.2055,81.0558,0.4628,198.5306,5.0
8.4617,86.2965,17.5362,51.542,40.6393,52.6492,96.1492,2.8778,39.6795,104.1923,59.5695,4.7353,21.1059,216.413,116.0263,27.7901,1.0953,43.2155,75.9545,105.549,11.1198,2.5467,0.7419,9.1716,10.557,16.7893,50.3975,52.876,123.4663,505.0604,71.6405,63.5718,15.2015,32.4618,329.4286,105.5343,14.8141,105.3232,82.3982,427.1324,343.8506,409.0815,227.7364,20.6103,93.3975,122.5509,26.6802,161.4287,215.1133,18.7871,103.7568,178.1916,67.9112,446.1807,244.1368,16.2011,2.3436,10.7043,199.8515,372.0633,12.8218,116.9334,167.6576,78.6217,122.2926,135.722,273.4809,371.9097,114.137,158.8834,47.2708,49.3603,313.0013,46.8883,116.3108,246.7126,109.1495,1.6105,2.6324,128.8569,30.7478,53.1585,219.9256,148.6318,213.6611,35.4132,19.5175,207.5481,159.1692,347.7798,151.2631,140.4115,236.6484,36.2765,154.0179,219.2009,10.9602,114.96,0.3884,155.7931,1.0
8.6869,149.3153,125.7465,53.3162,177.9218,35.6209,15.9019,138.6016,144.4884,98.8461,23.5202,37.516,30.7048,241.2703,169.9115,1.1835,43.3498,63.1494,644.4105,211.4019,13.9254,7.1973,3.2528,46.762,16.5599,19.4421,133.2459,58.9496,245.7698,531.0191,51.3585,63.9404,15.3904,87.355,491.2431,75.8046,20.6767,122.8705,77.4072,482.6064,530.7845,856.3867,350.1957,19.2497,173.5623,232.9672,60.4267,253.738,210.0662,30.4847,194.2742,359.5972,167.7125,854.4036,289.6888,78.7616,55.2143,76.8986,172.113,616.3049,27.1647,48.3931,88.4702,39.4219,125.4826,388.6049,249.3996,391.2902,94.52,232.8754,98.8217,10.2588,354.0882,216.3754,177.2886,248.7248,139.8263,5.2653,21.0066,139.6335,9.9858,31.5413,406.1169,294.476,153.8282,11.2028,10.3596,295.148,268.4285,516.2524,121.7838,178.3311,180.3435,90.1211,55.5165,144.3336,4.4719,333.2121,1.0653,163.444,3.0
3.5541,163.5282,133.2752,43.7363,138.2394,37.7163,8.1818,79.9564,29.1436,72.7669,7.0649,20.2231,26.8926,368.8529,365.0012,2.668,11.4167,60.4166,342.9233,298.1604,14.243,78.2966,1.9216,61.1683,29.7399,36.7442,116.9634,64.4599,416.4289,539.0081,56.8367,35.9888,2.3566,73.125,594.7786,56.1412,27.895,106.7762,125.1617,655.7062,1024.5997,972.5733,235.1502,32.9814,84.2216,35.6898,24.0624,256.6921,156.9007,74.727,289.7223,377.8679,96.4584,1748.8915,923.7047,110.6191,1.1643,111.3053,314.0296,1097.3447,5.0242,62.3699,83.8823,13.9795,151.371,407.8952,338.9561,635.3615,68.1719,220.7736,92.3065,90.7902,644.9584,94.6342,189.1759,641.3917,155.0048,4.0172,32.2206,159.4945,17.1289,31.8942,514.2648,368.5343,88.4081,65.081,39.8252,334.1279,188.2687,555.6045,87.327,386.747,159.1129,150.5003,79.551,443.8727,0.773,345.885,1.164,193.6201,5.0
8.4003,82.4594,36.3426,23.8381,49.5698,64.5931,9.0409,0.0616,3.2811,82.6983,67.9317,12.3929,51.9922,146.5584,45.9612,22.0893,0.5283,108.8155,71.5343,116.0076,43.3273,24.3531,3.0198,4.0433,10.5815,9.8059,54.271,21.8558,126.4626,864.7403,32.311,111.7215,30.6181,61.0374,186.8695,3.7763,9.5709,120.9544,124.9399,273.6862,205.6488,249.6284,220.876,71.4561,37.02,4.6939,56.0451,147.2722,364.1751,33.6076,108.6131,166.8364,46.5377,217.8619,169.5916,45.9234,113.1542,43.9569,112.0582,199.4164,18.6105,2.9195,154.7622,26.162,81.9017,74.2422,79.1442,217.7686,53.8721,217.7334,156.0435,10.6475,166.1858,87.9382,100.8754,144.4738,75.4749,4.856,10.6394,112.9327,29.7649,16.6119,177.8307,74.1766,174.4751,61.9268,6.1855,80.4456,248.6024,215.1314,26.6595,106.3157,163.725,59.5634,120.35,7.4752,26.2157,95.7967,3.3756,128.9607,5.0
10.4737,90.356,19.3509,77.1956,33.3088,58.9255,1.9154,0.065,3.4912,106.6598,26.3711,1.1262,57.2937,145.8933,37.2336,2.3272,0.1885,30.527,42.0279,104.6903,95.9677,2.4333,0.304,12.7096,5.1005,48.9293,81.2926,60.7306,100.5137,669.0959,31.3399,84.5514,40.9435,59.2317,198.9112,15.2922,27.612,350.9967,101.4669,408.5664,299.5846,262.1758,603.3568,27.4807,33.8153,17.0587,66.6434,145.8446,208.2319,36.8428,91.2319,124.5083,14.2464,349.7349,170.239,12.3526,23.2694,12.9219,144.4131,291.0364,11.8517,2.1599,174.5705,15.8903,105.1274,85.4113,69.4376,359.428,60.1716,198.5661,51.3685,8.7016,165.5974,78.767,108.6145,174.0326,65.7702,0.5213,0.3997,199.1481,9.3433,30.5306,191.9536,94.0972,129.7129,23.1579,33.5839,109.954,444.7231,298.7816,43.5694,97.8584,119.4146,55.9202,230.089,32.7869,29.6927,67.1537,0.9519,125.2104,4.0
0.444,96.3217,8.5328,220.3206,63.292,59.2243,1.4689,0.6123,0.4637,81.0847,31.2288,2.1839,22.0535,132.5655,86.1158,16.2548,0.1319,12.8222,21.0289,76.2408,139.3645,8.6817,0.1135,14.2611,28.3048,23.9437,93.6406,52.6677,110.4284,609.1493,28.4922,102.3339,26.8083,78.7397,186.6924,0.9788,61.5653,210.2676,100.2744,325.5811,284.6144,246.2926,413.9736,29.1515,29.9497,6.5345,59.649,144.6811,208.4951,6.7106,83.4508,123.1758,11.5871,293.2895,164.4014,17.9885,58.6533,13.5946,142.2462,208.4212,2.3692,13.9034,159.7362,18.0815,68.4289,66.1982,54.0379,260.0829,58.0639,181.6324,25.835,2.6199,239.774,158.5898,154.6666,166.2078,55.9026,1.1101,0.97,160.8945,18.126,22.0329,322.7796,113.7078,179.3966,7.6097,33.2587,143.7223,270.8746,316.9904,34.2131,97.9361,155.1279,97.6356,282.4543,2.4507,15.5647,91.6887,0.0799,154.5857,5.0
12.4665,82.5131,54.6547,177.9826,26.5682,42.9437,130.3065,0.0577,108.2959,78.4915,83.6273,0.0222,101.5747,179.1404,107.595,1.4335,0.1675,69.6251,155.8586,112.4479,8.6318,14.0299,35.8319,7.6027,10.7327,59.8469,61.9646,75.5818,144.8445,512.7742,90.0025,72.3448,10.5778,54.3425,320.6993,81.7136,33.8469,105.012,98.4979,516.4151,450.7644,530.3898,211.0761,34.7064,92.4535,121.7423,24.9307,160.6834,231.0381,41.9889,125.4572,186.9146,0.179,549.3681,205.794,0.2918,0.4156,46.5008,186.9822,477.4982,24.9242,136.9082,135.618,28.4456,114.2817,154.026,169.0087,407.9882,90.4197,193.0427,220.1407,0.54,336.1938,113.5265,116.3617,306.0812,87.8744,0.261,3.789,145.8385,40.7359,68.8599,277.4754,160.4371,165.3508,24.4257,69.0464,201.706,165.6418,412.4224,35.449,135.0597,146.0983,115.6723,106.0996,157.8447,5.3977,157.6099,0.2661,196.8477,1.0
18.3855,94.0662,58.3585,113.5117,120.8543,46.2577,10.0482,60.0493,49.0844,78.9505,45.8777,6.9733,46.2343,197.9753,78.1497,9.7847,4.6905,56.8351,263.0097,114.1298,12.2428,14.4393,1.7949,23.0044,17.4244,46.5828,89.5854,47.4727,183.5564,539.4099,60.2871,82.8851,17.1946,78.4756,287.3229,66.714,33.2965,136.0438,89.5256,439.2278,355.6558,401.1926,259.1865,48.3819,60.9263,52.8888,66.8957,187.6835,183.3024,41.7006,94.1449,252.9005,153.9013,468.5471,238.125,172.1724,24.0708,38.5907,170.5026,395.5217,52.7644,31.0507,137.6073,24.0068,148.986,140.3593,142.7048,374.0858,56.8927,254.483,66.6608,29.5166,275.2874,216.0198,161.3921,229.5259,144.094,3.4501,11.3316,180.5081,10.0183,43.1503,370.8994,117.4252,184.4655,22.9317,55.194,157.7233,220.4525,309.2253,46.0312,112.7382,140.8655,105.3719,119.8766,122.5341,3.1526,144.6699,2.4333,178.7515,2.0
3.9479,89.2338,71.0879,105.4282,38.4753,43.3936,315.0685,7.9819,6.7775,58.7218,65.2967,6.103,31.0509,205.2729,87.1222,4.8573,1.7447,48.5106,288.1321,117.7932,13.642,32.2764,0.8484,29.3146,50.1527,97.3358,61.3636,76.3481,157.2292,707.1144,112.5431,60.4719,5.8802,116.9388,314.8626,2.5833,31.997,88.5231,112.372,329.8211,671.6081,472.7286,183.7255,107.126,42.5115,20.7472,26.8282,176.2938,285.9543,56.394,150.7244,170.1898,77.3269,748.4609,337.9524,118.3546,0.8257,89.0171,249.9518,532.4726,11.5738,121.375,134.5629,43.6176,80.0824,100.0562,121.3863,546.6326,35.1088,215.4181,85.1746,8.5026,380.5874,176.8963,193.5098,223.3669,92.5754,2.1537,36.3534,197.674,58.2962,64.4477,313.7879,178.295,96.6161,35.4772,42.1186,221.2713,154.1447,487.5427,21.816,162.8986,155.0699,304.6475,108.3909,98.3197,1.9438,155.2788,0.1828,167.2537,5.0
13.6996,59.008,33.8587,163.0025,79.4733,62.3954,3.9554,0.3309,46.8044,104.0288,70.1886,59.2244,35.5433,148.1019,43.1904,21.1745,3.582,40.508,91.0285,92.2541,9.6735,26.0021,0.3797,5.1206,31.5483,37.604,39.3192,28.299,457.3122,507.3834,62.5389,105.461,18.7834,53.0448,194.1067,13.3233,25.8402,123.0714,82.358,222.8088,215.831,206.103,357.2172,93.0478,48.1717,10.9915,37.1376,105.6728,218.0924,27.8484,75.155,89.8058,57.7106,309.6042,153.5659,89.7161,3.5584,21.4497,118.64,195.1308,14.3528,90.1144,161.8266,26.0253,83.8386,61.4555,96.0688,190.644,43.3409,226.2267,70.2354,21.2662,199.5839,146.4128,104.7803,121.3011,70.3591,4.0001,30.2634,166.5048,28.7386,14.311,196.6449,117.9734,152.274,21.8143,72.7776,120.9655,284.5027,253.9137,31.1063,58.4087,150.6851,79.7888,116.928,103.8388,0.8609,67.9827,2.4433,142.1713,3.0
1.7863,98.0408,17.4805,34.0955,62.5044,56.4354,3.8857,1.0347,1.5407,83.589,49.0011,2.5302,45.5788,136.1661,46.8889,17.6451,0.733,50.3862,117.3841,73.5676,15.1599,33.9004,0.1949,24.7948,9.9389,9.2513,73.9531,29.3176,218.3131,717.932,23.3645,114.8472,15.0677,94.8235,197.5427,2.1108,10.7535,79.1822,118.4997,270.7204,272.4034,328.1703,176.6614,53.2206,48.165,12.7231,31.79,94.8535,244.7203,20.3678,92.5914,144.3039,12.2943,326.5595,140.2792,22.6452,12.0121,58.8443,199.4539,125.9145,37.7683,0.7455,136.4613,91.6094,35.6246,53.6733,61.5097,230.3069,159.2061,169.8842,55.701,0.7521,198.4141,77.2632,127.5681,102.9405,51.8044,1.0589,1.1555,159.4933,17.2488,17.8149,239.9502,78.367,238.4507,38.9343,12.7856,129.8996,236.6244,318.7315,27.9046,97.7162,182.0054,66.2238,70.4673,83.6321,0.5187,99.8311,0.1916,191.5566,5.0
16.0976,72.1082,101.7115,113.121,69.9199,66.5618,61.5245,93.3289,46.3868,99.5325,57.1516,7.2885,52.8768,267.8125,55.547,2.691,198.1372,69.3122,126.1444,130.5596,10.4932,7.4129,115.3372,15.3482,8.0207,21.4224,83.438,42.3195,213.4416,521.3559,101.7929,105.1995,21.3673,74.4696,225.5641,152.9927,20.7575,133.5693,86.7932,465.3227,396.6221,345.5737,211.2089,18.2969,106.6744,68.4082,52.1223,143.7371,284.6533,25.9048,117.4245,185.9081,169.189,489.8583,215.2444,68.4397,19.4765,26.8806,148.9346,436.8483,69.2449,102.15,168.6827,31.3804,112.6659,177.0945,159.7969,377.1631,50.8854,298.6882,151.7842,16.4095,280.1108,232.0635,134.2788,265.8433,136.809,1.8549,6.2537,134.9458,25.3316,43.1602,316.3666,90.9317,168.4552,21.055,24.1326,89.8971,238.4352,515.2842,130.3228,102.4642,100.9854,85.5148,100.1178,51.085,5.6937,173.8608,0.814,107.4271,0.0
1.2544,64.563,8.9968,101.8542,21.9181,47.8552,29.1527,0.0975,0.1717,68.1421,38.5056,1.0329,68.7249,120.7133,71.8799,9.7566,0.0442,35.4262,60.0677,69.9942,4.5994,43.152,0.0684,39.0067,6.0626,6.1594,56.838,46.1203,35.7994,575.3637,23.8293,45.4118,20.3251,43.6994,135.9966,4.3339,9.0216,153.8972,122.1864,415.753,433.5678,210.2437,188.645,293.3709,23.3219,1.2908,18.6027,100.0387,199.9166,13.9967,52.0245,97.2696,1.898,506.3275,741.518,3.6491,0.3772,38.2876,133.4779,276.189,3.938,76.0264,162.4706,13.0345,207.8132,47.7203,236.6709,412.3498,33.3358,142.1894,28.8907,16.2805,382.8245,91.686,254.5196,57.2988,54.8154,0.9229,0.3,157.8461,5.2711,100.356,149.9993,148.3748,91.1357,11.074,8.7347,198.4334,214.2325,402.9145,12.177,116.8969,105.7169,60.3698,206.2256,55.6729,3.4741,44.9232,0.0201,103.9829,3.0
4.0731,95.7123,73.3813,129.0191,42.3835,37.9754,2.6803,0.3767,43.6966,116.7081,27.1578,0.1542,25.4146,133.6957,169.2531,9.2209,1.4006,116.4261,227.4553,80.3476,33.072,35.0009,3024.557,18.4564,14.8653,107.3898,86.9565,61.125,199.8668,561.392,55.6298,70.2064,3.5535,80.3218,507.1845,49.6228,33.7946,59.3955,85.4031,252.3941,340.6129,631.5916,135.193,57.551,20.4834,15.1972,38.1515,185.2522,177.0571,95.7072,207.9376,295.9564,1.4734,437.3904,414.1965,2.1883,1.756,75.0041,198.3739,484.9289,3.135,51.7668,90.8348,29.2992,58.0543,174.1788,162.5757,357.9918,148.179,157.7207,221.6509,81.1228,369.257,232.9858,98.5494,307.8015,76.3547,0.0426,2.1636,130.2354,26.6807,119.9181,295.3444,88.9777,151.2307,111.5895,38.558,89.356,126.3333,179.9865,21.6783,236.8581,146.1015,64.2784,43.4046,177.5729,1.7797,143.059,2.9308,372.5805,3.0
2.2454,134.7081,54.0788,293.9276,356.9701,53.1144,80.072,0.0517,26.419,117.2367,84.0436,10.8808,37.9158,179.9128,49.2348,2.7437,0.563,50.6222,125.3773,187.5376,9.1625,22.0649,0.7587,17.2271,73.8193,66.8694,73.2167,94.502,158.4736,644.6006,59.7777,65.0313,14.6723,163.3301,349.6714,0.9407,27.5264,183.0628,113.4757,521.445,482.1386,513.7712,259.2444,49.3431,84.1071,38.2264,23.6771,263.2278,155.3302,46.6385,125.7758,142.2603,4.1143,741.1258,195.7053,5.3236,4.4324,33.5906,188.2046,369.1512,50.2805,50.464,144.5376,28.2655,82.5909,225.443,121.8618,373.2129,175.3587,202.042,115.8336,2.0324,365.5114,183.3436,166.1893,318.0269,82.8809,1.0624,77.3679,252.8431,123.4631,85.541,332.9631,141.6232,137.7062,32.2638,42.7562,216.2719,256.4692,362.952,44.8446,177.3658,174.9866,168.0104,192.5959,145.9039,21.9564,119.9935,3.7484,159.4598,2.0
1.381,93.5904,24.5304,26.3032,123.9991,48.5797,19.5961,0.0,0.1033,112.9443,13.3494,0.3107,26.7896,183.9895,110.7978,73.1448,0.5318,31.6844,118.4493,136.4962,47.4367,23.9594,0.0686,23.4426,8.9415,13.9728,57.458,14.5379,210.0289,478.1573,60.288,69.671,15.683,29.1257,399.0244,0.096,11.0844,240.873,109.631,330.6314,648.5956,280.6032,247.7616,92.4161,36.5296,27.657,27.6826,200.4397,176.7281,20.0665,180.9406,130.9875,0.4185,995.3776,334.0001,1.1974,6.3966,50.9807,174.2966,452.5792,3.7427,81.6716,159.6109,42.5458,85.5918,56.7305,166.0547,343.3253,95.785,155.9398,36.916,8.3671,289.523,30.1946,149.6803,186.4924,91.4764,0.2072,0.3308,216.9851,16.0624,48.2399,210.0188,157.8785,137.0442,17.1946,12.6805,212.9653,284.111,381.3788,67.8869,231.5025,228.3221,98.2259,156.8484,65.4007,0.1911,67.628,10.5984,192.9006,5.0
30.1545,44.1307,207.8004,278.7684,42.3162,66.7527,20.6729,49.5636,11.073,53.5827,55.2016,13.6786,60.9461,122.1399,39.5139,4.3919,23.3747,219.903,142.0112,85.1586,28.17,1.4467,12.4867,11.2761,29.4002,200.6262,27.245,22.8819,196.1847,408.7693,95.6924,112.419,17.7473,54.2071,132.7605,0.5762,53.2009,140.7764,54.8674,238.9117,155.6847,151.9453,254.7999,56.8966,43.1907,37.8929,50.8599,110.2238,201.6386,43.6816,67.235,107.9869,93.9724,187.0534,113.1643,43.1654,36.8631,53.981,65.8059,134.3404,28.7065,13.6593,118.4464,47.8989,86.9688,77.6281,76.6237,149.6092,31.6939,210.8602,344.6826,29.5503,126.202,535.3288,102.6423,117.5258,77.3002,1.2793,4.4577,110.8432,11.9303,12.9625,189.9235,76.7255,87.8271,50.8242,212.0915,86.7007,286.8066,196.4407,35.5324,58.9836,124.1586,71.1764,47.458,54.383,5.2489,159.3316,0.6833,167.9931,0.0
3.8717,80.2811,59.8889,94.4113,58.833,64.2657,35.9381,0.0074,0.2518,82.6774,25.0688,0.2906,21.3284,150.3648,66.8409,24.8346,0.0534,33.7611,81.9209,158.3156,7.6763,5.2424,2.8793,13.5376,34.9681,37.1177,70.3176,44.2203,84.6159,520.3869,66.3879,101.2553,17.8969,53.6788,248.9374,5.8448,25.8006,216.3986,105.8894,384.6287,266.0633,271.6039,378.1119,53.2944,54.2225,8.6204,67.1457,159.3083,152.2713,15.0875,95.7464,127.3254,0.7106,326.2846,208.5056,1.1233,47.6783,43.5757,137.2567,243.8927,7.0309,42.296,190.4754,35.1417,86.7747,109.0025,90.4533,252.4418,24.2667,200.9283,123.3102,9.701,227.2378,129.8773,116.4413,202.7297,83.0519,0.4242,0.2113,171.6688,89.0709,26.5519,205.1329,123.643,207.2698,12.208,37.4471,160.7731,282.8338,267.4135,27.6738,102.1321,171.6418,71.0839,178.9014,31.7063,12.4566,123.9232,2.1691,140.1891,1.0
7.4331,39.442,66.4795,221.9072,50.5421,45.0447,10.832,0.4826,7.3353,60.8875,39.2781,28.4638,40.2661,126.4392,35.9987,5.6721,2.8923,88.2536,306.0131,82.7395,20.4946,185.2007,0.288,11.0721,19.2502,51.9418,43.3426,30.8833,607.639,421.4824,71.4611,90.2462,21.6119,78.8214,194.4358,4.8528,52.7829,79.4029,69.8123,296.0257,322.0928,230.2681,154.98,126.5809,39.8204,32.7053,41.6932,120.7761,161.2389,50.0422,95.5252,96.0605,32.1339,401.3382,155.1484,112.0634,1.7623,106.3716,138.6755,240.9862,19.2017,1.7509,111.7745,21.2359,138.3146,63.7668,71.6333,224.128,14.3849,204.175,165.7354,2.155,200.2343,194.199,109.0541,120.7311,81.244,2.3875,7.8048,181.878,35.832,12.1542,222.2155,114.1559,159.8503,35.5967,136.0255,126.3554,173.0926,326.2206,34.5204,81.9217,123.8093,130.3601,63.5242,11.1353,0.1937,89.218,0.1727,203.105,3.0
5.7718,66.6778,38.1758,347.8937,59.8552,50.3989,12.1619,9.1511,14.7466,86.417,40.5714,10.1396,40.9514,124.0218,41.5097,29.7244,5.7263,55.2269,107.7968,138.5352,10.5428,13.6475,1.0622,20.1536,13.7181,57.118,38.6058,38.5111,197.5419,411.6349,45.4031,90.3477,29.0729,115.8609,165.9469,12.3172,76.7889,187.7294,78.514,310.3164,223.3436,238.6224,337.6149,74.6185,31.1212,30.0514,78.155,123.5028,209.2524,38.2862,85.3893,106.962,77.0236,298.42,118.6279,186.0072,74.6104,54.87,98.0827,215.4937,38.4679,6.936,119.7345,39.7401,62.6493,77.31,72.7084,245.1661,68.2656,183.131,92.622,15.4008,179.8634,279.6785,120.4616,159.6915,71.9596,5.0981,7.7001,134.2539,31.916,19.7694,247.4653,124.6153,153.6095,35.7692,142.033,164.4926,333.1721,271.0722,26.9732,67.9508,148.6685,131.6921,115.717,61.5962,5.1316,98.4399,2.5634,144.5415,4.0
25.7027,56.0274,62.357,136.2272,37.644,48.6833,39.3257,21.1107,27.9814,67.1643,41.9721,7.6327,36.376,115.6987,40.306,11.7588,6.0729,80.4399,142.9788,116.0627,11.9453,6.0007,132.9389,5.1731,20.3446,20.4017,52.2101,40.6248,181.9895,468.1748,52.0976,93.8089,50.6781,77.5447,127.2475,11.0199,28.5735,143.5865,66.2144,252.3282,203.138,174.2143,240.0551,306.4555,87.0402,70.9861,60.7019,98.1944,167.188,25.1614,78.0854,120.0333,86.9718,214.8497,147.5439,41.1183,4.8355,45.5382,76.3579,191.2779,70.8101,50.1845,123.2129,17.6353,93.4756,80.419,68.4981,224.1423,41.5195,184.3808,159.1235,6.5207,141.6267,152.9058,110.0051,135.3237,60.4576,1.9469,521.6453,120.1638,18.569,52.8439,220.2517,73.3,143.6563,33.5122,82.9885,71.9075,251.3119,234.9023,40.1979,67.0542,107.5585,87.1474,84.6664,119.3965,14.0563,82.8621,1.0868,126.7206,3.0
16.2991,129.0238,229.2016,391.4259,181.5495,35.0178,32.5475,1.1008,31.8661,76.7661,18.7334,28.22,27.4292,217.9558,125.9597,8.0035,10.9819,73.936,433.8551,194.591,13.3159,24.5787,4.1395,19.0804,24.3477,118.8772,87.9811,58.7935,263.6498,520.4598,51.2027,58.1277,24.3978,113.8085,443.29,34.3325,79.0269,173.1568,119.6049,650.3591,671.0044,844.9311,423.805,69.291,126.2084,138.2795,60.9622,232.1641,171.6948,68.2877,190.1857,198.8857,93.6674,1090.3396,345.1503,342.755,17.4706,81.3306,246.6891,708.7331,15.6534,28.9151,105.8273,10.472,129.6792,445.5168,138.1763,548.6047,45.1001,242.8959,125.5153,6.5358,514.767,535.9468,200.7163,299.6062,107.521,3.3147,355.09,165.5619,19.3362,184.587,494.2832,376.7042,123.6122,39.4726,183.3942,401.9787,300.891,670.2688,44.0001,213.0454,158.9666,227.8725,187.1264,120.9034,22.9285,451.3094,1.5314,198.4869,3.0
3.0101,78.7617,45.7202,69.3594,325.0118,83.1279,167.3737,0.2686,1.7391,141.194,55.8983,6.3358,46.861,205.4997,89.7205,61.8835,0.474,96.2422,206.1948,116.7069,144.8822,92.0957,0.6795,16.9639,20.1154,37.6658,60.23,23.7254,119.1986,485.5465,234.3076,76.5503,16.3772,37.6959,194.0942,13.528,9.6457,168.5959,77.0261,215.8162,254.8131,228.9357,266.0793,43.7237,25.6943,6.4234,22.4438,126.2854,228.6885,35.7333,117.7634,133.0378,9.6399,360.9148,230.1543,16.5876,1.6255,71.1253,121.0429,180.4522,27.5888,80.9989,172.0764,176.6891,56.8374,87.4211,166.7099,194.5122,116.2745,268.4876,235.1093,54.8054,211.4014,148.3894,99.6638,136.839,96.5482,2.7983,2.8296,138.0994,11.451,110.9039,221.8996,71.5289,135.5472,37.9179,26.2484,65.7054,231.7642,261.1555,107.5729,95.6311,157.9917,56.0798,107.5212,19.3181,1.7268,111.5498,9.6951,113.6417,5.0
21.0135,55.8206,124.9733,185.6305,77.4682,48.8006,11.354,39.9947,42.5002,60.2499,33.0909,5.8473,53.9168,128.1691,36.0499,6.5416,41.2846,95.6207,167.8157,94.4144,30.5518,4.3538,1.8285,21.0753,18.612,62.6642,35.3288,27.2804,238.1903,515.7023,58.333,79.4591,15.6092,121.8209,117.291,13.7029,46.297,111.1344,81.1543,304.395,302.5738,245.9365,174.9411,61.3593,45.5749,34.9377,45.4643,94.0312,265.8214,31.2466,94.2993,128.4848,135.131,306.4265,144.8373,122.2032,6.4018,98.4661,95.1938,290.5141,7.9407,13.1033,101.0462,45.0954,80.3295,80.8617,53.6081,228.4802,36.1983,212.4029,117.4206,10.5726,180.1836,376.32,132.5371,140.0871,68.9695,2.7561,1.5732,159.8198,30.6132,23.0152,206.9682,79.0349,55.3577,28.8351,90.5134,76.9805,236.5319,271.0502,27.5882,67.36,90.0712,155.1785,53.9026,10.8382,5.4221,104.4382,0.3336,135.1244,2.0
32.5475,66.7479,66.4738,335.7513,92.6231,50.096,16.7547,6.7651,74.3985,67.8676,49.9255,4.3523,38.8162,165.0008,46.5153,6.2116,1.8538,112.3223,277.0631,102.8246,26.6328,51.8886,1.5186,8.5014,48.7928,38.1847,67.8325,37.4981,270.7898,576.5449,94.9355,98.8419,10.2697,71.3177,204.693,13.2217,44.298,123.233,82.1458,309.3523,381.2751,284.266,204.5248,65.2003,54.9811,46.4245,50.938,166.1921,241.1459,46.5782,94.4618,144.2525,145.9831,457.5993,127.7865,154.7019,17.6839,113.5828,129.5162,328.1011,31.4622,15.1355,112.2322,29.3562,133.0602,99.0727,90.439,325.8444,43.6503,232.3335,201.708,29.4606,248.9911,330.4396,109.1854,181.5335,121.6878,2.0356,19.5024,185.085,23.3946,19.1987,240.9555,110.7495,152.2996,65.1116,102.4401,118.8819,184.0017,297.4551,48.0461,85.0197,126.1532,99.2507,86.6988,50.7848,1.3348,112.2655,1.683,202.4668,3.0
7.4334,93.8352,63.6636,166.3665,181.5713,83.4615,8.0512,0.0836,2.1579,109.1004,82.8678,404.4271,25.3364,151.5558,33.5452,30.0027,4.4677,72.3138,120.9275,57.9152,359.0619,0.8185,8.9379,5.3438,17.0035,68.7775,56.4251,23.5617,55.6973,892.2944,45.0138,93.8333,34.3897,92.3403,291.0482,1.1446,184.0211,206.5283,133.9794,538.6526,404.417,452.9144,509.2248,31.1899,26.1592,5.0686,40.7335,126.0819,1004.9957,39.2638,117.2695,173.8425,0.2143,362.4302,173.5919,6.8447,16.5079,19.4147,178.4799,435.6132,7.0895,2.8926,216.7082,72.3123,93.4689,113.6988,49.4281,413.4696,87.1583,165.2751,91.5884,3.2099,275.662,550.3733,80.0908,238.9089,50.695,25.7806,0.5926,363.2956,76.6445,53.1241,381.4208,50.3764,234.004,32.9144,39.8955,75.46,498.6841,198.4704,37.2937,124.6751,106.0923,36.0819,200.0025,6.7784,31.0261,105.1062,2.3535,248.7368,0.0
303.8746,73.3731,50.64,177.5122,207.2,50.0017,22.2887,0.038,14.0713,60.0017,89.5514,1.7406,52.8038,136.8009,43.5628,16.3852,0.7935,80.781,86.6513,90.7637,37.4957,2.6931,21.934,8.7323,17.1164,55.5732,81.479,53.784,124.8976,684.0716,51.8919,74.0384,22.3169,44.3137,250.2424,29.1134,13.7563,145.492,79.0994,319.9934,281.2815,330.3427,202.1534,17.7096,53.4505,19.5546,30.7349,145.2065,216.3414,35.9285,96.3939,118.2891,5.8314,426.6323,198.2985,1.6274,1.3351,50.6567,230.149,314.6017,5.0776,65.1599,173.4756,41.571,58.1793,112.4647,209.9373,361.453,51.9379,177.3237,102.7306,9.061,261.3902,166.1673,83.6116,159.5626,54.9643,0.086,0.7803,147.5411,55.4108,50.6198,235.4014,140.1623,205.7282,43.515,37.5532,193.8557,194.8844,526.8698,75.1811,89.3667,146.1843,61.4377,157.8008,11.2969,2.1691,101.3227,2.5839,136.6711,5.0
8.5267,87.9596,389.4267,260.966,72.8291,61.9176,29.6017,87.055,80.0778,66.5427,25.7438,14.8135,73.8549,160.9643,53.6086,1.2977,38.3272,189.5083,196.5453,128.0908,46.1611,14.207,4.3473,20.6582,40.084,63.8412,41.5928,35.2279,226.3215,606.2451,120.4728,78.5988,6.2998,75.5149,242.3689,2.8013,53.1205,61.9155,69.3155,483.2713,340.0765,334.1349,135.457,25.6377,43.7631,46.7298,42.989,179.9056,284.5414,38.3255,124.1926,274.8982,183.0396,525.5385,189.7498,99.1177,3.864,131.6649,104.9524,398.7816,37.2391,15.7541,98.2536,9.0919,52.2125,130.1125,107.2629,358.8703,47.559,360.09,251.0399,13.1865,293.7043,259.4527,138.1355,155.7617,102.397,4.9643,0.403,194.9859,20.6976,25.9863,298.2638,153.6658,40.2411,25.4227,61.7116,166.0521,147.9309,336.1624,18.9743,93.9863,117.1651,114.7019,49.3998,61.0945,4.4004,218.0433,0.6585,233.4054,0.0
2.6583,80.9074,75.1923,85.3263,55.737,56.2397,31.0743,1.3033,20.1673,122.5421,33.9622,37.9271,43.5732,200.5564,88.4652,32.7177,4.6467,88.8482,260.2265,88.381,14.7103,74.7862,0.8691,46.2423,14.1007,92.6639,59.6946,25.3961,290.3486,589.866,86.3302,93.1324,13.0726,100.1123,280.9798,19.0399,38.4139,166.4155,130.6619,548.0299,461.2699,380.196,283.1431,98.6296,60.3143,13.4706,37.9964,217.9016,235.3241,46.9326,124.427,184.5134,82.8248,574.9204,177.5086,246.3095,56.1099,87.5686,186.0067,477.9425,11.3498,30.9828,137.9267,35.8257,105.5681,171.5597,78.4619,492.156,19.7545,288.3232,204.8971,8.3241,324.1998,175.8994,156.8428,359.0555,123.3316,11.558,24.6012,209.674,41.3815,77.4878,305.7329,103.8409,121.6771,59.3319,97.2116,150.0096,233.3648,401.0494,35.2918,112.8811,98.8542,116.4507,138.4163,62.1547,1.5674,111.7469,0.0737,177.279,2.0
0.6117,80.123,47.2206,49.8877,125.2462,56.9122,0.7724,0.0,24.9414,114.4138,51.5567,1.0117,212.5021,115.3173,79.9294,8.5508,0.3094,39.0852,39.4463,102.0602,30.8837,18.8475,0.0599,3.4603,7.2116,12.4642,71.5109,22.5947,223.1722,566.2173,14.2841,88.9522,10.9418,32.4718,238.7686,3.8038,12.1448,85.1243,68.4232,204.8891,201.1326,262.5886,233.5458,13.6439,98.9218,2.6906,41.537,124.3902,197.5736,36.6422,76.6932,126.1636,0.0451,446.9789,316.4245,0.0518,1.7809,22.0241,207.6476,225.6972,3.233,11.716,162.998,60.9229,31.9423,56.7992,162.5601,224.6617,19.2022,165.9111,66.9991,1.9613,213.8006,79.4314,92.6343,95.1757,70.276,9.6177,1.8154,226.7076,95.448,3.5118,141.7071,81.7208,197.8721,24.8943,12.5604,167.6422,232.4969,206.7031,35.9009,147.4394,204.6566,53.6262,98.2696,2.3766,0.0,69.7136,0.5092,149.991,5.0
1.2176,117.9473,10.2469,285.397,34.6902,59.2957,29.6616,2.6337,15.7069,136.7622,27.2606,1.0124,80.2762,239.8726,165.9221,83.7932,1.5699,20.5519,45.5092,141.99,4.8321,1.2949,0.463,67.4569,7.1017,113.6832,67.2502,44.5358,100.9561,633.7005,24.4491,43.7873,13.4872,75.1511,304.6622,66.0209,127.0234,150.9009,81.9371,165.8309,339.9152,356.0021,338.7681,12.3356,84.0798,10.5552,34.6535,256.9938,222.8471,12.9364,132.3972,180.2332,29.378,502.1766,344.3642,89.1813,5.7331,13.2888,190.7568,247.3967,5.5728,119.7897,194.3759,103.4415,73.5674,158.3331,132.5473,266.2313,120.3382,208.6805,34.6099,42.9038,250.4291,222.8689,83.6939,224.5233,93.9869,0.4892,0.9639,151.3086,43.4498,2.0056,233.2296,66.5122,233.6758,38.3572,79.2744,134.6912,361.1429,353.621,75.5143,119.0004,227.7664,254.8967,122.9529,283.3225,3.9887,103.041,1.4049,321.0456,5.0
25.8426,64.8587,23.7082,122.6327,34.1972,46.9942,17.7184,0.2182,7.2559,85.7126,48.246,2.2294,44.7087,151.6175,41.267,13.4958,0.2753,34.325,59.0041,93.7711,43.9543,13.7098,0.6392,3.9342,31.9246,25.1095,51.1371,40.0948,158.2599,609.5928,65.6024,87.8929,26.5506,51.5634,164.5303,34.3765,40.6916,150.7477,121.2939,365.636,223.9811,180.2929,344.0009,31.6134,33.8086,5.4077,20.1286,103.4265,301.2253,21.8698,94.5564,132.3098,14.4331,336.4882,175.2539,27.3805,1.3521,26.3011,151.5794,237.1183,36.0592,51.3831,137.1963,44.8065,78.9423,90.3253,104.979,222.0663,18.9061,167.4214,54.7902,4.5372,248.113,127.9106,164.9508,194.4492,64.6502,0.9435,29.3418,154.4671,37.9144,35.7928,158.5675,127.4349,150.3717,18.1669,46.6146,154.5921,281.7141,405.8649,25.2887,85.0936,130.0369,100.9459,153.4064,39.1068,1.9625,59.1187,3.5298,118.549,2.0
7.4092,78.1902,16.6091,44.0205,79.6429,59.0038,2.949,26.4126,3.056,53.2464,50.2737,57.7694,29.5157,121.2069,58.5581,4.3934,0.7788,39.4788,48.2817,86.7684,641.0658,5.0548,1.6219,8.011,6.3459,36.5718,56.8037,31.085,87.1109,519.6574,14.025,92.3653,28.0152,121.0881,207.5821,17.2815,24.4761,114.9397,128.188,420.4286,440.3445,359.0401,203.1398,33.4136,47.9191,8.9096,51.776,150.7902,152.5418,95.4363,83.2967,137.9435,40.3932,537.1531,175.6445,36.7061,21.3347,22.4551,127.2583,298.6831,4.325,8.9498,139.1954,12.6849,35.5787,90.3359,38.1784,336.0883,22.9492,170.537,48.65,4.7088,301.8642,127.4827,188.7067,126.012,53.9831,1.8113,18.213,172.8506,9.6441,24.6179,253.9706,125.661,233.0708,36.2401,21.905,183.7149,210.8693,419.9878,25.079,89.1633,133.8459,53.4833,204.1013,21.7181,73.3217,79.2082,2.02,125.6662,4.0
1.6222,116.5709,24.0608,47.9276,60.4822,47.3647,387.2629,0.1227,5.6336,99.9478,17.4174,0.6942,65.4251,193.4909,160.3789,41.98,0.9456,55.0547,54.7533,94.3038,3.7433,16.7475,0.8325,77.5856,4.6935,17.3301,196.6826,31.4618,112.8459,842.7177,64.8773,96.632,25.1137,39.7192,271.8248,28.6742,16.5918,108.1813,120.911,208.2729,277.0758,325.9415,297.4316,56.8966,34.8038,14.1407,19.4061,151.1996,331.1112,18.1311,159.4759,219.5122,15.6439,326.9225,447.4975,25.8672,129.0512,19.1663,223.1387,288.4514,2.5674,114.0259,104.9795,65.5706,98.0356,122.1716,385.2643,288.522,31.7699,186.24,40.9742,11.8935,206.3967,98.9215,94.4347,221.0395,99.9694,6.0753,11.3242,177.534,6.4606,55.8852,309.2149,71.1721,210.55,66.7386,12.3808,73.4664,296.4109,208.3814,30.771,153.5017,173.5678,53.8347,199.2026,486.354,3.0478,112.9108,1.8938,184.9211,5.0
41.9739,57.6607,118.0862,107.4578,45.8488,61.8252,10.2954,2.6305,34.3907,64.0963,40.5294,5.4216,34.7968,230.7155,79.8176,1.6974,2.5549,136.009,262.3165,89.1461,27.259,1.4738,6.7952,13.0557,17.6934,46.3463,68.4422,36.5389,225.0401,410.2816,96.5591,123.0568,10.3088,45.4322,275.14,160.7672,22.0313,81.8674,67.0074,313.6692,218.7767,369.4475,246.5048,37.6748,106.366,81.1845,31.7558,150.6227,219.3157,90.2005,98.2625,129.1739,65.3996,319.1105,183.8461,21.6257,13.9549,26.5789,145.0863,235.6973,3.3634,15.9085,119.4447,35.3877,188.437,139.0113,255.4581,215.5388,87.5122,281.666,451.438,69.4011,211.0328,364.7016,108.8218,153.6388,222.9862,1.3677,3.4822,85.6507,27.1338,26.4614,257.3801,132.2857,170.2196,28.2312,50.2995,105.8001,201.8923,317.1747,222.2518,79.6141,121.3215,33.2718,49.6527,275.4375,1.3632,195.6716,0.0595,134.011,0.0
8.2931,125.1716,24.7824,736.1238,26.0784,53.8581,91.1435,0.8624,5.1553,113.1538,37.943,8.1974,39.4079,210.8051,69.9774,8.8675,1.277,33.8935,57.7404,165.9934,11.5808,4.5169,2.2406,10.8112,15.9398,152.0463,97.7646,48.8143,118.9712,687.512,47.4573,68.7341,15.4848,104.8252,287.0368,27.9775,78.7361,263.4758,114.2819,518.8981,434.7277,351.2095,557.3647,40.6422,38.6013,53.4904,70.9938,185.0406,242.6531,13.3473,119.93,145.1096,38.3933,573.9625,238.4018,78.2307,14.4077,20.6326,184.2153,386.8019,24.4655,70.9176,151.4836,26.8503,87.2607,157.0354,106.6057,412.1221,30.1378,206.7864,47.399,4.6399,358.5072,340.3246,121.0773,249.0703,89.0718,2.457,3.3217,188.7468,21.6527,56.0762,300.791,140.3019,224.9933,15.3139,124.5694,208.2829,545.2154,558.5521,43.3478,133.7201,191.5168,166.0375,190.6893,10.2101,15.0397,102.2321,18.6936,235.9679,2.0
6.3717,84.2332,48.383,419.6574,93.4908,51.3981,63.5547,4.5381,27.6995,83.6962,61.4817,6.8369,51.2989,162.9562,99.1798,17.4312,0.9093,87.7166,116.3361,113.896,17.3065,48.216,4.9765,49.7695,21.6342,244.0084,72.1148,52.7128,185.4432,515.3649,47.7359,67.5793,9.8263,83.8772,170.1455,5.5268,88.4991,114.395,71.3678,293.8546,234.1799,326.6762,217.9473,21.4433,31.3847,47.5325,33.1256,100.9396,222.9729,28.6137,118.7423,202.1788,60.9579,278.1636,326.9757,81.4175,6.5916,42.3057,147.6655,248.736,15.6572,118.805,138.8686,109.7668,89.4179,173.6312,162.7365,268.1078,60.0698,197.7989,88.142,11.3192,188.6908,343.4969,93.3386,241.2649,86.0648,1.0588,0.9472,164.1492,22.038,25.9394,268.2558,34.6098,262.5085,42.0707,193.0896,40.3839,230.4943,235.4977,77.9784,132.7456,112.1841,118.6332,72.0026,384.6167,2.4824,121.3365,0.4019,186.6133,3.0
18.9466,50.2732,82.6198,230.2271,45.1904,53.6628,62.0854,49.4408,17.4638,70.5014,28.5797,14.3117,61.8676,120.3986,56.2266,55.6492,7.9917,107.7141,92.8578,107.1882,16.6336,5.3714,3.9762,29.737,16.9898,52.4051,55.5936,32.9524,158.647,608.1366,51.5398,84.8977,14.8134,56.5693,123.1112,39.9163,42.6813,115.3015,73.52,246.0719,193.9206,154.454,210.7943,36.0033,25.9695,18.5543,48.3702,85.8968,217.6057,34.2256,70.2164,112.5234,90.781,241.1636,163.0099,57.9867,12.776,64.146,82.6143,181.5663,8.1597,23.7185,146.8058,29.8182,116.0015,77.4799,166.9003,186.4705,64.177,182.8488,177.2616,135.1466,164.8837,253.688,84.9917,142.8546,75.4838,5.1592,1.4055,124.7947,63.6591,9.1766,203.4609,68.1678,147.2998,37.8091,117.0695,71.6918,213.1368,283.6597,26.1631,66.0302,137.6036,125.9964,85.9673,75.1715,5.1604,85.7362,2.0655,163.158,3.0
10.9052,65.5742,130.7388,221.6998,67.9264,52.0355,12.5891,27.039,82.8111,60.9913,67.0955,8.3147,47.0839,130.7367,53.0604,2.3995,43.9752,119.7681,202.3291,115.456,22.0747,6.6187,3.2854,27.6772,20.3752,73.9275,49.8384,46.2217,277.1255,470.7245,61.3037,110.247,27.5899,120.795,159.3393,66.7934,72.1721,82.3462,54.3471,241.0904,193.6388,208.4968,183.0033,45.3832,75.3683,87.5384,55.2332,125.2546,192.7034,45.2573,75.8289,114.3267,122.5628,232.95,137.5439,115.861,4.872,80.4676,72.6757,203.009,9.6068,27.1551,117.1902,31.7804,205.9788,132.2589,144.3238,190.4968,59.0746,218.1479,188.5035,42.8085,138.3299,490.4968,105.7119,137.3238,155.4665,3.2451,0.9587,117.459,20.3774,17.5222,213.7747,87.0548,178.4974,33.6724,134.9439,72.4427,192.3936,276.6004,71.3095,67.9746,104.5095,139.3311,51.0954,108.8736,5.2598,123.2992,0.3612,133.7364,0.0
1.0454,103.8755,56.665,70.016,300.7857,54.9816,10.9024,0.8142,16.2261,52.8818,31.1645,47.457,43.9135,163.4067,65.2697,14.7671,1.247,45.9904,185.5535,99.6031,42.2737,19.1598,0.1524,8.5929,14.1039,30.9611,73.9318,51.1182,193.7039,705.529,31.2409,112.6999,13.3823,111.3163,194.9131,7.9153,18.3385,69.7458,103.7281,435.6458,341.2877,354.5369,158.7429,32.2397,29.2783,10.9633,66.214,118.2741,206.0603,27.8533,118.7656,152.1158,31.8219,489.5366,162.8548,44.0129,3.6994,71.6329,133.5053,368.196,6.393,5.0321,202.7822,16.3027,38.5641,81.7952,52.1357,341.5129,21.3292,199.9199,115.3037,11.5567,258.6423,131.5123,243.5084,168.7535,72.1323,25.5947,2.598,182.839,82.6884,102.2017,207.9283,170.5052,250.0215,28.7857,20.4441,80.5337,180.3337,305.3723,28.3827,137.3822,99.9236,50.7918,255.956,18.2857,28.4295,133.2106,0.1341,161.6916,5.0
65.8305,73.8271,34.8614,107.1232,98.0034,41.212,3.855,1.4312,9.6362,69.2632,58.0723,5.5378,28.7942,153.764,62.9852,14.6858,0.829,58.0271,182.1732,190.7398,15.2843,19.7966,0.1801,17.3267,13.2774,17.894,64.5251,36.8074,584.2158,898.4403,69.6438,110.9885,12.1484,52.0732,263.6306,0.4724,25.1927,196.9375,104.5315,357.26,275.7276,238.359,364.6845,51.6786,61.9837,11.5407,65.5286,186.7325,522.9636,94.3339,103.0227,112.3808,18.5894,351.3231,208.8886,21.4228,80.4766,45.6199,144.6463,207.9892,14.2537,8.9416,127.2569,8.6503,115.3113,129.3796,73.1265,220.4289,61.1792,204.4269,133.5171,20.2757,194.4467,84.9732,129.35,213.4963,75.3462,2.5559,20.9712,146.3128,19.4033,40.2098,307.8009,116.3966,197.633,26.5161,18.5119,125.4165,281.8287,298.5183,28.4653,84.9244,198.0206,49.1388,199.998,91.6485,22.1609,97.9042,0.0594,195.879,3.0
3.8893,153.3937,735.0365,85.2336,164.1781,52.9257,52.7519,0.4908,91.8944,56.0474,16.8402,2.389,40.3423,210.7929,248.7166,0.8131,4.8731,148.5953,1326.7036,198.417,22.1518,3.2768,224.7259,6.8982,39.6352,60.2466,49.1478,105.9611,385.7917,538.4598,99.0153,41.9408,6.9415,45.4095,766.3487,45.734,26.0172,63.0527,131.4583,595.3123,900.6011,1447.2467,320.912,70.2913,53.6886,131.3767,24.4904,323.0425,211.2249,118.8785,333.5773,283.3218,12.005,1577.3982,457.7029,72.4645,1.8041,193.5534,300.7619,1011.3148,18.2693,75.4491,78.4287,12.463,81.8581,585.9569,129.9999,543.9554,21.8299,257.3157,426.2724,2.1311,520.9273,226.0862,267.5967,418.5551,112.4896,0.2823,52.9948,99.0681,11.8945,152.8425,734.4219,292.344,82.924,29.9371,42.7747,282.4501,155.22,584.6109,26.53,352.7946,145.0305,86.3169,68.2538,262.5971,5.5135,1285.8707,0.0567,243.7503,1.0
23.5627,69.527,38.046,133.6657,62.8683,52.7564,8.4338,0.392,1.9098,75.0572,43.7115,0.9969,41.7051,111.6415,52.0243,20.3843,0.3982,84.7712,200.3185,78.7228,15.0863,135.944,0.6752,6.3551,13.4281,56.9146,46.2965,49.4244,118.8586,367.0636,48.967,92.6768,13.6521,87.1146,206.5771,4.5335,47.4132,97.0878,93.5231,317.8434,426.4068,245.7287,159.203,96.2475,30.6113,17.1716,47.1802,131.702,149.1425,34.3195,77.0633,102.066,15.4725,543.2739,98.776,43.6035,3.5054,114.707,169.4345,379.6389,14.6991,1.6168,153.1473,14.7284,84.1261,54.6292,64.4011,382.4293,54.0415,184.717,159.4162,5.8918,320.3849,177.9125,192.6866,117.8201,72.5956,0.8419,1.0293,168.5563,63.4711,34.7508,190.4968,161.0373,208.8574,19.6142,139.384,241.2666,169.1831,418.2453,29.3411,93.3523,130.3849,101.3306,99.3051,3.9946,2.6057,69.3363,0.0129,129.6427,5.0
26.7358,56.6266,42.5927,137.4702,50.2275,42.4645,39.3409,2.3911,27.6144,64.9209,37.3759,14.9964,23.6157,166.0793,79.6123,8.8286,0.8325,59.8556,247.7022,109.3312,7.5626,13.7463,3.4646,12.2352,14.9191,103.9165,56.2496,46.9654,239.5356,538.2523,62.6611,91.8038,19.647,50.5743,184.1388,81.4423,31.8359,125.6699,91.4069,343.0699,281.5411,290.4429,291.6485,135.1899,72.5326,62.1549,50.9651,112.0607,259.3852,22.5388,85.7287,169.8544,67.8433,325.3327,169.641,99.5426,14.7473,32.6474,143.9661,313.1163,24.2158,38.1369,140.1138,48.0226,142.0912,128.0953,123.9777,299.6902,66.4249,194.0896,93.94,28.2016,200.4875,168.1205,137.4744,214.0066,118.7079,3.389,1.7312,126.9729,31.3087,53.3708,252.0099,91.8745,120.2458,18.8579,65.3217,93.964,235.0807,301.7981,49.7169,83.7055,98.7098,148.6317,147.0254,74.3465,4.788,109.4819,1.1824,159.0024,2.0
20.4921,44.3158,91.1403,162.0472,56.4853,73.1967,8.9519,146.8422,35.4891,68.19,58.7311,23.9881,48.3265,131.1461,39.0005,3.2066,14.2588,133.4974,122.2437,92.5377,24.2159,4.1991,6.3824,15.1158,20.1159,27.334,41.8943,31.4638,236.5403,459.0015,74.0572,124.95,25.7783,79.2419,149.3162,10.3499,35.0782,81.3262,56.0117,281.4568,176.0086,152.4984,184.017,45.874,39.7734,53.4577,47.1124,96.7052,291.471,50.8723,73.2413,96.261,143.47,233.6711,107.0692,53.2601,19.7652,51.0144,86.4457,162.5496,15.7524,10.6457,114.9846,44.5023,139.5706,76.2911,106.3428,165.0858,54.8387,249.0519,222.7468,82.8284,150.3402,404.7505,96.1802,97.4122,128.446,16.5936,90.132,118.5322,17.5273,9.6441,191.9057,97.2597,147.4891,36.6488,107.1474,97.2695,181.9662,219.9379,39.5494,45.2116,121.0233,107.9513,44.3489,34.6754,0.8161,110.3731,0.9932,157.8834,0.0
3.9469,74.3779,15.5467,135.6633,32.4375,62.3459,1.1256,0.0107,129.7299,99.7052,154.2793,14.8719,62.7555,96.8829,22.3399,1.0664,1.7866,50.1365,82.6066,48.3481,14.1992,0.6948,0.1002,12.7463,9.5981,34.149,75.6289,49.4931,117.2156,498.7215,71.899,91.7469,14.799,26.8601,343.9543,2.6632,12.7397,59.2927,77.7353,328.2031,315.6681,458.3477,164.8534,7.2829,72.1239,57.0386,18.6154,191.8567,224.7758,19.5345,116.6818,164.6814,7.78,399.2093,162.4108,5.6109,0.2312,24.3617,243.1719,573.3712,2.2511,0.1141,129.4275,68.5265,44.6067,62.1426,132.3211,313.0349,78.4886,213.9165,54.6615,6.2136,285.4664,42.9803,87.5661,240.3761,83.4821,2.6625,0.3075,118.3493,103.6243,15.4167,217.7863,103.8667,209.9733,44.2472,11.5963,155.5558,101.048,330.5114,34.3715,97.9715,174.4484,34.7363,151.9344,57.9582,0.9768,88.8047,0.0176,104.5326,4.0
4.3758,92.271,154.3573,197.7907,242.1483,51.1717,31.411,2.8514,107.6043,83.8472,46.0914,3.8927,47.7343,165.1179,68.6965,30.2628,1.5913,146.3447,287.3665,61.4572,28.8579,115.158,0.7341,58.0628,22.9272,105.1921,78.0578,31.2625,137.5433,486.4036,117.2779,97.4012,8.7492,47.3374,281.6814,1.0877,67.2307,81.8364,88.9697,519.3362,411.7133,436.9915,159.3894,53.8915,58.9266,13.4804,39.8088,204.2293,179.8924,107.6803,120.1065,240.5296,26.1773,483.2098,165.9734,43.7245,1.3542,233.1027,270.4254,643.7916,37.6194,12.2146,142.6542,65.8333,57.7893,101.4981,116.268,462.5694,52.3044,263.8445,444.853,8.4189,287.8681,350.8098,111.1307,226.0519,90.3429,11.8933,3.2723,243.2845,76.061,24.5536,280.7706,51.4292,107.0174,60.4123,167.2725,90.8197,174.8787,270.3066,43.8318,112.3885,82.6098,137.6661,98.7585,31.048,1.2994,126.4348,25.4466,230.2245,5.0
47.1058,63.2545,70.028,92.5736,59.389,60.9292,159.9965,0.027,70.4691,125.5044,36.9872,1.6052,40.3636,197.0159,45.8976,0.8162,0.2152,101.5787,95.7982,160.1684,14.7855,2.1158,4.5129,6.8984,27.3505,23.0275,48.264,52.5266,123.5128,575.0798,143.4925,126.3778,30.3081,39.8806,255.5645,1.5415,20.4246,284.7528,82.5102,323.4137,195.1495,202.8319,672.6671,32.1557,77.2671,92.861,26.8248,134.445,248.1457,40.2838,85.6785,144.6062,0.0608,302.6002,185.2142,2.6794,8.1342,44.4132,178.2456,218.5406,14.9533,171.7512,177.0998,25.4914,189.6779,127.7946,140.0684,240.0861,69.2758,278.0009,176.2129,3.7971,228.7351,149.8053,100.6765,215.5069,92.4836,0.3475,0.177,163.8947,34.3995,13.0137,246.4316,103.3709,163.4398,23.1429,145.2107,139.1716,592.7808,269.5668,43.9095,93.1075,162.2554,50.0678,204.272,199.1879,2.4337,121.388,3.7208,142.7414,1.0
5.6046,64.0899,534.1037,263.7815,32.7828,106.1096,52.6908,3.9986,6.7055,33.2073,16.8701,11.907,57.7571,148.6324,44.3636,8.5367,15.2378,166.6854,171.069,55.2212,48.4521,2.8973,379.6834,3.9826,34.7048,94.1296,8.732,19.2632,208.6414,323.4202,237.0549,122.0178,6.433,32.4957,256.097,8.166,62.5463,39.7003,65.6804,438.8695,300.5297,188.8603,105.5186,80.9051,7.9182,21.7707,21.203,159.9422,207.7671,83.1807,117.622,127.5545,27.6957,343.4734,124.2625,17.2272,9.4919,72.6475,132.0987,177.6021,16.8014,1.5421,145.8445,13.8385,40.0696,134.4402,31.6679,162.0961,8.4653,368.7825,827.1295,7.4001,203.7276,817.0905,151.5179,132.0697,105.8443,1.9396,2.6121,182.0759,22.1283,27.809,347.8045,168.2975,20.6247,31.9205,363.5103,154.155,114.2345,256.1188,34.46,112.6952,147.0487,28.0191,11.774,27.1537,0.5313,543.6339,0.2301,193.8313,0.0
24.0477,85.8193,52.1546,93.4619,78.6172,56.2407,22.798,14.8132,54.1561,74.3817,50.7236,11.8856,43.4625,154.3026,61.319,15.4565,3.3286,110.5131,144.6141,124.1548,90.1582,12.7133,4.1904,14.6806,25.6122,20.4574,61.5161,43.8922,156.8852,486.2492,51.7507,83.8019,12.7562,66.5695,219.0361,80.7384,15.9152,106.7895,64.0487,325.7808,232.6824,379.2473,206.825,22.9878,52.6779,120.7147,35.0812,130.3364,187.8113,42.6341,81.8213,181.2225,110.6423,495.3397,152.5418,44.1884,10.0094,50.0055,152.2088,330.3899,28.9678,40.7838,116.1941,36.336,77.12,219.0707,157.134,275.6306,85.2971,179.0981,124.9711,22.8337,228.9142,216.2209,107.8759,210.6971,95.8496,2.6244,2.0534,133.3467,17.0991,28.6938,199.0879,129.7326,218.5747,62.1765,22.6474,163.6088,159.6995,281.7507,65.2188,91.7633,122.7995,53.284,116.6362,76.5692,16.4325,118.3499,2.1291,145.8888,2.0
3.1896,116.5268,56.8696,66.8075,957.6387,56.943,4.5506,5.4545,73.5774,140.3943,27.0709,8.8097,41.1206,321.6069,146.462,4.5347,4.463,45.3955,73.3431,227.5112,19.9111,3.9503,3.6688,17.9257,12.656,22.4139,78.4267,58.1653,117.0147,651.8981,32.8385,111.9709,5.9125,64.8291,552.6355,104.0054,9.7472,283.0384,89.2593,253.7095,385.7602,634.0099,668.4419,23.4509,17.0891,10.0741,27.605,262.3868,330.3202,24.3682,107.365,198.6572,25.6296,532.1713,271.8976,35.3668,6.2708,49.8083,319.3457,460.0409,4.2922,160.6699,143.5443,69.3006,49.5394,127.9908,203.0301,311.3296,124.7472,274.0886,61.9519,11.0305,301.7771,81.6384,148.7724,247.417,130.5563,1.5384,2.2334,120.1709,91.2254,11.893,345.3924,132.951,302.253,42.1896,16.3033,158.4486,577.6277,409.6872,253.0794,185.5314,332.9545,63.9422,94.1916,9.8581,0.5144,140.5873,4.1055,183.9505,3.0
96.2399,154.5637,63.7234,141.8578,93.7776,51.1943,58.1024,2.393,2.1332,106.3663,59.8775,3.4365,49.1059,156.5668,108.4875,2.0903,2.8189,80.4805,115.1649,89.3796,20.2339,20.9298,0.3141,23.5698,20.7826,57.2203,94.3784,43.0671,115.8928,591.6813,64.7443,84.9465,14.8232,68.3675,349.4248,48.8634,19.7641,137.6918,118.2283,451.001,384.0601,436.7588,343.2919,29.6516,26.3404,19.1751,29.7634,216.3703,212.145,37.6397,124.391,194.2807,21.0486,510.679,227.0925,12.9128,0.8456,73.8821,297.746,433.4169,118.2382,74.3927,141.6127,116.2223,96.6962,148.8142,116.854,345.0465,65.1483,224.9817,142.4696,15.9314,286.6758,184.4163,151.8258,311.8345,108.0118,0.8684,1.4492,195.7843,16.3406,57.0283,242.2942,91.0643,195.4867,49.2597,39.0222,156.9194,380.2963,308.6021,93.1196,169.9921,187.5931,58.8525,123.257,1093.5548,0.7769,114.8216,2.3411,173.8225,2.0
9.5968,194.1721,50.372,24.6438,342.9183,39.6103,37.1004,5.1581,6.2976,98.1016,10.709,5.0365,28.7856,292.4355,161.9797,4.9558,3.9528,43.8724,261.4081,233.1727,12.2669,75.9367,1.7438,38.563,10.0435,24.5917,133.3331,106.6452,164.6045,834.2161,21.1223,76.9313,13.5159,72.2036,544.9622,16.3171,16.4942,201.3483,179.9632,540.7589,664.7175,799.5298,519.6399,173.6356,142.2982,67.6208,64.2946,330.4618,279.1503,57.4012,133.4176,285.5674,17.1619,970.3275,389.7333,51.8184,112.0375,84.5882,380.108,634.6777,3.5627,8.5993,155.8965,12.2015,87.2798,278.8377,227.4686,513.334,45.9636,268.1265,81.5479,1.1271,419.0849,79.8309,235.1119,237.6434,126.1072,0.6158,6.0568,169.9601,22.6716,211.0036,622.6541,286.5561,276.6363,30.3488,20.0113,296.9181,330.5068,541.6105,42.0401,238.7199,269.7932,86.2591,356.4985,107.1098,20.5867,228.8545,14.1082,172.8905,3.0
4.6975,106.6362,87.2313,82.963,96.1528,42.3127,25.4518,50.1447,56.7052,65.0021,30.8551,36.8609,28.8563,236.025,106.9313,12.056,12.4604,79.7535,430.9758,156.3567,36.2307,10.7856,2.6532,30.1031,30.7456,110.6957,63.042,64.9532,404.671,581.6753,62.1642,69.174,18.626,131.6088,347.9849,55.3205,53.0645,84.644,101.1894,559.9008,542.3207,601.0292,219.6415,91.1814,81.3507,77.6685,55.4012,211.7727,190.3094,72.6211,163.9824,228.7926,265.8441,878.5737,197.14,333.0687,8.2551,78.2574,218.485,574.7745,12.6606,34.6087,102.8645,61.5257,100.893,214.2329,108.3708,535.2224,41.4738,256.2832,149.2435,12.2972,410.4529,300.3706,171.5779,208.5165,147.6235,8.0101,9.1258,162.5798,24.2793,32.1881,454.2509,294.3701,120.3153,69.6565,69.3637,266.7027,206.9315,504.3313,36.5537,156.1942,178.9334,94.7401,88.8168,58.075,13.1162,251.7338,0.7941,204.4823,5.0
5.419,92.0645,133.4591,461.7777,165.3631,54.1944,45.9541,0.2875,3.9039,133.1866,56.6324,1.9152,66.7775,209.6258,123.7568,15.1534,0.9764,41.23,82.4332,210.7966,8.8159,6.6318,0.1718,40.9474,4.867,128.8579,83.9122,52.9268,86.2584,623.2657,42.8845,110.5927,15.8027,73.4693,210.0313,85.1759,73.8559,270.7969,85.8813,321.7713,216.6797,284.0419,369.3972,15.1789,118.2744,6.4991,63.6406,202.7329,237.884,24.1652,106.4381,167.0775,7.6532,299.8965,279.7345,22.4,53.5967,21.3009,184.0583,277.0773,17.174,40.5374,180.7341,22.1841,79.1764,157.6004,269.2328,265.3172,110.3575,201.9569,55.9408,125.9221,191.8838,469.081,103.2375,232.5072,84.6352,0.7192,1.9828,96.5267,23.7771,39.6091,229.3873,81.3511,195.0912,57.0475,134.0167,94.3994,387.942,395.6279,59.0537,90.0256,189.1065,174.5813,283.7717,4.2687,1.0365,105.281,0.8965,222.7645,3.0
28.9979,60.3788,36.272,370.3453,20.7028,44.0184,4.7831,0.0256,2.6666,130.8708,53.971,0.826,42.1039,219.1019,88.0564,2.9798,0.2786,41.7448,58.4988,128.2545,7.607,3.7941,1.3297,35.5582,5.6119,214.8854,63.3362,51.7361,61.3493,504.8615,82.7034,124.1825,15.2264,65.6477,175.9528,52.8767,50.5566,167.6487,88.787,336.9391,250.9107,208.0319,400.4168,13.7222,47.7511,4.6252,14.0133,123.1496,193.4455,27.8415,93.9442,170.0828,3.0263,340.5434,224.3246,6.2777,1.4973,16.0716,168.4815,249.0885,94.0263,152.8029,193.2618,168.7255,116.7314,163.8017,85.0584,340.3427,97.7594,202.3775,78.1419,6.908,222.242,417.6679,111.08,264.4104,74.6737,0.3761,0.8139,70.1392,11.7015,55.2639,208.1591,116.0516,257.5547,19.1194,96.2052,129.2632,319.7547,218.4839,76.7484,85.2968,127.0793,176.1542,117.9242,65.3116,1.5325,85.6505,0.3793,183.2219,3.0
7.3529,189.0168,74.5571,91.4253,81.6902,33.2367,64.6411,2.0544,66.2367,91.7973,36.6109,14.5513,23.695,257.3802,214.7243,14.329,3.361,51.3015,260.2935,158.9637,11.7672,11.6569,6.1235,21.4021,15.156,25.7954,128.7573,101.4724,205.8495,692.921,55.9628,53.9508,12.7134,58.3077,576.3946,139.878,16.7992,136.4904,179.0368,714.7549,786.7143,882.8456,497.5328,27.6936,115.2192,85.2388,47.399,266.1695,254.9374,36.2317,209.2407,253.5332,71.0579,1339.1197,419.5623,84.9198,10.9395,33.949,359.0648,945.1752,25.4406,30.9906,120.5824,14.1816,139.3169,501.6696,191.1885,649.9122,70.7282,230.6298,72.99,13.2903,567.1895,124.9659,198.7111,452.647,141.3605,2.1492,13.8496,182.5335,9.2744,85.0192,429.8418,325.4047,158.1325,33.4385,23.8871,393.1144,250.6756,621.7614,52.4614,276.2037,206.8564,97.2022,202.0494,151.0269,23.5602,278.7125,0.9021,153.2724,2.0
7.1562,68.8744,25.2806,107.7103,21.2305,60.4606,7.886,0.0533,6.5967,67.6497,56.1016,3.4077,35.4394,143.7592,38.7765,5.0204,0.6664,37.9128,45.5163,85.7666,9.5544,7.6823,0.2108,2.4391,6.4398,25.7382,58.0884,33.0567,62.6881,648.3564,33.6289,100.4788,40.958,37.8519,174.1688,6.1287,33.638,191.9864,104.3572,399.1304,236.3297,183.9534,292.6884,54.8845,37.6505,4.1353,46.2421,108.3133,241.794,17.8447,78.6997,102.9206,16.7014,326.711,157.7828,26.2027,10.3157,22.2578,139.3875,233.2372,7.7004,3.2466,168.6231,17.3917,86.6976,57.981,48.3916,317.5137,12.0689,224.3271,102.1566,4.3761,249.8004,106.0386,117.1212,121.4379,72.2849,1.353,3.1848,147.8756,7.9145,48.7233,151.6296,128.1726,174.3454,22.2551,65.1515,174.5338,271.7575,282.5957,37.2672,67.9655,121.6207,83.1704,210.2869,12.9458,5.8888,71.4322,5.9131,122.5679,2.0
16.5161,81.2071,320.0468,138.0548,97.5625,52.222,20.0974,9.2401,18.2574,39.6926,28.0388,8.5426,51.6629,143.1339,46.5086,3.9797,11.1611,171.4192,382.5972,81.5415,39.5089,13.3616,45.1943,12.9889,38.4754,99.6339,38.0277,26.3639,261.2233,424.9328,120.8827,87.5945,7.2858,62.3885,234.7275,1.8429,35.3472,53.4533,63.0194,369.164,404.0294,350.0511,133.6741,108.58,27.926,38.9995,34.6552,159.038,156.8044,113.4996,116.8482,156.4965,111.6275,445.0705,151.3521,147.9787,0.5284,219.7689,157.0574,328.6159,14.0596,18.0721,103.4487,25.1448,47.532,161.8782,57.1183,264.849,39.713,313.386,661.7223,3.1923,241.9278,402.7793,122.4614,201.2347,88.7532,1.9321,3.8364,195.3537,42.6729,22.7654,348.5387,125.594,68.3881,78.8819,60.7239,156.6307,126.5968,309.4089,32.8888,111.7479,162.2938,46.0759,42.077,19.6836,0.3931,246.4123,0.7285,170.7059,4.0
2.4685,116.14,27.849,74.5319,45.5965,54.9635,3.9199,0.2025,2.4658,81.3395,41.5999,8.6217,23.6986,190.6461,51.3028,29.043,0.6997,37.7083,69.7125,82.0442,8.0525,15.6478,0.1264,5.0387,6.7445,10.7097,64.8518,52.2296,103.399,943.8164,22.4759,75.402,16.657,65.5461,286.2869,17.4882,11.4763,108.5885,180.944,632.6784,486.3956,410.3638,268.8247,76.1367,24.1626,4.5673,46.3557,163.4182,308.1281,14.7476,75.8053,148.1232,28.2852,792.1059,247.3973,38.0349,5.4787,31.4746,321.6718,500.8119,22.5322,3.332,153.861,38.936,30.3981,51.9774,84.1837,576.3012,49.6417,201.6067,78.3132,1.3069,482.8647,83.7385,228.0981,204.8105,77.9041,3.6195,4.5506,266.905,52.3337,118.541,180.9808,198.1878,134.5973,20.2111,14.1386,299.7274,200.3037,561.4401,26.2023,137.7997,218.8779,83.448,163.0078,10.0949,4.3839,92.7434,79.9488,144.5247,5.0
3.7335,95.3126,76.633,112.9098,127.2923,43.7228,8.7416,1.2422,51.9186,79.6051,28.1138,10.6471,20.1152,120.172,75.2459,27.8455,4.7623,70.8978,476.5485,59.5913,28.451,53.2374,1.1099,17.4313,39.0325,233.6801,97.4834,49.6461,193.3991,368.4794,78.5593,43.1727,8.1947,103.1742,449.7806,8.6552,53.731,72.2655,76.27,508.8866,658.5045,618.3816,156.3349,106.4009,40.1788,93.7624,58.5797,249.804,129.1041,67.3761,143.1541,193.5824,71.5347,749.1303,169.9863,196.5004,1.7176,69.7162,375.047,718.9018,41.2025,2.8896,140.7306,71.247,35.5881,118.6281,129.5715,390.2962,177.6516,233.2616,114.8333,6.9613,430.9729,288.2917,107.065,207.0105,103.7494,1.7393,12.6835,255.27,60.0468,34.952,385.7505,123.0675,113.3598,46.8894,41.8984,193.4263,112.8414,430.4612,27.9273,134.1936,105.1224,210.8384,47.838,40.651,0.6899,195.2921,0.3022,136.5779,5.0
29.2224,52.0799,73.0161,88.0732,27.264,52.3036,37.329,0.7071,45.1275,78.7535,70.1663,6.3419,37.0365,155.2655,40.9477,9.2452,2.8077,61.4876,87.0258,103.9367,9.4676,8.3856,7.9246,4.8105,14.9852,13.6698,47.5651,56.7065,144.6018,503.4573,98.3742,94.0937,29.956,45.4747,194.4442,13.0311,22.8306,98.391,91.9169,523.7731,287.1191,229.2353,244.178,45.6879,54.1962,36.0805,37.4858,115.5592,195.3051,24.7423,76.7472,125.3626,49.5201,391.6162,148.2395,30.2592,2.91,21.9215,142.0106,321.4994,86.4285,32.2263,165.8523,27.5466,121.4058,115.8189,102.2962,385.7054,29.3364,239.7072,121.8726,20.9219,330.4892,144.0404,112.0901,151.4221,99.7488,3.3159,2.5874,147.2647,25.6848,56.3647,178.5563,149.3578,177.136,15.124,31.7634,203.6063,189.2115,372.0717,42.2735,76.0896,123.8249,68.6922,130.7645,46.276,18.7898,131.5277,3.1941,123.9767,2.0
2.3084,71.5472,9.045,146.9302,49.8928,28.1689,0.8001,0.0,3.7973,70.6575,28.0289,0.3689,43.748,187.1072,58.2718,5.0175,0.0514,8.5693,16.8999,172.0732,1.6002,43.6045,0.1726,5.8603,5.7963,9.227,42.2105,21.8261,51.6142,773.6873,20.5414,46.9922,8.0355,55.8246,258.4331,1.2688,26.662,85.6407,149.3996,246.7913,494.0372,232.1122,179.652,4.278,22.9513,1.4581,13.2541,213.5932,433.2414,13.9682,158.5766,81.6551,0.035,1524.9879,186.7864,0.4689,0.0664,5.8842,409.7855,618.2046,1.8949,1.8725,65.2596,22.8712,44.4399,36.4569,65.1325,454.5436,82.3433,163.0913,6.0836,1.5966,345.2759,88.7893,378.1662,198.0182,67.0687,0.6814,0.2909,275.2737,24.3262,30.9151,181.9725,195.3917,84.5596,28.5237,10.4067,304.156,549.283,716.5811,30.383,124.9549,197.263,57.0242,142.0401,1.3942,0.0,121.9014,0.0117,100.2908,5.0
16.0203,82.3033,182.1829,155.8707,71.8651,58.7882,10.8889,18.1751,56.0805,93.1864,48.5988,23.68,64.9076,160.6948,84.5252,10.6676,165.2348,237.3968,364.7517,115.9826,30.8834,13.579,3.6223,21.2415,54.8079,75.9863,46.2199,47.1858,308.2384,608.6952,102.3809,98.001,12.1233,65.2104,197.8546,4.9833,51.4595,89.3652,98.6452,393.5123,314.9964,359.7625,167.8318,68.1418,33.2321,69.8667,39.9911,172.3608,277.7651,84.4408,123.6119,211.3605,380.6863,352.9586,280.9746,203.5162,6.714,133.8247,157.3739,427.5055,21.1852,83.6301,131.7296,22.0275,179.6851,147.4662,56.7406,380.8601,72.8788,276.5665,289.9828,12.9809,268.1582,291.2372,153.2025,282.716,81.6089,1.5687,8.1336,214.5295,28.2169,36.1717,289.9932,71.4451,88.0296,107.2743,66.0691,78.0419,271.6445,265.1648,23.4364,94.9967,114.4509,144.7625,97.9875,187.8921,2.4934,139.7614,0.3003,213.8334,1.0
31.3632,79.4788,104.9525,333.5447,32.376,50.0498,113.0204,0.3207,10.1138,74.067,61.4004,0.5234,39.0066,180.2727,121.2299,1.4172,0.8078,119.8737,150.6461,125.7569,17.4693,16.1075,15.0419,12.0151,16.0835,96.2555,91.7098,49.2625,139.2068,527.2948,97.0906,95.3893,36.5899,46.5248,285.9221,76.7364,38.7147,118.5052,92.6315,414.6627,361.8953,359.7272,230.1394,46.7803,39.5404,48.7325,22.5146,158.3266,213.6632,41.4488,115.5204,156.7934,21.478,423.034,203.663,23.4711,3.4247,73.1725,131.0764,323.5674,103.0293,118.861,125.206,87.5625,144.5804,127.6804,221.1121,346.8591,80.5851,232.4083,282.7498,7.436,310.1777,324.3347,133.8247,222.4278,99.4906,0.1108,7.8575,126.5938,21.2074,70.0893,236.2862,188.2592,159.1063,43.5069,139.9429,206.1052,195.9508,394.6077,51.4457,103.5179,175.576,79.2625,105.7358,136.8934,6.0662,160.9966,0.264,206.6594,5.0
9.4345,53.2041,94.9898,43.5682,42.6278,56.5606,15.7708,0.0303,4.3707,88.0191,34.965,5.6767,33.4411,158.8592,62.7571,24.4436,0.6037,80.2266,236.1372,196.1204,20.0888,9.7518,2.6483,7.2337,21.2212,18.8412,62.7221,30.6531,143.9457,490.9464,116.7879,101.9952,31.9552,42.8698,145.9848,8.3524,10.576,214.5111,84.9919,336.7682,205.547,125.8889,334.7002,66.3671,35.9942,6.0571,74.6549,135.8178,164.1383,55.1592,87.7994,204.4483,4.628,215.2806,199.0526,3.4938,35.9195,51.6488,144.7859,231.4025,24.8052,19.3653,195.8639,15.1782,73.2922,225.4604,52.8822,322.0927,65.1985,261.7146,165.8911,3.2214,169.9747,189.4555,114.9519,236.7259,72.4483,3.01,1.0553,115.3507,21.6669,23.614,236.0318,55.1254,164.2352,30.1981,17.8532,77.92,288.5417,117.3619,24.2554,73.7373,97.8912,39.5409,237.4765,42.2504,22.8868,95.9212,15.6834,133.1174,2.0
1.7923,106.3088,131.8764,68.8604,47.5871,50.2745,10.5668,0.1434,1.4779,89.364,34.6662,0.9668,36.1789,171.9861,66.5057,15.1934,0.9154,114.0913,290.29,162.5219,23.5719,222.2475,3.1567,7.7723,15.2538,48.9875,101.1625,39.9419,168.9038,608.0393,91.7669,94.5153,13.7161,74.7399,256.9917,20.5238,24.8886,219.0278,118.4093,463.8221,477.0822,304.7016,323.0665,96.8883,35.915,21.0667,36.4519,215.2955,180.4909,67.9506,109.1634,188.2645,7.7774,663.9034,283.964,12.7253,10.096,133.238,193.8159,519.8353,21.617,31.825,163.6355,18.7083,97.3961,206.9291,90.8056,452.6797,124.4286,223.4243,255.446,7.5537,340.7354,165.438,135.0801,304.0954,90.4395,1.141,0.6353,223.4744,42.9357,33.3947,225.4389,113.7982,225.9825,33.3991,30.6262,178.7412,231.5907,264.1732,23.7724,139.9841,115.4019,65.4097,160.2482,14.4041,3.2049,143.8548,0.9255,146.7185,2.0
17.5393,32.6694,51.5606,116.0846,28.5518,64.1378,18.2796,0.5025,15.1067,84.3823,52.5883,4.5798,33.4419,132.1892,28.4726,7.6908,1.1061,75.22,102.2711,74.1327,65.0739,6.9456,1.3425,2.8069,11.1789,25.8491,44.2728,33.8135,124.013,575.7739,99.2785,123.8521,27.4751,52.5693,143.6563,9.1912,19.6464,117.3903,75.4207,333.7066,170.8464,188.5867,345.867,51.4466,32.7602,19.7904,50.9555,94.9872,328.8342,28.4472,68.0084,90.2889,43.478,223.3975,92.4411,34.565,6.8418,64.131,161.565,178.9408,114.8997,4.5331,166.5079,54.8612,76.583,43.2789,101.3561,205.2992,47.2668,247.0818,164.1962,19.5069,193.9718,147.3093,98.8394,97.6812,75.5413,2.5658,1.668,113.5258,26.9512,21.7749,226.6049,117.7542,99.1529,20.7266,53.4805,145.839,247.4458,297.6228,41.2571,50.8939,135.7196,68.6849,104.0015,13.962,4.5168,97.5094,2.3245,106.3846,4.0
5.1507,82.9834,27.8089,691.1449,67.3625,51.1143,204.8257,1.3274,22.363,78.1428,26.6935,2.3216,40.8757,162.1116,92.5348,38.5031,0.5918,28.1897,143.0996,173.4138,9.3176,3.1172,0.2777,38.2959,19.2723,356.5583,100.2542,63.8879,181.1225,756.5863,83.9694,68.8211,24.3797,155.9484,247.6235,22.9608,236.7511,181.5768,83.3988,236.4227,336.9418,339.0325,273.7127,66.7183,149.3552,45.375,38.063,175.1532,425.7094,28.9009,118.6895,160.2144,38.5254,320.4172,311.6589,126.0047,9.4607,17.4951,211.3966,219.6287,11.64,125.0558,141.5103,57.9512,110.8929,168.0924,259.8481,217.8829,64.3337,206.2914,48.9873,17.0942,200.3162,745.1696,87.3466,230.3509,85.9814,0.6371,35.7492,119.6428,36.821,27.3212,423.194,97.2506,140.3729,27.5409,297.8432,111.0589,268.0233,275.0894,75.9207,140.0367,273.7907,429.6345,119.3957,65.9753,6.1978,102.847,1.8683,407.0949,2.0
12.2793,81.3412,71.4881,122.2694,73.7338,49.0279,8.3456,9.1517,64.6437,84.8787,46.5024,3.2839,46.3913,168.4573,62.2198,21.3378,4.1084,79.5505,120.827,73.8813,113.6054,32.3788,0.7282,13.6192,29.1926,38.2489,54.0229,41.0946,204.0246,602.006,54.0014,71.1046,9.9661,48.0297,248.1463,37.7418,19.6789,162.9908,83.4729,337.3848,422.4151,410.9551,268.6616,43.8054,74.775,24.6274,32.6169,143.7359,269.1585,30.6132,107.9333,124.0714,46.5063,660.4255,213.0938,52.3323,1.466,93.4215,190.1427,333.3659,11.2025,58.3947,118.4772,32.0041,55.1532,94.3478,107.4352,368.7196,162.8688,193.8202,148.3894,25.3449,316.8906,111.8672,122.7276,222.5386,76.2836,0.6336,1.455,142.0172,44.3972,30.2185,182.3719,149.3266,172.1527,64.3966,31.215,196.361,229.3815,382.4699,50.0086,105.386,165.1083,93.2594,86.998,100.0343,4.3052,120.3312,0.7723,148.5714,2.0
0.4968,69.0963,2206.4074,87.4902,19.9117,55.8127,6.0075,0.3281,6.1912,80.0166,37.9746,0.0294,17.5794,518.2389,32.3745,0.1086,1.135,151.3777,217.8556,141.5797,213.0309,11.5145,0.0714,2.4405,7.2875,20.4311,31.0133,16.4289,201.0348,483.8797,133.3377,123.5268,1.0058,89.324,303.0863,3.9131,19.5971,85.529,73.6508,286.5342,247.3882,340.7607,392.3865,8.4802,14.4557,9.3912,15.3492,213.2954,199.0525,23.9564,106.2258,153.1708,73.9883,336.0012,576.305,64.2855,0.011,25.4899,133.2911,207.9935,5.746,8.0139,73.9157,20.5255,149.9878,167.8154,119.1233,187.544,7.8353,1793.903,131.9534,7.9527,182.2326,764.2768,187.4323,166.7532,117.4093,0.4054,7.4517,135.0228,25.4329,98.746,415.768,143.4018,6.4494,10.9551,22.7769,91.6396,297.05,310.4957,37.2041,98.0678,127.052,66.5146,113.9486,47.8618,0.0497,141.0118,0.0503,197.7932,0.0
1.244,111.6062,34.6706,93.0828,32.7502,38.6459,1.3224,0.442,3.6521,148.6969,19.8358,5.2427,30.0485,194.0539,45.2661,15.0805,0.4009,14.3611,63.2424,106.2215,6.5647,5.1885,0.069,8.9224,9.2797,22.0954,78.779,71.8488,111.0114,698.9692,11.193,108.5214,24.1463,95.1955,253.1547,0.4823,32.4445,408.1185,64.4884,308.0616,230.927,407.4771,720.6404,46.263,47.3399,4.361,110.7639,226.9894,180.2795,11.0029,159.4234,145.8102,13.7341,316.5215,192.0436,27.0315,855.9199,15.5471,116.1204,247.2449,2.4069,13.0064,138.7066,36.3922,127.6628,143.7304,68.3096,231.691,56.9775,213.8241,27.8054,2.8543,203.4915,97.1819,147.6489,186.7954,79.0553,1.8841,4.3072,138.6902,8.9083,31.1543,388.0299,120.256,136.2949,20.5605,19.2378,130.516,453.1824,294.3554,27.1609,92.3162,130.1907,118.9238,327.0406,6.6299,68.6994,104.7739,2.8812,179.7068,4.0
4.6405,63.8653,20.0127,103.9809,22.1262,62.4107,2.6124,0.1542,1.7848,77.8408,52.5673,1.7293,39.4547,186.1932,40.2989,6.5604,0.3995,30.7706,28.211,98.3009,108.5726,2.2498,0.7113,6.9919,5.5807,24.4296,49.0087,50.1013,115.38,678.2734,20.835,108.8911,29.705,61.808,153.7071,13.8064,26.5611,189.9812,143.2385,426.6591,368.3985,288.7175,350.0083,14.7093,32.1127,6.3479,32.3329,129.6941,238.2185,23.6684,84.0395,149.1946,22.1039,429.477,158.0642,11.9186,40.702,13.5081,173.4686,309.2436,11.0105,32.7489,212.5876,25.1321,120.0881,49.6771,63.4684,420.2686,43.9249,198.2649,57.1527,2.355,289.6402,101.9542,200.1782,174.6896,50.1033,0.5727,1.1523,178.7414,5.8544,67.1366,111.9316,104.7572,118.1298,28.3851,9.9163,121.5693,251.2118,176.4835,30.7013,96.5873,117.4077,43.0612,238.8507,8.9966,22.797,50.9486,0.3627,105.1945,2.0
25.3335,106.6893,97.7513,56.8276,82.0254,44.9945,7.9836,1.6793,0.5021,79.854,49.0124,7.656,43.6785,148.8675,66.5274,29.7446,11.4904,80.9699,220.4002,68.8789,16.1505,1.6308,2.3813,12.056,24.932,12.9015,48.2812,35.5779,142.4191,546.846,89.6771,70.505,6.1083,33.8799,315.5141,45.9855,15.439,69.4575,73.6921,417.9457,308.0767,435.1569,157.0328,16.3378,66.8177,84.0221,55.2973,139.6123,173.925,46.853,130.446,164.2396,161.8798,410.7577,198.8771,155.7953,1.1432,52.2782,122.213,418.229,5.4423,20.7883,87.2304,26.0434,49.3626,160.2021,91.7243,301.2259,63.1983,214.8064,169.8479,14.3592,241.9717,91.2724,97.5746,214.1531,89.8842,1.9359,0.7845,128.6786,25.0669,128.1586,198.1173,138.4764,108.6648,21.3998,8.0615,165.633,129.5167,283.6562,16.2962,108.6981,185.0523,22.873,58.9585,101.0816,18.9079,152.0419,4.1343,132.238,1.0
2.1539,97.4576,12.4946,232.5116,113.1608,52.4914,78.8858,0.0134,0.6627,222.7981,42.8431,2.9443,39.5728,210.137,120.6519,79.7862,0.0731,52.9632,158.6325,220.746,8.606,19.301,0.0755,42.9232,11.1358,37.8008,119.623,72.0709,63.869,619.253,43.1603,58.7558,5.2976,70.6534,238.2623,5.5408,20.3219,237.5759,93.1634,179.1211,159.2562,317.4687,447.7803,193.2777,51.7521,2.6789,94.9482,153.3849,319.0746,20.0109,136.9571,223.8391,1.1931,166.7105,257.4254,3.9516,8.875,45.3175,208.7442,158.3496,270.8145,88.9582,220.7096,104.7868,52.6325,123.014,434.759,186.9991,118.647,217.0262,48.5303,35.6094,225.5278,138.3854,125.7025,185.6587,76.4226,0.5315,0.4685,150.2051,451.4586,34.1116,274.2345,42.6175,205.999,26.0488,51.128,46.9388,366.1482,179.455,42.2355,97.2031,184.0843,95.9367,165.302,2.4368,0.8537,92.2739,41.5597,160.424,5.0
18.7594,188.3847,22.261,54.982,158.9533,41.9411,2.7542,31.545,44.9841,123.8997,19.0787,1.5295,57.3163,306.5218,199.0077,11.4015,5.8869,17.2446,98.5677,108.568,2.9458,2.0319,0.306,97.737,3.0247,26.9776,88.2495,65.1849,54.8649,950.7496,15.7913,53.6298,13.8677,100.4777,692.9298,86.6894,15.4341,92.9506,204.8421,1120.2733,1237.7556,1385.074,385.8261,5.233,117.4149,37.5728,24.8222,335.6055,359.0391,14.7111,352.871,274.9628,23.7145,2122.6318,585.1989,24.7684,2.5889,10.5767,487.969,1759.2895,3.1764,10.2967,136.3733,162.3565,47.6936,59.9638,175.7345,1203.8059,36.7415,170.4596,22.7309,2.6813,955.2246,92.5423,309.3676,318.8438,123.0067,0.2507,8.4302,239.8186,74.8453,158.1387,258.2639,461.4033,204.3941,17.0412,14.6039,666.2947,211.5524,1026.9103,49.4538,293.7796,266.6843,95.0526,152.0158,228.2631,3.3666,239.7264,1.8071,155.4542,3.0
345.4678,98.845,24.9816,42.7063,152.8717,57.5412,2.4486,1.0573,54.1475,192.8008,118.3602,1.7703,48.6832,290.0169,115.804,4.6828,0.8233,40.6966,56.4933,156.4866,6.4273,2.9229,1.2539,14.5826,6.9171,15.6348,51.4221,68.4007,232.924,655.9952,83.9928,135.7493,18.5544,63.6343,211.3869,69.9233,12.5791,102.0696,124.589,264.2978,166.8883,327.3163,488.3659,12.6578,32.6191,4.3287,62.4811,167.8344,240.1476,23.3027,133.8713,134.5865,12.4888,238.6842,433.8723,13.9721,254.3653,33.674,121.2568,211.0339,5.313,180.5301,159.1008,52.5028,148.7915,131.8681,60.2775,222.0755,131.5178,200.1961,57.7152,86.3369,280.3213,101.3961,158.7274,318.7006,71.0794,0.5068,0.9766,111.2677,27.2403,98.7839,224.525,56.4267,251.7604,49.6819,21.1046,57.1377,394.2091,244.2035,36.5276,123.0771,169.1015,65.1447,279.5398,39.0556,5.853,106.1174,2.5249,148.1655,3.0
8.7189,44.2259,107.5823,179.8769,122.9453,51.8519,9.0902,29.1733,21.9275,52.0059,27.0901,17.4341,33.0273,138.2702,33.373,4.6069,5.1199,81.4052,217.721,109.3486,30.8343,7.3347,0.3419,7.4917,21.0716,26.9098,29.213,24.1838,354.8445,513.6945,59.3715,79.8723,16.4245,78.1407,191.747,1.1231,37.9208,62.3513,66.0548,364.5278,327.1594,269.1089,150.2279,87.2022,31.1894,14.2775,42.914,127.247,171.7111,50.4187,97.7839,117.8375,196.7646,443.4083,126.6193,395.6422,85.5279,134.1663,110.5031,248.4089,15.2457,12.0477,95.5354,35.9799,58.7252,76.1438,42.4301,252.1981,44.3693,259.3265,200.836,5.2216,221.7501,234.3794,111.3261,131.7984,80.3502,7.4043,6.6761,173.6641,24.1891,19.0722,246.2013,131.0269,82.0907,67.4828,119.9118,171.8852,147.4465,266.6546,19.4478,73.621,138.5591,93.5412,56.9264,11.2183,0.8927,145.469,0.7792,205.0224,5.0
123.9164,61.0251,62.3988,81.2091,27.3155,62.9082,20.9894,6.2493,17.0086,80.1155,47.4959,5.3353,44.7326,152.3235,42.9229,8.0202,3.6895,49.3528,103.739,112.4724,7.6102,1.4459,2.0187,6.2272,17.2292,22.3467,48.5395,39.0309,164.8279,597.5012,56.4873,75.3984,42.9287,77.9175,179.3208,6.4705,30.9256,214.8332,105.1901,443.8348,340.5337,242.6911,395.1913,52.3316,42.4853,26.017,67.6087,132.189,164.7645,18.8852,80.1155,128.9266,103.3571,367.5923,156.95,72.9678,8.3193,42.1535,133.8547,295.1907,9.4887,5.5668,165.892,23.3343,118.2287,80.2857,75.2944,330.0538,61.4717,209.7346,90.4633,13.4798,267.0138,150.9141,117.1126,171.8473,86.8857,1.6206,10.8341,162.072,23.841,34.5386,203.6965,140.3818,227.4129,36.0912,49.3721,151.0915,272.6891,319.995,31.0345,71.8525,81.3208,102.4531,140.2004,36.6955,7.5262,105.3087,1.2914,134.5919,2.0
5.3481,173.8195,172.6652,181.3461,142.6266,36.7493,28.301,1.044,47.0222,102.3775,20.6342,20.4891,29.9889,274.2103,126.7474,7.7234,9.1273,70.032,394.4577,180.588,25.7069,51.6879,4.5837,35.6472,28.0085,153.9863,115.4835,63.9259,401.8411,605.1003,59.7901,55.224,8.8741,185.8649,452.2701,46.952,67.7331,131.1496,125.5673,484.257,608.1379,695.5719,383.2618,64.9766,117.863,79.5804,39.9693,254.8807,272.5908,71.1675,213.465,199.6348,39.7491,903.7417,406.982,166.7006,5.456,166.5663,265.744,642.0282,11.0579,48.7744,104.5794,16.8514,192.9402,341.2148,184.9748,411.4926,56.3407,240.7873,143.5893,12.1744,439.3596,469.5719,179.0353,293.7679,146.4065,2.5215,9.6757,164.659,9.7805,121.9211,472.0247,311.9269,188.85,32.4216,108.2609,312.618,268.2294,694.0593,48.7853,263.3795,187.7027,260.9188,136.7791,425.6469,3.1692,384.589,2.2014,153.31,2.0
16.6385,90.2388,59.6843,202.9568,59.409,59.5759,178.2534,0.2732,59.1646,79.2894,41.826,5.3499,28.627,234.7261,182.6934,5.203,4.3107,38.2935,107.6452,135.8244,8.9489,12.0529,0.9398,16.9009,14.2198,85.1328,60.0504,44.5411,144.4226,569.4718,90.6368,86.9432,18.792,47.4048,229.7767,146.4064,32.8418,133.3229,127.6383,440.8737,440.2237,507.1913,328.888,61.0652,46.4187,51.2553,26.6361,133.1832,299.7237,24.1753,126.2012,237.8483,21.6143,460.9406,366.6301,49.1246,3.5914,17.9594,200.7017,404.971,24.2972,155.2021,159.4879,50.4149,117.499,217.482,148.0842,408.1312,60.6321,233.5367,83.2095,13.9443,286.1564,258.0759,188.1643,322.2589,104.6734,0.8045,64.8129,184.2402,9.2839,69.5617,331.0953,80.8076,117.0277,23.7128,45.5105,79.9768,275.1038,363.8286,64.7226,135.3938,116.1662,85.6673,110.6975,207.3284,8.7583,158.0214,2.6997,169.2682,5.0
73.8,61.8717,97.2686,162.5258,57.5683,64.786,19.418,2.6618,44.7474,70.3942,68.4904,2.2891,55.2307,158.7697,48.5268,11.5766,3.9464,144.4548,242.5584,103.113,26.1228,2.0028,2.1377,14.9505,34.7955,24.2512,67.7694,33.2686,125.8642,397.4168,92.7695,103.3403,15.6519,29.3561,213.6427,28.0807,16.5499,103.487,64.9055,376.577,254.7688,308.3552,178.3085,23.8037,43.4482,49.1558,32.6418,136.3463,131.7967,49.4,88.3615,104.4129,56.6353,434.4377,154.1899,28.9485,10.5319,55.7368,149.6901,235.5906,5.2159,10.5445,135.5469,31.0961,118.3005,111.8448,165.8234,313.8621,52.2774,216.9982,209.5178,54.5171,291.3333,122.2861,113.597,224.2663,130.6627,0.3925,1.4245,133.4188,53.2211,29.7023,227.4469,146.4001,198.845,100.6904,64.7803,199.157,149.0343,357.5458,138.1255,79.3961,160.9943,68.6715,79.392,43.4325,0.5154,111.6722,0.7369,163.1978,5.0
4.3571,59.1522,122.2019,68.672,43.4971,65.9925,122.9762,0.6438,1.4439,94.2366,96.7503,0.1306,26.9187,170.7448,75.9341,6.6991,0.2254,120.1412,108.3934,65.3639,31.1774,34.3948,0.571,4.8104,16.0051,21.3151,61.3152,41.3602,180.0865,556.7134,99.6162,136.1004,11.0189,43.2928,189.3723,10.7954,22.6086,86.6591,79.6493,268.3345,198.5791,201.7844,224.1904,29.6001,67.4989,119.9842,34.0001,105.9226,395.9164,51.0021,93.3725,130.7658,0.2349,228.7222,187.76,0.4064,5.3145,156.2447,129.2367,184.4725,20.248,50.6363,154.6512,155.2243,142.7172,78.2499,127.8052,204.8372,102.9611,242.0531,417.5234,2.6215,168.4968,123.5176,98.4084,153.8314,95.6848,0.1788,0.1622,140.617,31.5424,35.0911,482.7352,85.7852,259.0308,89.4064,38.7006,91.1635,125.7324,201.1344,67.9439,69.6199,133.6097,43.4494,63.6139,229.9351,0.184,131.3695,0.0,192.5307,5.0
8.4114,48.3661,28.3836,127.4093,17.9086,57.8649,4.7745,2.2896,6.7814,96.0637,36.2159,9.608,48.6279,119.5756,26.1771,7.6423,0.6683,56.1661,55.614,71.4186,56.4838,3.8234,2.1678,4.6663,10.9969,27.8247,37.291,42.5445,126.8638,562.3034,44.3707,94.8761,25.8452,41.6441,152.0481,1.1772,59.9284,134.1225,96.4517,499.8063,306.8605,184.2821,227.5594,49.0129,36.7198,15.1273,62.3267,106.8148,149.4122,20.2095,61.5009,89.632,35.8544,437.029,104.9066,49.5894,5.22,25.0834,120.0775,282.9832,14.8455,7.1795,185.0829,14.4912,57.0417,50.4714,37.3377,379.1532,13.7744,175.9592,90.4745,11.1315,288.2404,122.1983,107.4891,88.6966,64.7356,3.7929,6.1005,124.6853,66.013,20.6027,150.4266,156.9871,139.7144,20.3929,110.5454,198.6639,212.681,356.8421,27.63,62.6559,69.9345,102.3728,145.4673,17.1249,2.1009,66.8014,0.9534,133.3019,3.0
8.2028,79.9454,88.47,110.1254,175.7932,50.2751,9.7223,12.4526,40.6364,69.7254,23.952,7.245,33.526,158.9338,49.3743,40.732,3.5267,56.7257,163.4058,155.3595,15.0661,22.8509,2.7962,28.9628,14.3769,128.278,58.4959,49.9762,575.7844,707.0721,69.2886,102.9376,14.7175,66.025,246.6844,34.9241,36.9665,143.9455,95.4433,214.2668,249.61,296.0851,297.9421,231.1128,53.2959,49.4519,48.731,139.5792,296.5515,22.6211,91.8447,149.2777,92.6386,307.9175,244.9073,138.9836,15.2967,57.0516,208.0478,215.1688,21.0345,14.9303,130.9062,37.1853,73.2722,129.692,102.8351,211.8466,119.0286,240.4115,108.7245,21.7811,172.176,315.2448,146.3736,182.5768,77.9747,0.7293,8.3761,161.6792,14.071,28.0266,407.1425,96.4654,114.0905,21.482,32.5951,109.7537,268.1034,255.3326,35.4705,105.9246,221.4176,211.8709,149.8278,165.9946,6.7097,123.1719,0.1746,153.5898,2.0
1.9219,160.3249,32.1382,70.8911,42.2395,35.7431,8.8483,0.2362,141.9947,73.4303,75.9447,33.9094,19.0012,199.0812,110.5118,1.154,1.9038,40.281,225.6147,71.6772,11.4658,18.3646,0.786,6.356,23.7648,16.6069,38.3574,61.9515,149.1228,365.7242,51.6716,20.8035,4.4272,66.4054,391.9054,82.0782,31.7724,67.2254,114.6279,504.7067,415.8515,1163.8396,129.4079,15.253,50.4665,220.7311,22.8698,125.8048,191.8607,46.3341,143.8447,314.2726,1.4796,617.9997,368.7537,8.1898,1.8137,93.2683,246.5705,1179.6517,8.3654,87.6505,65.1042,36.0504,102.5847,361.3325,53.1474,693.8978,176.4401,112.4821,31.591,1.3146,347.2289,47.8587,115.9911,901.5793,64.8077,3.0107,1.0228,137.8423,12.9534,120.5641,222.0405,71.4931,416.3903,93.0749,13.9317,72.8846,57.5968,224.6929,15.0488,195.0281,67.3653,61.0027,101.7133,14.4593,16.0102,112.6792,1.4691,92.9791,2.0
8.9061,53.4391,26.1635,126.9275,33.698,66.0995,3.9533,2.2182,7.8194,89.2922,23.8119,1.4452,20.1272,136.0326,39.5639,19.728,0.4007,36.803,76.4678,119.7254,26.727,7.7653,0.6376,2.652,6.521,13.3683,81.1873,46.8315,92.7406,648.6146,32.2618,104.811,21.5618,50.4279,165.3933,6.8486,33.189,175.4482,99.3165,396.7976,274.6969,196.4818,187.198,78.9582,35.766,11.8431,76.8036,125.6139,241.26,18.9642,81.3253,109.877,30.0815,317.214,103.9513,26.5971,19.3435,19.0073,121.5562,216.706,8.9015,23.52,154.5582,19.5967,111.3526,59.6982,67.4519,315.1662,61.4427,210.2637,51.3336,2.4084,240.6229,94.4817,112.6862,103.2011,53.5021,0.7907,3.7008,115.4316,13.5834,28.9142,272.7244,129.1002,211.8713,11.344,44.7711,154.1921,239.1875,291.253,30.7965,69.1438,93.8845,127.2797,245.147,3.6191,11.8614,62.7147,2.5463,113.3213,2.0
0.1688,178.349,24.9335,184.2312,40.023,38.1501,221.1366,0.0,0.0903,146.7949,76.5557,0.864,26.3496,184.2486,109.5125,5.1196,0.2034,32.0641,81.72,86.7219,5.1636,141.988,0.4408,3.5146,21.1055,37.4118,77.8132,43.7523,97.7032,697.836,76.5894,67.966,3.0352,40.4769,328.9363,38.9484,20.9285,107.1333,112.4873,633.933,717.6845,299.3737,208.3062,107.4547,8.7504,7.0212,15.3159,180.397,297.2993,17.7502,150.9188,184.7026,0.1264,1276.013,366.1242,1.1447,1.0978,49.0472,280.4956,474.146,1.7408,5.0254,128.9386,48.5918,167.3435,84.0419,317.6789,539.4737,49.2726,163.5368,57.8446,34.2073,708.2647,65.377,79.8614,197.1029,97.0184,0.2535,3.6801,251.9361,23.321,83.6193,247.9773,87.149,226.9453,16.8926,18.5208,162.6741,146.2618,283.572,18.3944,236.9799,196.1738,81.4855,115.7513,4.8432,0.0365,67.197,1.3293,141.5026,3.0
0.3909,89.6531,39.5231,60.8514,42.1858,47.7357,2.3481,0.03,0.2418,123.2187,26.4719,1.7787,69.8048,164.2856,54.1982,37.7095,0.3812,32.9038,35.836,74.59,31.488,2.2806,1.9672,7.0109,6.0147,12.998,50.8854,33.5375,52.424,651.3572,11.2228,84.6174,9.7285,39.7103,251.6757,2.2274,5.7283,198.2259,88.1654,417.1219,362.0483,398.0702,299.3367,29.5919,36.0744,1.5901,60.0137,178.0865,320.1348,20.8761,101.7438,137.3656,0.0212,390.3112,186.7131,0.1533,0.227,31.8225,281.6626,378.1252,91.7944,36.9663,209.854,117.9361,20.9359,49.9709,50.474,585.9957,97.5996,214.36,57.1358,11.9584,250.5859,60.3468,142.2367,163.7474,78.9506,0.4666,0.5235,221.2125,280.4467,11.2304,140.2868,155.2196,82.1407,26.2374,10.7726,129.0966,405.5503,279.9961,56.4074,99.2943,150.7912,57.8419,101.1166,0.6859,0.0245,52.6152,16.933,136.5439,3.0
20.8482,93.0698,84.1089,76.3496,65.7431,66.7025,19.0304,6.0944,29.8161,112.6216,27.939,10.2384,44.1398,192.9936,46.6194,5.6002,5.8693,63.6502,75.9316,146.2961,6.625,7.3194,3.0649,12.4528,6.9427,38.146,78.3211,43.2438,137.2666,609.8251,38.7945,88.8809,23.0475,88.1428,159.6044,17.1914,18.5496,225.786,98.1523,299.7204,269.321,307.2657,287.9403,46.745,71.7255,15.9389,81.7717,121.3966,229.3474,26.5789,119.9042,161.4802,60.4563,252.943,132.1801,54.6299,162.7496,37.4859,126.6009,191.1596,8.1673,24.1715,167.3266,28.9695,72.807,108.582,69.2058,292.158,32.83,248.0283,88.5891,6.3421,180.8436,251.4905,149.0148,228.621,68.8738,3.8385,26.185,186.9365,18.0532,38.2734,295.4969,54.4446,229.7412,50.7153,21.8677,54.023,315.0001,306.6663,28.7321,88.8442,87.3774,71.4045,157.4158,14.9985,43.2272,101.2658,2.2851,118.1852,1.0
4.2187,111.4459,25.5589,48.0147,133.7386,56.3571,3.5539,0.7838,9.2954,99.2957,52.4475,316.9139,58.7786,177.9478,71.0372,34.6379,1.706,20.933,79.7262,120.4538,17.87,11.4767,0.2401,12.8152,9.5657,17.1259,103.3343,68.2014,122.9433,628.6565,21.3182,87.3253,22.5203,70.1656,389.4021,10.8216,16.0231,173.7213,104.6925,594.6549,494.3473,494.0558,381.4369,126.025,42.8691,20.8457,83.9026,289.5938,151.1546,19.7063,136.2189,169.4837,32.7149,473.4825,244.1256,28.5096,55.8477,16.6231,203.5618,492.8386,9.312,35.6523,157.164,92.9795,39.6604,105.4843,79.4786,268.8493,28.7165,220.821,38.2782,3.015,402.5585,79.6252,164.3921,206.4192,103.1719,12.7425,6.6948,259.5998,24.2744,37.1502,317.6017,145.6031,188.5941,16.3885,11.0296,232.2228,246.1981,353.0365,24.6777,147.7934,175.9372,65.8421,185.2919,33.1677,11.0866,126.4137,32.3733,165.2141,4.0
5.789,183.1444,105.6936,117.4977,83.0416,28.9373,15.3245,17.2514,46.2174,82.2545,20.3371,22.6599,23.5963,227.4005,527.1913,13.8108,45.8393,62.0076,470.5728,150.6785,7.5122,10.8023,8.4926,40.6342,24.8568,274.9091,87.8955,103.7666,525.8304,498.1285,63.5879,23.8764,5.2494,83.3494,743.6738,239.5141,56.898,111.4589,164.8981,637.2675,871.1798,2261.5233,381.8119,27.7921,152.5642,381.7166,35.7712,231.7955,206.6109,41.4552,345.8172,369.9551,57.6256,1807.4016,700.3674,408.2004,5.6706,52.2261,386.6302,1351.9569,3.7311,109.2149,76.4495,20.1995,74.7819,555.3739,374.9364,705.1442,67.1507,132.5235,49.8145,34.2471,553.7713,303.4769,199.1875,496.157,109.5441,1.635,20.8237,117.8537,11.2998,237.4335,467.73,229.3056,159.1515,29.5907,143.6405,250.0262,178.3847,454.655,21.5719,434.2206,90.0005,255.835,104.2528,88.1109,12.9818,592.8268,1.429,206.2138,2.0
4.6219,103.7959,72.4614,93.8829,124.7171,43.6407,25.3106,10.3434,134.9633,83.9303,67.5775,30.4263,36.485,240.3496,89.2004,6.5213,4.5329,67.7817,130.4767,146.3053,13.6889,5.3882,4.3212,18.1337,18.0651,33.7779,78.3229,73.5138,193.6105,559.2206,58.7917,71.2858,13.8333,95.4279,315.7553,120.6112,17.6817,125.1599,93.5336,406.9724,400.6829,441.3587,242.9253,36.2017,75.8507,131.9282,49.6517,193.3287,213.153,29.5064,113.3209,179.7537,167.4242,633.7608,331.0387,62.7965,9.0276,45.0475,175.1137,418.5522,11.8003,55.8107,130.3542,17.9841,128.7831,199.0294,191.9216,338.3186,99.2226,216.0827,97.5249,12.8036,335.3876,244.0476,141.5641,199.45,152.1992,4.3061,6.9423,119.6949,45.0049,41.5638,318.658,242.2074,164.4961,36.1261,23.9512,286.9853,233.0005,456.5415,61.4904,137.0075,166.2297,115.9624,88.8968,129.3416,9.5991,200.9209,6.9159,130.5428,4.0
0.8145,76.3955,75.706,339.895,46.7767,64.0866,4.6376,2.3492,8.1627,67.2789,15.874,3.1557,60.9899,154.8887,55.3543,8.9579,11.2536,157.8002,224.3438,120.6028,36.7109,8.0024,0.3374,19.2373,21.98,127.5899,60.2962,36.3334,205.0823,578.4907,36.2292,103.1004,21.7823,116.1573,309.2795,7.4431,126.8214,103.0302,110.7768,394.1507,388.469,350.8318,216.8409,42.5351,33.0082,12.9734,41.6192,190.1698,198.7676,73.0552,97.6863,167.3736,55.5961,414.6514,251.7141,218.7401,15.1942,132.6597,200.3836,306.0725,6.6504,1.6162,145.4049,25.9024,51.9633,103.7559,75.1798,319.9191,15.8854,247.2927,145.9851,1.7326,303.8718,355.3298,116.5907,166.6171,90.5622,0.5602,1.2675,200.9352,23.1788,22.8175,352.6097,164.8079,174.0886,98.4059,397.0849,204.06,196.467,422.3942,30.3357,101.7454,161.0651,125.5878,92.9929,15.184,1.0695,119.8931,0.3285,290.8289,5.0
74.8761,74.5169,29.252,519.1166,198.9387,45.432,145.5241,1.1141,58.5373,68.6873,40.8035,6.2935,34.7447,151.0269,101.8298,10.4788,2.1651,36.0095,136.9059,107.5115,84.8882,43.8737,0.6257,18.3684,8.0281,122.79,43.7421,58.1449,102.3154,575.636,61.1892,56.3911,6.2147,92.7874,183.4659,19.1178,80.5247,102.1708,85.795,421.8794,448.7096,349.8399,162.4103,61.5954,35.9762,83.1789,27.3268,113.8574,227.3805,15.2361,98.9579,163.5608,24.9366,615.5053,317.1461,106.2025,1.2318,51.1419,279.4575,397.0463,5.1204,121.228,102.6882,26.8233,89.752,61.0979,215.5493,445.649,79.8694,156.2395,62.2161,23.6734,466.571,310.0988,142.9526,276.9856,75.1584,1.2234,16.5859,107.5542,9.9793,109.8991,251.3542,121.8833,108.6297,19.2519,137.7196,169.7501,158.448,703.8201,78.5418,112.7846,135.4618,263.3673,103.8376,22.8064,0.4149,99.8607,0.5373,229.6812,5.0
1.5978,169.0451,38.2203,110.86,196.7166,32.1489,15.8426,4.5701,25.0105,124.6592,19.9657,10.7561,28.3026,278.1338,182.8673,3.5022,3.1694,25.9053,212.6399,206.52,17.9525,17.9985,0.1618,29.5789,9.7188,77.0355,159.1329,128.3776,230.6046,741.7174,20.0272,58.2892,12.8983,137.8537,585.1301,68.9661,65.3067,114.5337,138.4852,373.6996,730.2151,1155.1452,415.1376,15.4829,153.9222,73.9425,71.1019,322.8875,212.1476,43.3132,257.7248,270.2946,34.0241,1662.6223,470.1514,195.4101,53.1636,52.4247,234.6244,999.5582,3.1729,17.2205,112.7097,47.0408,76.4168,275.0508,97.0232,544.7617,41.2612,231.7197,35.384,1.9008,567.3041,186.6997,114.3589,234.7076,121.6099,2.8977,3.624,173.3404,20.624,68.3303,419.6315,499.6387,211.1095,16.2323,77.089,481.8178,241.8235,757.8801,38.5527,291.4023,157.9008,104.3407,247.2209,55.1645,47.0039,390.6,10.8772,189.4028,2.0
11.1886,94.3284,22.4346,99.7885,72.9616,57.782,40.0398,0.1611,21.6163,80.6897,58.6609,57.3061,50.8666,147.137,119.3951,56.1279,0.2769,79.5648,199.0042,69.1566,579.1831,27.5465,0.2858,5.8813,14.1862,54.3249,62.5042,18.8175,99.1908,528.4851,69.5476,104.3694,13.3773,21.5257,242.6079,10.8081,21.3454,111.9972,90.8793,423.46,616.857,316.1136,212.1207,26.3233,45.251,7.0289,24.6392,119.3339,253.4277,36.6211,144.6311,132.9545,3.2699,723.8187,254.1299,8.6672,0.3114,57.8381,291.736,419.7658,16.6405,42.4753,193.9315,319.5808,42.8586,60.9981,193.1641,489.5519,73.5815,237.9268,71.8181,29.8058,341.6254,97.0006,107.3154,161.4547,74.1578,7.8329,0.7308,197.5448,28.0487,17.9686,224.9727,206.6297,314.3048,24.653,35.0559,312.7578,155.3674,642.6444,96.2707,111.2044,172.8845,73.1536,182.5965,167.8747,1.6167,95.979,1.4525,105.0071,5.0
119.1837,47.9177,71.643,109.7748,108.9605,54.7239,11.2944,1.382,16.2127,63.0418,30.7664,80.0507,37.1414,171.0235,47.9475,5.6886,1.5805,67.4296,139.0618,121.1508,178.7347,14.2179,3.1607,8.3634,27.1745,34.8104,40.3786,27.5148,522.6361,545.1048,62.9405,89.0319,6.8969,38.6509,172.2115,35.9775,38.2768,99.8871,71.8401,280.7709,234.9056,285.7277,245.094,64.1803,42.9727,30.6687,45.311,113.7952,327.8505,32.018,101.2774,142.8387,78.5167,293.192,109.5736,86.7891,11.9004,55.3313,142.8596,241.2127,18.8632,15.1942,115.7317,48.9691,87.1501,103.2842,77.4101,231.083,82.6014,198.9228,171.3813,47.7215,197.5956,89.8456,125.801,118.2674,79.6981,6.1331,139.6808,121.565,46.4831,18.4786,209.6634,89.4454,101.7206,43.1609,39.034,82.5931,229.6943,245.8793,64.1193,71.5812,101.4315,69.7407,85.2149,59.6995,1.6636,103.125,2.9034,175.4646,4.0
3.3537,79.0542,14.3452,48.5879,124.0714,56.3272,2.8474,0.0313,0.0787,128.3134,25.7468,0.8135,40.9411,213.6026,65.1353,67.8012,0.0851,26.9316,79.5063,165.8853,4.5638,56.0769,0.2635,22.4325,2.9673,22.4808,58.3277,34.9651,213.0492,700.0979,64.1956,122.424,20.3778,69.8815,233.5263,7.7295,11.8763,134.1259,125.3086,446.8273,355.7253,318.7582,198.2582,93.9566,36.1132,1.7297,84.8948,145.9381,213.9188,15.8037,128.1888,144.1917,78.743,434.7377,266.1604,237.8727,41.5496,42.9554,278.9875,391.0657,19.5973,20.5357,198.7626,36.8947,109.2649,101.5324,104.9709,307.1765,42.0537,261.6502,52.6664,1.0077,313.6506,159.9733,183.5647,247.5589,88.4091,0.5127,5.4862,164.4528,15.2749,20.0611,324.588,95.6134,251.337,15.8114,12.9973,100.9174,166.8027,386.525,20.9757,112.7565,119.2595,83.6267,188.3634,2.1653,4.0386,85.1075,0.4121,98.6666,5.0
0.8821,190.2492,53.1133,114.0246,117.3057,25.5198,5.1755,0.299,16.8044,111.07,19.4429,120.5426,21.0086,206.4994,180.996,2.5463,5.9659,30.5371,269.3065,157.4455,6.8751,4.2632,0.7464,56.3321,35.4211,212.0507,156.7857,123.957,134.8854,506.4127,28.5602,18.9069,6.357,129.2854,579.8161,35.2322,75.8055,89.5975,142.9153,590.0883,754.7295,1299.8731,395.4671,23.2786,141.9556,425.339,50.9424,243.038,223.3936,44.1034,287.0436,251.2838,11.2925,1795.2118,458.9267,180.8078,3.1215,33.8028,510.8243,1222.5743,3.6262,127.9335,85.5108,65.4453,89.8204,354.2096,298.7287,807.4992,53.001,146.3902,60.1846,9.9266,704.8409,180.5266,199.0097,286.2598,94.5635,4.1123,40.1772,123.7226,85.4777,116.4656,363.8828,229.5344,288.6802,29.3502,79.8079,341.9761,232.9895,840.6207,20.2632,382.3961,110.9384,395.959,120.0785,58.3024,0.4871,374.1955,83.294,204.1982,2.0
7.8746,25.9506,52.3175,41.2585,36.8648,63.6204,7.8502,0.65,2.2434,81.6103,29.9362,1.8308,45.2614,114.5319,31.3571,12.8049,0.292,69.6806,95.0719,58.1707,125.9212,35.6664,0.4752,4.2341,10.9369,13.9937,46.5202,30.3218,166.2692,606.3149,56.1958,141.7451,47.1006,33.0406,152.1547,1.5265,12.821,116.7623,72.7291,343.543,179.6396,163.2219,271.7215,56.1081,25.1665,3.7997,60.7948,122.3914,204.2202,28.8769,77.6789,105.9998,19.0377,202.7966,116.6356,19.3223,13.8443,67.7975,125.5959,160.2964,23.4609,0.9375,192.3993,31.2015,48.37,63.8602,55.5542,164.6224,27.7655,233.1835,168.0278,9.2226,169.3551,106.0484,114.7807,100.0631,53.3105,1.4556,1.8288,162.3176,53.0677,19.3252,189.291,110.4819,255.3593,30.7719,20.6773,135.3823,225.5665,262.7152,25.9866,63.4141,113.7288,42.2087,156.867,26.5712,4.1757,86.3387,0.3772,139.8915,5.0
10.3243,40.8952,23.6503,223.5129,34.0237,54.2631,5.9242,3.8521,25.4081,120.2456,37.2028,1.074,458.0661,127.2878,28.9691,5.7949,0.4555,28.436,164.0576,77.7339,3.9924,0.9185,0.7334,11.879,12.3443,51.4586,57.1844,29.0453,100.3379,605.8291,61.8148,138.0755,15.5887,50.9125,112.2453,23.4191,71.5181,140.8137,76.2288,244.5138,149.9067,169.5872,278.9506,190.6903,81.6706,18.9487,44.3067,92.9744,256.8694,13.8867,68.8458,97.5781,38.5098,163.7415,124.2128,72.0372,3.9161,20.4398,58.5929,172.3448,37.5421,72.2486,145.2503,65.7894,137.6248,64.4899,48.9575,202.4079,41.9251,156.4741,39.0936,18.0967,131.9486,218.4689,90.535,113.3235,67.7792,0.4371,204.4507,120.1002,45.8918,20.3325,167.0865,53.9994,123.7153,31.8994,73.7757,57.7633,379.0733,274.1298,39.1152,70.1964,130.4386,109.5796,76.203,169.9986,1.6938,62.9849,4.805,182.7376,2.0
40.5897,80.2105,58.2271,54.135,82.8906,61.7816,8.4925,35.2997,101.7567,107.7745,51.4457,7.9239,33.299,189.9804,54.3078,5.2592,190.1045,67.6473,261.992,73.9445,28.1496,14.3665,0.4537,38.8125,13.1033,36.6861,66.0598,42.088,346.6757,360.0174,93.4728,127.1712,23.0305,67.1407,257.8011,51.438,31.4251,75.2599,60.6277,447.3415,325.6411,205.3781,175.852,25.7346,71.5921,88.5224,31.2108,188.2437,241.4485,59.3224,121.3846,105.0964,76.3853,457.3412,173.4688,98.2138,15.877,25.6913,122.8943,244.9539,12.0306,15.9718,192.3702,22.4128,181.1308,143.9003,214.5549,221.1583,54.9539,308.0066,166.1412,70.8652,271.0522,250.1748,85.7694,117.3005,314.6747,5.1666,1.878,131.8151,24.2729,16.5114,328.8792,163.9059,143.4119,21.9071,49.2127,168.893,175.2532,420.4017,99.1466,95.7245,187.2151,124.4332,75.3281,141.8091,3.4217,191.3579,3.7355,145.672,0.0
9.7839,36.8589,521.9715,152.5946,35.2438,81.3179,31.6882,0.5692,11.5417,34.3968,25.2794,4.0185,72.7275,96.7855,32.7813,2.2815,0.4347,243.711,143.175,80.1881,35.9556,2.5407,518.4239,6.4265,30.5831,54.9554,13.749,22.7163,171.8246,408.8978,198.7776,130.4474,10.1886,30.3729,150.2565,20.15,38.434,50.6987,54.5563,261.2876,163.6265,129.8568,110.3041,60.5687,10.2249,16.6018,25.7515,96.576,206.4491,74.2578,81.6101,112.8987,28.1434,175.2298,112.3902,19.6468,1.1485,88.7202,84.6753,120.7705,29.6414,8.6344,119.3102,16.5291,49.3271,105.0981,43.9337,130.7853,15.6926,273.3247,849.9949,22.6204,110.898,578.2206,99.6273,139.72,79.4969,2.4763,2.2431,101.5668,14.7042,16.8833,200.6575,80.0162,77.3448,23.4995,155.8124,76.9571,136.7351,148.9178,31.7102,72.604,118.9137,18.9053,11.896,49.9175,0.4332,219.2782,0.0308,190.2987,0.0
18.7852,47.7066,41.2814,69.1917,75.1905,52.0546,6.9621,32.3842,50.6842,67.0678,37.4035,9.0173,31.9662,184.2319,53.0771,2.4964,0.8504,77.4168,221.8007,103.071,31.3992,41.0583,1.0921,18.2118,7.4063,28.5686,60.4381,43.396,186.7172,579.717,45.682,94.9882,10.7858,56.6974,217.6235,86.4968,21.5188,151.5999,80.4301,339.4654,258.7697,310.8949,290.3394,50.5394,69.7766,58.3278,50.6799,141.4498,310.5353,42.4188,82.864,120.1501,158.2947,396.4664,175.4658,23.4722,10.4999,34.047,130.2427,261.3031,14.4272,18.5697,130.461,29.003,197.2211,98.2754,197.811,213.3385,63.6895,213.751,149.0161,87.3112,230.9287,153.1238,128.7315,140.7489,141.6217,3.18,0.6039,129.6201,15.3907,30.7521,225.4797,139.3449,181.7073,34.766,28.3313,101.2923,261.7161,448.2753,25.1455,74.2758,118.6287,46.239,93.5562,80.1163,2.3094,123.7015,4.6055,135.187,2.0
0.8423,63.906,51.003,44.6567,54.3728,60.9972,4.6671,186.081,20.4358,67.4017,16.8914,3.0497,41.1519,148.8806,66.7291,7.9664,123.0762,101.4718,241.3328,149.1931,22.1128,4.6505,0.204,39.2441,26.3017,34.0623,42.4342,6.2583,170.545,662.8513,38.1983,131.222,29.4123,91.9658,306.7194,8.8377,29.8876,185.5173,110.8312,431.5237,384.5231,356.058,301.9817,19.2156,50.8493,17.7499,38.2921,184.8477,211.8272,37.3331,117.7583,184.2625,59.5011,413.2442,205.5271,87.3598,25.3494,71.5488,144.504,298.2965,8.6776,2.6286,111.6161,142.8964,42.9571,110.8687,62.761,285.5898,129.8853,220.9892,99.0651,2.321,273.0317,112.4123,147.5106,251.0276,78.2629,1.0794,0.1052,155.5916,19.9329,3.9458,432.0618,164.5287,211.5007,95.7983,51.0779,184.1042,259.9427,381.4204,38.2053,86.8616,195.1538,95.8866,133.252,13.8948,5.8573,96.5994,0.4221,181.8558,5.0
34.848,57.3783,75.1371,87.2559,69.8253,50.5049,10.8543,6.7345,31.1687,56.7437,63.3447,15.7383,48.1221,139.7801,47.8741,9.7209,19.1135,113.1643,143.5135,132.9831,16.0467,3.6927,4.2751,15.7231,28.5922,14.6403,62.6058,42.6819,199.0448,475.9215,57.5752,93.9282,53.834,102.7057,151.1116,25.7839,23.6409,141.5349,66.2672,290.679,202.4705,221.9205,223.9795,38.7507,103.4605,63.2674,71.8614,105.8889,173.1838,23.2991,73.9866,143.5716,114.9916,229.4136,143.7439,49.396,8.7616,45.116,73.7416,228.8111,33.4306,29.7438,126.2127,27.0292,135.2253,112.0974,105.203,250.4399,49.4479,209.5133,122.9156,18.2623,146.3919,253.2831,126.7622,139.7972,119.7016,6.7396,15.0076,118.99,10.4828,27.0481,207.8417,95.1279,175.0753,33.8756,20.5819,83.5647,244.0373,247.6243,41.4159,71.7307,112.3408,91.2219,66.889,66.8886,8.9831,114.1093,3.9928,126.811,4.0
5.2323,82.9,80.4345,104.6376,28.1128,51.1272,3.8699,1.0169,4.5492,100.9995,17.0041,6.0432,24.0378,135.1456,51.8776,28.8335,0.9173,22.2019,87.155,115.7814,4.0783,4.0869,0.5439,15.5367,7.7594,13.569,62.9327,52.917,99.8252,791.6413,45.952,82.4622,37.4367,94.3514,165.5896,1.8901,51.9329,184.0691,149.9232,446.6979,312.6324,254.961,334.4762,93.172,22.7713,4.5259,98.0116,127.1075,242.3817,13.6169,105.1492,154.52,36.1581,379.2065,204.6687,66.8402,25.8414,22.0481,164.4572,282.5965,7.809,2.1127,172.3791,4.9806,106.1933,67.9898,55.4706,402.2649,31.1659,101.8336,62.3627,2.9326,254.5893,245.8208,240.4246,178.7749,71.2223,2.1347,33.3326,210.3261,43.4914,18.95,204.6283,105.5293,191.5724,23.0689,31.4561,126.3321,302.8223,462.2952,17.4361,109.6051,139.8162,169.8791,287.434,63.0046,8.4764,100.8396,2.2238,146.3478,2.0
48.6311,97.0168,34.4921,121.8713,38.787,46.1491,150.6651,0.0596,148.075,103.9552,110.3273,2.8712,38.8218,225.6503,58.1394,0.8964,0.1622,32.0521,82.4426,135.1604,8.9577,13.5844,0.3209,9.7915,7.5516,32.6714,101.1333,80.813,85.0727,630.1068,89.2343,93.4663,27.2997,49.7135,340.4462,51.4452,24.9005,188.9872,102.3361,341.1454,328.5194,361.2653,279.7245,16.8233,79.3325,253.838,13.473,179.0422,271.5204,16.7873,109.9854,180.7309,3.398,388.307,246.4373,1.833,1.6524,31.9375,155.0401,320.5546,30.9984,111.8949,146.9788,38.2559,204.6892,163.9004,159.5586,288.9948,35.7372,207.2786,95.6159,3.0158,237.7379,81.0485,107.7833,273.6046,90.2108,0.2274,1.1618,146.8991,19.9391,49.9496,230.042,114.0531,170.8116,22.3875,63.7283,160.8088,261.3966,309.1017,58.8336,128.3604,205.8721,112.7656,143.2449,221.4597,6.4949,108.2919,0.1841,148.9828,2.0
49.8701,42.2876,55.5825,157.8267,39.1519,60.256,6.2458,3.9781,18.5787,84.3403,44.7281,8.4516,44.1,128.6587,38.6229,7.7076,1.5593,78.1124,75.4357,73.3534,231.4362,8.9502,1.5147,3.736,14.4639,24.2524,38.6911,24.8449,168.4456,551.0706,58.1097,115.0714,34.6959,31.7889,138.2086,19.7879,15.8921,131.2562,71.2576,386.057,201.274,162.5548,317.4005,63.3173,19.8803,12.3149,48.887,96.2808,236.3242,32.5718,60.6415,111.0575,52.7017,275.7482,115.2377,49.8804,12.0995,31.0554,113.5908,200.9081,30.9584,27.4178,174.8473,33.102,106.7061,58.1821,64.1026,267.0838,32.7816,211.4306,109.0496,23.2639,230.664,194.8935,102.8967,94.8419,80.7153,4.3062,42.1862,126.48,22.7904,26.7829,151.8876,121.0738,139.6647,38.5434,61.8953,153.0775,265.3021,254.3951,54.5236,54.8384,120.6711,54.8246,122.6033,38.4134,5.7121,76.3056,4.3856,121.0606,2.0
4.3701,104.6558,39.6243,97.0619,52.703,48.3459,168.8461,0.7688,3.1526,102.1865,39.5876,7.2354,37.002,199.189,139.2641,0.9134,0.661,36.1642,46.3574,171.4269,9.509,1.1675,0.1919,8.5826,11.568,19.7072,87.3654,71.1374,138.8196,683.5557,54.4123,87.9625,11.6412,57.9454,246.5769,80.2943,24.0948,143.2428,118.4699,389.0912,430.1452,337.3836,230.0087,17.7277,111.8722,9.3142,47.3835,173.7612,255.7581,17.6874,109.0977,194.0818,12.414,580.1702,264.7874,14.7057,2.9478,47.7323,212.2959,411.1048,38.7751,28.9297,143.0355,29.4278,65.1173,150.3399,170.7479,400.1509,84.0455,178.264,73.8334,122.6498,280.4942,76.7037,141.1109,249.9476,91.8064,1.0364,0.4906,102.3993,13.2501,50.594,258.5551,131.2967,307.0493,15.8582,23.7833,171.8623,221.9458,382.0522,58.0817,128.0321,191.394,86.1337,131.4904,21.6656,0.3433,101.8988,0.7314,174.2142,2.0
26.7939,58.5881,123.3673,104.8946,68.222,62.2778,19.9912,11.33,109.9706,64.6351,53.467,9.9981,51.1456,183.0298,48.4704,6.0541,3.474,104.8508,123.5648,108.5959,40.6258,8.2859,12.7897,16.1861,15.3545,15.5288,45.6142,40.7662,172.7273,532.2841,94.5268,96.3158,27.9328,36.4396,173.4019,43.7496,17.4148,124.1387,68.8351,403.1431,310.2264,228.3975,201.2699,40.8158,81.25,47.38,48.1215,141.6431,230.0709,25.2095,88.2269,158.5191,178.876,395.8656,230.3908,70.562,67.8848,39.3658,96.8653,309.7724,82.3235,74.0961,156.6102,21.2804,139.1476,139.2403,122.7346,294.8791,56.3423,239.0356,207.963,36.1726,233.5556,183.2489,121.8608,179.2757,131.5243,3.0036,1.5218,120.5334,13.6417,21.0965,271.1662,106.997,130.7349,45.9762,23.9219,107.679,232.7283,383.5103,107.3947,86.0429,128.7794,57.971,72.2836,73.9129,186.4113,166.253,0.5442,162.7673,0.0
3.1974,91.3871,19.9473,139.5399,85.4798,57.5977,4.4961,2.4048,19.4298,205.5539,34.7999,11.0405,78.3626,199.9012,60.6178,36.1631,2.0716,37.1134,73.8517,113.1429,4.2073,2.9894,0.8884,17.6227,6.528,21.9168,79.1843,63.6569,98.92,532.9638,56.328,75.8052,35.6087,79.1343,310.3654,65.3557,16.2742,139.0612,91.4546,374.8267,286.616,450.1561,244.7251,30.6541,56.5374,37.9375,60.7559,212.111,190.4294,16.8476,126.7937,220.1046,33.6895,369.5277,177.5801,27.6363,3.1791,20.21,169.849,349.0911,59.9799,77.4848,104.8886,84.9414,54.4024,180.9903,176.6564,295.8796,54.3091,218.5752,54.6274,3.6532,234.1289,153.7785,87.7152,233.7404,88.1649,4.3912,2.3099,178.32,37.7646,18.3173,136.9178,92.612,184.1829,52.4525,24.7975,154.5187,251.9774,317.3918,49.3312,106.6698,254.6396,66.585,118.8036,11.8482,3.7476,97.4075,15.8798,174.5218,3.0
7.3406,44.2708,35.8525,188.8,32.7502,52.6529,21.1525,10.2303,19.5717,56.0516,55.7072,17.0776,35.4711,151.7544,53.5166,5.1035,0.9849,43.8196,68.9729,76.4912,125.8308,14.4331,0.119,15.7847,8.0659,59.21,70.6256,29.9181,129.6421,629.8175,49.9482,83.1237,25.725,81.3494,161.5172,0.9706,67.6437,175.1499,104.7781,414.4002,325.3554,271.0668,249.1609,72.1868,55.6213,23.0002,83.4407,134.1128,214.1152,36.8306,94.3861,156.7319,114.8794,405.1686,198.4873,130.9669,11.3873,28.9559,126.9038,331.4659,14.5442,8.018,138.879,33.1918,88.6104,78.1127,68.3886,420.8209,28.8825,180.7129,72.0177,11.8446,280.6469,297.6006,165.2718,160.9818,72.3277,5.1063,1.2087,148.5234,10.4595,33.597,205.5045,102.4821,167.0303,16.0133,110.1777,116.9712,271.5742,377.382,34.5191,104.4905,105.2049,109.155,153.7231,27.4162,22.5116,76.9358,0.1902,174.5229,3.0
7.9605,161.1438,114.7287,125.1353,99.176,30.9183,5.78,31.0206,185.2801,100.1588,21.2876,6.9632,26.6697,281.9054,251.1222,1.0557,26.2508,49.1645,231.13,217.6468,19.1657,33.0167,1.2369,23.9953,20.6012,110.2432,87.496,124.7788,192.4466,576.5578,30.1256,31.6766,7.3049,88.692,522.1572,176.0964,44.3157,157.7573,130.3597,607.2358,750.7491,1588.4759,456.9571,20.1576,133.7432,252.9574,41.169,212.0395,202.1761,39.378,317.2868,262.8262,52.8653,1764.5878,481.3975,285.0616,2.6078,58.9431,263.9214,1065.1282,4.0933,113.6994,79.8872,15.2125,105.4436,352.2772,193.0274,729.595,52.1461,150.6712,46.729,8.1118,506.3882,188.6425,222.6448,352.4099,82.0997,0.3163,6.6331,99.9087,15.5874,108.0884,433.6511,331.1889,273.1816,45.1157,72.1436,296.2685,255.3355,693.7594,75.5824,375.2861,121.8779,228.3527,130.1478,230.786,5.1792,502.3446,0.8703,195.1554,1.0
4.5246,52.0263,1165.5687,233.2614,25.8897,66.1621,32.382,0.6646,1.6353,67.687,49.7154,0.1626,39.433,330.9826,27.8914,0.3139,1.3012,236.2344,197.015,128.4474,175.669,15.6071,4.5426,3.0398,31.3002,60.673,24.98,14.3833,172.5482,509.6218,174.1755,127.9033,1.5405,65.1827,255.928,3.8444,44.2879,62.2929,57.2483,278.8617,193.2862,235.6691,393.871,14.987,8.2336,5.4561,17.3844,149.9712,231.4321,41.2706,86.6143,135.2199,85.3248,257.5419,381.2716,66.9104,0.0076,53.9584,112.9165,194.8844,26.5315,39.2738,81.6594,36.8316,85.3169,131.8704,133.8285,163.5263,4.5516,1471.4884,373.0771,16.9547,159.8393,729.9418,120.5763,146.8315,89.4502,0.5247,2.3373,129.1263,16.4983,64.9209,336.3875,108.183,7.9242,40.507,50.0784,75.0098,242.7271,234.0942,31.9909,88.0584,123.3979,40.1958,84.1899,28.1026,0.0172,169.6431,0.0869,206.6236,0.0
1.3337,68.943,21.7844,75.1103,134.2634,99.6986,4.4244,0.1731,12.6276,138.6077,15.3489,1.7566,33.8701,150.1388,45.4337,12.1594,0.3349,32.9795,118.9584,117.4438,23.0897,17.8992,0.6266,8.2221,12.2319,13.4053,73.3487,48.1467,188.8303,593.4732,136.2018,108.3729,22.2189,25.4822,206.3083,2.8835,14.6872,239.7856,86.4282,178.3462,160.2141,229.0908,504.6781,97.8868,34.9503,32.9003,58.42,167.3687,242.4398,25.1269,84.1171,130.9206,16.9195,197.8711,109.5988,17.8814,268.6064,46.1785,149.6231,169.4177,9.0298,37.8702,224.3888,12.231,68.9491,164.1633,84.9329,158.0435,77.0043,236.2711,102.8163,15.9267,174.8697,78.5092,113.3818,188.2111,69.4021,0.9915,5.0192,190.0378,30.7486,27.3731,200.9809,46.6098,161.8448,24.7714,13.0187,89.9762,332.8846,217.4643,22.0161,60.5796,87.9962,65.9519,432.3555,21.6833,17.1106,79.641,0.4276,190.7502,5.0
26.6876,108.5834,5.0919,236.5194,5.9404,57.77,4.6671,0.0411,34.0761,157.4363,16.5767,0.1741,62.3662,161.2924,77.6459,2.0301,0.1192,13.9075,33.1892,106.5978,2.8993,5.6961,0.0,43.605,3.1933,19.3794,78.5601,27.3163,40.868,779.9584,26.1454,107.5624,11.4905,70.3377,449.0975,0.4662,28.7388,126.7705,106.4604,421.5375,309.5381,306.6622,423.5668,114.4215,37.1928,18.0224,18.9313,192.2455,373.2261,10.2338,120.8431,155.6686,2.5193,401.0195,285.4507,3.9627,16.1624,6.6208,172.8365,291.0231,193.5392,53.1556,202.5206,178.8586,109.2722,87.5135,156.323,305.7963,215.4785,161.6063,16.4736,0.6572,247.4014,85.4899,160.9114,219.5855,81.7555,0.1022,0.472,155.2049,40.108,23.5823,139.8009,110.4417,167.0589,11.0762,23.8712,174.9004,415.5979,338.4517,46.6917,210.4062,245.0265,71.1308,108.8839,173.8314,1.245,78.3491,28.3605,197.5053,3.0
2.3911,87.542,13.1443,105.3997,28.1078,42.9254,350.5293,3.889,64.0575,90.022,47.3681,0.4476,68.095,160.4686,87.9239,0.4624,0.9077,15.3162,36.321,107.4155,5.3675,7.5813,0.3747,13.0608,4.9419,23.182,91.2638,71.6996,65.0258,456.9225,141.3271,60.5352,9.5102,28.5275,268.348,41.6184,23.7192,103.2273,106.3606,403.957,392.9142,296.9152,210.9226,7.3337,100.2794,84.8805,17.3625,140.4979,123.2246,11.036,78.6991,146.8954,19.8926,510.0869,329.1687,7.5208,0.4426,13.0705,148.9076,330.0166,4.5199,126.5536,132.7667,46.9963,164.8335,60.1816,163.768,359.6268,97.1425,172.862,25.2389,1.8663,290.8503,62.8615,98.7022,169.8677,86.1841,0.2424,3.725,154.2242,23.0258,21.9134,195.1271,124.7636,183.1906,13.8832,18.7187,160.424,167.4641,468.6706,52.5392,120.5235,143.4346,90.4209,96.8481,247.72,0.3378,86.3071,0.2119,117.2343,2.0
2.5457,86.1646,49.3377,68.6494,152.7723,52.6087,5.2069,0.1678,0.5676,50.5755,17.6269,325.9711,33.6907,139.3447,60.3689,34.7144,0.1705,44.8206,349.2809,100.2226,84.4953,58.6521,0.9174,43.6352,16.3989,23.3587,86.8084,44.1947,131.0426,515.32,82.4094,76.0823,38.9648,107.1378,242.4974,2.2117,22.3675,89.7183,131.2405,394.925,369.4638,356.3724,178.7598,103.0005,49.5197,6.8387,41.3181,169.5006,147.9613,50.8192,133.7138,171.0218,12.2538,450.6102,187.5928,15.4487,4.253,62.0803,182.6072,337.579,50.7032,24.6724,117.6642,18.1435,35.473,94.6273,45.5533,408.8114,40.7468,187.559,82.8444,5.3626,339.6419,160.7195,166.3739,167.989,74.8114,11.0024,0.7987,218.2286,27.1262,62.7728,224.3462,173.6732,69.5682,34.6178,18.7238,271.1573,134.5939,359.4724,75.6224,99.5562,170.9321,155.409,170.6589,16.8402,12.358,117.4124,6.5327,148.3907,5.0
14.0367,159.6847,234.0072,163.3683,182.4892,36.1626,16.4065,70.6932,301.3105,70.7254,12.7885,99.3566,39.2412,231.196,132.681,0.9869,493.7713,88.7484,425.6634,196.7913,64.9819,23.4745,9.0761,32.3829,24.3903,104.3584,87.2207,71.0392,214.6421,598.4371,34.2966,37.891,5.6645,187.5068,534.182,23.4542,76.3476,146.5735,136.0462,576.2989,694.0629,1048.612,348.105,19.1844,115.5277,155.3752,52.4769,222.9495,235.0054,58.5041,246.8137,293.0582,82.5118,1394.1028,442.1439,289.9724,11.7021,156.7572,231.6608,936.7725,7.5537,61.2476,70.3467,34.433,72.7542,336.2506,157.8062,519.9842,44.0235,217.4895,109.892,5.9809,556.234,356.6887,218.6843,349.1687,97.388,2.1724,2.1793,155.939,22.7753,61.6356,490.8887,391.3522,132.2744,29.0518,74.0435,306.9025,209.1528,716.1073,56.5579,213.7253,131.7215,396.3848,120.7379,100.5493,4.3426,446.3352,9.8599,161.0072,3.0
12.711,84.6184,38.6789,44.0678,94.8221,57.397,15.3402,1.1306,4.938,118.792,30.0214,3.1773,32.6986,169.892,49.1888,18.2932,3.085,62.8461,88.8858,160.7616,18.4233,15.0297,1.2147,21.3387,18.9795,10.0261,64.9412,31.4554,186.5756,951.7734,50.8948,120.084,13.5987,53.7783,217.9848,34.3875,19.0564,176.2848,133.8902,296.5044,258.1253,279.9973,307.5191,61.3141,67.6306,5.743,37.9376,111.0213,370.1943,26.9536,114.0033,146.2542,19.7863,380.5224,309.9311,25.503,14.6695,71.4058,164.5287,325.209,4.3041,40.2007,154.5474,35.2508,58.9796,125.0739,105.2565,320.3304,140.4956,190.3357,121.6821,5.3808,274.8353,55.1896,102.4222,232.8509,88.2998,0.6223,0.5445,161.8647,41.125,16.2392,271.7983,75.2123,259.7012,28.7319,27.1553,86.4489,296.4847,297.4201,30.8857,96.1037,164.1085,64.3541,111.2653,12.9444,4.1244,75.3148,8.8959,158.3595,3.0
4.7242,86.9663,40.7486,261.5738,61.6195,46.1182,17.464,0.125,10.1085,88.6009,13.7983,3.3158,28.255,153.5923,55.8202,10.1394,0.3709,31.9554,116.2367,114.4444,8.2499,49.1784,0.0638,12.8055,13.4533,24.8428,64.5998,55.4518,198.3869,593.6826,49.9092,60.8802,27.6597,82.8826,255.074,1.7848,48.9428,122.9792,91.0223,203.6818,338.3906,302.6014,223.3183,63.8123,57.6796,125.5049,48.9192,192.3795,119.9314,44.4413,116.2293,149.4514,12.0105,429.9828,200.1635,40.0405,118.0986,56.8722,243.5434,310.9968,7.365,32.09,114.9978,11.2841,86.3015,130.2016,106.5855,304.2693,101.2541,196.9942,57.8482,0.4389,280.5639,97.5028,67.0421,196.697,70.9454,1.3484,26.2412,167.7642,39.4018,63.0644,258.6759,59.4464,90.5549,11.9682,60.2346,157.4956,190.9103,299.7168,30.404,102.8422,161.1558,140.5212,218.4806,37.2137,30.0574,91.065,1.3656,173.1981,3.0
15.6318,146.4236,40.5508,130.2411,92.7555,50.4662,4.2743,2.7351,35.2296,83.8473,26.3387,4.1003,32.4117,234.3756,97.4285,7.3447,4.7952,28.3474,122.1747,152.6908,88.9045,5.1868,4.1867,12.1876,67.2955,23.1751,129.3629,76.0915,142.56,618.6037,43.6926,56.0755,22.5077,75.2188,307.9211,87.5992,22.6923,149.5402,122.5213,386.4312,561.9862,557.3924,421.9264,21.3653,56.6492,92.5176,57.9285,202.7789,181.8216,27.9649,174.0102,243.1175,51.7685,804.3811,264.9102,45.0557,56.018,16.3251,322.4967,670.5539,14.9552,67.7361,175.6802,21.9635,68.0015,156.0688,137.1376,564.7464,82.2718,211.4229,35.2706,11.4086,472.7245,86.3205,145.2755,249.6866,114.9631,1.4848,9.5505,180.7517,24.292,136.9099,388.7254,161.8107,206.1252,25.9689,14.9639,213.2709,235.5636,671.088,35.5186,165.1428,130.3897,79.8931,229.6052,85.4509,18.1765,169.2687,2.8201,90.6437,2.0
9.3614,54.7423,149.8024,106.2921,85.4203,56.4203,23.2566,109.8916,101.8296,68.8457,80.5602,20.7981,64.7829,153.8473,44.197,2.0358,31.3248,186.0642,170.576,120.4949,23.7537,20.8743,6.7575,20.8378,21.8256,75.3432,43.5816,36.1207,247.5001,571.7827,82.6318,115.5272,11.9024,120.5604,168.6059,32.0484,51.8744,79.5012,62.3584,337.5338,238.4342,235.885,133.5701,41.3362,41.401,60.772,54.616,140.4615,230.5746,52.1572,85.6947,161.9974,193.8044,361.4799,192.1799,131.0716,12.5696,79.0497,91.8551,262.9297,14.8799,20.3142,107.4739,48.6267,136.4087,97.6595,88.31,270.4199,40.179,266.1639,182.0502,46.5848,192.781,362.623,135.724,145.5307,107.1739,5.2686,0.4238,133.6802,13.5691,12.7733,220.8962,130.4198,91.92,30.6055,32.8612,131.8918,183.7599,246.1437,105.3978,61.9723,115.5173,175.513,51.5675,43.3115,3.1582,125.6231,0.2301,119.156,2.0
35.7281,46.5921,30.2898,85.978,40.9519,46.6547,15.4443,7.9832,48.8618,84.4152,53.255,1.1129,25.3726,129.9189,48.8333,3.2339,1.0306,33.3349,96.2077,113.6319,5.1869,1.3549,0.8155,16.8215,9.4125,46.0627,60.385,43.5596,229.5908,536.8351,63.6086,95.8934,16.5418,62.8028,129.1498,57.0318,41.5365,136.8845,93.3099,327.0444,275.1071,221.5234,292.5822,124.5328,68.4734,51.6316,54.2925,88.6431,247.392,11.7198,84.3959,143.1625,90.8209,244.3067,175.4099,49.4449,5.1204,16.3263,122.4437,278.249,67.9441,36.5363,154.21,75.1189,195.1785,115.9147,106.9357,294.5937,51.2131,185.144,55.9575,41.9964,190.2284,282.5732,123.6294,219.822,74.8435,0.5673,12.7051,145.9097,46.3034,39.2787,195.3573,50.0326,127.3616,11.8638,34.449,66.4726,322.4701,261.9676,97.7963,72.5725,93.4087,207.4818,116.2586,167.1419,12.3736,72.3198,0.5926,201.5167,2.0
7.2327,71.6533,175.777,182.2145,41.346,56.2462,13.5948,0.5302,5.0548,51.8554,35.6719,4.3481,60.7804,117.4228,50.1407,7.7055,1.1753,184.2691,229.3291,69.4188,23.3226,40.4012,124.6031,4.966,23.4755,35.0938,42.3367,40.4127,218.8631,445.1571,77.4183,90.8088,19.4924,60.4842,180.5124,18.2683,27.0691,74.3059,80.1138,375.4396,393.0945,259.729,148.7853,81.2832,26.5202,33.5852,34.9802,119.6884,136.3394,58.1243,83.5508,131.3888,38.8043,498.3498,178.2814,36.4198,2.7461,158.4703,154.6703,316.371,9.2392,1.7314,120.1444,18.788,65.641,85.5371,72.2907,317.9875,43.8595,227.0793,409.3302,6.8202,260.5686,297.6112,114.9787,140.0106,68.4891,0.6409,2.1147,157.9818,25.8937,40.291,226.3537,143.1463,122.0551,45.4132,182.7155,198.427,139.5396,400.6301,28.0334,84.5813,108.6439,42.2513,39.5801,40.3708,1.5595,112.0234,0.2183,166.897,5.0
0.8279,113.3424,22.96,75.0498,32.4508,52.5238,20.0407,0.118,0.1957,100.3069,5.2649,0.301,46.5732,163.6285,82.5723,11.6947,0.1008,25.7234,114.5113,133.8903,13.7035,39.0624,0.0,20.5354,7.1883,18.43,65.2917,27.9939,111.4458,615.8429,15.6257,61.0971,8.4002,64.6308,300.7238,0.2273,25.9164,142.8568,102.8552,246.5993,336.0933,324.0227,264.2344,200.2504,46.0795,2.834,17.3961,130.2659,276.7934,24.0066,118.4458,141.6912,2.5107,560.6332,383.0577,6.1574,364.0622,67.4254,180.5265,314.9625,210.0868,1.8177,133.5128,8.0247,74.3012,74.5764,118.8585,284.2862,70.669,168.3368,60.5025,0.1216,290.9666,67.246,308.0292,254.3023,52.4448,0.259,0.5128,190.4962,26.1415,62.7056,308.6842,79.1567,176.413,8.6199,18.1272,107.7032,191.5202,322.218,18.2049,127.2979,123.3924,224.8785,134.7593,17.5934,9.7179,138.2236,0.9262,216.0952,5.0
69.0355,15.7593,47.2527,89.3667,5.9199,69.6493,36.1255,4.3367,15.8619,17.4825,50.6334,9.0594,79.6255,38.123,8.8391,4.6475,0.4116,278.6179,66.9455,23.5827,22.435,15.3588,1.5813,1.3173,9.6542,30.6945,9.5295,21.5944,91.3689,199.1697,38.7609,49.4034,16.6985,13.7504,38.817,1.6505,28.8516,45.0192,25.8794,146.934,43.8375,31.1038,83.4981,32.3433,11.3409,2.0817,20.5728,40.0286,79.6577,31.4236,27.4037,31.3453,20.0367,62.2457,32.6112,15.3464,3.8484,61.4053,18.18,57.2895,19.8068,14.3134,59.6604,21.8674,84.6556,51.2707,18.3837,90.9387,25.3818,55.109,220.1616,9.2303,135.0245,109.9689,25.7473,31.8787,19.6823,2.5081,3.1034,59.8156,24.6822,7.9707,42.6975,110.8074,89.8291,10.689,258.2862,77.7798,68.8391,48.5559,27.5937,18.0793,46.6836,25.2582,13.6466,33.7563,0.6778,93.6931,1.2871,68.077,2.0
21.3734,61.0305,320.6106,78.597,120.1011,65.3828,28.7353,1.4256,25.1601,35.275,26.6985,18.2266,59.4452,141.1033,56.5335,4.83,3.6141,157.2845,237.3996,134.4645,25.5388,3.7035,10.2355,14.6698,39.9838,34.7962,32.4694,22.2208,240.1705,422.0528,122.0656,88.9276,9.185,41.0385,158.7741,28.9323,26.7433,69.6252,59.683,322.8709,249.3947,248.6908,141.9805,54.2459,38.5395,40.1741,44.5355,114.3165,176.1203,59.8985,101.6579,139.1404,164.6893,332.2621,124.2373,107.5702,19.4018,153.5865,96.131,263.3471,16.9243,11.6679,99.2708,15.3172,69.6702,120.0688,70.4645,229.4732,19.7751,279.886,442.5251,29.6939,169.9732,288.2605,130.5807,186.8653,104.3812,3.5342,105.4784,120.0393,19.3725,28.9035,262.7374,109.0352,89.0977,36.2814,28.1695,96.8729,144.6614,230.219,33.8355,69.786,109.3157,39.9234,41.2762,83.3217,1.2668,225.7233,0.4135,154.1769,1.0
1.3021,78.1989,46.7655,70.8747,19.6093,44.7614,28.2876,1.6206,24.3027,99.2745,44.0088,2.8488,39.1485,120.8553,26.9471,42.1644,0.4476,60.1348,85.8102,65.4909,8.9271,33.4393,11.5658,6.7722,136.598,17.6978,62.9197,50.2511,116.4005,730.1509,47.3344,62.5843,25.4625,42.9877,146.3408,8.4724,15.5429,194.2889,93.2265,380.4837,304.5723,177.1848,357.9811,50.9234,30.9589,11.3537,46.1853,102.9221,125.2228,14.0303,62.3281,92.9194,9.5377,317.2584,105.8736,7.6945,20.6643,52.5735,124.0512,277.0993,8.5022,12.3635,134.1311,21.8691,193.1876,91.8491,67.0617,364.978,126.9006,199.8822,168.6351,2.191,219.7442,79.5434,108.5788,125.5193,86.4835,0.5905,1.3332,129.2427,19.5798,26.6727,235.0564,105.4318,176.3171,40.0588,25.9008,129.4593,272.5153,492.133,28.7642,85.1271,124.5262,96.9487,180.8189,59.9081,1.1057,60.8939,9.9768,145.347,2.0
7.0005,82.8914,28.9547,38.6742,44.802,41.3594,11.8349,0.132,22.8455,78.6415,72.0296,3.3655,38.8037,161.8274,42.2007,3.3812,0.8434,42.8001,75.1662,87.8851,5.6266,6.5988,2.4468,8.3563,45.9226,13.8865,61.7643,59.2558,214.5012,579.7703,48.5808,94.2095,48.4487,60.5837,191.9985,35.964,14.6254,164.7545,88.854,219.4668,245.9978,272.3911,341.9631,22.8457,64.4528,119.6723,44.3278,122.0585,196.4012,15.1993,93.9555,151.5765,54.4254,308.7156,227.4193,22.2754,6.1391,23.8275,143.3527,276.4376,9.6063,53.0812,144.4277,32.7721,193.5104,152.2363,91.6377,311.2161,24.7348,190.4063,62.4354,9.9069,216.2662,95.7278,135.0637,228.2761,75.2398,2.0812,1.882,121.3026,21.1597,91.0634,248.9659,86.068,196.2369,17.371,15.0572,92.1312,277.9522,253.3844,37.638,114.3661,110.7831,56.0571,194.6046,76.3139,14.3526,84.0322,1.3141,128.5004,2.0
16.4518,85.9769,190.5322,70.3264,114.0139,61.9859,19.9831,1.355,5.9074,47.5905,38.459,1.3425,66.8574,150.1146,71.9912,5.268,16.2065,229.8501,253.7118,89.9609,27.2319,6.0639,9.4942,11.3016,39.0283,27.6706,33.9741,30.3239,305.8561,392.5194,135.01,81.2025,8.4835,34.6523,217.4528,35.9347,23.6875,57.555,66.6587,510.3668,360.0074,466.4223,131.0932,62.027,31.3474,81.533,46.488,140.5505,163.2649,88.5001,107.1261,183.6788,214.3935,482.8696,147.2649,79.2485,12.4868,107.5353,117.148,440.904,11.3167,20.2446,104.9052,22.1731,71.7797,153.9989,75.5643,398.5616,55.4922,275.2755,349.1917,13.4409,309.0763,242.6843,131.2911,211.7777,91.4121,0.0963,90.2487,167.8793,15.2684,62.6905,252.4175,91.9719,105.9089,51.6929,40.2536,124.256,120.1109,262.0607,20.1109,98.87,133.8141,23.8542,52.181,27.1208,7.5559,234.9026,1.479,156.2538,0.0
6.3929,153.6334,61.5404,74.9275,26.4782,44.6409,76.5469,0.1107,9.3075,118.1053,64.7222,0.2667,35.2586,229.5939,141.9857,5.7835,0.5022,77.7169,187.1716,90.5215,12.6507,6.9009,74.5826,14.5076,14.6789,32.7603,108.9386,61.0062,185.1947,674.9556,68.2583,74.8788,5.3068,62.4296,514.3379,115.4727,20.8392,104.6352,133.3571,712.4334,783.1983,656.4254,279.1456,27.7971,100.6948,28.0754,33.4538,292.2097,221.1889,45.987,155.2964,187.3734,0.0585,1190.044,364.5203,0.5653,2.0829,39.7312,358.6779,692.6997,11.2919,142.1007,170.1462,25.5262,160.8711,232.6483,349.5706,510.7785,101.2481,266.353,238.5188,59.7831,606.9223,126.6088,136.8488,318.1606,123.9309,0.1252,0.8519,194.6873,23.5071,71.4364,337.737,188.1157,219.3583,72.09,46.4296,280.1763,233.5482,611.0002,70.5378,154.2755,205.5537,71.0246,158.688,15.9453,0.5413,161.0836,2.0059,139.1661,1.0
10.2785,113.3199,74.1343,118.3764,60.6077,64.1429,7.5573,0.4843,6.3254,89.3721,71.3882,4.8246,41.3401,243.2831,116.9756,84.1588,1.1141,63.6536,198.5189,136.294,18.0466,2.7266,8.9119,12.5481,21.5243,395.9949,64.6494,34.2968,166.4345,503.2338,41.9407,64.0506,4.824,120.8703,570.0394,39.1903,71.7035,121.564,98.0269,300.2891,386.0477,510.1958,147.9703,45.1609,46.901,8.9059,29.0698,313.8401,216.2335,49.6526,163.3784,255.2382,14.0201,501.3074,364.2465,31.5149,0.8547,77.4362,349.1677,399.7777,17.0436,78.8363,158.4146,63.0082,36.9922,194.8567,16.4709,289.6363,73.6577,311.3627,238.0486,33.8423,321.1718,348.9396,99.9851,310.1363,105.194,1.3887,3.344,177.4855,310.4188,60.7439,376.81,143.527,191.6725,28.2545,88.3537,159.7686,176.9732,248.5036,40.8967,110.3243,216.3802,394.8307,128.9352,17.7116,0.51,130.1426,2.3536,222.1853,5.0
19.4196,79.6706,91.6359,177.7006,53.4434,49.6839,86.7408,1.9185,156.2544,105.0922,69.93,18.2922,39.8033,172.8958,54.0567,2.7485,10.3647,87.0218,143.4586,88.8351,12.463,7.7893,2.8965,10.5163,17.8789,100.1176,58.4087,49.9222,179.364,484.2027,79.2276,92.5144,15.9047,69.3886,266.9216,94.3033,42.4867,81.7306,82.0525,348.4647,335.512,331.1265,267.75,57.7265,63.1597,174.0128,29.3805,181.481,193.1242,38.4231,105.3727,151.1437,37.3382,434.8335,229.7136,28.472,6.2677,47.001,139.1362,321.483,10.5226,91.0265,132.9456,47.0363,230.3646,160.1401,163.4775,259.7087,32.0128,237.3986,188.7219,9.0806,234.0913,260.9871,88.2213,244.1141,77.1065,0.8511,2.0313,151.5479,30.378,19.6327,223.24,105.0226,153.6084,32.1936,143.9601,149.2574,333.9141,312.4513,51.7051,105.7695,163.3672,122.7422,88.6558,286.8129,6.0664,114.8546,0.4246,174.7832,2.0
15.9101,84.969,112.0961,102.7416,75.314,54.0625,20.2197,2.1244,30.0432,75.5317,30.8341,7.0568,45.3264,164.9233,100.2607,3.1684,1.6181,102.9652,187.5726,113.8812,14.9893,6.2332,5.265,30.9752,16.7964,39.2142,79.7671,49.4324,224.6951,494.1038,84.1273,100.1058,20.1744,56.1686,269.5019,132.9273,17.3809,105.2383,82.3111,368.2077,270.9666,319.039,211.1822,20.8034,62.8284,146.6915,44.8377,140.6508,205.2459,37.7354,98.5376,156.0974,88.5219,388.8387,205.0841,47.228,6.2051,40.7003,161.964,287.0472,36.9435,32.8152,117.4755,22.217,148.7068,164.2281,213.7392,257.7562,75.4482,223.4451,203.0359,55.7455,228.7719,298.6585,104.9999,220.8301,138.2704,1.7604,4.6837,138.8575,8.8343,37.9389,261.2976,109.2316,168.4466,39.4583,14.507,153.2887,199.3153,313.7422,143.1009,108.8212,156.7861,61.9508,102.8536,248.5495,3.8305,159.1858,0.2241,139.2484,1.0
20.3869,107.4104,70.6417,334.8778,152.5263,54.4943,6.4084,0.0241,5.3384,82.6073,57.9897,1.7959,40.8623,174.9616,60.4736,14.8952,0.962,135.5149,118.1255,104.9981,89.6352,22.4244,0.0602,8.371,66.0422,92.6364,49.5254,34.1027,215.9849,786.1772,45.7251,67.7152,19.0663,47.647,231.7466,2.823,95.5191,140.5059,96.4497,466.5764,309.9702,377.9215,284.3334,19.2555,29.706,16.2731,23.043,154.533,358.5029,75.7284,142.3771,145.5158,2.611,603.3256,141.5856,4.8676,0.3066,102.7398,305.6274,339.7009,46.656,45.465,120.1868,61.0915,53.6141,104.7508,95.0695,370.7872,67.8864,189.8243,255.1674,28.3944,376.3881,224.6375,180.0312,189.6125,80.2009,0.2816,0.2967,232.5448,38.0099,21.4664,237.6288,88.8553,197.8547,75.9771,173.9282,158.7958,285.7279,346.327,38.4284,126.5392,185.6521,57.017,130.19,21.8284,0.2618,122.8136,2.1966,312.8277,5.0
14.5375,50.5802,117.705,85.6338,61.2617,81.5304,15.6016,6.931,49.5334,57.2678,46.7718,11.3943,42.1152,143.4426,41.1998,6.6056,16.1297,192.0346,159.4516,87.5503,33.7753,6.7702,4.6516,13.4987,23.2975,21.9516,35.7007,28.5424,238.5795,389.9382,93.185,118.0869,14.1089,57.7137,148.1704,30.5897,20.8059,75.9407,56.6291,277.4638,193.2363,173.3581,145.7652,46.765,38.8092,51.9878,48.2228,102.0615,223.1597,51.0368,84.8312,100.4896,69.0457,240.4991,118.266,56.6141,12.7013,76.0587,74.6426,178.9316,13.0578,5.3888,119.1282,34.3715,95.1008,81.6951,88.2824,177.5211,49.6191,264.3207,286.8373,46.8978,156.6487,320.3914,92.9284,113.0573,119.9934,3.8952,39.8114,114.1032,17.8831,14.9564,206.728,84.709,103.6866,62.1297,63.7655,74.9526,153.165,244.0386,45.2769,52.8561,104.7538,53.3947,36.0252,56.2184,1.044,135.6901,2.175,155.6666,0.0
7.3541,58.159,151.7412,233.1428,63.5808,49.8575,14.7889,80.4925,49.9763,59.5612,61.0677,18.4149,63.746,123.1781,50.4542,7.9543,169.8261,137.869,137.4817,87.2275,29.5099,4.5512,1.5267,48.5721,16.7691,46.7469,43.8673,48.7721,290.2166,364.285,56.1827,71.6625,16.9978,103.2101,185.3949,18.1151,77.3875,84.9246,54.2348,353.7719,315.588,289.2179,152.1854,39.8653,55.0255,50.4938,56.0515,132.1542,152.0526,36.5885,87.7611,133.2001,114.0705,462.0946,126.0124,207.093,22.1103,63.6706,95.0777,261.8284,7.0409,13.6471,82.7852,14.4872,57.8754,82.2374,72.6491,257.5338,31.6968,212.7967,96.5129,18.5789,181.5547,226.845,101.3001,129.2278,85.8328,5.0327,3.6172,156.8937,19.3237,10.871,232.9688,150.3053,105.7604,39.1382,154.857,168.9498,170.8954,325.0787,36.8581,66.0565,129.0782,161.4716,83.5627,64.6114,2.1904,147.2949,0.9557,189.3247,5.0
11.3408,46.6338,32.4079,93.4335,52.3729,63.9696,10.9256,1.9087,15.871,88.2863,38.3748,8.5529,40.2993,132.3286,30.3261,26.3339,0.3118,51.8029,74.2706,93.6845,20.1394,42.7427,0.9653,5.3992,15.9706,12.1774,40.2658,28.5564,194.5065,368.7036,67.9118,124.2945,31.0921,27.7002,126.0613,7.3626,14.4825,174.4325,75.3444,327.8135,160.1437,146.0112,339.3976,44.7855,36.0812,16.91,50.7954,98.5544,226.7222,32.4124,62.2894,112.7247,36.1352,166.7568,161.7405,16.5972,36.7103,37.7487,95.1261,146.3882,22.2832,19.0786,200.231,29.7177,88.1696,60.0835,85.8076,191.8766,45.9259,197.6955,108.8428,21.9272,167.253,87.9049,89.6131,124.5818,71.9428,7.4289,1.5959,139.0407,20.7462,21.2309,104.0295,98.5572,199.6425,22.3442,40.5426,118.281,248.0873,224.3321,34.6137,55.0213,118.7413,50.0605,146.771,23.8591,3.7729,80.2158,0.5512,107.5961,2.0
38.8784,97.3034,44.509,269.9583,42.5212,57.4224,39.4484,0.6622,44.294,80.3675,36.2723,0.9461,40.2545,144.4345,44.2685,3.1858,0.7018,81.9855,76.7774,85.3843,12.2571,8.6701,3.385,11.9213,15.3116,63.6061,87.8372,61.3863,103.376,513.2207,70.3911,93.6505,20.0617,70.6759,251.5551,57.7192,40.5074,166.8683,89.7633,396.8778,291.6497,270.4071,368.4035,48.8454,44.3344,139.8104,66.5291,170.0776,178.9974,18.4046,96.2765,144.1257,53.4562,330.3994,174.114,38.1847,5.3036,48.4126,148.979,267.8287,29.3927,35.2985,162.4873,39.8188,163.9894,111.8713,174.4378,301.6318,43.9973,213.1903,119.1914,15.3244,267.4289,358.6333,90.241,177.3587,84.2065,0.3449,0.3663,155.7135,23.9613,52.71,228.636,104.5399,198.7026,29.9013,45.812,163.8754,389.6771,284.5546,68.4272,107.7088,165.1847,64.1818,153.5902,38.6114,3.2004,109.5515,15.7325,147.8558,1.0
85.3277,83.3781,146.1969,74.8224,251.8364,59.0863,14.4836,1.4038,48.3087,105.2453,36.0545,2.9694,34.2859,261.0101,90.8511,16.7348,7.5353,115.705,240.6979,162.4215,17.2295,3.7772,0.657,16.7279,26.7379,26.2209,72.896,49.8534,250.0841,595.37,87.8606,90.3773,12.5348,35.3351,307.1406,2.9389,19.5435,149.3235,65.7631,439.5321,404.6166,396.8749,219.5886,72.8247,44.8708,17.8188,42.7562,214.8657,238.6862,67.9475,151.7212,143.219,58.3342,555.4443,344.8607,58.0718,16.3619,121.9401,191.0268,330.3724,5.2628,49.2395,140.4288,21.9991,123.7216,107.4762,139.8105,302.6926,51.3256,293.2197,271.6546,26.1668,419.5228,123.0781,118.0665,239.2397,101.7127,0.6647,1.2842,185.2919,116.7549,32.5903,350.9589,162.0916,103.6156,109.1096,84.5921,183.5546,206.3724,405.9147,33.2322,99.6257,211.6912,89.6638,101.6608,210.2418,0.6181,184.1261,1.4057,166.7057,5.0
11.8164,84.9064,44.7307,56.9999,34.2772,44.5753,3.7475,0.486,5.5173,90.2999,37.5524,0.6698,40.6326,203.0198,112.8962,0.8295,0.3183,76.2724,78.2198,139.0022,8.8279,1.0255,1.706,20.4973,9.5726,23.9681,61.6937,59.1143,91.0172,691.0752,75.1714,105.1208,9.2181,42.6555,194.3021,76.2688,15.0253,169.1214,98.2679,291.3296,240.1419,308.473,312.4212,16.8334,50.7052,23.4913,28.4974,112.8044,252.2454,28.1888,98.6163,193.8973,34.0607,304.9969,228.3736,20.2282,10.0263,33.5324,115.1789,298.8615,51.4674,104.4727,130.5772,86.6395,138.5436,155.9719,150.8442,321.8072,96.6707,181.5653,140.7906,36.3959,211.9466,120.7406,125.609,303.8023,81.1855,0.2365,0.6647,99.9647,17.1949,44.2658,207.744,78.2353,377.1138,38.4964,38.3225,73.9547,303.3463,331.107,118.3239,116.3943,149.2412,49.5985,108.9032,156.4876,2.8704,99.2255,0.0111,165.6638,2.0
3.4567,106.2263,15.7717,64.3706,66.5975,71.6523,10.3397,0.0838,0.2047,166.5632,20.2309,1.1295,45.4986,172.4617,59.4176,22.1863,0.1519,31.6773,91.0523,166.4771,19.6361,15.8123,0.0672,8.2021,5.5553,16.4489,78.9261,40.9525,114.8923,651.4337,11.9024,89.0259,11.9878,64.2297,268.4433,1.1879,24.5287,191.6821,93.1745,401.409,359.8816,394.7049,305.811,62.7401,24.5418,4.231,67.9246,253.5641,144.559,19.0062,121.4976,145.5105,12.7045,550.7867,217.5451,20.9113,144.7189,37.9427,193.9755,346.662,6.537,29.2682,146.5785,45.7983,86.1715,90.3653,83.857,393.0657,60.5246,165.1515,53.7849,10.9037,306.7143,72.6754,140.9402,190.0104,69.959,0.7371,2.2582,209.2435,50.4701,86.2047,217.4716,139.4709,165.3445,18.4522,16.3149,190.3756,326.0967,421.7574,25.354,127.3518,154.6751,112.5533,165.421,24.0368,1.3158,96.9441,40.2823,184.1915,5.0
0.2467,81.1641,4.7008,87.9423,42.4503,41.7072,2.211,0.0079,0.2536,145.4935,60.4257,0.751,64.8976,185.2537,72.0977,14.2803,0.2285,11.1123,12.5954,96.0748,2.625,0.1858,0.1474,5.7096,2.0582,15.6962,146.6094,75.8739,26.3295,715.6558,13.5918,82.8197,11.3883,58.6082,266.704,10.9279,8.7262,141.8926,109.7637,535.0811,455.8641,290.5753,290.9998,9.1256,47.4601,8.4393,64.1754,151.6596,251.8834,6.4525,108.5625,135.2095,0.383,570.5097,194.8757,1.2173,8.6458,7.5169,207.2612,392.548,3.8786,4.6799,193.2973,57.331,32.9481,71.7524,133.7801,460.5339,17.2761,168.9206,22.6611,45.2252,327.7572,45.5663,101.731,154.3273,68.1547,0.2047,0.0646,203.1464,111.5174,18.6633,186.252,161.475,406.5244,13.9928,15.656,287.8339,286.0282,442.3259,17.6656,123.4471,179.2311,66.9851,162.1342,3.2925,0.0128,58.2061,17.9589,107.6176,5.0
5.2026,64.2263,23.6734,139.4183,23.3328,51.524,3.9521,0.0883,4.3245,93.5928,33.8221,1.3677,31.6294,122.1023,40.6315,19.127,1.281,30.2078,55.7532,66.6855,25.6706,26.0956,0.2479,2.702,13.2745,35.0115,59.2131,56.4582,174.8712,676.6873,35.2469,92.8581,20.0579,73.2203,170.9298,16.4697,35.3855,117.0585,125.9614,599.4839,451.2933,203.2505,232.8346,89.3675,36.3463,5.5695,51.6745,123.7931,152.9437,13.5096,76.1708,114.47,18.8995,612.6333,167.9987,42.8955,1.3294,26.0512,157.2867,397.2997,6.2231,4.1035,155.1265,17.1601,145.6739,43.7667,50.5041,519.1775,36.1183,188.2806,59.9259,5.7171,384.5547,134.0566,158.6985,129.546,70.7786,1.1892,1.5695,188.4382,31.3504,43.9312,173.1023,165.8932,220.1981,15.7899,61.2646,186.1296,177.7241,548.6082,29.3321,90.4793,89.2478,122.1985,174.305,23.1206,1.5221,60.7292,0.1938,112.2951,1.0
0.4268,198.074,29.0866,66.6125,103.9771,52.0676,0.6276,0.0816,1.173,106.5963,42.9413,2.7729,21.3485,167.3753,81.4924,8.3362,0.2959,25.1378,156.7332,55.5459,231.3,34.9277,0.1091,15.2028,6.827,48.3496,120.0455,71.3784,121.1064,639.7928,50.5974,60.411,15.5766,92.1443,756.3692,5.035,42.0334,120.969,156.2008,787.0539,636.4281,778.6351,422.0026,28.2116,54.3931,18.2629,61.9173,429.8372,270.804,36.1451,216.0178,267.3453,7.8196,819.5013,208.4726,25.257,46.0722,29.4885,473.2877,725.9766,3.6642,2.696,172.115,54.8732,52.8466,264.7749,155.0455,508.0004,80.2122,174.9657,29.4469,5.7823,560.8139,81.8651,141.0765,280.9347,92.952,0.4742,3.2513,273.0794,17.4009,53.9695,533.7756,197.7251,203.4447,10.9018,29.7618,222.3737,236.8215,278.5383,24.1879,215.1449,151.7366,50.0555,429.6297,62.0872,53.9977,194.0571,0.4798,156.1273,5.0
13.0806,56.9511,129.8605,293.902,177.7641,47.9704,10.8694,1.6756,21.8933,83.8985,35.0743,6.6792,49.7828,141.0434,48.1634,8.0709,0.5934,108.0143,216.6169,119.3356,19.0687,16.0168,6.1019,9.3475,37.489,47.9635,45.5814,31.6225,256.0934,552.5405,87.0701,86.6705,10.2991,75.2897,159.7441,7.2339,66.2659,122.5977,63.7846,304.8542,254.8725,261.0886,173.8537,281.5511,54.548,23.1431,42.0834,129.887,181.7336,55.0057,88.5225,137.3709,79.2512,307.7504,105.374,174.606,4.3975,131.9391,92.2913,274.7042,33.5667,35.4953,131.7708,28.6736,95.9409,106.4881,94.7997,272.5248,38.3729,221.7362,176.164,7.3987,197.2769,257.8821,102.5127,136.8979,73.1498,4.1308,33.7508,148.6601,148.443,21.2088,247.7508,120.8374,129.2795,45.923,247.2458,95.5136,247.2891,315.2111,33.3143,92.5567,141.3686,183.5503,64.3904,11.4666,0.702,100.8954,0.9197,163.4848,3.0
2.4593,73.7339,16.1496,30.6131,109.0733,57.8116,3.1793,4.5573,31.7425,113.4094,10.2132,1.0858,34.9775,158.4246,109.2666,24.7619,0.442,22.153,78.1838,132.575,3.4683,5.3558,0.1141,34.1453,20.5836,9.2309,75.2919,31.0237,128.2497,922.34,32.3681,112.8422,17.2381,30.0777,253.2757,5.9292,21.2048,152.9124,135.3778,179.2643,225.2264,252.9721,410.0452,88.0023,79.0961,5.201,69.9301,188.985,323.8451,12.6423,118.7752,157.8528,23.5965,282.7321,240.7425,43.564,240.3899,43.8216,156.5149,223.7232,310.7756,61.3571,191.5269,68.3281,57.1318,76.6177,221.696,229.0554,35.8828,171.2908,37.3077,0.7741,174.8582,54.9681,108.2598,183.9501,72.8589,0.5578,2.1247,150.6808,62.2937,31.8251,246.5646,89.9782,95.4674,20.8721,20.2195,110.3791,365.8609,271.3114,18.1546,105.8898,214.7976,113.4549,225.2077,17.6972,1.1514,113.2749,5.2772,193.1319,3.0
1.2977,74.7176,22.235,88.6618,37.7217,72.0339,2.0061,2.8813,21.6011,166.7084,61.0461,3.0309,71.0976,168.2864,65.238,14.9192,1.6128,42.8931,56.5291,88.6476,6.0511,1.6142,0.2081,5.2248,10.3897,18.359,106.3566,61.2108,77.6923,599.6212,12.7374,46.1217,18.2428,101.9917,284.6722,1.3059,18.8033,134.1654,73.0417,335.0571,336.8066,427.2517,318.6465,15.433,55.9798,15.13,82.6651,209.0432,210.7348,15.9367,95.1946,131.2539,16.5959,404.4077,233.1438,15.1297,39.0454,26.5442,107.0459,407.166,6.4293,49.3107,153.2066,49.1333,42.8595,93.6846,119.4171,319.767,70.1425,181.4777,59.9617,21.0275,257.7014,96.7614,76.3649,137.876,64.48,0.5799,1.333,162.5106,128.8213,20.9436,255.4136,119.258,202.3753,52.5899,9.2875,169.6985,208.9272,301.0283,26.7911,95.3128,175.9145,63.2817,144.331,11.8611,1.2397,99.1224,7.1944,127.9476,4.0
15.4623,49.7922,27.5922,68.9199,13.8486,51.2993,79.8684,0.346,22.9994,101.9457,71.0736,2.3972,38.1588,168.0769,65.625,9.5192,0.3621,31.041,47.9742,87.3597,6.2243,13.9065,0.1993,4.3611,7.3381,9.5735,52.1896,48.3276,128.0904,655.5453,65.4494,104.7287,29.488,24.0388,157.2716,1.0163,11.1933,144.0009,100.1139,323.2975,226.5037,184.6274,327.574,51.9124,39.42,17.8072,39.219,111.5152,288.1586,13.1665,75.8442,125.6187,25.606,310.3666,203.1466,8.7597,1.3701,20.416,144.027,248.5881,170.8755,70.8775,173.2173,35.3386,148.7016,72.0404,138.9236,301.2998,76.9522,173.8426,80.0951,30.5983,203.368,43.8752,122.2121,143.9486,72.5128,0.9176,4.7774,101.4482,14.768,42.2675,174.8685,99.275,181.887,15.0248,12.4221,124.3129,306.8113,315.004,49.4528,72.4242,136.9159,59.595,141.3662,82.9108,3.4147,67.5941,0.6793,129.4783,3.0
13.1325,95.6458,37.2212,476.1704,28.2825,42.1243,4.2175,0.3703,2.739,73.6671,43.6887,0.3816,34.9419,233.9982,130.0578,0.88,0.9996,75.1816,96.5724,133.4786,9.2211,2.2608,2.6116,11.1788,11.2834,334.7178,99.3615,61.9016,129.842,536.549,95.2497,98.6591,17.262,55.4751,278.4285,117.2662,43.5147,119.0472,90.3264,346.0896,334.6309,436.12,258.3431,14.704,80.2694,137.8423,21.8474,149.878,201.5052,22.9761,119.5587,218.5642,16.0896,378.8777,342.6535,23.4599,5.6418,25.8714,197.9664,361.142,130.5928,144.2406,123.1456,49.6876,112.3635,154.2174,284.864,356.615,70.4143,181.8522,97.249,17.0121,310.1561,409.0619,113.5665,285.1721,97.0327,0.1071,5.1228,105.1221,7.2341,57.2946,253.0686,146.9583,228.2433,38.1345,139.9708,178.7798,204.9342,364.015,110.6317,120.2835,176.6778,131.5186,106.7162,39.2238,2.6515,115.5097,0.5956,298.6292,1.0
6.9299,83.7327,54.623,30.3472,53.1026,56.3992,12.1236,0.1208,1.4416,56.299,24.8287,2.6512,33.4832,142.7019,64.7662,9.1065,0.1252,127.2682,223.5825,114.9561,70.2108,72.9278,0.3553,19.1223,44.2113,16.5863,66.1708,42.1195,175.8478,531.2334,42.0744,115.415,15.9149,43.7012,165.8365,8.3962,12.4308,173.8296,78.6616,250.5242,197.89,216.9346,250.6901,53.6825,29.8002,7.58,76.4248,113.1367,183.9722,44.6077,87.2238,149.2527,5.8133,211.707,178.405,12.1047,193.1314,239.4963,104.0621,165.8189,14.4368,7.9375,150.3278,14.7434,78.1917,111.2907,73.6135,218.0063,43.9164,197.8549,209.5938,1.4113,141.1702,72.9863,216.3169,178.3655,49.6365,0.829,2.584,137.413,25.5647,36.9557,286.2702,66.8366,202.3464,101.7333,12.036,68.1875,227.5612,165.2871,45.4822,77.4023,116.5671,37.0836,158.6429,44.0291,30.0377,102.5624,0.2131,156.8021,5.0
10.8276,67.6453,51.7039,72.3093,23.9541,73.1061,7.4314,5.2094,8.101,92.1334,25.2233,14.3809,45.6527,162.6801,43.5255,4.5843,2.1499,52.7569,142.8512,85.0655,19.89,7.4912,0.466,7.0745,19.8933,12.7905,48.9352,19.5846,161.0649,685.0821,47.4214,86.6234,27.5335,30.1058,211.7188,9.5824,15.6248,121.1929,135.721,528.2235,337.3501,228.316,204.5232,55.7233,29.1835,9.5459,57.2795,142.974,217.9684,27.22,86.6211,158.0707,88.9762,480.9068,177.5601,69.5339,5.2099,45.5961,139.1198,323.6683,17.8985,3.1569,181.0762,18.4308,77.4216,60.5168,73.6727,514.943,27.2536,236.1114,86.2402,8.2707,338.5312,116.7193,232.8378,114.6434,97.2843,12.3065,16.656,228.0461,41.4685,32.9192,201.8139,162.4067,141.2919,24.5832,34.8593,260.5186,192.9323,392.7853,29.5045,86.0872,135.2689,64.2863,158.2881,21.2845,5.6774,104.0908,4.8893,147.3766,3.0
32.2791,77.898,36.9194,110.0179,109.9608,32.7289,3.5198,0.6972,4.8248,69.4356,19.3353,246.4906,38.5037,136.0263,44.3487,1.7567,1.1065,61.1346,45.794,78.8905,54.8192,8.773,0.2447,4.8981,10.7403,32.6542,73.2615,42.8991,137.463,600.694,22.3099,98.2922,14.9063,75.711,163.0164,7.258,30.3845,78.1705,76.7232,350.0055,263.6819,328.0037,324.648,12.0925,31.3648,3.937,45.9508,124.1501,169.534,34.7912,90.2637,154.766,3.706,492.0391,237.9837,15.5421,11.1427,66.647,228.3795,296.6495,4.6306,1.4535,155.6423,108.0581,55.1676,56.5856,58.864,293.489,86.1054,192.8941,98.6243,5.3767,161.3296,192.5665,121.1803,97.4346,65.4697,12.7001,0.1192,127.1672,26.1228,18.1989,209.3583,108.1314,392.4775,48.7094,133.6978,119.0022,206.8545,310.1599,20.9943,95.2628,95.9376,87.3144,106.363,2.2523,4.0703,76.1834,0.4903,146.8542,5.0
4.4962,54.7885,36.9834,231.3138,18.9809,51.8215,9.9381,0.0393,5.4126,92.9287,64.9672,0.9096,28.4152,129.6018,28.47,6.294,0.0714,109.0434,147.5237,61.2596,18.4906,49.5121,0.2824,3.9036,13.5094,44.2631,40.537,41.8179,166.3342,480.4058,68.0036,106.8342,36.3565,53.6925,116.4762,16.6415,41.0909,115.0792,83.1242,327.2267,247.1556,152.6961,257.2408,104.1344,32.6716,24.7619,39.5933,89.9734,160.7328,40.6706,61.4498,85.7647,7.2103,309.5513,133.7335,12.1655,4.0415,78.7124,118.3607,216.1763,16.179,21.5329,139.6381,20.4516,95.4415,59.8549,45.6971,283.601,24.8927,175.7048,139.1026,4.1503,215.4862,206.0374,91.4847,102.2571,65.5216,0.6301,0.0807,102.6831,18.188,49.0591,209.8767,103.5654,179.3889,32.3704,131.6419,132.202,181.1609,310.8662,26.3059,87.7252,92.0023,93.941,125.0712,31.523,10.6945,49.2808,0.5507,117.7278,2.0
67.1824,84.3787,19.2321,51.5218,31.9807,52.4938,34.0472,0.6288,7.7344,109.3049,71.4584,5.8776,48.1384,189.3063,85.1018,4.4959,0.4763,27.0866,49.821,122.3267,5.7977,1.5492,0.9314,16.3219,15.0511,11.6367,63.6989,58.234,127.9304,721.6662,106.5562,92.6184,25.0283,38.3803,222.9472,38.2373,8.8856,178.1323,126.3158,335.5353,240.56,251.8082,433.9641,8.5044,96.339,48.1585,36.5751,188.6408,196.348,12.4405,99.9412,138.6877,23.2069,284.4267,254.5345,6.7522,5.4377,13.5164,130.12,262.3586,35.2364,70.1985,142.9736,36.5771,90.0231,113.6068,111.2181,309.2302,57.4978,255.3082,56.1662,19.3093,225.6527,91.3664,125.4579,236.1926,89.1855,3.9992,0.1701,129.1258,22.4651,26.6478,220.9352,86.4314,186.6729,23.4529,10.7013,106.3562,339.3771,328.4198,60.4564,92.0314,169.3417,54.8299,290.6588,89.5657,19.0931,72.0161,1.081,146.4995,2.0
31.2815,62.2499,254.5127,225.2397,77.2999,75.2472,21.6932,54.8153,24.4838,46.5162,23.5361,37.9285,71.5948,154.7173,48.474,3.1393,20.8004,219.1447,322.7066,108.9846,44.2855,6.8752,11.069,16.2394,57.8984,60.6155,28.6646,22.0653,302.9645,453.9924,140.8159,122.8356,5.8128,49.9495,172.6811,52.0407,50.7639,74.5889,65.2283,421.3642,292.3192,191.3892,145.8594,95.2174,27.7751,43.1388,44.0582,137.2197,213.4348,80.8323,99.0868,136.5726,131.4924,400.544,143.0761,94.7214,46.3407,85.737,86.2756,237.2525,14.5494,8.4284,141.6214,14.9914,85.8891,123.7974,58.2856,233.0342,25.2237,292.9852,363.3177,49.6655,221.8466,481.6427,114.327,143.4983,112.5374,6.8234,8.4058,163.0194,13.7698,21.2334,260.3288,139.9143,61.0634,63.2231,213.1613,141.7803,159.952,325.3697,33.7264,83.0744,153.6995,72.885,32.7028,83.5165,0.9969,223.1783,0.2944,200.9656,0.0
12.0855,65.5226,29.8261,93.1125,173.5162,48.6669,37.6542,4.9717,55.0398,84.5347,56.3385,4.9204,35.4379,205.7187,39.0216,12.5487,1.5098,107.263,107.9911,103.2422,19.6295,1.0492,0.85,17.0357,20.7855,36.9623,54.4108,41.3335,175.2002,591.6867,39.0614,69.65,21.1412,61.8277,229.3871,11.063,14.6572,162.772,83.2274,293.3375,254.356,415.18,210.5739,28.0257,54.0124,22.3734,37.5081,160.5491,214.5865,40.8799,111.8014,161.0019,64.2847,568.2974,113.7209,44.69,3.3016,32.1272,142.4307,282.1687,21.3804,68.8596,136.9936,32.5285,104.3467,116.7353,137.6282,458.0334,50.5403,203.0099,93.6764,14.018,302.1742,166.0749,122.126,246.1412,90.5263,1.4884,10.2145,144.6934,183.0251,32.0881,189.926,128.2906,179.3503,88.8746,25.5186,149.3341,188.046,345.8301,191.4864,97.4147,136.8179,96.115,107.8764,32.7717,2.4041,91.1082,0.5857,158.7258,2.0
7.7138,59.9463,41.7501,143.405,64.5344,41.581,8.0081,3.5008,14.3553,80.5526,43.376,5.1394,39.1365,150.8939,69.3198,11.6134,1.5933,95.1329,288.0732,143.7583,19.034,51.216,0.2781,26.1575,32.7511,54.6949,56.6503,37.1444,167.5419,509.9727,46.7007,92.4693,21.4117,120.3996,198.5671,16.8986,46.6425,91.0418,77.1119,308.9867,326.0114,232.1129,156.9872,218.3773,33.8959,27.9715,72.8182,119.1327,105.3359,70.1469,118.5161,123.7142,86.3241,311.5072,187.3582,244.2483,27.8417,106.7,161.6446,248.9709,21.7925,16.6035,139.0987,47.1547,193.5695,82.7513,55.6287,211.8075,21.9909,229.1923,175.6481,29.0886,254.2316,230.6256,125.1461,147.9862,48.7833,1.2996,5.7506,108.4625,16.6897,60.1451,291.654,114.6827,226.5068,48.6577,120.3767,121.8461,200.7406,266.1494,23.8459,72.4573,97.8232,118.5505,82.7567,41.2794,4.325,118.7232,0.3829,172.9587,5.0
83.7152,133.0114,125.4879,245.8045,161.8842,58.0369,4.7927,0.0361,4.2898,80.3852,16.5352,0.087,31.3237,130.7841,87.2118,17.3556,5.1097,18.2174,102.3704,53.0369,1.5003,5.4069,0.1014,23.2144,71.0909,106.0691,84.8513,33.3087,206.6893,626.4815,32.5679,41.898,11.6042,66.4131,328.6186,0.6305,135.9122,47.8029,77.5173,298.8739,485.4162,284.8449,153.7448,28.4861,37.563,52.2664,40.18,209.4515,114.7338,26.0479,123.1049,114.3542,0.0891,626.9825,138.657,0.316,15.8878,38.2122,205.9367,360.9994,1.5293,15.8444,144.5295,27.8476,30.1366,103.1562,85.2482,210.3976,8.3949,199.4936,88.9139,4.4309,361.514,488.348,129.5837,147.6936,79.2444,0.245,0.3705,214.0255,20.8002,39.453,281.5029,208.6616,61.561,15.2884,76.3028,187.9208,131.0605,405.1645,10.0094,162.8194,99.8032,922.2589,121.3571,8.0506,0.1765,130.2971,4.6389,280.9009,5.0
3.3152,178.3288,34.9868,143.9194,284.6919,38.3447,4.9241,1.7301,8.6455,114.2997,19.7558,2.2694,25.1651,372.6963,162.7942,37.251,3.6945,27.9601,209.7624,170.632,8.596,29.7709,0.5054,33.3732,6.0486,39.6886,186.1811,82.9922,133.6393,646.4713,36.4097,45.8542,3.788,105.0504,664.7717,15.4485,38.367,188.9467,140.1143,692.2073,674.6821,898.3465,393.7152,10.8471,95.333,7.3398,53.0229,304.8295,218.1826,33.8303,260.7919,235.5128,53.4634,1319.0465,519.3813,107.2414,6.6787,60.1328,459.4588,707.7181,2.4307,1.0364,128.4027,19.4897,63.3096,213.9645,258.1513,482.5139,48.9981,263.0798,43.4428,18.4234,714.4068,131.4206,180.8127,318.5479,136.9117,0.3051,6.2425,175.1002,24.6227,129.2034,615.6175,430.8885,267.4002,12.0701,52.1649,481.9839,234.1491,683.5071,29.4881,290.5506,188.4328,219.6889,184.3641,4.9945,4.258,281.7278,5.9606,172.5629,3.0
427.5436,51.2454,20.5051,217.1349,23.9979,54.1234,12.2858,0.0435,3.1542,61.3566,39.5643,1.118,31.9198,137.9448,83.2197,11.5504,0.5526,46.2783,142.6231,88.4252,9.9551,114.1257,7.0752,22.4396,8.3075,81.6951,43.6555,28.6799,127.8528,476.6755,64.7901,41.0843,21.2812,77.8692,191.1275,19.6426,27.6454,138.6932,80.2945,306.6462,339.9596,230.1695,184.395,74.3287,12.3373,9.8081,25.2449,171.6143,176.2361,30.9445,93.365,104.7524,11.6772,557.4476,216.8475,41.5697,0.9871,88.6534,147.8921,270.9647,9.8185,123.6914,198.8732,63.29,102.1582,60.7259,164.3524,386.2193,37.142,201.9145,131.5653,17.2489,319.2597,260.7514,86.049,170.2755,49.9868,0.2296,1.9345,110.0957,17.2326,42.1648,166.2865,127.7691,105.0881,36.0,128.4853,197.31,149.1686,316.8992,21.2772,86.716,114.3767,197.8989,113.3391,10.9669,0.8627,85.5008,0.2867,155.3449,5.0
5.5336,107.1953,74.2455,251.6858,111.0058,60.068,6.737,0.7185,6.3434,45.3969,43.452,3.5357,38.622,157.5291,49.2031,7.0208,1.0991,98.7929,259.2635,146.1904,41.5275,21.1309,1.4099,12.7179,22.4677,95.6532,91.9972,60.9109,168.568,577.5614,72.3346,79.6441,34.7204,73.1029,308.9481,21.8355,65.6619,131.6798,99.9984,294.9117,477.2385,383.3458,486.468,24.8993,54.6344,47.062,61.8786,193.6214,220.4089,81.5837,122.3915,172.5465,10.964,434.1829,159.7314,20.7052,38.0243,67.6247,225.8507,373.365,23.6408,0.7312,169.0286,15.1999,78.3747,185.7169,111.0977,277.2946,52.6335,231.6468,217.4486,4.2663,305.226,270.7774,123.453,267.2892,76.5279,1.047,7.565,191.9772,34.1247,85.3066,394.3137,156.8945,144.5423,72.5952,77.8864,223.4433,387.4325,306.3087,34.918,122.2035,179.1713,42.26,237.7727,22.9874,31.7041,136.0522,2.8795,149.0936,2.0
44.0865,94.2963,86.4814,180.5558,90.668,47.5113,184.2415,0.4305,66.486,94.4434,41.9009,0.0529,41.6803,208.1048,113.8575,0.9478,0.3655,62.354,205.5369,118.1259,20.714,8.6319,3.9607,11.6867,28.1596,28.9503,62.5731,78.8325,285.6556,507.272,101.8163,81.6,18.7052,51.8533,396.0056,90.7493,33.077,105.4953,99.1771,360.5998,408.7985,441.9317,218.0819,36.6688,149.794,224.0768,13.8032,208.0978,280.3489,55.2862,130.725,188.5962,0.6713,437.2197,340.2905,1.4693,1.0748,79.5331,180.6526,415.1429,10.4399,106.898,152.4498,20.8454,105.6996,172.5034,180.1617,305.1469,98.0484,197.7299,204.7861,2.4241,288.7778,103.8652,123.8159,312.196,91.6706,0.1242,0.714,169.6469,81.1326,25.224,273.1039,144.5232,90.7521,35.6537,100.0939,175.5679,148.9844,294.6993,59.4168,130.4203,206.9299,60.9786,101.3041,248.4311,1.1191,158.5555,0.1659,189.8686,1.0
4.7688,61.5776,241.1646,240.5525,65.2504,55.4223,11.4847,1.4539,27.9353,59.6145,60.1909,2.3653,60.9641,140.3375,51.5427,3.0821,2.0511,154.8739,268.6764,70.9066,41.5149,12.7829,26.4018,39.0525,15.9729,549.282,45.8023,43.9587,273.6722,515.1997,83.1896,82.9942,31.6035,80.0597,216.3412,60.029,112.6077,116.8302,74.2823,429.6622,384.6865,295.1101,251.7246,81.7318,28.7907,71.9702,45.2223,136.3489,193.0628,83.1733,105.0301,138.7435,51.0937,529.9183,133.876,81.7536,1.1863,119.3948,169.4766,321.5326,18.8505,27.0322,139.9875,56.7241,83.0105,136.5121,100.5292,280.7131,40.8173,196.5545,388.4098,12.7443,253.8081,668.0085,137.5635,149.6525,96.929,1.5887,17.6631,157.4009,34.722,48.2071,251.5396,176.1253,115.1807,35.9851,176.0899,188.8798,295.762,366.9034,36.8943,92.5312,131.2773,140.6668,82.5925,133.3443,1.9607,218.0022,0.1995,203.3561,5.0
13.8162,99.3356,36.6781,755.166,43.9402,41.7245,65.647,2.0894,6.6978,94.5183,25.7892,7.3566,42.3921,160.7119,67.9228,21.6121,1.7166,55.6729,76.5277,83.607,14.1132,50.9187,0.9268,17.98,9.4143,47.5723,89.0663,69.1325,218.2118,563.0148,38.0246,66.1257,13.957,102.5721,183.7619,52.3269,55.4431,146.3089,88.4949,335.1389,357.9444,276.8213,287.3515,85.6425,35.6424,15.2419,46.3087,123.8145,191.5677,17.8557,92.5623,139.8921,32.4906,477.9802,201.3768,89.7766,13.565,52.8494,131.6524,339.1333,44.3951,53.5498,128.8919,12.0985,106.924,110.072,82.2,334.8479,64.6928,177.394,72.5204,2.0917,217.9898,370.4849,107.3288,207.3323,69.8183,1.6953,1.5532,153.3803,22.8824,61.7418,220.6614,102.8015,161.0258,17.0119,150.4058,146.5806,223.8895,498.4259,38.5411,106.8515,147.0968,253.7779,162.2654,31.972,15.1581,102.6755,2.9851,184.4121,3.0
